#{"t_start": 1761631769.0358315, "env_id": "PulleyEnv-v0"}
r,l,t
-126571.438764,1,1.133931
-117755.414836,1,1.133931
-101533.036002,41,1.35465
-127937.223841,49,1.634473
-179682.718463,25,1.767703
-126672.685054,1,1.779535
-140438.956803,55,2.078114
-117749.55924,1,2.078114
-144304.669785,1,2.091888
-118478.87041,30,2.265639
-121803.903145,25,2.391779
-122389.519578,33,2.580669
-207077.205932,102,3.126798
-117749.80105,1,3.132773
-135488.656234,1,3.142302
-117783.283263,1,3.148443
-145895.150518,105,3.714051
-111303.32124,34,3.880985
-163836.579818,1,3.89692
-137958.354021,1,3.89692
-117748.753514,1,3.912771
-117906.094561,37,4.108371
-119673.801973,41,4.356172
-172927.869976,2,4.367014
-201318.304239,31,4.532335
-165914.08377,92,5.052398
-119124.311028,57,5.35473
-156023.321214,1,5.35473
-112231.309837,17,5.449929
-135515.592178,1,5.449929
-117648.019369,1,5.465703
-130081.466278,59,5.766605
-120177.309126,34,5.956427
-111180.358138,33,6.130235
-117750.516936,1,6.130235
-113761.320026,27,6.282223
-117851.461746,1,6.288693
-108588.336581,40,6.494962
-121975.134786,36,7.094818
-153815.964261,21,7.488245
-159040.879597,96,9.245955
-113389.85712,17,9.542141
-152152.127265,16,9.837176
-111519.499903,20,10.197539
-133935.524926,62,11.35232
-117646.791621,1,11.362469
-112231.453967,17,11.677407
-109211.755473,25,12.144048
-155217.306528,1,12.166164
-117750.133315,1,12.187981
-171347.480826,50,13.152198
-117772.564873,1,13.172358
-138023.407578,36,13.86581
-166620.74975,2,13.896436
-107130.388546,34,14.481412
-155162.466403,1,14.508383
-126570.037978,1,14.52897
-139564.489814,21,14.927124
-117888.215856,35,15.571725
-112539.541625,18,15.908487
-126087.436824,42,16.706837
-143687.429473,21,17.092206
-119637.829928,28,17.64887
-114236.186817,16,17.964683
-135587.544172,1,17.983165
-141314.25372,67,19.281662
-110577.338181,21,19.68402
-138512.720034,63,20.868786
-126605.072277,1,20.893042
-129002.937124,63,22.079362
-134330.40913,35,22.752952
-125874.165402,33,23.383003
-115387.490761,18,23.727001
-143441.017,1,23.751328
-134547.445817,30,24.333499
-128101.94525,54,25.379326
-119113.232269,49,26.300161
-111487.985106,15,26.598204
-136678.307384,1,26.617022
-127186.991407,22,27.025673
-161251.755266,14,27.292774
-110621.804316,12,27.518149
-152608.67619,1,27.548557
-135495.371225,1,27.569923
-117849.700001,1,27.589433
-118744.095213,21,27.994051
-117855.527581,1,28.004099
-126781.002679,1,28.024729
-106347.694091,20,28.402442
-170394.27332,11,28.618174
-135401.987652,41,29.392026
-181502.881997,98,31.28814
-110888.220914,19,31.668176
-117756.957612,1,31.692574
-107386.120131,30,32.263864
-135489.26917,1,32.290673
-126945.852774,45,33.166044
-128837.94346,45,34.031298
-107088.030584,16,34.362641
-212990.944317,92,36.152357
-118082.952706,19,36.515525
-107415.640019,15,36.819658
-139467.891919,51,37.843518
-201500.104895,3,37.898341
-117745.657879,1,37.916552
-150308.869277,1,37.943537
-135508.684671,1,37.957365
-108930.032651,26,38.445359
-164980.030667,73,39.875275
-216983.347501,229,44.121241
-107992.321113,28,44.664917
-122811.427565,18,44.999442
-126197.184697,91,46.777259
-153263.707469,1,46.797838
-134410.500649,45,47.679385
-111835.970927,15,47.942199
-140166.672938,32,48.484506
-110487.164567,34,49.058004
-140306.759337,19,49.382492
-142088.73195,72,50.662914
-123262.661569,33,51.283991
-154611.088559,250,55.897
-155480.378646,1,55.914252
-143930.532161,1,55.945535
-169066.37325,140,58.707409
-117785.37322,1,58.725573
-109621.055686,250,63.157
-228146.074237,250,67.759856
-202884.528861,189,71.563728
-144427.162292,1,71.583007
-83119.816231,250,76.367285
-170899.045294,169,79.410663
-155978.573954,250,84.088666
-146790.341713,1,84.106667
-172563.269849,2,84.140624
-126669.92882,1,84.163277
-199242.672513,245,88.841937
-167863.533257,126,91.235462
-103569.993682,250,95.931316
-185245.067728,229,100.340214
-135528.763533,1,100.358132
-125443.73861,250,104.674809
-107749.307247,250,109.171863
-106930.46932,250,113.632321
-90975.597365,250,118.03977
-80018.381408,250,122.450994
-206061.645608,217,126.226334
-151027.190887,172,129.309467
-101495.906232,250,133.729214
-112072.918703,250,138.168706
-206214.602581,236,142.403174
-96305.95725,250,146.770063
-137270.212208,1,146.786104
-50416.462885,250,151.16292
-126274.760765,71,152.454173
-150152.006511,220,156.411262
-146813.981927,95,158.087157
-135609.259511,1,158.101897
-190235.447274,185,161.283291
-147402.684923,95,162.958427
-126245.735897,94,164.615833
-135522.875302,1,164.636443
-135514.050163,1,164.657604
-195433.071808,210,168.378058
-123986.233785,34,168.971379
-204032.147779,241,173.136378
-116725.710978,250,177.364578
-135390.631219,1,177.377372
-128834.136233,250,182.385171
-165851.977293,116,185.148557
-135398.225303,1,185.173993
-135502.824293,1,185.199918
-125026.635603,72,186.944546
-157014.695722,107,189.747206
-135400.676268,1,189.757218
-196796.774785,2,189.807852
-117745.518782,1,189.848445
-131318.342253,52,191.206286
-83020.46179,250,197.458418
-126464.521955,1,197.478846
-135126.918897,37,198.44561
-126568.024912,1,198.47585
-128577.965605,61,200.097982
-180452.30025,86,201.892001
-165402.645122,135,205.258899
-138667.199525,1,205.274601
-138156.153325,73,207.009192
-160630.605064,143,210.729317
-157812.628935,87,213.095729
-147364.861259,47,214.278242
-151249.240936,1,214.306879
-155196.703779,114,217.170966
-157582.788065,110,219.955314
-123469.096993,52,221.217535
-180651.707164,182,225.726112
-145790.087601,46,226.855941
-151154.83045,113,229.559217
-168807.823835,52,230.827724
-150788.832635,115,233.681399
-182277.070228,222,239.286546
-135512.833725,1,239.321235
-132619.44839,118,242.181787
-166106.885004,2,242.233157
-180060.695816,118,245.294401
-148777.204465,250,251.690052
-144335.809711,1,251.710822
-137031.560832,250,257.940042
-86936.257641,250,264.245866
-176010.824912,2,264.303223
-135519.943769,1,264.333521
-145945.03274,83,266.475673
-154188.422295,1,266.496635
-117843.585727,1,266.518666
-172003.437265,183,270.978083
-118466.066592,250,277.774626
-90795.142487,250,284.32892
-122972.259831,250,290.761065
-129483.776969,250,297.458306
-61070.65805,250,304.000654
-83072.851111,250,310.774893
-55665.301724,250,317.300321
-27105.968902,250,323.997089
-112486.481023,250,330.660468
-55312.396895,250,337.355263
-133603.882277,250,343.754261
-77994.771758,250,350.166258
-117758.057471,1,350.186774
-126671.973088,1,350.209325
-56199.015088,250,356.325499
-44449.444366,250,363.563021
-134604.836558,1,363.601461
-201922.30367,250,370.186018
-147479.904981,250,376.690511
-39212.603716,250,382.769438
-120650.559786,250,389.419936
-135392.44419,1,389.450276
-117864.376056,1,389.490784
66184.293166,250,396.413185
-117745.700342,1,396.440367
-136026.571106,250,403.232157
-158473.755141,250,409.565146
-150165.663039,1,409.593766
23060.785939,250,415.36716
-117870.149404,1,415.387647
-105388.194626,250,421.58261
-135499.494496,1,421.61696
-132075.670655,250,427.911556
-117753.188935,1,427.942115
39954.812575,250,434.253926
-139345.492303,250,440.508145
-128167.527082,250,446.287919
-61571.700766,250,452.408668
-138220.959262,250,458.839369
-181822.677728,250,465.034357
-122254.076897,250,471.382302
28564.063459,250,477.355411
50412.430464,250,483.57347
46783.367694,250,489.709366
-113804.073803,250,496.530728
8902.047165,250,503.124557
-124748.15154,250,508.771924
138032.158643,250,514.720957
-119100.958523,250,520.337493
-178236.618808,250,526.152692
-48605.487886,250,532.372904
53644.898301,250,538.770041
-176598.89915,250,546.213069
90948.140185,250,553.126424
-123061.387125,250,559.947827
-159018.915547,250,566.231633
-187818.909562,250,572.757236
-155617.747363,250,578.949498
-123063.823613,250,585.054845
-30449.379322,250,591.112091
1437.682613,250,597.622892
164550.394736,250,603.917628
-22640.931825,250,610.269194
-152498.11016,2,610.324725
-155809.127701,1,610.363579
-117651.711421,1,610.38782
162210.958481,250,616.553819
-147082.692592,250,622.763837
-155878.87074,1,622.791859
-119235.758709,250,629.163094
125229.802785,250,635.792008
64906.7545,250,642.362737
-135490.243199,1,642.380136
224525.571941,250,648.498981
87417.339861,250,654.131077
-135513.130792,1,654.151628
-152620.426429,2,654.201825
-126578.262225,1,654.22448
-126583.13061,1,654.246785
366082.617217,250,660.3117
41522.221847,250,666.636873
-154057.4083,1,666.660111
75386.099537,250,672.835941
-82372.06235,250,678.955648
-91347.712693,250,684.963048
-14441.014331,250,691.133264
-135502.771823,1,691.164172
123302.907029,250,697.377674
-139518.311602,250,703.836374
-2859.138435,250,710.11034
209509.051938,250,715.964683
-135520.220166,1,715.986751
25799.222013,250,722.073232
-117865.742514,1,722.110212
-120727.402,250,728.329302
177760.291316,250,734.549733
-135495.323649,1,734.570486
-173899.864451,2,734.616042
90833.527779,250,740.795199
-147635.928335,250,747.01392
227095.847094,250,753.272629
-123856.055362,250,759.485773
161326.660849,250,765.425735
-126774.707054,1,765.443795
-144422.915,1,765.479038
99399.400428,250,771.926535
-127192.264152,250,778.658816
-112799.855278,250,784.65735
291407.931812,250,791.102589
-117765.128621,1,791.143662
-135491.259133,1,791.174272
184012.392361,250,797.33556
-135832.611074,250,803.742334
130587.996967,250,810.135597
216986.32346,250,816.433101
-128838.675805,250,822.786767
123304.938754,250,828.900595
-115928.877428,250,835.390513
-117766.048061,1,835.413922
253531.17699,250,841.906526
544979.610919,250,848.235745
393895.557992,250,854.653032
-118432.416301,250,860.845501
-130006.542891,250,867.281428
132279.065186,250,873.711529
-126673.58316,1,873.732315
-131127.713012,250,879.948412
-113610.956015,250,886.275884
301179.691117,250,892.616144
275538.888131,250,899.2436
-78817.523067,250,905.127183
-132507.944657,250,911.535811
-117750.505117,1,911.558107
274430.187905,250,918.036002
-174220.612182,3,918.130181
-135513.833777,1,918.164777
282209.762409,250,924.20445
-135399.954918,1,924.22919
-135407.483034,1,924.25489
-133423.130273,250,930.503493
451586.013541,250,936.992305
178238.207654,250,943.340579
30124.175431,250,949.431533
232263.127152,250,955.656289
-135389.273265,1,955.675665
-126503.178191,250,961.899292
-115348.444485,14,962.343401
349118.463441,250,968.816373
-144306.563579,1,968.84866
-111302.02963,250,975.393147
289052.246227,250,981.456126
123578.483963,250,987.851682
-126669.862676,1,987.876627
86530.849937,250,994.112788
-116384.248602,250,1000.386629
253949.280543,250,1006.479759
250990.088394,250,1012.807976
-125564.280637,1,1012.82879
-158751.836968,250,1019.138479
-135996.648112,1,1019.1694
312897.266897,250,1025.436855
-116033.951818,250,1031.799692
480353.006639,250,1037.996656
-117749.941658,1,1038.031408
-144322.745405,1,1038.053059
-113070.030757,250,1044.342036
500780.736329,250,1050.489573
-117848.842457,1,1050.509887
266594.331499,250,1056.914169
-92642.515258,250,1062.92369
295132.875413,250,1069.014433
-115702.155314,250,1075.50572
-166426.350297,250,1081.998404
-126690.454616,1,1082.016515
-123406.562462,250,1088.265703
230153.083507,250,1094.551779
271842.44133,250,1100.949811
395760.309822,250,1107.286315
-146446.312654,1,1107.312947
636822.49701,250,1113.808939
518339.99833,250,1120.224959
-9444.50026,250,1126.475563
300477.407819,250,1132.570983
663390.978615,250,1139.187571
734043.039716,250,1145.160442
-126699.145427,1,1145.190177
651636.00463,250,1151.428726
400961.306921,250,1157.777122
168038.710735,250,1164.088074
230443.640204,250,1170.332479
-170379.792897,250,1176.683721
473423.770376,250,1294.921443
-155827.555078,1,1294.950077
872740.906711,250,1301.142281
-117843.463381,1,1301.163043
6000.980395,250,1307.470275
90801.19592,250,1313.688974
-150252.950851,1,1313.709074
-158820.818877,2,1313.759543
-145048.841889,250,1320.191729
-144418.835266,1,1320.233998
358064.459556,250,1326.775169
-138664.244037,250,1333.128749
-125368.678125,250,1339.605891
323504.864541,250,1345.907688
-135585.713171,1,1345.930611
-135502.790647,1,1345.949877
-117744.928258,1,1345.974604
330126.449254,250,1352.304079
-186661.991863,2,1352.373218
305568.060513,250,1358.572928
886478.753821,250,1364.957497
313748.96005,250,1371.341958
343815.33732,250,1377.412486
22712.674701,250,1383.579138
-128628.776477,250,1389.812047
753256.857057,250,1395.937423
-117751.405875,1,1395.968239
918538.658701,250,1402.067892
254130.005378,250,1408.3261
-126569.810471,1,1408.347239
-133047.299581,250,1414.664022
291890.56373,250,1420.850925
-135590.560387,1,1420.881954
791013.940454,250,1427.153188
-135488.813819,1,1427.201314
702018.211902,250,1433.562791
483025.847197,250,1440.063319
-143309.0807,1,1440.098607
13390.068033,250,1446.29127
312447.172759,250,1452.385214
475935.050546,250,1458.338973
793132.236325,250,1464.429554
581674.52167,250,1470.608651
451606.609984,250,1476.986943
451241.198204,250,1483.04723
100458.675073,250,1489.413967
1082079.393789,250,1495.783766
-117848.578542,1,1495.804398
413083.526008,250,1502.049747
447863.000533,250,1508.303518
647624.669255,250,1514.393136
-117850.370419,1,1514.409486
635398.622527,250,1520.705438
405388.344823,250,1526.754231
-144217.271256,1,1526.777247
-128754.873313,250,1532.670822
428799.715946,250,1538.618109
385491.812041,250,1544.669624
476890.406313,250,1550.631123
318346.251469,250,1556.804737
1055043.585966,250,1562.939107
649820.14595,250,1569.207355
709281.763461,250,1575.479921
-126681.627955,1,1575.513632
641514.870508,250,1581.5786
720799.083837,250,1587.930854
-144408.801575,1,1587.964707
404702.14273,250,1594.355445
-95124.419258,250,1600.515063
286366.128786,250,1606.825958
601329.649449,250,1612.964714
-101338.117544,250,1619.235112
362453.551863,250,1625.219038
-126575.797496,1,1625.249517
-117746.823116,1,1625.270139
-126574.613815,1,1625.299063
467496.493715,250,1631.681381
1016869.542522,250,1637.740472
821060.550545,250,1643.716538
129174.805723,250,1649.848784
361718.123198,250,1656.052082
708350.821705,250,1662.041956
-190510.965208,191,1666.620705
116654.082811,250,1672.692606
124176.835338,250,1679.130106
789115.731541,250,1685.108702
886692.646663,250,1691.022491
207590.108972,250,1697.339049
-135495.405311,1,1697.373667
876514.845667,250,1703.349744
595195.097609,250,1709.635157
627986.792591,250,1716.099252
336978.359057,250,1722.301883
-128050.099171,250,1728.504877
-87951.196137,250,1734.508621
271093.101121,250,1740.766609
-69017.947509,250,1746.941331
984406.271603,250,1753.323965
-117747.509414,1,1753.340373
-126674.666346,1,1753.370566
93195.082027,250,1759.632963
-103767.769891,250,1766.361782
298009.743919,250,1772.889288
295625.821656,250,1779.33729
357829.771393,250,1785.553734
1163933.712478,250,1791.884848
790920.068344,250,1798.288085
-117751.745473,1,1798.308875
-150787.132141,1,1798.337708
-135493.511245,1,1798.36573
957864.872529,250,1804.641091
1263649.840922,250,1810.933307
-134379.865503,1,1810.953436
-159464.613408,2,1810.993867
-182633.434978,2,1811.034892
1021125.532599,250,1817.351164
1033700.264644,250,1823.456366
83401.000957,250,1829.782028
1190560.242568,250,1836.08602
1150521.927136,250,1842.495437
527651.732779,250,1848.617034
439876.701887,250,1854.824614
856291.455705,250,1861.020914
264771.78043,250,1867.112186
402219.202559,250,1873.185434
-126586.755592,1,1873.225776
439158.810774,250,1879.294111
-117749.1625,1,1879.317851
644611.590213,250,1885.476613
997120.370067,250,1891.467061
-135495.705597,1,1891.499598
438725.664918,250,1897.712065
148714.174362,250,1903.808905
-119449.824205,250,1909.87349
-151749.990268,1,1909.894011
436972.75572,250,1915.915627
865089.766509,250,1921.954693
-117861.857668,1,1921.980371
-117744.972833,1,1922.00464
-124627.696789,250,1927.999551
665623.837798,250,1934.090611
-117747.118887,1,1934.114323
766056.684436,250,1940.097229
-117743.859958,1,1940.131805
609434.701518,250,1946.512151
713234.011258,250,1952.772632
-117770.558237,1,1952.794925
-144320.111935,1,1952.81897
-117760.045763,1,1952.843124
-126594.009791,1,1952.868049
-117852.797279,1,1952.889562
-144307.072207,1,1952.915857
-123182.927935,250,1959.12309
-198263.331977,3,1959.199641
1043283.7062,250,1965.487836
920828.659379,250,1971.874788
446426.568332,250,1978.018326
481892.236273,250,1984.162017
878315.941887,250,1990.436874
763446.850525,250,1996.51408
-164718.114547,2,1996.564875
982830.851484,250,2002.597887
309416.431667,250,2008.762095
-138105.632585,1,2008.792743
845312.203697,250,2015.045911
-109600.641283,250,2021.296418
-123835.924845,250,2027.605248
617766.377646,250,2034.025713
-135406.429083,1,2034.054534
-135504.3024,1,2034.076378
-135536.292458,1,2034.106256
666583.744191,250,2040.468787
705023.331344,250,2046.515845
-39056.945838,250,2052.772831
391601.621425,250,2058.941115
794751.67238,250,2065.430861
809151.340021,250,2071.80912
392425.848237,250,2077.993275
533824.345825,250,2084.413404
921490.186614,250,2090.532324
396305.973515,250,2096.869287
631187.791403,250,2103.044503
-153477.506642,1,2103.066783
1494668.11335,250,2109.235788
-109489.277897,250,2115.667268
99340.348666,250,2121.922352
697493.150458,250,2128.089649
623081.461349,250,2134.11628
555389.283127,250,2140.144046
1409733.210806,250,2145.986511
-126684.259857,1,2146.007123
977145.742095,250,2151.666536
662517.198602,250,2157.663596
926471.23715,250,2163.725711
-166179.524439,2,2163.767012
847588.551775,250,2170.040865
302370.891856,250,2176.194581
799841.305833,250,2182.160823
577232.130487,250,2188.516347
-170270.736606,250,2194.658064
981098.496075,250,2200.825622
813908.6405,250,2206.819115
-117754.205389,1,2206.839718
1153980.750317,250,2212.959931
828906.080774,250,2219.159168
949483.844908,250,2225.467476
1260372.618015,250,2231.734375
-181031.297679,2,2231.786477
-126590.194981,1,2231.81746
833608.256154,250,2238.673605
445524.829657,250,2244.858789
884369.070165,250,2250.91471
1166438.029901,250,2257.032554
1098517.162932,250,2263.067413
729703.44138,250,2269.020591
-120207.561717,250,2275.469918
531995.212714,250,2282.20658
712841.96114,250,2288.378865
-138183.392678,1,2288.399329
732916.029649,250,2294.719362
-135498.116433,1,2294.739683
353769.60822,250,2301.461296
909700.309694,250,2307.802883
1122025.937291,250,2314.11393
250813.337912,250,2320.542141
849990.05879,250,2326.576863
-120509.899507,250,2332.741773
982295.687558,250,2338.809186
-117654.876573,1,2338.828625
-151866.348461,250,2344.830918
1539398.380546,250,2350.87179
319314.512738,250,2357.163745
-117747.381503,1,2357.194539
-155934.535075,1,2357.220951
-117761.687731,1,2357.244975
-117657.502764,1,2357.275886
-122457.106999,250,2363.595995
-126606.284855,1,2363.62651
1017211.393746,250,2369.884688
-126590.749659,1,2369.916883
-126500.072298,1,2369.957113
-117750.269703,1,2369.998284
1255919.380735,250,2376.111228
1462185.566225,250,2382.245957
573593.615574,250,2388.320379
745526.747511,250,2394.532998
1120639.188189,250,2400.61126
-155905.455251,1,2400.642079
-126579.800899,1,2400.6625
1275634.132418,250,2406.578555
588653.347186,250,2413.656143
-147878.986078,250,2420.414726
663008.689735,250,2427.737802
-126562.474431,1,2427.777391
-117850.321207,1,2427.813661
-135491.895069,1,2427.841766
-120813.710804,250,2434.9633
1018543.321671,250,2441.131628
674949.463477,250,2447.556526
-137222.547132,1,2447.592999
-117768.638875,1,2447.624854
1382221.452201,250,2453.777303
626590.399543,250,2460.026092
1010050.834819,250,2466.777542
778407.619964,250,2472.909064
1564198.204157,250,2479.021755
465364.353078,250,2485.202214
759420.090629,250,2492.121023
47900.962956,250,2498.94037
-117757.02989,1,2498.953624
866200.976271,250,2504.845358
-134315.98715,250,2511.629485
-135492.049249,1,2511.660008
1075532.557469,250,2519.065276
751198.735218,250,2526.027524
1044385.589439,250,2532.431505
-108919.184527,18,2532.872596
1252494.459229,250,2539.165983
1599737.705748,250,2649.282939
-126566.84758,1,2649.305201
-135502.300934,1,2649.330162
1184013.858163,250,2654.360299
1923008.314775,250,2659.21317
723529.393709,250,2663.981964
1620793.336101,250,2668.779652
-149934.549693,250,2673.459055
1116480.760176,250,2678.021679
831518.832827,250,2682.649096
784956.366739,250,2687.326823
-117747.801702,1,2687.347491
1149483.21483,250,2691.884603
-118003.950837,250,2696.914038
-126704.995216,1,2696.94092
956646.388567,250,2702.044705
1613417.344281,250,2706.628019
-92105.085759,250,2711.124984
738249.959859,250,2715.736974
-136818.382666,1,2715.762582
1376292.03491,250,2720.505952
-115619.780608,250,2725.523526
-144306.594757,1,2725.547872
1361289.262505,250,2730.330366
-100135.216586,250,2734.927582
1309364.343184,250,2739.367743
1474928.027165,250,2743.926458
1198584.640698,250,2748.978545
980888.489688,250,2753.919661
1243700.706834,250,2758.499237
408946.223028,250,2763.456532
1498552.591129,250,2768.254529
-130917.083077,250,2773.07007
1358176.034879,250,2777.503474
862509.483953,250,2782.065616
1134297.655447,250,2786.637403
1113932.643044,250,2791.103205
2000942.95486,250,2795.947435
-163596.221544,2,2795.980546
-105492.595302,13,2796.223436
2191474.999533,250,2800.891256
1754443.466748,250,2805.46355
-140974.250954,250,2810.030721
1620107.004275,250,2814.533201
834537.529876,250,2819.057367
1642384.067176,250,2823.698271
1797735.33049,250,2828.217728
803743.079003,250,2832.970257
1635080.108401,250,2837.857965
-135494.610856,1,2837.883516
2300229.812504,250,2842.632446
1645403.95578,250,2847.122778
-142306.621821,1,2847.143331
1159686.362673,250,2851.48038
1848057.658351,250,2855.788509
2519025.276299,250,2860.234898
2084737.049379,250,2864.838162
1522329.368972,250,2869.308608
-146323.908321,1,2869.328746
-137651.500471,1,2869.355101
-160361.3047,1,2869.369575
-135489.228883,1,2869.389925
1824480.785869,250,2874.084634
1567361.43673,250,2878.707532
-117755.556632,1,2878.717908
1519571.687489,250,2883.14053
-135386.708749,1,2883.160918
2576779.529233,250,2887.980799
2639095.978802,250,2892.585209
-127414.348129,250,2897.320243
-155995.600595,1,2897.356587
1267644.682986,250,2901.920539
-117772.599861,1,2901.930616
2076299.504432,250,2906.704859
1847896.671832,250,2911.505582
2334888.7299,250,2916.117847
2127719.150944,250,2920.817274
2825695.412251,250,2926.030518
1665036.694838,250,2930.626224
2575155.954137,250,2935.363456
-135601.821009,1,2935.384041
998973.359989,250,2939.967626
1340420.804933,250,2944.617001
2042342.428946,250,2949.090729
1450514.893926,250,2953.699923
1421436.519243,250,2958.259668
-135419.724875,1,2958.279753
-144526.355082,1,2958.300244
1565144.598981,250,2962.97886
2415174.987712,250,2967.515698
1984556.638013,250,2972.261266
1374800.638126,250,2977.204521
-126572.947244,1,2977.225069
-127090.770404,250,2982.130594
1624506.902215,250,2987.205648
-117847.926135,1,2987.226116
128077.012445,190,2990.49174
1349790.445133,250,2994.999558
-135418.875133,1,2995.03994
2763901.440772,250,2999.561599
2787208.39126,250,3004.120422
3100784.773504,250,3009.05305
-138246.461166,1,3009.073393
-117762.21531,1,3009.093686
-126597.518021,1,3009.113955
1076638.09106,250,3013.551349
1994843.020333,250,3017.972089
-126685.243821,1,3017.996562
1613222.084951,250,3022.375968
2497068.942501,250,3026.976975
2515431.638857,250,3031.644058
-117853.004749,1,3031.667409
-117850.230538,1,3031.68917
1126082.484058,250,3036.16414
-125566.381746,1,3036.184597
1704173.23729,250,3040.88701
2591619.8143,250,3045.141368
-134472.062434,1,3045.161636
-135522.225421,1,3045.181876
-117744.652607,1,3045.202125
1804631.360314,250,3049.552347
-144498.030543,1,3049.570408
-196661.213362,2,3049.6065
2575471.147989,250,3054.082143
2183420.309787,250,3058.429151
-117788.574772,1,3058.439194
-135577.874673,1,3058.463422
1817235.734387,250,3062.969432
-117744.000644,1,3062.979827
-161685.016097,2,3063.029541
2566691.601598,250,3067.361694
1175391.441919,250,3072.671385
-135595.372947,1,3072.69967
-135448.891218,1,3072.725677
-135397.119074,1,3072.740387
2586841.342422,250,3077.589275
739123.526082,250,3082.007012
-135495.868113,1,3082.02738
2737707.989032,250,3086.283901
2395380.536273,250,3090.527681
1882036.234924,250,3095.06154
3007247.641313,250,3099.310406
2743773.818596,250,3103.700573
1524784.9507,250,3108.053847
2667160.602746,250,3112.815987
-117811.299916,1,3112.834136
2416049.922661,250,3117.37363
-117842.587305,1,3117.393965
-171025.253939,1,3117.409168
1099627.565782,250,3122.236375
2212968.958214,250,3126.860957
-117750.528522,1,3126.881341
3111568.150626,250,3131.695464
2453426.96526,250,3136.618653
1997405.643848,250,3141.319292
412284.306616,250,3146.011983
-150150.297796,1,3146.032364
1835973.139774,250,3150.711927
-135507.494526,1,3150.727804
2756288.191191,250,3155.508709
1827299.316527,250,3160.339319
2499389.375351,250,3165.17496
2474978.420422,250,3169.931322
1745171.523392,250,3174.712463
2977247.91748,250,3179.500579
-117855.023011,1,3179.520904
2759503.421738,250,3184.333262
2742263.633121,250,3189.140449
2959543.442162,250,3193.852057
2230346.692193,250,3198.58413
-117864.782535,1,3198.606166
2920763.670357,250,3203.323031
-117787.171604,1,3203.341078
3121131.524637,250,3207.892462
1719046.215733,250,3212.699486
2828341.761603,250,3217.099845
1550418.485134,250,3221.754346
2322716.580813,250,3226.592506
1729578.799064,250,3231.442888
2896317.826341,250,3236.545687
3093075.188647,250,3241.546582
-164491.065598,1,3241.569194
3073003.905402,250,3246.229781
2628397.736751,250,3251.13341
-126690.930687,1,3251.150484
2570364.225178,250,3255.625524
2051410.506373,250,3259.940066
2900391.41127,250,3264.265012
3358949.996192,250,3268.772276
3482452.659826,250,3273.657732
965076.404612,250,3279.555379
-117750.472059,1,3279.577444
-135609.409096,1,3279.602465
-135495.748821,1,3279.627064
2207664.85755,250,3286.173575
2573585.715978,250,3292.289033
3243950.307115,250,3298.400903
-117747.431649,1,3298.429984
2381646.702926,250,3304.289093
3427985.749876,250,3310.191208
1086895.073511,250,3316.324896
3187392.190457,250,3322.101133
1297364.341322,250,3327.996868
2360624.8745,250,3333.841905
3038592.297829,250,3339.748136
-144526.251706,1,3339.779854
2585681.154644,250,3345.868264
-126721.373996,1,3345.891786
3110186.757312,250,3351.74058
-154468.878964,1,3351.762511
2827111.544425,250,3358.335787
2982359.22875,250,3364.555824
-155975.93984,1,3364.580709
2156492.185203,250,3370.37714
2064996.744598,250,3376.657056
-135403.167451,1,3376.716728
-144408.519322,1,3376.759938
-157986.560357,1,3376.80112
1159735.534484,250,3382.731142
3173757.223393,250,3388.253618
2139693.929627,250,3394.300709
2694107.510496,250,3400.757433
-144338.523104,1,3400.781302
3568846.509131,250,3407.265693
-135504.650858,1,3407.291516
-126572.305471,1,3407.313966
2754046.390897,250,3413.496878
-151899.669941,1,3413.527602
3260857.943847,250,3419.68237
-135386.489076,1,3419.70474
2921545.999407,250,3425.777701
2294036.061046,250,3431.849568
-135497.725012,1,3431.883147
-135387.215458,1,3431.901393
3099264.746359,250,3438.229603
2612315.450728,250,3444.458315
1639745.143932,250,3450.742551
2413765.849837,250,3456.879133
3402635.973056,250,3463.058402
3214541.837857,250,3469.121871
1178544.951294,250,3474.966448
-117884.580768,1,3474.996855
3226923.645321,250,3481.063642
3321045.719069,250,3487.057846
-135659.024032,1,3487.083771
1435513.936997,250,3493.245157
3179934.57281,250,3499.545458
2276109.537778,250,3507.697333
2121106.851818,250,3513.943622
3039187.732346,250,3520.185068
-135489.124187,1,3520.227976
-149944.925686,1,3520.25064
3074062.802712,250,3526.566165
2676178.552299,250,3532.811519
-135592.51471,1,3532.850849
-117744.11341,1,3532.878429
-126581.798213,1,3532.898654
-135500.107396,1,3532.92986
1482607.496745,250,3539.341096
-126674.262203,1,3539.372233
2712024.462002,250,3545.514331
-155316.803699,1,3545.552795
-137174.911912,1,3545.585898
-135384.642815,1,3545.616339
-134306.882361,1,3545.639476
-154878.703722,1,3545.656448
-155850.42008,1,3545.678506
2260489.064122,250,3551.963001
3039240.725079,250,3558.173744
2500957.842182,250,3564.272246
3142084.290261,250,3570.349213
3177329.380665,250,3576.51571
1065003.0375,250,3582.841976
3069039.175833,250,3588.871334
1641050.189166,250,3594.998142
2676205.202159,250,3601.032299
2649713.555874,250,3606.936837
2402765.76202,250,3612.917922
-126671.993559,1,3612.942061
2193883.491501,250,3619.144235
2119121.997465,250,3625.138267
-210278.835446,3,3625.215683
1557464.087951,250,3631.191187
-149388.173175,1,3631.206227
-150827.31163,1,3631.237497
1813853.281706,250,3637.276739
3076798.772155,250,3643.388927
2452025.111913,250,3649.630289
3453518.274366,250,3655.86098
3171320.574725,250,3661.856789
3175802.923047,250,3668.093241
2176581.113574,250,3718.813027
1866840.99174,250,3725.150681
-144472.386247,1,3725.180445
3487508.329893,250,3731.466351
2623881.892197,250,3737.810382
2725889.294672,250,3744.071809
2827062.606224,250,3750.469027
2797118.121489,250,3756.592652
3232566.665846,250,3762.921499
-135622.131618,1,3762.937479
3712614.183866,250,3769.334342
2155258.225162,250,3775.670955
879021.736865,250,3781.913723
3055779.990352,250,3788.105661
2293843.661637,250,3794.402319
1533652.541635,250,3800.564245
1924730.249756,250,3806.712176
2489697.418357,250,3812.733786
2795121.242903,250,3818.762869
3461887.319307,250,3824.914738
3078794.619349,250,3830.724047
-117751.999957,1,3830.739981
2626565.122331,250,3836.763747
3074465.49264,250,3843.034196
3709211.816293,250,3849.132903
3131520.26571,250,3855.275402
2538062.718639,250,3861.575166
2840237.151461,250,3867.69561
632933.764607,250,3873.832564
-139999.189838,250,3879.996988
-144466.143804,1,3880.024255
-178960.869996,2,3880.07841
2795251.077735,250,3886.160444
814234.371726,250,3892.171918
3027315.166173,250,3898.251356
2477847.205585,250,3904.768755
-133484.406206,1,3904.798446
-135499.01546,1,3904.829441
2936055.442539,250,3910.758422
2339667.783585,250,3916.855613
-205284.899535,3,3916.921441
3231511.073231,250,3923.078719
3180632.325227,250,3929.320516
3141304.078602,250,3935.409822
3151532.033023,250,3941.672858
-151935.994058,1,3941.687857
1745004.4056,250,3947.787741
2390816.832291,250,3954.063946
-126666.12425,1,3954.096036
3487113.907515,250,3960.23899
3620692.50734,250,3966.488774
3110212.75504,250,3972.735679
3444431.590832,250,3978.948795
1530297.174813,250,3985.374997
3334921.62548,250,3991.650223
-155595.4358,1,3991.669041
3696652.922261,250,3998.096942
3258104.243278,250,4004.246228
-126577.212555,1,4004.268762
-135523.210889,1,4004.289027
2415300.123002,250,4010.463
-117757.526955,1,4010.481377
773703.717128,250,4016.706537
-135636.056214,1,4016.740574
3361285.72254,250,4022.806397
1467951.801471,250,4028.967304
3021137.656282,250,4035.240254
-117860.990989,1,4035.260557
3230512.173533,250,4041.72058
2673681.731606,250,4047.830885
2560724.256778,250,4054.022241
2561459.32464,250,4058.648333
985346.090715,250,4062.993396
-135601.1773,1,4063.003403
3358568.902834,250,4067.583975
1106821.767392,250,4072.441778
-160242.248131,2,4072.482939
-126474.93937,1,4072.50543
2770868.579536,250,4077.325987
3533394.269571,250,4082.199745
2449087.869833,250,4087.107379
2548364.464478,250,4091.961401
2996165.759249,250,4096.817176
850921.263636,250,4101.732296
1935881.903905,250,4106.591455
-117759.009461,1,4106.611803
2632560.839234,250,4111.509191
-135659.40852,1,4111.531409
2681766.210473,250,4116.422655
2310071.681335,250,4121.340726
-138179.877803,1,4121.358955
3256092.005581,250,4126.261102
3052073.812617,250,4131.072207
1137555.546682,250,4135.881315
-126672.969389,1,4135.90141
3668403.987055,250,4140.619275
2787514.239645,250,4145.49921
2608506.019414,250,4150.443842
2889280.942401,250,4155.292189
1642303.949025,250,4159.948138
2243076.385819,250,4164.610268
2928736.587275,250,4169.322452
-135493.558215,1,4169.352208
2628897.753245,250,4174.101082
-155925.238937,1,4174.122631
3251588.032121,250,4179.007629
3227534.993148,250,4183.8438
2758733.451548,250,4188.650826
2589021.38289,250,4193.292528
3255125.8911,250,4197.947718
3600892.488703,250,4202.456379
1614022.626259,250,4207.010884
-157772.903948,2,4207.03931
3096384.470917,250,4211.724076
-117746.316199,1,4211.744773
3055240.357933,250,4216.3826
3310141.40474,250,4220.923697
2813396.879017,250,4225.565577
2801145.637971,250,4230.17652
-178520.364351,2,4230.218941
-117743.068227,1,4230.237555
3141096.049275,250,4234.913007
-147897.953322,1,4234.933483
2442748.127486,250,4239.565863
3714181.168403,250,4244.130529
3219672.543211,250,4248.766702
3428129.982048,250,4253.473998
2946102.422634,250,4258.043271
-117774.64059,1,4258.063573
324956.304721,250,4262.561273
2941494.090663,250,4267.125909
3774400.97702,250,4271.745975
-180308.287906,2,4271.786269
2735165.858305,250,4276.280889
2941767.415371,250,4280.849895
2860052.541605,250,4285.4713
1544749.009996,250,4290.100404
2814449.55498,250,4294.766083
2516696.388177,250,4299.320523
-117796.819279,1,4299.338086
2756403.406269,250,4303.956654
-117702.58228,1,4303.986907
2768474.41637,250,4308.640862
2995385.82062,250,4313.528604
3386547.077676,250,4318.375788
-117744.132171,1,4318.396018
3085194.08015,250,4323.30398
3507884.076716,250,4328.225775
2955496.149211,250,4333.058347
2887580.750079,250,4337.982261
2475768.674028,250,4342.84844
-117746.208601,1,4342.871984
2575203.783914,250,4347.760375
-144570.631146,1,4347.777683
2616177.945836,250,4352.703293
2817202.794442,250,4357.592894
-155849.260181,1,4357.61707
380752.715776,250,4362.525137
-126667.943427,1,4362.544851
3154296.22144,250,4367.378639
2742493.118886,250,4372.200709
3008247.742239,250,4377.074436
1189579.228446,250,4381.881625
2802295.873102,250,4386.729518
3136292.628559,250,4391.57563
895397.897728,250,4396.387477
1799971.789377,250,4401.212124
2153969.267786,250,4405.984228
3011372.682636,250,4410.717764
2887899.652799,250,4415.480607
990282.744785,250,4420.381426
3050329.091932,250,4425.265025
310124.762133,250,4429.928078
2366946.819033,250,4434.578634
3162036.35916,250,4439.171494
-141938.77555,1,4439.192238
3259021.94473,250,4443.774285
2828894.993228,250,4448.427228
-116746.617562,1,4448.436486
1345868.497752,250,4453.01427
-165892.982841,109,4454.944711
-134565.324676,23,4455.35899
2926029.232937,250,4459.773884
3119306.257586,250,4464.461911
3160419.332339,250,4469.058919
3265814.3422,250,4473.605893
3090928.843658,250,4478.312147
2918650.380855,250,4482.969035
3468903.745787,250,4487.561382
-126525.748875,1,4487.574839
3416922.295813,250,4492.1022
3389207.771383,250,4496.704276
3204245.17977,250,4501.27746
-154353.772169,1,4501.296089
2475569.636154,250,4505.919606
-171769.244231,2,4505.970594
-144421.934709,1,4505.990899
-126671.547688,1,4506.011535
-161884.754298,2,4506.047958
-143430.469776,1,4506.061462
-135503.84788,1,4506.0898
2554976.391554,250,4510.661851
2499749.181351,250,4515.197342
-126680.393735,1,4515.217444
2684760.830976,250,4519.732128
-147405.588586,1,4519.752412
-135492.67826,1,4519.772801
2905842.985021,250,4524.350651
130097.235657,250,4528.900156
3146355.634683,250,4533.420357
872493.126855,250,4538.018213
3475950.411715,250,4542.61764
3177892.683857,250,4547.179826
-117749.581919,1,4547.200167
-126612.724773,1,4547.220466
-135605.340222,1,4547.241229
2984580.244876,250,4552.092551
2861633.397805,250,4556.958046
-153876.536694,1,4556.978707
-135491.279451,1,4556.998842
2911356.296656,250,4561.839306
2851732.987721,250,4566.73665
3012587.33777,250,4571.602108
1294945.648856,250,4576.38587
2745702.511531,250,4581.242064
-134430.850537,1,4581.264238
3515692.732192,250,4586.159224
3589770.231374,250,4590.960833
2010976.650107,250,4595.773334
2681356.393424,250,4600.655317
2680272.988878,250,4605.497724
1389591.271715,250,4610.403331
3310110.734767,250,4615.305206
2984968.170736,250,4620.069726
-132769.636685,1,4620.092648
-126682.554275,1,4620.107376
-200123.522529,3,4620.169942
-135624.878225,1,4620.192523
772578.936978,250,4624.939408
2612588.601322,250,4629.856306
-134509.428648,1,4629.880801
2683793.775201,250,4634.752831
2196166.365109,250,4639.586522
1100072.011015,250,4644.481743
-135493.04029,1,4644.512037
-126579.671449,1,4644.53382
3049289.159842,250,4649.321284
2649615.798878,250,4654.110563
2433354.580217,250,4659.001953
3122912.576769,250,4663.859239
2881842.155054,250,4668.70791
3423259.19884,250,4673.417529
2628357.47074,250,4678.084117
2563676.140544,250,4682.716116
2272988.823658,250,4687.298088
-117853.692489,1,4687.318492
-219928.796659,3,4687.380276
2496477.527843,250,4691.956526
2726501.113007,250,4696.56957
3125839.319293,250,4701.097332
785275.507753,250,4705.749075
-164335.027369,1,4705.771096
-135608.55988,1,4705.792787
3562882.532076,250,4710.36046
-154567.889899,1,4710.391188
-117749.081074,1,4710.411081
2867229.172043,250,4715.026056
-137949.33423,1,4715.042778
1439793.631407,250,4719.626344
2641871.338881,250,4724.171459
-140862.493505,1,4724.192583
255828.158843,250,4728.733868
2454187.194187,250,4733.313183
-129329.512924,1,4733.333434
2186440.056366,250,4737.8842
2765727.694363,250,4805.716847
-117758.891801,1,4805.74841
-135520.560286,1,4805.780375
2044952.9346,250,4810.624892
2406025.896574,250,4815.481822
1700266.26164,250,4820.336139
2673045.709765,250,4825.121775
-135603.097454,1,4825.140207
-139962.719336,1,4825.170103
-118779.977803,27,4825.695743
-135486.425945,1,4825.721844
132190.380605,250,4830.604413
2203365.653043,250,4835.50223
-135425.264737,1,4835.522784
2233749.254897,250,4840.361332
-135525.818311,1,4840.385324
-117770.73292,1,4840.406821
2565105.141059,250,4845.32548
-137009.7802,1,4845.335763
3336298.739265,250,4850.246559
2323653.307115,250,4855.033818
1821293.986483,250,4859.863562
-159555.023116,1,4859.883988
2243171.884347,250,4864.604791
1559877.698447,250,4869.361234
-135400.442876,1,4869.381418
2405073.443399,250,4874.24721
2326932.652847,250,4879.009881
-117753.739002,1,4879.041296
2821417.184762,250,4883.816787
-126723.529787,1,4883.841565
-126716.631341,1,4883.867634
-126668.489573,1,4883.888009
1778708.856033,250,4888.705926
-135510.732302,1,4888.730369
-117745.06359,1,4888.749983
-172078.013413,2,4888.793144
-135397.60217,1,4888.813531
2466609.743779,250,4893.693756
3020233.42276,250,4898.514886
2815952.386904,250,4903.328669
84846.557535,250,4908.15714
634358.645601,250,4912.720463
2396622.045526,250,4917.310986
-117746.102196,1,4917.331487
3101648.925495,250,4921.958955
-173845.778941,2,4921.994406
2427996.875826,250,4926.655327
-135557.994285,1,4926.671085
124107.731477,250,4931.252133
-142668.538797,250,4935.927835
-117753.632769,1,4935.947922
162768.795446,250,4940.556418
2709547.990428,250,4945.125164
2851257.150898,250,4949.700054
-135506.499976,1,4949.720648
-117749.751513,1,4949.741482
279437.963257,250,4954.365295
2681296.364315,250,4958.942031
2450285.766119,250,4963.527005
3018191.595693,250,4968.13806
2924023.461392,250,4972.786224
734173.675294,250,4977.356041
2648489.358667,250,4981.9266
366336.219187,250,4986.388407
2861856.85225,250,4990.882152
2440729.091982,250,4995.546739
1518839.2025,250,5000.130144
2846883.734981,250,5004.733654
-126684.936577,1,5004.746068
1871924.849322,250,5009.241149
2310106.079825,250,5013.773258
2307678.46809,250,5018.292562
2779637.344477,250,5022.866677
-135496.789396,1,5022.894796
2757144.652829,250,5027.53585
-117752.822912,1,5027.556423
2176226.873081,250,5032.345782
2370171.706273,250,5037.141466
-117760.294231,1,5037.163881
696414.086303,250,5042.067047
-117749.530576,1,5042.083674
2281068.48311,250,5046.902252
-126564.565094,1,5046.925453
-138190.727109,1,5046.946453
138069.011663,202,5050.922086
-126565.417627,1,5050.94096
3428330.211079,250,5055.841111
790732.966351,250,5060.652176
1748455.489719,250,5065.511454
-150188.524625,1,5065.531503
2164881.883488,250,5070.41076
2298030.364123,250,5075.239409
-136953.317677,250,5080.015684
2933954.629438,250,5084.870975
1978476.824423,250,5089.693665
-163979.317408,1,5089.718153
-154550.712925,1,5089.73442
-155771.91746,1,5089.754846
-117851.301395,1,5089.775356
-118048.344357,250,5094.551353
3112745.909552,250,5099.287934
2808388.224685,250,5104.070561
-152502.865042,1,5104.093343
2417609.525939,250,5108.934617
2424823.72005,250,5113.792267
-117813.780849,1,5113.812824
2196953.345402,250,5118.671149
-144104.961588,1,5118.681576
2496504.001172,250,5123.571408
-135533.083571,1,5123.599676
-153615.195612,1,5123.619785
2783705.1322,250,5128.465302
3477395.798765,250,5133.391901
-137674.054238,1,5133.423218
1887047.172905,250,5138.293663
2365872.328031,250,5143.127834
-155564.359171,1,5143.158508
-144109.545472,1,5143.179026
-70456.410782,250,5147.992912
-126604.190413,1,5148.013005
50876.13826,250,5152.587982
1211848.468838,250,5157.123027
3457678.085447,250,5161.635042
-135503.563229,1,5161.656938
-153172.20301,1,5161.677871
-138242.774556,1,5161.699924
-135641.120346,1,5161.714412
2446234.392262,250,5166.266788
2228769.829476,250,5170.849781
929816.747416,250,5175.491166
1614375.652353,250,5180.06101
2083858.496619,250,5184.69206
-126580.659418,1,5184.708181
-126569.270102,1,5184.728424
-119533.517059,250,5189.316369
2103679.305315,250,5193.886226
1654012.934949,250,5198.508633
-126723.775267,1,5198.528688
2305833.017939,250,5203.119806
1413141.597516,250,5207.715268
1948375.828433,250,5212.132915
2912439.859258,250,5216.689559
3036307.372222,250,5221.210155
-135596.711725,1,5221.240525
2192939.327842,250,5225.74909
2552027.726374,250,5230.26164
2719596.334914,250,5234.817932
-135504.574912,1,5234.838495
2174748.345908,250,5239.442097
29581.251562,250,5243.991359
-126661.467239,1,5244.011842
-148827.092908,1,5244.032881
2269171.763433,250,5248.64955
900282.29411,250,5253.255553
-163779.538485,2,5253.294718
2429364.844593,250,5257.856383
2356209.26366,250,5262.332988
2955188.782713,250,5266.94615
2718291.018564,250,5271.686367
-142433.003646,1,5271.71725
-126679.776299,1,5271.736726
1424716.072498,250,5276.586436
3090474.456006,250,5281.461583
-117745.056866,1,5281.476377
2152044.841283,250,5286.274375
1473748.256064,250,5291.172889
12246.764629,250,5296.078487
3320128.504161,250,5300.94098
2799144.783761,250,5305.786755
1705741.296825,250,5310.693576
-126682.090209,1,5310.712064
2098170.322066,250,5315.504524
2653366.863749,250,5320.301382
2435105.198004,250,5325.169575
2313859.102831,250,5330.018026
-135838.749934,1,5330.038673
3113955.655453,250,5334.819621
3024227.259734,250,5339.651189
733972.936583,250,5344.509502
-88853.132157,246,5349.223808
3049757.514908,250,5354.027102
1614652.251345,250,5358.881416
1381961.773758,250,5363.703894
708540.642683,250,5368.497774
-117856.814462,1,5368.520434
2578059.355755,250,5373.350067
2529488.902953,250,5378.154098
-126782.564514,1,5378.179833
-117856.820877,1,5378.194699
-142110.284984,1,5378.214994
-150632.209083,1,5378.235586
2584714.50299,250,5383.07622
2944751.299555,250,5387.899152
1765088.566631,250,5392.442854
1249121.193649,250,5396.955564
-147631.96822,1,5396.9757
-126561.731792,1,5396.995811
2442818.255281,250,5401.582965
-126672.004358,1,5401.60269
2243451.095688,250,5406.168742
-162203.210181,1,5406.178786
3173889.401485,250,5410.763761
-65688.779496,250,5415.363165
2630524.780316,250,5419.919106
2821622.069228,250,5424.54048
-135416.821981,1,5424.563009
-63967.850967,250,5429.117187
2290752.591668,250,5433.734831
1466914.165994,250,5438.320249
1076.798626,250,5442.949217
-126591.473654,1,5442.975774
2752816.616383,250,5447.59755
-135436.023593,1,5447.618011
1327690.241466,250,5452.07407
-126664.235627,1,5452.094141
2936108.828899,250,5456.680349
3202500.952591,250,5461.267213
2400148.315111,250,5465.820845
-169179.985266,1,5465.841319
-135598.697185,1,5465.862125
1210275.754042,250,5470.328409
-164056.741121,1,5470.348531
-12283.401024,250,5474.912422
-117655.266239,1,5474.932939
2072149.403184,250,5479.484501
2130363.212798,250,5483.976532
2324822.289207,250,5488.558796
-121669.339308,250,5493.075955
2650794.683851,250,5497.510319
42976.091019,250,5502.116045
-84389.121181,250,5506.584953
-126703.506893,1,5506.60528
2651695.0725,250,5511.317939
2643272.002262,250,5516.09221
1195347.931725,250,5521.022399
2318327.289429,250,5525.847468
2446769.347868,250,5530.585918
1474063.877891,250,5535.464308
3250337.826077,250,5540.369118
-146190.852993,1,5540.389247
3094003.71221,250,5545.188181
-139006.130981,11,5545.403021
-122935.167211,250,5550.299044
-117751.253415,1,5550.316885
2849031.667518,250,5555.201475
1554834.276158,250,5560.083472
2523533.923321,250,5564.950247
1287473.250652,250,5569.784232
2888088.03204,250,5574.583353
-135491.232069,1,5574.604023
423033.589605,250,5579.370633
-135614.973159,1,5579.392932
60431.673551,250,5584.158445
-117748.086178,1,5584.178916
2414795.365965,250,5588.946064
1978535.036799,250,5593.693184
762952.131749,250,5598.569039
3342763.290143,250,5603.380597
2758009.113503,250,5608.106823
-135488.006372,1,5608.131417
21677.03137,250,5612.990635
2227326.842702,250,5617.700658
-117851.584958,1,5617.718679
-126567.749626,1,5617.738727
2865407.986876,250,5622.559022
-126670.793989,1,5622.581362
636615.042439,250,5627.458627
2737820.02683,250,5632.044846
-135531.66918,1,5632.057855
3101274.460208,250,5636.596633
2747610.832435,250,5641.249266
2393293.637744,250,5645.741399
-135496.719777,1,5645.761221
-117753.156466,1,5645.78152
2601630.650453,250,5650.351185
1840275.553726,250,5654.951555
2896854.268955,250,5659.614747
2987581.26866,250,5664.152442
-135486.568308,1,5664.177156
-135547.931798,1,5664.193684
1978053.035409,250,5668.800096
-187003.119606,81,5670.336305
-144325.628573,1,5670.356781
-58878.088721,250,5675.013421
1940651.080879,250,5679.599352
2906160.569374,250,5684.221103
-135391.887075,1,5684.23342
2710075.11787,250,5688.878574
3366219.472595,250,5693.443426
2440631.770449,250,5698.116701
3237407.221508,250,5702.631525
6697415.205633,149,5705.35908
-117754.364594,1,5705.37551
-133596.955672,1,5705.396155
2090867.789407,250,5709.838338
-117846.563121,1,5709.858917
2695843.318229,250,5714.411455
-154844.573919,2,5714.441617
3024895.703428,250,5719.007299
2789110.597936,250,5723.584474
-144334.136508,1,5723.602776
2595697.319405,250,5728.065226
-117751.14494,1,5728.091923
3069025.841353,250,5732.674241
-131520.88033,250,5737.190538
1822215.930778,250,5741.769775
2802795.82926,250,5788.316402
840678.972313,250,5793.260741
1717509.307597,250,5798.167414
-135597.484629,1,5798.190111
-162157.425671,1,5798.218061
3146454.998782,250,5803.045453
3125465.514775,250,5807.893443
3344728.99348,250,5812.743999
2644083.327619,250,5817.620759
94092.893369,250,5822.408267
-135599.005556,1,5822.428763
3417582.314037,250,5827.354271
-175957.166417,2,5827.394656
-120699.193144,44,5828.254228
3108102.553512,250,5833.068435
2518012.938334,250,5837.941326
3272001.583304,250,5842.880604
2793326.79963,250,5847.720727
575924.320217,250,5852.578358
-26792.958492,250,5857.410131
48187.417413,250,5862.252964
-16847.666957,250,5867.074114
2173152.653469,250,5871.596465
1692573.841113,250,5876.182626
2352121.294066,250,5880.807303
3022087.050905,250,5885.437405
978868.995027,250,5890.070407
-135602.928964,1,5890.091352
-127709.342447,250,5894.66054
-126681.010674,1,5894.680791
-191685.021122,2,5894.721414
-117783.73453,1,5894.741439
2109589.667342,250,5899.374826
-67458.565006,250,5903.932024
3347115.316367,250,5908.511795
-139761.675087,46,5909.345334
3692020.241784,250,5913.907592
2466632.860824,250,5918.586393
731645.379258,250,5923.255482
2854059.215442,250,5927.827384
2517134.110749,250,5932.457397
84345.532902,250,5936.900937
2839347.90288,250,5941.469488
-117754.7737,1,5941.496185
-117749.435525,1,5941.510838
2581270.825761,250,5945.985507
2678022.988225,250,5950.483633
-117744.450636,1,5950.49367
3155020.917817,250,5955.093672
592767.714672,250,5959.653384
2187116.615077,250,5964.255824
2268896.81536,250,5968.739542
2506451.875182,250,5973.255663
-178510.805008,2,5973.296634
1568675.197605,250,5977.896709
8100894.59523,222,5981.853206
3354850.007954,250,5986.372533
-154814.891027,1,5986.392853
2652713.45878,250,5991.173996
2581349.488165,250,5996.045766
-137646.684014,1,5996.066185
1567792.088461,250,6000.893931
1193075.990394,250,6005.793944
2919036.812745,250,6010.585787
-92010.068641,250,6015.389965
2986245.556279,250,6020.278263
-135495.269434,1,6020.298988
-117783.366329,1,6020.327617
2502317.653643,250,6025.146748
2659263.336269,250,6030.003587
2046868.816093,250,6034.878842
-183272.764011,2,6034.920335
3017845.55793,250,6039.836323
3071845.095224,250,6044.761414
3400556.327961,250,6049.655751
1590423.80213,250,6054.549826
5691826.770179,57,6055.620784
-126564.79149,1,6055.634667
2992223.559633,250,6060.485321
3186869.163516,250,6065.328
1529575.037174,250,6070.209787
2542949.925455,250,6074.994092
3091771.322216,250,6079.75014
-117762.57603,1,6079.772367
-156154.785865,1,6079.790558
3837809.741514,250,6084.518272
2838835.564023,250,6089.389144
94759.400915,250,6094.239811
2929691.256418,250,6099.102041
3271705.585143,250,6103.959281
3292180.617335,250,6108.715716
1289000.666942,250,6113.296367
2116515.380453,250,6117.915693
176168.538704,250,6122.350724
-117692.856917,1,6122.371024
3215018.663387,250,6126.950286
3487043.736741,250,6131.586545
-126662.627566,1,6131.609372
5754009.839019,102,6133.462084
1620858.102995,250,6138.007184
2838233.290153,250,6142.643938
-164194.656573,1,6142.66435
3394781.353445,250,6147.163052
5631013.851593,56,6148.191732
589249.081083,250,6152.776946
1914829.136676,250,6157.448563
3567316.73992,250,6162.021548
335576.226671,250,6166.581427
483117.479022,250,6171.19523
2577550.887929,250,6175.78418
-177463.978109,2,6175.824969
3480460.439289,250,6180.433336
2525924.016866,250,6185.082806
3927960.351713,250,6189.776457
2724754.767929,250,6194.351396
3000365.036323,250,6198.964892
1276831.735695,250,6203.508048
3222644.700851,250,6208.058657
125708.082822,250,6212.694179
-117848.334625,1,6212.719358
-9485.872789,250,6217.316335
-135503.769027,1,6217.336857
3232692.686334,250,6221.872471
-132958.097061,250,6226.496725
-91825.059721,250,6231.270916
-160266.432904,250,6236.081808
-107222.933897,42,6236.884191
-125577.704332,1,6236.900952
175847.749203,250,6241.688748
2399897.521223,250,6246.577746
2036305.217393,250,6251.433455
-135458.607011,1,6251.454046
152375.337045,250,6256.289235
3316962.831807,250,6261.117246
2938309.027575,250,6265.904595
-137027.059868,1,6265.931223
9793.400462,250,6270.808197
2649272.38808,250,6275.766177
-126569.928934,1,6275.78688
-126678.252291,1,6275.807618
2712885.493247,250,6280.637079
2517906.514469,250,6285.459629
3258952.664012,250,6290.288349
-135497.500345,1,6290.30909
-124079.461427,22,6290.73924
-135405.933139,1,6290.760096
3284362.580043,250,6295.480939
2918541.760168,250,6300.244913
2986575.357379,250,6305.028724
-97529.893562,250,6309.723681
3095165.948661,250,6314.465353
-135537.39569,1,6314.485932
3220110.138153,250,6319.231712
2778697.24318,250,6324.017228
-135408.268604,1,6324.044744
1423530.994418,250,6328.791111
-126679.459697,1,6328.811783
2695548.271323,250,6333.621097
3195970.244134,250,6338.484581
-117844.786306,1,6338.50471
3288194.645308,250,6343.275861
-126578.485791,1,6343.296262
-129247.499581,1,6343.316812
76022.752862,250,6348.105337
2911097.12972,250,6352.63567
-147273.629021,250,6357.255621
2977075.119498,250,6361.782487
3794767.247695,250,6366.382489
-135602.040024,1,6366.396238
3058332.898532,250,6371.032361
2647265.275616,250,6375.643991
2711302.769267,250,6380.340944
-117795.303757,1,6380.360837
-117751.343487,1,6380.372491
-135570.037585,1,6380.391092
-135593.522601,1,6380.411275
2984013.104733,250,6384.958186
3818873.824024,250,6389.440488
5686380.965041,105,6391.360915
1181908.660303,250,6395.967566
-117749.830726,1,6395.978807
1435072.935063,250,6400.607938
-155809.817868,1,6400.628187
3171941.73181,250,6405.192351
3405457.73272,250,6409.854613
3896157.566042,250,6414.450602
-176897.192617,2,6414.49159
-44527.185665,250,6419.00824
-171208.940487,250,6423.582912
2503364.549135,250,6428.218887
-36591.005913,250,6432.77463
774536.709435,250,6437.263289
-151173.668369,1,6437.275831
2701708.750437,250,6441.824464
-117764.349602,1,6441.834615
-136887.789273,1,6441.854955
2512810.119274,250,6446.35052
-138113.394571,1,6446.376578
1020754.624719,250,6450.965528
1232813.762896,250,6455.566577
-133528.492373,1,6455.576834
-142920.767222,1,6455.597581
2958324.985058,250,6460.107749
-113755.573588,250,6464.682224
3338832.57521,250,6469.368611
657845.500209,250,6474.177489
1175119.173009,250,6479.038185
-79594.036515,250,6483.916482
-135511.48569,1,6483.937195
-117750.049773,1,6483.957419
3008368.802354,250,6488.844036
2581245.160569,250,6493.73176
456297.695412,250,6498.613488
-120854.238344,250,6503.478344
-135384.940579,1,6503.500943
1126962.439739,250,6508.317394
-117753.427111,1,6508.331034
378559.295087,250,6513.196949
2780014.636785,250,6518.082287
-133308.17193,37,6518.79516
-141288.600805,1,6518.815421
-144429.715088,1,6518.839724
51306.915319,250,6523.657422
-144427.94618,1,6523.677627
2350667.43825,250,6528.514394
3306415.647628,250,6533.346904
3627332.098397,250,6538.138963
-121164.881167,250,6542.970293
138515.292257,250,6547.776201
-126591.565845,1,6547.796451
2633390.934411,250,6552.630342
56461.447585,250,6557.410433
1875041.086167,250,6562.204168
2836236.496313,250,6567.073727
1922867.130819,250,6571.902506
3032220.331306,250,6576.740184
3112579.395727,250,6581.587728
2912072.278642,250,6586.43154
1433683.488333,250,6591.199306
2612362.160922,250,6595.809635
3361338.32449,250,6600.295437
968032.747999,250,6604.900627
-157902.11351,2,6604.937805
2767880.49628,250,6609.589562
-126692.848694,1,6609.609941
-135491.104892,1,6609.630076
392523.804977,250,6614.181188
3163083.4159,250,6618.776823
22160.460939,250,6623.318986
2804963.168086,250,6627.888738
-123320.54032,250,6632.393222
-171053.904369,250,6636.941458
213411.226191,250,6641.491855
1470599.354338,250,6646.098792
-134778.17287,1,6646.123664
2332685.578343,250,6650.74733
2768392.514147,250,6655.316655
3526267.444578,250,6659.844233
7912415.313181,247,6664.373447
-136916.959828,250,6668.940728
-121335.108021,44,6669.73454
3021205.878398,250,6674.291137
3455557.410323,250,6678.890512
-135530.102934,1,6678.908073
-51305.012615,250,6683.492002
3241258.608273,250,6687.988767
2767985.479718,250,6692.496703
3082268.995438,250,6697.070389
3349761.92966,250,6701.575683
-126567.434174,1,6701.596244
3023933.219901,250,6706.080329
2516075.240221,250,6710.877006
-162284.580204,1,6710.897089
2660132.071876,250,6715.740265
-155987.451866,1,6715.760911
2006709.041185,250,6720.536105
2909156.739877,250,6725.416856
2163.490149,250,6783.243343
3315258.84533,250,6788.029942
-157744.147716,2,6788.070983
-26982.408369,250,6792.903431
5928489.223907,111,6795.025572
2655394.125151,250,6799.829928
2725927.183992,250,6804.626431
-173493.705496,2,6804.674785
3170533.410666,250,6809.621634
3321781.838872,250,6814.508781
-122057.286648,250,6819.343623
-135529.058403,1,6819.363925
-135550.232832,1,6819.390411
-158260.221347,250,6824.162468
89911.063883,250,6828.894032
4461480.769926,250,6833.456441
3380798.205521,250,6838.188026
3357171.273248,250,6842.799324
-126587.369868,1,6842.813096
-117758.551854,1,6842.838801
3028085.901524,250,6847.428244
-135518.3136,1,6847.448716
-126666.737586,1,6847.469208
3017546.603559,250,6852.021695
1959582.83564,250,6856.519041
-158053.632526,1,6856.539478
-44177.553769,250,6861.065744
2575415.470182,250,6865.491353
751041.442447,250,6870.022496
-136414.603475,250,6874.65271
-135509.18438,1,6874.673197
-3861.672359,250,6879.18891
-117751.765406,1,6879.208699
2742690.123975,250,6883.994638
687608.967544,250,6888.886671
2364554.643848,250,6893.931049
-151754.955593,1,6893.95889
2872060.484856,250,6899.156238
-45905.804492,250,6903.769479
3092759.418087,250,6908.074441
-117750.804653,1,6908.101253
-117846.50469,1,6908.125131
3150136.691122,250,6912.37856
2966956.781621,250,6916.718099
-126681.750382,1,6916.735355
-81102.605859,250,6920.954491
-31383.038362,250,6925.422725
-117747.590866,1,6925.444109
1814834.43503,250,6929.738258
2450388.941729,250,6934.214324
1704719.458072,250,6938.635136
238971.479777,250,6943.210717
-117750.296108,1,6943.228189
1002653.124419,250,6947.591111
-138065.565079,1,6947.609571
-117751.215975,1,6947.629437
-191779.745126,250,6952.254587
-137913.386253,1,6952.276414
2441898.683174,250,6957.191988
-176426.39406,2,6957.232635
2013548.49468,250,6961.806241
-76600.796315,250,6966.491027
2929725.598084,250,6971.326582
-172779.87256,2,6971.367474
-144316.780745,1,6971.38886
2365500.230638,250,6976.054874
3248534.625595,250,6980.937777
7071178.967924,181,6984.462647
3810198.658713,250,6989.149576
-121985.816435,250,6993.777495
-157997.661788,250,6998.541404
-142796.912567,1,6998.562445
-108537.808655,250,7003.295813
1777319.547537,250,7007.967827
37609.122366,250,7012.483838
-113006.559039,250,7017.012139
3216693.177934,250,7021.546824
2828175.438677,250,7026.089197
-126596.321507,1,7026.109261
-143197.777569,250,7030.622347
31405.460401,250,7035.063558
424182.359638,250,7039.585115
-70079.356141,250,7044.225932
-15482.39148,250,7048.731356
2700600.971983,250,7053.219676
-135496.530225,1,7053.2379
2457901.917518,250,7057.69314
37982.602056,250,7062.247972
98296.517079,250,7066.85605
-117743.320666,1,7066.873254
2987552.166709,250,7071.512142
-118372.584635,250,7076.109277
-126711.45095,1,7076.127296
59164.190893,250,7080.577624
-128640.241537,250,7085.134108
1139478.690228,250,7089.684229
3792735.27714,250,7094.127671
-126716.675145,1,7094.149062
3534885.70083,250,7098.594293
-76956.71062,250,7103.092569
2770886.272722,250,7107.610226
93002.638706,250,7112.104704
-126596.743806,1,7112.12173
-135494.745926,1,7112.143083
-47888.205065,250,7116.61242
7597947.01296,160,7119.489508
-142308.444361,1,7119.507672
-146208.969767,1,7119.526741
-135382.624673,1,7119.544767
82933.065737,250,7123.962607
-147757.883866,1,7123.981637
96041.328543,250,7128.447427
3431581.948012,250,7132.919983
2291392.496394,250,7137.425038
-203680.90142,3,7137.482317
-200744.818964,3,7137.546083
-135493.355308,1,7137.5662
-81573.910891,250,7142.051109
-174784.561426,2,7142.090427
-175136.593431,2,7142.128466
-117754.230529,1,7142.153307
6163196.974608,115,7144.25477
-164251.430627,2,7144.294417
2975093.564094,250,7148.737123
2876349.275286,250,7153.18298
97421.613696,250,7157.5309
-126613.846142,1,7157.551507
-85180.546241,250,7162.029311
-117842.134954,1,7162.044725
-126784.778923,1,7162.062255
94867.003065,250,7166.419317
-141575.489192,250,7170.818294
255878.392741,250,7175.325379
2517284.348292,250,7179.807795
-117755.292821,1,7179.824279
3298849.378089,250,7184.250532
124775.088387,250,7188.830544
-95893.938263,250,7193.569398
-22123.300622,250,7198.339406
2552735.724375,250,7203.028102
3028890.222563,250,7207.895439
135516.792363,250,7212.541587
-144344.742733,1,7212.564321
1319080.398296,250,7217.272533
2706111.020854,250,7222.07327
-135495.213556,1,7222.092301
-155748.588367,1,7222.112522
-8203.000905,250,7226.738775
1187284.91261,250,7231.421204
2538134.316941,250,7236.127078
-134789.660828,250,7240.791753
-161567.728328,2,7240.827277
-135733.748614,250,7245.530105
3078643.705744,250,7250.150977
6993092.927769,172,7253.27086
-117843.712337,1,7253.287469
2113636.972637,250,7257.752108
-105246.158572,250,7262.370425
1222414.614955,250,7266.992503
184626.987484,250,7271.461444
-172708.986743,2,7271.496042
6818707.642721,200,7275.156001
3310553.681843,250,7279.738623
2966966.508085,250,7284.231935
-126486.836466,1,7284.253289
334373.94092,250,7288.776561
-126570.283783,1,7288.793081
-193120.109117,2,7288.829661
2995718.048312,250,7293.365592
-158914.377706,2,7293.398365
-117767.98004,1,7293.415317
3364656.561166,250,7298.041958
-117760.361702,1,7298.064081
-126771.155712,1,7298.088102
-142758.998833,250,7302.665004
-117282.670337,250,7307.303215
-173241.098075,250,7311.834831
1672723.907673,250,7316.302376
226695.992884,250,7320.843493
-117855.885343,1,7320.860259
2234835.444692,250,7325.275099
2160831.325277,250,7329.735205
2844140.772223,250,7334.278812
-65201.806427,250,7338.860162
3235405.155659,250,7343.356242
7836588.71285,234,7347.665994
-117848.611474,1,7347.686687
6245467.050537,118,7349.861022
6387970.360197,125,7352.17136
-132464.836113,250,7356.621208
-140717.16058,250,7361.093057
7189982.121792,189,7364.492452
963255.522265,250,7368.997551
-164899.786232,2,7369.030781
-118657.821826,250,7373.494273
3216718.835302,250,7377.921285
2329477.68986,250,7382.385894
7372159.674608,206,7385.984495
7694375.647336,244,7390.247763
5654587.762964,116,7392.405353
-177347.208976,2,7392.447477
2234190.070486,250,7396.937048
-135511.075119,1,7396.956244
1111212.925386,250,7401.337965
2935170.716922,250,7405.67691
4139439.752532,250,7410.148358
-135508.991596,1,7410.169068
-126571.340735,1,7410.190649
2871601.225258,250,7414.818766
2775335.955628,250,7419.531525
-118082.83589,250,7424.148036
-126566.272532,1,7424.168056
5598956.668211,62,7425.302448
-186691.511485,2,7425.342501
2255614.376787,250,7429.899542
-117773.059997,1,7429.915886
-135567.343772,1,7429.936295
7576104.162373,207,7433.740303
6340388.357264,145,7436.459392
-134092.319919,250,7441.136735
-135421.171868,1,7441.157191
2849939.639027,250,7445.774232
-156493.933956,250,7450.397356
2954871.113063,250,7455.11906
1074740.019178,250,7459.779172
6254978.855169,104,7461.677956
6464918.541266,139,7464.248394
-126703.871956,1,7464.269428
-49799.776326,250,7468.961737
1823255.390357,250,7473.692726
6463687.576663,118,7475.908848
2726154.933529,250,7480.571818
2267457.138279,250,7485.270189
-132142.0269,250,7489.771242
2719270.24689,250,7494.201145
2541058.805031,250,7498.694163
2789666.193328,250,7503.199777
-125580.094954,1,7503.217242
1917216.726822,250,7507.725395
-117747.941916,1,7507.746015
-138140.068857,1,7507.762908
6905783.707547,205,7511.499171
3088043.45302,250,7515.95255
2767752.726137,250,7520.432156
-138481.564448,250,7524.962852
-152551.102363,1,7524.982645
-126709.646329,1,7525.002279
3404019.884167,250,7529.521993
2230661.036559,250,7533.947415
3141567.998755,250,7538.433687
6086375.783453,93,7540.193261
-28218.066997,250,7545.166492
-76318.764096,250,7549.627344
6533948.47661,96,7551.374352
3505764.85778,250,7555.877734
6307979.749827,92,7557.531774
2017394.892316,250,7561.985962
139408.193116,250,7566.453772
-62434.311807,250,7571.010901
-117754.288552,1,7571.029968
-152616.650781,250,7575.522347
7302.539276,250,7579.934175
3067848.27324,250,7584.3973
-181013.589469,2,7584.432338
734208.023706,250,7588.990349
2981749.028856,250,7593.500517
6857431.699748,120,7595.682973
-135496.526342,1,7595.702973
2540723.14787,250,7600.229218
7809439.007221,241,7604.587656
-144410.643726,1,7604.607677
-32869.407948,250,7609.170228
-117748.824816,1,7609.18853
2268773.776776,250,7613.698467
-155974.641538,1,7613.719277
7029990.675223,194,7617.121429
-117747.790964,1,7617.138672
-16095.57699,250,7621.405304
-180470.909317,250,7625.807269
7005804.97828,167,7628.740104
6448193.730907,142,7631.226991
2697085.011968,250,7635.650815
-126686.782374,1,7635.668369
6861070.551483,163,7638.431096
-155825.881688,1,7638.450725
4110492.370994,250,7642.952333
5799257.676204,126,7645.175212
-135592.419073,1,7645.19446
-153197.251126,1,7645.218149
6480590.953868,98,7646.946193
-144423.522349,1,7646.966049
-117747.719469,1,7646.984336
-135403.444466,1,7647.00332
-141618.21492,250,7651.403355
-146451.107803,1,7651.421505
-135497.240838,1,7651.438555
2047691.089685,250,7655.886276
-46013.910451,250,7660.481915
-168201.039204,2,7660.521063
6944045.798062,171,7663.561119
6139756.092708,117,7665.612055
3672173.965225,250,7670.192277
82720.406836,250,7674.857222
-159856.825458,2,7674.907094
221978.051427,250,7679.548596
-152913.83191,1,7679.566104
-137014.833294,1,7679.585378
161513.117443,250,7684.166774
6827957.0258,243,7688.678944
6399142.066211,130,7691.104413
942110.794198,250,7763.029529
2031683.39093,250,7767.560797
-90382.606791,87,7769.123723
3152180.389983,250,7773.577491
2745359.840033,250,7778.077409
-135499.061067,1,7778.099181
121079.768634,250,7782.668308
3131537.977865,250,7787.214173
-144423.137985,1,7787.232301
2709507.837082,250,7791.69626
-135526.18695,1,7791.713619
-135478.632596,1,7791.73533
3899785.561901,250,7796.111
683501.316294,250,7800.569039
316473.610124,250,7805.104655
-135527.404226,1,7805.124038
6750940.411053,216,7809.130738
-132193.670143,181,7812.425242
1330025.871646,250,7816.94756
-135541.365322,1,7816.965079
2844898.411782,250,7821.670954
439766.055296,250,7826.470379
-126567.546746,1,7826.489472
-190712.273858,3,7826.551067
2520840.489004,250,7831.290954
8582500.701168,225,7835.36878
135271.820439,250,7839.853793
8005375.70459,232,7844.064767
7530398.760657,179,7847.315169
-125692.743255,1,7847.332705
-135497.403656,1,7847.350735
-117707.404427,1,7847.368308
3463679.717252,250,7851.859271
-142761.803537,1,7851.875314
-126658.434068,1,7851.893046
271225.135156,250,7856.374538
1136812.893235,250,7860.698118
-117767.215799,1,7860.716068
2998024.52935,250,7865.137852
1739182.545688,250,7869.687659
33569.724919,250,7874.123962
6907571.082474,186,7877.475904
435808.361422,250,7881.927285
-2655.473789,250,7886.361526
7262116.516549,196,7889.89223
6589373.375854,165,7892.828206
-126575.380328,1,7892.851031
-138091.497192,1,7892.869663
-144407.84033,1,7892.887677
6170461.911388,133,7895.242253
2647479.830022,250,7899.731413
6170007.539749,128,7901.94888
-117752.321864,1,7901.967108
41604.252686,250,7906.346098
2493076.003764,250,7911.098167
-28017.474491,250,7915.880084
3208424.613659,250,7920.497735
128831.646898,250,7925.181108
-44686.755363,250,7929.902569
180852.825206,250,7934.530299
-203952.405142,3,7934.587008
-135610.228242,1,7934.604538
-142199.828829,250,7939.32272
6377719.713456,110,7941.440671
-140735.842685,250,7946.166511
6221220.348742,135,7948.644768
-14117.026912,250,7953.310174
-149725.750415,250,7958.030976
6756481.971004,132,7960.446954
7628847.619801,200,7964.09192
-136467.579632,250,7968.730695
-155080.834021,1,7968.750047
123520.773302,250,7973.337211
5793025.397738,62,7974.47476
-135424.375017,1,7974.496293
3444687.391847,250,7979.063999
7017982.095883,208,7982.813736
-135498.877935,1,7982.834774
6256258.498023,148,7985.522149
-20335.641935,250,7989.969891
2611139.392564,250,7994.368666
-191506.663096,3,7994.421452
3374553.75803,250,7999.00596
5528762.396989,54,7999.99682
56526.752025,250,8004.579448
1147620.512214,250,8009.147032
6836853.60807,161,8012.041433
6604961.498248,160,8014.902412
-119088.12886,250,8019.391785
-154571.240516,1,8019.411072
7871105.243544,222,8023.403509
-151281.994255,250,8027.939595
6754484.032658,206,8031.638821
2531039.244419,250,8036.016636
-135489.101775,1,8036.033195
6678907.782429,171,8039.030035
6077192.488712,104,8040.896617
-119459.959,250,8045.454609
-53657.229066,250,8049.908515
7152187.969586,153,8052.602658
6082368.489009,122,8054.787147
6167882.788861,89,8056.412656
2488247.527255,250,8060.948782
122636.366253,250,8065.389455
-155811.862314,250,8069.932997
-136733.613384,145,8072.552247
1291581.696455,250,8077.024642
6101816.940189,147,8079.612407
2994012.928349,250,8084.147691
-15417.006715,250,8088.746688
-135595.386807,1,8088.766317
6075627.152864,75,8090.154359
7360872.324109,174,8093.224509
5525610.96963,56,8094.219928
6292483.724153,110,8096.153999
2446900.465674,250,8100.551607
6289998.573633,87,8102.089963
5818882.84698,98,8103.843556
-135489.686754,1,8103.860611
6102951.633757,119,8106.002782
-146498.972415,250,8110.395998
-117773.981494,1,8110.413028
7056505.57972,237,8114.767547
-52754.819605,250,8119.680339
7252796.213639,185,8122.913749
-135589.230797,1,8122.932332
-20113.373434,250,8127.38292
7424306.698036,196,8130.91513
-166928.100364,250,8135.481027
6127070.159936,100,8137.268781
-144443.386087,1,8137.290802
-135491.161696,1,8137.307441
-128733.488505,250,8141.815215
-137466.569302,250,8146.252155
11296.161501,250,8150.825898
-197104.24874,3,8150.88843
6434317.269548,179,8154.06497
-135533.210484,1,8154.083929
-117747.785887,1,8154.102053
-126568.710356,1,8154.121153
86793.570281,250,8158.930409
7190782.994018,144,8161.538224
-144369.060523,1,8161.556588
45901.140887,250,8166.126308
6187028.627625,164,8169.068826
2545137.64988,250,8173.750011
7300800.192467,167,8176.905936
-117795.016865,1,8176.9258
6208390.181746,106,8178.910896
394416.758173,250,8183.550798
-117788.467611,1,8183.571909
7609919.224921,224,8187.662838
-135504.739614,1,8187.684663
5506668.466322,97,8189.503286
-135386.05726,1,8189.520778
5836908.513351,116,8191.68839
174701.292382,250,8196.284266
1119851.401501,250,8200.911727
-137997.700462,1,8200.929799
6940760.124996,183,8204.277719
5926635.313366,112,8206.408424
11502.970641,250,8210.89376
-135491.603717,1,8210.911783
-12516.757114,250,8215.383837
-117958.622419,250,8219.938818
6050939.689659,130,8222.261835
1907179.3681,250,8226.644419
1308559.20908,250,8231.096715
-146721.103853,1,8231.120695
-135496.150223,1,8231.140717
-126578.363454,1,8231.160757
-135400.612057,1,8231.178801
853021.277268,250,8235.66943
-165004.615922,250,8240.164353
5582559.039455,49,8241.069898
62036.952169,250,8245.5704
5813407.692943,112,8247.597386
7904919.94526,233,8251.784406
6868360.114,202,8255.305115
-117749.02325,1,8255.322202
-135493.50416,1,8255.337913
5840790.548779,111,8257.280468
-144407.744739,1,8257.303692
6182350.473088,192,8260.806746
6286490.865184,143,8263.406549
6275177.786322,124,8265.626326
2912057.47502,250,8270.180374
2305544.735838,250,8274.737691
6293715.340644,137,8277.233181
5965221.22644,99,8279.020453
-135488.92156,1,8279.039463
-117750.512859,1,8279.059221
6796336.708128,173,8282.203443
6708546.189559,151,8284.959008
6050389.249631,96,8286.690419
5762175.474375,88,8288.265007
6205932.094083,140,8290.828104
3146651.542849,250,8295.317396
5884028.212893,114,8297.337228
-126682.969188,1,8297.354797
-126568.957602,1,8297.373404
-170117.365709,2,8297.408526
2779353.266934,250,8301.851576
171693.09668,250,8306.429496
-117756.432234,1,8306.449561
-120354.742879,250,8310.942254
5591633.182869,62,8312.0632
-117743.597964,1,8312.079742
-135463.837634,1,8312.099766
6044654.241585,147,8314.701444
-67671.995292,250,8319.220597
-117765.755204,1,8319.240618
-143834.963253,1,8319.260672
-137746.194107,250,8323.751386
5738050.729398,108,8325.663175
-117776.504585,1,8325.683205
-126741.292034,1,8325.706244
2589671.108337,250,8330.100757
-169849.813998,2,8330.13658
-142553.229273,1,8330.155927
19338.580047,250,8334.690604
50333.174568,250,8339.129324
7730822.982904,226,8343.108938
6110194.769826,135,8345.501987
6392964.113356,182,8348.998806
5694277.847979,113,8351.196048
2345789.569172,250,8355.748854
866108.345424,250,8360.124323
-135491.184315,1,8360.146358
7391125.940756,229,8364.188493
-151557.121042,1,8364.204997
5773820.979198,84,8365.649755
-126462.660888,1,8365.668777
-136415.832349,250,8370.121255
6132400.992431,101,8371.972984
-19923.196884,250,8376.569825
5971798.98568,104,8378.395136
5882053.793044,137,8380.829345
32137.679654,250,8385.213951
-117768.756459,1,8385.232965
-136628.156248,1,8385.251267
-16025.135223,250,8389.829555
3580818.283409,250,8394.652082
5774275.805834,95,8396.484631
5934.412234,250,8401.148366
6286235.154568,93,8402.814541
-117683.60716,1,8402.83463
839423.276908,250,8407.576313
-95337.604342,250,8412.22103
-124206.580844,250,8416.78231
-126682.596851,1,8416.799879
-143362.428293,250,8421.405321
7335058.051984,239,8425.9231
5793446.88133,110,8427.939851
-162335.468776,250,8432.474753
-135501.790793,1,8432.493846
6265616.796166,129,8434.864443
-135482.897665,1,8434.885332
6307509.642819,146,8437.651722
-117744.848544,1,8437.671065
-117748.787955,1,8437.689821
6741950.446313,206,8441.55439
-126572.112379,1,8441.574442
-144445.519362,1,8441.593992
-117747.185359,1,8441.611015
6066598.785847,127,8443.88283
5976414.898862,147,8446.542442
-135391.364965,1,8446.558461
-7799.72839,250,8451.058054
-121309.130587,250,8455.620903
106178.130034,250,8460.139488
-117646.028134,1,8460.156926
6451411.220834,176,8463.366059
6644601.469424,163,8466.429827
-21697.075827,250,8470.98421
-169213.385308,2,8471.027131
5546663.107825,79,8472.481494
-135585.097342,1,8472.498512
6656004.310026,167,8475.466966
5659936.862016,102,8477.301792
5785505.378171,87,8478.909707
-160991.503785,250,8483.497689
-131554.101901,250,8487.962637
7027727.018721,164,8490.881339
-147525.255237,250,8495.41406
5603109.117142,59,8496.487255
-171299.454339,2,8496.522791
-126698.857222,1,8496.538829
5646181.802196,48,8497.4076
-117850.579308,1,8497.426133
-115876.502172,250,8501.91734
19183.332891,250,8506.432453
6133504.651535,123,8508.645364
-117748.340553,1,8508.66371
5694128.830768,110,8510.635978
-120190.420685,250,8515.132241
-117744.694249,1,8515.148269
6128981.491968,131,8517.4362
-110789.965444,250,8521.935276
6868004.017607,183,8525.302357
-144357.279433,1,8525.321828
-126563.060498,1,8525.340451
6229312.146514,139,8527.884769
2450429.229545,250,8532.445055
-135538.134373,1,8532.465142
3227844.871844,250,8536.974961
6036748.694586,128,8539.35805
7543678.208293,201,8543.057825
176234.105448,250,8547.616474
-140626.447918,250,8552.16501
2536009.981479,250,8556.706984
8226552.464115,229,8560.748862
-125587.056489,1,8560.766865
682316.522949,250,8565.235278
-117752.466202,1,8565.25137
6130928.926546,94,8566.985266
6496504.797933,143,8569.478854
-126727.053451,1,8569.497858
-117771.817636,1,8569.516939
6157389.926565,80,8570.93997
5751159.859989,80,8572.369301
-116037.640335,250,8576.73913
6486443.464736,121,8578.850886
-135539.87457,1,8578.86768
-135406.726514,1,8578.890051
-135418.015918,1,8578.906628
-36853.914808,250,8583.330184
44976.084301,250,8587.714367
-161428.004654,2,8587.748493
-129370.014521,250,8592.177896
5617477.04027,48,8593.029253
3226639.860721,250,8597.534795
-134993.684394,250,8602.071347
6264851.891412,157,8604.853357
5998511.131152,128,8607.103949
-135629.918281,1,8607.123412
6151269.972643,132,8609.454921
6575493.322975,166,8612.463273
5740891.435937,49,8613.352014
3087.488274,250,8617.788626
-126587.679389,1,8617.805118
8292503.486758,200,8621.323298
5626264.847299,89,8622.902847
-117651.515436,1,8622.923867
-152650.483362,250,8627.333419
6312105.548246,153,8630.094382
-144487.639661,1,8630.111407
5678317.923328,97,8631.894615
-134652.84722,1,8631.912642
-135593.001306,1,8631.933711
5680624.423326,116,8634.114561
-150487.71331,1,8634.134584
-135610.292319,1,8634.155117
-126572.96114,1,8634.176148
-135526.289282,1,8634.196754
-20765.188306,250,8638.848918
101929.533467,250,8643.491329
282104.627427,250,8648.083339
7074053.332286,216,8652.064615
146981.49134,250,8656.74033
-127642.87283,250,8661.412703
15856.136873,250,8666.040084
-151061.091282,1,8666.062158
7076240.781114,173,8731.050757
6761766.992773,186,8734.540586
-156029.175777,1,8734.559821
183211.555147,250,8739.048096
6025754.746058,108,8740.958405
-117775.883385,1,8740.976142
-135499.16481,1,8740.996167
5888900.868,114,8743.032978
-38828.347421,250,8747.52804
5758385.615298,66,8748.712228
2593732.889849,250,8753.196126
-135484.585491,1,8753.214636
-136992.153885,250,8757.717925
7619373.290884,218,8761.63437
5781571.185611,78,8763.057268
6224714.588748,143,8765.572145
5988114.433966,119,8767.679343
5882763.240587,76,8769.010262
135078.112658,250,8773.536254
-135326.516562,72,8774.859729
1091013.99024,250,8779.381979
5772096.065243,70,8780.614488
116396.711406,250,8785.047671
-135496.821813,1,8785.065173
5914290.913224,139,8787.540281
6606022.597261,155,8790.339096
-117798.492394,1,8790.35742
-135505.656083,1,8790.37675
6095148.060294,83,8791.907697
6272390.422469,132,8794.294681
-153638.870202,250,8798.817801
-135606.886977,1,8798.834534
-124427.588294,250,8803.367193
-117760.838657,1,8803.384855
102311.573556,250,8807.922107
-186930.778191,2,8807.956779
-165014.257835,250,8812.369059
5460109.395422,85,8813.864328
6229086.436909,99,8815.632011
2310805.586763,250,8820.144535
-135608.072191,1,8820.164588
-86708.164373,250,8824.561044
2558455.511846,250,8829.029608
-131391.592525,1,8829.05063
-43063.857535,250,8833.483661
-120056.901188,250,8837.94156
2796993.346674,250,8842.464492
5958210.310885,102,8844.268683
6365087.14578,168,8847.238397
-55326.375241,250,8851.625823
-117796.884605,1,8851.641873
6508604.944506,159,8854.406194
-154656.77415,250,8858.775295
5748895.643639,118,8860.891093
-19759.869568,250,8865.451453
-158619.198593,1,8865.470674
6201388.621661,83,8866.943289
6358570.710554,157,8869.844229
-126589.186295,1,8869.864768
-162187.006211,1,8869.882796
2143039.757179,250,8874.49101
-156085.710556,1,8874.511034
-135492.826087,1,8874.532048
7095.600159,250,8879.147825
-144490.663777,1,8879.165859
6125394.0293,118,8881.306052
6511614.525104,179,8884.570044
-135512.374463,1,8884.590615
5875272.835104,129,8886.955998
-146302.766127,250,8891.634272
5815712.616611,138,8894.248315
5524340.731391,93,8895.927575
5677451.177586,54,8896.917781
-117762.073107,1,8896.938808
-155857.506711,1,8896.958886
-10994.882122,250,8901.582486
6107512.47881,146,8904.30491
-165188.225601,250,8909.003116
-132641.541384,13,8909.260844
-117845.498016,1,8909.278868
5805314.536118,86,8910.842956
7402935.551687,205,8914.564912
-135487.416028,1,8914.586446
-123395.082669,250,8919.116935
6244714.76551,129,8921.534088
-135591.70642,1,8921.552098
-32753.870809,250,8926.316196
12273.949334,250,8930.846056
6399235.500907,145,8933.494736
5597853.206077,45,8934.29699
-117772.707558,1,8934.314511
-126671.964869,1,8934.333547
-135365.651384,1,8934.354084
-117786.555963,1,8934.371107
-126585.793619,1,8934.39113
6513853.757971,162,8937.346492
-11785.817901,250,8941.804993
242247.616126,250,8946.285162
-54003.6468,250,8950.856452
-117750.094123,1,8950.873969
-144420.217582,1,8950.891985
-135511.895581,1,8950.911013
-81434.840877,250,8955.443119
-161580.420784,2,8955.479676
5877883.232802,72,8956.782143
374130.727785,250,8961.259482
6714138.131371,155,8964.087446
5803911.24638,92,8965.759298
-7420.756547,250,8970.266222
-135558.525855,1,8970.28389
6564830.913858,164,8973.254656
77184.195006,250,8977.72988
5808713.981105,103,8979.624557
-151699.433137,1,8979.643579
-186525.132272,2,8979.678581
139008.671921,250,8984.277042
-117771.205517,1,8984.300124
-117748.558618,1,8984.318128
-153461.059803,1,8984.336144
5486499.533244,32,8984.906281
5869774.58968,96,8986.622516
-153101.938932,1,8986.642533
6608849.656071,151,8989.310585
-31926.823434,250,8993.848218
-117671.869662,1,8993.867217
-167316.895636,250,8998.449517
10659.197224,250,9002.864333
327416.637759,250,9007.473661
-130201.21021,250,9012.087311
5597350.809204,95,9013.80664
-140885.621082,250,9018.286853
-125306.557595,250,9022.784734
2732111.585603,250,9027.298566
-157524.422405,250,9031.750539
-188435.846841,185,9035.101792
6034345.517168,224,9039.253778
-137190.905086,1,9039.274305
6577124.20386,130,9041.673142
-151965.895262,250,9046.582325
5751253.935288,72,9047.864277
-161652.505681,1,9047.884852
7088089.284228,220,9051.799298
7841458.154996,235,9055.995063
-121296.349579,32,9056.564054
-30302.685132,250,9060.96064
-126594.88996,1,9060.980648
5701564.634428,109,9062.945929
5734042.691394,52,9063.872414
6044509.882674,91,9065.611348
-135604.627904,1,9065.630377
-135685.993041,1,9065.651402
-135524.960991,1,9065.670424
5675699.294948,104,9067.5358
25804.378944,250,9072.063841
-126788.999405,1,9072.082857
6446259.212178,151,9074.746144
-146453.352702,1,9074.764657
-145864.709454,250,9079.159452
-135590.328317,1,9079.180021
-126675.092212,1,9079.197573
6810269.17942,188,9082.597926
6035130.734787,116,9084.687373
-144677.539337,250,9089.100231
5658327.132822,61,9090.173757
-126575.023467,1,9090.193297
-133755.755846,1,9090.21231
-126569.173696,1,9090.23239
-135490.802409,1,9090.251067
148062.208835,250,9094.705909
-172757.803988,2,9094.744933
-117746.389488,1,9094.762984
506866.338036,250,9099.213964
6221568.212347,143,9101.760426
-135488.223199,1,9101.778257
5889024.784071,124,9103.980304
6551888.33938,107,9105.897942
5775845.926898,83,9107.383024
6089230.763773,141,9109.985937
1418233.036251,250,9114.713722
-117877.313479,1,9114.734744
6284623.866167,133,9117.2058
6385152.462424,164,9120.210307
2320367.302932,250,9124.863763
47400.574828,250,9129.587764
1979223.27123,250,9134.143219
-135384.881991,1,9134.162234
6811923.963924,177,9137.493534
-135422.669974,1,9137.513574
6004251.296746,97,9139.363481
6032377.753779,76,9140.78006
-145852.056876,250,9145.504094
76593.058591,250,9150.116384
-121654.132415,250,9154.7534
-161968.974696,1,9154.771432
6481313.668377,184,9158.191743
6430247.300504,137,9160.718506
-131816.52852,69,9161.970067
7008385.231646,170,9165.129521
-141908.250511,250,9169.725752
-135720.213892,1,9169.748292
-135666.20828,1,9169.770849
5483682.014501,62,9170.901802
-172315.098474,250,9175.40759
-144319.828692,1,9175.427609
-152663.905838,1,9175.448149
-126698.889483,1,9175.467172
217711.178478,250,9179.879789
2373143.853289,250,9184.368586
-155921.373094,1,9184.388569
-15378.067153,250,9188.954886
-180704.625525,2,9188.995966
5514258.53839,83,9190.501585
6263125.773293,151,9193.20897
-135525.843905,1,9193.228979
6999029.539336,144,9195.870722
6286591.256162,164,9198.944356
6779213.5049,194,9202.495962
6540092.508155,214,9206.31598
-137198.9214,250,9210.833228
-117748.02154,1,9210.848434
274199.752106,250,9215.462875
6063500.307566,156,9218.251161
-13641.720164,250,9222.735268
6921643.339152,198,9226.316981
-117759.340439,1,9226.337001
6303204.277947,113,9228.383739
7018123.159084,229,9232.496666
5974770.169513,111,9234.486201
6054625.806882,117,9236.567249
-135632.833788,1,9236.586289
2594024.934017,250,9241.083883
-126562.892704,1,9241.103892
6088267.222731,116,9243.184803
5929742.552794,108,9245.138598
21581.820529,250,9249.558089
6234768.895661,160,9252.359903
-153455.533385,1,9252.379106
72160.964833,250,9256.886051
5593216.364712,101,9258.749068
-135714.576527,1,9258.770138
6025710.317263,107,9260.793342
-126565.889304,1,9260.811361
41820.406818,250,9265.505226
5999554.560724,71,9266.804622
6674347.35987,207,9270.599744
5716810.041947,85,9272.137571
-165931.966223,1,9272.158588
-135619.320465,1,9272.183114
6482535.197335,133,9274.60177
7073257.412598,199,9278.163829
5565273.956275,80,9279.616701
-126593.622519,1,9279.635759
98846.37996,250,9284.1937
6517146.756665,181,9287.602592
-135501.328242,1,9287.62062
-83470.914325,250,9292.024587
7240382.290793,221,9295.943065
5752780.946643,108,9297.894387
-117751.549887,1,9297.911932
-166762.042709,1,9297.931963
297234.364435,250,9302.429171
-135545.005682,1,9302.448199
-136884.100705,250,9306.914708
5977952.599113,147,9309.522272
-117648.802933,1,9309.538805
5686838.061158,113,9311.524173
-126591.494079,1,9311.542684
6091422.719243,134,9313.897815
6891818.525736,198,9317.438411
-135481.545963,1,9317.459093
6165426.474853,137,9319.85293
-133904.108343,250,9324.259292
6528702.994147,161,9327.117882
6509176.818017,163,9330.044823
737359.139091,250,9334.591655
-180129.131013,2,9334.623184
6893831.086227,172,9337.669909
-132848.269962,250,9342.171883
2206859.023651,250,9346.659318
-136981.064827,250,9351.234311
-126603.792501,1,9351.252401
379317.786407,250,9355.858747
5906499.806276,152,9358.804189
6914980.749159,185,9362.320477
5788992.857713,107,9364.316
5631247.648558,86,9365.890328
-117757.810703,1,9365.908354
-135425.549566,1,9365.928372
6748539.439705,176,9369.114505
5730033.698866,102,9371.054383
-135392.435632,1,9371.072434
-126590.792507,1,9371.094452
6355607.184673,183,9374.512268
-117767.800918,1,9374.532267
6126957.402834,153,9377.416501
-154170.223291,81,9378.909127
-158555.104531,250,9383.519881
-124168.161566,250,9388.160247
769101.657939,250,9392.878943
6181841.125999,128,9395.225877
6291610.664795,150,9397.972864
-113613.591729,179,9401.316146
2181772.167557,250,9405.945981
-169867.663751,250,9410.501534
-187591.302527,2,9410.536082
5768207.215544,119,9412.654633
-130063.79973,11,9412.849536
-117777.508336,1,9412.867554
-139843.694911,37,9413.521824
-139484.529937,250,9418.071431
2000054.934804,250,9422.59423
-140873.542141,250,9426.991789
1753328.759163,250,9431.485953
-117751.863881,1,9431.503981
6064392.983072,209,9435.302783
5612730.362967,58,9436.358378
6445271.088897,124,9438.568921
-121351.339268,250,9443.075928
5681845.800789,129,9445.42036
6470288.265967,139,9447.909052
6015693.847005,79,9449.328495
6571496.707416,131,9451.717898
27540.305249,250,9456.234276
-126567.40041,1,9456.254306
-134707.363814,14,9456.513837
-146766.502444,250,9461.077819
-143739.118533,250,9465.634428
-134297.208434,250,9470.136061
-151598.944391,1,9470.152607
-134558.545645,27,9470.638078
-133738.489023,250,9475.245053
-117749.256494,1,9475.266775
-144516.135855,1,9475.288871
176862.447064,250,9479.881933
99346.645397,250,9484.274681
2322390.737147,250,9488.882437
6983414.488023,223,9493.269541
-135391.546433,1,9493.290092
-71564.743225,250,9497.815964
-145219.183864,102,9499.672322
903716.746651,250,9504.144861
5564912.881849,99,9505.945987
-130982.989126,250,9510.447683
-135396.785155,1,9510.466702
6258917.823505,143,9513.004578
-117773.288914,1,9513.019608
-146048.814654,250,9517.458778
-148355.705279,250,9521.994325
-128869.852823,250,9526.47333
5974576.655246,101,9528.233707
5683495.585952,52,9529.144895
5826581.288929,104,9530.968305
6651774.247829,116,9533.152528
-158447.781681,250,9537.637584
-117840.548401,1,9537.658107
-135422.860998,1,9537.677129
-156041.385002,1,9537.694674
-155811.915958,1,9537.713696
5505019.259459,89,9539.380708
190623.585519,250,9543.817378
5871612.042998,107,9545.706405
-117842.384455,1,9545.725935
126791.48146,250,9550.1961
6210880.070093,155,9552.959646
6407572.905792,161,9555.750747
208592.857519,250,9560.086189
-117749.695818,1,9560.106855
-44929.526127,250,9564.532423
-122198.348636,250,9568.958277
5734579.533626,99,9570.724286
9903.009004,250,9575.181062
-62300.739384,250,9579.558717
-86800.412873,250,9583.977765
6491629.843563,131,9586.297428
82209.186632,250,9590.906835
-117762.705183,1,9590.927845
-142407.783126,1,9590.949868
5755784.456197,102,9592.869744
6144145.138778,94,9594.663546
-133086.32624,250,9599.218894
5735398.105984,64,9600.393655
6764979.996046,198,9604.063881
-117748.472499,1,9604.081914
7352170.630041,232,9608.474444
5578083.391583,90,9610.16364
6902781.614972,178,9613.517426
-117790.963549,1,9613.534447
-159465.597908,2,9613.574491
-155230.328194,2,9613.610576
1443494.696408,250,9618.250991
-133244.939095,250,9622.951653
-144626.081761,250,9627.58229
-37685.09573,250,9632.206005
-136802.150326,1,9632.223519
-144453.85027,1,9632.246068
-158440.012827,250,9694.904698
-135238.171977,1,9694.922327
6437821.625185,167,9697.91466
-59085.880942,250,9702.416264
7166424.232256,204,9706.162028
-117844.552794,1,9706.18154
6571002.738455,158,9709.046087
5690283.063861,90,9710.649425
5845760.444477,64,9711.803275
-729547.783146,250,9716.327775
-135426.284106,1,9716.345979
6595226.576123,159,9719.199175
6185190.817851,154,9721.902589
-138062.668722,1,9721.920615
-135533.654362,1,9721.938683
6163665.210623,160,9724.748283
5761612.211168,124,9726.909504
6720650.660603,176,9730.099516
-126671.695914,1,9730.118122
-117403.355641,250,9734.754784
6084282.730804,116,9736.826162
-135388.38262,1,9736.849944
-117851.214647,1,9736.87306
6252640.402376,129,9739.227486
6655785.325694,194,9742.690328
-118947.462822,250,9747.179827
111436.995666,250,9751.691674
66413.289176,250,9756.169116
41576.460904,250,9760.734796
-21448.820293,250,9765.252155
-117769.935361,1,9765.270187
-126604.780839,1,9765.288216
-153787.746118,1,9765.306228
-144433.145328,1,9765.323395
-174416.607734,2,9765.357496
-135477.521301,1,9765.374988
7084663.232485,208,9769.036024
6611548.23033,166,9771.928181
30469.17569,250,9776.428822
5977395.101947,133,9778.822074
82265.017616,250,9783.187477
-126705.558681,1,9783.204994
-135527.426524,1,9783.224193
383492.372185,250,9787.626628
-117743.142682,1,9787.647135
-126670.736763,1,9787.664166
-134450.760777,1,9787.681638
5789371.819475,116,9789.813233
6231790.7875,134,9792.210018
-117789.837523,1,9792.227962
6308442.734673,125,9794.443535
-13316.407786,250,9799.009044
6117122.330425,135,9801.411095
7113017.132877,173,9804.562997
6201578.395903,132,9806.960646
-149889.591371,250,9811.392341
6436532.043825,152,9814.086936
-181566.110525,2,9814.120468
-126575.885034,1,9814.139161
5559998.553506,57,9815.14441
6470659.55168,136,9817.609248
132161.578337,250,9822.077596
-133309.07069,250,9826.512165
7700702.378218,228,9830.93348
-117855.572478,1,9830.951427
95128.116796,250,9835.608422
-117847.515728,250,9840.228373
-135528.757842,1,9840.246976
-131323.639779,250,9844.908305
-152648.177473,250,9849.646354
-144317.489378,1,9849.665872
7253641.519724,196,9853.427115
2568791.633085,250,9858.085983
5516297.568134,77,9859.493394
6258592.267419,112,9861.583303
-154490.525395,1,9861.600825
-196644.566083,3,9861.649377
-117764.768807,1,9861.665911
-135504.876138,1,9861.682937
-156987.346611,2,9861.723508
6616678.416206,180,9865.148015
-151435.244618,1,9865.166034
-126671.913729,1,9865.18355
-149201.580379,1,9865.202099
-6736.964622,250,9869.772986
181055.082035,250,9874.428068
-135518.397241,1,9874.449577
-154157.081288,1,9874.469603
-108160.012228,19,9874.866025
5856641.082136,110,9876.939363
-122988.576951,250,9881.646368
5977014.685068,96,9883.444529
-117764.502024,1,9883.466071
146982.15422,250,9888.087954
-609297.781113,250,9892.651135
7333749.530806,203,9896.300673
-126569.088953,1,9896.320694
-135596.615969,1,9896.339729
-117788.62623,1,9896.361291
-135584.432222,1,9896.381076
-164499.288686,1,9896.400668
-135487.606877,1,9896.421952
6634162.544715,159,9899.257103
6063195.859447,125,9901.474569
-126676.252806,1,9901.492169
6431436.241902,172,9904.554264
5556485.163986,71,9905.878365
-135392.944352,1,9905.897547
-171501.39321,250,9910.551279
1906942.376182,250,9915.065126
-117852.574525,1,9915.083152
-167921.772596,1,9915.101176
-126651.625512,1,9915.118869
5547079.696469,95,9916.809465
-126574.717052,1,9916.829211
6220164.259201,171,9919.860049
5966347.506157,132,9922.286614
6208247.880714,189,9925.798349
41714.936515,250,9930.390546
1998955.330595,250,9934.999012
5772955.015772,60,9936.182641
-151489.000277,250,9940.729723
6313132.517812,166,9943.690236
-155832.512723,1,9943.709478
6254008.575567,137,9946.201071
39.375955,250,9950.798527
5829095.707223,84,9952.333916
6871768.06757,179,9955.661378
6320965.591775,148,9958.331652
6626732.894907,115,9960.392369
6242597.727913,75,9961.728977
6413230.90119,163,9964.679357
6202797.589891,82,9966.162797
5963549.183482,131,9968.54019
-117848.272369,1,9968.557908
-129627.402541,250,9973.173988
-134963.958562,250,9977.686268
5957657.666367,153,9980.451127
7072482.9392,231,9984.617244
-135686.416652,1,9984.636262
77765.759371,250,9989.050297
126156.220746,250,9993.527521
6507385.625472,161,9996.48186
-124408.930198,250,10001.113388
5882800.818368,120,10003.367553
-135595.576984,1,10003.387574
-126577.900972,1,10003.406087
-117805.346551,1,10003.422642
-144623.72837,250,10007.909275
64911.919167,250,10012.48525
5704069.952421,105,10014.351975
-115999.097981,250,10018.754522
1377593.336347,250,10023.14207
-144368.432231,1,10023.159745
6492628.260972,163,10026.0324
-117760.204157,1,10026.049561
6029448.054911,209,10029.701216
-153178.434039,1,10029.719825
-120686.047627,250,10034.11445
-29286.436506,250,10038.540928
5910687.782272,139,10041.112824
220997.67577,250,10045.513513
6472680.09187,186,10048.851599
5484915.294473,180,10052.060411
-135530.163455,1,10052.080438
1724247.319253,250,10056.548719
-117748.476483,1,10056.570259
4176.335215,250,10061.153434
141361.191627,250,10065.722048
6259224.194663,117,10067.863083
5798900.62402,145,10070.56361
6274991.165077,137,10073.107164
-155855.815629,1,10073.127844
-160044.180951,1,10073.145355
-135493.487076,1,10073.164918
5890276.109888,107,10075.16972
6080528.848767,156,10078.03741
6107412.110648,127,10080.420809
-35444.547007,250,10085.115059
-144330.894983,1,10085.13706
89858.372989,250,10089.833372
5387972.109638,68,10091.0989
5883975.57624,84,10092.671405
-117745.645147,1,10092.690495
-117654.617234,1,10092.708473
-126564.200798,1,10092.724962
72179.010379,250,10097.408577
36865.670436,250,10102.0628
5607094.391931,87,10103.703038
5786654.8362,50,10104.638426
5807399.22267,62,10105.825983
6631726.344766,181,10109.227616
-128718.722741,250,10113.934759
-10069.429638,250,10118.623629
-135408.272047,1,10118.64466
5954496.94179,130,10121.00432
-166886.781731,250,10125.588906
-126699.946801,1,10125.609947
-135171.492316,250,10130.23325
1564210.357759,250,10134.771601
-135736.126519,250,10139.386342
1419884.759015,250,10143.931415
-124352.188233,250,10148.391974
6170824.59611,143,10150.948537
5958236.153579,120,10153.114701
-117797.371698,1,10153.136091
-117781.772449,1,10153.152344
5822366.605332,114,10155.286724
6787807.433583,213,10159.157197
-134496.400081,250,10163.641263
92263.703698,250,10168.116294
-119878.434858,250,10172.772257
5760499.257773,55,10173.779408
5766337.278515,121,10175.949221
6208964.359901,163,10178.843584
12099.154667,250,10183.313923
-150105.702815,1,10183.332624
-150335.032466,1,10183.354373
-134593.231457,1,10183.37462
5425192.656479,91,10185.031857
6816991.202317,163,10188.033503
1735758.141447,250,10192.541768
-135403.43211,1,10192.561315
96637.137591,250,10197.09671
-132857.662038,250,10201.677466
-135393.099829,1,10201.700529
-146180.941037,250,10206.351863
-138304.31559,1,10206.369679
1172713.82833,250,10210.884713
-138049.134822,1,10210.905245
-117746.791039,1,10210.922262
-135397.796771,1,10210.941397
6181665.053986,128,10213.248868
591650.879434,250,10217.819159
-153480.228635,2,10217.856209
6188150.407681,178,10221.023999
-172595.980132,250,10225.443645
6260897.373012,152,10228.214034
-171591.890428,2,10228.254627
6255032.604788,162,10231.198133
7626970.540533,203,10234.863221
-129315.964666,250,10239.288857
1913766.302213,250,10243.799698
-125585.318309,250,10248.308108
-117759.376502,1,10248.325236
5879440.577278,118,10250.362477
6577781.168515,161,10253.302855
-15698.177941,250,10257.714178
5866695.662717,140,10260.251575
-135596.531216,1,10260.271539
5653793.866877,110,10262.247374
6475003.604311,114,10264.224249
-21166.842158,250,10268.694961
-150711.07305,250,10273.160992
-2827.810373,250,10277.575007
5722268.904702,75,10278.89035
-135539.024824,1,10278.909868
-119149.769911,250,10283.298141
-169801.26069,2,10283.333498
-82630.669192,250,10287.810693
-43084.744476,250,10292.258711
-120247.545778,250,10296.712909
947692.682032,250,10301.284069
5845546.260351,124,10303.510947
-119867.608376,250,10308.000107
62652.280014,250,10312.660483
-146379.445164,1,10312.678956
-123262.299932,250,10317.486082
-126670.950886,1,10317.509105
7034491.269147,237,10322.095331
-116757.232025,1,10322.11308
5893573.871317,145,10324.889286
174636.121672,250,10329.537278
6955354.514649,217,10333.726196
6055552.342351,142,10336.416857
-150490.372917,250,10341.050427
5587971.155425,91,10342.762294
20246.355813,250,10347.57104
6459580.073403,143,10350.278395
-118015.716578,250,10354.912488
2332761.878264,250,10359.525837
2096930.62966,250,10364.180974
-135594.795161,1,10364.202287
63.097152,250,10368.820427
-136572.508458,250,10373.364433
-154982.659048,1,10373.382987
-144312.91145,1,10373.401021
10106.596908,250,10377.896133
-148569.927842,250,10382.378293
-123311.000421,250,10386.751243
-117751.542543,1,10386.77185
-126616.626162,1,10386.791872
5923842.309661,115,10388.874048
-129716.300453,250,10393.362385
-126698.221256,1,10393.379953
-7089.675798,250,10397.97053
-60883.8491,250,10402.44358
6566046.003231,148,10405.227009
5901367.946155,134,10407.671751
2177611.333244,250,10412.265221
130218.768867,250,10416.794927
-138092.777202,1,10416.813953
-117751.974018,1,10416.833983
5424387.08469,158,10419.805075
6833884.38877,217,10423.873995
-11236.928508,250,10428.321366
5902171.829679,119,10430.443341
-114839.211764,250,10435.072248
107170.313685,250,10439.694531
191584.127857,250,10444.134587
6154410.074311,162,10447.022117
6473042.891866,144,10449.609477
-137881.638425,1,10449.633227
6335430.239488,116,10451.732973
-126741.82692,1,10451.748548
6062457.312198,142,10454.316032
-135508.53521,1,10454.335152
-131916.88754,250,10458.606544
-156008.440287,1,10458.625062
-115071.73646,250,10463.023609
-138308.651722,1,10463.04163
2227371.739153,250,10467.911092
152507.029713,250,10472.970462
-139778.464033,250,10478.14125
5999041.940412,125,10480.710033
6986697.260823,210,10484.893815
5606515.612049,177,10488.353636
-9710.782501,250,10493.311226
-117749.565659,1,10493.331357
-196117.678788,2,10493.370687
6417450.477704,177,10497.016201
-117657.356863,250,10501.953271
-126573.395504,1,10501.97192
5754351.527089,101,10504.048431
47250.770999,250,10509.030936
6390704.561462,106,10511.177578
-91075.416584,250,10516.278519
-137992.497683,1,10516.301492
5626207.03727,98,10518.06193
86918.665622,250,10523.126591
7388882.296814,203,10527.315176
-121399.140761,250,10531.925879
-132297.140907,250,10536.690782
-138124.193133,250,10541.243128
-126381.475661,250,10545.83857
-126565.564267,1,10545.856091
5915949.278481,115,10547.980726
-120439.259578,250,10552.493256
6622147.945503,143,10555.037206
-135395.166755,1,10555.053637
-135521.003412,1,10555.072187
237004.955546,250,10559.522001
-128571.007635,250,10564.029402
-154744.237831,1,10564.054249
-135490.523493,1,10564.076253
294785.386753,250,10568.659474
-144517.119284,1,10568.684695
-154869.108575,250,10573.169822
6061716.675369,162,10576.204495
6259196.104955,120,10578.326435
2451205.050658,250,10582.934353
5944226.228218,84,10584.438738
288217.45162,250,10589.029778
-117753.125992,1,10589.051829
5905887.074756,132,10591.40297
5949911.949946,124,10593.681521
-135325.985763,250,10598.391411
-117750.84797,1,10598.412474
-6968.063203,250,10603.156654
6524240.234242,136,10605.810417
5877870.49751,134,10608.212885
-59396.377607,250,10683.197803
5919281.509407,114,10685.262964
-666842.859672,250,10689.712104
6193162.963886,111,10691.666634
6081990.550791,99,10693.385173
-151333.866619,1,10693.402527
6625979.480778,174,10696.444316
6082960.051932,109,10698.385936
-116863.523928,250,10702.854369
6536380.945609,181,10706.074265
-168018.102341,2,10706.11079
17530.428576,250,10710.571243
6556772.119636,164,10713.524372
68078.424066,250,10718.135225
-117749.10479,1,10718.152886
-117855.441756,1,10718.171259
5859048.632821,116,10720.183508
5851874.080947,101,10721.963788
174.217652,250,10726.448761
5744184.551031,65,10727.570539
1421664.530856,250,10732.018871
-114159.310015,27,10732.511842
-137670.75077,250,10736.889787
-117844.807265,1,10736.90629
5689602.115346,132,10739.220003
7134314.16605,224,10743.187413
-135539.202796,1,10743.204468
5775643.349228,78,10744.563859
175414.189904,250,10748.962848
-17703.427034,250,10753.389687
-126764.818783,1,10753.410465
6886146.854535,203,10757.03313
5810259.704402,155,10759.782664
-117744.256704,1,10759.800745
-136419.833093,250,10764.242732
-135497.397405,1,10764.261281
-135500.322148,1,10764.282297
-123743.343802,250,10768.63087
6652293.782743,210,10772.34466
5516061.864844,52,10773.320389
-117845.529612,1,10773.337469
-29226.852937,250,10777.734573
-138348.829164,1,10777.750598
6117880.916478,133,10780.057044
-155450.922421,1,10780.077564
195644.104548,250,10784.384938
-117743.652009,1,10784.401453
5986232.946294,116,10786.375057
193476.947486,250,10790.842999
6196880.124795,159,10793.821826
-136046.361821,1,10793.838318
6070938.980256,92,10795.49668
-141374.60144,250,10800.277156
-127547.353673,250,10804.888718
-140932.647311,250,10809.245127
1752068.229773,250,10813.811007
89295.813651,250,10818.330781
-153254.786003,1,10818.347816
-135392.378445,1,10818.370199
-117847.497502,1,10818.388565
5601778.648295,121,10820.65576
-105468.198909,250,10825.299653
5563834.981759,108,10827.22682
5946087.429361,101,10829.170477
-136318.366558,250,10833.827566
5956651.484828,122,10836.15283
-137271.08869,250,10840.811664
6058096.330285,81,10842.23926
6292456.125592,166,10845.278676
-126609.881256,1,10845.297256
-23845.192487,250,10850.12893
-178831.322116,250,10854.587922
6001420.405948,93,10856.191639
-126568.793673,1,10856.212504
5912236.456547,110,10858.216291
-117743.34103,1,10858.238035
5664382.69534,102,10860.045574
-144561.495411,1,10860.06467
-117746.397042,1,10860.081811
-169913.865093,2,10860.121643
7007737.167253,152,10862.836241
-168169.446078,250,10867.387607
6378593.47297,189,10870.83053
6357989.004804,144,10873.315541
6518906.471363,205,10877.052379
6158451.826581,163,10880.017976
6560811.502532,182,10883.208983
5937308.865505,147,10885.77002
-144416.530325,1,10885.787019
-135426.30718,1,10885.806211
-141934.418048,250,10890.426423
-128122.587789,250,10895.144827
-123551.340143,250,10899.767177
5994929.292083,103,10901.547417
6050296.78696,92,10903.185767
-136658.643252,1,10903.205786
-155149.389161,1,10903.222299
-152912.842559,1,10903.239321
-121564.285924,250,10907.813673
6109623.734977,149,10910.509968
-153918.711905,1,10910.532334
-158435.901722,250,10914.880861
6177891.581936,122,10917.052764
-142607.433212,250,10921.585958
158691.89014,250,10925.961212
-126578.646846,1,10925.978987
5600490.470662,77,10927.343018
6660232.508787,203,10931.258406
-156011.464859,1,10931.277315
5640874.88684,62,10932.463643
-126714.261761,1,10932.48249
-184782.16468,250,10937.017274
-144413.228988,1,10937.033386
6722930.267256,221,10940.873377
5322023.342303,117,10943.004391
5892341.980428,152,10945.604451
-138059.240609,1,10945.621981
5787841.231384,60,10946.761399
6138891.484525,171,10950.092512
5827145.617432,126,10952.45547
-43234.602078,250,10956.844915
-126573.281176,1,10956.863076
-132570.813365,250,10961.248189
6079552.81055,124,10963.554725
-117611.343411,250,10967.949414
-129593.720553,19,10968.282022
5975317.830129,96,10970.020504
-155940.234929,1,10970.03764
-160575.662767,250,10974.442882
6994597.326712,230,10978.491577
6122897.242409,100,10980.324744
5575652.297044,55,10981.359987
-117762.924035,1,10981.379353
-130364.958472,250,10985.796622
5837428.389366,131,10988.048553
6430392.135971,143,10990.582985
-114590.578403,146,10993.182086
-126782.876886,1,10993.20312
5906580.30544,117,10995.382324
5735835.160001,78,10996.850238
6197996.408405,107,10998.698352
6037095.363075,78,11000.071967
-72550.583517,250,11004.544705
-168716.075973,250,11008.954763
-135485.90432,1,11008.974605
-116753.116934,1,11008.991666
104934.414455,250,11013.402035
1747447.654454,250,11017.772072
6436327.711701,167,11020.692897
6120314.954684,140,11023.18945
6026902.650125,115,11025.173262
6055811.708231,139,11027.642687
6255090.273815,140,11030.142521
5860055.007266,146,11032.972842
6888264.8228,171,11036.35833
-135633.157862,1,11036.378668
-138338.307405,250,11041.190623
-144237.478563,1,11041.21368
-126563.254273,1,11041.230696
5709434.819991,103,11043.057574
-117849.937925,1,11043.077904
-151878.222004,1,11043.096457
-117664.791129,1,11043.1179
5960977.624019,114,11045.272151
-156590.026584,250,11049.691858
6652244.16865,207,11053.527718
5797414.940824,136,11056.007432
-143579.375307,250,11060.668636
2606420.765007,250,11065.413251
7127561.559601,223,11069.600411
-135572.146447,1,11069.623149
6356246.167266,207,11073.490402
-117907.894241,1,11073.509174
5672838.30015,117,11075.621094
-117756.888776,1,11075.641803
38060.338382,250,11080.154392
-155722.162338,1,11080.174036
5616702.452119,106,11082.135266
6001943.911784,114,11084.208094
6466207.796571,193,11087.706779
-135581.581846,1,11087.723265
-160457.350262,250,11092.028452
-135532.672056,1,11092.044987
212238.025538,250,11096.609713
5766428.180161,83,11098.143095
6137208.411156,164,11101.081014
-131012.262103,250,11105.82559
-131611.010834,250,11110.344903
181322.590723,250,11114.767892
-148513.755912,250,11119.213182
276162.338437,250,11123.733538
-112280.209259,250,11128.335551
-661845.913063,250,11132.851075
-139727.398227,250,11137.25481
5663993.6132,79,11138.627127
-125671.864807,1,11138.646175
6978784.706308,202,11142.202288
5723569.127391,136,11144.652565
60285.712779,250,11149.061321
-13131.109464,250,11153.521818
7142476.904263,226,11157.545832
-71450.16772,250,11161.981251
-126463.024133,1,11162.006261
6335263.085216,125,11164.249209
5723656.756893,83,11165.755661
6169216.52177,144,11168.365162
-113032.164659,1,11168.38571
-135636.465578,1,11168.413726
-120501.315374,250,11173.0258
7420326.297032,241,11177.354754
-144139.259938,1,11177.38382
-117740.850313,1,11177.401561
-126602.951305,1,11177.41985
-178501.881752,2,11177.468559
6162958.894394,127,11179.664495
-135589.601122,1,11179.683517
6673920.680283,158,11182.703392
-47241.135788,250,11187.499127
-124696.700185,250,11192.335713
-135489.419975,1,11192.354289
-22650.550788,250,11196.825358
128818.395336,250,11201.37843
-126765.068249,1,11201.397434
6137216.083848,132,11203.815297
6238190.907838,133,11206.399709
6257397.475701,113,11208.303123
6000319.179144,100,11210.011487
5417431.141802,59,11211.071034
7578774.651874,209,11214.830412
-117758.541167,1,11214.848409
-144315.637886,1,11214.867353
-138737.762624,250,11219.371588
-107886.007629,250,11223.70052
-24433.487242,250,11228.158066
6158061.630796,91,11229.718832
-138882.565279,250,11234.127979
5409492.766642,34,11234.708679
6089186.720848,79,11236.095991
97260.882743,250,11240.517812
6793922.733293,177,11243.707512
-133454.984369,1,11243.725062
5760551.527431,91,11245.300658
-123778.176562,250,11249.807201
-170199.530631,250,11254.136394
5962270.917771,128,11256.403347
50432.197743,250,11260.941278
-133661.725229,250,11265.379435
6105927.546002,172,11268.441731
-135513.656991,1,11268.462973
-120775.478589,250,11273.162153
-130013.37041,250,11277.831366
-126702.813911,1,11277.850403
-141032.898089,1,11277.869086
6626725.046366,174,11281.035813
5978468.590015,100,11282.959199
-117764.433946,1,11282.97533
6170970.922131,96,11284.693772
-18699.473455,250,11289.20169
5858799.041499,125,11291.461962
56624.053061,250,11295.975101
-145243.182433,250,11300.560718
-124154.917884,250,11305.267687
-136959.971212,1,11305.28638
6065848.441368,120,11307.43088
5763821.670549,224,11311.435934
-135538.175609,1,11311.461061
-144312.85244,1,11311.48625
72272.856389,250,11316.009616
5809486.374989,85,11317.524856
7557715.656316,204,11321.166572
52482.607533,250,11325.724663
6126046.252919,156,11328.575993
222287.907763,250,11333.343541
6046715.143335,119,11335.463429
46927.441874,250,11339.89227
-117979.063748,250,11344.361732
-123819.525119,44,11345.162783
-135392.082624,1,11345.184428
706827.727496,250,11349.705833
5749344.651056,138,11352.080643
-144513.587691,1,11352.097229
6890330.239797,186,11355.359768
253768.900461,250,11359.76282
5676733.478171,102,11361.639449
-142722.18808,250,11366.074843
5829696.498449,69,11367.273798
50309.647692,250,11371.740113
-117845.431494,1,11371.761024
5735792.329043,109,11373.691032
-121395.676124,250,11378.147501
6151750.300163,131,11380.502209
-137707.952765,250,11384.897993
6335686.510927,142,11387.337336
-126600.858261,1,11387.356974
7002526.96279,197,11390.904641
5711968.843153,249,11395.401135
6790111.228257,165,11398.500909
6360013.485764,146,11401.006296
6078650.309418,134,11403.468614
315473.881839,250,11408.003675
-155943.50365,1,11408.021551
-126569.903834,1,11408.040168
5791363.105442,85,11409.499533
-144411.697647,1,11409.520876
-161164.670536,1,11409.542419
-159259.561543,2,11409.591954
6068488.433645,89,11411.185215
6197674.34462,105,11413.037401
5737790.950201,100,11414.891086
25833.465342,250,11419.726794
5754006.387732,105,11422.035079
5578702.35242,46,11422.963509
5626827.404034,113,11424.978391
113295.871737,250,11429.397238
5771351.658551,115,11431.587025
7297644.989455,230,11435.684902
-145285.777294,1,11435.702454
-117767.637985,1,11435.723475
6094023.214031,137,11438.306757
-121708.613528,250,11442.730665
-117742.538733,1,11442.748851
-135598.958498,1,11442.772388
-117747.637838,1,11442.795378
-117744.522122,1,11442.816925
54461.11547,250,11447.197801
5786859.917803,143,11449.687304
-117749.871959,1,11449.704317
6730726.98791,162,11452.630109
-126698.305247,1,11452.647134
5696598.80514,87,11454.146023
41862.915223,250,11458.688021
-165545.460725,2,11458.72675
-135387.679513,1,11458.747721
-156164.313717,1,11458.769746
-138209.572779,1,11458.786766
-124937.751243,250,11463.36291
-128146.268062,1,11463.3815
-92496.164672,250,11467.847185
-155636.251482,1,11467.864695
-152070.91696,250,11472.308615
-75580.045646,250,11476.693475
2206424.57649,250,11481.203498
-126662.53256,1,11481.221496
-118369.324946,250,11485.54615
-134709.802297,1,11485.562689
7046572.885022,226,11489.503273
563.007509,250,11493.890547
5723236.755495,104,11495.674662
-126774.736475,1,11495.690188
-154997.667916,1,11495.711231
5759295.857504,53,11496.645631
78206.032313,250,11500.966048
11938.454371,250,11505.328659
5988193.603725,114,11507.338001
-135484.969412,1,11507.358024
-112639.724459,250,11511.892472
-120547.713732,250,11516.430734
6964462.79526,208,11520.301043
6067925.847088,149,11523.030146
6012750.11875,91,11524.661743
74008.986448,250,11529.159928
6080518.139184,220,11533.112427
-172225.432672,250,11537.723095
5406994.905165,40,11538.399319
167277.611646,250,11543.103079
6415946.632583,149,11545.910147
5774627.650248,100,11547.760988
6658057.871598,143,11550.424597
-117867.471159,1,11550.442766
-117777.060578,1,11550.461784
-126680.262106,1,11550.482429
-117743.939885,1,11550.504427
-117748.84229,1,11550.523474
5592727.738647,52,11551.450495
-155726.78934,1,11551.467517
-117754.230648,1,11551.484546
-126668.054087,1,11551.501641
5861148.370821,129,11553.817737
5736474.879841,109,11555.825488
-154766.626986,1,11555.84609
-117745.272253,1,11555.869713
5811941.139909,131,11558.242726
5777833.996184,94,11559.92333
5931436.409076,95,11561.754684
-166119.111242,250,11566.396371
-117750.993864,1,11566.414289
5488464.137204,114,11568.490736
-135448.81091,1,11568.510732
5842144.780636,105,11570.439511
344733.481683,250,11574.876652
-135392.820084,1,11574.894668
-126765.437787,1,11574.912489
-151897.388916,250,11579.413226
-117749.332118,1,11579.432647
6694865.981184,191,11582.833468
6489480.660257,208,11648.632686
-138231.907661,1,11648.654497
2141629.436632,250,11653.180116
-126578.553325,1,11653.199534
-126571.615785,1,11653.216601
-117761.665447,1,11653.23226
-144374.561939,1,11653.249073
212977.350948,250,11657.604535
6029009.64774,121,11659.755891
54816.315785,250,11664.426245
5727494.416931,129,11666.706117
5763395.673419,88,11668.354412
-126593.102844,1,11668.376067
-172501.030336,2,11668.41244
-11661.407576,250,11673.164774
6592979.032506,198,11676.786045
5974123.94047,124,11679.015845
6250751.097553,171,11682.03496
-146611.216919,1,11682.05246
121777.234701,250,11686.588276
174329.000595,250,11691.05036
5895597.769053,80,11692.417338
2297024.520055,250,11696.767365
5949411.758974,126,11698.986297
6171799.390634,146,11701.564976
-126665.40211,1,11701.584487
6138407.443878,88,11703.178642
-44542.709456,250,11707.629384
-120151.678914,250,11712.161926
-57542.610994,250,11716.718774
6670585.076889,212,11720.425722
5982085.816181,124,11722.568481
-143925.439723,28,11723.068646
-32050.814934,250,11727.446306
6525205.752235,152,11730.278575
-135670.492166,1,11730.299437
-136617.558153,1,11730.316544
5998693.831244,117,11732.379195
-95682.477967,250,11736.998088
60111.584591,250,11741.562794
2073673.051339,250,11746.018781
5623044.748076,80,11747.443117
-154027.53538,250,11751.963509
-153262.732876,1,11751.980701
-140665.446485,1,11751.998217
6322358.212211,142,11754.76958
5904143.342848,115,11757.001299
-117762.177147,1,11757.020654
6201306.991876,113,11759.234822
-117747.725205,1,11759.253352
-81157.981231,250,11764.110454
5619967.361638,78,11765.579256
6568745.149088,158,11768.377164
-146651.581598,1,11768.397343
6092327.961813,128,11770.748983
-154200.455077,1,11770.770998
6783849.844193,175,11774.010302
-126572.479258,1,11774.030771
5707778.976612,222,11778.180929
5987589.400956,119,11780.392739
6064764.923297,90,11781.94569
-126607.132769,1,11781.963198
-149821.720406,250,11786.390445
5559989.736861,109,11788.412786
-135469.173407,1,11788.432804
6728660.269368,198,11792.034377
-135445.301969,1,11792.051404
3030069.236202,250,11796.712604
5668734.063628,125,11798.972725
-174903.53378,161,11801.93662
5746715.819135,189,11805.389937
-108930.20831,250,11809.80003
31212.575632,250,11814.122324
-132354.191885,12,11814.319017
7246075.407139,216,11818.16786
-131701.282377,250,11822.711764
-135483.525221,1,11822.731054
-152542.278447,1,11822.750285
6057943.754161,123,11824.914546
45876.780312,250,11829.269437
-229078.761625,5,11829.35348
-166141.401603,250,11833.649053
6402294.963299,156,11836.415678
-127675.789822,250,11840.842251
-138318.102102,1,11840.861772
2834970.787262,250,11845.294428
-114415.606159,250,11849.722639
5905214.694074,147,11852.343449
-156084.442303,1,11852.361893
1963430.463036,250,11856.732458
-135489.697428,1,11856.756159
-126677.560937,1,11856.780687
5708176.453399,120,11859.13405
-135393.382966,1,11859.145035
-122333.396662,250,11864.001547
6790412.904341,207,11867.940102
-126563.748804,1,11867.958763
-83693.495555,250,11872.600156
-117858.674541,1,11872.618242
6808375.933251,136,11875.251087
5827582.486484,158,11878.221643
-126586.423723,1,11878.24047
-97351.641479,250,11882.956515
-135384.050974,1,11882.969899
147878.01405,250,11887.66627
-141223.674497,1,11887.686842
5902955.53055,178,11891.077071
-129412.812552,10,11891.274126
-144407.986847,1,11891.292533
5955742.691008,140,11893.886715
-98320.760816,250,11898.353151
6449108.199041,155,11901.209665
-135531.554813,1,11901.227148
-117748.071591,1,11901.239978
-126027.171101,250,11905.815025
6329661.887733,160,11908.802074
425843.888113,250,11913.365247
-593967.991444,250,11917.883723
5912129.335049,114,11919.941455
-117753.691474,1,11919.958232
6152416.27232,133,11922.212494
-122737.505727,250,11926.455906
-143404.427136,250,11930.758245
5825861.080263,120,11932.83278
1973754.236344,250,11937.150169
-112453.770389,250,11941.405757
1700975.480544,250,11945.646863
-135613.120431,1,11945.667943
5650326.590328,72,11946.916814
-144317.249201,1,11946.926873
-104408.388959,27,11947.395528
5965374.677847,121,11949.514086
6405753.297471,174,11952.425256
5867533.931333,129,11954.676594
6072493.075267,128,11956.742037
-165432.807104,250,11960.995753
-55493.757453,250,11965.364527
-126673.738016,1,11965.378258
6025256.748922,154,11968.078477
5770871.174162,175,11971.020801
-135495.743626,1,11971.038023
6783736.878557,186,11974.308451
6374236.759587,136,11976.574571
5962609.381295,77,11977.935487
-166617.955771,2,11977.966321
-161230.580495,1,11977.986504
-21558.366248,250,11982.304845
6429330.123886,195,11985.597763
6562086.418437,163,11988.455065
-117843.7477,1,11988.487793
5787860.639472,145,11991.058505
-142091.608344,250,11995.745811
5847298.813824,61,11996.908487
5543371.261071,84,11998.597819
5601872.20885,65,11999.798068
6443831.43057,144,12002.449785
-153048.421543,1,12002.469747
-131273.161266,250,12007.040776
5910731.000769,98,12008.957221
43891.506852,250,12013.598167
-167541.703554,250,12018.096
-126574.272395,1,12018.115131
-153072.358643,2,12018.156189
-119437.689724,250,12022.67549
-126676.820428,1,12022.695534
177154.593508,250,12027.334806
-135460.80727,1,12027.349262
6382674.100102,144,12030.050534
-137484.440882,1,12030.074315
5824496.206338,62,12031.171262
-126594.635363,1,12031.191375
5820015.821058,132,12033.611616
-156099.790438,17,12033.917204
-139140.189794,1,12033.933244
6127795.814552,135,12036.283076
5770820.554097,82,12037.808198
-132447.661653,250,12042.42188
5905945.143312,110,12044.55082
-117746.410413,1,12044.583224
-144305.128694,1,12044.601506
5659424.963052,82,12046.060849
-164842.364896,2,12046.09746
-125586.792613,1,12046.115425
5898023.161524,111,12048.200326
-161943.656473,92,12049.797608
-199456.868998,2,12049.837372
7601615.468206,211,12053.337771
5832565.229299,144,12055.899002
6480147.303273,157,12058.914328
-126591.545547,1,12058.939708
-63342.593853,250,12063.596455
6145242.778608,176,12066.728165
-155219.841785,2,12066.758701
-155866.33467,1,12066.778963
6506689.184487,139,12069.317569
-119960.209277,250,12073.982629
-154873.166696,250,12078.448753
6126695.975619,138,12080.838037
28892.857109,250,12085.60047
44748.857549,250,12090.250826
5689710.625189,97,12092.026473
6208692.922233,157,12094.930608
-139231.180122,250,12099.848998
-135440.315191,1,12099.869447
5817693.47509,123,12102.264973
7485807.050293,250,12107.049619
6400786.600025,173,12110.299903
6009570.578591,105,12112.271191
5855120.601232,81,12113.580053
5413097.715445,71,12114.775244
-2625.832219,250,12119.339609
-125023.790376,250,12123.690857
-107136.209067,250,12128.073727
116348.90304,250,12132.615705
-135593.189137,1,12132.636203
-92514.471454,250,12137.047438
6117595.358179,102,12138.825521
-126675.207775,1,12138.845628
-158567.760946,64,12140.079197
44493.830858,250,12144.333509
6001763.969267,124,12146.464085
5824181.013956,95,12148.162741
6211672.032019,121,12150.582146
-143292.006775,250,12155.027619
6109016.385111,131,12157.258865
5670048.74448,60,12158.250963
-117742.696256,1,12158.271584
5545455.785697,108,12160.271477
-72795.274527,250,12164.689932
-138600.039737,250,12169.106419
6894059.216691,202,12172.697768
-165025.465212,250,12177.024276
-164702.486195,250,12181.393246
-90733.318794,250,12185.590363
-115654.547698,250,12189.811699
-69053.764802,250,12194.112002
6838106.597981,176,12198.011424
6272309.007321,145,12201.414719
6870980.474918,179,12205.739363
-184564.632967,2,12205.800657
-150248.33794,250,12211.9089
-117752.805378,1,12211.927412
6042548.107176,100,12214.280763
5889226.965477,122,12217.232006
6522500.993284,178,12221.6346
-127263.969172,1,12221.665083
10844.428796,250,12227.896139
-123666.852219,250,12233.922168
-113504.371865,250,12239.976352
-13204.728766,250,12245.993795
6661946.205353,185,12250.474187
-131198.959938,250,12256.418076
-117755.887482,1,12256.448744
6252189.80941,172,12260.52173
-138257.734214,1,12260.552624
5857819.562378,120,12263.432986
-117744.208053,250,12269.348896
-126661.017111,1,12269.380242
2442177.355112,250,12275.430706
5901997.961472,109,12277.93982
5843386.913054,96,12280.291734
-117754.546968,1,12280.318802
6047894.427375,121,12283.213894
5835754.570581,192,12287.665206
-176931.953865,2,12287.716694
6485860.385672,163,12291.705704
-127735.510909,1,12291.737217
5728131.130373,112,12294.530367
6144287.402084,127,12297.664656
-126233.802582,250,12303.699217
5899834.298793,130,12306.746697
1364156.531546,250,12312.844387
-159665.57065,250,12318.88382
-135492.537243,1,12318.903917
-151824.125787,250,12325.010969
6085757.061864,152,12328.673944
-153825.687482,250,12335.036166
5839213.511847,122,12338.127117
5698933.987091,189,12342.843565
735379.794727,250,12349.068573
5931896.496539,139,12352.634368
-135601.42608,1,12352.654395
30366.426095,250,12358.989299
5763196.912934,94,12361.427255
-26232.621618,189,12366.289482
-112997.888173,250,12372.537574
1107414.668419,250,12378.723379
-141610.245667,250,12385.184346
-160313.015116,1,12385.207948
6496638.449289,121,12388.249652
5836289.683793,132,12391.65621
5920516.686612,122,12394.737423
6111231.531524,125,12397.895558
-31378.036397,250,12404.288388
-136659.012358,1,12404.319199
5924041.691186,133,12407.658382
-135568.785473,1,12407.684771
6072603.772743,111,12410.519315
-136170.767427,1,12410.539833
-151387.17577,2,12410.613406
-118125.444652,250,12416.703699
-155931.406556,1,12416.733271
140405.547661,250,12422.904794
-117752.438558,1,12422.936881
5535527.934909,55,12424.379804
5685460.2176,136,12427.846449
6256979.190406,126,12430.981642
5348859.811658,107,12433.648998
-126623.222904,1,12433.67265
-144542.165996,1,12433.6976
5594054.555374,57,12435.059572
-159680.485912,2,12435.120456
-103713.568448,250,12441.277919
-117750.119741,1,12441.302869
1949029.501672,250,12447.55789
6004718.719621,113,12450.40434
133495.773136,250,12456.396513
-135498.675854,1,12456.425011
-29612.019305,250,12462.687381
-126580.58249,1,12462.707476
108525.800823,250,12468.741416
6182304.959319,142,12472.152159
5669361.709845,119,12475.100916
-125990.442797,250,12481.112622
5861538.431907,119,12484.024783
6172607.818839,119,12486.932067
5714340.25421,120,12489.853396
3732.718849,250,12495.875321
157345.419749,250,12501.896276
-117748.11378,1,12501.918324
6738516.021808,189,12506.468587
-196665.831578,165,12510.504406
5654066.991002,119,12513.377288
-117741.840446,1,12513.408161
5730452.051096,144,12516.790315
-126575.734852,1,12516.821192
-121211.725003,250,12522.828438
-142835.465551,250,12528.892004
-117755.389056,1,12528.920464
-147432.077362,250,12535.232379
-118144.807762,250,12541.502923
-144416.377276,1,12541.537367
-116444.119044,250,12547.689692
-117771.994799,1,12547.709913
-184781.708242,2,12547.774716
6172559.338231,136,12551.163119
5896042.815096,103,12553.711546
5657459.338758,149,12557.387159
-120284.199651,250,12563.629805
5675094.161603,60,12565.108347
-125657.263099,250,12571.019951
-156145.635776,250,12577.094235
6164224.637767,150,12580.706812
176544.961107,250,12586.687809
5621408.599521,109,12589.413676
2542550.924714,250,12595.65904
-117751.606319,1,12595.679069
-126692.277025,1,12595.702652
-117754.746191,1,12595.735008
6189089.161925,134,12599.07813
-135592.899854,1,12599.098015
6139898.336753,128,12602.355176
-126685.844272,1,12602.379132
-125764.87906,250,12608.768798
199393.274082,250,12614.912268
40051.095823,250,12621.234583
6075993.117471,115,12624.238416
1031215.530133,250,12630.544317
1217844.200547,250,12636.901378
5513540.431647,95,12639.259029
6256697.40932,167,12643.396896
5757611.323025,60,12644.83767
5693392.947644,96,12647.198284
-152751.708502,1,12647.236415
-155748.898945,2,12647.285883
6857410.455894,192,12652.040839
-285325.26905,52,12653.366179
-134498.346875,1,12653.394099
6821396.583244,177,12657.614099
5754116.4608,67,12659.257585
-135829.336475,1,12659.2874
6040752.77232,124,12662.407509
6308957.321656,157,12666.275352
-124909.062561,250,12672.474385
1396407.823264,250,12749.792523
-126564.053739,1,12749.823004
-124181.510227,250,12755.867946
-122130.809257,250,12761.809805
6706605.644689,190,12766.622782
5716366.951543,77,12768.454323
7587338.486763,248,12774.645956
79170.224067,250,12780.59053
6706344.242326,181,12785.091987
6179198.399346,181,12789.576276
5739270.398537,186,12794.175659
6198523.438186,85,12796.314074
5727254.285466,114,12799.08955
-121232.353913,250,12805.124022
-155982.886977,1,12805.144674
58056.014573,250,12811.252535
6167142.202917,176,12815.568908
5976148.24742,140,12819.056448
-126665.372206,1,12819.089386
6707883.119852,156,12822.909499
20609.774464,250,12828.904587
5993416.701251,137,12832.434722
6098592.859445,165,12836.570242
-117777.255355,1,12836.590891
6672693.289958,157,12840.612834
6212510.702984,155,12844.479143
6239205.239295,125,12847.526172
-126502.432013,250,12853.708765
-119488.836584,250,12859.946276
-117868.256738,1,12859.976851
6165319.841915,149,12863.75263
-152355.443522,250,12870.084862
5784169.530025,138,12873.635437
-149499.997077,1,12873.666465
6113067.515485,215,12879.183411
-135388.916081,1,12879.20764
-189265.499253,2,12879.265229
5402136.752096,54,12880.663277
5646212.435319,238,12886.657086
-121052.88062,250,12892.979508
-150791.249984,1,12893.010201
-117764.475443,1,12893.040714
6186074.265738,163,12897.019047
-138209.850763,1,12897.059783
6008205.25496,120,12899.965141
-144322.324623,1,12899.995561
-143055.891149,250,12906.103277
5652138.434193,100,12908.553864
5548716.951217,70,12910.233538
6767192.288353,173,12914.297481
6524027.596596,176,12918.646838
5528322.195444,44,12919.793209
5878948.253117,127,12922.899047
5814742.182904,104,12925.502561
-135500.704758,1,12925.522643
5912095.607782,71,12927.260921
-57611.4624,250,12933.323573
5966945.606585,146,12936.908403
6023788.681734,123,12939.895794
6082998.286107,82,12941.826042
-117771.453466,1,12941.846106
61934.442932,250,12947.851816
5673789.314146,116,12950.721961
-117900.049476,1,12950.749995
-126779.895007,1,12950.771867
-126578.647505,1,12950.792304
-131089.140282,250,12956.855276
5959413.126467,125,12959.945245
-136007.386309,1,12959.975466
6604.095342,250,12966.128842
-123246.588026,12,12966.416656
6329965.281813,179,12970.841559
47393.998951,250,12976.906017
6246906.882947,118,12979.729767
6633672.316856,193,12984.448561
-122266.853535,250,12990.536388
-161161.505363,1,12990.570773
52835.642939,250,12996.662969
-131053.485551,250,13002.650736
6011567.581678,166,13006.552469
5443480.550578,43,13007.553335
-149459.016149,250,13013.65918
5801230.610985,152,13017.180153
-41507.750744,250,13023.118263
7009341.14948,221,13028.425071
6460044.696894,157,13032.154878
5988723.31601,138,13035.42621
-142897.620091,250,13041.373758
-143755.188398,250,13047.348321
5513482.816394,51,13048.609236
5647869.314895,94,13050.906178
5964285.03098,116,13053.697007
5679423.834233,163,13057.574814
-119192.072561,250,13063.803671
-117744.012047,1,13063.833216
5515180.260068,50,13065.100545
6474203.46806,193,13069.771274
-1864.012795,250,13075.80384
-160643.974636,250,13082.033876
3797.821411,250,13088.246063
-135493.130534,1,13088.273151
6008594.096234,101,13090.713936
6113200.794342,154,13094.503787
-154421.279872,250,13100.729074
-140142.006566,250,13106.866922
5402663.037006,81,13108.914714
5943383.141312,112,13111.763051
5840759.976848,128,13114.910941
1945383.611568,250,13121.248833
-126680.023493,1,13121.269451
-142423.796919,1,13121.295268
6254945.524487,165,13125.457395
5409294.921222,36,13126.432057
6194929.914059,129,13129.615119
-171482.325898,19,13130.077019
5720692.078403,67,13131.740409
5874672.864635,70,13133.44054
5797020.546395,110,13136.1285
5338517.957043,219,13141.686438
178301.22366,250,13147.992916
-133591.76275,1,13148.035167
68095.398887,250,13154.142287
7016184.084521,202,13159.044917
5942588.984396,128,13162.061135
-159121.063445,1,13162.081716
6449188.578804,148,13165.678286
-74846.682179,250,13171.859406
-135487.79395,1,13171.887383
-158093.808427,1,13171.917381
5825827.816553,93,13174.218475
5785931.782547,131,13177.458317
6245423.502091,161,13181.336342
5648238.741109,217,13186.597856
5457234.853885,97,13188.909302
-117321.432557,250,13194.819895
5792718.025008,106,13197.287701
5710106.521238,106,13199.873796
-102116.830097,250,13205.939681
-90899.878333,250,13211.906824
-124456.698537,250,13217.87441
-135536.03218,1,13217.901116
-124767.158018,250,13223.844728
6309854.19558,163,13227.840881
-126562.314678,1,13227.857331
1359325.165426,250,13233.934896
-164615.248292,2,13233.987867
-118674.264204,250,13239.986002
921900.587528,250,13246.049946
6221369.626761,111,13248.725886
5844583.072084,125,13251.848827
5681690.654027,132,13255.169634
-135541.583833,1,13255.190054
-117746.500217,1,13255.223846
-135404.72606,1,13255.246686
6002485.536985,179,13259.630281
5839767.721953,106,13262.198547
-117765.159578,1,13262.231359
5686654.653795,132,13265.533437
-3849.560014,250,13271.443913
5932821.085942,140,13274.835965
6144593.759683,140,13278.252065
6624724.825975,139,13281.496063
-126682.78874,1,13281.525714
-135383.150824,1,13281.551125
6292001.697434,126,13284.518836
5836360.036721,177,13288.728921
-117747.864956,1,13288.744909
5739428.428271,118,13291.647158
-135545.674635,1,13291.675118
-126690.983967,1,13291.698766
-135510.824141,1,13291.719057
-151309.812432,1,13291.751763
7003322.380547,222,13297.176304
5918352.630674,127,13300.186125
6401751.276102,135,13303.492719
5512113.743737,108,13306.159225
6064790.106868,133,13309.458761
-114012.067395,250,13315.611657
-117746.441292,1,13315.63687
-135496.945075,1,13315.656948
-117751.141593,1,13315.68747
5905499.922715,134,13319.075781
-159945.493775,34,13319.921146
-37023.978926,250,13326.28906
6017757.8902,135,13329.633041
5522177.827699,53,13331.092473
5703754.543897,64,13332.704736
1127464.695035,250,13338.930021
6019474.654488,122,13341.928334
-126601.01756,1,13341.949766
5490090.431307,78,13343.877871
-51130.054493,250,13350.255679
-117749.063665,1,13350.286289
6610622.366021,157,13354.244272
6009076.388762,135,13357.608119
5787790.585942,122,13360.692149
-126602.20781,1,13360.723002
5746232.905713,86,13362.877196
5346501.558307,176,13367.384037
468722.270442,250,13373.284888
-137498.553056,250,13379.545605
-124641.68817,250,13385.780979
-118031.605502,250,13391.957024
-126768.334156,250,13398.152544
-31815.209234,250,13404.116342
5805798.746742,62,13405.655831
6861544.559806,186,13410.384234
1725686.842792,250,13416.523114
-135499.800939,1,13416.547694
122946.317727,250,13422.549026
-98809.213638,250,13428.715944
-128671.284257,250,13434.916786
177251.968284,250,13440.869235
5637536.89913,58,13442.336223
-96942.852004,250,13448.398323
-140020.762216,250,13454.424314
-117862.6881,1,13454.454594
-135487.175594,1,13454.47506
6294837.916757,185,13458.88148
616210.431308,250,13464.601673
-117746.867866,1,13464.619254
-175973.849211,1,13464.647779
-162175.784284,250,13470.625008
-147019.455084,250,13476.695452
68911.261455,250,13482.540663
-120372.586019,250,13488.478928
6179832.609659,158,13492.172918
6555444.671257,185,13496.708198
6159331.916682,143,13500.200282
-124052.665993,250,13506.316006
6115025.860441,147,13509.919465
5855008.397084,172,13514.08547
5849511.380505,145,13517.517696
-115149.311974,250,13523.633638
6840121.977993,180,13528.127471
-124286.63646,250,13534.261006
-99890.263608,250,13540.436251
5751762.876876,88,13542.55555
-171689.841177,2,13542.605925
-154789.014579,1,13542.638928
-144408.42187,1,13542.663259
-116526.484806,250,13548.745077
-126697.128252,1,13548.771477
6219832.564299,137,13552.275184
5614628.20507,102,13554.873933
-154417.065997,1,13554.905181
-121818.09816,250,13561.044617
6111289.480809,170,13565.223515
5920558.3125,106,13567.864086
94733.416035,250,13574.232891
5306581.765359,229,13579.882532
5793831.33951,77,13581.730184
43137.723511,218,13587.307941
5764977.870115,87,13589.49264
-135665.744993,1,13589.521362
5410993.496373,65,13591.232959
5685118.67594,131,13594.520482
6000563.228491,148,13598.262362
-162524.434567,1,13598.282501
7214603.566946,164,13602.467057
5524383.948918,43,13603.582624
-165245.92236,250,13609.785342
-40198.583001,250,13615.864972
5397395.555885,137,13619.249112
6193282.873446,123,13622.256918
-126578.917927,1,13622.276976
5896025.030411,136,13625.567972
-118946.071806,250,13631.881338
-117758.721604,1,13631.909194
-40711.634056,250,13638.025607
5987866.733918,124,13641.102856
-144376.551881,1,13641.13076
-116532.040736,250,13647.264525
-117650.924315,1,13647.285329
-126561.047891,1,13647.306152
5667169.490787,69,13649.031622
6260490.248627,164,13653.03911
5819069.970955,123,13656.093912
-135542.55067,1,13656.124644
-117749.289528,1,13656.145138
5784677.115516,100,13658.672026
6978780.963129,180,13663.273236
5614294.205009,82,13665.228944
-125486.097509,250,13671.299498
-117742.557387,1,13671.331982
5731702.291293,78,13673.263401
-117649.675779,1,13673.28047
5362469.975244,95,13675.629097
-123125.917102,250,13681.799847
-160132.943333,250,13688.068649
-173897.928473,250,13694.195097
46694.272119,250,13700.276971
-117860.026354,1,13700.306223
-122219.725343,250,13706.267034
-149659.902248,1,13706.301094
-117752.453053,1,13706.318296
6344226.048342,89,13708.492369
-119124.512375,250,13714.485301
-135502.390234,1,13714.508998
-137975.808503,1,13714.530546
5835231.625153,75,13716.289082
-135393.849478,1,13716.310807
-160610.213236,250,13722.381507
-157780.463139,1,13722.415771
5495921.60306,109,13725.004704
-126573.35019,1,13725.063387
6375277.695764,144,13728.52801
-134363.004981,250,13734.739978
5739126.657826,119,13737.757965
-116482.668294,250,13743.949349
6482858.583653,136,13747.277255
-139432.467185,250,13753.201799
6309218.32702,102,13755.553103
-144309.778696,1,13755.582717
-153720.634594,250,13761.582969
5973016.429174,108,13764.235235
5707157.917418,82,13766.224284
5583564.099194,85,13768.282772
7347096.143814,196,13772.949016
51407.475583,250,13779.051847
5749234.774885,169,13783.18718
-138211.961653,1,13783.22179
96338.958156,250,13789.498836
-117769.036467,1,13789.519114
-124123.459879,250,13795.91888
6779047.632909,193,13800.720804
5423494.363191,38,13801.646441
5766595.570842,58,13803.086301
-181305.631121,250,13809.435694
162383.964976,250,13815.645153
6088578.355491,126,13818.848673
102502.373322,250,13825.064006
6314207.602834,172,13829.487916
-167170.064202,2,13829.548697
5816753.261636,137,13832.953236
-122259.203464,250,13839.353936
5537789.799653,55,13840.705111
-135416.379628,1,13840.734658
6020996.117541,98,13843.133445
-146054.198821,250,13849.397167
-121079.98177,250,13855.663257
5610998.342418,82,13857.617465
6469926.712002,177,13861.949516
5929534.684124,103,13864.480409
-126679.054947,1,13864.510239
-118320.070086,250,13870.612596
-144328.850797,1,13870.632627
5677004.246024,91,13872.807444
48196.186523,250,13879.062925
347825.53548,250,13885.256498
-126700.046561,1,13885.280028
-126567.034885,1,13885.307445
-135514.345978,1,13885.33215
-135490.510941,1,13885.347556
-126490.894266,1,13885.381876
-11554.168064,250,13891.422787
-131362.75562,250,13897.76372
-137447.1894,250,13903.914078
-140147.662983,250,13910.136058
-154019.08096,1,13910.156645
5987404.06545,182,13914.502894
5637885.305729,76,13916.316858
-135618.733318,1,13916.343649
6743979.993793,204,13921.27057
-128525.919345,250,13927.403797
163937.595054,250,13933.347228
5402597.929572,62,13934.827704
5876405.693205,125,13937.833598
5601044.339539,132,13941.120748
-146749.804044,1,13941.15114
-121873.600998,250,13947.0577
5503800.594404,116,13949.826218
-135524.601919,1,13949.851216
-135396.399974,1,13949.880753
131394.769878,250,13955.932494
-33968.311718,250,13962.167943
-117823.392523,1,13962.187274
11256.498544,250,13968.244372
6480042.820425,139,14041.181495
-130583.31007,250,14047.513119
5890249.016796,99,14050.093492
6022847.964139,135,14053.456089
5671970.811962,136,14056.828539
6397789.794845,142,14060.505929
6225591.411764,127,14063.679709
-130860.508173,250,14069.982692
5740453.838952,105,14072.574368
-117751.240593,1,14072.601712
-132510.766574,1,14072.627908
5499112.817054,77,14074.516665
-186366.706492,2,14074.554929
5761253.633204,110,14077.350405
6398174.257,162,14081.340967
7162542.853046,180,14085.853111
147677.244145,250,14092.109971
-123095.677832,250,14098.01224
-135489.664824,1,14098.032187
-123555.908119,250,14104.295075
-119195.889305,250,14110.594892
3367627.123302,250,14116.662333
-121053.923973,250,14122.856714
-153641.462427,250,14129.21813
6794793.729939,244,14135.447113
93391.513676,250,14141.664156
-194244.098422,3,14141.736142
-135501.193794,1,14141.767015
-137785.708672,250,14147.930912
58049.139658,250,14154.009669
6455625.197235,159,14157.980374
6024073.693863,120,14160.940978
7661747.084769,217,14166.307489
256808.447268,250,14172.150473
-117842.629647,1,14172.170569
343070.791587,250,14178.027854
-163060.075534,1,14178.048647
-136085.148243,1,14178.088848
6099827.82188,124,14181.083214
-135608.130489,1,14181.121168
-117762.576044,1,14181.134408
-117749.9182,1,14181.165763
-158689.724046,1,14181.187081
5518039.026158,57,14182.535287
6178598.90106,136,14185.638932
5533321.916777,55,14187.06086
111016.693602,250,14193.021739
6194728.91873,135,14196.234248
6113764.957305,140,14199.48174
6178696.734033,137,14202.668797
6074718.4812,149,14206.225577
6243637.282703,129,14209.383004
65480.282692,250,14215.445836
151061.054994,250,14221.558613
5653977.477656,105,14224.171466
6571490.136696,149,14227.854951
5791260.116778,243,14233.731736
100741.391496,250,14239.761343
5748480.267066,70,14241.490868
84556.950511,250,14247.481673
-168780.545537,250,14253.711957
5995461.974044,128,14256.769707
110380.708936,250,14262.984702
-144313.70384,1,14263.016857
-136719.853944,1,14263.041989
6363481.880664,179,14267.290959
6742074.443046,156,14271.155514
5657235.23757,61,14272.689534
6348739.140109,154,14276.533698
5922079.844792,137,14279.855651
6707140.832058,163,14283.998949
-117743.45174,1,14284.024558
6753443.054008,166,14288.206996
-126581.176657,1,14288.227764
5743202.539041,149,14291.956013
-163976.600042,2,14292.016128
173556.622981,250,14298.348996
-153598.592924,1,14298.375802
-135602.314321,1,14298.402893
-135517.668267,1,14298.426543
-48759.991933,250,14304.479676
6172149.306552,146,14308.067533
-135060.968491,250,14314.47916
-126667.51552,1,14314.505083
5612392.06862,142,14318.090883
5848472.608165,126,14321.280575
5881538.250361,125,14324.480336
-131723.471616,250,14330.844434
-154795.784278,1,14330.865615
6130371.706059,130,14333.935053
6034352.031614,152,14337.608007
5811351.72638,200,14342.608684
5494815.986862,115,14345.501515
5796810.839036,132,14348.793863
137330.605042,250,14354.875768
178704.044254,250,14361.021752
382742.152582,250,14367.151725
6292952.881763,136,14370.544868
-126675.460544,1,14370.576178
5541857.643179,121,14373.611834
6297964.081134,167,14377.613613
-122250.973214,250,14383.586004
-128589.78325,250,14389.85952
-135389.287672,1,14389.883793
-118321.635795,22,14390.519003
-136130.99773,250,14396.526763
6152378.676685,136,14399.903006
-37853.679075,250,14406.128072
-155044.269802,1,14406.148376
5908592.515265,91,14408.364253
-135395.795517,1,14408.400284
-738618.939992,250,14414.54017
6032119.227219,121,14417.449195
6347758.167845,148,14421.031829
-135619.815245,1,14421.062258
109386.937874,250,14427.275909
125548.503617,250,14433.342732
-167190.234632,2,14433.393404
10114.770144,250,14439.471888
5867590.903636,120,14442.38827
-128896.39732,250,14448.437224
-57828.506077,250,14454.469398
5624429.614768,84,14456.544005
-156005.842154,1,14456.568299
-117055.113877,250,14462.769232
196864.637625,250,14468.758957
5832847.318888,99,14471.166342
-200603.510075,250,14477.138999
6241768.627989,177,14481.392969
5557681.941218,56,14482.720852
6077217.462871,126,14485.738652
-117750.614238,1,14485.768135
-126562.984004,1,14485.792499
-117746.718297,1,14485.80853
-153523.468938,1,14485.834732
6201770.879187,143,14489.29919
6022450.173797,113,14492.092259
6023093.714309,140,14495.388128
5597628.525068,127,14498.401936
7230543.36127,225,14503.910072
7233558.317361,205,14508.999717
-124090.599899,250,14515.189136
-144466.598407,1,14515.219783
-135535.120188,1,14515.240473
5894861.899316,100,14517.703995
-123917.496989,250,14524.097764
5646238.677329,101,14526.60797
5744698.912145,99,14529.022283
6406451.308246,159,14533.059785
-105230.423276,250,14539.309468
6631610.635444,176,14543.658534
-125276.551491,250,14549.990694
-117754.529103,1,14550.008142
5940030.788798,156,14554.007986
-136674.618282,250,14560.497384
6589999.100661,188,14565.185003
-118877.600967,250,14571.41151
-128805.344758,32,14572.181818
-125613.556267,1,14572.202089
-126573.926407,1,14572.232866
6577900.225825,190,14576.839386
5890217.825267,115,14579.68381
5825687.25105,135,14583.010406
-120733.153136,250,14589.290441
6091136.111717,116,14592.20702
81208.903089,250,14598.33708
5648368.387111,91,14600.605047
3513.27547,250,14606.640612
6282817.266605,122,14609.586825
222754.616783,250,14615.882928
6410724.858555,120,14618.845481
5987366.053915,146,14622.426097
-167805.895286,1,14622.450534
5624212.061992,115,14625.314421
-117754.65656,1,14625.33792
5787518.460043,112,14627.9967
-135599.701885,1,14628.009389
-126681.795461,1,14628.049755
5885994.088765,101,14630.364429
5406465.49371,78,14632.228102
-117825.176012,250,14638.256693
-135569.088092,1,14638.277207
-135504.034594,1,14638.307776
5497787.515218,106,14640.880513
6047592.76043,129,14643.911666
-123621.569627,250,14649.838551
-132108.019216,250,14655.912374
-130429.440662,250,14661.688954
2242306.202748,250,14667.588642
-126461.021453,1,14667.613805
-117751.622131,1,14667.634237
-144434.399648,1,14667.654809
-135506.110004,1,14667.689357
-126715.882797,1,14667.706124
141138.879992,250,14673.648061
116554.995266,250,14679.616273
-117868.96439,1,14679.636441
5922995.651515,124,14682.63072
-118320.233318,250,14688.728177
-135412.212374,1,14688.746962
-126696.579913,1,14688.777356
5606235.225054,95,14691.094496
5933490.381339,115,14693.910943
-117759.728372,1,14693.933791
-127091.990786,1,14693.950733
14705.368207,250,14700.239938
6094572.474948,123,14703.295405
5858975.226289,133,14706.590411
109312.266911,250,14712.642082
-117752.523403,1,14712.656533
-122750.937145,250,14718.792089
-147949.229752,1,14718.812248
5884273.337957,107,14721.390332
6156616.726518,176,14725.672481
-116753.507323,1,14725.692799
5800117.084886,116,14728.464329
-126564.610702,1,14728.492883
-127150.534206,250,14734.405445
-176167.605199,2,14734.456131
6142276.821453,108,14737.035844
66113.761609,250,14743.092164
-133488.303759,1,14743.122608
5539894.284287,177,14747.316398
5626546.440465,46,14748.48541
5696644.503739,112,14751.174842
-135494.667656,1,14751.215285
6236352.491543,181,14755.820188
-135486.85521,1,14755.85349
6040932.423277,174,14760.257073
5736552.701707,118,14763.159631
6139702.99987,133,14766.492236
5937116.089244,107,14769.186835
6126389.82035,127,14772.447657
6844353.813024,194,14777.18008
6314682.891736,118,14780.010465
-145148.838536,250,14786.476163
5806507.456711,112,14789.397039
-117755.496171,1,14789.424116
-155913.679164,1,14789.441843
-135385.370398,1,14789.472081
-153821.823326,250,14795.785008
6281950.532822,222,14801.334715
-126568.436151,1,14801.36888
-135543.307415,1,14801.391796
-133690.448346,1,14801.411402
5452064.191441,112,14804.20496
169609.642217,250,14810.350147
5541309.085624,117,14813.179384
5394214.190242,66,14814.805607
-135609.059792,1,14814.845374
-126890.816694,1,14814.871075
-142365.86182,250,14820.957703
6302041.414232,153,14824.683512
29498.523564,250,14830.90194
5975953.317055,110,14833.670253
-145085.182632,250,14839.779325
174740.825845,250,14846.036033
6194484.811808,139,14849.446255
-154106.858063,110,14852.14078
-139177.736302,250,14858.217648
90971.198185,250,14864.334503
-117850.333424,1,14864.359834
5778977.808014,69,14866.026092
-126567.911359,1,14866.062265
5690726.300719,98,14868.442544
1228877.707424,250,14874.491043
5871043.452297,212,14879.531671
-126578.248459,1,14879.5625
-117772.194253,1,14879.582889
-135490.240195,1,14879.613358
-135535.450756,1,14879.655089
6070235.185653,131,14882.825163
5849897.593247,128,14885.917684
-135482.97502,1,14885.948224
-117767.087299,1,14885.986956
-117851.978224,1,14886.009041
-117780.566061,250,14892.015207
6132694.299671,92,14894.20875
5461789.755418,118,14897.189302
-126573.090664,1,14897.210226
6770806.127824,189,14901.743922
6929861.391935,170,14905.895386
8929.815092,250,14911.810912
-135385.716689,1,14911.830978
-109812.010017,250,14917.812298
-126570.717636,1,14917.836865
-111780.735183,250,14924.045985
5579586.750288,144,14927.433583
-158030.673121,1,14927.453487
5816175.536685,90,14929.592536
-120101.517451,250,14935.796329
-190842.307684,3,14935.867555
-135504.907239,1,14935.897897
5907689.243471,133,14939.182582
413609.812233,250,14945.185525
5810976.161906,103,14947.678413
-103199.216305,250,14953.792531
-150456.234918,250,14959.905047
5841742.426904,125,14962.938102
-127232.17309,250,14969.141589
6469367.858132,160,14973.000526
-125877.762473,250,14979.292968
-153789.655153,1,14979.326086
5850280.226814,127,14982.402624
-135592.637008,1,14982.432064
-4264.103214,250,14988.73817
-131366.31631,250,14995.094158
6368597.89963,85,14997.198855
5762839.326511,107,14999.854277
-135389.563587,1,14999.887154
5843031.433062,84,15001.981567
372651.365787,250,15008.280785
5905918.026758,135,15011.633451
5869320.317464,122,15014.805918
6499263.494919,156,15018.732361
-156115.274741,1,15018.759485
5854162.560211,156,15022.669836
6280556.965538,128,15026.061223
5858871.532213,105,15028.709383
-135507.234074,1,15028.733662
-135704.354036,1,15028.764257
-119735.164572,250,15035.094776
-154442.032146,250,15041.389682
6621940.894209,135,15044.79428
5620383.197302,68,15046.492299
-116450.892546,250,15052.685404
-117749.612435,1,15052.702721
6144463.852214,107,15055.313287
-189343.461939,250,15061.277161
6258622.72447,149,15065.047436
6133527.189602,142,15068.640817
6326453.705,119,15071.551641
-132480.21036,250,15077.595023
-175866.301349,2,15077.658544
6288880.294884,162,15081.642841
-117763.29632,1,15081.670692
5563281.419225,95,15084.019443
5699231.934561,246,15090.06497
-135404.671706,1,15090.095832
5461103.296945,99,15092.567263
1940357.390422,250,15098.825637
-53517.305512,250,15104.995384
6076187.819039,143,15108.541897
6875440.564668,194,15113.204345
6290775.722274,158,15117.056121
-135489.861105,1,15117.087903
5914813.477702,114,15119.826635
193851.353746,250,15125.893827
6245583.556341,105,15128.52401
53783.995094,250,15134.540154
6000926.118978,134,15137.690792
6304078.416236,135,15140.798877
-144771.982505,250,15146.850847
6194032.355398,150,15150.459547
5481632.426468,120,15153.438001
5845621.700674,118,15156.357997
160383.476495,250,15162.493368
-117749.95324,1,15162.523834
35534.32222,250,15168.69078
-143221.566108,250,15174.71572
231340.252932,250,15180.938038
-117781.367195,1,15180.958452
5869295.510901,99,15183.346838
5728196.495105,118,15186.176442
-117660.073684,1,15186.196896
-150990.567028,27,15186.818084
-136398.981524,250,15192.818046
5408960.5788,101,15195.272434
5824280.550896,102,15197.763023
5758295.003085,69,15199.421718
-126670.47774,1,15199.446754
-144318.020392,1,15199.483374
-190930.018342,250,15205.436993
6408535.472579,153,15209.098628
-138351.311239,1,15209.128844
-144317.743467,1,15209.159757
-130719.386421,250,15215.306028
5893889.756867,151,15218.913298
-196129.129852,2,15218.969936
-142915.668364,250,15224.967478
-117768.61444,1,15224.99854
2516316.34749,250,15231.094857
-139291.664554,250,15237.447478
-138444.398229,1,15237.468074
5391905.545569,81,15239.494037
-138244.889122,250,15245.74217
6382935.977102,129,15248.827252
5782791.215512,104,15251.340061
6094550.349447,129,15254.499437
-153693.264342,250,15260.867718
-167773.263698,2,15260.910632
5530298.936115,97,15263.352482
-187730.7653,3,15263.444263
-136370.478509,1,15263.475088
6867342.440053,184,15268.112777
-163566.784682,250,15348.460708
5929828.226676,98,15350.820485
5686886.354191,106,15353.37237
5545615.65933,120,15356.328093
6525021.752926,147,15359.773343
-153415.274296,1,15359.796238
6098831.529945,137,15363.036096
6264850.088735,156,15366.910085
-96229.151668,250,15372.678198
6258400.18728,133,15375.819476
16493.145054,250,15382.159809
-135466.423759,250,15388.202377
6671278.789559,162,15392.110054
6706708.913215,218,15397.444771
5631882.901382,100,15399.978272
-135626.853841,1,15400.003685
-177162.082646,2,15400.043953
5873546.9566,89,15402.190972
5411262.364144,46,15403.357651
-117848.858535,1,15403.378795
-85806.520175,250,15409.360262
5907753.081843,77,15411.228106
5993055.22622,126,15414.256354
6639893.021618,147,15417.841864
-144355.77148,1,15417.867919
6107794.837709,104,15420.491251
-117849.158409,1,15420.52384
5967555.924844,95,15422.890695
7026259.273765,191,15427.609854
5746803.38719,206,15432.542958
5421660.538111,73,15434.387993
5916602.896672,86,15436.482168
6461294.761608,165,15440.47789
6000345.774658,111,15443.222041
-144316.981583,1,15443.256194
6740765.365526,193,15447.985075
-126693.752259,1,15448.01212
5420692.753818,46,15449.140101
6395315.17962,129,15452.316353
-117748.874586,1,15452.337397
6427672.444762,125,15455.371373
5499444.430816,109,15457.920144
6957177.057336,205,15462.898685
-155880.262802,1,15462.930659
5687557.230769,96,15465.258815
6383047.125439,144,15468.832304
5710255.051154,96,15471.273549
-135490.271545,1,15471.293933
-123972.647214,250,15477.451897
196103.035716,250,15483.735748
-151818.852646,2,15483.786511
5706542.444804,149,15487.466644
6535384.226812,221,15492.880272
5748061.429819,104,15495.513676
-102915.403281,167,15499.739979
5514284.103795,77,15501.636058
-135570.368104,1,15501.664033
-36288.149456,250,15507.854758
-135389.540854,1,15507.875863
-135505.623932,1,15507.905448
-176008.86398,2,15507.956059
5793681.838617,119,15511.041572
-126567.566491,1,15511.081962
6651957.052708,166,15515.375021
-144415.360734,1,15515.406231
-165972.848126,55,15516.737396
-126589.233626,1,15516.760231
5763083.757593,95,15519.164954
141582.387896,250,15525.43518
-154919.68142,1,15525.456122
5738285.074243,71,15527.209776
-155903.487194,1,15527.229711
5984035.698894,123,15530.216174
-143743.962355,250,15536.282469
-117750.607081,1,15536.303755
-117745.440668,1,15536.327001
5741534.440835,91,15538.573605
5399190.97783,63,15540.163997
-118010.230124,250,15546.313912
-148805.762804,1,15546.335587
147522.69881,250,15552.242867
5377297.313405,220,15557.781537
6221153.210141,124,15560.779562
6452730.794585,173,15564.933086
6287355.555106,148,15568.579877
91286.289423,250,15574.84007
5467229.026258,67,15576.548039
5400091.685127,51,15577.791395
5749599.922392,72,15579.530658
5733847.740437,125,15582.693007
-117744.995062,1,15582.706645
-55441.302732,250,15588.90341
6222412.968739,98,15591.290853
-117860.414209,1,15591.322476
-207298.592618,199,15596.20497
6046420.728569,115,15598.969882
5739442.147253,152,15602.731688
5647469.384735,110,15605.458993
5727890.749391,90,15607.737181
5436160.928546,52,15609.010543
6277157.4836,154,15612.784441
6217077.692544,137,15616.116886
-33836.026965,250,15622.049822
-159205.293276,245,15627.892216
-151128.66844,1,15627.912599
6350321.287962,145,15631.326149
-126426.237654,12,15631.626474
5714724.243586,107,15634.179377
-240699.89529,133,15637.326713
6013540.426843,126,15640.182106
6237813.102927,139,15643.625573
-125261.801036,21,15644.103385
5448892.646403,45,15645.177026
-134499.993636,26,15645.738627
-117758.250465,1,15645.758943
5677595.322061,117,15648.579766
-117852.110614,1,15648.595429
6701273.929618,157,15652.266483
5891170.144171,145,15655.712908
5914368.061968,143,15659.246881
3073731.688587,250,15665.445135
-131357.180289,46,15666.620164
-162398.635089,130,15669.753778
5567913.456647,102,15672.202765
-417668.171583,105,15674.680356
6107570.468584,132,15677.849676
-135604.340788,1,15677.881316
2601999.286348,250,15683.830509
-135399.983722,1,15683.863429
-126612.811292,1,15683.891511
-135399.368461,1,15683.91284
5692387.319511,88,15686.05694
-153933.892627,20,15686.554142
-135629.597217,1,15686.579635
5946418.427616,155,15690.328439
-144416.876101,1,15690.35921
-115735.230186,26,15690.962309
-117749.475964,1,15690.990035
-147074.706027,1,15691.005876
5798199.559577,133,15694.316283
6553989.211056,175,15698.55514
-135384.511382,1,15698.595797
-140282.079961,250,15704.569221
-59818.956494,250,15710.759319
-135398.074905,1,15710.782757
6149436.511926,145,15714.442706
-155387.7436,250,15720.836652
5453124.360821,89,15723.048651
-135498.560877,1,15723.069069
-215801.423415,178,15727.461295
6137073.357318,159,15731.573838
5875528.481902,108,15734.22631
-110612.405219,37,15735.201652
5857185.439785,109,15737.909389
-135582.874444,1,15737.939827
5517630.80328,96,15740.283076
934810.937266,250,15746.54763
-196338.14365,160,15750.55914
5747033.277077,139,15754.024202
-176614.897529,97,15756.513655
-117785.256563,1,15756.554158
6192917.913625,150,15760.229089
-132994.619433,56,15761.622476
6488091.386093,122,15764.737895
6043220.36748,141,15768.252344
-16541.566842,250,15774.312933
5538401.833401,64,15775.99805
-126698.766518,1,15776.025705
-137820.277228,1,15776.054009
-153022.026304,1,15776.080415
5833725.10693,114,15778.988605
5561873.936224,115,15781.90696
5972702.452206,193,15786.61203
5644590.864766,112,15789.393751
-34630.176586,250,15795.64109
-9291.188302,250,15801.724203
1440775.182947,250,15807.804143
5807494.78959,106,15810.383662
-135505.946387,1,15810.404662
5688396.963162,122,15813.269096
-135548.348448,1,15813.289633
-134498.747858,1,15813.309901
5741387.530916,104,15815.743225
-208104.214199,3,15815.818474
-162487.866381,21,15816.334775
5743489.938392,84,15818.321837
-192440.082765,177,15822.702421
5433986.670388,70,15824.463167
-128393.135564,250,15830.338964
-7090.722626,250,15836.310495
-126570.548147,1,15836.326396
5385452.896127,71,15838.007573
-126567.080689,1,15838.025798
-122857.270938,55,15839.347381
-117749.09973,1,15839.378514
5456058.294677,97,15841.771552
-117845.547729,1,15841.791874
-116198.576885,250,15847.825199
-22972.757766,250,15853.815812
6801309.633484,224,15859.238922
5855583.135644,89,15861.446598
5863586.257232,78,15863.38156
-136732.902652,1,15863.411658
5782895.694548,114,15866.213414
-109995.559649,250,15872.202074
-126663.488714,1,15872.221519
-21765.130453,250,15878.246587
-117743.107923,1,15878.276579
-16545.852065,250,15884.307123
5483862.611358,224,15889.754172
154142.895876,250,15895.815944
-117745.577162,1,15895.83967
-135490.756185,1,15895.861977
-126556.146386,1,15895.882084
6087716.170527,155,15899.560738
-135517.244977,1,15899.612369
-134553.453882,1,15899.643968
121940.218427,250,15905.517085
-81786.471216,250,15911.733338
-135411.393468,1,15911.764031
6008347.525579,163,15915.757939
5913014.795522,135,15918.821038
6124010.36992,107,15921.410524
-135488.463632,1,15921.430602
5641121.51855,109,15923.990693
5367489.083759,118,15926.924805
-126301.250236,250,15932.896077
5931816.864634,140,15936.180353
-139760.599025,1,15936.211493
5732763.501423,125,15939.226348
-139860.911008,1,15939.255986
-135493.291225,1,15939.284951
5885585.264733,114,15942.059756
5750556.166791,109,15944.730519
-122005.267711,12,15945.014695
-60104.627244,250,15951.060833
5485797.824565,143,15954.67791
6652487.802572,154,15958.566479
-149038.737211,1,15958.586591
-151304.608152,1,15958.617813
6355073.890341,149,15962.26505
-137383.419035,22,15962.794037
-135613.980871,1,15962.814517
5480549.108253,87,15964.937501
-117650.509288,1,15964.967128
-169322.465947,194,15969.736061
6114832.244929,120,15972.635411
-86784.872333,250,15978.939933
5605348.539184,130,15982.20309
-118719.546186,250,15988.499496
5449971.287657,100,15990.947321
-107083.50007,250,15997.306071
-118303.863907,250,16003.60551
-107886.962342,250,16009.845677
-74214.165487,250,16015.944966
6551337.525271,177,16020.365145
5401980.608907,45,16021.483454
5508177.689547,167,16025.633106
-135395.668044,1,16025.663488
5846620.576957,94,16027.978782
-144460.032747,1,16028.005429
6322415.341809,115,16030.821464
5808633.155553,130,16034.082684
5950100.195213,140,16037.503351
-137482.89734,1,16037.529652
5665652.372907,133,16040.765536
-135588.993688,1,16040.796603
5346192.370329,190,16045.567681
5773212.479609,116,16048.410841
-117846.243511,1,16048.42837
-126702.294451,1,16048.448827
6547402.132091,88,16050.488619
-122102.427783,250,16056.4143
-117744.445302,1,16056.435413
-134850.173825,250,16062.444536
69924.596123,250,16068.416652
-126564.796974,1,16068.448217
5742794.382577,179,16072.623608
410734.503314,250,16078.662858
5820443.282387,127,16081.769356
-146441.580472,1,16081.800266
5756154.989644,98,16084.143762
26200.429794,250,16090.317605
5393640.647927,105,16092.759242
5770451.283944,100,16095.062554
-158360.657249,106,16097.475122
5839922.451489,107,16099.936747
-165220.245525,2,16099.990229
6142574.365664,128,16103.079214
-157871.042975,2,16103.128082
-143775.405332,100,16105.512969
70329.459252,250,16111.618448
5596730.230365,99,16114.00059
-133581.028165,1,16114.041443
-134226.96808,1,16114.06161
6231562.682167,159,16117.885225
5863415.892323,113,16120.555512
-114440.254588,250,16126.57465
6419483.903368,181,16131.055223
6090369.471569,146,16134.702121
110348.25447,250,16140.761574
5366599.493694,151,16144.375227
-117749.806694,1,16144.405098
5667329.48917,103,16146.867736
5771441.48026,88,16149.02115
-147814.684098,250,16155.164243
-116371.112645,250,16161.263639
-163318.560114,2,16161.317224
-115642.747854,250,16167.279096
-189832.088288,2,16167.328954
-117744.484673,1,16167.356758
102080.901007,250,16173.444435
-151754.003821,1,16173.474795
6278485.376283,124,16176.513136
-150015.519455,250,16182.479721
5945782.008059,169,16186.585004
-123955.910618,250,16192.812516
6160550.500421,123,16195.895498
-126564.703592,1,16195.915872
176759.923728,250,16202.140485
5995816.161413,128,16205.35851
6198294.457677,243,16211.421359
-146707.914898,250,16217.517026
5726644.368605,121,16220.614026
5397072.371651,82,16222.68852
-105856.174466,250,16228.993634
-117755.014491,1,16229.024684
-119028.847109,250,16235.355022
-117733.434733,250,16241.749179
-117759.524037,1,16241.772126
-147640.11672,151,16245.66678
-115635.52481,250,16251.863423
5508560.429597,122,16254.920773
-143780.821826,1,16254.938143
-144482.734404,1,16254.970921
-117846.920201,1,16254.988898
-116749.120518,1,16255.018897
-136326.947263,250,16261.14642
5874137.385808,110,16263.898999
5815056.962577,116,16266.758466
5913493.633893,95,16269.031006
-112478.205105,250,16274.918274
-117753.637025,1,16274.946786
-117745.55829,1,16274.975853
-121842.741822,250,16281.254035
6459205.663075,148,16284.97018
150147.76992,250,16291.294809
-115519.423935,250,16297.598161
5584756.575375,118,16300.477726
5841010.981665,103,16303.010327
-135528.178505,1,16303.041351
-126569.481984,1,16303.074978
-117772.469394,1,16303.093555
-117743.419013,1,16303.134827
-155531.234565,77,16305.029551
-143174.559624,1,16305.047131
5674575.429187,146,16308.729053
-135545.096319,1,16308.745979
-126565.20549,1,16308.77777
6043507.321986,128,16311.887264
6395610.606762,151,16315.429559
1155754.227785,250,16321.435253
-148486.894961,250,16327.591944
-114478.060446,250,16333.723815
121145.082666,250,16339.682876
-126692.816668,1,16339.70069
-143072.653915,250,16345.685975
-16133.72167,250,16351.659488
6275819.70823,232,16357.230367
6134814.161569,78,16359.01066
-117763.796123,1,16359.037524
-143346.247857,1,16359.055103
6048179.177442,204,16364.018929
-135413.240926,1,16364.059235
5776148.835503,73,16365.820235
5396788.987911,76,16367.636405
-128912.24614,250,16373.794443
-144636.559829,250,16379.865914
-127014.582282,250,16385.905734
-137451.129088,250,16391.89143
-125564.286102,1,16391.923943
-121680.087358,250,16398.018178
-155959.750414,1,16398.049996
-114153.898539,250,16404.093752
-150190.228991,12,16404.386763
7031727.205387,199,16409.295146
-122336.534482,13,16409.610775
-117742.771511,1,16409.643511
5677253.951307,71,16411.4346
-151994.496415,250,16417.745651
5925887.867475,119,16420.642761
-126681.610317,1,16420.664843
1686.762899,250,16426.879015
6365558.721107,136,16430.325984
-131623.07254,47,16431.520966
1805233.028179,250,16437.814058
-123126.776486,250,16444.139729
-135494.04958,1,16444.165183
-138383.6193,1,16444.189513
5890153.918537,117,16447.137501
5799320.301568,111,16449.99402
-135398.223035,1,16450.02442
6315093.443121,114,16452.81071
-23925.654947,250,16459.075794
6378633.098502,140,16462.816169
5365332.643722,149,16466.578873
-137568.283635,250,16472.858848
-118332.896966,250,16479.133554
-128926.298315,250,16485.286334
6033875.582907,144,16488.868522
5648839.265992,59,16490.393701
-126671.766225,1,16490.422766
80220.660231,250,16496.275623
-149902.558603,250,16502.50222
-135502.454519,1,16502.537885
6263822.637475,192,16507.326773
6423815.151862,131,16510.615835
6611294.12793,210,16515.970491
-118712.171017,250,16522.127317
6324052.978749,138,16525.401627
-135569.286854,1,16525.432034
5972653.093261,132,16528.805443
783526.565398,250,16535.040486
6036261.802479,130,16538.213364
6221647.416823,124,16541.178229
-122995.505398,250,16547.273518
-129441.104373,250,16553.267539
205857.428378,250,16559.27503
5727434.499008,188,16563.865465
-146843.647164,1,16563.894744
-163090.926183,250,16647.931101
5571128.482242,117,16650.780656
6356438.80023,121,16653.765924
5627601.851188,62,16655.326557
6426930.597503,122,16658.323115
-119688.564893,250,16664.529363
5438234.254879,143,16667.941862
-179221.11013,133,16671.185204
5598344.855526,139,16674.520647
-131744.790459,250,16680.726492
5772088.134883,104,16683.420825
-192005.783446,2,16683.471295
-153846.188048,1,16683.506587
-117779.860043,1,16683.522974
-122737.253084,250,16689.734448
5892909.556637,120,16692.821326
5847301.644476,114,16695.632789
7049124.666881,241,16701.694918
-135514.443332,1,16701.7256
5426278.919721,68,16703.478609
5793253.314766,110,16706.291075
-163272.444837,122,16709.389464
-129549.029212,38,16710.357737
6574789.54939,169,16714.528603
-149042.086893,1,16714.55022
-126568.391835,1,16714.58067
5787810.682396,129,16717.740213
-152773.059711,1,16717.769175
5909170.296616,101,16720.350763
-135496.60525,1,16720.377004
-125452.855252,250,16726.737014
6077196.016915,118,16729.567328
6253297.149436,127,16732.53949
-153401.452526,250,16738.843576
6070598.891895,151,16742.522006
5780929.1303,199,16747.238161
-137840.929315,1,16747.278366
6672346.210599,183,16751.661815
-126670.465815,1,16751.692275
5600959.201813,78,16753.570171
-117763.602111,1,16753.600593
-117749.402025,1,16753.621418
-126093.504057,250,16759.655008
-127864.149754,250,16765.768522
-129737.065866,250,16772.161426
6335098.621058,92,16774.496651
-125462.263996,250,16780.694604
5911561.906634,126,16783.758689
5789197.913532,138,16787.141289
6767949.453581,217,16792.458977
-126617.05384,1,16792.484957
6453492.878883,198,16797.356222
-147652.858433,250,16803.533439
5582515.431116,55,16804.886631
864914.791147,250,16810.890943
154804.465797,250,16816.90544
5600021.127448,138,16820.165867
-194592.392811,250,16826.24448
5711304.06644,104,16828.698589
-135492.658538,1,16828.717832
6094478.88462,120,16831.533772
5611872.901257,113,16834.245585
-156139.438633,1,16834.27742
5911388.669072,131,16837.391423
6185259.152197,178,16841.75599
-153580.264925,1,16841.785272
-83494.521353,250,16847.798815
-101532.185101,250,16853.950754
-171541.599409,2,16854.007017
6229617.421978,164,16858.019469
-178666.503491,2,16858.070133
-169779.308314,1,16858.090696
5543254.523065,166,16862.323539
-117745.391076,1,16862.351969
6183159.204352,133,16865.640049
-167267.497122,1,16865.658743
5733501.809383,171,16869.801081
-144444.935047,1,16869.82178
71516.638207,250,16875.967535
5889796.871162,143,16879.394046
5600057.393687,151,16883.029891
-144322.39366,1,16883.049301
-101079.193219,250,16888.99834
5641537.825314,63,16890.523502
87684.858014,250,16896.662426
-117766.818678,1,16896.684192
-147174.307257,1,16896.712035
-117771.303918,1,16896.734292
-135382.916347,1,16896.760449
5389679.834776,183,16901.29866
-117749.700635,1,16901.322573
6562852.359975,176,16905.610335
5572817.474134,102,16908.096342
5757781.322197,108,16910.741149
-135482.326324,1,16910.772386
6041461.824656,138,16914.158747
-144566.676881,1,16914.20698
5906332.090223,122,16917.248148
-155788.000391,1,16917.279939
5568779.043414,148,16920.885326
-70865.571675,250,16927.233125
-119456.991042,250,16933.536532
5823568.680999,169,16937.715393
6294683.80236,165,16941.770755
-126589.473753,1,16941.801681
-103007.01958,12,16942.107109
6320103.625789,129,16945.438067
-115244.302746,250,16951.715925
-153003.520863,250,16957.922382
-159328.733422,250,16964.270259
5851916.895169,160,16968.115633
-117759.824527,1,16968.135738
-106933.547429,250,16974.325053
82290.572064,250,16980.388693
-160782.180066,250,16986.699978
-135507.263754,1,16986.730709
230533.123351,250,16992.950844
5816423.582604,147,16996.557925
-151984.468409,1,16996.578169
5975964.187969,148,17000.137809
-135492.356246,1,17000.159945
5678745.870315,116,17003.003681
5737839.856511,128,17006.223585
5675973.940903,105,17008.751188
-117746.769442,1,17008.781796
-139336.94433,1,17008.80828
-117756.444086,1,17008.842554
5854944.322174,116,17011.683423
236358.134203,250,17017.672704
6098227.260018,245,17023.517693
5743092.396308,137,17026.775002
6058509.169676,117,17029.561511
-93156.893714,250,17035.527116
5357874.044704,119,17038.484145
6685493.066278,138,17041.859878
6496864.675922,181,17046.323794
5486260.988942,193,17051.073745
957862.547674,250,17057.097185
5684082.924364,241,17062.802667
6583006.398049,181,17067.12818
5430856.004371,175,17071.49823
5726780.568668,91,17073.711851
5852324.342314,88,17075.801995
5451432.302491,41,17076.830189
6254999.348323,146,17080.292092
-117844.395181,1,17080.315923
-125364.276517,250,17086.105775
6573092.301274,133,17089.145232
6059977.805803,142,17092.58236
5763442.998935,139,17096.065869
5729914.441614,124,17098.990044
-128785.473601,250,17105.075791
5363682.749754,140,17108.530634
-161520.846562,2,17108.582067
-117847.648386,1,17108.612933
-98528.159319,250,17114.726351
-160486.168357,2,17114.766434
-168132.516943,2,17114.827199
-134173.319151,1,17114.847594
5375943.450884,138,17118.111565
-144327.75841,1,17118.134165
-117842.614261,1,17118.162758
-137284.077596,250,17124.251634
5712536.26187,141,17127.71173
-58168.703139,250,17133.826519
6045263.187508,118,17136.676248
1362209.751939,250,17142.848108
-134591.636144,1,17142.86603
6476035.196085,145,17146.364131
25434.487365,250,17152.573503
5913762.261203,201,17157.662073
-117749.972213,1,17157.694776
83546.043843,250,17163.914305
6300034.105105,149,17167.707981
6141574.57105,165,17171.892462
5575115.873582,228,17177.539434
-126468.252744,1,17177.559558
-137650.727535,250,17183.817978
5737758.012613,140,17187.36046
5949229.686356,118,17190.305787
6265449.383226,113,17193.063322
5693829.5104,166,17197.194237
-157968.077735,2,17197.243408
-126615.49459,1,17197.277434
-128578.611848,250,17203.727927
-113927.227809,250,17209.993408
-34578.7475,250,17216.205718
-126595.673592,1,17216.23556
-135606.215636,1,17216.256205
-170834.813707,250,17222.223341
-210668.910702,250,17228.360631
97080.887095,250,17234.567279
-126566.127991,1,17234.587492
-128236.136167,250,17240.726037
5840144.297279,171,17244.944845
-135389.784218,1,17244.979142
6141503.050845,177,17249.397955
-138168.733261,1,17249.415812
5680708.836041,109,17252.196049
-132262.704957,250,17258.276504
5582319.282897,122,17261.311574
52435.661714,250,17267.194054
-135403.504707,1,17267.214813
5971704.934495,225,17272.827521
-117748.303156,1,17272.847317
-126561.888628,1,17272.876822
-155005.410052,1,17272.90737
-143429.002161,250,17278.859046
-115263.858688,250,17284.783722
-141214.068617,19,17285.282399
-143212.246526,1,17285.303101
-122062.598426,250,17291.323725
-144364.71914,1,17291.357915
-154999.073409,1,17291.374623
-135531.063663,1,17291.409122
6514446.93391,153,17294.971527
-135663.501254,1,17294.996106
6329291.283388,108,17297.651364
5710507.540297,122,17300.594959
6354918.556102,195,17305.209959
6017037.589862,136,17308.466349
-107303.962666,250,17314.407338
5640962.838173,126,17317.456182
-167023.841426,2,17317.514157
-137134.573363,1,17317.544905
-86274.000421,250,17323.55091
-117701.318749,250,17329.572028
5726690.234417,107,17332.205397
6223732.518551,158,17336.071912
5578050.230202,172,17340.39317
6466570.493486,141,17343.784863
6192949.364257,161,17347.697968
5727009.014516,114,17350.515936
5573094.491579,57,17351.889605
5575835.235025,123,17354.858956
68038.911069,250,17360.928171
-126586.169346,1,17360.948746
72953.281968,250,17367.019758
6401092.019281,195,17371.743159
-93810.512271,250,17377.778348
-132835.854112,250,17383.698467
5903425.606686,169,17387.761073
-156058.949392,1,17387.79178
5479458.117973,171,17392.100702
-99970.823261,16,17392.495778
-125167.047084,250,17398.538663
-149856.969637,2,17398.578764
7133120.191692,214,17404.032826
5721055.844894,109,17406.802124
5414048.15874,140,17410.332711
-126567.586349,1,17410.3633
6118053.926601,215,17415.661436
6368577.070703,129,17418.833268
-143338.481888,88,17421.000083
5396474.679583,122,17423.988175
5476811.536972,109,17426.657155
5631635.89675,98,17429.189542
5485060.296194,105,17431.800987
-135617.825881,1,17431.822671
-122346.406741,250,17438.14259
-143538.596513,250,17444.300656
-135497.421544,1,17444.32123
-117748.52592,1,17444.35165
-177924.733984,2,17444.40114
5809392.766853,180,17449.032906
-103887.913283,250,17455.15895
6012353.388374,129,17458.213357
6040472.716478,125,17461.205229
-106929.394318,58,17462.628239
-158911.721285,1,17462.648611
-135391.733678,1,17462.679635
-126670.03561,1,17462.699621
5693810.364179,132,17466.036108
5800341.868961,165,17470.068254
6285021.986554,134,17473.243276
-113827.131013,250,17479.330118
-135421.303387,1,17479.354769
-150167.062864,1,17479.369675
5688018.331285,125,17482.410255
6194491.406409,105,17484.894708
5810167.93463,113,17487.63784
6015426.047709,115,17490.396223
5607140.254646,104,17493.003994
-118326.14654,250,17499.334324
-135614.159158,1,17499.36477
-117151.964294,250,17505.471502
5502996.468567,50,17506.746955
6340235.46139,146,17510.284245
-126579.415311,1,17510.305024
-117763.962565,1,17510.34644
5658983.946141,105,17512.89206
6323399.571886,192,17517.583282
-129590.779794,24,17518.105254
-117762.013978,1,17518.125569
1190567.616088,250,17524.171681
5915920.929708,175,17528.301346
5311182.602258,224,17533.76266
5534013.356921,104,17536.274765
552753.738772,250,17542.292195
223696.348815,250,17548.064596
5352365.836643,170,17552.129448
-138229.798261,1,17552.1523
-135590.564351,1,17552.179188
5539219.100072,142,17555.508709
5671032.608867,237,17561.249028
-117747.434312,1,17561.268743
6044773.226042,99,17563.649346
5823682.459066,128,17566.758961
-150905.73539,1,17566.781176
-126568.437553,1,17566.823596
6035432.493213,233,17572.451277
5739827.023253,74,17574.212504
-126679.14759,1,17574.244785
130255.711799,250,17580.258913
-179015.873415,189,17584.764444
6391220.03102,143,17588.156191
-126579.982456,1,17588.196802
5365430.430426,163,17592.236503
6318228.749542,215,17597.585271
-56822.810588,250,17603.746535
6193630.857775,135,17607.065888
-120330.452806,250,17613.221997
244813.517957,250,17619.251433
-117850.501552,1,17619.26947
-117748.90248,1,17619.310815
-126568.126166,1,17619.331481
169449.718964,250,17625.46486
5515153.954916,58,17626.955476
-117752.251749,1,17626.986238
1366385.554957,250,17633.329655
63864.400381,250,17639.473585
5914883.318077,81,17641.498539
-59918.903484,250,17647.860898
5644548.190261,128,17651.152087
-117753.448158,1,17651.184914
5399864.270572,73,17653.031216
-46550.109545,250,17659.329273
6658816.080173,174,17663.763985
5841532.780122,223,17669.489751
-117752.653811,1,17669.520114
5490874.808355,110,17672.434417
-135605.097316,1,17672.468134
-112112.508755,250,17678.736697
-117754.947327,1,17678.756804
-65538.845733,250,17684.913025
6226517.061175,140,17688.429761
5494214.857212,156,17692.290249
-84674.00484,250,17698.487013
5477524.674005,139,17701.930238
5422169.007806,145,17705.482098
5768288.477675,133,17708.60621
-178329.435709,2,17708.658142
5711191.18497,95,17711.009227
-160252.709568,1,17711.038887
-117754.20647,1,17711.07325
10122.363687,250,17717.357777
5550390.420297,100,17719.895343
5757651.169841,97,17722.309851
-96429.661787,250,17728.466828
5957781.984195,78,17730.342591
-208016.59473,194,17735.121583
5795489.916866,235,17740.873349
-135700.068974,1,17740.90651
-116097.35723,250,17747.07534
5510890.172835,156,17750.739697
-107781.799628,19,17751.219524
5678105.863157,137,17754.498688
5714371.079335,112,17757.259693
5599028.420555,125,17760.316781
-108520.998927,16,17760.693739
-75486.138577,250,17766.7186
5779209.474779,173,17771.029395
5814244.854116,115,17773.797707
5668808.297297,169,17777.948112
-62615.581315,250,17784.026666
6089069.203745,120,17786.920674
6220752.798247,204,17791.856801
-135489.63073,1,17791.883806
-59617.010865,250,17797.945359
5407645.986142,164,17801.917699
-76233.208748,250,17808.007991
440492.502764,250,17814.180829
-199596.369062,3,17814.252446
-115466.804123,250,17820.398295
5571145.092441,154,17824.109787
-74743.802336,250,17830.381265
5409677.303054,132,17833.670273
5604671.168791,140,17837.040532
5834293.783563,109,17839.604324
92779.326127,250,17845.667748
-148919.300612,1,17845.686762
-130866.092812,22,17846.221399
-117746.554282,1,17846.257995
-97846.505248,250,17852.383308
-137399.552161,118,17855.376643
-117748.557068,1,17855.399686
-173178.648346,250,17861.441318
-116610.366383,250,17867.55348
5482064.29419,183,17872.251343
-144214.872001,1,17872.282424
-176786.55452,250,17948.755916
-124172.578586,250,17954.971987
6463816.067129,180,17959.530652
-120369.446219,250,17965.792817
-165286.380838,2,17965.853434
5365384.841062,114,17968.798883
5614040.984027,127,17972.047331
6089075.590047,102,17974.532353
-118309.74636,250,17980.503154
5924102.653833,118,17983.403299
6371229.165395,123,17986.368405
-135537.376475,1,17986.391625
-117747.41996,1,17986.421193
5683788.663399,206,17991.175203
6262461.044353,117,17993.905176
-119472.097037,250,17999.731295
6726230.028524,194,18004.359632
-117763.800117,1,18004.386106
-121036.982973,250,18010.258117
5999806.883832,233,18015.746648
-135501.011394,1,18015.789707
5748925.232446,87,18017.828185
170138.044208,250,18023.635689
5754455.557094,106,18026.103404
-142548.177571,1,18026.134517
-117753.996185,1,18026.155153
28529.980822,250,18032.384139
-127023.290994,250,18038.391095
-155897.077653,1,18038.424726
-76369.2527,250,18044.332078
-118750.46016,250,18050.369589
6123815.934027,249,18056.348506
-133613.885073,250,18062.543272
-156313.790955,250,18068.609924
6096776.473193,229,18074.175174
6665689.998728,242,18079.881787
7401086.813359,224,18085.325684
-126667.648327,1,18085.343387
5617100.977239,128,18088.421079
-135693.733589,1,18088.441838
-117749.526741,1,18088.463352
618753.942324,250,18094.533511
-135510.022562,1,18094.553083
5541692.283146,173,18098.871254
-117845.820978,1,18098.898841
-155957.795223,1,18098.918361
1245.149172,250,18105.002736
6264418.230771,184,18109.482437
280075.494158,250,18115.753392
5631600.215898,222,18121.290098
-179982.965361,2,18121.350364
-129949.489071,1,18121.372048
5783294.691822,71,18123.099327
-118506.743167,250,18129.289888
5478710.694241,97,18131.74598
-135613.39014,1,18131.766838
-138120.463507,1,18131.79767
-135445.721902,1,18131.818627
6066107.717296,123,18134.873194
-73349.152385,250,18140.941775
6182030.128306,139,18144.354652
6299052.572038,173,18148.831064
5397688.556697,125,18152.007054
68958.790458,250,18158.2752
5440122.625214,102,18160.860909
-117797.274143,1,18160.885025
5493291.649785,165,18164.991805
5902758.093613,123,18168.156957
286509.623014,250,18174.242234
5409119.82561,71,18175.992477
5829775.349876,100,18178.390486
5459219.276895,115,18181.135429
104198.765125,250,18187.033464
-126232.599193,250,18193.107502
6026851.852958,99,18195.554235
-183641.408214,250,18201.566993
-117750.988475,1,18201.590544
276814.925076,250,18207.709097
6033310.756826,118,18210.449693
2352041.346577,250,18216.616063
5361188.034362,176,18220.896245
-117761.397001,1,18220.911431
-135392.207951,1,18220.942336
-126686.765468,1,18220.972953
6310663.813543,249,18227.081158
-137269.163645,1,18227.105669
-28493.469839,250,18233.422905
5431497.109278,54,18234.750056
76875.350334,250,18240.799254
-143086.706728,250,18246.914893
-126682.084229,1,18246.94664
-148292.544061,250,18253.105663
43661.54817,250,18258.958958
6829845.000109,244,18264.661544
-126580.282595,1,18264.683309
5965656.003471,154,18268.319483
-117766.18993,1,18268.341594
6119097.684791,210,18273.187466
5425270.038285,73,18274.895904
-139906.557723,32,18275.635687
-117748.038315,1,18275.654184
6972326.441525,187,18280.097597
5536065.893543,169,18283.959147
134337.228799,250,18289.854742
5743255.361203,145,18293.462292
51113.641178,250,18299.655257
-126661.045922,1,18299.68584
-135588.411011,1,18299.706473
49362.013111,250,18305.858852
5720017.120618,127,18308.791137
-129238.241598,250,18314.798058
-117847.835675,1,18314.822809
382522.482046,250,18320.876985
5579470.875132,113,18323.614674
5952444.388835,136,18326.932912
-127590.623456,250,18333.025628
5343993.104284,190,18337.6986
28253.045748,250,18343.769227
5823185.648364,217,18349.060524
633070.918345,250,18355.400854
-172816.957383,2,18355.461339
46414.642945,250,18361.630394
-126677.5381,1,18361.650974
-156398.870736,2,18361.701894
-126664.023416,1,18361.731939
-140135.669973,250,18367.998267
5552094.608141,174,18372.422144
5974562.075268,140,18375.848571
-159362.327872,250,18382.246446
5510490.93038,211,18387.499991
-135488.304022,1,18387.530899
-117846.624043,1,18387.561972
-135499.036494,1,18387.580781
5346833.969318,160,18391.508699
-211951.881589,4,18391.605883
-135496.34886,1,18391.637414
-694289.884846,250,18397.985304
-77618.286247,250,18404.260554
-138240.106341,250,18410.548166
22116.290435,250,18416.628718
-149168.419386,1,18416.651748
-150076.275543,1,18416.679787
-168647.252269,250,18422.891805
-126733.845313,1,18422.918709
-67590.777608,250,18429.384348
-135485.137107,1,18429.415883
5339637.471212,216,18434.815743
154850.033079,250,18441.122224
-117754.085425,1,18441.143817
5561023.143155,84,18443.259093
-131435.512116,250,18449.220017
2081104.607161,250,18455.503678
-117847.247751,1,18455.527705
-149161.088019,1,18455.538847
-131909.620555,250,18461.648504
5414306.953827,110,18464.307764
-136403.787628,250,18470.303486
6080805.113673,132,18473.538202
6225476.372518,168,18477.411697
-167651.459671,1,18477.435274
6018494.107317,133,18480.545396
5958973.282408,113,18483.180052
-111744.410498,25,18483.813236
6493139.542236,162,18487.782018
-151909.881562,1,18487.811651
-139886.881119,250,18493.907694
-166273.702144,2,18493.956793
-146944.08293,250,18500.070946
5794151.800573,123,18503.06821
5350802.222562,171,18507.251621
5927115.37487,167,18511.29574
-166987.497559,2,18511.352075
-126564.770491,1,18511.375918
-81237.168906,250,18517.370744
-113669.145641,250,18523.540593
-140848.495185,250,18529.727198
5644382.806878,103,18532.173324
5519735.94145,190,18536.696613
5790821.99164,104,18539.150835
-126568.960749,1,18539.175681
5537945.401428,212,18544.410091
5961627.596785,101,18546.794431
67912.188397,250,18552.713767
-119725.171244,250,18558.645838
-135504.233759,1,18558.676771
-117845.348654,1,18558.70307
5551256.605658,84,18560.739312
-152723.60701,250,18566.770203
-108074.081563,250,18572.780848
-166392.728348,250,18578.740957
6577327.016446,141,18582.181806
-155269.144925,1,18582.210556
5472966.165977,150,18585.873749
6093255.223168,136,18589.247933
5496815.116574,120,18592.217513
5682608.147963,96,18594.576199
5740824.363742,95,18596.939377
-205185.641833,3,18597.04053
1020242.608288,250,18603.163384
-84266.820913,250,18609.389066
5939886.319117,117,18612.341035
-106641.497908,250,18618.878432
-134669.4624,1,18618.906417
5838287.572238,143,18622.60481
5495866.07838,71,18624.421481
-135594.267783,1,18624.452388
6024694.219695,89,18626.651364
5632496.732265,67,18628.418756
6284629.06647,146,18632.178122
5719171.648937,138,18635.795386
67890.277264,250,18642.140255
-159817.70493,250,18648.325657
5875116.895372,115,18651.148748
-148864.252158,250,18657.218823
-164131.304354,1,18657.259402
5620733.876076,97,18659.686237
160714.272181,250,18665.84939
-127139.893792,250,18671.794283
6052081.699961,100,18674.328602
-146877.990885,250,18680.591426
-126665.358116,1,18680.61366
-147606.929527,250,18686.693351
-59464.333915,250,18693.016131
-154993.845892,1,18693.053369
-154452.588934,1,18693.078897
130670.150074,250,18699.318698
5642060.309218,141,18702.77571
-117790.327883,1,18702.803011
-155692.811811,1,18702.833326
5513866.132619,118,18705.751656
-115615.387303,250,18711.890634
5401738.510037,116,18714.581182
-117657.608654,1,18714.598416
-155938.699332,1,18714.629223
5739893.834877,81,18716.491727
-135619.862023,1,18716.518437
-126634.360956,1,18716.538553
5881245.551317,246,18722.500576
5871412.505531,113,18725.136995
-117845.173118,1,18725.159235
-138393.235372,1,18725.184726
-142432.307489,38,18726.038576
-244598.082862,250,18731.972008
5672185.490439,43,18733.006686
-123022.497752,250,18738.910719
5610910.928951,65,18740.399512
135121.335765,250,18746.152648
1144206.61021,250,18752.03338
5622980.586496,145,18755.451785
5550232.302649,118,18758.186037
-105511.925506,12,18758.470559
5733618.727745,76,18760.323284
221053.123719,250,18766.369769
-135588.367907,1,18766.392306
-139963.490697,250,18772.511822
5675332.711613,131,18775.786869
5702052.008474,142,18779.151238
-126667.101006,1,18779.18276
5588376.789547,160,18783.07922
114808.896744,250,18789.075402
-126714.2957,1,18789.101362
5911080.771631,135,18792.47234
6330611.611538,151,18796.171227
5340434.708189,180,18800.481602
5998185.035749,134,18803.731348
-122090.922631,250,18809.927817
-164718.229455,2,18809.978579
-166609.348852,2,18810.040615
-117638.230252,86,18812.204927
-166561.712342,2,18812.266105
-135537.624093,1,18812.302213
6164490.172712,173,18816.464315
-126573.2075,1,18816.489317
-80949.980217,250,18822.571038
5477818.069399,117,18825.346379
-144442.158964,250,18831.503548
5509142.434659,90,18833.851201
-158203.810781,250,18840.307257
5853202.906137,90,18842.614244
2384050.954185,250,18848.856442
6131790.215191,144,18852.520632
326988.344522,250,18858.848978
-48892.24771,250,18865.081348
5696908.157933,108,18867.787657
-159161.915023,2,18867.839273
1386982.745018,250,18874.12536
-117767.59678,1,18874.145651
5459189.904347,189,18878.899493
-151528.573624,1,18878.925595
409588.990273,250,18885.370399
5714346.759438,108,18888.052976
5548291.820293,188,18892.67105
-112799.815421,250,18898.891544
-134095.429604,16,18899.318777
-126571.545123,1,18899.339431
5950019.453261,95,18901.669281
-126771.553225,1,18901.694595
-135591.989829,1,18901.718301
5637256.03558,199,18906.541245
-130437.012134,250,18912.659423
6025651.24058,144,18916.35932
704991.944968,250,18922.416779
-126673.082758,1,18922.446141
5449842.845888,64,18924.020331
124195.617222,250,18930.200163
5732959.755891,131,18933.313424
5686690.671779,182,18937.755651
65674.021646,250,18943.941807
5517338.674863,174,18948.138753
-117863.521538,1,18948.159434
6095557.886939,140,18951.473848
5639184.290095,115,18954.212322
6036898.123934,88,18956.451116
6570302.934316,137,18959.81383
-117750.416752,1,18959.834763
-140444.523084,1,18959.854825
54433.575945,250,18965.879732
47960.153227,250,18972.002388
-117802.723914,1,18972.027455
-139810.709417,250,18978.085814
-135389.17075,1,18978.10852
247467.349569,250,18984.135524
1141065.662223,250,18990.198882
-117748.395404,1,18990.239445
6126445.685431,182,18994.472061
-121354.295964,250,19000.320756
-153437.026279,250,19006.164302
5598907.035764,193,19010.841239
5595215.087737,113,19013.634302
-135496.404074,1,19013.660197
5797032.546392,132,19016.862214
-126572.633824,1,19016.889886
187188.521265,250,19023.10914
5644286.569552,59,19024.646384
5523284.621056,47,19025.746312
6227249.721723,170,19029.996457
5874587.081233,139,19033.398971
5590540.088607,104,19035.857031
-135505.054803,1,19035.889554
-135499.328625,1,19035.912295
-117757.274696,1,19035.932647
5536403.482275,63,19037.425418
41829.157306,250,19043.459348
5969685.062099,114,19046.392394
5452500.354209,143,19049.948811
5834449.904771,81,19051.920183
-116406.587252,250,19058.208085
-135491.764003,1,19058.24608
5794584.315766,143,19061.692231
5709820.055516,107,19064.322507
5588931.185993,131,19067.462623
-19499.433893,250,19073.679757
1405855.947078,250,19079.943805
-78641.656552,250,19086.174987
-153325.784147,1,19086.211288
5726507.066877,128,19089.471948
5970747.720511,114,19092.223817
-14293.642507,250,19098.424399
-117027.278647,39,19099.345453
5915566.233624,111,19102.179273
-62106.872477,250,19108.560191
-162064.309472,1,19108.591774
-161965.77207,2,19108.653186
5333028.640236,166,19112.748089
-156408.010138,250,19119.189342
-135603.05578,1,19119.218856
-144321.321523,1,19119.249745
-117132.883796,250,19125.488847
-117867.876405,1,19125.509116
-188687.738174,2,19125.564372
-106315.362149,17,19125.964157
-135652.648087,1,19125.99471
5632796.807032,230,19131.636573
5793346.107476,125,19134.646116
-117654.01011,1,19134.67057
-142249.443055,250,19140.738106
6177880.520808,115,19143.636423
-106897.803914,250,19149.870344
-135384.034389,1,19149.90018
5898916.8304,165,19154.070263
-126703.644992,1,19154.101258
103826.504098,250,19160.193359
6600602.230537,163,19164.179338
-117746.255804,1,19164.209815
6091363.695678,132,19246.311208
-133537.092865,250,19252.29801
-135608.602865,1,19252.320369
-125675.305328,1,19252.358675
-145115.896024,250,19258.245343
6026692.954255,133,19261.448064
6264578.207368,247,19267.534091
-135496.50848,1,19267.559134
131690.555701,250,19273.570631
-135513.547103,1,19273.590748
6108598.935836,100,19276.016355
5890005.680356,143,19279.42581
-160586.451045,1,19279.451313
46775.900498,250,19285.386644
5515290.881038,114,19288.123417
-117747.316463,1,19288.153595
-64685.342014,250,19294.009008
-115756.59269,250,19300.107531
-126705.498896,1,19300.137331
5583273.654,99,19302.527903
5993525.365624,202,19307.50525
83116.45259,250,19313.854691
-135471.155632,1,19313.874948
-126587.75681,1,19313.90532
-122915.568959,250,19320.138573
-117747.680773,1,19320.159
5467094.111517,69,19321.847986
5384550.086021,97,19324.277611
6222517.849148,125,19327.48007
-114540.916499,82,19329.604398
-68072.361632,250,19335.747418
-144159.763512,250,19341.894606
6440110.07882,154,19345.72674
936843.970863,250,19351.992633
-126738.313956,24,19352.563439
-117975.511516,250,19358.888306
5787914.616996,109,19361.585661
5760513.127077,230,19367.234798
-154899.802482,250,19373.637311
-126662.484157,1,19373.658053
5539971.52773,139,19377.057943
-98262.098357,250,19382.995307
-123725.904842,250,19389.046338
76773.076801,250,19395.096189
131407.332906,250,19401.220354
-135486.588483,1,19401.242681
600029.43746,250,19407.408048
-78701.106549,250,19413.521934
-142839.323664,1,19413.547622
5706183.909187,114,19416.431811
-155787.625886,1,19416.462486
6099402.556831,127,19419.648088
-117770.283244,1,19419.6625
-117748.874595,1,19419.693777
16027.759879,250,19425.732486
5807173.596697,131,19428.854281
5649178.907101,79,19430.819842
655785.655569,250,19436.954239
-97082.939648,250,19442.961262
-135595.960411,1,19442.985368
6084258.447105,124,19445.952396
1135050.090722,250,19451.907166
-144321.007245,1,19451.940953
5513454.411133,76,19453.635488
-146713.287208,1,19453.655685
-135694.015308,1,19453.678632
5561475.268054,163,19457.496985
-138476.445771,250,19463.458457
5797141.832398,146,19467.177554
-167365.039151,250,19472.879525
5786332.254985,104,19475.314063
6443260.214102,173,19479.530758
-117790.186078,1,19479.558819
6470488.769779,173,19483.588596
5921730.210325,122,19486.479465
-168191.786343,17,19486.894665
5763205.573673,88,19489.026984
-135384.651957,1,19489.057083
5697256.517386,86,19491.157308
-135483.318629,1,19491.182152
-170655.430698,2,19491.242423
-148203.588547,250,19497.287014
5729857.257611,160,19501.160535
5488014.142421,179,19505.627971
-151546.985645,1,19505.65862
-144408.691053,1,19505.690722
-135492.388595,1,19505.718549
-104069.576728,250,19511.614691
-117745.370186,1,19511.638667
6313811.09351,134,19514.851438
6075994.112478,122,19517.845089
-70436.631335,250,19523.909893
-135414.050382,1,19523.93031
-146663.086654,1,19523.965855
-31901.301143,250,19529.985202
-149330.936713,250,19535.945443
-145398.947487,250,19541.95269
5432566.494562,53,19543.17967
-135390.854735,1,19543.206627
-109555.766054,250,19549.228059
5791209.424828,187,19554.019767
-135492.588983,1,19554.050408
-150696.393714,250,19560.203209
-117757.054907,1,19560.223725
6630020.108589,176,19564.524898
-123810.106111,250,19570.793875
-135563.721747,1,19570.812465
-145791.274799,250,19576.876931
-54790.533421,250,19583.409125
-142267.176106,250,19589.757055
-142956.285574,250,19596.228426
-125565.923414,1,19596.253129
-119316.421088,250,19602.425315
6120425.90557,138,19605.739003
-126973.107298,250,19611.914467
-117423.520808,250,19617.94615
-127658.835433,250,19624.083673
-117850.311545,1,19624.113271
-126700.532137,1,19624.133531
44912.708319,250,19630.14207
5969016.059044,187,19634.644873
5412102.921741,67,19636.298036
6217011.070972,152,19639.947619
-126585.871083,1,19639.968057
-129046.747782,250,19646.070644
-135492.006258,1,19646.099179
-130176.759724,23,19646.668624
-135589.941152,1,19646.693202
5564594.861099,155,19650.389069
-120764.006424,250,19656.328741
-146270.191499,250,19662.400102
-138513.828886,1,19662.42076
5961349.511148,123,19665.32152
6313126.64189,154,19669.042555
5880045.750167,110,19671.681974
-126577.92506,1,19671.706489
5591805.485425,170,19675.885515
5833528.960217,84,19677.917158
-135607.114876,1,19677.946013
-126565.184802,1,19677.968444
5993398.661187,240,19683.904406
-135589.859827,1,19683.926834
-124687.009626,250,19689.993707
-164296.370953,250,19695.949011
-154459.999541,1,19695.977622
-126560.77497,250,19702.082839
5395608.45896,68,19703.743112
5853973.130429,107,19706.285379
5392839.664628,230,19711.886525
-130364.886543,250,19717.670287
5838672.666677,159,19721.397003
962577.396155,250,19727.218108
-126338.778505,250,19733.337965
5765029.899215,77,19735.203812
-57518.905093,250,19741.211508
-10345.676872,250,19747.13991
-164932.725413,250,19753.137306
5446671.609959,83,19755.093489
-136877.227413,250,19761.183288
-135432.624192,1,19761.200527
5861698.253527,105,19763.726539
-135423.013979,1,19763.757799
-122822.929498,250,19769.805831
-147281.885926,250,19775.854865
-104165.725992,250,19781.810173
-78456.899354,250,19787.833925
-126463.204785,1,19787.852517
6027203.264228,119,19790.896494
-126680.862939,1,19790.921408
-130723.733882,250,19797.148124
-122028.725378,250,19803.439257
5801515.679014,89,19805.645366
-137605.770604,250,19811.777883
-12335.956151,250,19817.885296
-46123.409908,250,19824.170756
-151788.790272,250,19830.481103
-126594.852276,1,19830.505483
-118192.099878,250,19836.855545
-117752.197511,1,19836.878271
-117750.585937,1,19836.898838
-131836.929118,70,19838.626544
-135416.913051,1,19838.6573
-116447.504663,250,19844.763698
5621193.773363,116,19847.586039
-117761.72873,1,19847.606139
6500075.223423,143,19851.10568
-120994.902513,250,19857.295104
-147933.331153,250,19863.494433
-120042.64054,250,19869.574855
-119203.116202,250,19875.823508
-117755.890914,1,19875.847894
-110198.726919,23,19876.436989
-109761.270166,250,19882.562469
-117758.049737,1,19882.588738
-138170.796734,1,19882.601827
-135519.527629,1,19882.632592
-137946.599315,1,19882.662405
-101114.398838,250,19888.670579
5884288.133866,73,19890.494821
-116261.293062,250,19896.632662
262262.07757,250,19902.619338
-126565.55071,1,19902.646192
-126577.501187,1,19902.67014
-135401.599822,1,19902.696912
-126573.709044,1,19902.7275
-135511.244904,1,19902.751689
-114211.37256,250,19908.796544
6078212.36143,135,19912.026355
-135490.581339,1,19912.05069
-139177.046378,1,19912.077569
-135594.991885,1,19912.099222
1134.760438,250,19918.016944
540986.759746,250,19923.935595
-143012.34742,250,19929.750578
-137979.354817,1,19929.785064
-135611.377482,1,19929.811064
78639.33759,250,19935.605532
5646270.70121,165,19939.560927
5965582.882256,181,19943.896149
5724891.225237,193,19948.602563
-86113.237844,250,19954.738821
-195297.857846,2,19954.789334
-142986.061145,250,19960.948909
-117742.633662,1,19960.977093
5750351.273341,137,19964.299335
1313724.215221,250,19970.423522
5884677.34344,108,19973.08005
-71178.219771,250,19979.452825
-124156.633653,250,19985.592796
-107885.466091,250,19991.60006
5560271.816327,113,19994.410725
-134714.539499,250,20000.476386
-152724.304013,250,20006.293537
-117750.940187,1,20006.314406
5950670.777357,84,20008.324937
5752793.572941,101,20010.712389
5824090.934659,108,20013.2421
5492478.330054,158,20016.903564
-74308.221404,250,20022.843893
399581.063332,250,20028.823161
5590947.60022,55,20030.180203
-155862.977314,1,20030.212775
-126585.472433,1,20030.243332
5416256.316866,223,20035.81631
-159732.103895,250,20042.2484
5567994.732096,58,20043.705447
-117759.718296,1,20043.734441
-135513.843365,1,20043.76015
-144450.754147,1,20043.783802
5652967.648733,143,20047.332676
5564798.881809,53,20048.600441
-117792.133002,1,20048.631593
-147547.398033,250,20054.845461
-95063.565918,250,20061.269611
-117749.865409,1,20061.293858
-117655.560978,1,20061.315818
5729492.170901,83,20063.325216
6518226.209268,199,20068.407626
-48603.028037,250,20074.629677
-104613.319986,250,20080.817265
5745758.203287,89,20083.052286
5687530.486062,120,20086.070641
-144348.674921,1,20086.101847
16319.263715,250,20092.208088
5649041.269477,95,20094.592605
-135497.724273,1,20094.614778
-134843.476872,250,20100.793963
-125765.630586,250,20106.902697
-177224.57567,2,20106.968504
5693685.70477,175,20111.383434
-117647.639847,1,20111.423639
-117759.183392,1,20111.443925
-146300.367512,250,20117.616091
5811300.321919,117,20120.449764
-135546.054573,1,20120.480426
-117861.400783,1,20120.503991
5564079.073079,98,20122.832161
6311886.069501,206,20128.002461
-117760.934125,1,20128.03402
5777038.251762,89,20130.165707
-149089.805073,250,20136.32903
-83194.053621,250,20142.627449
5661808.996441,141,20146.115397
6280978.58102,156,20150.032362
-123740.72868,250,20156.078673
-121168.152543,250,20162.101896
5950777.162072,115,20164.948668
-143324.198027,1,20164.97967
-149906.859517,250,20171.089717
5823478.879839,78,20172.977406
-135491.098736,1,20173.011181
110531.560378,250,20178.884221
6021562.456575,129,20181.947862
-131764.527487,250,20187.942264
-126688.308181,1,20187.970003
-155735.852706,2,20188.01313
-128155.645465,250,20193.861324
-123594.648727,250,20199.751868
-117750.281097,1,20199.781852
5869162.109829,115,20202.534837
6055406.655085,119,20205.293566
-112496.583837,17,20205.726105
-135528.470577,1,20205.749359
6009066.461845,126,20208.794556
52869.594369,250,20214.782377
-117374.553425,250,20221.0118
-40290.920733,250,20227.195406
5475841.191369,157,20231.133061
-119160.207722,250,20237.236111
-135492.263178,1,20237.25845
-126671.066643,1,20237.279263
-138192.835127,1,20237.29987
6007971.942186,106,20239.866046
5529269.004392,141,20243.188393
-124525.182053,250,20249.223266
-150906.411007,1,20249.263857
6006078.402609,68,20250.871526
-126695.614743,1,20250.906012
5872224.485777,98,20253.288428
-135487.381288,1,20253.309006
-135531.601842,1,20253.35128
5431206.173302,78,20255.178539
-136063.762851,1,20255.200835
104213.832812,250,20261.423464
-126567.093079,1,20261.453955
5950344.46242,171,20265.64951
5587777.36594,240,20271.515427
-132165.966905,250,20277.826372
-126586.137687,1,20277.857409
6146487.89255,165,20281.9896
6163159.53289,148,20285.551765
-107387.050315,19,20286.015914
-135505.379406,40,20287.020695
-130016.63203,250,20293.328189
5777598.972391,105,20295.891896
-126676.92142,1,20295.922537
-150553.644537,250,20302.122768
-137116.149366,1,20302.1432
6409477.052146,179,20306.757908
704000.546352,250,20313.053841
-135568.545316,1,20313.085349
-129369.619587,250,20319.484416
-51814.065592,250,20325.640909
-119212.364277,250,20331.855395
9929.303977,250,20338.002883
-140806.088717,1,20338.023518
5416478.496377,46,20339.123709
5564340.587341,126,20342.169132
7225192.903673,231,20347.876915
5909094.640479,102,20350.420258
6067812.202632,250,20356.585829
6072075.795079,163,20360.566727
-117857.793459,1,20360.597829
7680748.293599,215,20365.816813
5731123.157824,113,20368.587372
5459596.296911,200,20373.557474
5399789.161015,58,20374.95803
-117757.011493,1,20374.985579
-140106.617303,250,20381.214081
-154983.768083,250,20387.097973
-135497.53649,1,20387.132522
-118174.19686,250,20392.986804
28275.111895,250,20399.083359
6329306.617888,186,20403.493635
6012527.058731,116,20406.259444
-126207.967562,250,20412.47147
-163438.752483,250,20418.578733
-140116.547271,250,20424.517529
5850544.560873,90,20426.609484
5493278.530527,147,20430.054208
583668.387174,250,20435.991702
5386514.325526,164,20439.996413
5802228.120433,147,20443.586819
6216674.951735,108,20446.166392
-126582.323637,1,20446.188371
-121997.090423,250,20452.147908
-117754.813451,1,20452.168339
5905253.128625,109,20454.761245
-153282.231316,1,20454.792264
-128710.973263,250,20460.880017
-122311.35411,250,20550.754138
-117369.98331,250,20557.069093
5548671.612492,115,20559.945179
-117846.732342,1,20559.975958
-117751.583371,1,20560.006121
6310981.439597,194,20564.930019
1074222.284406,250,20571.129934
-134228.208676,250,20577.321963
5680051.941244,194,20582.339264
6308099.288316,94,20584.658973
5580422.874821,125,20587.7546
-117864.84271,1,20587.789477
6561621.568162,207,20592.887062
-117859.45386,1,20592.920168
-133626.925254,250,20599.060112
-149155.124607,1,20599.089288
132943.458349,250,20605.383419
-156414.233276,250,20611.468823
5862665.381951,85,20613.628191
5783259.271864,89,20615.817031
-181381.11185,250,20622.051373
-126569.980137,1,20622.081944
-126667.118246,1,20622.106295
-171666.900834,2,20622.166731
5871156.994271,102,20624.646461
5374620.139066,141,20627.956351
-147052.663093,1,20627.991398
6315482.779868,168,20632.152199
5676075.693683,217,20637.615355
5915343.926064,165,20641.459283
6070372.857877,132,20644.730305
5823900.508896,99,20647.097476
-126665.095974,1,20647.128396
5584720.134961,61,20648.652066
606687.976317,250,20654.519058
-117750.428362,1,20654.539526
5394028.38889,98,20656.767495
5447050.598866,75,20658.572337
-134691.755348,1,20658.592447
-240311.550533,229,20664.194071
5923151.477636,207,20669.154809
-126678.698309,1,20669.176518
6327698.788261,140,20672.673129
-151530.801552,13,20672.999322
-151213.268338,250,20678.919702
5733757.351061,157,20682.713284
-144406.179809,1,20682.73408
-117755.403557,1,20682.759742
-126563.350208,1,20682.784889
68380.812384,250,20688.80654
-117746.089066,1,20688.830766
-121074.601036,250,20694.99675
5552815.368388,145,20698.454847
5864356.918339,167,20702.562971
96316.647211,250,20708.702294
-157783.929666,250,20714.779828
5713077.710411,94,20716.995516
5786294.672214,103,20719.411471
5820877.915733,169,20723.49587
-102969.035623,250,20729.505721
-129058.546898,250,20735.615346
-120016.952268,250,20741.528947
-126488.254624,1,20741.556
-144512.088434,1,20741.583491
-117852.700291,1,20741.606221
6437217.732466,144,20744.951374
5937214.039051,142,20748.518585
-117750.356695,1,20748.550861
-162112.16983,1,20748.573229
5944884.899627,124,20751.734871
-117745.346826,1,20751.752055
6263563.484167,132,20755.041523
6078825.044212,132,20758.312989
5460026.385595,104,20760.986328
5916661.176355,187,20765.794022
-166694.809501,2,20765.853792
6451186.08401,219,20771.439096
5794400.435888,70,20773.161405
-114461.255662,202,20778.204232
6171411.981351,172,20782.676368
92363.998677,250,20788.802345
5638556.363724,126,20792.049678
-135696.016807,1,20792.070381
-137909.76171,1,20792.090624
5753119.895777,85,20794.30557
5749207.518336,87,20796.547711
-108531.950024,14,20796.888351
5660993.806493,123,20799.912942
5896012.007295,137,20803.362431
56579.054479,250,20809.683392
5447278.554645,133,20812.848981
-105378.864043,250,20818.987853
6211502.57538,181,20823.536788
-135585.104464,1,20823.567599
5717772.969359,111,20826.310516
-94164.953457,250,20832.555331
-126183.702594,250,20838.704184
-131117.300268,250,20844.913447
-126666.562809,1,20844.940067
-117771.518022,1,20844.963935
5597048.063516,110,20847.689951
-135693.679662,1,20847.710463
5416325.585399,44,20848.78726
-126563.51612,1,20848.80959
5785731.875637,130,20851.970557
-157687.902079,1,20851.99333
-20516.683915,250,20857.918727
-135589.641893,1,20857.948221
75699.129457,250,20864.128972
5612673.816805,63,20865.726759
-157832.016325,1,20865.752092
-257694.761273,250,20871.804379
-117648.094502,1,20871.821216
-117746.539281,1,20871.841261
660875.153711,250,20878.021529
5690793.969315,77,20879.891969
-126698.050279,1,20879.912373
5842203.243795,85,20882.058305
-143890.811,250,20888.151102
-117746.611423,1,20888.171454
-144406.740312,1,20888.203512
-135596.414095,1,20888.222821
-149376.03688,21,20888.729396
-127800.927877,131,20891.788347
-99096.980948,16,20892.14513
5999023.18271,205,20897.032038
-126704.066796,1,20897.063019
6068415.465016,122,20900.047702
-142283.610672,250,20906.019978
-151051.247511,73,20907.69004
-135549.803687,1,20907.719034
5917463.57118,76,20909.5536
-117785.417832,1,20909.571747
-135590.901837,1,20909.602146
-126562.866386,1,20909.629305
-177737.77325,79,20911.469811
5442696.334426,137,20914.791882
5800018.936369,165,20918.530403
-157201.694021,2,20918.571021
5996295.76858,108,20921.076854
5775651.041816,208,20926.058704
5523007.659577,135,20929.285217
6028236.821415,184,20933.565681
-86198.65043,250,20939.475745
-150371.155283,81,20941.378496
-180821.00433,2,20941.434359
5614211.447084,185,20945.916658
6142523.12371,246,20951.888611
-119660.11265,250,20958.048185
-34250.893743,250,20964.211409
5546109.073319,64,20965.854388
2087347.285402,250,20971.810039
-164435.613288,1,20971.836317
5811889.283198,185,20976.260119
5816746.98273,103,20978.791453
-239170.842774,194,20983.406055
-113715.638003,24,20984.012497
-133854.934105,250,20990.210388
6172842.177676,153,20994.05232
5403685.664459,55,20995.432228
-115830.471283,20,20995.912585
-122492.051595,250,21002.208795
-126573.225312,1,21002.245839
-223750.749081,243,21008.236436
6012848.963853,137,21011.639835
5936253.050536,232,21017.561266
6099783.457877,118,21020.457247
-152954.047903,2,21020.510442
5967162.3012,248,21026.692168
31777.2834,250,21033.151052
6331896.463486,126,21036.210767
6083214.413694,115,21039.041324
-176112.743802,2,21039.088276
566295.053611,250,21045.560954
-126577.747191,1,21045.595281
295527.157679,250,21051.652019
1502796.48314,250,21057.843708
5931682.930759,139,21061.330757
598100.606602,250,21067.606514
5905473.894925,134,21070.96494
5810314.983344,118,21073.891048
5788240.758435,123,21076.988065
63886.343649,250,21082.948993
7022949.132193,163,21086.808929
5763053.28185,99,21089.236216
-117843.490167,1,21089.266609
786637.251382,250,21095.309128
-112922.463819,250,21101.328966
-117863.76425,1,21101.361857
-100220.680375,250,21107.600864
151506.261974,250,21113.534411
-78124.480746,250,21119.541063
-72732.195817,250,21125.462342
-119190.672803,12,21125.737861
5520338.866076,52,21127.00838
6029717.589723,122,21129.965125
-117849.457332,1,21129.989178
-61669.962582,250,21136.056532
5888196.884669,147,21139.527531
6353704.231381,141,21142.895964
351361.548052,250,21149.048531
6196768.547158,168,21153.171183
41177.407067,250,21159.437654
-121491.970137,250,21165.550911
5866466.987686,136,21168.855986
6080433.430825,162,21172.750255
-103084.228162,250,21178.898034
-140679.975842,250,21185.031751
-138118.108481,1,21185.052903
5646452.970866,123,21188.053562
-111543.433834,250,21194.02487
-131764.730355,250,21199.984598
-117748.372432,1,21200.000612
-152833.802105,1,21200.031167
5384735.411775,171,21204.168131
-149178.728286,1,21204.198749
-106331.196254,250,21210.208694
5955108.642069,123,21213.156213
5668822.42666,160,21216.977026
5981524.543854,112,21219.719638
-74193.866502,250,21225.857326
-135419.734082,1,21225.887733
5871897.684986,117,21228.767421
-153230.056426,1,21228.787928
-117844.084554,1,21228.818407
-117657.485689,1,21228.838532
-135383.466767,1,21228.881384
-63764.187534,250,21235.261745
5627162.846983,108,21237.982599
-55862.355851,250,21244.294036
-121442.615607,250,21250.475201
5592798.628617,58,21251.948549
-117761.4894,1,21251.970568
-117753.344231,1,21251.999162
5535152.811354,137,21255.432494
-44640.102179,250,21261.651535
5500347.992115,143,21265.161377
-152338.283221,250,21271.430245
5571403.531218,208,21276.574682
-117747.265654,1,21276.595433
-97969.641091,250,21282.845187
6158127.460126,128,21286.106773
-134331.961267,1,21286.126635
-135588.075377,1,21286.156511
-711369.629274,250,21292.388891
5586589.871552,165,21296.600914
-102245.682297,15,21296.983686
-28825.018639,250,21303.024379
-122937.69794,250,21309.138343
5361875.881969,175,21313.473764
-126574.212185,1,21313.506425
5433188.124704,108,21316.189596
234465.937512,250,21322.173518
-207990.651154,35,21323.048533
-152889.223115,1,21323.089773
5559969.01203,58,21324.508507
-93165.696566,250,21330.607923
5513920.68683,145,21334.170981
-135512.363824,1,21334.198064
5497965.978126,110,21336.888492
-86127.690521,250,21343.179195
5428633.222625,212,21348.410512
5702978.528282,124,21351.489963
5700375.36169,116,21354.332535
811013.239664,250,21360.441748
-134132.207576,250,21366.473876
5682066.60123,164,21370.432267
1316826.396078,250,21376.412149
-152836.353454,1,21376.430966
-56558.855638,250,21382.336986
-14026.376141,250,21388.203899
5932236.856019,118,21390.912632
5936794.569315,131,21393.913563
6500956.899939,140,21397.281624
6324786.281293,125,21400.321354
-87601.296922,250,21406.230926
5697045.468099,73,21407.949587
27229.265493,250,21414.08738
6123606.610551,156,21417.935345
-69288.014886,250,21424.080882
5796002.883969,155,21428.006024
5890032.254888,130,21431.278929
5817238.862977,217,21436.503036
-117743.04346,1,21436.537302
-124028.362139,250,21442.798254
5927933.925728,172,21447.101681
-113980.42845,250,21453.15313
-144308.593915,1,21453.178849
-117763.684792,1,21453.197126
6261045.65436,151,21456.76985
5642798.201474,220,21461.921187
-152562.908533,1,21461.952926
5710139.611027,213,21467.123218
83444.366059,250,21473.398163
-126641.06657,1,21473.421659
-138240.151357,1,21473.438131
-194253.672606,2,21473.508987
6194806.500381,141,21477.065098
5640233.860127,190,21481.790773
-98691.058283,250,21487.804947
5643630.057209,140,21491.491331
-126566.554828,1,21491.525713
-210862.150617,116,21494.355418
288245.349411,250,21500.663129
5751248.547581,103,21503.265505
33764.330633,250,21509.525684
5877638.578575,149,21513.191075
-160392.161561,2,21513.251478
-81954.162074,250,21519.573932
-121656.100605,250,21525.743494
-66409.919118,250,21531.972215
5518891.655134,104,21534.564916
-126217.002418,250,21540.580881
-126856.173033,1,21540.610559
-135570.757105,1,21540.635734
5665392.44561,63,21542.180568
5551273.305297,62,21543.675356
5993480.281485,225,21549.170318
-50373.655172,250,21555.198946
5898255.942052,124,21558.215457
-98592.648624,250,21564.361254
6125520.034018,166,21568.323894
6650305.719053,232,21573.961123
5991573.55328,110,21576.705647
5423903.96512,58,21578.11494
5975251.629825,171,21582.296245
386896.573898,250,21588.381018
5581011.952678,105,21590.884531
-117746.896398,1,21590.909933
1566244.100705,250,21597.025598
-38533.904361,250,21603.256165
124092.706516,250,21609.358664
277748.906291,250,21615.506012
155189.551294,250,21621.749029
993368.116164,250,21627.771601
-117843.678088,1,21627.801256
6152368.618232,159,21631.585781
1090997.001411,250,21637.594648
-153771.756631,1,21637.617803
737972.98213,250,21643.52533
6903562.390425,165,21647.385096
-136835.718176,250,21653.47688
7160120.78896,217,21658.583616
-135501.766145,1,21658.610828
5344909.166885,173,21662.761431
-27524.658141,250,21668.779421
-107971.101437,250,21674.835127
5903588.408903,89,21677.024098
5409619.914745,46,21678.109922
5588329.454824,100,21680.518617
-92341.092327,250,21686.669634
6351258.519709,104,21689.162527
589004.614249,250,21695.293863
-119717.353029,250,21701.223969
5728553.492963,143,21704.747212
142994.878597,250,21710.991459
-163320.229734,250,21717.309846
-11370.408393,250,21723.43804
-117867.554499,1,21723.478933
5895798.403013,132,21726.728266
5574600.590635,241,21732.825493
297762.878896,250,21738.889726
6141111.047663,124,21741.880789
5798862.869038,179,21746.327459
5827790.417439,98,21748.736501
5743312.587034,111,21751.479035
-134355.631831,250,21757.876036
6166461.892276,116,21760.912604
5942338.004871,154,21764.782051
5719291.259574,84,21766.846177
-126098.180027,250,21773.003632
79978.011769,250,21858.935918
5422977.769231,36,21859.768186
154582.378046,250,21865.810752
-126563.737133,1,21865.836005
6064922.923885,97,21868.130129
-100432.005113,250,21874.236256
5901352.136737,118,21877.173966
-140324.290611,250,21883.181773
-138984.596991,250,21889.294635
-79918.109951,250,21895.507184
-135507.985879,1,21895.543618
5855427.322691,121,21898.392376
150589.644379,250,21904.508105
5914437.758135,102,21906.939264
-55491.186843,250,21912.819012
5515340.82344,102,21915.220906
6141476.353661,160,21919.090972
392060.299178,250,21925.064
5706351.896937,133,21928.122239
-135361.522439,250,21934.106719
6119043.2623,91,21936.252262
6368466.337317,162,21940.083323
-146828.10057,1,21940.10342
-139069.540355,250,21946.272352
6598720.373956,239,21952.282812
6394872.582947,149,21955.898995
-202334.256777,3,21955.980721
5724574.199381,89,21958.211567
-135514.590791,1,21958.242392
-129499.480583,1,21958.262782
-131756.354231,250,21964.643369
-144213.722979,1,21964.670606
-76372.662602,250,21970.949315
-112282.129965,250,21977.201093
2738894.834651,250,21983.391293
-77744.203467,250,21989.688452
-145762.675975,250,21996.037529
761299.379768,250,22002.162805
6320305.643458,107,22004.775889
-142910.540077,250,22010.934281
6575653.493824,147,22014.647544
-125488.422635,250,22020.756032
5996006.513208,128,22023.917108
-81376.303385,250,22030.122262
6053509.587441,186,22034.692545
-185363.124814,2,22034.747836
5915428.01085,128,22037.877436
-138236.009542,1,22037.897499
-106699.970421,250,22043.971757
5593250.975983,83,22046.060931
5837435.005047,127,22049.245162
-119201.738613,250,22055.568733
5863535.28406,128,22058.752316
-155378.153008,1,22058.78322
-117748.575287,1,22058.80364
6085811.932851,126,22061.839004
-10630.293927,250,22068.029618
5800381.610641,62,22069.562263
-44810.726053,250,22075.678551
6002814.85993,135,22078.97374
5758594.127409,144,22082.396304
6186731.650571,130,22085.565576
5988973.646818,129,22088.521668
-117856.232506,1,22088.562953
5542805.358893,102,22090.91132
5894704.928992,134,22094.032092
5414167.335489,62,22095.49744
6190677.526383,147,22098.953282
-143273.46002,250,22104.713983
112628.693071,250,22110.55124
-117763.207052,1,22110.575737
-133394.121863,250,22116.595508
5732977.134384,116,22119.303135
199640.60035,250,22125.110295
5991744.522098,152,22128.828622
-117752.39938,1,22128.848739
5719595.849988,171,22132.91946
-137951.784279,1,22132.946607
5873102.738469,119,22135.86428
-117849.090612,1,22135.884154
-135509.756942,1,22135.916439
48362.39077,250,22142.11214
-137342.044693,250,22148.081997
-102865.139982,250,22154.266816
-117845.135286,1,22154.285696
-126590.841761,1,22154.317268
-126918.629322,250,22160.483213
5757517.129953,143,22163.92909
-117750.614526,1,22163.959224
-143244.141339,1,22163.979517
-152842.596306,250,22170.086614
5787298.970292,99,22172.488673
-144413.52894,1,22172.509958
5657186.023785,120,22175.396571
6002343.125658,136,22178.649958
-129255.604075,16,22179.02086
142405.365031,250,22184.941374
6159675.193641,121,22188.028714
6581215.308606,151,22191.644579
6000853.992649,131,22194.893932
6309417.145392,152,22198.760546
6438860.53117,205,22203.847029
-143911.513213,250,22210.057881
-125668.127732,1,22210.088319
5599598.629666,121,22213.196172
36921.354914,250,22219.61399
-132051.702895,250,22225.9138
6351676.477636,158,22229.958423
6842025.321551,165,22234.112434
-180398.818841,2,22234.161748
-122595.581438,250,22240.452818
-117746.331615,1,22240.484511
5459869.744179,63,22242.087312
435110.237156,250,22248.342529
-118601.965976,250,22254.599651
-67365.52661,250,22260.774259
5698525.532252,102,22263.384006
-151464.98266,1,22263.41146
5700543.58637,165,22267.483524
-117772.523401,1,22267.512964
-119500.482877,250,22273.62854
-155015.382448,1,22273.659341
6144573.570203,112,22276.451665
6068291.821054,129,22279.494341
-141354.626564,250,22285.537045
-126574.706056,1,22285.557135
6006853.758138,185,22290.039765
-126564.597805,1,22290.069718
-123553.39343,250,22296.060854
-52377.487544,250,22302.125572
1703385.08617,250,22308.170089
6003345.549416,184,22312.382622
5884937.358437,184,22316.785342
-137822.214945,250,22323.07842
-112554.115916,250,22329.223116
-138245.900053,250,22335.257467
48110.265626,250,22341.368582
6202922.297836,119,22344.28751
6731967.040409,163,22348.187512
-126673.61891,1,22348.220929
6109542.224779,190,22352.894183
6099778.462821,121,22355.851427
5777988.712446,124,22358.918906
5878060.336328,124,22361.922179
-144523.31335,1,22361.942981
-121084.596966,250,22368.048368
5729967.572378,97,22370.342681
-135592.130058,1,22370.375214
6415176.839029,201,22375.131662
5546308.3075,202,22380.081512
-147029.853372,1,22380.102015
-136585.20961,250,22386.06726
-18561.542411,250,22392.048407
-151215.582133,250,22398.163082
5586345.486373,99,22400.599613
-106654.830172,250,22406.625168
-150921.502381,250,22412.769964
-151716.910125,1,22412.790386
-187981.798065,2,22412.841261
-119696.926424,250,22419.092797
45179.84818,250,22425.125972
-117855.893854,1,22425.146082
5749236.834241,122,22428.158393
5949447.914928,92,22430.418635
195311.127534,250,22436.757046
5708959.976702,111,22439.639941
5541532.752184,125,22442.773188
5536491.866109,122,22445.690777
6605344.566118,138,22449.133724
5754984.125956,113,22452.052571
-138256.890989,1,22452.072277
-122228.694572,250,22458.402252
-17954.875588,250,22464.614612
-136167.259694,1,22464.644848
-154130.701176,1,22464.678164
6036543.161198,100,22467.203932
6420364.253263,183,22471.736971
-136892.139248,250,22478.079248
-165255.183725,2,22478.120073
-71983.082189,250,22484.420924
5386948.492869,187,22488.948035
-135491.780331,1,22488.978591
-150643.554415,250,22495.035591
-125945.497483,250,22501.196239
6068383.43625,195,22506.060236
-126679.198031,1,22506.080733
-126561.266619,1,22506.108023
5534403.547994,163,22510.225039
6058855.234211,126,22513.432435
2009.153626,250,22519.640639
5976600.012612,153,22523.392818
-25011.64924,250,22529.61845
-151281.349921,1,22529.643079
-134974.040467,250,22536.023726
-83628.265991,120,22539.099474
5623360.461797,64,22540.702691
-89753.532554,250,22546.865793
-84472.527711,250,22552.90622
5906446.742104,219,22558.220246
-115808.797305,250,22564.221621
-157297.604031,250,22570.096259
-146540.375386,1,22570.122651
-135908.977998,250,22576.07928
-123124.490532,250,22581.971114
5894536.172081,175,22586.247995
-126679.743157,1,22586.264369
-126690.326182,1,22586.29503
-118462.871049,250,22592.150181
-139694.73457,45,22593.234202
-134509.097784,1,22593.260473
531683.247076,250,22599.586778
5795494.585134,179,22604.094844
706580.52557,250,22610.317716
-29296.978932,250,22616.418508
-83000.909693,250,22622.571735
5679411.697718,199,22627.511956
-154755.917832,1,22627.532629
6165178.532884,125,22630.406618
6369334.427617,165,22634.146893
-135327.9349,1,22634.163009
-116598.654361,250,22639.798298
-135516.65123,1,22639.818713
-143948.777056,250,22645.651315
-120223.343509,250,22651.636815
5889907.136268,100,22654.059208
5966316.77912,220,22659.572783
-119235.340776,250,22665.392592
-135595.189675,1,22665.424398
-126776.333314,1,22665.444037
6086145.770528,158,22669.303307
-124627.114712,250,22675.772398
-213008.802815,250,22682.151217
5745658.356597,224,22687.750507
-102741.930735,250,22694.271366
6513835.59246,148,22698.030469
-128741.505187,250,22704.316552
-126684.166409,250,22710.481595
6502628.875609,139,22713.999592
-138148.879104,250,22720.23602
-68504.537849,250,22726.636697
-126670.989103,1,22726.671882
5899150.032923,193,22731.450064
6650461.182029,166,22735.491524
6349129.717938,179,22739.861942
-135507.275701,1,22739.888414
5854640.395737,233,22745.619894
-128463.742965,250,22751.866941
6853747.165022,194,22756.549837
-60891.360552,250,22762.685786
6010453.901483,133,22765.988643
5936643.019901,186,22770.585948
5842011.780466,120,22773.415663
5898678.767716,121,22776.397877
6153462.371311,150,22780.084473
-92968.906046,250,22786.095246
6263797.774801,132,22789.365569
5753064.837734,123,22792.487725
-99594.437128,250,22798.40543
6225144.203075,166,22802.420207
-42616.869577,250,22808.510151
-118652.547372,250,22814.436661
-76498.741066,250,22820.47989
-126572.236347,1,22820.510795
-126571.705506,1,22820.530684
-126471.223579,1,22820.57315
6216767.727637,126,22823.517148
-71351.82814,250,22829.515043
-99822.469283,250,22835.530753
5703630.365874,104,22837.970992
441214.483943,250,22844.142338
-125440.690047,250,22850.089
5722534.199278,242,22855.818567
-144467.417275,1,22855.85221
-126662.996774,1,22855.869338
6203218.863945,173,22859.992164
-168119.977109,2,22860.070753
6617144.266046,148,22863.715295
5908028.235022,112,22866.41637
-117746.989039,1,22866.447377
5957237.707012,118,22869.298863
-153781.71468,1,22869.322109
5997147.511687,137,22872.695445
-189994.569811,3,22872.756967
6183423.473107,119,22875.787081
-119235.883669,250,22881.987396
-182789.359468,250,22888.286627
-153121.513134,1,22888.312815
-144347.264532,1,22888.34053
-114055.137826,250,22894.559617
-126603.292141,1,22894.590145
-135406.911179,1,22894.610197
598052.281093,250,22900.820221
-151846.304848,1,22900.855701
-40031.403861,250,22906.903817
5505975.273559,128,22910.046233
5704485.344889,110,22912.806753
-162602.181726,1,22912.837097
7209489.034224,231,22918.531602
-166429.350817,250,22924.813717
-55865.354682,250,22931.057353
5926918.501975,134,22934.285723
-137677.872592,250,22940.391107
-135953.798863,250,22946.624725
-119497.705678,250,22952.923706
-126611.376068,1,22952.944152
-56663.743272,250,22959.244931
-117750.211684,1,22959.265605
-117847.467505,1,22959.305459
6039419.85417,137,22962.709838
-94932.972119,250,22968.833218
-151946.74166,250,22974.957618
-131074.652698,250,22981.099653
1012161.024699,250,22987.475904
6072120.943156,140,22990.974152
5992019.313852,176,22995.332762
5458067.48103,56,22996.709995
-154993.908565,1,22996.730625
-80073.196158,250,23002.999231
-117645.145933,1,23003.023737
-135742.108187,1,23003.053022
-126575.118519,1,23003.079427
-127787.739299,250,23009.045908
-134488.716636,1,23009.076416
-26906.77368,250,23015.220699
5529359.973851,130,23018.43128
-156016.690702,1,23018.465728
6427431.740549,153,23022.182312
-118076.85192,250,23028.244607
-120288.155917,250,23034.245995
-135389.036765,1,23034.280591
-141195.518353,250,23040.119463
-125569.417035,1,23040.14741
6601390.541014,193,23044.865485
-129205.949987,1,23044.886315
-134854.02317,250,23050.805916
-4385.982625,250,23056.887131
-117648.346124,1,23056.912675
-126669.353513,1,23056.944128
-117753.262387,1,23056.964147
-150246.046183,1,23056.989218
-117755.363325,1,23057.00493
-125565.161954,1,23057.035886
-128923.279132,250,23063.004243
6197572.380853,143,23066.460973
60141.096753,250,23072.523696
-104857.839642,75,23074.392756
-117753.966525,1,23074.420419
101970.86923,250,23164.475701
184086.486295,250,23170.758535
131438.095486,250,23176.757389
6418377.482663,181,23181.26197
-117758.242137,1,23181.293134
448403.902258,250,23187.439488
-127553.079702,250,23193.85819
5980785.190986,193,23198.684377
5810127.129291,106,23201.302748
6124571.072451,127,23204.362708
-131252.925343,250,23210.634429
5662029.790376,93,23212.899381
6137421.321303,132,23216.241099
6322199.551329,170,23220.573397
5929946.407695,107,23223.387561
-126625.543701,1,23223.412752
-114579.672367,250,23229.655589
-135408.663676,1,23229.696851
-122256.357201,250,23235.869425
6818882.498739,184,23240.41973
2616080.53988,250,23246.565614
-144305.902766,1,23246.585778
5710365.54762,88,23248.77562
6229324.288701,146,23252.507746
5754440.340846,83,23254.49992
6243882.244421,171,23258.584843
394149.142842,250,23264.836089
5767237.570793,109,23267.588123
-130850.475596,250,23273.753936
5640474.622354,190,23278.254797
-114219.296837,250,23284.420391
-118888.332593,250,23290.311469
6215886.770615,178,23294.550596
-117846.672965,1,23294.571949
18275.086514,250,23300.394205
-135529.325563,1,23300.424802
-132049.205597,250,23306.382933
-126045.716249,250,23312.452888
-129079.763043,1,23312.478402
7102208.248604,232,23317.933235
-126764.341271,1,23317.962676
-189242.206006,250,23323.870343
-159186.264746,250,23329.90272
-126669.8459,1,23329.922855
-12116.25527,250,23335.918715
6046561.377607,169,23340.093508
5776912.405137,116,23342.873717
-126769.15863,1,23342.894222
-130212.322123,250,23349.017037
5664390.797467,122,23352.044614
-109040.210231,250,23358.134852
-135459.005515,1,23358.164808
-126667.814708,1,23358.201948
128584.65348,250,23364.093696
5541493.654929,219,23369.313007
-126708.070126,1,23369.346023
-138211.977012,1,23369.371399
-117761.71746,1,23369.394941
-126573.293224,1,23369.418126
-149573.588762,250,23375.459795
-135482.790991,1,23375.486629
-117748.103657,1,23375.515171
6029415.352813,122,23378.477543
5718847.335384,107,23381.149098
-145879.920937,250,23387.193846
5685573.13764,190,23391.885074
-169659.461879,250,23398.099433
6373626.615438,198,23403.243937
6563355.41966,208,23408.360827
-138387.662269,250,23414.66862
5463686.910008,73,23416.563538
-135388.923122,1,23416.59407
7280688.774219,226,23422.426758
-68053.43825,250,23428.896916
-128325.580934,53,23430.219652
-126573.96646,1,23430.252049
-44271.544612,250,23436.626792
6179945.513327,119,23439.626603
-163787.010769,2,23439.693116
-151034.861171,2,23439.738967
-4955.953438,250,23446.082128
-150000.933348,250,23452.191017
5860857.369181,109,23454.806913
170494.427971,250,23460.990493
-144098.47989,1,23461.024711
6367926.77055,149,23464.77096
-126564.957869,1,23464.802815
-124606.544094,250,23470.850643
6063364.960585,109,23473.539803
-134235.750507,250,23479.84523
5996455.580425,125,23482.932698
80070.838843,250,23488.985801
-137304.049286,250,23495.319352
1169125.665943,250,23501.382442
6020247.788063,130,23504.719752
5640054.833115,160,23508.797949
-117761.3928,1,23508.828691
5827301.142591,109,23511.439134
6442518.103372,160,23515.236783
-134771.314741,1,23515.267527
6158037.029547,207,23520.302191
-116278.467289,250,23526.315185
-124272.454862,250,23532.380149
6261472.099322,161,23536.209459
-135489.178827,1,23536.244156
5634283.716992,96,23538.540245
-88004.17993,250,23544.558187
6035039.180881,248,23550.578278
5618396.738061,119,23553.391744
5820258.213829,69,23555.151161
5717427.233283,71,23556.843995
5823166.224163,167,23560.93643
-126666.13722,1,23560.968225
-48352.78609,250,23566.85922
6078950.787792,134,23570.125444
-13273.60903,250,23576.115813
5804927.242808,208,23581.16603
-135589.087939,1,23581.196526
5779269.785821,120,23584.187475
5879831.92941,123,23587.024384
-117745.063477,1,23587.053843
-117276.157047,20,23587.519973
-39797.345754,250,23593.591976
5492169.034101,149,23597.364827
-115273.404411,250,23603.413856
-135513.73944,1,23603.447667
5873501.425453,107,23606.156856
5821427.606246,83,23608.259661
2252217.546589,250,23614.438989
5808124.506575,121,23617.394847
5697270.269032,121,23620.424332
6314071.678868,187,23625.001323
-122898.360192,250,23631.129152
-20909.514733,250,23637.278058
5716994.543733,141,23640.903106
-126672.2435,1,23640.92319
34745.596194,250,23647.127894
-124652.547956,250,23653.422715
6135215.983591,131,23656.732455
6372656.791504,138,23660.312688
-164817.543192,1,23660.338665
5684231.688953,71,23662.141213
7552909.737845,241,23668.215136
6806289.890035,218,23673.580023
-117792.007128,1,23673.610634
5909402.909881,72,23675.410845
6000446.980247,232,23681.227283
-46317.728265,250,23687.611619
5457681.282612,121,23690.625843
5621086.720677,122,23693.614342
-117843.300995,1,23693.645044
-126177.918399,250,23699.793938
-2390.546227,250,23706.009249
-135488.930689,1,23706.029573
-135403.877839,1,23706.060222
2455796.256713,250,23712.289498
1081719.196871,250,23718.536427
-38853.400643,250,23724.754538
-126597.521888,1,23724.775164
5587669.909852,185,23729.355419
5835448.105285,101,23731.829906
-2509.564372,250,23737.935925
-116749.602634,1,23737.95716
-104524.840429,12,23738.243825
5859137.720733,137,23741.662534
-152707.120716,250,23747.78577
-128916.368782,250,23753.702392
-126666.347422,1,23753.724794
5960609.63756,135,23757.038665
6086074.832316,212,23761.975611
-117743.098319,1,23762.006259
5564390.853509,106,23764.47644
5798720.193023,205,23769.382976
6003655.125866,166,23773.28746
-154728.709355,1,23773.307621
-117868.532132,1,23773.327982
-152510.698885,1,23773.358463
5577162.604132,71,23775.116747
-117764.16048,1,23775.152738
5594995.395555,77,23776.928385
-135441.558299,1,23776.953353
-123846.340111,250,23783.008893
5643998.729106,37,23783.92819
5915322.046469,67,23785.49495
129726.579202,250,23791.594981
6195779.461757,111,23794.357018
5776448.030055,220,23799.828971
5555119.932127,203,23804.686631
-58789.308292,250,23811.016227
-85128.657535,250,23817.313192
6238099.340053,129,23820.456452
5896177.741226,124,23823.434133
6120149.765518,126,23826.488873
-139158.002759,250,23832.466806
6372020.266457,149,23836.030888
-117752.109209,1,23836.053896
-128433.032667,250,23842.098276
5779027.24625,123,23845.172459
-133204.893986,250,23851.210893
-93805.864297,250,23857.237389
6425006.253211,192,23861.881247
43307.388722,250,23867.784609
37742.36615,250,23873.944173
5769532.619026,88,23876.151745
-152995.997113,1,23876.172321
-135513.361569,1,23876.207089
-126580.182326,1,23876.232308
6180435.388924,120,23879.251283
5670776.309982,129,23882.503174
-168611.942193,2,23882.556581
2891.522839,250,23888.908807
6103211.78178,119,23891.948567
-117648.380309,1,23891.985973
106549.471832,250,23898.181249
557633.341298,250,23904.630642
-140969.41839,1,23904.657241
5795398.944816,175,23909.058848
6537036.923392,172,23913.420293
7124840.439784,167,23917.699873
-135389.744743,1,23917.73744
6104926.92566,140,23921.418405
-164469.589241,2,23921.469769
6325012.933578,145,23925.184287
5498162.120204,67,23926.8661
-135540.488845,1,23926.88282
5979969.324297,108,23929.610385
-104771.339806,18,23930.089607
-126573.123251,1,23930.108561
6039196.867497,164,23934.298081
-117857.1056,1,23934.324048
5806482.331551,104,23936.919072
319366.02628,250,23943.064113
-660096.041078,250,23949.239724
-135593.002653,1,23949.269002
6106641.505061,102,23951.808452
-129993.357129,250,23958.00371
6361784.211714,143,23961.52148
2625900.029955,250,23967.596072
-134268.3671,1,23967.612554
-135500.634139,1,23967.647716
-135595.687234,1,23967.684896
5947168.900195,155,23971.514264
-105962.00073,14,23971.879869
632684.725867,250,23978.125833
-172948.347306,2,23978.17624
-135534.197339,1,23978.196338
6070071.964677,145,23981.839231
-117847.556591,1,23981.863935
-135599.351131,1,23981.885284
4345.692526,250,23988.1518
6110738.622028,137,23991.556381
6615844.883791,194,23996.244648
-100277.688122,17,23996.649343
-172590.153876,2,23996.713488
-117749.553429,1,23996.733849
6162992.066467,133,23999.856153
-135492.353888,1,23999.884518
-126695.448884,1,23999.915854
-146561.452976,1,23999.950326
-126668.825573,1,23999.970703
6106826.216496,118,24002.777784
-126676.296477,1,24002.801668
5574650.236878,131,24005.940817
-146752.881718,1,24005.96096
-117750.520326,1,24005.991213
-117797.942704,1,24006.021434
-126670.28573,1,24006.051826
1836467.907243,250,24012.184834
-117786.333803,1,24012.205164
-71207.071597,250,24018.25913
-137877.115866,1,24018.279636
6122784.187862,150,24021.874107
6303227.397603,114,24024.700475
-135486.16566,1,24024.720112
-84569.964941,250,24030.728589
6046071.404097,158,24034.535038
6011710.532916,134,24037.718906
6246333.382232,121,24040.819679
-170192.508289,1,24040.850525
-135594.113272,1,24040.878753
-117761.582739,1,24040.900938
6068567.584481,158,24044.519671
5748718.246612,123,24047.361527
-111635.953118,250,24053.413178
-17126.004392,250,24059.496195
5439263.171046,245,24065.709851
-69178.349981,250,24071.901241
5341773.10152,178,24076.316623
-155034.599506,1,24076.339626
-117643.413375,1,24076.369757
-55092.285119,250,24082.667959
6177701.028313,135,24086.063628
7088891.945506,173,24090.332704
5663815.480805,153,24094.236046
-92067.53327,250,24100.309518
5729528.214227,115,24103.09506
5698110.908023,138,24106.394267
-109392.03768,1,24106.415058
5816676.02987,98,24108.884691
-123148.066999,250,24115.124446
6237366.193426,137,24118.573652
6534421.218658,156,24122.566521
5513188.755447,131,24126.000182
-144407.492602,1,24126.033575
5435326.197929,200,24131.115245
-135492.446937,1,24131.141632
5744269.542816,175,24135.458035
6757577.436002,243,24141.525383
-117699.40222,250,24147.871155
6056640.915951,207,24153.113093
-135396.479451,1,24153.133138
-126584.403417,1,24153.17363
-126413.214998,250,24159.447128
6260357.66764,161,24163.354713
-135617.264944,1,24163.379372
697437.504336,250,24169.597211
-116415.18948,250,24175.764572
-71578.067081,250,24181.682054
5590853.331184,177,24186.1308
6600916.576821,156,24189.970462
-117754.197188,1,24190.004631
-120529.927865,16,24190.377358
-135386.183497,1,24190.408223
-106015.045583,11,24190.654161
5778784.105428,91,24192.944776
-126691.167697,1,24192.966332
-150209.658944,250,24199.030974
5780080.43975,113,24201.735517
5806747.985832,132,24204.939434
-154918.151057,1,24204.966834
5747689.9195,136,24208.323792
-152993.56344,1,24208.354236
6418722.831999,129,24211.416553
-117744.693357,1,24211.442458
-104839.00621,13,24211.765231
-117868.54468,1,24211.788539
-123569.300563,250,24218.017856
6026852.587986,120,24220.95796
5409057.482304,97,24223.321041
-9359.644921,250,24229.368743
-126665.940091,1,24229.404755
5827764.636652,144,24232.912927
6524425.633845,211,24237.912417
2808678.744605,250,24243.872476
5862804.43421,88,24246.042577
-126563.855693,1,24246.061699
5693896.145025,233,24251.61921
-144432.980732,1,24251.652046
5900130.535282,101,24254.085491
-144309.60888,1,24254.104234
-145144.021703,250,24260.222933
-171038.152474,2,24260.274364
6227989.526815,146,24263.762875
-119138.350565,250,24269.878145
-117757.867675,1,24269.898782
5537601.484901,58,24271.271953
-142947.092213,250,24277.357383
-135527.703512,1,24277.397624
5918484.999995,105,24280.004922
5646321.552238,164,24284.038034
5752819.009477,91,24286.237726
296671.585652,250,24292.303972
5654534.583779,139,24295.666169
-121160.584969,250,24301.51371
7022452.137981,222,24306.959388
5884787.435998,80,24308.896362
1369388.683995,250,24314.768507
328615.642501,250,24320.905951
-117752.62197,1,24320.936069
5739662.683784,70,24322.631127
-100808.050625,250,24328.423632
-117764.862938,1,24328.443324
-110548.827535,250,24334.539466
-123846.714795,250,24340.601746
5920619.391401,132,24343.914787
-116754.016587,1,24343.940431
5921192.386536,98,24346.363667
5954698.501039,120,24349.25434
6284107.800929,118,24352.26415
5754567.061444,105,24354.991209
5867661.244425,122,24357.949615
-124844.103127,250,24364.325094
-135493.707315,1,24364.351489
5358224.07757,238,24370.245634
-157783.436134,2,24370.293939
5951493.980328,125,24373.495041
-136981.855872,1,24373.521306
-161550.660024,2,24373.57317
-117850.011143,1,24373.598113
-117765.528851,1,24373.629302
-163932.837783,19,24374.092395
-122415.879245,250,24380.303187
6145121.341159,113,24383.129669
-147627.932244,250,24389.321221
6441001.070085,118,24474.922886
-134315.854568,250,24480.854422
-90459.852718,250,24486.837093
5979605.818406,133,24490.028059
6020264.833378,117,24492.768304
937868.034983,250,24498.772992
-117744.966193,1,24498.792583
5943549.589578,154,24502.374352
-162271.256709,1,24502.396857
531666.15453,250,24508.327701
-137589.008087,1,24508.348748
-115920.834753,250,24514.472147
-126665.375387,1,24514.502949
5804004.654509,141,24517.819973
28451.283664,250,24523.761262
7622.064346,250,24529.814373
5954437.833456,116,24532.680642
6986269.675196,208,24537.8027
-144706.782299,1,24537.833405
5594426.767699,123,24540.840675
6391353.811914,137,24544.252867
-117849.625611,1,24544.272997
5933858.68874,125,24547.410834
-135407.45061,1,24547.443402
5571987.801085,133,24550.731816
-165472.733739,250,24556.751175
-117845.711599,1,24556.780651
5422132.487091,129,24559.973473
5620351.99072,120,24562.822021
-135384.756588,1,24562.842675
6596870.170537,218,24567.954328
-123435.910296,250,24574.120269
-109156.482078,250,24580.124406
5835997.933475,205,24585.069339
-111346.026563,250,24591.226115
-153675.901771,1,24591.256639
5851035.439753,133,24594.4958
-86804.701939,250,24600.762897
-125568.20344,1,24600.793197
-117764.05699,1,24600.824517
6280591.62241,144,24604.410525
6078374.185052,182,24609.122273
6154443.434565,154,24613.078236
-58239.175748,250,24619.499605
-155678.340095,1,24619.5223
921304.619744,250,24625.892701
7199601.588541,218,24631.450686
7242378.066177,228,24637.243476
6113851.620283,151,24640.988078
-117847.979212,1,24641.01645
5844722.648342,80,24643.030824
-126431.206399,250,24649.365822
6287586.105664,149,24652.841294
5778446.144598,116,24655.551433
5865428.975649,120,24658.526324
-135589.922257,1,24658.556324
-134050.516875,250,24664.55004
-218422.759762,38,24665.425855
271537.184117,250,24671.679446
5327493.839317,171,24675.981273
-180567.235206,2,24676.027847
6230764.192295,154,24679.815549
5602842.262473,146,24683.397061
2022495.456428,250,24689.523439
-135589.302632,1,24689.544194
6203759.377712,144,24693.104487
5817582.24006,103,24695.555669
5849615.725581,107,24698.179932
-116389.414481,250,24704.552604
-132654.348988,250,24710.729578
5792699.401978,113,24713.446825
212515.980716,250,24719.585163
-138065.126932,1,24719.605343
5779511.191578,118,24722.571199
5373788.11431,104,24725.136128
293676.203998,250,24731.207289
5663581.320103,66,24732.754461
-123696.165187,250,24738.688058
6191738.968929,137,24741.89012
5706125.121286,145,24745.302777
-118306.824204,250,24751.294868
-126682.371361,1,24751.312448
7100225.236566,207,24756.26268
5795416.475432,93,24758.475453
5850561.717684,148,24762.00543
6621039.605088,185,24766.451049
-129008.820296,1,24766.480479
6051494.394552,124,24769.445912
2124745.196295,250,24775.404405
5876881.307336,105,24777.972133
6573306.885497,192,24782.564347
5736922.562052,102,24785.063724
7859356.375827,200,24789.943923
5771244.540936,97,24792.213041
-135694.735558,1,24792.242054
5800023.747928,97,24794.557805
-36057.566284,250,24800.639511
-119658.692604,250,24807.057579
5639498.433328,120,24810.103359
5834466.509854,139,24813.64097
-135497.683482,1,24813.679781
5340386.676522,184,24818.115461
-141624.011894,1,24818.135203
-90056.492308,250,24824.263128
5713424.157331,79,24826.246767
6330381.382935,187,24831.004198
5674367.080283,231,24836.814936
-107884.258359,13,24837.161279
150080.222519,250,24843.360401
-117847.539991,1,24843.383231
6369864.127781,148,24847.047687
-117689.215015,1,24847.067757
-126683.682595,1,24847.090419
-126675.522407,1,24847.11884
-123194.34195,250,24853.493294
5300241.189133,171,24857.840155
-201919.866339,250,24864.066568
230109.835095,250,24870.575385
280098.844106,250,24876.983411
-117755.246592,1,24877.001415
5537994.348984,110,24879.776517
5901859.63118,137,24883.199805
-117753.54983,1,24883.230408
6885565.102113,201,24888.256837
6224818.591927,138,24891.636666
-116773.262041,1,24891.670044
-117782.152176,1,24891.687518
5806858.943466,97,24894.106047
-135593.374948,1,24894.126003
-143083.535549,250,24900.463599
-117756.801573,1,24900.491804
-133659.794748,250,24906.639235
-126692.380343,1,24906.662485
5836278.615905,78,24908.601335
5591150.738757,95,24911.10226
6251319.053659,175,24915.395504
6698711.082214,147,24919.061598
322693.598295,250,24925.266271
-135517.842329,1,24925.296852
2054052.749535,250,24931.338599
-144415.961011,1,24931.368827
-129458.970835,250,24937.327892
2270809.920904,250,24943.793092
4797.961838,250,24949.633809
164910.753458,250,24955.475937
-117770.78087,1,24955.496105
608886.384292,250,24961.596439
-135592.205096,1,24961.633248
6565150.590379,185,24966.085541
5930548.379897,117,24968.936817
-128676.768876,250,24974.998845
-100509.67101,250,24981.146986
5712689.214372,126,24984.155506
1424650.826953,250,24990.330736
-126571.608314,1,24990.373434
5697189.568772,143,24993.94231
23496.72517,250,25000.094394
-125006.387686,250,25006.222293
5652479.59228,100,25008.671412
5949190.491628,117,25011.571824
23315.136795,250,25017.606873
-155745.643644,1,25017.643694
-117744.047102,1,25017.664855
-117753.384575,1,25017.685802
-116482.536701,250,25023.68486
-147736.168084,1,25023.715009
-135673.102077,1,25023.748109
5929487.200205,126,25026.697063
6514767.225411,143,25030.272633
6648326.725262,240,25036.007908
5812214.818442,154,25039.638819
-122112.174203,250,25045.528012
-148831.742874,250,25051.556006
-117745.15077,1,25051.586819
32860.545409,250,25057.666427
-135510.365378,1,25057.695348
-123394.547478,250,25063.675466
6182127.882942,154,25067.562699
5767204.900317,148,25071.219451
-159326.249245,250,25077.653625
-144407.233388,1,25077.682603
5472797.911006,136,25081.036906
5980317.205876,151,25084.845401
5817415.193388,98,25087.249344
6296933.483456,123,25090.432827
5749276.114292,178,25094.803359
114078.381696,250,25101.166127
-144326.543029,1,25101.189882
6182622.90513,174,25105.442979
5841547.714411,126,25108.630108
6055480.982025,151,25112.37182
-117384.113324,250,25118.634886
6314364.753414,157,25122.611864
-155953.606564,1,25122.63907
5841391.64705,117,25125.548745
6016917.867795,125,25128.716036
5808420.841675,156,25132.53666
-117756.416161,1,25132.55737
731445.026644,250,25138.654851
-58423.178617,250,25144.692727
5835606.096426,78,25146.597053
6018271.227369,158,25150.448653
5933520.391845,129,25153.57504
-135595.638152,1,25153.595315
-117746.917136,1,25153.627644
-141181.78986,1,25153.646461
-131823.051147,250,25159.599282
-59945.025749,250,25165.988471
5629202.489075,195,25170.727339
86407.506559,250,25176.978398
-117849.324417,1,25177.002619
5515284.302333,110,25179.659468
6049237.692933,137,25183.057232
-143501.253401,1,25183.082157
5834103.696983,116,25185.85315
-126522.979914,1,25185.883406
-135651.673957,1,25185.908718
-117849.723258,1,25185.923783
5684401.977043,250,25192.051053
-117752.643807,1,25192.070887
5863979.349848,141,25195.549634
-114657.015645,250,25201.489012
5974792.303117,84,25203.471084
5928308.095152,128,25206.601748
-164005.882496,1,25206.632777
-102463.434088,250,25212.60393
67447.71349,250,25218.556771
-135303.345748,250,25224.626549
-136483.151112,250,25230.60849
5702560.297541,147,25234.130772
-126676.052415,1,25234.161228
5867683.533621,120,25237.0474
-123168.457229,250,25243.11168
-126770.603527,1,25243.132445
-126693.346122,1,25243.159605
5644508.449855,119,25246.03405
6211329.996061,135,25249.31196
1797565.913165,250,25255.449692
1649458.932768,250,25261.505588
-151099.100553,250,25267.68963
6089241.695454,156,25271.466879
-69228.238226,250,25277.693268
-118473.201991,250,25283.796172
-91643.790812,250,25289.998789
5963852.338835,127,25293.082746
59111.113613,250,25299.194828
6004161.121829,142,25302.730333
-126588.104732,1,25302.762354
3336.007383,250,25308.787079
-117748.544435,1,25308.81773
-110681.447916,250,25315.144423
-117647.799455,1,25315.170536
-127919.843406,250,25321.476103
-126663.880107,1,25321.500423
-191107.736512,2,25321.554286
-50749.180333,250,25327.867033
-126666.760729,1,25327.895466
-50061.254016,250,25334.12099
-117644.759336,1,25334.151738
5595043.03122,193,25338.93827
-135525.647758,1,25338.964758
5553315.669759,137,25342.372167
-126691.793796,1,25342.399119
-135406.883036,1,25342.422181
-100898.125462,250,25348.671377
-167225.675532,1,25348.696587
5850283.636515,150,25352.422658
-126570.827516,1,25352.440428
-126676.236189,1,25352.470582
831352.841042,250,25358.941663
-166001.447063,250,25365.180875
-117754.015739,1,25365.202099
-101142.249835,250,25371.346066
5926465.159283,110,25374.073463
5437361.252969,228,25379.739385
-135577.619582,1,25379.765728
-106180.572888,250,25385.976957
5624737.551813,118,25388.892653
5682773.054561,99,25391.235029
6224103.128142,169,25395.294515
2500767.83383,250,25401.590262
6169085.008864,159,25405.587462
-135495.843905,1,25405.622844
-135495.306639,1,25405.655682
6475084.956658,183,25410.073287
-145360.03839,1,25410.10383
6191883.661407,142,25413.634492
-81305.804236,250,25419.776546
-117745.587047,1,25419.797071
-113328.158417,250,25425.897214
5680549.255966,68,25427.579268
6099312.851104,133,25430.791384
6187074.651098,147,25434.258714
5863997.651272,110,25436.962402
5477642.462487,238,25442.720639
-81183.404006,250,25448.885357
-126724.017599,1,25448.915758
-117200.645673,250,25454.95583
5656645.40027,116,25457.573003
6425243.748079,185,25461.955739
-126593.188617,1,25461.998973
6521945.583543,186,25466.511149
6290296.906998,153,25470.219221
5527513.239029,210,25475.371638
1107136.468632,250,25481.273361
5810023.857343,108,25483.848043
-140269.438745,250,25490.081986
5985486.329322,116,25492.956049
5885313.594784,159,25496.67041
1050054.08831,250,25502.625306
5773021.503657,106,25505.142371
5801742.755795,181,25509.554004
5541260.996144,124,25512.537937
5909674.497665,200,25517.501001
82280.012934,250,25523.671852
5906795.892462,76,25525.504778
-126663.526165,1,25525.536565
6192137.385517,236,25531.245521
-48099.504282,250,25537.389448
-155266.941024,1,25537.405762
6591799.801078,177,25541.869323
-82777.179507,250,25547.949649
6335699.622005,141,25551.420897
-153375.305785,1,25551.453526
-117643.127221,1,25551.479771
-144838.98991,250,25557.745676
5844126.618467,170,25561.980092
-164164.224065,2,25562.02673
-117849.648854,1,25562.056647
-135499.540273,1,25562.08669
-144318.30953,1,25562.107134
6002084.800384,156,25566.133437
6843994.532422,198,25571.031954
-117745.79966,1,25571.051732
6399692.411818,134,25574.380765
5827501.454268,159,25578.571108
6010896.61974,71,25580.368149
293657.227161,250,25586.560855
6765647.895077,207,25591.940363
-42344.064752,250,25598.161727
-135613.244548,1,25598.192173
-117743.809506,1,25598.222873
242268.586069,250,25604.451647
-144308.297343,1,25604.472631
-135409.518201,1,25604.501273
-135391.906107,1,25604.517961
-111082.627024,250,25610.790068
-86530.83898,250,25616.689709
5525329.507674,86,25618.825708
-117757.640134,1,25618.856221
5881873.287397,237,25624.904101
-167099.154017,250,25631.093493
6102362.619019,138,25634.447077
-135736.243989,1,25634.47916
-84405.268574,250,25640.466245
5887378.05051,134,25643.665158
6203825.269836,151,25647.390658
5648660.665922,171,25651.706211
-91502.800364,250,25657.93895
6246263.273991,239,25663.854106
5714364.416808,123,25666.923474
74188.72441,250,25672.806781
-99230.606498,250,25678.962276
-194103.948034,250,25684.979744
5700567.097727,73,25686.735341
-158838.982076,250,25692.561341
-135592.030558,1,25692.604367
-135277.532289,1,25692.626181
-135482.609028,1,25692.649998
6076321.724284,143,25696.027359
-119523.785797,250,25782.838772
-138588.561878,250,25789.097321
-88831.530962,250,25795.475525
-140512.046531,1,25795.509468
-135520.168786,1,25795.536359
6571404.110717,193,25800.394995
-117754.164561,1,25800.42322
-126996.883143,250,25806.691521
-144528.747146,1,25806.7324
6149432.11474,165,25810.885416
-148412.45462,250,25817.151168
-30939.039932,250,25823.465586
5690782.262633,107,25826.18318
-145730.050682,250,25832.715862
-120884.474217,250,25839.146017
5785966.377357,99,25841.757751
6072683.551933,225,25847.505756
-21630.751542,250,25853.752254
5546338.888161,171,25857.901184
-123292.675586,250,25863.935782
-117744.680051,1,25863.975623
5762935.228875,183,25868.402201
6234097.3523,124,25871.468789
9307.84803,250,25877.609556
6276546.25146,199,25882.445672
5822477.565783,116,25885.284387
5710582.929639,110,25888.085471
6013263.75254,119,25891.069295
2854007.093409,250,25897.246577
6330748.276891,172,25901.496468
-135619.043774,1,25901.527265
5981217.309879,124,25904.785486
-135608.164408,1,25904.806867
-126667.851055,1,25904.833743
-135491.039386,1,25904.853572
-135593.768401,1,25904.885447
-135427.463128,1,25904.915477
5704422.868824,93,25907.209973
-126566.68755,1,25907.240825
-141426.961712,250,25913.442239
-127384.704851,250,25919.544605
-120066.397383,250,25925.554865
100340.700124,247,25931.385613
-116866.454194,250,25937.449577
-136073.763631,250,25943.259549
-129651.100977,250,25949.209467
-135490.824386,1,25949.234747
-135499.385365,1,25949.262999
-135399.560278,1,25949.280308
56303.59986,250,25955.269718
-135529.197478,1,25955.289296
-117385.367369,250,25961.094321
207781.421631,250,25967.064643
5805745.391612,119,25969.950056
5634799.346904,180,25974.358882
-93703.229896,250,25980.530097
6188478.903533,126,25983.722963
-117749.258183,1,25983.741922
7197612.687946,242,25989.594678
-72408.999079,250,25995.670723
-150589.712337,250,26001.735731
-154022.455756,1,26001.765805
6155560.472643,144,26005.293696
-26420.514803,250,26011.50622
-152766.671674,1,26011.537994
-73831.72924,250,26017.584028
6416605.752103,175,26021.864433
-146991.144851,250,26027.969589
39731.064484,250,26034.15313
-135484.842753,1,26034.183665
-117745.346979,1,26034.20878
5884097.822144,128,26037.523681
-111313.447776,250,26043.610756
6087238.40877,92,26045.853144
-126109.358486,250,26052.137831
123685.548758,250,26058.338719
1178917.957805,250,26064.684915
-55369.32534,250,26071.024268
-144336.276878,1,26071.054812
-54190.132688,250,26077.462265
-135483.118907,1,26077.48535
625243.479411,250,26083.926432
-156962.227591,250,26090.181377
-143348.17893,1,26090.201686
99712.660856,250,26096.33983
-117773.636672,1,26096.361682
6025178.648215,223,26102.00951
25095.523596,250,26108.252596
-100927.442625,250,26114.53625
-123033.454621,250,26120.757088
-148520.104502,1,26120.783468
-132416.081764,250,26126.965638
-156151.82705,1,26126.986252
-154253.850599,250,26133.170929
5752163.81165,184,26137.757828
5734150.156993,226,26143.317237
-117648.581152,1,26143.34048
321686.570509,250,26149.219228
5699212.562231,244,26155.066627
72055.32644,250,26161.283799
6272844.557919,190,26165.858097
-107353.419651,250,26171.720997
5785538.588956,191,26176.263453
-135559.776137,1,26176.289779
-135718.325571,250,26182.284274
6459990.951075,140,26185.658845
173535.18742,250,26191.719468
19663.162501,250,26197.753821
-93897.853787,250,26203.738626
5863090.547205,110,26206.387417
382315.546641,250,26212.624719
-109081.585173,250,26218.818656
95496.271702,250,26224.878638
6515924.993412,185,26229.386082
43859.490257,250,26235.511009
-137299.750258,1,26235.531488
-126568.815623,1,26235.551594
62993.684498,250,26241.565581
-117751.014665,1,26241.591038
-121366.401037,250,26247.59907
-122391.024769,250,26253.731293
-108181.698692,250,26259.76466
-135492.444113,1,26259.786069
-167163.396546,2,26259.836933
5521570.438211,116,26262.724092
-17794.127086,250,26268.903941
6173153.557398,97,26271.347032
5818813.116344,109,26274.106837
5943490.859104,93,26276.537308
5531852.758729,210,26281.762213
-188625.066376,250,26288.042441
-2212.05505,250,26294.229287
5492552.974262,166,26298.353995
-135530.379137,1,26298.378628
-83105.747717,250,26304.709594
5744846.776512,137,26308.087257
-171038.335832,2,26308.149127
-57865.719458,250,26314.405182
5453672.339498,152,26318.218593
6316560.593092,185,26322.906989
-71337.914569,250,26329.057764
-117644.406582,1,26329.084578
6973710.212717,143,26332.522674
-126669.501805,1,26332.553189
5915564.159112,170,26336.770743
259722.418039,250,26343.116908
6003444.011596,126,26346.360955
5369023.782521,205,26351.533898
-117754.975373,1,26351.552782
7406394.317127,218,26356.989469
-144304.935869,1,26357.010172
5957463.31683,100,26359.511635
-135606.081151,1,26359.539744
775452.505839,250,26365.868269
6769940.828776,185,26370.411361
-85112.175097,250,26376.569951
-117765.607735,1,26376.600996
5983346.642858,126,26379.85308
-117799.283935,1,26379.887374
-178179.864784,250,26386.214327
-179421.421688,2,26386.266237
-126771.256245,1,26386.295
5673624.499825,98,26388.664318
6779695.941818,229,26394.124997
5560349.81427,147,26397.644453
5535714.496553,163,26401.591026
-135555.438393,1,26401.621441
-117764.754233,1,26401.647113
-152143.156207,250,26407.760556
-117752.550638,1,26407.784403
6007469.458627,157,26411.613204
-126675.307914,1,26411.633454
-126632.22499,250,26417.537374
5396431.721396,68,26419.148041
-146505.578078,1,26419.174814
5727680.494606,197,26423.898678
-126665.75865,1,26423.929199
5546035.415027,138,26427.287321
-135500.225115,1,26427.311167
5598487.786569,164,26431.249198
-135388.280585,1,26431.269831
6218917.488308,135,26434.573485
-32417.924119,250,26440.773117
-148652.09282,250,26446.834767
-135399.627211,1,26446.863188
5563274.784239,98,26449.286781
-127606.930934,250,26455.524621
-144316.145575,1,26455.545354
638000.606315,250,26461.714081
-125673.521483,1,26461.737947
-117747.791561,1,26461.760734
206733.205981,250,26467.870326
-107380.750986,250,26474.050375
6275167.750004,155,26477.900987
-151988.055938,1,26477.931829
70850.946008,250,26484.184986
5892717.288566,181,26488.479459
1544048.42935,250,26494.492634
560738.15698,250,26500.679161
723104.327438,250,26506.645877
5680418.382454,123,26509.676227
175411.806217,250,26515.946474
-135670.19179,250,26522.209731
-128391.29321,250,26528.459336
5879600.808554,144,26532.061718
5754043.219995,194,26536.855788
-132444.423987,250,26543.15207
6223254.488778,112,26546.083319
6380809.136303,191,26550.824752
5744175.906747,128,26554.119551
-135568.411042,1,26554.152746
6094256.808673,144,26557.790643
5630309.697702,176,26562.263843
5444256.265382,54,26563.583712
-158416.584822,2,26563.636507
953714.97057,250,26569.959257
5784079.094791,195,26574.700075
15263.059329,250,26580.772716
-126677.9273,1,26580.798661
6693014.705906,160,26584.752724
-135504.438944,1,26584.783823
-126970.819462,250,26590.990317
6857222.423787,191,26595.643577
-168701.578563,2,26595.706441
98386.771809,250,26601.876965
-157897.463309,2,26601.9448
64923.445256,250,26608.283546
137406.109117,250,26614.467021
6241325.291879,195,26619.226532
-154947.296446,1,26619.252417
630469.995119,250,26625.293264
-135587.180532,1,26625.3211
-1710.251755,250,26631.355471
6217125.702665,180,26635.734294
6125889.98996,157,26639.520461
-135508.934015,1,26639.54281
6369748.946745,164,26643.394222
12028.40193,250,26649.457266
5453163.36852,127,26652.609061
-135640.391946,1,26652.629755
5890787.899681,122,26655.662315
6112101.85744,140,26658.986702
-135496.977588,1,26659.017667
5777358.870846,116,26661.732802
33600.718742,250,26667.736992
5588739.866949,137,26671.129507
6458637.649768,109,26673.83533
5800242.06365,229,26679.331872
176861.562106,250,26685.125678
5575784.908703,117,26687.933575
6637304.25168,151,26691.589549
5759121.005475,94,26693.97965
36055.673797,250,26700.162255
-126781.860821,1,26700.193223
-54493.68858,250,26706.336091
-135499.900595,1,26706.356283
6173729.45107,96,26708.668652
5555475.215639,128,26711.840278
5535125.905407,76,26713.7315
6062584.23365,136,26717.003033
-138309.925186,1,26717.030851
894250.394189,250,26723.233131
-126669.166802,1,26723.253273
5969515.81178,164,26727.333391
-108854.24026,250,26733.599164
5689861.906083,204,26738.659676
-117755.664611,1,26738.686136
-168242.98762,2,26738.736428
34481.969017,250,26744.966353
-87814.664481,250,26751.188426
-117874.207179,1,26751.216562
-86249.547997,250,26757.382087
5763355.78628,111,26760.081983
15682.498896,250,26766.424812
5613494.000481,104,26769.048787
5527011.090093,127,26772.187221
1136756.852357,250,26778.416343
5389904.513578,52,26779.817177
6385502.35391,145,26783.526901
226582.703467,250,26789.943984
-137614.118006,250,26796.355626
5522467.630908,127,26799.394973
5911140.666076,116,26802.405977
6152371.188056,122,26805.487441
-117646.1355,1,26805.507902
5393110.825418,197,26810.460174
-173212.261228,2,26810.511372
-172911.870611,2,26810.564588
50555.954236,250,26816.55514
-126675.459915,1,26816.585892
-87560.072174,250,26822.709283
-135541.580355,1,26822.733142
-126721.44778,1,26822.755362
5891038.953687,62,26824.304372
-126483.584479,1,26824.325248
-135499.56546,1,26824.34561
6035616.814032,128,26827.459055
6138200.703071,132,26830.745681
6110235.181377,145,26834.285821
5811351.128945,141,26837.808679
-157295.530295,250,26843.802354
-169796.736077,2,26843.845258
6015762.190134,149,26847.442874
-119580.925117,250,26853.779017
5560978.974684,96,26856.150786
490739.425982,250,26862.032048
6049828.921812,187,26866.636138
106758.731564,250,26872.672654
-14906.564199,250,26878.684758
6714037.040525,191,26883.342498
5801526.845975,137,26886.576629
2398354.015098,250,26892.468549
6312368.944189,135,26895.806083
5829262.038757,77,26897.668254
6127900.418244,170,26901.740832
-126596.902495,1,26901.760887
-117752.386773,1,26901.780935
30069.569586,250,26907.715606
-69731.886113,250,26913.73219
-93717.817088,250,26919.723806
76703.007606,250,26925.675744
-135492.387547,1,26925.704139
6328368.197904,148,26929.341533
5706222.418856,163,26933.384347
5908425.233577,97,26935.631831
5408984.100587,187,26940.357119
-79048.149701,250,26946.496559
5958869.89213,143,26949.894211
6084316.079664,129,26952.893202
-139617.80311,250,26958.908997
-126562.438752,1,26958.933096
5624480.772969,153,26962.68205
5961382.34535,141,26966.170561
6336054.602534,224,26971.568843
5541033.960554,70,26973.283212
-117749.130273,1,26973.321073
-126579.92061,1,26973.341291
427153.092312,250,26979.188571
-135524.069853,1,26979.209248
-17478.179926,250,26985.337653
-126563.04922,1,26985.368679
5474743.405122,106,26987.928497
5797472.844054,167,26992.064692
5463242.602541,178,26996.450229
6203294.857193,174,27000.854987
435830.213927,250,27007.241824
5691367.745338,84,27009.394414
5498930.209227,250,27090.562502
21066.828081,250,27096.793872
6587446.522385,171,27100.958847
76317.654693,250,27107.221655
9192.478123,250,27113.083361
-120796.015145,147,27116.574968
-126673.105909,1,27116.601362
7642866.597636,220,27121.76038
-55228.667055,250,27127.748053
-144321.290946,1,27127.778897
6775979.732176,245,27133.653584
5804191.545494,113,27136.405879
-117793.652481,1,27136.426942
3044.128994,250,27142.209742
5584979.438211,117,27144.97623
6032891.451925,119,27147.825456
221044.916209,250,27153.880816
478408.998804,250,27159.826545
500348.778436,250,27165.770697
-209943.025391,2,27165.823945
-137990.599223,1,27165.841923
-97331.052812,250,27171.926258
5926957.424832,118,27174.840262
-13673.462489,250,27180.967134
-117777.011973,1,27181.001209
6214195.621057,136,27184.354846
6527239.228966,206,27189.457731
5987830.228025,86,27191.562094
5512154.010149,139,27194.979184
5597074.498785,141,27198.567689
5737315.984015,231,27204.113289
-103292.258802,250,27210.13503
-126704.710125,1,27210.154078
6036718.73718,120,27213.051668
5742491.421598,140,27216.430748
6014131.189585,209,27221.489364
5976404.979355,128,27224.65684
2014380.345445,250,27230.808698
-126689.179063,1,27230.841546
-135592.403351,1,27230.870386
5530732.850373,154,27234.730538
107500.971519,250,27241.050615
-131997.372921,250,27247.274356
-117755.353269,1,27247.28614
-126597.98744,1,27247.326598
5522045.272424,138,27250.698954
-135488.398713,1,27250.721015
5785079.312976,145,27254.31347
-135597.964347,1,27254.336533
-112187.905189,250,27260.583532
5930863.939759,137,27264.023664
5682506.611881,230,27269.884847
-126593.393314,1,27269.915064
850893.009658,250,27276.122756
-177699.663241,2,27276.163091
5371001.670983,197,27281.112915
20724.89124,250,27287.628188
6132130.690861,139,27291.054102
-16128.819221,250,27297.078613
-126609.122518,1,27297.105581
5405970.360876,123,27300.098734
6265356.90633,184,27304.486871
5887709.945188,147,27308.085359
377793.082453,250,27314.209943
-135507.884103,1,27314.232618
-135499.009392,1,27314.248861
5664372.642663,223,27319.663368
5716584.496936,96,27322.056874
6142616.679469,167,27326.049905
6134257.500881,164,27330.193899
5984442.847765,217,27335.592414
-155955.346865,1,27335.612463
-136986.680203,250,27341.793327
-117756.23211,1,27341.81521
-117745.948685,1,27341.845979
6045379.526994,98,27344.383704
430179.851528,250,27350.62074
6073802.32976,129,27353.729525
-82939.185643,250,27359.809521
5401293.831586,196,27364.588813
5640160.936331,200,27369.325247
-68848.865884,250,27375.49693
6012839.781344,112,27378.266816
1280691.917517,250,27384.351956
97147.774913,250,27390.396878
-135590.764378,1,27390.42795
1929072.41866,250,27396.492815
-185788.42584,2,27396.561314
-94274.601037,250,27402.495595
5591343.469244,120,27405.360877
-135542.085094,1,27405.381383
-86357.434214,250,27411.266796
-126793.635994,1,27411.293785
6426853.672693,204,27416.121096
5411369.417494,81,27418.048736
5531728.359366,35,27418.873501
-167197.374113,250,27424.998329
-144340.464999,1,27425.025956
-53438.767571,250,27431.063229
-41089.738213,250,27437.192208
77739.04372,250,27443.25031
6093913.069858,140,27446.608765
-177735.726209,2,27446.659665
1585435.224739,250,27452.736611
5397856.602852,115,27455.567565
-126678.262725,1,27455.604795
5571217.078351,129,27458.720492
1354837.05082,250,27465.178683
-175600.321031,2,27465.230185
-135507.11122,1,27465.256256
-126667.666472,1,27465.271472
5678601.747633,167,27469.539928
-130140.282903,111,27472.227261
6195930.733329,125,27475.350552
502283.191229,250,27481.651023
5455256.662828,67,27483.366023
-49886.042901,250,27489.774419
5569070.636138,249,27496.240552
5598268.401988,84,27498.258622
7298596.593882,246,27504.4415
-82869.346726,250,27510.774573
5412228.733589,143,27514.486999
-137019.53346,1,27514.519465
5818100.832246,118,27517.548738
5674657.347709,180,27522.201777
-135537.254682,1,27522.230585
-117800.724548,1,27522.252568
-117753.990989,1,27522.272785
6385534.064122,122,27525.303124
-135517.537904,1,27525.337752
-135392.17672,1,27525.368483
6127117.12258,151,27529.238286
5898899.563368,141,27532.847941
-160036.680767,2,27532.898055
-134634.921263,250,27539.070815
7128778.635596,186,27543.692113
-135503.615247,1,27543.726804
-135511.635288,1,27543.758861
6326924.57829,239,27549.74298
-126582.939819,1,27549.770863
155110.844596,250,27556.253236
-135513.037192,1,27556.273776
-1191.408731,250,27562.458689
6702780.968839,177,27567.002007
-126563.637251,1,27567.024602
-53420.004603,250,27573.377769
6245082.952463,196,27578.190114
82821.301479,250,27584.361277
6813688.797209,178,27588.655088
-79560.484909,250,27594.757751
-18728.614304,250,27600.870824
-126579.071676,1,27600.891139
6820950.283136,167,27604.816901
-144416.626454,1,27604.847011
6166218.338915,172,27609.099273
-117750.604351,1,27609.128572
3078808.586059,250,27615.076507
5543964.385492,97,27617.354626
-157333.031421,1,27617.384853
276772.092565,250,27623.329207
99186.148011,250,27629.569882
5732816.999127,143,27633.142497
7068536.336578,210,27638.163317
-135596.791687,1,27638.191787
-117843.194087,1,27638.231425
-123809.800603,250,27644.34806
5575079.19064,76,27646.221401
-52160.213986,250,27652.397035
-44599.744453,250,27658.607469
-154593.651392,1,27658.641819
6387979.63099,151,27662.372824
5586477.354244,137,27665.889901
-117748.987271,1,27665.925364
6356036.398078,145,27669.618165
6248504.043313,149,27673.367567
6300785.278281,125,27676.415995
-135385.616095,1,27676.440622
6629275.056143,182,27680.861809
6112370.123674,188,27685.425084
5600999.821283,95,27687.760012
-117761.941072,1,27687.789198
5912776.792958,104,27690.333226
5495658.593325,194,27695.138167
17181.486108,250,27701.303722
-126663.993824,1,27701.335866
1066283.669445,250,27707.382093
-135499.326625,1,27707.409794
-125544.094663,250,27713.655895
-141294.732484,1,27713.680793
7100584.76694,217,27719.065352
6304480.35194,243,27725.232326
5530074.535488,162,27729.377259
6193081.374507,173,27733.556587
-135503.794586,1,27733.577211
-119057.975353,250,27739.96568
-117750.816192,1,27739.986566
5739907.222006,128,27743.16664
623316.172965,250,27749.302009
580.401934,250,27755.621183
-126488.913871,1,27755.642085
-126692.456514,1,27755.680092
5918469.724934,105,27758.356587
5846952.970152,122,27761.50036
-129195.245636,250,27767.721788
194145.887579,250,27773.999119
5582768.311099,131,27777.143947
-168009.819603,2,27777.184263
-75529.136806,250,27783.375953
6249162.332306,106,27786.014874
-133437.065059,250,27792.303976
5642423.816692,85,27794.386423
-135637.115082,1,27794.414243
291402.445551,250,27800.671612
5572735.832019,81,27802.737925
5894981.233345,118,27805.676057
-117755.645611,1,27805.706587
5591397.899359,78,27807.609252
5339131.622126,239,27813.384013
5997331.702183,155,27817.247386
5750378.701311,112,27820.00693
5565596.13167,148,27823.604092
-1023.262681,250,27829.585027
5403917.28359,73,27831.400137
14645.332002,250,27837.482521
-119856.114561,250,27843.571717
-196400.326453,3,27843.634083
-33831.145936,250,27849.797067
765783.949928,250,27855.667496
6935675.677646,189,27860.192036
-136781.976281,1,27860.218307
5937989.054765,108,27862.841978
-174856.249846,250,27868.746328
48331.839379,250,27874.786471
-138256.823008,1,27874.809145
-117751.759339,1,27874.832926
-157940.48168,2,27874.877865
-135490.889061,1,27874.91853
2345147.698431,250,27880.738645
6121579.575814,144,27883.999309
6218698.441087,197,27888.49981
-88602.580568,250,27894.675639
117108.98141,250,27900.750542
6382033.804617,157,27904.615126
5525351.799599,126,27907.752936
6483677.9758,178,27912.072468
5421005.618837,147,27915.725674
5845478.58874,114,27918.542274
5720888.669381,105,27921.102288
-38157.967516,250,27927.229103
1398530.676897,250,27933.418223
-59913.746001,250,27939.453586
-75680.727012,250,27945.431149
5566244.921411,79,27947.281386
404461.426123,250,27953.587579
6520598.088641,156,27957.608444
6197714.225227,180,27962.087072
-126663.938175,1,27962.130763
-117771.905948,1,27962.158434
5753901.732432,122,27965.219808
5413387.04208,71,27967.093252
5611770.187086,130,27970.423065
1462590.379056,250,27976.666835
-135600.281586,1,27976.687341
5760158.852596,112,27979.412666
-32948.197024,250,27985.659907
5774346.378342,114,27988.461533
5860764.213331,166,27992.729753
-135523.503449,1,27992.768094
5993221.589129,130,27996.300869
-116435.99983,250,28002.528201
6010738.328986,168,28006.778904
5748441.930173,107,28009.482248
5538949.751163,243,28015.356624
5657852.636753,65,28016.917724
-7620.154746,250,28023.092483
5916053.13018,103,28025.620197
241605.590286,250,28031.648981
-135964.513944,1,28031.669675
-135543.878164,1,28031.690151
-161248.178619,250,28037.780064
-72361.422662,250,28043.780383
5496829.810622,100,28046.243571
-98693.418306,250,28052.334605
6456267.67749,143,28055.902421
-135390.934851,1,28055.932863
-150526.067852,1,28055.976106
6668238.379927,174,28060.294954
6023546.171113,149,28063.929876
-41009.307024,250,28070.152704
-135723.708347,1,28070.172769
6519305.901332,238,28075.873171
41414.067726,250,28081.922601
-115836.444928,250,28087.915075
-163081.728845,250,28093.962057
-51852.282855,250,28099.978577
-117756.672042,1,28100.005782
6121636.796869,131,28103.151689
-125531.293548,250,28109.106973
-150165.843845,250,28115.052023
14869.319064,250,28121.018283
-135552.635666,1,28121.040089
-95475.559944,250,28127.254946
-69303.887242,250,28133.528231
5562379.815807,152,28137.152099
5750401.149645,93,28139.399127
-60063.979285,250,28145.318439
6309442.271434,152,28149.002809
86748.237165,250,28155.16631
-126580.70096,1,28155.192606
5642015.247125,127,28158.259565
-135588.308889,1,28158.283417
-140772.274129,1,28158.315378
6162085.463545,196,28162.927225
6001858.929012,134,28166.091688
6086288.096751,150,28169.721626
5507767.527904,127,28173.020649
-117757.215482,1,28173.039882
6442352.313659,202,28177.875994
-138028.002047,1,28177.918115
-117750.573629,1,28177.941618
6545844.503324,170,28182.175007
-20116.809248,250,28188.407403
-136703.602431,1,28188.436506
5538808.309872,97,28190.959546
-166679.867053,2,28191.020745
-155915.57226,1,28191.051797
6500852.384176,185,28195.63683
5883083.49166,151,28199.446281
-134435.893006,1,28199.476972
5418811.045049,60,28201.083841
5891602.721219,109,28203.891874
5701772.552394,115,28206.830268
-15347.101178,250,28213.058036
-20972.529912,250,28219.452349
-156026.595238,1,28219.489871
266503.117579,250,28225.94512
-117759.097571,1,28225.97622
5753448.624009,138,28229.520814
-117782.792971,1,28229.541043
-135420.567326,1,28229.567509
-135625.209081,1,28229.592137
-157870.215271,2,28229.64246
5813473.842383,142,28233.299507
-126566.213518,1,28233.330023
-117764.219427,1,28233.35039
5886617.475167,85,28235.508268
285077.920603,250,28241.718688
-126671.590767,1,28241.745539
248731.103863,250,28248.138146
6121362.35659,132,28251.317546
5528118.35047,205,28256.378739
-126686.02349,1,28256.399202
15909.694618,250,28262.703766
6097092.561322,177,28266.878811
6041159.309218,108,28269.412458
6229400.322338,139,28272.810469
6135526.960657,179,28277.300584
485519.160801,250,28283.437887
5739538.030352,87,28285.673565
5937593.644316,117,28288.652077
122968.615955,250,28294.798882
5874572.520286,114,28297.695867
-135490.715131,1,28297.72989
6591170.016306,153,28301.464533
-73082.110619,250,28307.664001
2115638.29883,250,28313.570125
6696765.382021,203,28398.963712
5958847.696678,80,28400.853019
-135410.764053,1,28400.888615
5524124.92891,123,28403.975237
928065.475451,250,28410.11101
5868869.498358,85,28412.164929
-126725.735556,1,28412.193933
6240746.245221,197,28416.800633
16175.885319,250,28422.787466
6455522.223467,124,28425.880021
366750.814325,250,28432.332059
-197815.797771,2,28432.387273
6123054.612811,139,28435.834936
5908331.149482,143,28439.454908
-117857.449495,1,28439.47384
-126568.037008,1,28439.504353
5624765.858657,228,28445.19698
-74269.049171,250,28451.496151
-117843.831258,1,28451.52311
-152080.250364,1,28451.551763
15513.422449,250,28457.977153
5877157.079323,213,28463.205515
-117783.828128,1,28463.225651
5681000.161172,137,28466.712301
-14372.875049,250,28473.075732
-157899.095698,2,28473.117915
367063.824599,250,28479.366039
-108776.850162,250,28485.800336
-98671.84415,250,28491.856323
-114584.053356,250,28498.124527
5878382.65109,91,28500.394432
5909904.048445,152,28504.126489
-68845.097799,250,28510.159496
6596350.898996,158,28514.098901
6462983.520744,112,28516.896314
5403172.896894,46,28518.026645
-117762.305341,1,28518.05414
-126418.898564,250,28524.066121
-135397.853144,1,28524.093445
6205392.691174,157,28527.988878
-144435.518751,1,28528.019418
-80263.966865,250,28534.250066
-135388.073035,1,28534.287048
-159702.505405,250,28540.582103
-135596.990588,1,28540.613268
-117654.741861,1,28540.633933
-152420.913888,1,28540.654589
-117762.985663,1,28540.685538
-160495.562425,250,28546.913422
6150881.678537,143,28550.353429
6228810.073234,153,28554.141503
-117768.254355,1,28554.172932
-135394.823019,1,28554.19223
-117751.116468,1,28554.225543
5699818.282887,69,28555.898199
17415.510369,250,28562.101643
-138351.349569,250,28568.319412
-1897.295043,250,28574.413966
5955105.47788,149,28578.11699
-133532.140924,250,28584.078486
-52665.941616,250,28590.061765
-137388.853209,1,28590.081149
6298585.2811,121,28593.075315
5501651.405069,128,28596.043569
-58443.076702,250,28601.925569
-126587.197782,1,28601.960953
6088714.296481,185,28606.42581
-152962.821427,250,28612.562835
-126702.677148,1,28612.586241
5402570.37768,112,28615.309997
6806308.996424,228,28620.86691
-126665.517012,1,28620.887028
-135613.068058,1,28620.919648
-117753.82936,1,28620.940073
-36535.363967,250,28627.084575
-155772.687753,1,28627.105562
906993.757861,250,28633.276863
-135484.012065,1,28633.301857
-126776.348036,1,28633.327433
-133550.800107,1,28633.353412
-102875.114064,250,28639.455716
5966958.690238,127,28642.526622
-112663.390289,250,28648.704842
-134184.13736,250,28654.823871
5733767.559255,103,28657.461775
-126720.927978,1,28657.493165
43094.664257,250,28663.567226
-120406.498551,250,28669.786897
-135394.739432,1,28669.813302
5755567.176107,88,28672.045011
-10185.823212,250,28678.396368
-119515.643777,250,28684.563172
-108613.833363,41,28685.608724
5925228.085364,152,28689.544104
-91568.703035,250,28695.84396
-25318.562887,250,28702.064349
-126773.148502,1,28702.096103
-117855.813164,1,28702.135855
-159198.24763,250,28708.547931
-126568.135132,1,28708.568384
5608091.938074,124,28711.770756
-109748.433257,250,28718.168923
-126685.730389,1,28718.189098
6075319.61081,134,28721.643941
5999510.757152,123,28724.674378
73564.341723,250,28730.977442
24073.006615,250,28737.254285
-126584.283177,1,28737.283154
-135487.26639,1,28737.305585
182489.118653,250,28743.466892
-148954.262366,250,28749.654631
-135505.833579,1,28749.682352
7455906.143483,228,28755.41091
5903887.193787,127,28758.609065
-34376.326013,250,28764.766533
-58595.258884,250,28770.871793
5804834.543921,95,28773.212868
-50530.583399,250,28779.577527
5476952.067093,159,28783.496187
-177422.265862,2,28783.555005
6320399.234037,179,28788.019349
-156093.843749,1,28788.043956
505467.081058,250,28794.106422
5424432.355423,102,28796.560291
5711862.855627,152,28800.204773
722351.292316,250,28806.27771
-135494.692745,1,28806.307788
5567807.56286,154,28810.222051
6114416.996149,144,28813.761918
6375913.540731,192,28818.472558
-135307.825102,1,28818.497319
6054193.860727,184,28823.007909
5640139.127357,138,28826.475533
-117850.455192,1,28826.495154
5619229.09976,127,28829.680336
5546887.745131,47,28830.892587
159846.822014,250,28837.132835
-14075.571859,250,28843.322087
5405992.344288,122,28846.348495
5475526.766443,130,28849.658558
-135292.467166,1,28849.692646
5645523.390332,93,28852.001291
-126669.145726,1,28852.031806
-117761.585423,1,28852.055487
-136033.42239,1,28852.076012
6198283.89982,149,28855.953826
-10531.060654,250,28862.098125
-135503.158627,1,28862.120433
-117759.76847,1,28862.150627
-135553.987601,1,28862.178629
5981920.57853,119,28865.185731
5897850.809397,135,28868.577181
-164753.050278,2,28868.647942
-117750.867878,1,28868.66953
-117749.094617,1,28868.701082
-117748.81752,1,28868.728225
5689099.68155,60,28870.217943
5948783.464579,106,28872.803565
-124618.389903,29,28873.502875
-101200.276646,250,28879.908587
-129778.73526,250,28886.242672
6001440.559505,121,28889.152663
99626.099763,250,28895.362035
5867043.602661,204,28900.516315
5629023.477849,95,28902.93617
-78912.685356,250,28909.315889
5782384.038253,167,28913.575227
5980628.455708,171,28918.094319
-142345.466224,1,28918.120859
-180616.602201,2,28918.166615
-703692.24312,250,28924.470302
-17326.895315,250,28930.924694
-129462.835801,250,28937.111873
-117751.996401,1,28937.142184
5685480.507752,122,28940.133964
-126682.920837,1,28940.174952
5806253.977669,77,28942.16146
5717980.617107,105,28944.878097
-117851.5262,1,28944.90143
5586214.107199,119,28947.841624
515256.264551,250,28954.149266
5803204.1901,84,28956.306422
-13263.090257,250,28962.757277
-165999.380962,1,28962.771747
-117743.237855,1,28962.80181
6061913.515807,156,28966.778279
6028184.627797,125,28969.908959
-44187.57212,250,28976.169801
5556801.77686,104,28978.719281
5823057.803416,151,28982.545798
-126679.021959,1,28982.577772
5844200.611728,105,28985.203189
-152443.900352,1,28985.22846
-55674.344515,250,28991.533801
5776322.291149,128,28994.716084
-156599.501526,250,29001.036567
-126578.559358,1,29001.069974
-126564.902944,1,29001.097744
5511568.227908,149,29004.748015
-167226.786843,250,29010.918833
-101246.621099,250,29017.204657
749392.138681,250,29023.408768
5811177.36994,161,29027.329989
5832792.961403,118,29030.148574
-172610.127267,2,29030.208026
6150364.042704,134,29033.451161
44371.901177,250,29039.489848
-126677.165507,1,29039.514323
5806400.267749,104,29042.055057
-28977.323718,250,29048.188714
-143894.389036,1,29048.208868
-135735.12804,1,29048.244737
5743788.476532,210,29053.315094
5453569.96262,123,29056.444701
5660461.953741,136,29059.746109
5939117.392984,133,29063.00456
6986008.916368,158,29066.80672
6088517.126137,101,29069.263523
5848714.430825,122,29072.16262
5455241.221752,115,29074.981225
-11285.786789,250,29081.049618
-135486.106031,1,29081.077759
5696487.582325,132,29084.35906
-173381.372595,2,29084.403745
-55755.786915,250,29090.485059
5426128.58135,163,29094.585379
6155637.230545,188,29099.163547
-155949.043704,1,29099.198433
433418.018207,250,29105.474501
-155976.46255,1,29105.501048
-126676.498224,1,29105.530691
-153695.850193,1,29105.55811
-14644.118223,250,29111.830891
5739915.98191,129,29115.134358
-126464.843364,1,29115.164994
521727.35157,250,29121.438931
5751557.191955,156,29125.248052
-126601.522582,1,29125.275292
2215.415868,250,29131.501924
-35030.136191,250,29137.639999
-116752.176903,1,29137.670206
-137808.68543,1,29137.70507
-135610.607725,1,29137.732005
6264695.385927,134,29140.979523
-117746.685413,1,29141.005761
5706591.996264,86,29143.226464
-117769.879502,1,29143.255681
354262.584248,250,29149.408385
69642.088903,250,29155.80985
379971.357452,250,29162.348412
1025855.259213,250,29168.814738
5603972.12657,132,29172.103039
-126625.159715,1,29172.123443
5653520.352005,147,29175.921235
6033864.636385,130,29179.222947
6133394.112523,154,29183.09365
-14604.010642,250,29189.554878
-135624.948913,1,29189.585013
-9974.120878,250,29196.008229
5416078.99631,74,29197.906999
114320.799678,250,29204.224084
1213.537724,250,29210.529749
6255262.532634,119,29213.430321
-117743.186698,1,29213.451122
5460283.416023,111,29216.119326
6263613.090132,134,29219.474524
-126774.661825,1,29219.494564
5771797.271925,112,29222.30885
5606925.98559,71,29224.081254
5864743.725541,142,29227.609661
5518899.800438,198,29232.374565
-114453.047258,116,29235.342964
-123660.179794,250,29241.457811
6202841.306419,116,29244.246982
6614116.83227,159,29248.208623
262094.251248,250,29254.592937
-126468.049854,1,29254.614921
6347158.155711,178,29258.891328
-137695.487681,1,29258.912046
6007414.900217,120,29261.882208
6022164.450816,125,29265.016923
5754511.117932,152,29268.792365
780243.121839,250,29274.713045
99366.826932,250,29280.80304
-144422.853213,1,29280.822698
-126571.434388,1,29280.852849
6688483.804655,220,29286.229938
6653783.223358,180,29290.607736
2170586.291549,250,29296.608546
6020021.82603,76,29298.489804
6118143.37173,150,29302.277125
5706291.315694,135,29305.572312
-117762.135678,1,29305.602993
982518.369268,250,29311.783417
7049448.491398,227,29317.423665
7078862.166636,217,29322.660136
5719379.04877,62,29324.165611
1156090.429103,250,29330.17973
417572.769466,250,29336.332957
6717944.445612,184,29340.876972
6209004.778735,152,29344.579725
-135484.206254,1,29344.609943
-135584.145461,1,29344.641136
5710368.712308,164,29348.643739
5641367.6647,106,29351.219127
-135488.165764,1,29351.24436
6026279.96648,239,29357.122564
1292889.08688,250,29363.229443
6890.603238,250,29369.471003
-29698.211997,250,29375.569201
-151869.559812,1,29375.589353
6187321.734949,159,29379.607446
5734432.660938,96,29381.988437
-76697.40372,250,29388.145582
-113964.072993,250,29394.402724
5664949.882726,146,29398.054602
6201317.472811,158,29402.04229
-72702.399911,250,29408.458381
7220666.771853,209,29413.797419
5838234.863673,142,29417.500941
4122.883987,250,29423.926311
6134077.926654,205,29429.249057
-126666.892166,1,29429.274602
-164802.108973,2,29429.329532
-16545.060039,250,29435.710734
5557717.591356,193,29440.660035
-61567.789387,250,29447.023499
-117853.226436,1,29447.043617
-117765.637412,1,29447.073828
5673780.529514,132,29450.363407
-14152.267377,250,29456.586557
-7166.742482,250,29462.600078
61638.952561,250,29468.889189
605268.546552,250,29475.272433
1725684.221654,250,29481.596645
95796.903863,250,29487.914929
190511.756613,250,29494.219921
-144434.373015,250,29500.531429
-173384.929362,102,29503.138115
-93293.062504,250,29509.212113
5732159.616615,190,29513.837365
20764.209305,250,29519.906374
53968.156132,250,29525.959027
-154411.412276,2,29526.026602
-144322.997027,1,29526.053864
-132712.337964,1,29526.077635
5645938.820761,111,29528.731258
26901.028313,250,29534.835012
6215119.3067,166,29538.840998
5544595.894733,136,29542.068095
5495197.977085,127,29545.287142
-163896.214054,2,29545.344163
5920498.444129,141,29548.897839
5517558.50604,131,29552.025541
-117754.782467,1,29552.046091
-132370.183032,250,29558.087472
-126574.112939,1,29558.113993
5819220.723944,195,29562.790349
-117756.307828,1,29562.818038
96273.413121,250,29568.901887
-170270.694493,250,29575.24895
5767933.514412,83,29577.319969
-130366.24719,250,29583.640232
-123080.109738,250,29589.776832
5499859.493244,161,29593.72471
6811126.70088,167,29597.74322
6416542.249677,135,29601.017559
6319025.56862,104,29603.555461
-73219.640137,250,29609.668946
128797.920093,250,29615.662448
5633329.414327,208,29620.788097
6315806.765996,123,29623.801645
-116815.693233,250,29629.91031
5692150.607788,68,29631.63413
5428828.14157,204,29636.719979
-126701.536505,1,29636.747999
-149909.076959,1,29636.769896
-22781.085541,250,29725.240736
-117847.39351,1,29725.267813
5718191.941373,191,29729.996666
5362326.07431,178,29734.509338
5685107.22694,130,29737.818561
6350743.598663,161,29741.909442
5841407.673113,174,29746.239473
-117851.365318,1,29746.264693
6681752.696853,221,29751.756002
190967.633743,250,29757.969416
-90775.621829,250,29764.118974
-164265.860481,116,29766.938355
-135496.730819,1,29766.960354
6139608.53493,121,29769.930812
5547694.286875,102,29772.379926
66693.791364,250,29778.435983
6028378.84499,118,29781.305012
5721664.496732,97,29783.752034
6626366.418502,169,29787.734372
5506774.281807,247,29793.496588
-117749.540659,1,29793.519907
6199611.462813,114,29796.177635
-107637.796898,59,29797.683883
17719.803964,250,29803.753633
6361449.461524,167,29807.773912
6367193.677691,167,29811.802431
-42119.452626,250,29817.851489
-126674.186798,1,29817.879271
1217264.80573,250,29824.242006
2180913.28571,250,29830.546511
5851167.257096,112,29833.388201
-126567.00852,1,29833.412021
-84792.307871,250,29839.623448
-102074.075235,250,29845.80432
5670552.149038,232,29851.633942
-33926.369905,250,29857.998296
6162282.521896,123,29860.989635
-144412.870164,1,29861.016573
7393381.786722,248,29867.016929
5613323.445049,134,29870.568931
5997217.367881,93,29872.881568
-150427.903512,1,29872.912101
5778630.666017,108,29875.645903
-161523.60597,2,29875.683352
-83723.105801,250,29881.889443
-135397.041387,1,29881.91807
6090475.932505,207,29887.212998
-107323.064325,250,29893.502458
-117746.887897,1,29893.526451
-147284.431949,1,29893.553972
6914115.812629,200,29898.650543
-145300.840767,250,29904.89354
-89276.43203,250,29911.021435
224175.56536,250,29917.51428
17301.21883,250,29923.86026
-72950.175481,250,29930.113747
6986396.342949,189,29934.920706
211927.668828,250,29941.2507
-180823.638664,2,29941.299558
-44444.393869,250,29947.51745
1476013.247101,250,29953.802238
1057433.755388,250,29959.8834
-68847.521605,250,29966.154345
5828493.566556,168,29970.321152
5665085.178935,171,29974.552019
-126663.33482,1,29974.581903
-66472.350316,250,29980.814719
395426.78517,250,29987.120035
5678689.455526,82,29989.110725
464672.49471,250,29995.022257
-126671.67402,1,29995.043008
6031727.322443,124,29998.140428
5660453.164277,124,30001.143269
38857.577073,250,30007.387571
6804306.160404,189,30012.037493
-46698.228767,250,30018.405421
6500657.03058,235,30024.22483
6351414.925557,208,30029.395042
-25525.80789,250,30035.531511
-110688.791771,250,30041.685527
-126665.685794,1,30041.715659
6236330.091365,157,30045.57499
5547110.379826,108,30048.233928
5527718.483359,72,30049.99653
-121515.480636,23,30050.578964
-117744.010553,1,30050.599949
-135005.951116,32,30051.465778
-151077.296767,90,30053.650367
-147006.921238,58,30054.973686
-135382.788662,1,30054.994267
-105603.235379,151,30058.669901
5686723.686897,187,30063.265542
-135496.961742,1,30063.286083
-117748.209533,1,30063.306709
-114123.526129,23,30063.924222
5704052.32061,93,30066.212257
-142408.699111,54,30067.471676
5849314.638029,113,30070.279669
-111150.299833,15,30070.621691
5685687.567856,89,30072.709153
6044665.316694,142,30076.203529
-156252.700267,1,30076.222609
-117757.643969,1,30076.253589
5469168.017808,63,30077.762944
-139692.45928,1,30077.792204
5875532.923628,138,30081.092673
5555307.894123,116,30083.915541
-126475.982609,1,30083.946395
283193.280457,250,30089.846617
-135504.13357,1,30089.872752
-126575.414122,1,30089.899598
703965.424706,250,30096.10115
-50925.410773,250,30102.34151
6343145.432782,138,30105.756496
5819734.706602,79,30107.713234
-155949.573804,1,30107.743717
-170041.800952,2,30107.794368
-117890.597467,1,30107.822178
6343622.32482,179,30112.439249
5723679.942117,90,30114.780075
5997101.730571,151,30118.653214
-119913.638635,250,30125.017662
6184504.95667,168,30129.379034
5353739.29885,94,30131.71179
-138797.349784,250,30138.063464
-135512.037394,1,30138.098238
-117746.969567,1,30138.125141
6157460.684275,130,30141.486002
5712784.305442,125,30144.682348
-117759.104249,1,30144.71732
6208569.868916,143,30148.330184
528318.756308,250,30154.573946
-137970.10474,1,30154.597591
5456574.262788,194,30159.662541
5721793.294794,133,30163.053364
-137832.010507,1,30163.071736
5781839.329072,125,30166.244704
5620007.419353,150,30170.06834
463479.314973,250,30176.317807
-108559.345434,22,30176.847951
-132030.966739,21,30177.411085
6737534.298609,191,30182.28374
5340428.381338,216,30187.550845
-35643.153577,250,30193.715022
-85404.9698,250,30199.919305
-131113.555684,20,30200.441021
5871638.149225,145,30203.941727
6173564.606789,227,30209.528897
-157800.693775,2,30209.594142
-137850.947697,1,30209.617529
5958507.819474,162,30213.68099
-138339.99416,1,30213.714786
-70384.495928,250,30219.771287
6596055.254989,153,30223.635422
-164326.21545,1,30223.658105
5906135.529062,160,30227.618862
6164471.896642,162,30231.522725
-530.825601,250,30237.525333
6430968.565198,187,30242.219204
6683106.156159,195,30247.063747
-126567.413287,1,30247.10528
-135532.83842,1,30247.136051
5430429.656853,147,30250.598984
5478135.25573,102,30253.156556
-23893.87962,250,30259.046396
-135530.48653,1,30259.080175
5642050.097858,91,30261.206067
14706.018119,250,30267.241266
-179905.145808,2,30267.28695
5715913.753826,102,30269.783031
-155969.444687,1,30269.813832
5684775.688946,124,30272.846889
289564.34981,250,30279.099079
5768400.980967,88,30281.289881
5639190.046905,113,30284.079056
-37741.057702,250,30290.344645
-135380.692287,1,30290.366396
6466129.631618,161,30294.440634
24842.481275,250,30300.624756
5394800.294433,89,30302.862171
5947451.989823,112,30305.714772
-50620.683506,250,30312.155536
6049282.479799,140,30315.637779
5774562.121374,147,30319.250655
-138105.247148,1,30319.280071
5900655.102883,136,30322.561772
6746669.45922,161,30326.598654
6339556.930081,162,30330.57952
5810860.499444,126,30333.70169
5373546.10233,95,30336.096437
-117769.100399,1,30336.138803
8415.533268,250,30342.364076
5637410.593469,160,30346.41471
-135510.759778,1,30346.437051
6198271.838466,138,30349.860354
-116597.470917,250,30356.277495
5672691.995178,134,30359.73594
-135496.359961,1,30359.757024
5461208.577557,216,30365.248719
5424683.879104,87,30367.432522
-126728.402932,1,30367.456504
-27381.013528,250,30373.859353
-148781.306509,250,30380.372843
-135588.123143,1,30380.406327
43106.493336,241,30386.581879
6177187.739997,143,30390.291498
6150108.914582,123,30393.407617
6270492.577948,128,30396.648017
-167100.275571,2,30396.693786
-135508.103357,1,30396.720651
-126588.403418,1,30396.751182
-144414.805486,1,30396.775319
-117847.4448,1,30396.803288
5783532.193444,96,30399.126329
-191200.660143,3,30399.208094
-131570.906354,23,30399.761496
-81678.670132,250,30406.269649
5875351.385911,142,30409.780754
-46310.520249,250,30415.967189
5853105.876427,160,30420.053055
11402.351342,250,30426.287392
-41633.002296,250,30432.413203
-126568.045923,1,30432.433306
-137606.715398,1,30432.46345
-117751.099278,1,30432.491697
-49462.587844,250,30438.698959
-135489.670569,1,30438.729625
5810516.868176,148,30442.343027
5944829.196033,135,30445.802926
5890903.946164,147,30449.610808
-117755.260165,1,30449.641952
6033526.254789,170,30453.80364
6063982.099671,152,30457.31885
-135634.678233,1,30457.349467
6343733.127355,178,30461.738967
5766718.327086,98,30464.12582
-135489.007569,1,30464.156799
62764.354836,250,30470.311853
-134794.458092,250,30476.39558
-117780.476132,1,30476.418973
6033519.874059,96,30478.614907
5552536.872201,129,30481.652766
-135494.239696,1,30481.677098
-88010.23568,250,30487.830945
5579781.138075,100,30490.32699
34463.271614,250,30496.452102
17406.519165,250,30502.567214
-125121.115859,17,30502.994604
-107241.054175,20,30503.514689
-126677.525076,1,30503.539632
-126683.808886,1,30503.564919
-114974.087327,12,30503.851869
5564874.522078,111,30506.515384
5749583.073378,147,30510.261374
-117760.015528,1,30510.2817
6375853.655739,97,30512.704339
-171152.657326,2,30512.750814
288457.185663,250,30518.763066
6175623.975776,106,30521.35459
-71693.642276,250,30527.385414
5540807.277241,100,30529.748247
7392875.592226,198,30534.500731
5517611.61129,108,30537.144134
6036212.032521,116,30539.957885
6050421.620859,142,30543.305426
-117752.555664,1,30543.34843
-117767.386562,1,30543.377641
-133591.088187,1,30543.398175
-117765.064521,1,30543.439036
5378208.962333,235,30549.249301
-141563.812155,1,30549.2786
5894966.920054,110,30551.992135
-135531.847468,1,30552.015121
-126678.430049,1,30552.034762
-117782.861276,1,30552.065351
-105965.736037,18,30552.572501
-43678.917065,250,30558.865182
359564.526832,250,30565.065443
108561.220928,250,30571.172932
-146915.272719,2,30571.213242
-135604.954626,1,30571.244041
-50400.227059,250,30577.500111
-117744.303264,1,30577.526009
6660706.647649,176,30581.942025
6401118.552642,181,30586.415067
-121517.90208,14,30586.740965
6220096.215721,127,30589.870382
-120503.829434,250,30596.185338
-117747.968162,1,30596.203146
-135508.220794,1,30596.2388
-135487.869025,1,30596.264573
5506529.735079,134,30599.662165
6058037.186715,146,30603.35014
-107023.538163,53,30604.696583
-37826.130002,250,30611.019137
5926493.791682,164,30615.198318
6159929.454502,113,30617.936859
-116814.012232,1,30617.965599
-149618.623682,250,30624.298689
6646571.405225,130,30627.764787
6648038.185977,193,30632.655553
6191752.33229,140,30636.293081
-47995.418604,250,30642.732027
-95159.654682,250,30649.1607
-127264.925659,22,30649.722778
6114707.416231,213,30655.092211
-126687.672893,1,30655.113348
6714148.381821,166,30659.212801
-135585.218824,1,30659.243854
-135417.790602,1,30659.275081
6656566.02912,150,30662.910255
-135528.917957,1,30662.940717
-162594.929617,21,30663.501525
23379.97898,250,30669.984631
5759327.403317,177,30674.459719
5839414.63875,131,30677.658066
-155372.31418,2,30677.716425
-135103.31323,17,30678.116779
-100825.48652,250,30684.19207
5951583.108128,136,30687.667848
-126574.601273,1,30687.69828
45147.982504,250,30693.815618
-117751.442521,1,30693.837582
57770.626453,250,30699.964192
-117752.136998,1,30699.98667
-188844.138734,2,30700.048309
6776341.389795,164,30704.038504
-123250.866001,250,30710.252798
-163927.072062,1,30710.288892
-117753.826118,1,30710.323838
5398297.825855,109,30712.988678
-126691.600473,1,30713.008597
-154069.493465,47,30714.211339
5978161.11375,198,30719.114203
7034116.204168,198,30723.740197
6592831.764546,159,30727.617327
5923053.99409,139,30731.046629
5963803.139727,119,30734.015047
-133642.899129,1,30734.04136
43115.010077,250,30740.025553
-153324.596996,116,30742.750663
-31151.579422,250,30748.740517
5608737.791183,153,30752.398509
5534521.850059,197,30757.284984
5622491.661262,90,30759.433426
-14226.167947,250,30765.413468
-135594.707833,1,30765.440433
-135505.311785,1,30765.464065
-126564.27075,1,30765.484404
-135617.544422,1,30765.516176
-101922.656695,13,30765.810448
6281021.428647,218,30771.125725
-135515.601065,1,30771.158353
5830700.147222,96,30773.554597
-2781.163228,250,30779.969399
6098404.494958,155,30783.801991
6297275.594919,197,30788.675826
-35173.765362,250,30794.583123
-30221.375603,250,30800.628531
5775076.650708,97,30802.962493
6194051.901886,184,30807.459828
204625.93846,250,30813.477419
-117765.467468,1,30813.497858
5680949.633614,88,30815.641535
5691924.169299,241,30821.572709
-109626.583033,250,30827.417433
5784576.916981,173,30831.817595
-135502.044556,1,30831.847762
-4165.244225,250,30838.319185
-27531.649258,250,30844.677442
-5162.338446,250,30850.898084
6365333.943348,151,30854.67528
6388501.160373,145,30858.383726
-117747.975952,1,30858.403747
-126694.764698,1,30858.439068
449062.51272,250,30864.766462
-126570.455865,1,30864.794102
6754355.599212,188,30869.581195
6016208.825836,142,30873.159475
6053642.609731,176,30877.606732
394492.026737,250,30883.845614
6096552.290301,166,30887.932278
-144521.149382,1,30887.963143
-151878.514547,1,30887.983651
5785353.472168,123,30891.049055
5438410.894416,156,30894.915699
904808.033984,250,30900.930792
-111333.042117,250,30907.130713
-57518.985648,250,30913.291633
6308082.254683,172,30917.541931
6211489.030563,77,30919.500019
-108087.852704,250,30925.713192
-141398.222018,250,30931.991376
-117744.244628,1,30932.02463
433581.381963,250,30938.267059
-154662.205172,1,30938.287633
6394463.773353,189,30942.972628
6071712.399818,145,30946.614512
-143510.406454,1,30946.642251
-117754.090934,1,30946.66562
5438101.73691,188,30951.190702
-26430.013591,250,30957.384548
-144327.385847,1,30957.407173
5578668.802309,109,30959.924647
-16295.735551,250,31048.657242
-26426.461755,250,31054.817417
5533694.691066,168,31058.964248
-134411.972819,1,31058.992958
6123679.116055,202,31063.861245
-126683.131035,1,31063.879067
-54632.126782,250,31069.9951
-131029.401553,250,31076.353144
5405792.16105,126,31079.441854
417625.324067,250,31085.746393
-135501.320895,1,31085.76658
5455886.588227,43,31086.913445
-125698.478496,250,31093.092363
-69937.402687,250,31099.598454
5829673.497992,95,31102.048139
-135493.57209,1,31102.087339
-158068.599479,2,31102.134575
6043861.559874,230,31108.114701
-138126.506765,1,31108.144487
-68322.410052,250,31114.44716
-135633.707453,1,31114.475219
-135587.70386,1,31114.507739
44298.695841,250,31120.789214
-116493.277012,250,31127.322965
6088652.278577,138,31130.663905
575863.745313,250,31136.808757
-85532.637773,250,31143.113311
6570291.194628,174,31147.452875
-117756.725152,1,31147.473355
6081005.12634,172,31151.693566
146124.19104,250,31157.833783
-126568.512004,1,31157.854179
-156016.107389,1,31157.884446
-93694.446742,250,31164.083753
5790391.950529,167,31168.052582
5881473.360978,168,31172.279921
5650209.899337,223,31177.642087
-105874.206612,21,31178.149766
-136069.971949,250,31184.237195
-125106.184482,250,31190.465792
5929495.842054,99,31192.975681
6510318.294658,162,31197.006469
6230596.930255,147,31200.660752
5513621.529863,61,31202.138498
-126586.31887,1,31202.169067
6339655.857176,162,31206.271755
-126677.100104,1,31206.296809
7234060.19136,164,31210.425555
6260282.615442,132,31213.71528
-80808.769659,250,31219.734348
9244.304908,250,31225.753867
5722175.111748,56,31227.185862
-117753.002865,1,31227.210296
-153295.736455,1,31227.231004
5503853.327635,61,31228.738993
6031353.088922,196,31233.589638
5833369.750237,138,31237.002123
5904927.995775,147,31240.582806
-58555.558575,250,31246.70133
6195839.668955,142,31250.177812
6905757.581224,195,31254.893416
5361458.773721,160,31258.78583
491209.242274,250,31264.980471
-134613.220438,1,31265.000969
5795831.622731,136,31268.368817
-117770.892058,1,31268.396585
-29786.709679,250,31274.537052
-136949.7398,1,31274.568145
-135599.42223,1,31274.588138
-103865.964419,250,31280.668013
6089331.985549,243,31286.674167
25136.825003,250,31292.878341
-37093.119955,250,31299.07618
5592139.927991,174,31303.405762
6067297.995262,157,31307.342709
-117751.676179,1,31307.37026
-51358.873163,250,31313.490335
-117843.298841,1,31313.511167
-135522.675691,1,31313.541029
-135407.107042,1,31313.572606
-76070.995779,250,31319.973927
6138255.395768,158,31324.066185
171435.842738,250,31330.34781
116939.794968,250,31336.654128
5830707.265594,165,31340.772784
5562407.33525,185,31345.48782
249765.776114,250,31351.948768
-117758.433041,1,31351.969292
-53698.46682,250,31358.279368
573001.001748,250,31364.546923
5600262.267289,185,31369.182327
6023114.405011,98,31371.611059
6092980.5395,153,31375.42166
5437889.065807,190,31380.203673
-109086.691115,250,31386.330916
5579815.338216,143,31389.831176
5838416.057845,159,31393.73932
-135506.183673,1,31393.756381
6191599.662155,120,31396.476452
-128217.05089,44,31397.432425
-117756.96258,1,31397.452758
429196.268368,250,31403.079168
-152944.56124,1,31403.106587
5969794.834081,193,31407.9071
-128683.017852,250,31414.096018
5410700.093482,148,31417.728628
5644317.135091,236,31423.494599
6145566.453403,136,31426.773793
5957125.30602,157,31430.540555
5821554.511513,109,31433.116918
-135634.493713,1,31433.146379
-126683.694535,1,31433.186803
-175135.997499,250,31439.341913
-137504.196325,1,31439.371938
38126.381931,250,31445.605901
5717180.863662,116,31448.329956
-135401.697372,1,31448.360159
-145967.790609,250,31454.470702
-135491.583305,1,31454.49278
-135542.929451,1,31454.509022
-117868.242908,1,31454.537729
1579901.044686,250,31460.40086
-149082.461553,250,31466.383473
6030315.386346,170,31470.560131
5441974.377035,141,31473.923326
5676134.299618,210,31479.064607
-144360.293297,1,31479.085284
-138385.18599,1,31479.126359
-54251.443565,250,31485.2576
5733297.281687,80,31487.269024
-172658.110031,2,31487.324858
5756663.743892,238,31493.274777
5538348.822588,104,31495.779363
-135588.860505,1,31495.81635
-126487.825322,1,31495.844079
-144202.897764,1,31495.872598
-117763.5779,1,31495.895064
-76626.087169,250,31502.057245
5909218.813613,130,31505.265593
-122731.558884,250,31511.564639
-117742.596192,1,31511.595139
-134644.2159,250,31517.748354
-117645.645201,1,31517.779427
-135495.903357,1,31517.807369
1509705.896164,250,31523.995396
65062.621717,250,31529.988699
-135542.745877,1,31530.017222
7166952.261495,213,31535.198593
552661.42674,250,31541.469486
-2802.950887,250,31547.677947
-117744.745724,1,31547.711274
-135514.624462,1,31547.731612
-141121.144443,1,31547.769854
-144317.329756,1,31547.796057
-135493.235695,1,31547.825839
5522838.65811,193,31552.603563
-104573.61837,250,31559.116483
6197327.726338,102,31561.679411
-14949.227915,250,31568.093262
-14636.954749,250,31574.621824
279418.735969,250,31580.899358
-432495.914955,250,31587.293262
5848794.144636,129,31590.544056
-135651.414349,1,31590.573726
-135456.017378,250,31596.887912
5897936.845046,146,31600.582924
6493078.494719,210,31606.096907
6063764.522646,136,31609.495098
-156037.899454,1,31609.522964
7107503.183109,231,31615.227962
-117753.601128,1,31615.248507
-3947.941213,250,31621.489224
6284190.164449,207,31626.665411
-150530.636787,1,31626.68962
6022801.173776,132,31629.976392
-165060.034472,2,31630.026958
6066994.771125,128,31633.207539
-135499.578676,1,31633.247081
-117749.295927,1,31633.269542
5911576.392151,210,31638.513091
5869775.471899,79,31640.391814
29564.727495,250,31646.676108
57780.879209,250,31652.905767
-117743.896782,1,31652.93652
5691421.437362,191,31657.624543
-122243.212667,250,31663.75139
7295442.783603,213,31669.027309
-124126.631568,250,31675.341839
5615554.678076,189,31680.014199
321609.209262,250,31686.06821
5824979.422166,163,31690.045924
-100079.032805,16,31690.444865
-117770.768094,1,31690.465533
5692225.072762,173,31694.718197
-114695.074823,18,31695.125898
-122694.538147,250,31701.220077
5745135.900008,242,31707.063946
-117745.288996,1,31707.091725
-144348.94066,1,31707.114322
6285015.507677,151,31710.595973
-15436.944404,250,31716.501312
-38210.771438,250,31722.54337
5781962.231583,117,31725.236107
-135397.759915,1,31725.267063
-117756.948721,1,31725.292507
-110006.311568,250,31731.227829
-103420.835204,250,31737.248857
-92810.478678,250,31743.550122
6083348.282508,206,31748.595211
5810275.196196,146,31752.109169
1991454.822368,250,31758.149109
-148792.382053,1,31758.172869
-68264.900547,250,31764.281363
6094436.925587,142,31767.746994
6046604.933735,96,31770.172518
-138148.104464,1,31770.203181
6226832.631653,193,31775.124121
6047543.017052,139,31778.516078
6173069.597389,189,31783.177091
-134728.768678,1,31783.211143
-135511.235189,1,31783.247696
6696347.824709,245,31789.184967
-135388.797964,1,31789.215498
-15393.036365,250,31795.569051
-121030.559601,250,31801.849684
5986213.188584,105,31804.491334
6214582.973555,232,31810.512244
6153133.218218,110,31813.380667
-147004.702246,1,31813.412002
-117847.498016,1,31813.440882
6413502.390535,133,31816.848067
6888994.1376,142,31820.502871
-117751.141148,1,31820.529903
5593104.044328,146,31824.171594
5661285.834238,125,31827.417925
-110158.573719,250,31833.789416
-93483.938701,250,31840.125459
-70972.742177,250,31846.43371
6025121.391537,160,31850.542093
-91263.576435,250,31856.881649
-117650.181261,1,31856.900325
6621763.361512,183,31861.490907
638669.090602,250,31867.735101
6822414.473087,223,31873.299126
5869819.457511,108,31875.897781
-126682.375373,1,31875.917789
-80340.279304,250,31882.118335
6087610.870576,144,31885.675255
6925135.762673,191,31890.433209
-1429.485657,250,31896.622528
5862754.764975,137,31900.072266
1029573.587386,250,31906.299441
548491.74181,250,31912.434955
-86749.090218,250,31918.570881
6575863.205616,115,31921.32698
-135504.076364,1,31921.343319
-126575.190624,1,31921.374726
5856957.662725,111,31923.952345
6473517.194858,237,31929.873627
179856.039961,250,31935.924315
-130494.026118,250,31942.052657
5689666.378563,102,31944.630211
-145994.023102,250,31950.75952
64194.452064,250,31956.664184
-117644.668418,1,31956.694002
-135528.537621,1,31956.714374
-54331.074951,250,31962.754787
-117764.053829,1,31962.786
5618753.276422,75,31964.655221
874822.042495,250,31970.865038
99824.325279,250,31977.037902
266326.048654,250,31983.085387
5827219.031028,193,31987.822725
-152491.274553,250,31993.717314
6054622.531976,146,31997.281155
7505066.123806,214,32002.531295
5493729.666167,210,32007.666229
5787060.461244,111,32010.302564
-135429.873426,1,32010.329836
6043839.211503,159,32014.187852
-92800.006912,250,32020.12432
7174408.658045,208,32025.297716
876930.719952,250,32031.698567
-161843.080331,2,32031.754897
-157857.917621,250,32038.140563
6798801.380964,164,32042.334317
-138153.98984,1,32042.358856
6726086.587276,242,32048.489081
-135542.712601,1,32048.50539
-159275.197917,2,32048.566201
-3600.515788,250,32054.784487
-135489.501366,1,32054.810097
6146697.315388,120,32057.808132
6336098.915151,210,32063.128381
-20293.005773,250,32069.241781
6149517.496856,114,32072.077531
-117756.434648,1,32072.09915
-144415.001632,1,32072.1391
-155827.334195,1,32072.169499
-126673.364194,1,32072.204883
5977948.843715,127,32075.459481
-9659.022458,250,32081.783658
-144422.490096,1,32081.815054
5473692.675793,172,32086.268911
5546704.896011,109,32088.993506
6376262.850627,250,32095.174852
6213396.911759,184,32099.729671
38763.735343,250,32106.089403
6009991.922306,157,32110.072061
-38451.305584,250,32116.260013
19168.316728,250,32122.568052
-17428.530352,250,32128.951368
-135531.183229,1,32128.97433
5496300.453851,100,32131.462025
-117848.225706,1,32131.492941
-135411.321584,1,32131.521168
6038064.405479,141,32134.935802
-48334.355496,250,32141.216294
5679318.983447,97,32143.620953
-200559.049353,250,32149.838493
6918089.903135,230,32155.323791
5994556.94412,129,32158.402713
5940685.42229,153,32162.127682
5878714.084717,87,32164.339325
1308341.864444,250,32170.477019
6056555.327913,163,32174.490469
-117756.345152,1,32174.511256
6036650.209741,143,32177.974316
-166515.07471,2,32178.022231
-126959.247719,250,32184.252756
-126619.434095,1,32184.276876
62175.952035,250,32190.316832
-183755.458695,250,32196.360384
6296293.051837,123,32199.274922
-114886.169261,250,32205.49087
-155805.462391,1,32205.514826
5751391.165794,116,32208.393656
6530137.701144,160,32212.377126
-35865.84676,250,32218.377914
6056410.909848,144,32221.930626
-117815.087227,1,32221.96128
-13991.142052,250,32228.148306
-144322.466607,1,32228.173151
-117863.469197,1,32228.202261
-164498.797561,250,32234.509892
154700.057136,250,32240.645982
1027994.45159,250,32246.730651
486078.616427,250,32252.859236
6267441.161768,123,32255.818548
-144424.087935,1,32255.838723
263329.93688,250,32261.909994
5758001.580114,180,32266.357472
981047.104093,250,32272.614118
6170675.553007,122,32275.694261
5736716.699735,118,32278.787612
-26544.723259,250,32361.742355
6146492.259522,141,32365.225899
372985.051736,250,32371.511616
5444234.142319,191,32376.266926
5643041.891991,127,32379.390583
-117755.66353,1,32379.419266
2173651.427636,250,32385.591415
-144450.43519,1,32385.615127
-119729.613451,250,32391.753852
-122043.303568,250,32397.895848
5723027.114629,231,32403.696698
-138262.361731,1,32403.724098
-89175.178362,250,32409.977995
-156002.82857,1,32410.006215
-135535.446218,1,32410.028612
6048026.612012,191,32414.706809
-117822.374879,250,32420.635129
-179203.012744,250,32426.54489
5913855.410363,143,32430.082432
6071498.865339,214,32434.941994
-126672.097389,1,32434.962229
2763318.940271,250,32440.679778
-126582.072168,1,32440.710206
5759535.369326,99,32442.948574
-34141.505922,250,32448.64771
206646.799102,250,32454.320994
-137506.608596,250,32459.959814
5493744.728704,96,32462.173776
5928015.987829,209,32467.035858
5577343.685053,175,32471.021797
-531.687171,250,32477.182774
682636.455735,250,32483.37095
-168708.252424,2,32483.427717
-117646.054073,1,32483.450969
6885023.304502,213,32488.847964
-104639.499579,250,32495.165222
2207189.739167,250,32501.329129
5847843.398014,128,32504.266456
-135583.914874,1,32504.296112
-137951.659153,1,32504.336908
-117744.278461,1,32504.361636
-182807.020577,2,32504.412717
208428.045502,250,32510.419501
-79840.368735,250,32516.199822
3316.235209,250,32522.073585
5863927.394731,111,32524.761482
6652472.940718,243,32530.58071
1218216.662254,250,32536.87008
6377464.58486,157,32540.718338
5865780.032716,144,32544.351711
5755536.175234,91,32546.668475
-117746.344995,1,32546.690269
-220702.78888,4,32546.784426
-117745.860092,1,32546.815155
5665967.708025,112,32549.696636
-135496.650635,1,32549.72435
-115515.120105,33,32550.609862
5563923.295676,160,32554.865506
307.506784,250,32561.1602
-135607.681933,1,32561.178876
5839915.915847,71,32562.959609
-126571.969715,1,32562.984755
-106942.988699,250,32569.198353
-107839.102078,250,32575.442991
5628874.774388,95,32577.794467
5979467.839358,249,32584.046945
-143333.095602,20,32584.544612
6249501.519752,172,32588.813051
5415853.672938,208,32594.072631
6098741.278538,249,32600.235891
-89041.915569,250,32606.409079
-155915.23785,1,32606.436152
6458958.689643,155,32610.380008
-126763.222459,1,32610.404603
-135423.632712,1,32610.430471
-141335.938582,1,32610.449755
395986.679259,250,32616.481104
5452267.932012,205,32621.542894
-17761.875032,250,32627.8672
-117659.875743,1,32627.889371
-126573.443605,1,32627.911725
-103571.515413,250,32634.011854
5990721.87686,167,32638.048986
6409002.356018,158,32641.989184
-18783.82997,250,32648.286186
5994425.985372,122,32651.423448
1696124.615081,250,32657.626179
-155903.78884,1,32657.656396
5859848.584801,122,32660.628909
5653542.398394,176,32664.79732
-108632.42935,250,32670.852626
6738600.80991,184,32675.290448
2127.091565,250,32681.335754
1034075.030621,250,32687.376463
-135391.733923,1,32687.402148
1053354.677112,250,32693.294537
5705055.519404,72,32695.153477
-144430.7592,1,32695.175328
5402393.485632,204,32700.231641
5863625.163773,152,32703.875586
6881537.58743,249,32710.100316
-135610.356323,1,32710.124238
-126583.173594,1,32710.154896
5713744.285709,158,32714.004992
5783654.409716,103,32716.486347
-100617.173521,250,32722.480283
-31372.644638,250,32728.802892
6382136.980864,127,32731.843195
-126589.895713,1,32731.871449
41381.868754,250,32738.055829
5789621.804823,90,32740.222911
-126542.165279,1,32740.254558
6075580.963919,237,32746.099371
5732236.724909,130,32749.396475
-60884.817303,250,32755.794781
-126565.713072,1,32755.817773
105014.952937,250,32762.278707
472424.274024,250,32768.527178
5619346.977395,120,32771.531657
6091840.4672,150,32775.366208
5551301.816943,152,32779.215403
22548.911706,250,32785.680994
-132608.54923,250,32791.967053
-132731.757071,250,32798.300466
5326896.512797,203,32803.432098
-187112.453758,250,32809.710744
-92643.774623,250,32815.890266
-134365.777679,1,32815.910799
1010565.781551,250,32822.05443
-126589.871572,1,32822.082272
5518871.977481,149,32825.844002
-83816.546198,250,32832.080945
-126681.282511,1,32832.106077
6042419.315415,150,32835.880204
-135596.498195,1,32835.90949
-146287.957593,1,32835.92981
6183135.193887,197,32840.638958
6155572.051026,133,32844.10373
6236160.898235,182,32848.631928
2003195.699679,250,32854.820049
-136103.999665,1,32854.850713
-153433.793876,250,32861.0288
5809202.940362,139,32864.434176
-42736.561233,250,32870.592294
6680267.855124,168,32874.621884
-117759.38807,1,32874.64848
-117846.585927,1,32874.668858
6022839.288676,80,32876.64118
5946018.733855,103,32879.105591
-125726.271161,250,32885.124237
5822969.058216,186,32889.536369
-117772.487137,1,32889.552781
-126567.148449,1,32889.589869
-117758.840318,1,32889.625272
2305407.953288,250,32895.761317
-117646.615037,1,32895.781581
5817979.392022,108,32898.399221
5842137.027148,234,32904.023245
6103958.135951,190,32908.661573
-158016.763498,2,32908.705101
5475164.713533,122,32911.69721
-152825.183585,1,32911.722609
5830549.069664,248,32917.705685
675356.388925,250,32923.814369
6613723.797538,159,32927.613603
1645234.410031,250,32933.782614
-135411.785462,1,32933.805192
-117751.771471,1,32933.827583
-168820.261535,2,32933.888606
-139353.542737,1,32933.915241
6864074.374459,248,32940.078754
-117751.13388,1,32940.112323
-137985.044717,1,32940.137358
-155798.559372,1,32940.159869
-153283.375487,1,32940.189989
-46815.667235,250,32946.273248
-117753.460519,1,32946.295082
-135404.458094,1,32946.333526
-52386.58345,250,32952.659529
-57444.276825,250,32958.769985
-110537.887639,250,32964.915464
9982.363292,250,32971.089479
5833748.57782,99,32973.408377
-121513.342051,14,32973.745935
7048358.922866,195,32978.547264
2003568.805219,250,32984.408055
5455063.263488,206,32989.415879
2254450.717551,250,32995.822862
13037.934809,250,33002.085051
6766411.43494,224,33007.725271
-126681.40253,1,33007.749168
5714945.58115,86,33009.978811
6278217.803509,135,33013.348462
5723034.126265,158,33017.271414
5509737.878258,74,33019.103099
5781002.627361,88,33021.393119
6799961.031004,212,33026.78052
6959526.335239,189,33031.557102
843105.836566,250,33037.927794
-144344.327844,1,33037.954001
-126612.009492,1,33037.97713
5536900.678809,151,33041.820921
-125595.450806,1,33041.85089
6459905.247024,145,33045.486539
133917.875054,250,33051.811028
6109345.024563,148,33055.522586
-117791.805425,1,33055.542886
-151573.813461,1,33055.573268
6053051.592226,153,33059.29217
-175258.509272,2,33059.363391
-47470.1202,250,33065.431587
-135504.20986,1,33065.473486
194753.442357,250,33071.632344
-135518.261318,1,33071.667176
6455577.645721,171,33075.83982
6011601.769299,168,33079.906059
6234494.05885,233,33085.791168
-135505.649548,1,33085.819194
-135563.368419,1,33085.841846
5671817.097932,161,33089.899916
-117747.570416,1,33089.926112
6025977.821038,116,33092.819841
-117844.265448,1,33092.850555
-117649.933058,1,33092.871269
5972414.034829,93,33095.124681
-117755.823197,1,33095.145144
-171031.943759,2,33095.186383
-166555.232429,1,33095.217391
-162040.508588,2,33095.268441
5784518.128542,94,33097.530905
5889832.898061,154,33101.226517
-108125.893147,250,33107.279266
12574.186022,250,33113.398521
-57149.594848,250,33119.253721
-26593.152887,250,33125.404524
5839548.474566,121,33128.231095
6411904.788059,203,33133.05305
5999473.593533,132,33136.136222
312600.271161,250,33142.064818
6354733.621152,165,33145.95279
-74614.040974,250,33151.9284
-134490.772769,1,33152.004485
6229226.552626,167,33156.060341
-135671.49586,1,33156.092434
6853623.374736,185,33160.594127
208445.367687,250,33166.671953
5491655.068078,158,33170.49132
6220646.33842,146,33173.967842
6207032.078376,131,33177.169654
5230.926753,250,33183.275524
-117755.455895,1,33183.29704
-169074.974481,2,33183.351083
6314493.971439,244,33189.228482
5933079.654056,147,33192.806824
-117859.131822,1,33192.843483
6177210.164356,152,33196.565934
5880886.933491,128,33199.635078
6818583.430961,171,33203.780123
5375839.829036,110,33206.398891
-148470.539601,1,33206.431423
-126568.941007,1,33206.455008
5959050.296093,120,33209.415691
6308101.837903,127,33212.61036
6002564.727639,210,33217.734538
5809562.68963,199,33222.525324
5630685.516646,208,33227.678993
-117845.605308,1,33227.69927
-40818.394465,250,33233.973097
-135690.993494,1,33234.003268
7116980.262953,238,33239.99725
5422156.796883,81,33242.101342
-174858.213769,2,33242.158164
-126609.021332,1,33242.18838
7196702.154656,190,33247.103513
692202.139374,250,33253.258577
6633105.765655,169,33257.51968
5730742.322796,131,33260.873858
-140264.518595,250,33267.286603
-54794.343534,250,33273.536509
-117748.980553,1,33273.556707
1695920.834681,250,33279.833954
124322.931009,250,33286.133548
6370735.347535,139,33289.747158
124192.429601,250,33296.048939
5901506.886503,143,33299.55143
-135609.664632,1,33299.58244
-50726.119891,250,33305.89335
1189911.474657,250,33312.020279
-138257.565551,1,33312.050822
-18953.242786,250,33318.045245
5967788.295724,158,33321.969426
-135507.498441,1,33321.989789
-117758.675008,1,33322.010377
-117646.8385,1,33322.045752
-135521.171342,1,33322.061099
992.621502,250,33328.138739
6141146.709228,181,33332.722292
5652854.552854,171,33337.019065
-85170.634879,250,33342.962415
5628627.536936,164,33347.054872
6133435.048039,142,33350.56483
5897884.83028,103,33353.217757
-53349.788674,250,33359.426064
6181448.357395,108,33362.095097
-10665.271959,250,33368.124728
5978511.566431,111,33370.724057
-157250.995069,2,33370.765102
5749018.66522,63,33372.236774
-188774.604827,2,33372.284513
-92477.254053,250,33378.251859
-114656.660748,250,33384.1136
5973137.099612,230,33390.06129
6255490.368906,123,33393.075674
6667950.753543,158,33396.891071
-60329.097316,250,33402.965411
6067114.986487,147,33406.541774
634964.655859,250,33412.670175
5483863.714317,112,33415.474826
5753163.106684,122,33418.7193
-97509.1452,250,33425.009172
6132004.458847,185,33429.366127
142670.379424,250,33435.482754
59920.529522,250,33441.502211
-126578.922156,1,33441.531079
161028.509832,250,33447.532959
5408170.26473,183,33452.032242
5882738.405105,118,33454.875454
7401610.01751,213,33460.022614
50327.204586,250,33466.191786
6003859.874648,153,33469.969279
1913654.725853,250,33476.190668
-117748.251027,1,33476.220664
-149032.80911,1,33476.241126
5868406.189841,180,33480.799006
7018350.034629,189,33485.502828
-146399.217304,1,33485.532012
5706986.955674,194,33490.46461
5770432.625438,124,33493.687039
-135632.08334,1,33493.72788
5530995.882528,150,33497.602403
-152743.929365,1,33497.622782
-117849.414883,1,33497.654023
-1149.559134,250,33503.972322
-137245.098551,1,33503.993039
6349021.122211,169,33508.365801
5795227.360847,104,33510.982191
5573808.065252,83,33513.126695
-147091.767755,1,33513.14728
6006805.763822,140,33516.584426
5974624.709979,181,33521.083292
5923740.763942,174,33525.626985
-173935.217612,2,33525.68185
991683.737729,250,33531.768501
-135541.844187,1,33531.798817
197538.007251,250,33537.918985
-153618.960345,1,33537.95226
6857544.560521,171,33542.061789
-138328.394017,1,33542.094867
47090.991757,250,33548.164665
-117844.083168,1,33548.185111
5566118.183945,215,33553.552028
6902321.445427,165,33557.660773
-28209.511666,250,33563.678385
5448740.003105,59,33565.116207
-126582.444476,1,33565.136277
123482.728815,250,33571.316489
-174006.573019,2,33571.377144
-135636.786298,1,33571.402923
-126669.044527,1,33571.428307
421071.347484,250,33577.539055
6546044.965575,119,33580.43356
-156132.85736,1,33580.4707
-54470.28903,250,33586.678091
6074386.680683,174,33590.838859
5820209.594851,165,33675.326338
5683302.079848,175,33679.715569
6246696.078111,139,33683.088355
-161825.222517,1,33683.110456
-135618.766829,1,33683.139525
-135471.352261,1,33683.159762
-117851.110479,1,33683.191342
5580594.912603,146,33686.737609
7249736.088203,241,33692.751273
5853084.69283,167,33696.895341
6295650.702372,166,33700.921281
-117766.173645,1,33700.941875
5852120.499037,155,33704.698405
2126265.389117,250,33710.825196
1416978.857125,250,33717.114403
6204888.752099,172,33721.461489
75589.633894,250,33727.796452
-144484.961957,1,33727.817159
-117748.431643,1,33727.84931
-137287.723678,1,33727.867673
-135604.268319,1,33727.898301
8003.508158,250,33734.271423
7489770.430534,232,33740.008448
6083987.91425,181,33744.504977
6047418.261726,146,33748.211468
30384.937125,250,33754.623226
-77102.57257,250,33761.024473
-117848.121118,1,33761.057147
6005673.966254,177,33765.66022
5667486.443657,220,33771.138323
5897777.888334,152,33775.027808
5850180.28524,115,33777.859913
5543032.935248,205,33782.936832
5623115.246412,161,33786.842736
6249072.42362,185,33791.312217
5835557.257799,95,33793.701828
6814755.276354,184,33798.31591
5868183.153531,111,33801.065204
-117662.359576,1,33801.093841
-144521.239136,1,33801.124631
6148861.878946,171,33805.402847
596348.80168,250,33811.797626
5866760.835755,159,33815.631292
6086649.451869,174,33819.862029
-117847.41901,1,33819.888909
21816.181465,250,33826.074368
665467.863765,250,33832.153508
-97852.954732,250,33838.33941
6129267.420609,215,33843.663199
5675866.743771,119,33846.67322
5520786.549209,111,33849.444447
-135595.536361,1,33849.475018
7465302.245891,198,33854.407269
5519725.315323,140,33857.837941
5823943.198125,70,33859.601006
6353594.577472,136,33862.956447
-155941.110983,1,33862.988424
6135808.322499,176,33867.256674
6529202.303027,175,33871.514167
15229.007501,250,33877.459365
5659582.059094,132,33880.673147
13072.382053,250,33886.715301
13432.303953,250,33892.903705
-134449.863878,1,33892.928124
6017175.894583,208,33897.9544
-117746.7578,1,33897.97826
5902445.867628,96,33900.353661
-40666.086281,250,33906.335044
-146278.903,1,33906.364423
-135502.160679,1,33906.386188
5577688.540919,138,33909.863819
-135519.756616,1,33909.896734
7922.283775,250,33915.986275
-158691.892041,2,33916.027022
-115719.116985,250,33921.968359
30865.5276,250,33928.097281
-117750.075634,1,33928.119241
5782930.314844,147,33931.727483
-144419.538671,1,33931.760412
5537697.185301,85,33933.951648
-155090.853787,2,33933.996944
-112372.714067,250,33940.557836
-153513.886308,1,33940.580085
-135559.429646,1,33940.604503
6574321.519726,145,33944.371524
-152743.374215,1,33944.400954
-64748.736294,250,33950.366967
-144412.876026,1,33950.387264
7539670.097573,220,33956.140654
-137443.802201,1,33956.166101
1282491.104355,250,33960.714558
-22747.758242,250,33964.95828
5890010.816816,104,33966.662682
6002159.654788,149,33969.354253
542466.632232,250,33973.787896
-135490.423383,1,33973.808733
5958158.93135,189,33977.215977
5540988.33516,137,33979.692632
