#{"t_start": 1762506508.773685, "env_id": "PulleyEnv-v0"}
r,l,t
-74177.27726,112,1.826221
-70496.613559,46,2.078005
-101150.19611,35,2.259879
-101828.208746,12,2.324265
-105399.454392,14,2.398461
-89830.383765,38,2.603231
-99128.879703,38,2.810279
-99538.017486,9,2.861509
-69811.949195,115,3.4735
-105368.535884,46,3.716981
-93309.468179,68,4.081891
-87355.235288,42,4.3052
-116068.330164,32,4.474223
-101320.304104,35,4.666927
-92194.116705,22,4.78383
-100842.083804,54,5.08342
-92400.777436,84,5.53907
-98283.84492,22,5.691708
-123107.878437,18,5.790806
-110592.614219,24,5.917976
-95599.610798,25,6.052332
-84195.494172,79,6.471561
-100317.951569,42,7.109239
-83677.138781,68,8.248723
-95752.617537,38,8.937096
-132300.92982,20,9.315344
-98080.542916,34,9.901126
-105298.292037,27,10.339457
-114237.717464,57,11.326862
-91187.780681,16,11.600911
-97444.76991,11,11.788633
-118115.678629,11,11.969284
-102702.067273,26,12.409188
-69914.742362,237,16.618386
-159620.339561,17,16.886823
-76407.327366,69,18.079255
63258.960687,250,22.189113
53020.227165,250,26.549618
39367.460451,250,30.912692
91578.849784,250,35.380462
144999.435995,250,39.776761
58442.434669,250,43.920672
147626.405814,250,48.362249
70226.880168,250,52.842583
162043.864359,250,57.459516
54038.940889,250,62.255229
142799.272769,250,66.920037
148524.983229,250,71.315985
170507.339865,250,75.842845
106337.978481,250,80.562028
198943.29809,250,85.246111
191629.460661,250,89.934575
123538.009514,250,94.703579
179501.52086,250,99.330678
137202.549573,250,103.975735
161566.041933,250,108.350195
161611.910495,250,113.060356
214054.742637,250,117.669843
242374.644182,250,122.030798
453991.816978,250,126.443452
503441.445181,250,131.178376
564202.396365,250,135.519014
474991.05442,250,139.837983
444206.073963,250,144.505888
303741.190859,250,149.244294
616603.990124,250,154.026962
540451.564115,250,158.937112
529297.953788,250,163.748569
693493.84526,250,168.564734
579166.473824,250,173.449206
363642.974147,250,178.216386
660965.408744,250,182.815868
626497.597538,250,187.382788
964453.398764,250,191.998961
1545002.790564,250,196.543608
636935.424158,250,201.070038
1055805.409924,250,205.64785
1954979.623599,250,210.189953
1517321.513599,250,214.726362
1444472.410744,250,219.29567
1148100.465617,250,223.805349
1166272.494245,250,228.320947
2021503.734639,250,232.932204
1460739.725809,250,237.452832
1677401.548237,250,241.992831
2112446.116583,250,246.500069
2346883.44806,250,251.089057
1513152.651675,250,255.576903
812430.565266,250,260.104171
2171045.93829,250,264.670989
1006167.76197,250,269.155272
2041731.46006,250,273.700038
866663.877961,250,278.294834
880562.462976,250,282.838586
1462802.221327,250,287.415672
2188310.47365,250,291.994163
1831859.972041,250,296.604887
2071424.006102,250,301.408972
2236336.811031,250,306.266398
1413279.65518,250,311.185599
2260361.105879,250,316.055861
2153115.173584,250,320.855778
2479692.998157,250,325.654659
2948458.108665,250,330.456718
2391244.628301,250,335.246537
2400801.350604,250,340.224783
2437101.188748,250,345.066429
3365618.942603,250,349.877527
1924585.006371,250,354.684995
1987584.165993,250,359.472587
2596277.899439,250,364.345163
945312.061608,250,369.184624
2310721.397434,250,374.006962
1709020.459217,250,378.714054
2246152.706204,250,383.484004
2464801.233961,250,388.309757
2260017.882485,250,392.598513
2464764.903723,250,396.943198
2519790.848194,250,401.465553
2367040.20128,250,406.253676
2391560.08224,250,411.004239
2155830.008766,250,415.77605
3409892.721955,250,420.256073
2495387.59715,250,424.897878
2107990.788277,250,429.63545
2439777.087417,250,434.332405
2143140.758571,250,438.904865
2500125.229242,250,443.584668
2469968.770775,250,448.135718
2467102.544484,250,452.768599
2287168.22732,250,457.364016
1988026.80798,250,462.015035
2465891.668035,250,466.601068
1984020.639941,250,471.077656
2175310.723254,250,475.790055
2478720.23852,250,480.321959
2415698.207033,250,484.771256
3577632.223448,250,489.348425
2468452.294993,250,494.035044
2503029.739385,250,498.603032
2532113.117856,250,503.201608
2465091.515852,250,507.82082
2351341.770071,250,512.334388
2555575.471366,250,516.971262
2414003.832445,250,521.519606
2536499.565758,250,526.163677
3555694.646093,250,530.820106
2488495.283259,250,535.512409
2442972.729082,250,540.313867
1869242.708681,250,545.184076
2496336.5018,250,550.104092
3628602.834331,250,554.980301
2710806.302443,250,559.78137
2267563.743388,250,564.665159
2438463.104363,250,569.558122
2518818.619585,250,574.355801
2323974.135274,250,579.232919
2266304.901077,250,584.0647
2523693.801012,250,588.968862
2587644.227474,250,593.832221
1446647.674206,250,598.719417
2295428.017588,250,603.511661
3484245.395839,250,608.394555
3941468.627065,250,613.3481
2544305.10547,250,618.220031
2535952.844013,250,623.157985
2469295.994004,250,628.074058
2580557.475541,250,632.890176
2681582.001255,250,637.739855
2262280.545337,250,642.598964
2389525.111332,250,647.355599
2457568.116327,250,652.072093
2653957.405604,250,656.890916
3463376.911792,250,661.619514
2508644.994447,250,666.206151
2454867.542835,250,670.940465
2776764.91437,250,675.57945
3619968.803727,250,680.246616
2514884.367298,250,684.90176
2473680.707875,250,689.542058
2859674.642334,250,694.183753
2503002.757915,250,698.838867
2266485.789869,250,703.535915
2337510.454265,250,708.249694
2541809.880897,250,712.760769
3773539.954708,250,717.541448
2743203.2172,250,722.240308
2389719.780471,250,726.877393
2564358.104473,250,731.426789
2600352.200348,250,736.046348
2331517.96281,250,740.702794
7841273.146921,161,743.727482
2492768.60669,250,748.247789
2357131.834902,250,752.786509
2254773.553904,250,757.293736
1649152.479193,250,761.965183
3776515.380615,250,766.576433
2516341.455137,250,771.309833
3082790.174193,250,776.004488
4210721.439996,250,780.917444
3012543.676198,250,785.808045
3075431.329163,250,790.708836
2372405.221917,250,795.635346
2397682.197566,250,800.53177
2410836.9412,250,805.461992
1880423.288512,250,810.324935
2414431.507482,250,815.182925
3045730.924621,250,820.112365
4170599.25326,250,825.052802
4220880.610193,250,829.889965
3684911.005141,250,834.773046
2648328.016463,250,839.607116
2385655.161677,250,844.446131
3525209.781779,250,849.168648
2426497.684,250,854.010687
3108054.867897,250,858.879404
2353489.15955,250,863.622335
6218989.308428,77,865.136856
3971035.207943,250,870.001606
2175682.312453,250,874.909823
3570836.421898,250,879.767082
2975656.315884,250,884.685253
2618778.570266,250,889.585085
2429792.631183,250,894.441944
3069982.505234,250,899.266011
3687366.664301,250,903.918147
2323176.045368,250,908.553496
2481710.503757,250,913.236543
2258449.38949,250,917.860607
3632756.954746,250,922.498397
2325690.373909,250,1033.774487
2443458.408373,250,1038.718414
2736246.941413,250,1043.656204
3022533.157325,250,1048.530015
3651837.296126,250,1053.442728
2405509.26593,250,1058.482778
2462081.354626,250,1063.467502
2427487.051471,250,1068.304475
2494290.338693,250,1073.203571
3298435.231412,250,1078.137028
3778402.077119,250,1083.038841
2328531.502476,250,1087.92676
2644591.410953,250,1092.912879
3348173.313453,250,1097.791879
3189761.070946,250,1102.771651
3400863.494748,250,1107.774637
3572927.937965,250,1112.782932
4094556.320858,250,1117.710214
3824720.785001,250,1122.679073
3473701.327522,250,1127.580123
2395719.114146,250,1132.571117
3563744.990002,250,1137.546884
3464566.901494,250,1142.294961
2351482.191465,250,1147.068118
3778964.729528,250,1151.937003
2274307.967856,250,1156.738802
2244418.633502,250,1161.543776
2595130.112035,250,1166.403776
2390080.58985,250,1171.320713
2273090.098007,250,1176.18877
2241885.28265,250,1181.023383
2317102.160732,250,1185.885938
2298315.541594,250,1190.747253
3574837.330263,250,1195.599849
2089519.633573,250,1200.533708
2132959.451655,250,1205.345665
3936451.065494,250,1210.057699
3728980.976231,250,1214.945981
2341647.548344,250,1219.754782
4333128.561206,250,1224.631395
2329087.813343,250,1229.477095
3322504.7656,250,1234.308575
2321014.259001,250,1239.070566
3130582.821474,250,1243.958803
4038702.16618,250,1248.778979
2410756.173579,250,1253.491688
2177425.853228,250,1258.393497
2531453.571219,250,1263.263097
2022191.445491,250,1268.198043
2888077.804469,250,1273.193235
3574075.25078,250,1278.1324
4470186.048023,250,1283.080679
3380827.855184,250,1288.039732
2234115.932012,250,1292.942145
3908784.021867,250,1297.894686
2125210.67627,250,1302.903104
2835893.641086,250,1307.868552
3828589.954353,250,1312.793216
2282469.577725,250,1317.789107
3294453.703709,250,1322.742315
3380107.806776,250,1327.654609
2643689.03338,250,1332.595652
6148973.190919,69,1333.947587
4165364.870598,250,1338.852979
3253435.843736,250,1343.702824
3047749.192885,250,1348.736629
3315052.593436,250,1353.782175
2996173.324582,250,1358.709186
2284150.316364,250,1363.739176
3686070.462435,250,1368.64112
3507519.017442,250,1373.551828
2563166.183984,250,1378.465102
2497813.66184,250,1383.325651
4043542.475541,250,1388.127923
3504349.600316,250,1392.915511
2231201.32435,250,1397.769177
5762277.850911,57,1398.856292
6049836.590459,57,1399.945516
3817463.227309,250,1404.722548
1576257.203211,250,1409.549784
2194489.037068,250,1414.470854
3135264.212707,250,1419.200794
2245462.207199,250,1424.055432
3530508.924276,250,1428.850849
2346137.888657,250,1433.573538
3407123.356288,250,1438.486753
2120044.091007,250,1443.274462
3179471.845721,250,1448.034024
2644716.967641,250,1452.822261
4313433.533217,250,1457.648427
4078020.818053,250,1462.409993
2085861.87083,250,1467.320328
3404378.599232,250,1472.223235
1956803.000403,250,1477.014397
3247924.088477,250,1481.833314
5623485.928338,47,1482.750137
3408933.949988,250,1487.509694
2296623.528621,250,1492.316087
3474832.072359,250,1497.200701
3745161.702071,250,1502.173566
2121563.455234,250,1507.135385
3731354.95072,250,1512.10796
3660908.768565,250,1517.077704
2809697.447619,250,1522.036527
3560810.49387,250,1527.029917
3567594.021252,250,1532.042694
2663635.941834,250,1537.024571
3801408.715899,250,1541.973765
3897386.486148,250,1546.933936
3740544.725723,250,1551.878843
3331539.277085,250,1556.794084
3018403.22226,250,1561.765921
3680079.577421,250,1566.718137
2467724.456344,250,1571.596689
2074251.024921,250,1576.596153
4317811.362653,250,1581.551589
2195993.935691,250,1586.549816
3865175.634479,250,1591.573503
3216596.110663,250,1596.560843
5434400.165273,28,1597.101289
3164746.442734,250,1602.014531
4124675.794034,250,1606.970282
3930809.21871,250,1611.956603
3595702.115302,250,1616.887016
3340042.249351,250,1621.72148
2027180.253566,250,1626.573634
3428385.359908,250,1631.321331
3903941.760466,250,1636.244815
1997422.17971,250,1641.106712
2188778.245114,250,1646.006738
3322275.747451,250,1650.776791
2920460.935801,250,1655.585041
3359863.981883,250,1660.351563
2746705.735463,250,1665.304532
3568548.314629,250,1670.128053
3241201.732637,250,1674.899219
3402882.537291,250,1679.711655
2271662.447884,250,1684.532271
3770065.97762,250,1689.39281
4180249.067423,250,1694.193788
3923221.333195,250,1699.150277
3609960.469503,250,1704.017509
1900454.666984,250,1708.940222
6229773.533585,65,1710.182463
1839524.914941,250,1715.097864
5561207.88255,34,1715.743721
2915504.709079,250,1720.536729
3866004.339534,250,1725.37615
2893678.652374,250,1730.311219
4079334.477687,250,1735.184635
3847423.641876,250,1740.07872
2916141.888175,250,1745.066293
2021816.286768,250,1749.968291
2198132.074117,250,1754.772916
2774078.041315,250,1759.734879
2069930.090626,250,1764.635605
2902901.326968,250,1769.587089
3498746.597945,250,1774.569365
3791429.232577,250,1779.473095
3012732.281167,250,1784.353439
3749333.261429,250,1789.377907
2983952.820363,250,1794.326407
4137436.959545,250,1799.184337
4022131.280341,250,1804.201097
2139086.110949,250,1809.146028
3491834.575661,250,1814.057143
3815454.674748,250,1819.032024
3673024.625765,250,1823.998779
3080280.546612,250,1828.965311
3241338.211626,250,1833.940848
4090993.230575,250,1838.84978
2596960.043747,250,1843.745942
3895318.418045,250,1848.744948
2683262.605665,250,1853.740579
3326515.677471,250,1858.636358
1981207.040726,250,1863.486035
3249548.815046,250,1868.314978
3885573.022823,250,1873.131177
2133465.473331,250,1877.987356
1889380.643091,250,1882.802528
2072815.704642,250,1887.64976
3461243.165988,250,1892.505287
5843188.713078,47,1893.406263
3412621.199488,250,1898.221287
3538516.251769,250,1903.112458
2919645.800553,250,1908.013063
3978804.704109,250,1912.868899
2003709.781713,250,1917.688762
2927864.603733,250,1922.485186
2663461.664497,250,1927.356327
5978793.749459,54,1928.399067
3116442.168786,250,1933.112285
3519627.453277,250,1937.85799
4290270.674771,250,1942.770211
3318301.467392,250,1947.653917
3780070.802336,250,1952.494428
3438858.639793,250,1957.354276
4220431.511679,250,1962.233305
1926637.631919,250,1967.104806
3092000.852416,250,1972.050498
1681707.452002,250,1976.882265
2043696.538591,250,1981.834833
3735231.281701,250,1986.796906
3318021.640974,250,1991.786801
2109285.546728,250,1996.677944
3646381.088149,250,2001.649668
3019525.540442,250,2006.650594
5694478.80588,49,2007.634412
6156018.352081,73,2009.094181
2851818.385116,250,2100.926005
1872139.401947,250,2105.607622
3480065.39162,250,2110.434432
3255382.14571,250,2115.202249
1855445.178309,250,2120.016694
4303036.41253,250,2124.85244
1774640.271034,250,2129.663851
3747815.486958,250,2134.44535
4127315.958518,250,2139.153374
5609098.333171,50,2140.062668
3143085.801923,250,2144.702547
3388500.911804,250,2149.491398
3218879.410752,250,2154.279768
4113851.660507,250,2159.119838
4116461.589223,250,2163.838822
3669093.37703,250,2168.689933
2500820.363194,250,2173.448268
4057008.011974,250,2178.206316
2523453.511693,250,2183.052158
3387632.646705,250,2187.867416
3723609.41666,250,2192.615047
2781407.763105,250,2197.431826
3459550.565617,250,2202.251593
3084915.637592,250,2207.009977
3080535.066947,250,2211.960569
3245166.550879,250,2216.811424
3585197.440083,250,2221.770064
1771127.432641,250,2226.77765
2986322.302086,250,2231.728608
3168393.321413,250,2236.675989
3899041.415278,250,2241.656103
3017685.509716,250,2246.592845
3421162.369528,250,2251.513446
3375606.413133,250,2256.47318
2863327.528231,250,2261.373883
2018960.385731,250,2266.27366
5641311.26675,53,2267.304922
6314846.134797,142,2270.094045
1976991.69635,250,2275.091004
2974183.365277,250,2280.053505
6606887.974209,103,2282.077331
4400120.793692,250,2286.978382
3187756.488904,250,2291.906805
3372556.617036,250,2296.760859
4018237.596536,250,2301.62851
2464974.784119,250,2306.571826
3171993.62891,250,2311.479462
3432989.426719,250,2316.450555
3695490.432901,250,2321.415917
3407995.831336,250,2326.39646
3020840.29772,250,2331.318845
2803072.236019,250,2336.311013
3104862.835981,250,2341.113659
3803743.955685,250,2345.934511
3892634.519116,250,2350.780458
1728852.710553,250,2355.582422
3053643.172536,250,2360.339537
3744076.709536,250,2365.130082
3526393.641174,250,2369.879374
2695979.82027,250,2374.751556
2436941.252415,250,2379.586663
4322666.081723,250,2384.365676
2967413.685832,250,2389.16171
3104580.751887,250,2394.047495
2768620.859489,250,2398.936301
3014570.376512,250,2403.75729
6943758.019047,115,2405.957372
3167945.669149,250,2410.702088
3228609.121058,250,2415.449382
3425547.081779,250,2420.292707
3868835.476283,250,2425.043033
8506669.040523,217,2429.233235
2512205.046953,250,2434.146269
4396228.446385,250,2438.952564
3126471.20747,250,2443.79041
3685156.515899,250,2448.538685
3279656.506018,250,2453.302525
3643953.569631,250,2458.094653
3303955.055477,250,2462.984041
6404915.631241,83,2464.575763
3000629.053399,250,2469.526876
2968190.617138,250,2474.450304
3210607.826062,250,2479.351387
1878082.506765,250,2484.301662
3977441.278075,250,2489.270092
2405536.853783,250,2494.176655
6811653.679881,106,2496.26303
3160199.6019,250,2501.21745
3048280.037976,250,2506.142693
2712701.756999,250,2511.071978
3440824.50022,250,2516.017763
1987507.367917,250,2520.910555
3902105.629037,250,2525.887388
1649897.852721,250,2530.79719
3605309.197074,250,2535.713164
4451428.710808,250,2540.581636
2813711.399922,250,2545.501642
1718920.947353,250,2550.476695
2988695.445682,250,2555.435707
2586160.232769,250,2560.451559
2544312.177243,250,2565.460419
3447191.012417,250,2570.414726
1910633.486599,250,2575.39879
2695055.632113,250,2580.224585
2868010.243349,250,2585.009386
2774680.42283,250,2589.795637
1873116.715646,250,2594.580586
3425561.220306,250,2599.350461
2180522.814877,250,2604.188073
3385330.513736,250,2609.119276
3721431.266356,250,2613.885214
997713.778236,250,2618.780531
4373796.347032,250,2623.623362
3754057.630748,250,2628.425097
2424696.792655,250,2633.214659
1703331.072047,250,2638.059393
2407091.755682,250,2642.807344
7753290.132446,166,2645.999497
5705839.144845,41,2646.775674
3493322.281606,250,2651.618031
1861112.783409,250,2656.297287
1498004.302888,250,2661.05819
2617448.864902,250,2665.910558
-108329.548919,8,2666.082637
2353434.784099,250,2670.799527
3817917.937232,250,2675.558146
1884765.910949,250,2680.400666
2389947.76838,250,2685.180703
3267889.349876,250,2689.984962
1924660.796111,250,2694.860371
3281973.085396,250,2699.720265
2338847.360571,250,2704.627696
7347880.784758,216,2708.850915
3261499.491376,250,2713.798665
2545633.529043,250,2718.61103
2711502.674925,250,2723.53111
2455173.960603,250,2728.460984
3928598.118204,250,2733.342194
1638911.755934,250,2738.272392
5473614.18308,35,2738.97562
3969406.927387,250,2743.893442
3276077.63455,250,2748.77006
1650763.959482,250,2753.734243
5488796.697657,37,2754.464677
3152322.504552,250,2759.425242
1982498.565215,250,2764.287287
2133525.819283,250,2769.267872
2390374.34698,250,2774.248149
2208407.669108,250,2779.110325
2909440.565618,250,2783.971018
2164254.736125,250,2788.851969
5551379.538922,32,2789.499171
2060875.353953,250,2794.442189
6061294.137924,58,2795.560959
2626840.733518,250,2800.523242
1430890.146889,250,2805.516873
3012190.747892,250,2810.451092
2976925.664101,250,2815.338585
4234137.707771,250,2820.213459
2730048.561694,250,2825.074757
1632741.192937,250,2829.940236
3366761.127966,250,2834.797465
3017531.659618,250,2839.577871
5471998.392399,29,2840.123629
3100691.121369,250,2844.88405
2792480.316168,250,2849.73416
1641223.075213,250,2854.610176
1781157.866013,250,2859.381076
2880444.592745,250,2864.154371
3010640.320323,250,2868.917841
5638325.057947,39,2869.639627
3082241.904895,250,2874.48137
2552895.385264,250,2879.343177
3639446.090387,250,2884.11343
2501231.949909,250,2888.819923
2906037.45684,250,2893.576579
2980133.39205,250,2898.376996
6778334.48048,115,2900.621589
2832531.615659,250,2905.419656
3346454.507907,250,2910.265594
2713707.568863,250,2915.033049
2663908.199233,250,2919.820875
8567021.920437,206,2923.748803
2295113.425808,250,2928.528308
3050427.42863,250,2933.313588
2978624.053534,250,2938.217101
3630353.162085,250,2943.153355
2497219.331398,250,2948.039819
5741596.73171,49,2949.009907
1547948.881916,250,2953.947527
1404585.606027,250,2958.839441
3114757.292241,250,2963.714918
1786654.482666,250,2968.691467
2325033.244297,250,2973.634916
2888944.282099,250,2978.470543
1979872.330816,250,2983.385437
1826727.147395,250,2988.311781
2911641.769973,250,2993.151488
2725382.776237,250,2998.093534
2856838.091797,250,3003.026939
3458729.382391,250,3007.868911
3266583.642342,250,3012.81518
2415507.144277,250,3017.716436
1536776.850793,250,3022.625874
3421632.824131,250,3027.485113
2943726.1836,250,3032.516725
3174381.969086,250,3037.440667
5491995.099365,39,3038.202302
1624373.384602,250,3043.182287
2426420.891943,250,3048.144224
2979555.433907,250,3053.078331
2902423.88345,250,3058.01497
2938674.875277,250,3062.929947
2796364.838367,250,3067.683958
4082519.274241,250,3141.691575
2617529.097098,250,3146.520529
5753244.8474,46,3147.423219
3296386.303189,250,3152.278325
3186306.6909,250,3157.050925
3727973.754176,250,3161.807449
4220836.397905,250,3166.569957
3605552.434569,250,3171.350444
2782235.888313,250,3176.205783
2208412.700962,250,3181.15599
4280264.053011,250,3186.053496
3191459.855888,250,3190.992688
2937168.772546,250,3195.928232
2960640.139253,250,3200.896593
4392404.082393,250,3205.782835
1883142.694593,250,3210.695421
3621317.576303,250,3215.669902
3169744.433279,250,3220.687269
1837430.950662,250,3225.582194
3265549.840452,250,3230.486723
3135796.25312,250,3235.413907
3249716.227853,250,3240.263033
2170311.404745,250,3245.219388
3079532.624783,250,3250.198954
2957804.254351,250,3255.090542
3220145.542297,250,3260.018156
3215235.008616,250,3264.952667
3500890.965937,250,3269.898419
2847895.290785,250,3274.860991
3452681.962627,250,3279.898844
2897089.451619,250,3284.802116
2806889.243681,250,3289.677221
3300666.835043,250,3294.629157
3012636.613981,250,3299.443039
5674383.648262,41,3300.274021
2963541.513556,250,3305.096999
2925869.943672,250,3310.019632
2795360.503416,250,3314.790785
5448821.603236,35,3315.468347
2902782.009092,250,3320.216558
6292988.734328,81,3321.796292
2167204.304673,250,3326.521513
3984060.294543,250,3331.335965
2919837.329503,250,3336.126358
2984713.838148,250,3340.872197
1791289.376824,250,3345.623442
2814776.167288,250,3350.380926
1830382.575951,250,3355.144603
1703387.348785,250,3359.871285
3133377.149377,250,3364.723919
3166032.204993,250,3369.483582
2883028.085092,250,3374.232114
3060085.243378,250,3378.937833
2821449.851938,250,3383.785291
6351193.205373,82,3385.358317
2588590.606316,250,3390.061923
4283194.863248,250,3394.859626
1597605.746691,250,3399.656265
3896710.555518,250,3404.445291
1932526.616827,250,3409.31577
3035638.299023,250,3414.201355
2997518.575423,250,3419.040167
5457494.940011,30,3419.630855
5425499.552549,26,3420.128648
2586058.271369,250,3425.110346
2954404.547332,250,3429.983601
2965851.848671,250,3434.910412
5900651.088892,63,3436.158108
3046851.769499,250,3441.052277
3141855.145384,250,3445.957206
3426473.51276,250,3450.837008
2506928.836121,250,3455.772017
2773216.07815,250,3460.677742
2566690.657348,250,3465.515965
2712700.292053,250,3470.432778
2870802.211314,250,3475.368122
3258949.402284,250,3480.24802
5734237.390724,45,3481.13008
3470114.819609,250,3485.978578
2845450.861812,250,3490.923406
1810440.207174,250,3495.859937
2983792.740897,250,3500.766912
3608068.570082,250,3505.715977
1944585.941273,250,3510.553916
2285756.636614,250,3515.492652
2783416.663115,250,3520.467115
2717817.663271,250,3525.366747
2524358.125392,250,3530.248161
1917798.297366,250,3535.267956
4142611.606728,250,3540.054977
1760373.104608,250,3544.774943
2303538.043287,250,3549.60228
3011937.867381,250,3554.376051
2908999.682802,250,3559.175469
1856114.352833,250,3563.982042
3012737.469446,250,3568.786487
2452845.254414,250,3573.568375
1748411.436175,250,3578.437477
2641491.596697,250,3583.264575
3749859.823036,250,3587.993843
6125263.282424,69,3589.35578
5464584.951922,30,3589.932578
1920327.712624,250,3594.692459
2856587.007199,250,3599.419193
2866510.238392,250,3604.164259
2992473.388608,250,3608.973575
3230318.772948,250,3613.808095
1906665.886007,250,3618.646141
2917656.174266,250,3623.537819
5462071.13392,34,3624.177573
2913092.711863,250,3628.967389
2392854.784459,250,3633.873491
2825938.209397,250,3638.764818
3264130.033826,250,3643.58621
2344334.059442,250,3648.379838
3125945.855972,250,3653.218436
1848192.674095,250,3658.069313
3566412.725059,250,3662.905012
2952126.132032,250,3667.837609
2308831.0001,250,3672.762738
7852759.380073,162,3675.959475
6987889.069285,111,3678.15269
2909926.470587,250,3683.123098
2561406.950147,250,3688.046438
3240937.205302,250,3692.982402
2355415.108317,250,3697.915464
3287647.642051,250,3702.819794
1822334.852539,250,3707.69863
3558628.877681,250,3712.610595
2955426.898455,250,3717.521201
3481953.186002,250,3722.418309
2848503.353322,250,3727.369628
2955076.801025,250,3732.328261
2200781.215682,250,3737.112981
3106624.229751,250,3741.964254
3318807.044963,250,3746.963423
2815495.597484,250,3751.86803
3148323.898223,250,3756.779859
3042129.720138,250,3761.755184
2848091.481175,250,3766.688275
7505373.087413,144,3769.503965
3085100.494503,250,3774.471063
1794859.043558,250,3779.380597
1751965.910798,250,3784.144914
3531052.135729,250,3788.986118
3628483.182027,250,3793.86297
2659604.015092,250,3798.612002
5570273.978022,44,3799.48164
3363873.24273,250,3804.270318
5466124.001406,44,3805.114555
2203672.513591,250,3809.888021
4393737.880389,250,3814.650062
2749022.871512,250,3819.476017
4220182.444724,250,3824.299058
1784840.583721,250,3829.085319
3015426.153743,250,3833.845279
6999524.761992,128,3836.315248
3592472.663416,250,3841.183749
5455353.049216,29,3841.724606
3891658.713267,250,3846.44967
3360980.166866,250,3851.306108
3035454.50251,250,3856.082478
3529649.51079,250,3860.800726
2147209.273725,250,3865.60044
5588701.674815,44,3866.431441
5470961.273442,43,3867.283858
3784421.906157,250,3872.134537
3055989.223116,250,3876.903152
1891481.204713,250,3881.772223
3320026.176905,250,3886.572314
2919191.575517,250,3891.402058
2256340.234356,250,3896.235838
3452248.9059,250,3901.079931
2671430.575255,250,3905.923909
3588644.08066,250,3910.842589
6032255.334329,77,3912.363873
1831824.750163,250,3917.217101
3769575.44672,250,3922.082335
3145508.508552,250,3926.996014
2338254.030068,250,3931.9636
2594525.284508,250,3936.845081
1700060.09501,250,3941.792816
5462876.42605,31,3942.410651
3188318.695751,250,3947.317763
3074375.356262,250,3952.20411
2933152.436029,250,3957.12482
1772245.228766,250,3962.00576
1237374.869123,250,3966.862873
5449355.221827,30,3967.458636
2019601.038497,250,3972.435326
2962941.296274,250,3977.335788
3144943.2486,250,3982.218852
2114514.358793,250,3987.050275
2644238.298648,250,3991.948366
3287919.457365,250,3996.88616
2786736.193046,250,4001.832492
4326165.24401,250,4006.748336
1990676.419758,250,4011.593688
3296917.233758,250,4016.497665
3299430.881197,250,4021.298384
3370377.70392,250,4026.038926
2642580.535031,250,4030.725618
3106237.962234,250,4035.571178
3806903.420813,250,4040.262933
3100537.651451,250,4045.006635
2952156.347992,250,4049.905683
2926824.846471,250,4054.672811
2833040.671783,250,4059.431136
3777666.655714,250,4064.26324
1871920.397222,250,4069.064332
5493869.316611,31,4069.656234
1814293.060395,250,4074.416854
3014949.303287,250,4079.239917
3033877.789438,250,4083.986016
5989775.969166,73,4085.361466
5650988.331812,51,4086.326392
2566641.228467,250,4091.093784
5466119.967968,31,4091.688407
1754807.628851,250,4096.434207
2937161.82538,250,4101.219293
5609672.928018,40,4101.971709
5500884.694354,38,4102.730303
5722313.571048,48,4103.634871
3088015.9255,250,4108.5191
3655867.399491,250,4166.175427
2872819.679188,250,4171.104739
1801405.90375,250,4176.074299
2736713.405503,250,4180.991423
3379577.201602,250,4185.920774
3076942.091265,250,4190.871848
2635252.962209,250,4195.779652
1843605.832301,250,4200.643391
6290157.603582,76,4202.172992
2924144.330998,250,4207.136136
4090182.073889,250,4211.974717
1586021.00521,250,4216.861512
3444706.78509,250,4221.819076
6001937.564435,67,4223.123221
3300884.561563,250,4227.982204
3114305.176008,250,4232.915822
3125490.112448,250,4237.815106
5681058.018718,41,4238.613084
3197035.364355,250,4243.528365
3227013.818147,250,4248.47181
3054479.764628,250,4253.507995
2519922.700837,250,4258.346763
3037369.943274,250,4263.161106
2687781.574119,250,4267.991583
2917670.854159,250,4272.781235
2824920.887519,250,4277.602583
2837970.615477,250,4282.411495
2420602.954888,250,4287.062268
5718470.329266,43,4287.874682
4297057.492142,250,4292.690885
2872981.668639,250,4297.462438
2566646.507989,250,4302.122528
2515730.249387,250,4306.909839
2864031.165294,250,4311.780695
2881202.47013,250,4316.533427
2537553.355539,250,4321.367442
3342963.16369,250,4326.226233
3202460.245544,250,4331.064461
1726384.582162,250,4335.770995
2525993.695348,250,4340.567887
3333993.900757,250,4345.367948
5993726.51447,78,4346.876197
2755065.248778,250,4351.755185
2009025.469053,250,4356.592654
2863185.747447,250,4361.406088
2271954.43529,250,4366.216743
1855101.241456,250,4371.081367
3494841.509458,250,4375.994607
2666936.110905,250,4380.916126
2753403.792877,250,4385.8491
3331811.028164,250,4390.729965
5476220.669585,38,4391.513186
5444220.810067,31,4392.128036
1952262.524631,250,4397.041943
3803996.348989,250,4402.012411
2268608.130355,250,4406.90567
3153596.558129,250,4411.893378
1809354.976499,250,4416.807161
3177802.176736,250,4421.726408
6400022.975757,80,4423.321013
6330312.541899,77,4424.836539
2899678.254246,250,4429.732102
2671009.781314,250,4434.707576
3404836.922179,250,4439.616425
2990477.273939,250,4444.595686
3652341.411295,250,4449.499563
5529945.083557,39,4450.267192
3198921.906496,250,4455.197511
3231230.046012,250,4460.070406
5515707.983825,41,4460.886915
2553095.214793,250,4465.783593
2881290.518607,250,4470.775899
3280018.398751,250,4475.691867
5468622.341397,35,4476.380722
3076368.33996,250,4481.335161
2983919.66933,250,4486.259374
4031836.599893,250,4491.16986
3122830.307759,250,4496.10592
3312458.091227,250,4500.903467
3168545.120235,250,4505.753612
2925453.189899,250,4510.606446
6606527.55543,95,4512.453954
2143226.262266,250,4517.339935
5729136.657953,42,4518.153034
2773409.091046,250,4523.025938
2981425.46175,250,4527.740522
3259120.701378,250,4532.492068
3029111.607737,250,4537.257064
2774165.657949,250,4542.043601
3285250.708151,250,4546.847448
3204232.217892,250,4551.726008
2907076.559064,250,4556.533499
2899797.073923,250,4561.310425
2745115.31377,250,4566.03409
3063004.574614,250,4570.719201
2690954.142807,250,4575.353218
3121082.682193,250,4580.097656
3056040.559512,250,4584.884444
2689561.442734,250,4589.596016
3202209.923602,250,4594.405229
5682779.316886,42,4595.206327
4239557.235116,250,4599.964388
2805729.746244,250,4604.618095
3732366.395204,250,4609.370912
1821159.980977,250,4614.222053
3321094.163554,250,4619.047843
1894435.709378,250,4623.941367
3138570.388135,250,4628.909112
3549954.287218,250,4633.80858
3072595.275825,250,4638.664377
3146135.649334,250,4643.600983
3004601.324574,250,4648.52058
2764815.767534,250,4653.492089
3216413.898834,250,4658.419457
2843074.123257,250,4663.343493
3164558.822969,250,4668.242988
2473116.865585,250,4673.23122
3255972.873388,250,4678.11548
3610630.797183,250,4682.984001
2568370.827223,250,4687.947319
4001789.621414,250,4692.912985
2672832.139463,250,4697.76639
3367050.438256,250,4702.791878
5530419.292103,42,4703.610951
2860814.474428,250,4708.499631
2737806.846977,250,4713.452094
1788316.257496,250,4718.372769
2708722.8661,250,4723.324829
2891331.106639,250,4728.150324
2974211.938026,250,4733.123286
5469665.063375,38,4733.88379
3520584.715125,250,4738.73411
3336701.064393,250,4743.487437
2824060.036434,250,4748.238825
3429123.441318,250,4753.061887
5524333.923772,38,4753.764734
3009436.010273,250,4758.449139
3026914.591677,250,4763.253134
3818121.936967,250,4768.028408
6667078.323062,95,4769.824294
2890304.433141,250,4774.653107
2788965.571708,250,4779.496485
7338627.648798,131,4782.026319
3326443.977328,250,4786.798043
3705352.696885,250,4791.501944
2984541.675864,250,4796.335378
3065759.659123,250,4801.011428
3552112.581978,250,4805.818218
5548048.045092,39,4806.545665
2844662.619598,250,4811.383642
6051319.483638,58,4812.479814
3355193.807067,250,4817.183568
6410227.504327,86,4818.878008
5980526.531509,61,4820.064456
5433226.062348,32,4820.66485
2967256.044512,250,4825.473721
5439049.027943,30,4826.061357
2468750.579849,250,4830.838493
2840626.5668,250,4835.584071
2005406.016413,250,4840.30885
3480794.406583,250,4845.121864
5897331.74455,60,4846.240151
2023331.179377,250,4851.046807
2963184.681661,250,4855.890445
5805799.393004,50,4856.854778
1975423.809291,250,4861.765987
3259710.552112,250,4866.653934
3228459.754301,250,4871.619376
3165142.04995,250,4876.479153
2822403.572781,250,4881.349201
2787064.793194,250,4886.265551
6374621.223921,79,4887.788963
2674878.664062,250,4892.704224
3296074.76721,250,4897.616512
5453890.834465,29,4898.182631
2964839.259558,250,4903.109484
3266670.134049,250,4907.972037
3280944.428882,250,4912.876202
2943136.864894,250,4917.805688
3064264.378441,250,4922.683805
2509884.726667,250,4927.587095
2877792.527815,250,4932.505435
2766739.398801,250,4937.426798
3144725.948823,250,4942.404225
1695532.163574,250,4947.355251
5520341.95215,33,4948.006128
2687376.633878,250,4952.868437
2869289.855306,250,4957.799349
2814109.08129,250,4962.735542
3549295.599196,250,4967.628387
3003412.696286,250,4972.60683
3318736.481642,250,4977.497426
2739726.846479,250,4982.273302
5419817.023625,25,4982.754069
2983916.607881,250,4987.645039
1831288.433716,250,4992.419095
3116107.284485,250,4997.20261
2746385.598842,250,5001.962221
5929493.605863,59,5003.101697
3098104.006362,250,5007.968204
1991810.947613,250,5012.755498
2871144.149791,250,5017.431402
5710505.584322,54,5018.485495
2967223.56642,250,5023.219988
5570511.977792,31,5023.851887
1935075.323592,250,5028.626427
3028399.708423,250,5033.364011
2576427.611729,250,5038.19868
3118403.430428,250,5042.902034
2958894.555066,250,5047.690187
1794404.740798,250,5052.588982
5740388.948357,53,5053.612534
4169641.633671,250,5058.338352
3292010.206614,250,5063.192901
2031609.289343,250,5068.108984
1844507.337011,250,5072.974038
3442693.224812,250,5077.717571
3152708.09286,250,5082.472759
3027760.144836,250,5087.214142
5752699.294451,44,5088.053729
3173012.481035,250,5092.762858
3043440.899517,250,5097.574548
2779427.455293,250,5102.38644
1591292.391154,250,5107.308865
6062615.600912,67,5108.628245
3122393.997948,250,5113.625223
3404414.408862,250,5118.583317
6228844.243022,76,5120.061482
3086977.944789,250,5124.989459
3323063.239319,250,5129.946621
3088468.143373,250,5182.110709
2131232.662428,250,5187.078224
2799316.002673,250,5192.101004
3588570.210633,250,5196.975553
3190073.289129,250,5201.862083
4101337.875039,250,5206.816316
3784227.553616,250,5211.721188
2598972.918822,250,5216.564096
3086404.281616,250,5221.376109
2758748.769595,250,5226.17092
1996604.789004,250,5230.941221
2302388.112086,250,5235.77979
3473186.132666,250,5240.646821
3112335.168798,250,5245.364095
3075486.922032,250,5250.123541
3133058.856491,250,5255.033402
2953749.67642,250,5259.819777
2931007.214286,250,5264.559646
5464682.467123,32,5265.159861
3163884.176054,250,5269.948652
2428314.615809,250,5274.785053
5582664.425846,44,5275.640087
4154979.425082,250,5280.426844
2970566.269388,250,5285.299946
1908386.440965,250,5290.138449
3154207.181511,250,5295.019174
3041364.228742,250,5299.820309
5488566.440654,34,5300.473245
2949444.050948,250,5305.177264
5617882.849122,44,5306.038576
3291236.459351,250,5310.839726
3238744.655142,250,5315.646478
3267204.990285,250,5320.525139
3208842.080818,250,5325.389684
2478342.122447,250,5330.275322
3271919.480134,250,5335.033071
3809238.208728,250,5339.942741
3218507.63006,250,5344.979501
2756507.047729,250,5349.909894
3094557.206111,250,5354.864745
3186657.744038,250,5359.812805
3424235.555541,250,5364.692399
5489154.292853,31,5365.305016
2961290.529068,250,5370.244936
2120428.228834,250,5375.24778
1849170.946815,250,5380.067165
2832950.449096,250,5384.998685
5440792.192187,31,5385.621071
2278503.305088,250,5390.521329
2088621.700254,250,5395.383592
1753506.818134,250,5400.237234
3467997.121544,250,5405.219194
5490245.91235,35,5405.901692
3267980.798538,250,5410.75044
5786782.21798,52,5411.769124
3708260.107116,250,5416.792087
3510887.607989,250,5421.733952
2899850.494431,250,5426.588347
3589859.767407,250,5431.517012
2867082.375398,250,5436.516759
5597223.010667,39,5437.285734
5881789.987828,52,5438.308492
2579550.46119,250,5443.16051
2570898.073727,250,5448.082178
3051309.235375,250,5453.003184
3017136.554092,250,5457.841578
3268560.917452,250,5462.60354
5868412.358728,52,5463.60988
4328354.00186,250,5468.453092
3188081.141306,250,5473.132791
3085333.331653,250,5477.999948
2650349.249357,250,5482.869277
2314377.917545,250,5487.685042
3390021.658352,250,5492.482162
5489243.603602,33,5493.113422
2873171.956839,250,5497.938453
3108022.089516,250,5502.59156
5478694.040928,32,5503.191942
3054032.620267,250,5507.978784
3536373.518954,250,5512.800511
2966595.917948,250,5517.613276
5659870.947685,53,5518.618485
2861814.634661,250,5523.458201
1830054.544704,250,5528.295789
2685562.921794,250,5533.044961
1929786.234625,250,5537.811572
2903215.9745,250,5542.59211
3214565.17901,250,5547.325719
2213384.815029,250,5552.016875
3338349.827697,250,5556.890678
5434485.159638,33,5557.502306
5507500.34396,34,5558.164339
5911525.344263,53,5559.178027
2789546.81322,250,5563.961116
2697325.89126,250,5568.799096
3628056.259445,250,5573.586858
3188606.980766,250,5578.45362
2868536.845213,250,5583.43798
2808363.76386,250,5588.375191
2877129.883899,250,5593.312301
3366854.000647,250,5598.321267
6554760.719394,102,5600.338572
2892567.061392,250,5605.193517
1881894.330475,250,5610.065224
5811799.301472,49,5611.05396
2987261.903423,250,5616.070439
2586405.918474,250,5620.932883
1982601.041847,250,5625.798263
3742428.815534,250,5630.715476
5617179.143922,40,5631.548546
3809590.221006,250,5636.473926
3223469.896306,250,5641.416247
7013390.797682,120,5643.795884
3311100.300834,250,5648.759849
2855057.770449,250,5653.705634
3287698.570415,250,5658.601261
2450422.136923,250,5663.559738
3338071.74366,250,5668.457507
2254514.008392,250,5673.38111
2731341.490077,250,5678.410314
3155214.98757,250,5683.304453
-106202.13434,12,5683.525717
2686829.584942,250,5688.387375
2747083.029488,250,5693.391909
5481146.549863,27,5693.917855
2889305.474548,250,5698.759257
3287482.02615,250,5703.51661
3287647.953658,250,5708.382804
2520774.599344,250,5713.198972
2677035.243464,250,5718.005008
1964009.926013,250,5722.857627
5897560.553029,54,5723.885202
3344868.693505,250,5728.647949
3435996.010927,250,5733.49616
5632165.587235,49,5734.420119
2986637.838948,250,5739.258528
2762501.12449,250,5744.062025
3253774.293495,250,5748.844844
3316140.959633,250,5753.681983
3034221.446681,250,5758.394816
5789224.874506,48,5759.320585
2825243.76237,250,5764.095911
1760361.179084,250,5768.79902
6089746.050334,75,5770.172237
2972454.121135,250,5774.759982
2976063.393147,250,5779.545136
2127367.183843,250,5784.362773
3266464.068455,250,5789.130802
2551891.643629,250,5793.912804
3233899.22984,250,5798.722264
2864158.895814,250,5803.476327
2820327.141296,250,5808.227098
5519743.52016,35,5808.883049
3157222.435219,250,5813.713396
5433652.591511,30,5814.269162
3070692.984567,250,5818.997159
2948109.054889,250,5823.894131
3205977.925478,250,5828.795089
2807830.095912,250,5833.592061
3195195.549157,250,5838.538773
3331380.214788,250,5843.431531
3414495.404481,250,5848.337776
1819302.099784,250,5853.216281
5476906.99516,36,5853.903842
4094877.899957,250,5858.793974
5871359.4137,46,5859.697563
2596739.967857,250,5864.644795
5700245.059712,41,5865.4422
5866074.601964,62,5866.685258
2611607.983958,250,5871.633885
2650955.564641,250,5876.530063
3214171.310371,250,5881.385754
2774002.909377,250,5886.210477
4027824.721905,250,5891.13666
2987440.052303,250,5895.965024
5811588.32974,50,5896.924809
4109169.716083,250,5901.836804
3145112.572907,250,5906.738062
2875516.760666,250,5911.668785
8707335.02357,210,5915.788256
3786083.89184,250,5920.694012
3196345.039178,250,5925.598387
3201130.946339,250,5930.557498
2905013.203543,250,5935.483267
1961541.534172,250,5940.242079
3698570.408637,250,5945.008642
3013046.246857,250,5949.856209
2951947.210278,250,5954.596502
2616173.214303,250,5959.308587
8118130.341897,193,5962.935475
3166388.984614,250,5967.667579
5483207.776755,42,5968.475163
5790320.2037,49,5969.398009
1768275.667878,250,5974.076883
2840112.498138,250,5978.901025
2473118.456521,250,5983.586155
5447090.123099,27,5984.087115
2960164.731681,250,5988.84758
1926151.402219,250,5993.635903
2552354.180061,250,5998.355813
2502792.848304,250,6003.070915
2705263.932802,250,6007.893172
5655995.187113,46,6008.780134
2062829.490746,250,6013.635252
2807335.896495,250,6018.454467
5575544.386346,42,6019.270134
2621414.501946,250,6024.052021
3551787.726996,250,6028.713546
6199065.95555,79,6030.188561
2778381.371634,250,6035.061866
5434677.750824,40,6035.838233
3037821.647518,250,6040.607758
5474097.843669,25,6041.094829
5735318.311524,43,6041.895037
2960273.064161,250,6046.543988
2478701.981247,250,6051.282608
3131874.508199,250,6056.05037
5849066.993136,53,6057.08804
5549452.118131,43,6057.915834
2940801.692242,250,6062.809338
5453238.724983,27,6063.337933
2655515.068049,250,6068.223351
2666944.505834,250,6073.046118
2702353.038313,250,6077.872371
3402628.694912,250,6082.780892
3144114.251459,250,6087.661285
2030563.569458,250,6092.505135
5435728.178595,28,6093.046381
2423998.952934,250,6097.981676
2923181.947568,250,6102.900893
5588903.921888,36,6103.612654
3331614.02201,250,6108.592773
5523822.334695,37,6109.332911
5484787.237831,29,6109.914204
3087295.100559,250,6114.854732
2470453.000519,250,6119.794958
3119209.115861,250,6124.742446
2834753.255993,250,6129.665554
3004917.057442,250,6134.554684
1805113.306622,250,6139.418824
2947203.819148,250,6144.318352
3556904.151777,250,6149.24925
2004651.863628,250,6214.532248
3282940.357209,250,6219.310463
2752967.467324,250,6224.187414
3349864.841737,250,6228.965469
6424841.406754,100,6230.89004
3632597.187756,250,6235.664166
3158098.355757,250,6240.442311
3042553.775243,250,6245.214942
5706364.620873,46,6246.083171
5418215.378044,23,6246.517323
1503943.681628,250,6251.27408
5463514.384738,35,6251.948347
1819972.388111,250,6256.647058
2649761.432991,250,6261.405918
3087518.707937,250,6266.20573
2617382.132617,250,6271.033791
3037175.013975,250,6275.823129
2777701.05868,250,6280.548254
2022911.101439,250,6285.454988
3238455.772019,250,6290.160925
3195974.379155,250,6294.938585
5786907.13663,43,6295.77567
5434411.916441,26,6296.289304
5479301.588033,41,6297.107069
3324336.501469,250,6302.022925
2564563.225179,250,6306.897916
2938751.107719,250,6311.779801
3057858.364423,250,6316.692113
2423025.086327,250,6321.549459
5539916.780023,37,6322.267133
3070241.796208,250,6327.17568
6004628.452405,57,6328.320629
2715326.025547,250,6333.300535
3020634.72543,250,6338.263962
2706177.126876,250,6343.297327
2817889.758143,250,6348.235543
2641396.791306,250,6353.110861
4039315.139461,250,6358.031917
2758448.997087,250,6363.041759
1891502.090687,250,6367.983398
1745631.114305,250,6372.852526
2118363.007391,250,6377.787509
5563584.69575,41,6378.571042
3000875.65266,250,6383.431957
1977203.0858,250,6388.298687
2297873.677858,250,6393.280514
2658619.196929,250,6398.161186
3074366.032639,250,6403.083423
2626747.854921,250,6407.963984
2825019.179025,250,6412.843474
5784344.108391,47,6413.761502
2500803.076064,250,6418.680641
3042491.338877,250,6423.435292
5452396.998351,28,6423.96447
1985177.284512,250,6428.640951
3569804.438666,250,6433.419003
2707043.953432,250,6438.224167
1730177.930607,250,6442.931731
2908313.872045,250,6447.716884
3245577.984502,250,6452.518813
5504647.28256,40,6453.27503
8054025.902796,169,6456.451958
2023011.215558,250,6461.214776
2021191.633,250,6466.008672
2539091.221431,250,6470.858621
3280496.413288,250,6475.609708
3046579.731521,250,6480.4671
5576945.467252,45,6481.346974
5473930.202273,29,6481.923468
2981767.205779,250,6486.665803
2903988.778693,250,6491.475733
2998763.459521,250,6496.319478
5603108.651395,40,6497.084247
5443521.434981,30,6497.662302
5599968.550439,49,6498.599994
5421406.497623,29,6499.153797
2908659.325574,250,6503.923343
3329639.436054,250,6508.66323
2706162.217345,250,6513.382779
2630107.75936,250,6518.160415
2868023.310149,250,6522.853909
4173183.899078,250,6527.66467
5800125.672472,61,6528.829533
1997390.633371,250,6533.582798
1751084.017169,250,6538.418118
2609397.786959,250,6543.313805
2556737.506337,250,6548.182998
3250264.12845,250,6553.077124
5543561.402381,33,6553.749192
1817824.946314,250,6558.698654
2411850.500698,250,6563.535058
1790827.068596,250,6568.445496
3178199.293983,250,6573.433299
2840915.129135,250,6578.281705
2824046.053257,250,6583.140824
6084220.132182,67,6584.484124
3159785.941297,250,6589.445972
2689100.653454,250,6594.376679
3120804.330265,250,6599.326993
1883720.462839,250,6604.256368
5482604.239675,37,6605.005071
3501758.74515,250,6609.882242
3825867.801272,250,6614.742838
6255648.937224,70,6616.113001
3451489.292218,250,6621.044364
2224846.929261,250,6625.923243
1819940.887391,250,6630.909142
1795659.688397,250,6635.819164
2732780.91105,250,6640.662813
5503485.52004,36,6641.347874
2737702.168843,250,6646.248821
2799780.327727,250,6651.109633
5996866.528741,67,6652.383605
5525403.637283,34,6653.02283
2155259.132939,250,6657.807971
1859096.12048,250,6662.633266
3556269.87917,250,6667.386526
5772654.66254,48,6668.271339
3500741.327665,250,6673.003966
2138003.168764,250,6677.872475
3044165.163148,250,6682.718458
2770900.756073,250,6687.466824
5528139.087436,31,6688.059187
2859063.86911,250,6692.884003
2449232.752796,250,6697.628464
2048714.146308,250,6702.325001
6336141.113851,75,6703.759458
3046831.646327,250,6708.575144
2803325.032322,250,6713.344401
2068152.859831,250,6718.039024
3888695.146654,250,6722.732687
2486380.501289,250,6727.523203
3207974.383462,250,6732.285872
3255167.498211,250,6737.091499
2843077.311949,250,6741.90825
2387563.493197,250,6746.588138
2116257.90481,250,6751.392267
2043450.954419,250,6756.245834
3383868.181374,250,6760.98662
3016446.810397,250,6765.77265
3466290.243002,250,6770.576356
4468003.763344,250,6775.372098
2879769.38515,250,6780.272101
2530376.69406,250,6785.250665
2843440.81649,250,6790.183209
2958426.677333,250,6795.049042
3572451.672956,250,6799.98947
6192964.470817,75,6801.488395
3249032.803239,250,6806.359523
1793902.098617,250,6811.351537
8614302.96836,220,6815.727283
5533288.737742,38,6816.480704
5456231.170291,32,6817.08677
3496131.033892,250,6821.948981
2934401.22413,250,6826.90746
5842802.065932,52,6827.964215
5533629.367198,35,6828.665318
2835702.837592,250,6833.53977
5803274.229585,46,6834.458903
2683451.164528,250,6839.31178
5621470.42438,36,6840.028519
2020718.81692,250,6844.96823
5471012.208621,33,6845.623721
3097367.948024,250,6850.537887
1839218.008344,250,6855.454626
5802445.046086,46,6856.390532
2723904.334418,250,6861.345523
2509950.503418,250,6866.315598
2710017.879686,250,6871.235784
5632627.636601,37,6871.978597
6683338.7814,99,6873.922559
5459830.767692,29,6874.502455
3519775.8302,250,6879.461678
2655360.787811,250,6884.418071
3023862.302043,250,6889.327372
3514443.935798,250,6894.242282
2602064.997494,250,6899.077048
2926359.455871,250,6903.940844
2642891.813731,250,6908.751692
2556290.205797,250,6913.606434
2898666.135095,250,6918.431744
2099185.38809,250,6923.240381
2294127.466698,250,6928.039836
5602257.554524,41,6928.84276
3048448.013411,250,6933.667948
3074912.741281,250,6938.38723
1293178.733389,250,6943.059299
4500918.038283,250,6947.871128
1976601.635651,250,6952.759945
3039191.040006,250,6957.423927
2764239.843577,250,6962.243106
5436487.667043,31,6962.836839
4137883.421713,250,6967.66591
2829513.993427,250,6972.430646
2929979.380451,250,6977.164012
3274878.911325,250,6982.015301
6483373.684238,86,6983.691602
2069094.309924,250,6988.414272
3531418.864673,250,6993.17541
3208520.023432,250,6997.945267
2867294.031699,250,7002.69663
5421494.357588,25,7003.175958
2493403.184602,250,7008.053597
2498340.076731,250,7012.817309
5572602.478962,35,7013.518264
5511016.80036,34,7014.138773
2884279.950673,250,7018.973693
6425957.060075,89,7020.730133
3988037.003837,250,7025.685726
2801416.60375,250,7030.548082
2636687.045543,250,7035.378377
2525609.23551,250,7040.250611
2983231.39034,250,7045.165118
2919555.238806,250,7050.012704
3114283.851296,250,7054.99004
2758150.692344,250,7059.91772
3022391.263607,250,7064.824213
3052546.066523,250,7069.767953
4379730.55629,250,7074.659212
2435379.746499,250,7079.558483
1725682.847729,250,7084.525935
2639923.521953,250,7089.435318
5523510.473769,38,7090.155974
7869787.35359,165,7093.391906
1823887.115296,250,7098.369287
2692236.449273,250,7103.286207
2422730.493283,250,7108.218103
1713262.325934,250,7113.172044
5624257.186582,47,7114.118608
2796273.506604,250,7118.991571
3668973.654153,250,7123.883442
2677892.141732,250,7128.711717
2628523.52068,250,7133.659295
3532103.997762,250,7138.502551
2622429.897174,250,7143.297637
3244726.269678,250,7148.139644
5688034.229863,40,7148.910072
6342518.150402,78,7150.368661
1565958.952016,250,7155.018077
3409667.352356,250,7159.762546
3057591.56951,250,7164.687004
1741665.182012,250,7169.46516
5499349.950798,33,7170.101053
2806017.895456,250,7174.879634
4192925.005774,250,7179.621276
2525647.757995,250,7242.675643
2784244.336849,250,7247.48294
1914522.128513,250,7252.167611
3213415.530555,250,7256.861482
2680793.07367,250,7261.74164
5432812.568962,28,7262.289322
5878547.687331,58,7263.411623
1749531.661315,250,7268.387463
5623064.897702,38,7269.132331
1753662.253907,250,7274.069892
1728794.084847,250,7279.02988
2044121.47552,250,7283.888296
2824247.755776,250,7288.80976
5482923.362237,32,7289.459596
6671020.422563,104,7291.516852
1806864.274999,250,7296.325146
1600019.309899,250,7301.220797
2719928.706303,250,7306.087883
2893500.394041,250,7310.922164
2592667.460769,250,7315.825558
5825948.571681,55,7316.933201
5462461.830437,32,7317.559253
2829971.05599,250,7322.487888
3161113.946275,250,7327.329654
3597847.314561,250,7332.2363
3596166.164241,250,7337.198119
5879701.054355,53,7338.238017
4042638.523836,250,7343.171611
8526994.337143,228,7347.718385
5485517.03956,34,7348.390179
5546812.980156,35,7349.097523
7064252.865801,112,7351.345869
5551118.699412,39,7352.11788
2885371.898211,250,7357.01464
4349202.902219,250,7361.937462
3193530.359448,250,7366.886965
1780116.241528,250,7371.777894
3006908.051047,250,7376.679746
2756109.510712,250,7381.496222
5711454.10808,45,7382.411229
2542080.161543,250,7387.139935
2777680.556857,250,7391.93528
4117521.474377,250,7396.764245
2928249.906086,250,7401.555867
4187475.014541,250,7406.380606
5490148.560796,37,7407.098366
3010713.353155,250,7411.916741
5886169.589896,58,7413.011332
2729387.338131,250,7417.65537
5479944.149823,34,7418.312241
3324297.02026,250,7423.139247
2617305.012669,250,7427.970718
2022122.40743,250,7432.667783
5462167.141196,33,7433.289088
3130071.869951,250,7438.039505
1819334.817518,250,7442.805185
2619192.68099,250,7447.521924
5479464.747074,29,7448.097346
6480442.945723,91,7449.87823
5783273.790166,58,7451.001884
2791234.07147,250,7455.735825
1935070.396775,250,7460.561924
2073758.807967,250,7465.348238
1991326.573228,250,7470.08856
5429156.639044,25,7470.553804
6489459.59054,85,7472.232692
5501062.263269,36,7472.932012
2577611.154957,250,7477.647078
5458991.491686,28,7478.178577
3403305.355358,250,7482.950467
5477739.337268,37,7483.651684
5955511.786692,62,7484.871048
6120658.190249,64,7486.062073
5615472.846225,38,7486.791849
3051112.869009,250,7491.437872
1988687.360471,250,7496.177981
2572852.316001,250,7501.104863
5521082.528341,35,7501.787148
1871690.887732,250,7506.703234
2512518.50356,250,7511.622351
2949350.353312,250,7516.51215
2650971.199177,250,7521.353899
5478975.77968,32,7521.951406
2843093.400988,250,7526.876386
2912478.771806,250,7531.838585
3844301.386116,250,7536.752794
2231596.677935,250,7541.630974
7131589.506832,128,7544.185711
2562490.7025,250,7549.215662
2399348.620411,250,7554.064235
2691980.533353,250,7559.039288
2565875.226836,250,7563.972453
1850049.656655,250,7568.87433
7484049.697342,136,7571.515632
5477614.566363,32,7572.146654
3164971.044705,250,7577.007793
3921849.26486,250,7581.884588
2064647.714461,250,7586.690961
2342760.294039,250,7591.702391
2581121.888103,250,7596.658606
5475918.85515,38,7597.395526
2140604.42599,250,7602.234542
2900002.649523,250,7607.191029
5890112.076345,57,7608.342157
5605098.924035,38,7609.089064
2931772.09281,250,7613.989846
-100343.512006,12,7614.235207
2025828.145566,250,7618.996126
5496653.942271,40,7619.789135
2787559.331528,250,7624.528595
5601480.891872,38,7625.28177
2718421.09569,250,7629.987525
3055706.801352,250,7634.681223
7601596.437883,149,7637.506892
3288771.824435,250,7642.235057
2924592.812335,250,7647.022997
5448532.400861,29,7647.58748
5546140.20549,38,7648.329716
-109802.612464,8,7648.491934
2717083.244054,250,7653.476552
5458500.008878,38,7654.194686
2753038.058055,250,7658.96957
2545570.99553,250,7663.833589
1863903.89994,250,7668.660192
1645685.350798,250,7673.414702
2833455.198671,250,7678.205452
2267098.807544,250,7683.018079
5510037.632759,36,7683.726776
1773271.205774,250,7688.438993
2779412.057041,250,7693.196851
5446793.183819,33,7693.848031
1686338.895903,250,7698.627458
5454503.338908,31,7699.213566
2863588.906477,250,7703.974755
5443549.713413,37,7704.695174
5453536.116828,38,7705.446922
2329935.743589,250,7710.28883
1872158.043487,250,7715.151379
1979479.783991,250,7719.870332
2670261.523946,250,7724.609466
2416284.052182,250,7729.43222
5526955.092049,30,7729.986863
1789652.14765,250,7734.676443
5486134.931978,30,7735.260027
2691674.602123,250,7740.052729
3694180.5552,250,7744.980428
2228339.32061,250,7749.865149
5474253.37108,35,7750.562024
2467629.874904,250,7755.42154
1460161.888527,250,7760.366754
2369469.410826,250,7765.25861
2121175.654998,250,7770.205438
2504899.398703,250,7775.136408
5462679.347939,35,7775.844719
2505562.451829,250,7780.697734
6126281.905973,69,7782.04458
3200395.778574,250,7786.967863
2780030.732659,250,7791.897433
2984419.008424,250,7796.81024
5591951.385061,47,7797.741722
5495051.315884,38,7798.522557
2335110.061623,250,7803.451528
2373093.327321,250,7808.36305
5421780.394091,35,7809.025206
1880709.120792,250,7813.861959
5429646.767722,37,7814.588174
5851580.955656,51,7815.587709
1790597.462014,250,7820.452521
2660616.59054,250,7825.282301
5439007.710209,26,7825.800337
4017704.456793,250,7830.750124
1626178.172456,250,7835.711126
2224220.459954,250,7840.562658
2965162.060437,250,7845.541655
5924522.935426,65,7846.814914
1907302.606002,250,7851.8012
1847070.005357,250,7856.76664
1882709.58567,250,7861.63496
5615570.185808,43,7862.464996
5442936.104012,30,7863.037449
2713700.860185,250,7867.831638
5914242.116982,63,7869.037797
2035103.664581,250,7873.761923
5863526.225615,51,7874.721352
1699818.755726,250,7879.383068
5488219.125388,34,7880.055013
5582057.304246,37,7880.751305
2410496.524934,250,7885.488436
5935685.534995,55,7886.56326
5470081.592653,27,7887.107204
3120203.651941,250,7891.84251
1399477.129039,250,7896.654488
1607916.60688,250,7901.376678
2294831.258641,250,7906.219766
6086619.048728,69,7907.5709
2738956.260571,250,7912.401921
1602233.472464,250,7917.116457
5426329.120334,35,7917.805294
5476252.937967,31,7918.394859
2576526.404512,250,7923.252187
2067499.095301,250,7928.01381
6209620.703599,80,7929.503388
2626167.429647,250,7934.177822
2000620.931057,250,7938.962702
5459591.842839,37,7939.676553
7353953.672422,141,7942.304173
5719742.975289,44,7943.151207
2615814.196504,250,7947.918979
2645916.283439,250,7952.771982
3263643.730289,250,7957.551625
6199986.600926,83,7959.104965
2896627.933019,250,7963.882301
2611110.176452,250,7968.689358
5427880.432945,37,7969.398779
5457445.676151,33,7970.037452
2597036.880196,250,7974.698021
5427803.355342,33,7975.326812
5459948.013894,34,7975.948046
7333513.090058,138,7978.672285
3083134.730476,250,7983.545825
3049130.563223,250,7988.400239
2693169.320165,250,7993.270018
2444089.035891,250,7998.149153
1775383.479787,250,8003.0964
1710675.876424,250,8007.922019
6538463.169403,118,8010.200446
5443491.921035,34,8010.879396
5457533.189903,28,8011.451443
1826201.67025,250,8016.391654
5926698.712216,68,8017.726279
2527320.02635,250,8022.570037
7924628.150034,203,8026.53693
2193590.957899,250,8031.522989
5630781.207374,38,8032.285074
2573399.528595,250,8037.186268
1786215.62078,250,8042.089062
2042955.452833,250,8047.01861
2412184.630724,250,8051.866382
2077713.942165,250,8056.80856
2299011.049933,250,8061.768134
5857293.001236,52,8062.816084
2628044.918228,250,8067.724555
2442279.804035,250,8072.591743
6384032.6649,85,8074.227329
7326093.463659,136,8076.870288
2016582.600669,250,8081.740037
6160080.098899,81,8083.318828
1503532.324273,250,8088.177978
1504573.991543,250,8093.134144
5494196.682801,44,8094.007655
6508594.247474,128,8096.448088
2483119.269584,250,8101.155064
2659958.869831,250,8105.978941
2529459.46448,250,8110.786874
2599787.396983,250,8115.529571
5573641.26401,50,8116.506922
5417033.722568,27,8117.026613
5559178.001056,40,8117.778153
5786509.741267,49,8118.716793
2339945.61515,250,8123.477942
5506675.95623,50,8124.44178
2236995.403328,250,8129.170785
1594535.095411,250,8133.940531
2812689.242906,250,8138.650323
1674772.241681,250,8143.389955
2265492.727236,250,8148.21436
1527233.806013,250,8153.018333
2691956.757713,250,8157.822367
3157717.552511,250,8162.539286
1937867.120489,250,8167.296704
5484090.172763,37,8167.99703
1686002.023735,250,8172.760669
3912212.15877,250,8177.581402
1584538.551842,250,8182.405746
5909554.614849,60,8183.511679
2505620.409784,250,8188.155904
2791300.165543,250,8192.935553
5422472.723422,25,8193.399474
1560041.236908,250,8198.269693
2860587.314983,250,8203.018979
1372399.048207,250,8273.469796
6258767.550216,84,8275.170883
1903011.023238,250,8280.078914
2785917.607646,250,8284.92775
1851885.665432,250,8289.90862
2118116.229787,250,8294.805586
5487122.945306,31,8295.397332
1711455.913936,250,8300.246598
2418144.531494,250,8305.165032
2863620.659783,250,8310.125513
5457516.480977,31,8310.724623
2369753.548554,250,8315.68237
2519495.371701,250,8320.584911
5938977.375582,58,8321.759462
1996997.597908,250,8326.701972
2409191.714415,250,8331.60018
5873984.407715,55,8332.681211
2551184.730798,250,8337.561256
5743681.92894,50,8338.528955
2021018.667624,250,8343.315953
2150196.005259,250,8348.063854
2533023.262319,250,8352.911121
1800000.133611,250,8357.700768
2410967.727784,250,8362.516016
3515705.07603,250,8367.298387
1725149.993213,250,8372.120102
2764472.526823,250,8376.885643
2675545.897188,250,8381.749154
1649134.194656,250,8386.540467
6338372.986264,78,8388.063348
2333596.051557,250,8392.872337
5745680.345972,42,8393.67319
5813421.667842,58,8394.788436
2621367.130443,250,8399.601722
5674745.417915,47,8400.501663
2630837.936894,250,8405.199114
1899124.131109,250,8409.945937
2005769.402787,250,8414.786633
5670023.404829,51,8415.73789
5475172.920002,30,8416.335303
1410238.378307,250,8420.9798
2413852.113154,250,8425.822181
1939634.803324,250,8430.560365
3027921.068568,250,8435.389623
5472185.199927,34,8436.044801
2473736.278306,250,8440.899014
5470124.535545,33,8441.52785
5440762.162886,30,8442.096963
1773088.813197,250,8446.880094
5595359.579868,43,8447.674124
2333397.836313,250,8452.422317
-109380.409675,10,8452.611295
2188402.707197,250,8457.543191
5540067.258454,37,8458.274949
2484828.656879,250,8463.174927
5486602.700706,31,8463.779417
5598285.654481,37,8464.516892
5556303.506668,34,8465.192472
5688237.586532,51,8466.193619
3017504.481519,250,8471.154807
1605491.586797,250,8476.104652
1572953.778592,250,8480.866348
1655114.315781,250,8485.816274
2792828.687161,250,8490.744127
5647891.970022,51,8491.74845
5689449.055305,48,8492.661847
2313676.845832,250,8497.582914
1682305.687273,250,8502.481822
5577934.079157,49,8503.445702
5576497.644493,44,8504.320199
2290274.754662,250,8509.198797
1640395.636518,250,8514.158588
1475167.246303,250,8519.15597
2600293.310391,250,8524.02228
2310588.904938,250,8528.962107
1680267.561388,250,8533.884479
3018274.4038,250,8538.77961
1862456.782321,250,8543.680971
6077442.459303,90,8545.474852
2019989.226005,250,8550.479782
3148029.005873,250,8555.329015
1874996.681715,250,8560.170092
5595502.884152,38,8560.919706
2507495.831876,250,8565.842565
5934855.552254,62,8567.048533
2484745.699899,250,8571.924532
2435762.784387,250,8576.804269
2458207.332121,250,8581.649995
5628581.236946,39,8582.404362
2496981.573647,250,8587.11118
5469858.552916,29,8587.660281
3991699.254751,250,8592.460767
5428259.080518,27,8592.986769
5574359.158986,40,8593.725389
5508896.41562,33,8594.412206
3194957.692092,250,8599.26627
5657191.357675,39,8600.003542
2912754.776968,250,8604.819152
1434840.364203,250,8609.583058
5479580.120484,38,8610.333335
5488652.344171,39,8611.085182
5460512.288504,31,8611.698078
5426462.755072,36,8612.402236
5654978.614791,43,8613.235456
2153352.34263,250,8617.887575
5428559.570125,29,8618.411602
6390394.105748,78,8619.86892
2468987.47193,250,8624.63179
1966811.554379,250,8629.432361
1583831.102355,250,8634.251298
6142476.542369,65,8635.495771
1983068.490355,250,8640.311306
2794259.692831,250,8645.168356
5452164.444445,31,8645.74887
2508748.557147,250,8650.444367
5546874.997751,34,8651.103745
2928820.837932,250,8655.841073
2648326.864274,250,8660.560625
2496857.348317,250,8665.343147
5428385.138823,31,8665.949302
5436819.814801,35,8666.617877
1628128.448676,250,8671.43909
2361070.64669,250,8676.10865
2430535.744379,250,8680.862212
1699993.750829,250,8685.591623
2899457.071174,250,8690.264834
5456589.357498,30,8690.854544
2585038.93126,250,8695.625634
5454791.266127,28,8696.178097
1970759.280629,250,8701.117524
2237477.341903,250,8706.016291
2281129.729708,250,8710.939229
2354813.917177,250,8715.869395
5625129.578134,39,8716.642685
5546242.814397,45,8717.556457
2109835.059727,250,8722.530116
1333199.044867,250,8727.505759
2355462.517535,250,8732.438718
5478898.203826,37,8733.182671
5844316.24879,52,8734.219574
2307716.244188,250,8739.084548
5771863.911479,52,8740.110468
2675789.448315,250,8745.067048
1717505.71388,250,8750.044021
4118354.992946,250,8754.948626
5634717.311626,43,8755.796751
5795860.096442,52,8756.821207
2237100.289054,250,8761.841984
5599010.953189,47,8762.765129
5430729.045186,26,8763.285876
1891491.219887,250,8768.15362
3068960.172518,250,8773.042707
1526683.274734,250,8778.031201
5452513.901326,33,8778.6641
5992378.598032,68,8780.028382
3785083.474831,250,8784.959339
2557998.44318,250,8789.986723
5459423.735732,35,8790.675897
5504053.869949,31,8791.311843
5864499.000335,51,8792.340575
5813729.356898,49,8793.302
1923989.13388,250,8798.255714
5623835.721038,48,8799.190531
2466802.504921,250,8804.140133
2447791.027573,250,8809.076836
5637257.974071,51,8810.084776
5455352.484805,29,8810.664899
6158108.721943,72,8812.06839
5451178.640444,27,8812.614551
5955271.688174,62,8813.822482
1710302.176193,250,8818.643191
2368719.166053,250,8823.489325
2549375.211534,250,8828.274817
5510034.599808,31,8828.869419
5435273.538005,28,8829.414962
6563483.469545,90,8831.144754
6047311.086084,143,8833.888359
2968578.471706,250,8838.678149
5564500.053118,41,8839.459794
2348769.094298,250,8844.207823
1641239.074671,250,8849.032447
6347946.605749,83,8850.655963
5562160.860621,43,8851.496372
5454004.261493,30,8852.086831
1575431.721238,250,8856.876884
5470915.864234,40,8857.64659
5421932.458721,29,8858.200433
5469513.165599,31,8858.810538
2043656.458189,250,8863.648919
5484630.743092,38,8864.375682
2834451.998345,250,8869.155015
2343010.972642,250,8873.901761
5451363.329168,32,8874.485146
2490164.707533,250,8879.196339
1985875.749447,250,8884.034425
1627116.393575,250,8888.802268
2897103.709905,250,8893.690949
3366148.035177,250,8898.500921
1983422.223791,250,8903.362172
1606719.949107,250,8908.093545
5887149.513284,51,8909.059211
2592432.378501,250,8913.92951
1898581.509753,250,8918.677294
5456270.131451,27,8919.197169
5462940.919957,41,8919.996687
5451679.269321,32,8920.6106
5445881.073494,38,8921.343952
5409680.402152,34,8922.000725
1816989.888397,250,8926.751892
2293984.536651,250,8931.608107
5635605.554257,42,8932.392107
5454043.292577,35,8933.041147
5801737.358931,50,8933.976962
5486074.375304,45,8934.843368
1876562.509675,250,8939.677864
5437315.933322,30,8940.29952
5440841.983935,39,8941.082856
1742019.164087,250,8945.942615
5453805.551357,28,8946.482063
5522636.08792,31,8947.069912
5594597.38196,40,8947.846298
2249617.314193,250,8952.706947
5428578.964458,32,8953.326437
1747130.225859,250,8958.271856
1541262.638319,250,8963.175821
5449268.219793,32,8963.809393
5434765.227134,29,8964.381617
2935814.670644,250,8969.341336
5436248.270987,28,8969.915091
1694257.147428,250,8974.913412
5462998.635886,36,8975.621158
5523456.445244,44,8976.511311
2614014.448516,250,8981.429678
1559474.344761,250,8986.434117
5417120.386747,29,8987.007428
1728771.113327,250,8991.949715
5627531.673771,47,8992.874516
1374212.64914,250,8997.753644
1574870.169826,250,9002.694186
1717202.182818,250,9007.590132
2557060.240298,250,9012.425919
5511927.911144,36,9013.165242
5671335.075046,46,9014.060952
1637999.265248,250,9018.960865
5488584.465733,33,9019.61166
5924765.183442,68,9020.903463
5562306.342736,46,9021.806078
1964424.373544,250,9026.696481
5426916.601333,30,9027.279958
5438688.989109,38,9028.011879
1342222.763059,250,9032.991846
5572173.44656,35,9033.684231
3042674.937678,250,9038.642542
1912045.764203,250,9043.569821
2382126.099232,250,9048.567122
1733459.466423,250,9053.492997
5469202.249748,34,9054.194541
5567091.421337,41,9055.01613
5461998.954876,33,9055.655562
2151598.437145,250,9060.490873
5616220.379527,46,9061.361204
5431048.316817,28,9061.903718
5423652.719692,27,9062.413926
1626063.547725,250,9067.226213
5437772.280482,37,9067.88346
5747963.766353,57,9068.954223
1828643.599195,250,9073.763099
1633459.401448,250,9078.67415
5474030.630314,35,9079.350809
2440521.970222,250,9084.172453
5665655.016593,45,9085.034746
5463547.729314,32,9085.653248
5739019.780219,53,9086.634234
2144384.612657,250,9091.421108
6480406.077027,116,9093.593203
2433976.577544,250,9098.44706
5793502.677997,59,9099.611195
2617617.107165,250,9104.418155
5464102.806723,33,9105.072498
2331181.087362,250,9109.878902
1908195.727684,250,9114.671381
5457559.934084,31,9115.282723
5572238.533304,49,9116.210369
2374676.584447,250,9121.092235
2724696.03608,250,9125.904317
5486290.609807,31,9126.487396
5434167.893583,33,9127.104502
7338239.665059,133,9129.641867
5463382.428832,27,9130.129742
6293414.161879,89,9131.820152
5417302.138621,30,9132.388642
5430181.312095,27,9132.899409
2585844.795882,250,9137.739272
5460650.04189,36,9138.444701
1617616.04403,250,9143.265874
3509625.043307,250,9147.996963
2697819.700444,250,9152.845949
5449949.70512,28,9153.3785
1748527.51082,250,9158.251175
5592755.649008,45,9159.134375
2342799.616724,250,9164.0055
5670561.169699,40,9164.790843
5418771.514213,33,9165.430772
2608573.135368,250,9170.248435
2224000.503611,250,9175.041236
5578417.576176,41,9175.86539
2322395.164056,250,9180.751276
5451519.338905,29,9181.325277
2885332.784017,250,9186.248367
1735856.173963,250,9191.235415
5483882.016212,39,9192.02467
5466610.582996,31,9192.649019
1570308.722247,250,9197.579107
5488425.387688,37,9198.304898
5501406.941532,33,9198.957421
3601490.706339,250,9203.905465
5433177.558167,30,9204.481969
5584276.826493,49,9205.440343
5455269.138555,29,9206.00204
2037882.721285,250,9210.975273
5511924.504126,39,9211.723655
5507910.81054,37,9212.46313
2404298.551398,250,9217.373197
5791830.211349,53,9218.401227
5455864.349389,27,9218.921061
775013.895251,250,9223.858459
2805741.489794,250,9228.902892
5567299.519754,44,9229.778059
2225127.743623,250,9234.68209
5734060.329064,45,9235.54779
2167097.517189,250,9240.478954
1301080.459894,250,9310.837246
5427583.177704,30,9311.409781
1732967.354976,250,9316.158352
1448112.749691,250,9320.951939
1651120.366159,250,9325.826333
5490005.236144,30,9326.403512
2911781.356401,250,9331.162025
1816207.491968,250,9335.938988
1881769.196314,250,9340.721747
7301144.177194,142,9343.352303
2950539.238915,250,9348.068021
5806936.50969,46,9348.943817
5959815.849675,63,9350.154634
5618005.580422,39,9350.918186
5558948.675499,35,9351.605331
5490767.47052,37,9352.339152
5864546.286944,50,9353.325599
2568063.131842,250,9358.136101
1759916.945565,250,9362.904057
2658990.591413,250,9367.78261
1517805.260478,250,9372.609556
2452437.182429,250,9377.277844
5457859.293556,30,9377.847917
5490092.860323,36,9378.516272
2843756.855379,250,9383.379082
1795134.739121,250,9388.194721
3031901.467602,250,9392.99565
2664562.213266,250,9397.906663
5514236.49928,32,9398.526723
5459660.304543,31,9399.13482
6266886.124867,73,9400.54756
2771145.464242,250,9405.239551
5440226.775041,33,9405.857209
5512997.416681,30,9406.403364
2629408.169278,250,9411.123578
2885263.410753,250,9415.952842
2743311.077186,250,9420.896652
2572017.484855,250,9425.784701
5531222.44016,33,9426.432114
2987360.482689,250,9431.329843
5458303.710297,32,9431.968811
6042075.47343,61,9433.128503
2411458.144305,250,9437.972282
2753359.106539,250,9442.930964
5430151.035141,32,9443.539215
1785329.567763,250,9448.445485
5436041.332208,36,9449.15354
5477049.567218,33,9449.806608
2267891.315989,250,9454.705479
5548580.885937,35,9455.403758
1800371.635346,250,9460.328495
2537116.474499,250,9465.285124
5499330.572013,32,9465.916627
5475638.466126,33,9466.562063
2098027.596809,250,9471.533835
2374414.292944,250,9476.500936
2490243.690885,250,9481.463552
5425232.003334,37,9482.203928
5435468.159817,28,9482.753619
5442828.749511,31,9483.363512
3061726.77449,250,9488.329666
5485416.398771,35,9489.028673
1514425.278744,250,9493.954844
1933662.970601,250,9498.81054
5437846.013353,29,9499.390389
2686126.610086,250,9504.283262
2996766.226321,250,9509.163347
5448385.152946,38,9509.915836
5436160.22763,33,9510.554458
2322949.995133,250,9515.433145
1432084.3009,250,9520.356486
5431580.219394,27,9520.893775
2605604.694525,250,9525.758029
2384300.322385,250,9530.658745
5423791.179063,34,9531.303875
2756361.241663,250,9536.284029
5517068.83168,43,9537.111176
5462805.423455,28,9537.681482
5436158.745801,35,9538.373011
2677201.541494,250,9543.06801
2566607.093754,250,9547.841451
5443637.556656,30,9548.424034
2081230.882042,250,9553.311253
2166123.286971,250,9558.099855
5426054.572725,27,9558.639376
2610237.687542,250,9563.377512
2190613.990257,250,9568.206504
2218279.992815,250,9572.923128
1811249.179774,250,9577.705812
2118513.853619,250,9582.525388
5915449.55217,70,9583.882867
1763250.56438,250,9588.669695
5523295.152771,39,9589.400813
5430207.374652,30,9589.959292
2915228.410627,250,9594.765666
1862544.822849,250,9599.529065
5495476.276356,37,9600.215737
5481173.49624,41,9601.024674
2209442.36216,250,9605.790881
5429823.845233,27,9606.281913
5432835.991119,30,9606.840978
5460027.377924,34,9607.491205
1678028.818893,250,9612.301861
5454440.697195,35,9612.970301
2072691.315946,250,9617.681997
5471853.589899,36,9618.347855
5871189.543428,64,9619.575152
5633991.124481,42,9620.356938
5501118.810983,35,9621.056201
5530763.933192,38,9621.794653
1684604.929423,250,9626.592275
5661981.341521,38,9627.348412
5607431.645132,40,9628.133639
5443166.962243,27,9628.633123
2345086.297354,250,9633.277521
2345695.08316,250,9638.150704
1669347.218765,250,9642.924668
1744294.541267,250,9647.674237
5459005.015339,28,9648.181757
5464926.603012,34,9648.819561
3213468.369141,250,9653.5645
5782475.069604,45,9654.447528
2370696.656747,250,9659.337153
1811411.320999,250,9664.275898
3591475.790345,250,9669.163406
2583851.397182,250,9674.096985
2254833.043683,250,9678.95867
2481904.553435,250,9683.847145
2880255.131506,250,9688.776875
5415450.920992,26,9689.289939
2357627.698102,250,9694.225426
5455450.559598,30,9694.810919
5449760.176089,31,9695.41143
2763182.432714,250,9700.347278
5449733.519682,32,9700.976469
5468494.245738,35,9701.669029
5437079.30908,33,9702.330126
2734419.366041,250,9707.226342
2593070.412872,250,9712.029529
5407003.895299,31,9712.657997
5804609.811571,64,9713.918987
5846681.577879,58,9715.061276
2688849.026814,250,9720.029268
2338863.532734,250,9724.934335
5447600.023778,36,9725.666345
3166714.472617,250,9730.604825
5453023.477743,24,9731.08402
5442675.309913,27,9731.628583
5418605.855716,31,9732.244724
1586136.082537,250,9737.185996
2340000.929351,250,9742.124799
5443334.315692,29,9742.712987
2909999.266489,250,9747.585467
5662609.92756,44,9748.468572
2495606.20494,250,9753.394777
5439314.828817,35,9754.117415
5453920.16763,30,9754.709344
2774134.571664,250,9759.568681
2559941.380738,250,9764.556975
1590857.373781,250,9769.490769
2725533.447316,250,9774.484404
-108895.746824,8,9774.629691
1517843.397093,250,9779.535677
5526066.761708,39,9780.295162
1938458.816438,250,9785.130237
5444830.341568,34,9785.799724
5739989.138651,56,9786.873842
5433075.305634,27,9787.417182
5556725.621036,48,9788.350166
1780693.783621,250,9793.129796
2324963.832932,250,9797.964931
5458050.211814,28,9798.478492
5468493.406661,39,9799.208318
2558602.971884,250,9804.011652
5484326.890647,32,9804.642943
2084761.36238,250,9809.528458
5453325.221382,27,9810.057982
5556014.123077,37,9810.76036
2928028.63889,250,9815.561003
6671705.547991,95,9817.347204
2811269.825551,250,9822.138936
5434154.860434,29,9822.707115
2740882.659062,250,9827.494896
5470899.838786,32,9828.126518
5436010.616105,36,9828.81484
2303677.495371,250,9833.550363
5442285.255971,33,9834.20078
1745795.432624,250,9838.97824
2673780.436478,250,9843.672684
5479125.516037,31,9844.283249
1588968.477243,250,9849.114118
5508748.454369,36,9849.815901
5783686.789768,53,9850.865178
5441214.557432,26,9851.352607
1432086.970374,250,9856.071268
3033868.099808,250,9860.805054
5442910.027099,38,9861.515782
5465708.313476,29,9862.080835
1849689.931668,250,9866.923277
5811409.829629,48,9867.849605
5489738.603258,37,9868.546139
1795544.554712,250,9873.308268
1962014.529803,250,9878.05055
5824631.43542,45,9878.922355
2903909.332546,250,9883.688562
5528957.046648,37,9884.372812
5456615.469159,43,9885.211076
2343153.588581,250,9889.924721
1748391.24232,250,9894.659681
5444099.632177,27,9895.211004
3090118.629772,250,9900.176814
5456840.593492,28,9900.717011
5449350.920963,28,9901.247884
1135634.036741,250,9906.239707
2389089.789795,250,9911.187176
2448588.766351,250,9916.242327
2144318.247976,250,9921.140338
5459494.0711,30,9921.719201
2580597.074019,250,9926.597799
5794957.500665,59,9927.759947
5507807.942868,38,9928.498055
5428613.605289,32,9929.138872
2410752.12586,250,9934.05744
2310607.323138,250,9939.023672
2472061.899134,250,9943.992051
1740093.926996,250,9948.882059
5451095.041964,30,9949.45436
1920722.511955,250,9954.329798
6448500.913324,88,9956.069404
2491832.296971,250,9960.98299
2091109.476252,250,9965.845448
5800907.064468,54,9966.917252
1540712.554457,250,9971.883857
5429432.579824,31,9972.506139
2135955.508261,250,9977.4764
1753453.728788,250,9982.341661
5568799.362347,42,9983.15347
5444140.0562,41,9983.955784
2617228.460597,250,9988.899443
5474714.090102,39,9989.644826
5441808.334522,32,9990.291692
3022048.328282,250,9995.283831
5484439.982363,34,9995.944419
1300791.487082,250,10000.895204
5508942.753051,34,10001.582623
5480013.498347,40,10002.365392
2734859.688283,250,10007.315301
2163663.520866,250,10012.17914
5437892.579474,29,10012.770999
5441255.666301,32,10013.404161
2585491.445881,250,10018.230834
5435687.823675,25,10018.706837
2535651.119031,250,10023.546976
2204743.793991,250,10028.304188
5440716.809874,27,10028.815148
1845636.668824,250,10033.616349
2667486.367445,250,10038.492704
5455346.308006,29,10039.045069
5472279.799012,41,10039.83585
2300412.149734,250,10044.702324
5462137.478141,36,10045.392172
5453430.054167,33,10046.051621
5551658.299185,35,10046.716721
5435632.344837,35,10047.398079
2422613.587973,250,10052.266342
5521925.065187,37,10052.976017
1962255.287581,250,10057.83945
5754888.425025,51,10058.816396
3774740.63939,250,10063.64855
5479160.875851,34,10064.301666
3050136.231877,250,10069.160148
1408073.536654,250,10073.981801
1826632.543922,250,10078.781682
5448923.477186,33,10079.404231
2446826.327529,250,10084.193392
2482087.050605,250,10088.928241
5473433.60108,32,10089.528985
5446003.027596,32,10090.12695
1823648.213476,250,10095.000822
2091244.888494,250,10099.823557
2410416.51807,250,10104.617524
2004234.900491,250,10109.360614
5574577.317261,45,10110.224418
1679666.217153,250,10114.985771
5456666.764927,30,10115.567363
5564090.545649,42,10116.413402
5441509.853299,34,10117.081234
2687244.045823,250,10121.841007
2619493.633936,250,10126.643411
1574117.660403,250,10131.386631
2923894.969178,250,10136.191104
5415760.943649,28,10136.733655
1678532.65848,250,10141.682266
5443137.435386,29,10142.262869
1541878.656242,250,10147.128021
1774316.891397,250,10152.062217
2143963.621462,250,10157.012495
5639110.869497,43,10157.877594
5432743.087406,27,10158.413323
5471495.095248,38,10159.154517
5419088.824101,31,10159.767539
2158687.378961,250,10164.72487
3753577.326619,250,10169.695347
2842133.641749,250,10174.649561
5429116.200556,27,10175.191361
2843154.903797,250,10180.059428
5555650.79495,36,10180.77012
5486434.889976,34,10181.458191
1723468.838862,250,10186.345827
2391716.590717,250,10191.254908
5455902.679113,32,10191.863064
2404342.645805,250,10196.6537
5469973.549333,40,10197.451615
5515550.588195,31,10198.071082
1751733.763144,250,10202.960411
6386205.200943,77,10204.462303
5449487.119783,34,10205.127081
5443671.25895,30,10205.725682
1970553.470613,250,10210.519363
2710705.883704,250,10215.360539
5451588.535789,30,10215.960129
2194664.507817,250,10220.885603
1783322.941034,250,10225.847043
2086552.165789,250,10230.75268
5549333.121455,34,10231.419346
5422246.163883,25,10231.896503
5440418.059277,29,10232.486075
5762550.672778,48,10233.435828
6036765.348041,59,10234.589725
1755102.600396,250,10239.5235
1865399.551319,250,10244.4561
5429739.171329,36,10245.167574
5470293.933813,28,10245.718842
5482003.725735,37,10246.464957
5439189.257674,33,10247.12672
2343421.327531,250,10252.042228
2904504.047411,250,10256.972214
5449113.226719,27,10257.494606
6313160.60119,97,10259.417902
5632039.796051,52,10260.413076
5531891.424146,35,10261.083253
5430152.850094,28,10261.642365
5461738.69238,29,10262.203238
2165552.018031,250,10267.028505
6054883.274299,71,10268.362481
5496263.912557,38,10269.08969
5414511.073121,26,10269.586005
2445881.165296,250,10274.343492
2683002.372689,250,10279.237114
3007905.970294,250,10347.343163
5444388.688935,27,10347.867166
5442567.359798,25,10348.324715
5423486.871664,27,10348.830956
5442005.565544,31,10349.420345
2476358.66298,250,10354.107434
5436964.028413,24,10354.605863
5882440.704435,51,10355.617074
5439935.009022,34,10356.292489
5450976.624,34,10356.963949
5431849.205577,26,10357.453345
5431541.195102,27,10357.973299
2941456.488298,250,10362.733591
5444925.415946,33,10363.350325
5432519.090581,31,10363.935401
2645768.083183,250,10368.70809
5459781.48315,40,10369.463794
2379942.383087,250,10374.218497
5419012.75769,33,10374.84916
5565328.550403,42,10375.661983
5688792.155381,45,10376.499194
6154818.204026,77,10378.026885
5441208.772071,28,10378.6518
1680837.456142,250,10383.58592
1503903.837981,250,10388.52772
1884984.072584,250,10393.452364
5443896.913302,40,10394.223891
1930234.700088,250,10399.130294
5731300.255946,44,10399.995847
1512513.759129,250,10404.993546
2334134.374436,250,10409.901695
5468398.328158,29,10410.461557
5470999.569367,35,10411.154414
5444480.348475,37,10411.906956
2150016.169958,250,10416.814403
2997041.273044,250,10421.783411
5446418.200383,33,10422.442031
2660427.984098,250,10427.336488
2834280.698689,250,10432.211602
5446135.003729,31,10432.829891
5463046.901085,28,10433.373083
5934932.708698,65,10434.676351
2656590.600664,250,10439.594144
5722968.041596,49,10440.558376
1772279.612619,250,10445.508884
5542252.639054,36,10446.238826
5610572.791194,38,10446.990698
5449749.111191,38,10447.754026
5457461.812393,31,10448.366216
2446138.168757,250,10453.295972
1699938.368666,250,10458.188366
1772732.910668,250,10463.088522
5463477.393382,35,10463.800805
5617810.858519,51,10464.794957
5620719.096655,57,10465.922701
5469991.821251,27,10466.461968
5485779.570635,33,10467.064963
3034293.532588,250,10472.011205
1890356.651633,250,10476.966631
5420694.794256,27,10477.54071
5432533.9527,36,10478.259796
5448484.928813,35,10478.963521
5939762.35909,56,10480.079242
3028307.631036,250,10484.957068
5514200.158758,32,10485.554058
5603049.391053,40,10486.357372
5471814.115732,37,10487.070851
5449360.418835,33,10487.703353
5485856.797336,41,10488.511644
2364796.650947,250,10493.44106
1911322.003256,250,10498.346392
2835494.663729,250,10503.120619
1625411.285683,250,10507.905549
1741908.58844,250,10512.674442
5433530.862282,27,10513.16527
5544778.837505,48,10514.078378
5501904.478581,34,10514.710074
2192761.647174,250,10519.48538
5562525.224154,47,10520.358789
5440394.159153,26,10520.867102
1846181.962289,250,10525.699331
5710147.683876,48,10526.66586
5482712.309871,31,10527.27237
5434916.755564,30,10527.844269
5724789.250433,59,10528.979181
5438740.892236,40,10529.754057
5415724.995818,27,10530.299072
5463473.818878,36,10530.992818
5448633.597361,27,10531.527435
1859744.810124,250,10536.260129
2762478.930377,250,10541.138697
5460906.307793,37,10541.830307
5464403.94088,36,10542.517334
2571618.756573,250,10547.357641
5451965.155479,35,10548.068388
3152869.201064,250,10552.998878
1865176.288746,250,10557.776631
5434652.976324,25,10558.262671
5514000.17738,47,10559.157985
5493920.548156,33,10559.777972
3002671.755701,250,10564.519707
5432468.480458,36,10565.222069
5470218.0899,31,10565.800603
3224311.780456,250,10570.680432
5476385.472774,30,10571.25984
2014926.020166,250,10576.03818
7148783.15143,153,10578.970642
5522184.675899,33,10579.621662
5432556.303818,32,10580.238055
1823108.152767,250,10585.052899
2113383.275916,250,10589.819009
5472862.677326,37,10590.530283
1745186.144198,250,10595.354259
1946678.157084,250,10600.163023
1873078.046868,250,10604.941228
5466450.319717,35,10605.609586
2276099.614954,250,10610.40117
5447529.595369,30,10610.968108
1542139.89888,250,10615.757498
5764330.729105,61,10616.967805
2136333.390902,250,10621.771008
5441118.93217,31,10622.381518
6158687.544752,75,10623.810337
1755866.659694,250,10628.792316
5430355.340112,31,10629.413469
1803015.992462,250,10634.300299
2695814.719088,250,10639.17834
1411817.767971,250,10644.085816
5653235.115928,51,10645.105521
2585228.216144,250,10650.06473
5451111.351441,35,10650.761228
5458309.401723,34,10651.47701
2495158.352674,250,10656.390257
2936034.266606,250,10661.304391
5418546.243628,34,10661.987043
5448877.561646,30,10662.603056
5473340.538284,38,10663.350876
5439129.416164,31,10663.974536
5423001.771284,33,10664.618967
5457540.490712,27,10665.155063
6163558.194571,74,10666.617298
3134463.356727,250,10671.50353
1753357.50442,250,10676.488775
5426625.190692,28,10677.060912
5432781.522503,35,10677.721963
2927384.076742,250,10682.592753
2125074.419907,250,10687.471048
2577782.062432,250,10692.423471
3056720.487212,250,10697.322028
5487273.74765,30,10697.92242
5462957.661307,29,10698.497783
5435712.121429,27,10699.020829
5470242.452417,31,10699.59804
2315689.673578,250,10704.491279
5429521.688355,28,10705.051223
5479903.873317,31,10705.659953
6201393.936673,96,10707.540843
5450320.217853,33,10708.212571
5472734.53626,37,10708.974038
5468917.85583,28,10709.51317
5463813.966971,30,10710.103554
1814233.5379,250,10715.054683
5432679.323271,27,10715.575489
5422699.976807,30,10716.178106
5453334.820195,29,10716.753061
5626001.118048,41,10717.560506
5426289.540743,39,10718.322307
5457913.732387,28,10718.896946
5491532.770928,29,10719.462734
5687906.949107,51,10720.455495
5488657.583878,35,10721.136655
5524985.834275,36,10721.874636
1656602.029034,250,10726.769136
1731721.52841,250,10731.670849
5679959.140978,42,10732.499121
6119067.771483,85,10734.163335
5430844.843624,29,10734.760233
5814877.74787,54,10735.857738
5534165.954079,32,10736.443646
2126837.35904,250,10741.191744
3001126.650112,250,10746.004938
2470582.170462,250,10750.822066
1589359.704042,250,10755.601995
6263132.938708,84,10757.284807
5425415.557499,31,10757.898956
5484622.82146,37,10758.590466
2219258.56035,250,10763.262903
2950362.373031,250,10768.009351
2730031.563349,250,10772.793114
2785472.620584,250,10777.555371
5449770.761911,32,10778.164543
5491810.66767,30,10778.740807
3428017.73879,250,10783.645997
2840204.553286,250,10788.406889
2495112.436609,250,10793.155867
5429228.306914,27,10793.662886
5438507.08402,37,10794.398046
1717380.449335,250,10799.180476
5462476.372961,27,10799.688447
1460046.770397,250,10804.410906
5444175.531504,28,10804.942543
5445576.858435,31,10805.517
5444561.934455,34,10806.157254
1831894.847444,250,10810.930996
1998371.692891,250,10815.792409
5464521.440745,26,10816.261195
5655273.745663,47,10817.17535
5430556.524386,28,10817.693785
5588501.536165,39,10818.436172
5457968.42319,40,10819.177099
2353082.446651,250,10823.956764
1934379.377894,250,10828.708187
5434000.412836,25,10829.208849
5462953.476355,32,10829.818191
5469019.574882,39,10830.553447
5429591.931465,30,10831.132436
5427453.825387,38,10831.873337
5419862.640258,34,10832.51246
2965637.381137,250,10837.33849
5450347.428515,30,10837.905563
1717481.848837,250,10842.770572
5554065.287662,41,10843.529372
5456459.648709,38,10844.241464
5490605.233663,35,10844.911589
5544722.31295,38,10845.622933
5485530.052681,34,10846.272546
5448463.670933,29,10846.809851
5464257.551643,43,10847.623103
5499164.31289,31,10848.200177
5496914.225896,36,10848.860467
1875921.464686,250,10853.532016
5457892.034217,37,10854.239998
2423580.736784,250,10859.086071
5801180.427766,48,10860.036497
5682623.837369,41,10860.843544
2299696.70925,250,10865.788671
2364772.652929,250,10870.821876
5930928.041401,57,10871.948639
5468990.452852,40,10872.674742
2652185.617486,250,10877.332951
5413784.966368,37,10878.04259
5429803.10516,42,10878.861821
5683511.556876,48,10879.810317
5682609.790296,41,10880.58684
1776851.699121,250,10885.488595
5418231.148691,29,10886.04933
5449817.530345,33,10886.701157
5478942.624118,42,10887.530008
1793283.347638,250,10892.455553
5492430.23055,28,10893.017426
1495078.458743,250,10897.894318
5810327.055797,44,10898.785704
5460674.411832,34,10899.45507
5449733.695564,33,10900.112883
5448273.951754,30,10900.708809
1981384.401425,250,10905.670624
5422582.225437,24,10906.139324
5446833.700802,32,10906.756758
6045305.552884,66,10908.047184
2704025.319665,250,10912.936806
5471568.399359,32,10913.584744
5602846.274797,48,10914.556681
5513430.348465,33,10915.209831
5430523.662282,29,10915.794418
5463694.244942,29,10916.37202
5431433.944452,33,10917.016171
5451139.926864,39,10917.798848
1416985.081588,250,10922.713387
5474537.543518,30,10923.31698
2383735.01992,250,10928.263129
5548482.833129,41,10929.083038
5435813.384294,28,10929.629069
1634528.341566,250,10934.57047
5469316.389685,31,10935.171546
5468844.188842,29,10935.746988
2048346.03681,250,10940.592804
3217858.918279,250,10945.544184
5446440.709017,32,10946.187606
2786615.988506,250,10951.111626
5461515.401532,28,10951.686599
1554237.68063,250,10956.618944
5502007.11487,32,10957.239825
2107764.826114,250,10962.128429
5540477.765652,36,10962.833653
5424718.795368,34,10963.507107
1757200.129201,250,10968.40557
2352386.463483,250,10973.116383
5529720.747047,43,10973.95421
1661333.836113,250,10978.849108
5448415.848298,39,10979.591924
5454880.980991,34,10980.251424
1672505.239845,250,10984.978563
5479191.84671,30,10985.548678
5613060.215302,43,10986.373489
5432330.489109,31,10986.995328
5609078.237082,40,10987.758373
3161240.969613,250,10992.508893
1966440.369913,250,10997.351897
5465783.297872,34,10998.005401
5431290.79227,28,10998.548206
5445818.062491,27,10999.054688
1741289.46799,250,11003.854886
5481843.426393,34,11004.52302
5438098.328634,36,11005.200058
2438714.573023,250,11010.010251
5947672.663201,54,11011.063797
661323.624987,250,11015.773998
2392652.369189,250,11020.427765
2668810.389686,250,11025.205787
5469466.176105,29,11025.744434
5489117.490598,35,11026.446634
5459280.811269,29,11026.995856
5446035.268193,30,11027.571954
5483910.3513,39,11028.331349
1808295.819045,250,11033.044167
5477948.052203,30,11033.628258
5442947.889246,32,11034.263833
5598613.781957,37,11034.9691
2396956.475151,250,11039.800757
5440926.856278,30,11040.382182
5419704.954118,29,11040.950453
1981397.489879,250,11045.687948
5432589.69862,35,11046.332712
1719701.996371,250,11050.99643
5463564.637801,29,11051.527798
5772533.034662,46,11052.396881
5464023.545776,32,11053.005617
2004976.917071,250,11057.783763
5458374.674801,28,11058.322743
5482175.057673,34,11058.952993
5530124.092608,40,11059.680646
5449016.04984,33,11060.294674
5457237.932113,32,11060.878883
3905373.271455,250,11065.639838
1965379.403789,250,11070.455947
1990264.222013,250,11075.289815
5466114.727378,38,11076.021422
5450005.647662,33,11076.677235
5433746.673885,36,11077.326702
5421606.605324,25,11077.817111
2057940.834251,250,11082.650747
5597093.833971,35,11083.332091
5464936.13471,29,11083.922137
5480220.052617,36,11084.643377
5527710.751192,40,11085.426745
5478366.430688,30,11086.00526
5431747.7205,42,11086.830824
5436095.741841,32,11087.428556
2355388.242468,250,11092.24286
5469929.533898,32,11092.843207
5426871.464318,27,11093.353551
5476562.559496,32,11093.956148
5818691.960092,51,11094.922206
2241687.956827,250,11099.858882
5527599.54288,38,11100.626234
1494315.086303,250,11105.487339
5431774.944426,26,11106.020018
5503068.329298,37,11106.746046
1875248.509517,250,11111.623945
5442808.186093,29,11112.197592
5446556.522742,37,11112.925367
5468300.052148,33,11113.596264
2398959.735498,250,11118.454998
5414117.624133,25,11118.933441
5740739.302571,42,11119.73512
5464223.952194,29,11120.314691
5471509.859187,35,11120.983056
2888283.120676,250,11125.825517
5434461.658479,32,11126.463784
2336355.890968,250,11131.376182
1951466.534512,250,11136.267546
5427306.127421,35,11136.949278
1643733.487991,250,11141.820791
5452173.924103,33,11142.463822
2267284.794256,250,11147.394511
5432862.952476,34,11148.06143
5463197.075508,31,11148.666407
5457647.378822,29,11149.240684
5449639.223657,38,11149.970947
2661175.801088,250,11154.859796
5459523.16434,34,11155.518648
5418959.799344,32,11156.145466
5431825.81792,32,11156.776254
5997024.80067,70,11158.170074
5444040.229048,33,11158.832033
5459264.695153,34,11159.522604
5451007.012312,28,11160.097785
2285664.709592,250,11165.051222
5497306.953627,40,11165.85496
5427835.717893,27,11166.386306
5420808.870904,30,11166.949945
2694949.138056,250,11171.803206
5565167.197551,36,11172.526098
1726800.734115,250,11177.454177
5454326.071275,34,11178.108772
2315943.258597,250,11182.995162
5503790.638458,30,11183.584773
1620154.568571,250,11188.538611
5457597.618873,40,11189.337927
5457536.085623,31,11189.947466
2281181.47634,250,11194.951267
1855412.494702,250,11199.871489
5499325.111968,38,11200.588601
2319610.163741,250,11205.559984
5438102.00263,32,11206.197927
5439490.727154,31,11206.844433
2422072.188234,250,11211.819756
5482160.75304,45,11212.722868
5433908.241877,29,11213.301526
5409562.267384,38,11214.060201
5421669.421695,38,11214.789016
1712701.526536,250,11219.69571
5418916.010017,35,11220.365646
5431320.822404,25,11220.845564
5472406.418405,36,11221.512964
5462931.597384,36,11222.192292
5426489.169049,33,11222.83079
1992288.683586,250,11227.516364
5833983.18241,55,11228.592082
5458460.926428,28,11229.123212
1680264.185378,250,11233.898237
5467755.849246,38,11234.652532
1915335.126702,250,11239.530461
6564261.568428,118,11241.813376
5682490.194709,50,11242.76533
2613776.79611,250,11247.499852
5422698.581403,27,11248.009282
5699703.115057,46,11248.902385
2271334.480236,250,11253.73705
1654370.722751,250,11258.480962
2714652.347005,250,11263.254976
5467497.19946,30,11263.842691
6073306.225811,75,11265.301035
5850768.869081,61,11266.459139
5471690.429578,28,11266.999968
2093228.851664,250,11271.740023
5476111.996951,34,11272.388847
5473904.083147,30,11272.987345
5458263.124633,32,11273.610302
6121713.324574,67,11274.903019
6246750.67203,81,11276.459866
1940557.138469,250,11281.275887
5683673.960699,52,11282.261078
5483171.459576,33,11282.88118
5435049.143895,35,11283.521456
5637271.24529,41,11284.27305
5436485.997367,36,11284.952988
5471082.634364,36,11285.605793
5462768.046599,33,11286.253144
5435790.874354,29,11286.789214
5446975.804265,33,11287.429471
5593605.242565,37,11288.154089
5441224.339539,37,11288.823568
5957733.033314,68,11290.132635
1978204.215501,250,11294.954027
5563638.427819,48,11295.852404
2260783.025127,250,11300.755491
5486421.946213,40,11301.495958
5511015.913062,37,11302.170792
5502728.973135,29,11302.749262
1879062.715782,250,11307.55352
1717028.772023,250,11312.396103
5434298.568281,35,11313.066667
5436682.902812,32,11313.669478
5497392.959801,32,11364.915461
2079924.89265,250,11369.781701
2084528.204754,250,11374.708495
5469780.489436,33,11375.359097
2579789.037014,250,11380.304055
5467728.195591,30,11380.897156
2578660.435688,250,11385.80449
5461815.144844,31,11386.414624
5455297.931396,27,11386.951021
1844877.153577,250,11391.925327
5487659.039766,35,11392.648629
1885963.372615,250,11397.555406
5454932.498558,28,11398.099129
5471138.259468,36,11398.796038
5464020.88379,34,11399.476643
5423951.242864,26,11399.964573
5451745.159824,28,11400.521708
5500042.119044,33,11401.138881
1743225.019155,250,11406.048734
2610524.86807,250,11410.908103
5467354.345462,32,11411.532927
5508856.904492,45,11412.390819
1636801.494854,250,11417.293216
2202088.29018,250,11422.150923
5453726.814464,35,11422.854367
5495344.767309,31,11423.473751
5576110.55718,37,11424.197175
5436185.688544,32,11424.799488
1906384.744937,250,11429.758227
5446376.424505,36,11430.452643
5688447.493667,51,11431.434108
1834422.875119,250,11436.46273
5457577.253613,34,11437.143028
5440357.798843,42,11437.973839
2390073.008837,250,11442.767247
5615703.36713,44,11443.619229
5820866.22023,54,11444.658028
1841054.501174,250,11449.505823
2560374.69806,250,11454.419588
5455990.908869,33,11455.079459
1780247.687634,250,11459.849684
5459587.495077,26,11460.355744
5697297.147875,45,11461.190501
5466327.008167,32,11461.826008
1690879.283518,250,11466.525915
5451223.155401,31,11467.129395
5504213.34286,37,11467.8116
5795995.253974,57,11468.928701
1640970.944429,250,11473.655606
2515016.135746,250,11478.445254
5430100.214599,30,11479.012528
5462008.457422,29,11479.5961
5523745.452616,34,11480.236281
5448671.20039,41,11481.028801
5459538.965149,38,11481.779474
2575310.864583,250,11486.606095
5513569.875948,41,11487.385471
5492227.248535,33,11487.995048
5483794.130746,35,11488.669479
1642049.900374,250,11493.376387
5415121.432136,35,11494.045322
2448472.120769,250,11498.840186
5492523.507179,36,11499.505002
5476530.583225,36,11500.19537
5464681.307807,33,11500.826853
5452872.956323,38,11501.537574
5500443.434043,38,11502.268014
5486389.215248,32,11502.840428
1809852.208764,250,11507.54135
5421023.428081,30,11508.110034
5467949.446618,30,11508.66554
5428936.414232,36,11509.381414
5466086.337642,27,11509.859725
5451689.250931,33,11510.493832
1864479.25837,250,11515.251324
2569013.668609,250,11519.933766
1921095.257003,250,11524.705205
5432350.161131,48,11525.621614
5457709.111408,29,11526.186325
5416967.754087,34,11526.817217
5612709.437162,40,11527.552998
5496344.167439,44,11528.389603
5456180.388609,33,11529.044503
5463946.24993,39,11529.76831
5587044.425652,39,11530.52655
1983264.927592,250,11535.292757
5425736.070908,36,11535.973162
5447960.644937,27,11536.501977
1662603.35784,250,11541.261512
5480449.844469,42,11542.038104
5443495.890864,33,11542.669335
5477417.533417,34,11543.319528
5497704.786736,42,11544.081855
5464025.047409,33,11544.693018
2456488.70657,250,11549.424489
5484534.285366,35,11550.11388
5478851.467067,30,11550.687162
5414660.549759,31,11551.311341
5437065.031491,33,11551.926767
1908427.540459,250,11556.657324
5426418.647886,34,11557.298536
5490953.367808,44,11558.137673
5503229.67027,32,11558.739156
2359791.338374,250,11563.421188
5472237.115767,41,11564.215411
1749244.256889,250,11568.998332
5487635.371729,28,11569.55412
5464005.410303,38,11570.286009
1706532.970369,250,11575.102516
5466313.815469,29,11575.664473
5446838.071641,33,11576.299578
5455022.90728,40,11577.090393
5478179.868221,30,11577.66691
5429061.735048,33,11578.315163
5429920.340777,27,11578.840878
2334562.000635,250,11583.779087
5454130.077432,34,11584.447276
2235289.689837,250,11589.378627
5686768.337998,48,11590.347879
1962668.071102,250,11595.253768
5443372.709569,35,11595.923432
1705282.036581,250,11600.915206
5441646.931794,31,11601.526265
5461905.730554,32,11602.174949
5470037.227087,31,11602.797813
2036011.764433,250,11607.687898
5447554.758717,32,11608.341083
5425770.099428,32,11608.952432
2495401.137617,250,11613.848224
2454403.325927,250,11618.798486
5419972.444787,31,11619.400624
1821518.120029,250,11624.230783
2260107.056332,250,11629.240297
1746372.822606,250,11634.176546
5493753.768387,38,11634.946902
5459623.459386,29,11635.537789
2276130.64334,250,11640.361165
5447365.894792,42,11641.142754
1789463.481696,250,11646.07424
1693378.041362,250,11650.956908
5656427.266074,40,11651.726907
5460766.10507,37,11652.458981
2304829.041893,250,11657.414156
5435048.154389,32,11658.051858
2621873.71506,250,11663.079567
5459033.132387,28,11663.637166
5477942.763598,39,11664.420846
5516997.715889,38,11665.195631
6312955.997499,105,11667.303069
2359988.572822,250,11672.204196
5934067.921653,65,11673.49258
5452976.221747,34,11674.16815
5456374.800785,27,11674.693752
2375905.647982,250,11679.593536
1876870.539209,250,11684.519271
5496064.488073,36,11685.23374
2514719.274377,250,11690.163373
5704149.867933,50,11691.139564
1874468.276579,250,11696.150901
5418641.035514,42,11696.93235
5427788.399085,38,11697.633447
5441779.888305,28,11698.152829
5446458.017969,27,11698.685082
1609890.204446,250,11703.481153
2476806.820753,250,11708.23301
1912373.052453,250,11713.11304
5459925.471678,37,11713.827749
5476699.393291,39,11714.577787
5453788.941007,28,11715.100125
5607061.524133,43,11715.877516
2351284.774056,250,11720.640939
1760633.059754,250,11725.409521
5780616.421134,55,11726.488848
5451920.595516,29,11727.060644
1708429.126656,250,11731.855311
5449315.301568,28,11732.379816
5904571.088055,63,11733.579692
5442687.182869,37,11734.282826
5466594.98179,34,11734.917831
5431164.317562,27,11735.415648
5522282.925073,32,11736.067481
5434254.029846,33,11736.722904
5433227.767541,31,11737.255646
1736179.059946,250,11741.983226
5479387.48916,39,11742.705627
5535617.32438,38,11743.413823
1750108.075051,250,11748.124673
2551133.140995,250,11752.858213
5452835.890407,30,11753.448269
2026906.323496,250,11758.122716
5477721.096377,33,11758.755244
2007019.610467,250,11763.581586
5645857.995653,37,11764.273318
5448686.058634,36,11764.980631
5739184.044688,53,11765.979571
5438106.473477,31,11766.570987
5452251.512024,29,11767.117306
2511854.295838,250,11771.946557
5455917.005313,28,11772.480383
5424908.5563,31,11773.069299
2583246.88399,250,11777.731943
2417739.544545,250,11782.532539
5431774.915662,31,11783.122376
5497752.901015,43,11783.956406
2387858.407138,250,11788.699122
2655441.075885,250,11793.445548
5519979.571897,35,11794.128217
5423681.565321,35,11794.791802
5791612.875552,46,11795.652656
5424562.579865,36,11796.349965
5452314.656322,32,11796.927697
5427024.290623,30,11797.50796
1792670.442354,250,11802.180183
5483043.323756,35,11802.841065
5457542.829421,37,11803.54952
5445745.245491,27,11804.069579
2373858.826395,250,11808.762339
1501795.019813,250,11813.602267
2029149.994278,250,11818.447607
1684114.945461,250,11823.38704
5442101.352339,30,11823.962944
5702631.625109,45,11824.842089
2171006.010035,250,11829.797549
5463837.798247,37,11830.528725
2384062.94349,250,11835.405038
5466785.230651,31,11836.008622
5477029.985183,34,11836.683724
5437440.573342,36,11837.397208
5417408.554617,31,11837.990392
5453409.390512,36,11838.691345
5475168.331597,38,11839.443791
5468182.660784,42,11840.253289
5441519.037557,33,11840.902063
5478448.739318,46,11841.816294
5488996.134836,38,11842.549225
6903737.176178,129,11845.11336
2006543.805398,250,11850.014655
5477312.725294,32,11850.631552
5500739.062678,32,11851.262582
5472717.852248,29,11851.848574
2594982.0358,250,11856.66337
1887188.95031,250,11861.616422
2566259.704346,250,11866.481053
5420858.96154,31,11867.090274
6038540.709624,73,11868.493402
5446052.735591,33,11869.140988
1765135.274434,250,11874.064415
5620581.841222,46,11874.982061
5418583.288616,27,11875.524352
2831906.635083,250,11880.523698
2675725.290392,250,11885.290859
5480709.4636,35,11885.97033
-107087.722825,9,11886.145838
5434329.787679,27,11886.674212
5480695.162693,40,11887.469524
2302571.267113,250,11892.301311
5450683.444757,33,11892.968215
5505316.524285,39,11893.737595
5417662.273356,38,11894.507428
1744672.235807,250,11899.366294
5885134.090096,60,11900.552918
5456782.93551,30,11901.131313
5473660.730017,38,11901.892995
1768913.040118,250,11906.758185
5420080.863772,28,11907.297124
5460400.754404,29,11907.851334
2323120.07936,250,11912.749008
5503244.217933,42,11913.572291
2500222.909923,250,11918.483635
5600916.706292,54,11919.548017
5445053.946752,32,11920.19385
1672446.726101,250,11925.089347
5429254.658986,27,11925.608807
2579200.659148,250,11930.572264
1712823.86348,250,11935.541102
5486353.728766,31,11936.139325
5441120.600443,37,11936.866103
1743054.491386,250,11941.533211
5460791.947017,32,11942.150127
5444301.131101,39,11942.873697
1932732.654634,250,11947.748319
1676128.612396,250,11952.614952
2361708.708426,250,11957.429497
1584621.624265,250,11962.261754
5504299.910821,35,11962.940878
5449600.753663,34,11963.584863
5426518.287611,25,11964.079201
5523442.189128,30,11964.639791
5447188.392021,28,11965.191521
5432121.119477,41,11965.990999
5698963.274634,43,11966.814885
5417321.098112,31,11967.413526
1785747.717885,250,11972.222958
2297685.317871,250,11977.011227
1913602.781159,250,11981.766849
5705012.188965,37,11982.469148
2094052.847059,250,11987.233591
5547057.109086,36,11987.945438
5445221.024143,30,11988.515433
5415276.607788,35,11989.189966
5430296.642658,36,11989.867813
1540129.268652,250,11994.658331
5468297.480601,35,11995.299663
5438339.901737,35,11996.010499
2742530.821722,250,12000.730196
5491734.71055,33,12001.356777
5516676.078024,34,12001.982232
1678332.865814,250,12006.696888
5546925.864582,37,12007.388432
5457981.669209,30,12007.971535
1953022.552813,250,12012.750801
1822216.157768,250,12017.503007
5670286.240459,42,12018.288328
2580303.672453,250,12023.005545
5476832.809669,29,12023.54264
2105070.459352,250,12028.393684
1800435.416399,250,12033.17354
5455913.575632,32,12033.79848
5525673.12112,36,12034.469303
6155947.277698,78,12035.932717
5836844.517729,52,12036.905895
5445953.668659,37,12037.621164
5458249.763321,31,12038.239646
1850718.460589,250,12042.950414
5543849.876922,39,12043.676634
5416490.671876,25,12044.135988
2283747.34057,250,12048.871837
5503744.415242,42,12049.666031
5417598.182385,31,12050.265561
1842393.168042,250,12055.093165
-112817.889544,8,12055.24678
5567113.264939,34,12055.938966
5420842.145928,29,12056.504062
5497664.390913,32,12057.15962
5677137.614544,41,12057.928166
5532859.682704,33,12058.575263
2406656.237571,250,12063.479614
5426034.627362,28,12064.013454
5452649.310561,29,12064.56062
2132636.988505,250,12069.542368
2048724.742919,250,12074.496185
2007646.983787,250,12079.454516
5456340.53791,34,12080.113991
5435375.147365,40,12080.916752
5827390.905847,109,12083.066789
5471133.002415,32,12083.699362
5575238.259094,49,12084.661731
5471747.59226,34,12085.331471
5467963.967758,30,12085.919599
5455173.592706,38,12086.666206
1960956.847024,250,12091.603948
2696946.201603,250,12096.540491
5478192.267744,33,12097.19231
1655574.429039,250,12102.147678
-115839.318897,8,12102.300781
1787986.855075,250,12107.18472
5482404.910609,35,12107.850726
5455315.879938,29,12108.414798
5840137.249375,52,12109.417443
5521137.403978,37,12110.169714
2183000.664946,250,12115.084632
-116633.057707,8,12115.24009
5680119.524504,46,12116.144354
5544031.398226,37,12116.879403
2190135.260752,250,12121.670613
5423525.480008,38,12122.399946
1758586.948842,250,12127.259536
2615042.98646,250,12132.17604
1690844.399792,250,12137.040694
5440999.736984,34,12137.686963
5467053.816398,32,12138.301228
5428024.743727,29,12138.847925
6158864.319334,73,12140.263639
5447945.270593,27,12140.79299
5450201.743439,31,12141.412825
1697128.038499,250,12146.3468
2163827.841121,250,12151.299482
5479581.345054,33,12151.95108
1748347.73368,250,12156.883253
2084927.285,250,12161.840533
5468338.883109,34,12162.530282
-100950.82151,11,12162.749725
5458598.366259,35,12163.448548
1891909.556659,250,12168.300303
5431905.936306,30,12168.885683
5492932.475354,38,12169.653358
1786836.508005,250,12174.619853
1752920.618557,250,12179.525957
5531336.268622,32,12180.116645
5519072.805159,40,12180.87391
5441854.696605,30,12181.438884
5451554.470722,35,12182.097946
5483596.700857,31,12182.702631
5479467.973082,28,12183.232401
5483760.142798,36,12183.902098
2514129.702283,250,12188.645171
5457853.155959,29,12189.202477
5457618.696328,35,12189.886879
1821337.201243,250,12194.617211
5515574.28111,33,12195.245635
5689326.194972,49,12196.219656
5437267.452704,28,12196.75337
5455846.887283,37,12197.435532
5452327.347293,32,12198.042236
5471891.424974,32,12198.645168
5503577.653167,36,12199.33039
5457356.10064,34,12199.974925
5455123.164522,33,12200.579547
5808017.237171,49,12201.492226
1935716.43473,250,12206.319137
1684138.342985,250,12211.117162
5510788.95021,34,12211.778497
2252010.665404,250,12216.560734
5454971.800888,47,12217.495091
5505265.541242,39,12218.227314
5556802.574902,36,12218.954431
1689574.237011,250,12223.721889
5514259.940356,31,12224.287108
5442081.6776,33,12224.894035
5450697.425469,35,12225.553938
2534196.08929,250,12230.435869
1803491.237546,250,12235.300214
1908856.82915,250,12240.035563
5459480.159288,30,12240.608595
5479795.494242,41,12241.404939
5855218.229152,66,12242.657704
5451580.188135,32,12243.267731
5442067.730923,30,12243.847615
1849302.735832,250,12248.538494
1995791.043725,250,12253.349219
5472021.996913,42,12254.155202
1782021.599754,250,12258.976429
1782310.152935,250,12263.853939
5613115.684509,39,12264.6454
2592560.340051,250,12269.496729
5458403.18509,31,12270.092955
5475857.861606,33,12270.734366
2196004.098142,250,12275.529575
5416597.290719,37,12276.270247
2020966.447222,250,12281.171548
2396248.53567,250,12285.961833
1892777.788843,250,12290.755237
5572600.3379,44,12291.584451
5852111.796857,51,12292.542468
5567127.075577,34,12293.198346
5429682.237578,31,12293.79286
1647401.406032,250,12298.568527
5427806.703194,25,12299.072845
2622040.707364,250,12303.934093
5449112.9613,35,12304.608443
5416294.519635,37,12305.328195
5436677.438276,32,12305.946563
1479891.061033,250,12310.814919
5584337.923148,41,12311.621196
1707699.200907,250,12316.540251
1802695.085044,250,12321.391338
1775100.056504,250,12326.269693
5523072.759749,33,12326.922935
5599459.513467,39,12327.70674
5447536.172455,35,12328.40813
2211644.925418,250,12383.669065
2804653.518884,250,12388.589731
2243450.903199,250,12393.545435
2257109.700227,250,12398.486314
5477182.681291,33,12399.1306
5453867.731359,31,12399.763629
5439165.1372,41,12400.586022
1666728.257389,250,12405.554937
5460447.138391,36,12406.264817
5450525.082355,34,12406.939435
6221364.285245,75,12408.445572
5449133.188475,40,12409.259193
5793945.337751,66,12410.574249
5442263.887,28,12411.127531
1905618.833681,250,12415.985806
5450852.467532,26,12416.477845
5719820.285917,40,12417.225808
5430586.920972,30,12417.807765
2353615.2844,250,12422.62553
1573609.9689,250,12427.323745
2394377.306783,250,12432.693498
5459023.848636,31,12433.320501
5480812.322856,37,12434.088675
5705683.69563,50,12435.052482
5453074.22605,33,12435.70012
5453766.985116,29,12436.248576
5438506.221326,30,12436.818246
1693669.221412,250,12441.658973
5450213.680224,28,12442.198174
5461211.266126,39,12442.924751
5509354.423295,34,12443.577432
5418757.306618,29,12444.13873
1924534.438556,250,12448.910198
5448583.373144,39,12449.636121
2439360.739178,250,12454.481411
5499208.566851,32,12455.101928
5442053.37439,29,12455.650252
5449685.761802,37,12456.340032
2359537.557346,250,12461.170952
5462280.726739,30,12461.757719
1770312.412164,250,12466.636649
5510997.662336,31,12467.238052
5428393.083923,35,12467.909452
5414395.83659,34,12468.583858
1495383.136262,250,12473.400426
2459433.330672,250,12478.19156
5464121.736657,32,12478.817065
2607091.872221,250,12483.682256
7982822.824564,193,12487.383131
1800297.327224,250,12492.182472
1712691.503156,250,12497.064797
5462123.356812,29,12497.633162
5504328.61735,37,12498.373885
5468013.389174,28,12498.91721
5471934.025793,30,12499.493673
1588079.237604,250,12504.32282
4123285.368607,250,12509.098569
5429737.209899,34,12509.726161
2100405.550994,250,12514.542649
5435643.637711,30,12515.121725
5673623.181592,55,12516.196189
1790547.464163,250,12521.159719
2458629.737723,250,12525.91207
5484546.29477,37,12526.618443
5453106.741568,31,12527.202297
5458594.135627,33,12527.836265
5459347.756665,31,12528.415245
1797832.861075,250,12533.225614
5506927.960877,37,12533.899467
5847724.025485,53,12534.912517
5458728.259899,33,12535.543089
2310823.433965,250,12540.442962
5435189.064201,28,12541.010849
2373035.172061,250,12545.982306
5554961.141848,42,12546.808501
5546698.990421,39,12547.564726
5455755.784203,34,12548.236514
5421739.187284,37,12548.957123
5475575.896389,39,12549.721427
5475782.254397,36,12550.412096
5443458.126721,29,12550.972199
5634672.863232,46,12551.89001
5449976.198018,30,12552.485469
5476774.88904,37,12553.223748
5450427.543169,38,12554.010497
5488270.311357,37,12554.744116
5463378.492379,34,12555.414272
1541358.376631,250,12560.369457
5444645.63186,39,12561.142995
5501722.086316,30,12561.728702
5447234.526175,42,12562.550539
5476306.188423,34,12563.221794
5472505.873434,27,12563.740106
2788440.803192,250,12568.734347
5557246.334546,41,12569.559738
5937810.420066,69,12570.932683
5576790.237826,52,12571.995925
5494348.857246,33,12572.669469
1835273.03948,250,12577.605309
1737746.660002,250,12582.530118
2165667.733894,250,12587.519309
5756082.827783,56,12588.62784
5623811.875585,39,12589.4152
5447735.01189,36,12590.127502
1687818.692496,250,12595.02935
5472057.221495,33,12595.681906
1772962.54355,250,12600.555506
5425721.943687,24,12601.040284
5439141.093677,28,12601.587487
5428652.58245,26,12602.104303
5491447.005908,38,12602.889176
5495861.454479,36,12603.59727
5438894.35273,31,12604.213845
2706791.128277,250,12609.189249
6650219.596144,94,12611.065177
5490380.575073,34,12611.733554
5426868.052761,27,12612.26196
5491552.04525,39,12613.021855
5473575.108736,38,12613.760243
5690166.626408,50,12614.735948
5450052.66266,40,12615.518331
1794446.557751,250,12620.43167
1832158.40114,250,12625.314598
1705857.390861,250,12630.189684
5422948.011154,26,12630.702828
5462328.614627,32,12631.382096
5418881.19344,34,12632.053816
5482594.922709,32,12632.676483
5743470.510773,42,12633.533199
5586454.494896,46,12634.455667
1594858.113445,250,12639.383102
5494297.046148,35,12640.075283
1856249.962561,250,12644.937446
5513533.052529,37,12645.662397
5437247.020235,34,12646.340488
1862622.280407,250,12651.311939
5494455.695836,37,12652.045481
5437807.002519,28,12652.598718
5421254.760542,28,12653.162079
1651877.969054,250,12658.040235
5441994.175811,27,12658.553839
5549583.94135,36,12659.232242
5489067.344496,31,12659.866349
5458040.16299,29,12660.426261
1788050.522679,250,12665.093763
5466233.045054,29,12665.669759
5451805.649408,31,12666.24359
5432864.258214,33,12666.880945
1886208.833737,250,12671.541478
5487610.538873,31,12672.128026
5440636.820353,28,12672.678734
5459903.550523,31,12673.275683
5437297.784339,41,12674.067194
5454025.420509,40,12674.808611
-104584.466319,9,12674.965162
5462921.968446,29,12675.537883
5437810.084426,32,12676.166766
5495685.934373,33,12676.780388
5442357.899754,30,12677.349674
2396747.373417,250,12682.146317
2496693.887352,250,12686.903562
5578714.468892,34,12687.572809
5468102.051025,29,12688.117091
1748260.73518,250,12692.846479
6218774.813757,91,12694.53721
5446491.327642,37,12695.286981
5604405.501487,45,12696.187813
2384153.734242,250,12701.107589
5603105.162219,40,12701.874599
2374321.203039,250,12706.633995
5446287.075127,35,12707.302793
5506918.291315,40,12708.09045
1744592.953658,250,12712.898751
1717560.129549,250,12717.639993
5455678.237111,33,12718.283589
1651478.122429,250,12723.052845
5517416.774503,40,12723.821379
2148787.501685,250,12728.610182
5505558.317857,27,12729.098612
5744358.832073,53,12730.105007
5423767.928639,26,12730.591281
5440386.549309,29,12731.110824
5474554.603896,28,12731.66505
5693651.88795,50,12732.610544
5457876.898407,38,12733.312124
5466214.375572,35,12733.977185
5474897.735063,38,12734.716071
1823380.883122,250,12739.459068
1916673.875985,250,12744.185046
5479484.432421,30,12744.787258
1895167.426088,250,12749.529974
5473725.845273,36,12750.248828
5435090.708974,39,12750.99928
5448765.266163,31,12751.600934
5432015.049029,26,12752.078979
5450947.183692,30,12752.680163
5459014.97092,31,12753.278111
1683914.557136,250,12758.078571
5838310.811748,56,12759.1876
2187698.486952,250,12763.867786
5446664.590536,33,12764.516243
5438804.834499,30,12765.089695
1599717.970717,250,12769.971784
5424715.089439,30,12770.512555
5495322.742412,30,12771.072642
2236294.261632,250,12775.788558
1641621.015339,250,12780.630134
5459252.356417,30,12781.20912
1656195.471565,250,12786.105617
5500596.228788,33,12786.738785
5454853.888156,27,12787.278214
2183428.159236,250,12792.197366
5436440.159553,31,12792.804985
1870526.398556,250,12797.744274
5427255.622452,27,12798.2662
5446454.596898,31,12798.873442
5430320.147663,27,12799.420563
5483838.870081,37,12800.143761
2590515.880901,250,12805.02919
5541522.740377,34,12805.683306
5430242.143545,29,12806.254805
5438352.438167,32,12806.894495
5444481.68865,33,12807.536351
5462736.138515,42,12808.381402
5433971.186074,40,12809.143494
3313660.367479,250,12814.041474
5497078.359062,37,12814.765527
5702736.812615,43,12815.637639
5450935.119468,32,12816.29561
5486450.060681,35,12817.000505
5416017.684635,26,12817.528821
5413899.644188,37,12818.273447
1874748.653285,250,12823.191248
5476460.942433,32,12823.827835
5443445.914055,39,12824.574757
5496407.036509,35,12825.272767
5459153.150931,29,12825.852782
5520028.478004,37,12826.575686
5442585.924777,29,12827.151685
5467039.374807,34,12827.846994
5461885.148166,35,12828.558272
5451705.853725,27,12829.108976
5450177.291008,29,12829.706028
5464490.514217,31,12830.326302
5435171.032105,40,12831.115692
5516429.734302,35,12831.804955
5629092.633681,45,12832.701212
5486345.875845,31,12833.317446
5477279.272821,34,12834.018492
5446455.212978,36,12834.735097
5448576.098782,39,12835.511049
5425814.34362,27,12836.042318
1777261.636998,250,12840.949159
5487007.484505,32,12841.571239
5450311.424022,37,12842.312754
6053282.300243,70,12843.712708
5448434.486086,34,12844.386571
1622310.171821,250,12849.382548
5865127.142987,52,12850.431692
5467218.047053,28,12850.99317
7145935.137274,137,12853.630111
5439903.853523,28,12854.20589
5446632.254721,31,12854.809068
5438693.630632,27,12855.335772
5442927.349767,27,12855.890055
5793065.39012,48,12856.839581
5430666.612721,27,12857.379947
1852470.420736,250,12862.277968
5435508.476465,36,12863.024805
5444147.866792,36,12863.749421
5465755.843658,35,12864.461889
5501283.865838,32,12865.101141
5479705.274106,35,12865.810732
5448364.824651,34,12866.451834
5782392.077508,52,12867.471759
1665136.803507,250,12872.39938
5496153.08433,31,12873.005923
5469318.567718,30,12873.603376
5420528.54705,26,12874.115957
5446454.25471,29,12874.70492
5516397.863384,33,12875.336697
5417987.966907,29,12875.92261
5476986.458094,39,12876.715046
5431277.247731,35,12877.391822
5487664.70974,36,12878.092874
2255504.904826,250,12883.065556
5476586.932608,40,12883.862357
2090710.330918,250,12888.880883
5528106.944711,34,12889.559481
5686775.480064,50,12890.539794
5556404.4661,33,12891.210333
5490506.028364,41,12891.992236
1740476.611067,250,12896.891989
1864960.471814,250,12901.6766
5513969.576121,35,12902.366172
1738884.159074,250,12907.238445
1557524.614593,250,12912.02448
2618606.69231,250,12916.781503
1565969.468317,250,12921.630903
1651499.260758,250,12926.540632
5477438.927039,36,12927.241281
7397304.378409,152,12930.147506
5510135.480606,37,12930.847013
5501229.75197,35,12931.527206
2566822.667665,250,12936.293396
5559246.041238,42,12937.104664
5824078.777065,54,12938.144652
5874479.543748,60,12939.306471
5469664.489935,29,12939.882313
5468907.637747,27,12940.392689
1732736.301121,250,12945.176657
1847567.251879,250,12949.859412
5429758.459441,36,12950.544119
5417002.262536,29,12951.081023
5747873.211807,54,12952.126413
5442473.544354,33,12952.765032
5449706.566278,40,12953.528174
5438924.489393,30,12954.084262
2543925.495458,250,12958.880721
5871780.234674,60,12960.014062
5871656.776044,55,12961.046364
5436701.540701,30,12961.620591
1777898.886801,250,12966.386585
5423917.588017,31,12966.963983
5619473.88588,50,12967.913428
5425511.173619,38,12968.674715
5422511.838357,25,12969.157909
5437818.217089,39,12969.928156
2424714.416293,250,12974.684432
1674697.338338,250,12979.447856
5494848.250186,45,12980.268685
1760358.679932,250,12985.085581
5441561.770359,34,12985.744293
5467518.120525,29,12986.308667
5565176.780043,47,12987.175793
1433819.249059,250,12991.964545
5557121.988442,49,12992.902091
5524640.62498,43,12993.706126
1829762.567433,250,12998.510598
5419530.293065,27,12999.024328
5797227.945221,47,12999.93402
3145486.59339,250,13004.762654
5457507.868323,41,13005.536454
5657554.396813,43,13006.334166
5468448.078751,42,13007.168176
5591095.832028,44,13008.043092
5511611.171932,36,13008.760122
1725796.552326,250,13013.678303
1646649.475097,250,13018.576878
1804910.801475,250,13023.513219
5574222.545534,38,13024.272997
5432656.007096,33,13024.923778
1892878.792461,250,13029.877605
5478670.612735,40,13030.681714
5486769.537433,31,13031.297616
5465759.791402,26,13031.817312
5692749.058666,52,13032.836114
1868681.18578,250,13037.704733
1841470.71489,250,13042.657508
5457471.128241,31,13043.284292
5435627.265935,29,13043.871402
5452837.284643,33,13044.523704
5424782.176333,34,13045.18486
1816501.452272,250,13050.077329
1634209.616711,250,13054.974085
1644091.243257,250,13059.913858
5430595.453826,28,13060.452285
5444303.120511,35,13061.173401
5508489.581199,46,13062.083324
5416252.786732,29,13062.689682
1922722.572697,250,13067.501413
1537713.392543,250,13072.371204
5437909.338863,29,13072.961654
5430988.585616,30,13073.551702
5537899.785628,36,13074.268484
5468774.877425,27,13074.817279
5444671.40581,44,13075.683281
5490604.933092,43,13076.536695
5838487.432901,60,13077.710083
5457447.201766,32,13078.353521
5507874.024412,35,13079.016674
5481471.329259,42,13079.846303
5449720.80732,40,13080.643416
5415989.121312,36,13081.339302
1636393.733372,250,13086.246622
2578541.889754,250,13091.190838
5466914.715526,29,13091.770255
5500519.053283,30,13092.355537
1506458.928805,250,13097.271092
1521581.868036,250,13102.250543
5763369.933868,56,13103.386163
1650794.303076,250,13108.360176
5450083.025436,27,13108.872861
5486366.668059,41,13109.664976
5460006.571144,33,13110.331977
1892537.813394,250,13115.263792
5439941.18929,34,13115.931325
5436162.891731,28,13116.470374
1892037.141366,250,13121.458097
5447398.814155,29,13122.035944
3672515.429352,250,13126.9927
1416363.143073,250,13131.873528
5454535.41997,29,13132.451825
1791078.59686,250,13137.393661
5635464.959587,45,13138.235507
1649691.328402,250,13143.111823
2362995.609446,250,13147.876422
5466258.084186,34,13148.522298
5975262.025304,62,13149.725257
5720336.950197,44,13150.579071
1849145.525292,250,13155.412108
5448042.30203,28,13155.936324
5438836.88778,26,13156.422893
5552815.508681,39,13157.166
5519031.790336,32,13157.801041
5569305.28762,37,13158.510465
5461872.554408,37,13159.249113
5484212.723586,34,13159.896801
5456472.316216,30,13160.482955
1794991.48201,250,13165.233168
1764551.09682,250,13170.138634
1877660.5287,250,13174.930411
1680804.480075,250,13179.772292
6063689.631727,72,13181.142697
5468455.564992,28,13181.676794
5430795.242594,36,13182.352098
5550527.369438,33,13183.001867
1710897.365326,250,13187.859102
5470513.160201,37,13188.564757
5617520.38675,36,13189.250476
5445311.97845,33,13189.865687
5490970.024861,44,13190.707368
1497907.354273,250,13195.542933
6198585.950181,68,13196.896733
1497969.346992,250,13201.900694
5467040.692795,35,13202.564821
1951228.550566,250,13207.270743
1725477.441585,250,13212.067837
5893507.365148,55,13213.129162
5489083.8387,33,13213.761995
5545094.40118,44,13214.62041
5588847.411272,37,13215.3222
5475170.893823,31,13215.906164
1643399.098365,250,13220.640357
1548637.115049,250,13225.440743
1886596.066235,250,13230.192102
1641616.13526,250,13235.016032
5441197.444242,27,13235.511862
5595123.050464,48,13236.49013
1721908.916024,250,13241.216489
5462970.661468,30,13241.797867
5461397.358848,28,13242.310305
1825158.189213,250,13247.163054
5527009.054737,37,13247.867041
5447131.952371,32,13248.472956
5463562.649293,28,13248.990498
1747986.115701,250,13253.83851
1681419.679042,250,13258.782492
5506292.21174,33,13259.42953
5445765.511058,26,13259.984238
1608961.632415,250,13264.834076
5515930.269649,47,13265.759824
5429708.984762,36,13266.451957
5437945.852199,29,13267.034351
5481709.239028,37,13267.751112
5737570.511979,53,13268.810436
5447601.494183,29,13269.364737
5434051.428418,25,13269.861609
5492368.775096,47,13270.805166
5459041.927426,45,13271.723604
5418670.485466,29,13272.293723
5426267.092683,26,13272.834327
5628180.869151,39,13273.617437
5503723.104472,31,13274.234633
5517351.083629,34,13274.904593
5499914.092535,31,13275.51853
1772199.42033,250,13280.471889
5470169.977941,41,13281.274832
5581393.710877,39,13282.0359
5534525.220807,35,13282.724807
5436733.812066,31,13283.346226
1886507.464416,250,13288.262254
5461901.646355,37,13288.980789
5459133.677288,36,13289.699002
5505299.693465,33,13290.33217
5560930.859187,38,13291.09351
5505194.618685,42,13291.947742
5444950.569537,35,13292.626364
5458727.902386,29,13293.205055
6431744.61873,83,13294.825056
5423918.751541,27,13295.352921
5434762.810536,33,13296.001354
1717650.58711,250,13300.956988
5442237.570382,31,13301.561623
1719382.797739,250,13306.527823
1856363.386731,250,13311.364849
2901924.927182,250,13316.345106
5433861.045005,27,13316.877228
1727920.92773,250,13321.801489
5721339.910131,87,13323.514483
1602351.064039,250,13328.414001
5467946.127367,35,13329.124857
5534281.977636,33,13329.77389
5421071.736077,30,13330.372197
6083774.97006,70,13331.791609
2684872.027516,250,13336.714143
5837135.055702,58,13337.83884
1854882.078106,250,13342.74748
5437126.963622,38,13343.478509
6578142.288024,97,13345.374979
5447150.310845,37,13346.078238
5455818.870017,32,13346.71448
1601537.075496,250,13351.748182
1628276.392541,250,13356.659943
5430628.781316,31,13357.26092
5709640.249653,45,13422.977918
5776752.457915,53,13423.983592
5465524.143409,41,13424.764641
5807940.804567,50,13425.71681
5465568.348838,29,13426.246913
5704556.221427,53,13427.279649
5493116.887539,39,13428.035252
5557603.509709,37,13428.741774
5470012.658575,31,13429.315721
5438750.426262,31,13429.930341
5496943.845711,32,13430.53236
5726861.396805,48,13431.469151
1701793.508328,250,13436.209869
5462184.66093,31,13436.796551
1549500.859015,250,13441.57717
5467113.30987,29,13442.149163
1586254.521245,250,13446.916881
5418235.696184,27,13447.444279
5447726.389491,31,13448.016653
1653476.357295,250,13452.728544
5440690.537237,30,13453.277653
5434287.097926,41,13454.052639
1556756.526098,250,13458.82561
5424172.22505,32,13459.446602
5461244.858529,31,13460.079629
1645194.700573,250,13464.918596
5511791.688319,38,13465.66162
5857062.829828,58,13466.753218
1720485.992068,250,13471.422235
5611936.856137,45,13472.282901
5437863.720661,30,13472.85274
5450220.893854,29,13473.406574
1622441.001082,250,13478.282829
5459152.157128,29,13478.829882
1836683.249666,250,13483.549057
5447741.527384,26,13484.074008
1789120.607297,250,13489.018683
5458355.143702,30,13489.585022
5453878.814711,30,13490.173998
5431176.847658,31,13490.770693
5463142.409714,29,13491.344492
5571650.092513,37,13492.09138
1862994.394568,250,13496.948616
1482255.974101,250,13501.85412
1803067.696078,250,13506.835291
1489740.900298,250,13511.774093
5469429.385072,30,13512.371118
1510088.643653,250,13517.269115
1682569.062285,250,13522.226913
5452437.749476,35,13522.927508
5438414.240265,26,13523.466206
5490904.321495,33,13524.104126
1703773.380856,250,13528.967878
5451943.909883,29,13529.524421
1838122.914971,250,13534.467986
5420329.217066,27,13534.996206
1681630.401556,250,13539.902801
5472053.633119,32,13540.524087
5462004.330234,37,13541.251974
5416498.893693,27,13541.782332
5528937.514756,43,13542.602735
5449804.098049,27,13543.130498
5433314.762234,29,13543.699668
5457048.382089,38,13544.422205
1639619.064568,250,13549.300664
1665713.474276,250,13554.257289
5529318.589979,39,13555.009905
5768221.794873,52,13556.049435
5471795.712537,31,13556.648388
1611994.569701,250,13561.505636
5439855.340433,27,13562.054728
5472037.857911,32,13562.682344
5420141.648896,36,13563.407157
5562725.654863,35,13564.093389
5418520.747354,29,13564.666178
1705739.256801,250,13569.617151
5441469.939475,35,13570.313772
5757863.422245,51,13571.301939
1506912.571047,250,13576.216574
5453754.474768,35,13576.87695
7182898.981617,133,13579.533894
5464027.970618,37,13580.254908
1629711.105654,250,13585.220347
1402966.536658,250,13590.154351
5436873.430066,28,13590.685247
5484794.856775,30,13591.305667
5441494.20858,35,13592.026867
5825911.227907,61,13593.249576
5435767.171042,35,13593.949448
5487415.726593,36,13594.660125
1684974.243802,250,13599.638925
5427725.0804,35,13600.323081
5470336.336531,37,13601.053764
5418703.714733,33,13601.715328
5453517.206006,34,13602.38842
1732629.501603,250,13607.249925
5438578.476665,38,13608.002505
5434695.495728,42,13608.832076
5451992.768494,35,13609.562409
5515744.302419,37,13610.292149
5673777.884972,45,13611.192523
5455154.918657,33,13611.868375
5430585.453901,39,13612.651207
5473082.877994,34,13613.333685
5457180.829163,39,13614.099819
5886440.977578,52,13615.131776
5459919.50019,30,13615.717477
5531548.12123,32,13616.309047
5425456.659175,37,13617.003821
5593144.732618,44,13617.849831
5486537.387413,31,13618.430109
5463669.610751,29,13619.038888
5482891.87,39,13619.773803
5453576.4873,28,13620.299812
1542017.969696,250,13625.018636
5480117.650243,29,13625.568177
5661382.136382,44,13626.431228
5443099.281956,30,13626.996359
5462976.282107,25,13627.474121
5709312.228918,50,13628.427533
5506113.69113,39,13629.165838
5433700.590727,28,13629.715271
5474128.362233,32,13630.335698
5472188.705662,31,13630.956598
5465853.053788,32,13631.556978
5428748.680007,25,13632.032439
1600092.901447,250,13636.869075
5457578.801826,28,13637.397566
5472287.790222,31,13637.989544
5459667.331186,36,13638.667782
5465132.151987,34,13639.340506
1556690.905527,250,13644.220623
1775382.739855,250,13649.013625
6022296.918796,73,13650.413459
5483868.17765,30,13650.981025
1511836.959406,250,13655.847354
8331314.912071,223,13660.099822
5476186.673459,40,13660.830566
5448347.315241,38,13661.5343
5451706.379936,37,13662.238065
1524920.047065,250,13666.939831
5798986.390591,46,13667.801333
3196133.432305,250,13672.694557
5488858.978678,30,13673.261739
5528612.464896,37,13673.968522
5444762.982332,33,13674.597864
5457054.743916,27,13675.149584
1685279.191068,250,13679.850525
5545090.227709,33,13680.493883
1454874.381431,250,13685.165502
5426778.349433,32,13685.783117
5700376.530668,42,13686.628175
5465816.872448,31,13687.205057
5880541.057945,68,13688.493766
5448802.559798,31,13689.099783
5492834.679543,33,13689.72162
5608049.40023,42,13690.529025
5439986.494203,29,13691.059149
6901590.809331,122,13693.390162
5460467.514815,30,13693.972334
7519372.541783,193,13697.726554
5461490.510521,33,13698.355765
5479659.38601,42,13699.184529
5428933.284044,27,13699.696952
1505812.910676,250,13704.454581
5779762.147268,50,13705.403639
6850776.4504,174,13708.727567
5453589.988938,31,13709.324609
5439855.267511,35,13710.006886
5479547.889818,30,13710.576485
5420924.346568,34,13711.22368
5417534.351904,28,13711.7511
5560330.05606,36,13712.440035
5476783.026443,39,13713.191072
5461655.374555,28,13713.742876
5451078.084134,33,13714.395342
5431550.37011,29,13714.95456
5654152.780021,54,13716.031329
5464131.772245,31,13716.620239
1527799.610934,250,13721.423327
5469123.009287,33,13722.040974
5665958.236685,51,13723.008976
1725807.58852,250,13727.731185
5466019.880868,42,13728.526453
5432126.179438,26,13729.027037
5481767.407954,34,13729.67913
1547311.977059,250,13734.549769
5472478.664324,31,13735.157176
5589309.804975,38,13735.886248
1729204.887676,250,13740.758599
1491919.071289,250,13745.719471
5432465.264266,29,13746.293508
1310447.497493,250,13751.206781
5961781.239936,63,13752.471024
1670865.620222,250,13757.323028
5791894.110016,48,13758.279017
1504780.455221,250,13763.20767
5525803.049052,42,13764.034244
5494513.734078,43,13764.883848
5437648.71866,25,13765.375605
1312910.099961,250,13770.298732
5447019.528768,30,13770.888446
5463311.345124,29,13771.466521
5633457.958791,41,13772.256406
5481880.321842,39,13772.996642
5599856.161949,39,13773.795804
5473467.987199,33,13774.454813
5476437.34052,41,13775.277036
5828286.92452,53,13776.336187
5479281.968757,29,13776.924352
5449663.885341,27,13777.456336
5469603.560938,31,13778.065059
5435888.562214,36,13778.78333
1615984.420072,250,13783.739629
5862120.075909,52,13784.769293
5538352.640547,38,13785.521556
5460023.024578,31,13786.109671
5567276.015364,36,13786.805566
5455618.90015,28,13787.36378
1523029.645154,250,13792.240685
5522136.216508,37,13792.967057
5435823.508995,33,13793.625501
5435997.592849,28,13794.17269
5484364.259497,32,13794.818658
5468186.840159,33,13795.476265
5478824.242137,33,13796.115967
5520916.951545,40,13796.862956
5481698.975633,36,13797.581401
5474148.102771,30,13798.159853
1366347.814314,250,13803.052709
1539810.112259,250,13807.956152
5444738.995347,27,13808.501219
1711340.302155,250,13813.419214
5442088.07345,30,13814.0066
1616009.507658,250,13818.759588
5439600.776746,31,13819.371055
5429597.160682,27,13819.878133
1551977.329214,250,13824.839834
1438821.339378,250,13829.813126
5434758.608008,24,13830.289106
5780989.687668,44,13831.148147
5417692.663078,32,13831.781283
1703741.768549,250,13836.655529
1636390.975224,250,13841.627537
5492282.972917,34,13842.304984
5442970.286073,33,13842.971276
5461586.217552,29,13843.532065
5461818.480739,30,13844.109952
5480470.4624,33,13844.780665
1436722.458585,250,13849.715881
5427511.767513,33,13850.384832
1656108.524063,250,13855.339574
5446984.794777,28,13855.917984
1541180.302175,250,13860.690498
5467979.765758,36,13861.356782
2042931.797512,250,13866.121213
5563486.652201,36,13866.861287
1481553.017859,250,13871.625607
5450846.851765,27,13872.158547
5769361.588206,55,13873.233795
5456772.333379,36,13873.951923
5438440.395247,28,13874.459678
1580909.365129,250,13879.129815
5448412.869148,30,13879.70279
1240095.894655,250,13884.515006
5483795.219512,31,13885.094229
5515963.408501,40,13885.854091
5510816.486505,36,13886.555757
5460611.496342,28,13887.083987
5432286.380494,35,13887.797584
5458601.455425,43,13888.601496
1574449.412852,250,13893.368972
5416945.296926,27,13893.867312
1517675.222528,250,13898.623799
5657476.330289,47,13899.513646
1473538.673554,250,13904.310795
5429166.23298,25,13904.803564
5451673.296887,41,13905.596657
5429413.167783,28,13906.136773
5428002.406712,33,13906.776466
5459877.918627,32,13907.381145
1265436.361152,250,13912.180998
5442735.416188,26,13912.688237
5432360.955786,30,13913.268334
5475565.442207,35,13913.938216
1487752.290383,250,13918.739333
5425828.344529,26,13919.197095
5461584.365593,27,13919.736943
1389185.229622,250,13924.390887
5544239.769299,40,13925.142873
5489782.006071,32,13925.746105
5485885.243565,39,13926.512403
5426216.678514,39,13927.249176
1610926.304077,250,13932.038229
5561782.190928,39,13932.790563
5445049.330872,34,13933.429504
1480397.504225,250,13938.154959
5431906.352279,29,13938.721419
5468306.09089,33,13939.375392
1648067.608875,250,13944.068586
5481369.174215,30,13944.608529
5438222.443087,38,13945.389301
1635531.093198,250,13950.266123
5448773.608935,37,13951.015438
5494501.036694,35,13951.699791
5499445.792878,36,13952.350109
1506821.122522,250,13957.091722
5430372.011779,32,13957.711117
6835852.252948,115,13959.882023
5495816.300132,33,13960.510021
5439882.549444,36,13961.224923
5448824.846891,36,13961.910293
5439219.525596,26,13962.41968
5513554.674346,42,13963.232693
5467480.905887,33,13963.862056
5949487.964495,57,13964.942786
5449571.711444,33,13965.589658
5415604.42448,26,13966.08381
5450221.099076,31,13966.647637
1622841.017379,250,13971.362183
5458291.168698,29,13971.934374
5473332.269973,30,13972.507545
6052789.241833,69,13973.793794
5461267.104603,40,13974.571273
5473428.874067,37,13975.291897
5506199.11517,44,13976.164184
5792563.500262,47,13977.061111
5478930.395496,32,13977.6948
1325062.399658,250,13982.59375
5482370.210521,33,13983.223339
5471429.228435,29,13983.836655
1527065.991415,250,13988.722346
5504407.151539,34,13989.402247
5584207.474611,36,13990.123095
5472212.27485,27,13990.654509
5768608.231181,48,13991.598487
5431222.883116,35,13992.304643
6122910.979327,66,13993.614632
5461564.613369,37,13994.347196
5449176.418395,29,13994.892904
6696975.806383,105,13996.949775
1338414.920143,250,14001.872173
1567978.398616,250,14006.782922
5675072.653046,52,14007.872107
1528458.573778,250,14012.832929
1628735.697989,250,14017.731232
5452528.476186,37,14018.456195
1826113.607533,250,14023.457832
5466798.132982,30,14024.047956
1301042.434628,250,14028.946334
5513743.422147,47,14029.871646
5465457.545748,39,14030.64477
5449267.545499,37,14031.382148
5428191.708362,40,14032.179622
5718116.304323,46,14033.112712
5453642.568342,24,14033.591461
5579415.427162,44,14034.472022
5473891.46678,45,14035.350302
-110456.478834,8,14035.514075
5470447.765191,31,14036.133011
5767997.585277,46,14037.07137
5754278.683274,47,14038.022717
5577961.263507,41,14038.845648
5436369.894223,38,14039.595204
1519820.516944,250,14044.519117
5417041.75759,34,14045.181068
5711766.38977,45,14046.063148
1626836.568101,250,14051.037599
1728741.711941,250,14055.966689
5515256.09334,35,14056.648008
5426790.001217,32,14057.271845
1467426.103887,250,14062.184108
1597167.652992,250,14067.051574
1398462.498498,250,14072.005244
-109152.14915,11,14072.219283
5437466.080802,35,14072.910105
1406473.188203,250,14077.908334
5449863.681183,33,14078.605212
5510994.91851,37,14079.356628
5454358.626952,34,14080.026244
1574613.434545,250,14084.923962
5440420.331327,27,14085.454573
5441598.219044,35,14086.153192
1410167.685618,250,14091.063416
5431558.951282,29,14091.64666
1445890.48598,250,14096.548741
5466519.856272,35,14097.241316
1485026.237638,250,14102.071714
5466188.560755,37,14102.802708
5590125.108879,38,14103.537931
5440161.822921,33,14104.168725
5457161.995812,33,14104.808119
5510817.510479,35,14105.482513
5433054.02594,30,14106.031725
5450720.441075,30,14106.595978
5481452.852805,38,14107.3051
5441423.020517,34,14107.925995
5496024.599347,37,14108.636658
5458126.966279,28,14109.182836
5420603.233277,37,14109.883006
5485072.779115,39,14110.636015
5451845.318232,35,14111.316727
5452840.531633,37,14112.016836
5461617.551447,33,14112.633322
5461465.164648,28,14113.157862
5875215.7213,63,14114.361037
5419943.979,33,14114.994592
5475342.648131,30,14115.579786
5459070.399877,30,14116.142791
1336324.635552,250,14120.927064
5891500.611392,53,14121.946978
1264491.142269,250,14126.703366
5435627.22776,33,14127.349571
5425352.694222,39,14128.08155
5440377.486453,25,14128.578692
1319866.596607,250,14133.374786
5455555.656905,30,14133.949756
5476425.330278,42,14134.763302
1356701.995671,250,14139.492476
5890026.007569,59,14140.60682
5558302.994657,34,14141.285513
1376332.801793,250,14146.151146
5461330.037922,30,14146.741083
5484311.683697,27,14147.226826
1452664.097967,250,14152.012845
5472233.447884,30,14152.579729
5530815.507296,36,14153.278935
1554686.777298,250,14158.135952
5443019.147868,37,14158.830337
5774281.882733,49,14159.810851
5444835.777123,27,14160.329076
5467708.021407,32,14160.946346
1578383.422979,250,14165.69599
5856396.019228,60,14166.801635
5456724.896814,37,14167.521288
5484169.154723,33,14168.133101
5616619.817434,43,14168.918588
5589975.437398,48,14169.875343
5533253.226326,48,14170.78381
1290011.589576,250,14175.596879
5450779.995507,34,14176.248677
5481769.057174,46,14177.14671
1547773.985679,250,14181.906736
5437104.118685,26,14182.375877
5540090.811674,46,14183.270571
1209751.271938,250,14188.039798
5603511.726069,44,14188.881009
5451093.824374,42,14189.705478
5564096.795096,41,14190.503469
5588059.198873,45,14191.375265
1538543.850733,250,14196.130392
5467031.257284,34,14196.765485
5434111.809018,30,14197.333547
5461044.0346,29,14197.883704
1504447.729737,250,14202.665127
5459292.388604,28,14203.191345
5456038.405829,34,14203.877964
5444716.066458,34,14204.559367
5553462.650053,35,14205.242228
1284230.903997,250,14210.03296
5437293.372284,38,14210.747535
5628223.851359,43,14211.541447
1347523.823696,250,14216.397078
5488135.752484,36,14217.108484
6087823.240586,69,14218.469837
5563911.683295,33,14219.138062
1191190.654624,250,14224.044705
5449248.358563,31,14224.655942
1276218.197531,250,14229.463481
5438623.766946,26,14229.991118
994382.663652,250,14234.939217
1196925.319031,250,14239.829194
5427345.085019,27,14240.355183
5434397.20653,28,14240.899369
5498580.100657,32,14241.517396
5449011.653071,28,14242.063688
5484431.552535,37,14242.795182
5420021.333747,31,14243.421592
5483203.110695,32,14244.045053
5456121.800458,34,14244.71197
5428002.049175,27,14245.253701
5462638.896752,37,14245.986571
5453196.062843,34,14246.646068
1225493.83309,250,14251.608584
5456895.801561,32,14252.211026
5439945.854476,31,14252.803822
5442490.44282,37,14253.522231
5432761.773753,31,14254.144186
5450326.968078,28,14254.690071
5441525.480211,39,14255.442587
5569256.946354,37,14256.172481
1221080.993139,250,14261.096548
1102349.274484,250,14266.078232
5739106.309375,46,14267.001692
5447226.926643,37,14267.724306
5456500.992905,35,14268.412714
5459333.420247,36,14269.119046
1366125.536125,250,14274.020211
5588024.866161,41,14274.842239
5444350.462156,29,14275.416244
1295088.482445,250,14280.288563
1283616.959778,250,14285.247732
5568210.481664,42,14286.091576
5448155.816852,27,14286.616419
5478283.802145,39,14287.391392
5465810.676832,33,14288.06309
5634282.295771,47,14288.986476
5445346.23139,26,14289.497427
5645549.289756,43,14290.35783
5460760.830719,32,14290.990414
5468727.267835,29,14291.591089
5446601.211426,27,14292.145283
5480213.3915,40,14292.936251
1209496.154565,250,14297.902169
1147932.513075,250,14302.764854
5516691.590777,33,14303.4375
5450197.678267,40,14304.240886
6008778.308454,56,14305.329139
5453707.348141,33,14305.967712
5426393.098978,27,14306.498478
6785293.845737,124,14308.932633
1176777.69476,250,14313.882231
1551278.872338,250,14318.730386
1278631.972913,250,14323.620302
5466982.545616,38,14324.395615
1124005.519754,250,14329.276602
5540262.133411,46,14330.164063
5633073.323807,54,14331.205792
5445745.415701,29,14331.757399
5439891.901741,27,14332.268573
1290703.07382,250,14337.145027
5506993.309048,30,14337.705264
5435201.78361,26,14338.215343
1492668.359454,250,14343.001251
5449062.570196,28,14345.196398
5483499.150268,30,14345.749427
5415812.785531,24,14346.208871
5492283.893918,33,14346.855707
5453676.345397,28,14347.383233
5579010.031872,39,14348.118618
5420231.893314,28,14348.663507
5474146.421598,30,14349.219608
5420434.411053,36,14349.90918
1353269.573378,250,14354.680157
5437857.712059,30,14355.270435
1172951.666589,250,14359.980374
5424554.660965,30,14360.565039
5426916.697854,35,14361.25157
5437563.518678,26,14361.760188
5459728.362002,39,14362.526776
5466112.025404,36,14363.204303
5443116.063806,34,14363.884064
5527768.708053,31,14364.496999
5457867.252116,32,14365.13492
5510593.186665,40,14365.913485
5619614.583234,49,14366.86638
5625829.359678,44,14367.704628
5664559.578906,52,14368.729064
5495676.940437,38,14369.440868
1298261.678607,250,14374.263162
5457975.468231,28,14374.79986
5450131.496294,36,14375.464594
5538230.566426,33,14376.088189
5479454.326456,39,14376.826679
5455734.168941,29,14377.383847
5434722.783686,27,14377.900186
5455992.441961,29,14378.452889
1333908.032277,250,14383.218543
5479661.005459,38,14383.98582
5460196.126354,30,14384.551247
1498864.937287,250,14389.430278
5412411.560554,24,14389.90568
5848819.746822,49,14390.857804
5472347.113116,39,14391.580309
5439706.202298,29,14392.165604
5446998.950771,31,14392.797635
5509414.560509,36,14393.479371
6130459.278553,109,14458.77355
5902259.92263,53,14459.816556
1199399.951778,250,14464.701516
1281104.903489,250,14469.530651
5490360.937556,32,14470.191532
1991371.660353,250,14475.059997
5430363.243161,27,14475.592678
5600635.140687,36,14476.272682
5545339.064853,43,14477.139947
5745379.345186,42,14477.966122
5419163.150862,32,14478.594005
5472259.968248,32,14479.212755
1224220.731416,250,14484.176134
5465379.766428,31,14484.781307
5475290.956381,29,14485.343963
5419772.484332,29,14485.903008
5460809.261784,39,14486.655437
5441938.521871,27,14487.192765
5499786.148957,43,14488.04071
5463549.932757,39,14488.811152
5477646.946221,36,14489.524842
5425731.034692,34,14490.189515
5420212.633031,32,14490.831462
5464065.314495,30,14491.434103
5475827.235574,39,14492.222515
5475426.448702,43,14493.078091
5798779.433291,47,14493.997737
5478093.05227,30,14494.590104
5432009.512351,36,14495.314444
5457615.776808,40,14496.113209
5451178.47754,34,14496.788449
-106956.008712,11,14497.000839
5791763.430633,52,14498.046694
5415488.719111,24,14498.522349
5804373.721267,56,14499.687222
5449266.575498,36,14500.391705
5658203.19713,54,14501.427159
5746544.904779,46,14502.331125
5454526.007115,36,14503.020591
5459014.732827,29,14503.588977
5478326.827192,38,14504.340689
5443264.298751,31,14504.932004
5419985.503362,39,14505.717162
5516604.893663,40,14506.499575
5429420.906258,29,14507.0516
949174.638642,250,14512.004708
5465720.003186,42,14512.838698
1522216.686432,250,14517.743835
5462127.974074,28,14518.293681
890555.240062,250,14523.157304
5436416.582811,39,14523.94512
5511093.987853,35,14524.621894
5458780.495943,37,14525.353565
5438501.054577,28,14525.901154
5479185.357762,34,14526.592586
1250384.701748,250,14531.541647
5438223.063978,35,14532.225646
5456159.489666,29,14532.783926
5495457.479425,41,14533.596839
5440345.722286,27,14534.139681
1185815.003834,250,14538.997946
5435561.21141,26,14539.511269
5658520.04995,47,14540.452531
5471950.202398,31,14541.066636
5455963.273078,31,14541.675083
5447055.495867,27,14542.205533
5652289.196507,42,14543.036723
5909681.80268,59,14544.197032
5455947.29119,41,14545.013251
5455020.450665,36,14545.726212
5453901.365339,30,14546.323529
5461700.976461,34,14547.006117
728811.777968,250,14551.857445
5489633.42851,31,14552.46711
5462345.976277,37,14553.177647
5463041.206065,38,14553.921486
5442281.145724,33,14554.551006
5466474.243002,38,14555.297025
5505473.58465,33,14555.950505
5470483.590427,29,14556.49492
1168148.335205,250,14561.344138
5463465.465677,42,14562.160149
5455425.61608,27,14562.70506
5453756.29831,40,14563.485168
5472827.686176,32,14564.097761
5485460.111529,34,14564.761077
5505114.944171,42,14565.588721
5443634.026162,28,14566.149266
5417685.867854,26,14566.649263
5468289.811922,33,14567.297952
5466937.947944,32,14567.926375
1083147.891035,250,14572.810299
5732877.778823,42,14573.641248
1179331.417766,250,14578.482746
5488159.024382,30,14579.062479
5561479.701406,46,14579.943353
1095629.740982,250,14584.626975
5449034.495653,31,14585.211508
5418516.025348,36,14585.915767
1154252.569472,250,14590.67429
5466371.216459,29,14591.21491
981500.119991,250,14595.985857
5430289.526689,30,14596.564266
836651.625907,250,14601.364625
1099470.919893,250,14606.151144
5689910.162807,40,14606.933905
5545995.885655,38,14607.645245
5483308.394444,35,14608.343831
5440576.345068,29,14608.913817
5713267.400106,44,14609.727553
5550059.110737,47,14610.610221
5486110.265276,32,14611.2797
5687063.92915,51,14612.287303
5485142.944352,39,14613.010612
1153705.790343,250,14617.836401
1293784.14381,250,14622.67482
5440881.669469,31,14623.261878
5418389.876065,29,14623.801777
839850.223015,250,14628.588219
5458517.534961,31,14629.184538
5436246.913459,33,14629.844004
5497961.416927,36,14630.546072
5452571.635967,36,14631.268355
5470164.56766,32,14631.875984
5460360.76343,29,14632.43902
5533145.090807,41,14633.228359
5448690.107886,36,14633.918691
5453141.285609,27,14634.441081
5443696.433969,30,14634.990046
968391.225653,250,14639.830228
5424871.061043,29,14640.398832
5453462.93952,28,14640.906482
5508378.163765,30,14641.469815
5432306.272259,25,14641.951035
5709056.947313,40,14642.677023
1248905.220881,250,14647.456179
5456048.742851,34,14648.096427
5452580.629334,33,14648.733981
5452446.255157,34,14649.382191
1072838.475842,250,14654.149944
5456030.636607,34,14654.773293
2385790.769649,250,14659.477305
5421839.051696,29,14660.044449
943339.179551,250,14664.85918
5467155.28134,31,14665.45444
5595253.357444,49,14666.412253
1224766.656318,250,14671.133615
5561637.898542,49,14672.068891
5498293.981431,42,14672.894213
5507437.237976,37,14673.592327
5444203.141142,45,14674.447865
5440170.855119,27,14674.982833
6003636.363339,60,14676.194043
5479751.509982,30,14676.758404
5450041.654627,28,14677.303464
5503176.348889,37,14678.030416
5437928.720102,27,14678.55969
5444665.894865,28,14679.087168
5483638.574679,37,14679.788403
5455373.098116,42,14680.603515
995950.816971,250,14685.394547
5480517.641554,31,14685.971944
5526438.004053,31,14686.560191
5513775.72102,35,14687.222752
5551628.58907,33,14687.843766
5451036.551093,36,14688.565781
5482901.138901,31,14689.165238
5444771.70777,39,14689.886092
1171178.728112,250,14694.607313
5554811.042507,37,14695.333886
1091926.287228,250,14700.144486
5494199.968321,38,14700.876704
5485452.168546,32,14701.509677
5423585.940843,37,14702.229623
1129597.955113,250,14707.155411
935080.011123,250,14712.033142
5501390.758588,41,14712.844575
5460049.46161,30,14713.430497
5462450.042019,29,14713.970618
5485928.90412,29,14714.525721
5424633.407499,35,14715.207888
1255828.206655,250,14720.122038
5526260.390223,38,14720.853435
5494131.857977,30,14721.450365
5467332.668125,46,14722.366244
5456776.407887,32,14723.008068
920754.477255,250,14727.934323
5471249.89616,36,14728.639233
960733.837101,250,14733.522879
5577909.153027,39,14734.294868
5425938.810423,40,14735.075851
5478221.197187,33,14735.736919
5475354.232681,30,14736.327407
5441259.572232,29,14736.8944
5873797.761477,67,14738.242779
5459058.965295,34,14738.916886
5506836.917253,42,14739.74289
5461341.515288,31,14740.375089
5469085.156703,30,14740.962341
5470588.015529,34,14741.640321
5475356.415341,44,14742.50431
5450967.60979,32,14743.124253
5607302.525569,44,14743.989383
5891772.697182,57,14745.128219
5474291.453805,36,14745.837653
5434356.428983,29,14746.41087
5556953.020238,42,14747.230519
975108.282144,250,14752.139899
5813043.095691,57,14753.267174
5565905.359071,47,14754.189585
5494023.149328,36,14754.91836
1043275.199315,250,14759.866142
5437783.044584,32,14760.473403
5476705.81248,38,14761.209742
5469608.144235,36,14761.926142
5438809.082549,39,14762.699529
5476031.440763,40,14763.500246
5466478.914543,28,14764.017274
5425147.214407,29,14764.583396
5476906.089025,36,14765.279589
5472205.443973,34,14765.936712
6024139.814526,68,14767.270081
5440266.381474,38,14768.029686
5505629.191292,40,14768.810075
5446088.032447,28,14769.364295
982379.270628,250,14774.283496
5581424.61567,39,14775.042462
5434074.131407,34,14775.704354
5425178.947799,30,14776.286698
5452797.471902,37,14777.002638
5472855.342508,45,14777.884213
5454146.825114,32,14778.522538
6043848.233712,71,14779.916712
5458864.753655,30,14780.499157
5514665.691522,36,14781.198203
5482449.511168,33,14781.82897
1086369.190713,250,14786.757973
5465812.305259,46,14787.66
5510527.299888,36,14788.384242
796563.087519,250,14793.326533
5503064.214487,39,14794.113839
5733237.290286,52,14795.127773
5435930.475883,28,14795.674933
5455129.702734,30,14796.255651
6218125.759514,77,14797.733928
5434370.376942,29,14798.29882
5446112.859915,36,14798.997809
5465119.202425,31,14799.6117
5505960.187682,32,14800.263068
5688115.9046,47,14801.191026
5812454.092891,68,14802.549349
5461493.869715,28,14803.111053
5465191.430348,42,14803.930744
5447297.741587,33,14804.588803
-102735.881167,11,14804.803794
5879275.537647,60,14805.973093
5526419.462281,38,14806.726295
5513749.235748,41,14807.553279
5465890.76825,29,14808.121372
5455303.640609,32,14808.742023
5595878.81231,42,14809.558148
5443406.419892,29,14810.116152
1075751.68792,250,14814.935747
5425427.367086,27,14815.468105
5571437.559584,34,14816.145501
5664933.044522,41,14816.925555
5485293.120687,31,14817.524993
5476875.270836,38,14818.285097
5468782.267387,39,14819.026141
5461349.479689,38,14819.747984
1060346.896518,250,14824.436814
5464166.523144,35,14825.09613
5439686.619622,36,14825.745896
1917290.616425,250,14830.502038
5481993.238401,33,14831.122346
5472450.440689,32,14831.746779
5528405.520013,35,14832.39759
894637.816508,250,14837.18372
5493124.58356,33,14837.784539
5439962.974966,29,14838.329041
5732854.457113,43,14839.133876
5481600.475701,40,14839.865296
5994346.076749,58,14840.981421
5508669.626265,42,14841.778149
5576131.479651,33,14842.440315
5468852.567355,38,14843.17063
5446037.201566,39,14843.931836
5888050.249187,60,14845.1063
5494696.500587,39,14845.865908
5421039.418938,33,14846.489076
6043977.737113,60,14847.658314
5465310.070733,35,14848.333819
5730976.481161,52,14849.336528
5442242.271128,29,14849.89093
5462303.785511,30,14850.456149
5446697.946554,33,14851.09227
5480485.593863,33,14851.732836
5424631.98032,35,14852.425795
5458255.095034,38,14853.221114
5418104.737128,29,14853.830627
5448802.754063,29,14854.396971
5456437.635609,34,14855.106973
5498068.645762,30,14855.77665
5477272.983654,34,14856.448545
909807.210584,250,14861.27062
5817850.606969,58,14862.396571
5471522.654478,33,14863.02598
5993168.260801,61,14864.219167
6131183.967161,70,14865.558699
871578.393839,250,14870.314981
5544489.785266,34,14870.984353
5723230.071343,46,14871.842831
5486075.14924,36,14872.527699
5791643.954687,45,14873.416033
5785201.446853,46,14874.29788
5456493.595631,27,14874.830975
5497747.339902,32,14875.44891
5433627.127404,28,14875.986082
5454742.029668,33,14876.612415
5418076.189967,27,14877.106585
5510337.949686,33,14877.757303
5478763.694358,33,14878.41842
5473513.677037,28,14878.966574
5426552.495801,34,14879.61784
5444461.841379,39,14880.367563
5464974.475013,36,14881.048886
825747.2934,250,14885.731971
5464372.591681,42,14886.529141
5694670.020754,51,14887.516287
915820.444495,250,14892.393159
5550199.810477,37,14893.137147
5467262.8996,37,14893.857646
5478883.394808,37,14894.577115
5495909.773807,33,14895.208698
5458718.736116,33,14895.837756
5446835.498364,37,14896.544513
5504851.722427,39,14897.28513
5478821.253512,30,14897.858832
5502509.126134,38,14898.574572
5642119.384756,50,14899.520849
5764574.908021,46,14900.384008
5501124.828397,29,14900.933313
5475649.200552,44,14901.81474
5476082.533554,35,14902.479079
5456091.520231,34,14903.151456
5438919.649193,41,14903.923038
5490438.584775,37,14904.620325
5457406.688948,28,14905.128183
5739746.259353,49,14906.072413
5934074.906444,64,14907.287292
5424420.956106,34,14907.950087
5488664.041116,35,14908.622299
5493435.302293,39,14909.365769
5499218.23629,41,14910.134606
5536818.322365,44,14910.992131
5477921.044724,28,14911.529448
988394.99012,250,14916.247909
5450392.004403,31,14916.82597
5446838.561894,36,14917.552098
5466832.705521,33,14918.21297
5444529.211256,27,14918.748899
5562017.293267,44,14919.589499
5738211.240619,46,14920.496477
5457452.422075,31,14921.105385
5483801.05141,42,14921.925148
5450088.745675,39,14922.674143
5522756.589448,38,14923.401564
5512227.698218,33,14924.021853
6329693.97304,96,14925.827425
5642353.7609,51,14926.802275
5488857.102795,33,14927.430595
5575817.166647,45,14928.266743
5422352.278069,36,14928.959517
5538681.101463,37,14929.672823
5466484.121681,36,14930.355405
5419822.402369,30,14930.912017
5438460.295908,27,14931.40875
5436860.568106,38,14932.116303
5479534.301489,43,14932.941038
5420457.736482,31,14933.521177
5431919.642238,29,14934.079635
5467424.292584,30,14934.641346
5417911.747226,27,14935.185963
7034905.685137,160,14938.30264
5483588.825134,36,14939.021093
5463743.213587,25,14939.520416
5445753.769003,37,14940.264729
5513623.264004,43,14941.121274
5593040.74929,36,14941.826924
5848687.9238,51,14942.820126
473894.38433,250,14947.684961
5438460.102788,37,14948.42742
5520853.26707,33,14949.066061
5443467.480522,33,14949.71933
5976657.257357,75,14951.23719
5421768.318786,36,14951.94936
1173511.636482,250,14956.882832
5453012.316217,35,14957.570479
5521727.844129,44,14958.439618
5443786.780869,35,14959.127775
5464470.313034,34,14959.785887
5554309.486238,41,14960.574659
5456307.333839,33,14961.243846
5493755.779024,29,14961.802971
5442125.149129,36,14962.525194
5521602.262993,36,14963.235397
682025.781336,250,14968.185341
5435638.550012,25,14968.657854
5871131.850593,56,14969.745688
5489071.632246,31,14970.372486
5684483.364807,58,14971.508791
5474800.972801,36,14972.209751
5821953.397537,57,14973.308674
5789436.082481,59,14974.444175
6271983.532872,80,14976.039448
620286.236684,250,14980.975272
5743870.097098,41,14981.794688
5474504.067295,43,14982.640939
5473730.090173,33,14983.295526
5416746.161704,26,14983.81333
5470333.733759,35,14984.494866
5478729.531924,33,14985.1433
5593228.484928,42,14986.002515
5696839.291655,50,14986.988894
5637583.034677,46,14987.894375
5773957.180682,62,14989.049314
5611386.479586,50,14990.036704
1281838.136355,250,14994.904493
5847003.583272,59,14996.031004
5439775.47408,30,14996.63166
5503831.291598,29,14997.199645
6233971.766644,78,14998.748841
5802015.818031,57,14999.873982
633989.065195,250,15004.768667
5950822.341874,92,15006.551085
5638078.894766,48,15007.508833
5433907.207629,32,15008.143281
5573385.716992,39,15008.916046
5776702.168066,44,15009.755675
5775977.779086,43,15010.598502
5602411.182257,40,15011.40313
5515547.061594,34,15012.099284
5539290.640032,46,15012.990554
5550218.541556,38,15013.743745
644732.147302,250,15018.695894
5455755.251879,44,15019.55122
6115143.243042,74,15021.010378
5453259.70749,34,15021.638764
5502549.897457,31,15022.259557
5912626.259958,64,15023.525907
6019683.579595,60,15024.711951
5648300.931564,41,15025.535414
5569102.693893,42,15026.37292
5444995.724386,33,15027.022676
5441262.310332,27,15027.558882
5582069.861311,53,15028.59254
5501154.764444,29,15029.160434
5474912.37735,30,15029.767877
5443523.302041,36,15030.483158
5666782.111586,40,15031.309848
5476159.298501,31,15031.94335
5444439.229686,31,15032.564071
5418225.553885,33,15033.216446
5645879.955285,38,15033.984441
5457297.314323,40,15034.789081
5454375.690133,36,15035.506464
5451954.185785,40,15036.304822
5445429.176657,32,15036.906889
5914133.406364,54,15037.939511
5838453.932261,52,15038.967002
5463460.489078,39,15039.725585
5437119.405126,27,15040.274014
5570871.979887,43,15041.114011
5486004.459871,39,15041.891853
5474125.819533,41,15042.683811
5652267.084579,52,15043.685423
5493765.669988,30,15044.277462
6085447.73192,75,15045.78299
5499849.392588,35,15046.474496
5419598.34339,31,15047.097906
5732368.293475,42,15047.955327
5480569.565674,34,15048.631102
5434349.790338,35,15049.323308
5482414.01823,35,15050.035621
5594342.999419,42,15050.863512
5456274.567569,29,15051.428958
5447955.801479,33,15052.07511
5465533.245948,36,15052.786992
5471051.746208,38,15053.549237
5514661.160248,36,15054.257601
5836886.518727,54,15055.297626
5451815.474957,27,15055.835662
5494610.681115,32,15056.463625
817734.783484,250,15061.348406
6176853.122674,68,15062.65477
5516018.910742,34,15063.325219
5450103.056518,40,15064.081098
5863533.352747,60,15065.199878
5531948.750961,43,15066.022054
5479506.651678,34,15066.643049
5938037.871442,58,15067.766279
5493482.270866,40,15068.487911
1213533.855443,250,15073.319455
5454695.444369,30,15073.928939
6013948.583388,74,15075.339802
5684033.770816,47,15076.248788
600295.597724,250,15080.940298
5560461.102023,37,15081.617999
5690475.273032,46,15082.531764
5454629.102248,38,15083.242864
1124468.444105,250,15088.067839
5443313.769708,28,15088.590904
5804046.009652,45,15089.458493
5428903.180553,25,15089.982413
5623312.412127,48,15090.919564
5465544.892858,37,15091.648025
5560585.866394,41,15092.458856
5440797.960226,38,15093.190323
5427987.635978,42,15093.991223
785051.642085,250,15098.765958
5485113.58972,43,15099.588224
6128090.714484,90,15101.265196
5446522.634635,28,15101.793116
5512988.780235,35,15102.483606
5616059.26961,38,15103.186155
5479372.055279,31,15103.779045
2003858.51929,250,15108.576153
5835352.693405,59,15109.710002
5433819.086633,31,15110.288711
5440781.187237,38,15110.985884
5454834.375323,33,15111.601903
5451085.673009,36,15112.270161
5455831.6821,35,15112.951339
5467731.47009,37,15113.680666
5584945.748143,39,15114.413486
5438992.578173,37,15115.10415
5494131.690706,34,15115.757761
5458661.215111,38,15116.455802
5500127.970658,31,15117.048961
5455483.530565,34,15117.723361
5477109.777361,37,15118.416521
7044844.861282,137,15121.060346
5435244.883877,40,15121.809505
5420753.960602,31,15122.408832
6636067.411328,155,15125.344513
640952.91441,250,15130.042897
5459715.802371,38,15130.796876
5516473.181003,33,15131.433594
751030.738472,250,15136.186975
5491794.939976,42,15137.009202
5484305.512717,33,15137.651626
5464139.366574,44,15138.50419
5463252.744243,33,15139.137496
5439293.68269,25,15139.625653
5440822.38821,28,15140.162446
5471754.741857,30,15140.749489
718338.380389,250,15145.439109
5443085.608634,31,15146.038098
5623585.276178,44,15146.858804
5763006.932515,56,15147.912082
5814711.540716,58,15149.011271
5433199.974348,29,15149.556168
5464056.976091,25,15150.026145
503343.766825,250,15154.770358
5472663.249563,30,15155.337768
5437268.531052,42,15156.161133
5439928.817669,31,15156.750854
5459783.422559,35,15157.397811
5435981.293202,32,15158.005896
5490539.021299,49,15158.909066
5594465.757635,44,15159.797739
5516573.833547,34,15160.438883
5473099.87926,37,15161.107147
5458950.0402,34,15161.77805
5447753.871012,29,15162.323698
5482788.353857,38,15163.030705
5624132.124302,41,15163.814765
5452493.462144,29,15164.349243
5564520.98819,42,15165.143844
5469709.854659,43,15165.967124
5469826.559472,38,15166.676939
5462859.69052,39,15167.450776
5427389.984812,34,15168.111759
5472878.432358,30,15168.689453
5443875.441427,26,15169.179288
5467344.766944,36,15169.860842
5511266.044393,36,15170.535991
5442985.632624,37,15171.261515
5487851.591826,34,15171.932381
5523233.055126,41,15172.703442
5440743.787689,27,15173.199735
5424235.864368,28,15173.729857
5444782.419839,31,15174.314634
5440845.371226,30,15174.881609
5518101.575467,38,15175.610873
5427465.140582,29,15176.161526
5483372.278948,35,15176.812279
563446.892707,250,15181.689902
5597309.348064,43,15182.5434
5434013.446712,32,15183.167665
5607179.22362,51,15184.156992
5488848.406396,34,15184.81591
5436240.201555,29,15185.384983
5438731.707938,30,15185.979518
5495883.847596,32,15186.608754
5458191.007889,29,15187.187878
5805871.157825,61,15188.38745
5486049.474503,41,15189.185027
5493606.853147,46,15190.093804
5473631.585259,40,15190.892493
5445141.443691,29,15191.460302
858971.756071,250,15196.437716
5435875.484132,29,15197.054079
5579731.089353,45,15197.952463
744254.004858,250,15202.915076
5521320.285861,51,15203.921399
603253.729384,250,15208.841959
6132807.002148,76,15210.3579
5786209.902417,43,15211.216701
5455996.06087,33,15211.87616
5530181.849396,35,15212.579262
5521832.085626,41,15213.395574
5478314.502429,38,15214.146915
5434686.761946,30,15214.755253
5475933.175268,42,15215.56862
5547223.85591,51,15216.551785
5496891.872749,32,15217.1933
5943646.817646,57,15218.310209
5435943.186238,37,15219.032125
5467950.335546,39,15219.791647
5451745.778587,30,15220.392516
6853129.270077,122,15222.813702
5446276.721689,38,15223.582249
5441898.229082,33,15224.227358
5964870.52468,61,15225.413665
5445517.664241,37,15226.155573
5446784.241709,30,15226.725366
672439.86492,250,15231.624856
5432864.832344,29,15232.188557
5472849.569871,43,15233.013282
5456366.399943,38,15233.762174
5437360.984487,33,15234.399606
5706971.281454,51,15235.356639
5541510.277616,39,15236.125267
6510077.528297,88,15237.848589
5459324.376474,32,15238.483744
5816445.217377,50,15239.46005
5436196.252461,35,15240.129164
5739997.875457,56,15241.225208
789423.257428,250,15246.185014
6099099.392574,72,15247.566841
5824497.983318,47,15248.49572
5552573.050537,39,15249.257763
5620358.988322,36,15249.978611
5567888.91348,46,15250.881238
5531104.790664,46,15251.777415
5514255.990144,38,15252.544662
5626021.370417,42,15253.374975
5534081.901292,48,15254.333736
5733017.649694,57,15255.445093
5448542.148186,29,15256.019593
5535440.559483,48,15256.990955
5715889.628108,43,15257.874085
5453500.864834,36,15258.585744
5463909.2492,37,15259.356077
5953432.524434,54,15260.44143
5665400.300374,43,15261.274977
5444225.402885,39,15262.056429
514512.852166,250,15266.985293
5463672.184675,29,15267.54142
695292.275949,250,15272.466457
5479161.093725,36,15273.203794
693952.845381,250,15278.205915
5512097.787181,37,15278.964937
5457329.872984,40,15279.758104
5570410.821324,37,15280.467844
5457448.752971,40,15281.270058
5910113.560318,54,15282.312102
1134865.416449,250,15287.276588
5489062.989349,40,15288.064531
5755369.287429,42,15288.92714
5533434.4324,39,15289.711668
5429227.612198,38,15290.476581
5462383.1162,32,15291.10259
745583.792524,250,15296.111885
1157300.884408,250,15300.954812
5529812.859698,34,15301.615608
5514339.519275,50,15302.598315
1138100.003553,250,15307.343636
5616599.181353,59,15308.42788
5547780.189019,37,15309.116281
5445362.518541,29,15309.673285
5779537.034002,47,15310.579969
5501149.441436,34,15311.216614
5496191.998513,43,15312.076458
5568732.293148,38,15312.83515
5483863.437549,46,15313.734434
468556.187244,250,15318.573101
5654656.345418,58,15319.688028
5450615.540705,36,15320.377679
5705039.981224,51,15321.352879
820711.371559,250,15326.154533
5491731.627636,44,15326.983482
5827735.509724,60,15328.152794
5474726.752009,32,15328.78072
5882969.179481,68,15330.075039
5488014.47556,31,15330.698898
5652034.931891,47,15331.649008
5531779.214585,37,15332.359045
5508438.728601,41,15333.142716
657221.855471,250,15337.981484
5442793.264879,33,15338.615135
6117064.112404,68,15339.934117
5429850.841041,33,15340.562397
5502904.827999,38,15341.31224
5470653.236696,36,15342.01496
5455188.205508,34,15342.65997
616614.381256,250,15347.499719
5467755.148196,43,15348.347365
826854.302215,250,15353.106064
5463824.793724,36,15353.802773
5438186.527996,30,15354.402729
5518494.828242,52,15355.410283
5457159.74961,31,15356.03874
5850410.906062,54,15357.055622
5621842.187975,61,15358.17169
5582426.733655,40,15358.921921
5439879.031172,34,15359.584306
5437456.181034,32,15360.187468
5483655.159019,51,15361.185751
5854424.055948,50,15362.118153
5418839.338551,36,15362.818195
5471404.479364,30,15363.412758
5476139.313536,41,15364.183515
5441671.729685,36,15364.874931
736325.65158,250,15369.5827
5426883.61077,25,15370.041368
5485485.708469,41,15370.854125
5463096.47212,41,15371.599833
5629958.972754,36,15372.282545
5509371.349283,40,15373.056212
5620514.006625,42,15373.847916
5806402.589719,57,15374.930179
5461540.508627,36,15375.614568
5563562.877654,41,15376.388802
5457702.348107,33,15377.036855
5501818.959814,28,15377.572202
5621176.023276,50,15378.533521
5789072.532723,51,15379.527974
5568656.016844,47,15380.420584
5646729.610103,46,15381.325968
5421227.070768,28,15381.880058
5418630.03566,28,15382.402452
5771681.439029,50,15383.315052
5487768.331175,41,15384.126923
5542221.421701,47,15385.002669
5440021.3194,42,15385.78445
6001441.078824,65,15387.00048
5455152.965545,34,15387.647289
5433060.505919,30,15388.224595
5459379.977999,37,15388.949305
5444785.560575,32,15389.544024
5437060.652909,42,15390.36799
5493515.572469,39,15391.087697
5454961.149122,32,15391.676374
5502899.47154,43,15392.468202
5929574.172069,57,15393.529051
5469902.711537,45,15394.394155
5450131.422431,29,15394.963792
5520622.136642,46,15395.857506
5447947.800403,36,15396.542559
727979.579132,250,15401.336025
5430115.238627,41,15402.094686
5489282.290501,40,15402.846973
5432494.5278,29,15403.394564
5476929.370706,36,15404.112536
5448840.311402,33,15404.739469
5765322.88966,48,15405.677392
5468328.309525,40,15406.451756
5857531.033785,60,15407.588464
5489122.003733,43,15408.427046
5636149.948951,47,15409.311543
5461315.692849,35,15410.004582
1998385.107578,250,15414.728875
5469850.474056,36,15415.431785
5486595.469739,35,15416.11078
5456651.464702,35,15416.771421
5551129.315388,39,15417.498338
5667360.873359,39,15418.268613
1069396.176699,250,15423.146627
5450005.905365,34,15423.810719
725779.243768,250,15468.435556
5979071.973427,60,15469.627257
5468786.859608,34,15470.295267
5581751.887891,41,15471.120723
5447322.657718,29,15471.690603
5490640.144578,30,15472.281736
5459409.009262,36,15472.971468
5444441.140328,40,15473.761773
5463993.26344,39,15474.524659
5489300.07107,39,15475.291271
5486863.925698,33,15475.932307
5461107.428655,29,15476.504274
5564387.336847,65,15477.783872
5420051.493933,38,15478.512695
5440960.692172,28,15479.070376
5908459.441491,95,15480.967048
5862516.71043,53,15482.034292
612346.669349,250,15486.914634
625524.101579,250,15491.891029
5496789.759871,39,15492.669842
5484542.924872,43,15493.534871
5939457.697324,66,15494.850858
5451722.037233,40,15495.650725
5813065.869359,63,15496.877898
5455382.977057,49,15497.852222
5517316.000539,48,15498.790331
5451668.147042,37,15499.492766
5438251.840027,36,15500.203756
5530149.582333,45,15501.101864
533115.835221,250,15506.078336
1032033.386576,250,15510.963206
5473124.784105,30,15511.560759
5454648.047401,38,15512.319103
5468292.323547,35,15513.020142
5505215.546676,34,15513.670272
5451695.702953,37,15514.408753
5619572.267622,45,15515.266597
5445202.881647,29,15515.836273
5441677.706724,34,15516.508461
753054.874391,250,15521.438535
5606164.049914,37,15522.176648
5744201.557302,57,15523.298846
5778346.925571,55,15524.384143
724040.192006,250,15529.356731
5455162.476566,44,15530.222072
569553.451995,250,15535.12746
5432445.372326,29,15535.696644
5579097.801364,45,15536.601792
5439659.987187,27,15537.138722
6353750.833952,72,15538.554059
5463130.490484,30,15539.111744
5434074.183345,28,15539.664445
5614978.994463,35,15540.325827
5481620.1059,39,15541.114321
5504948.047315,37,15541.836693
5565727.574794,38,15542.568036
5539713.232754,34,15543.219002
5485572.293798,31,15543.831758
5601734.484396,57,15544.939048
5515981.329426,36,15545.603671
5460735.318914,32,15546.232954
5443732.386918,38,15546.969346
644278.677261,250,15551.801983
5435549.516362,33,15552.412716
5484828.574137,36,15553.106191
5483161.100501,45,15553.988385
5458619.419146,33,15554.60813
5497116.4798,32,15555.247529
5510305.365936,42,15556.043723
517331.293505,250,15560.763928
5464672.72548,34,15561.435391
447386.355624,250,15566.266953
5540090.973804,43,15567.118781
5726904.113288,60,15568.31503
5507171.531382,44,15569.170422
5476671.249849,30,15569.754357
5514041.068145,52,15570.754532
5853303.9867,56,15571.857256
5442925.512615,35,15572.515632
5466991.287796,28,15573.054185
5478256.508887,35,15573.73606
5469631.944822,27,15574.260658
5457184.918243,44,15575.090767
5439615.07504,38,15575.843541
5616286.719366,50,15576.760875
5800584.760715,54,15577.840432
5456654.904731,34,15578.500263
5490635.079337,35,15579.168252
5458506.924775,29,15579.706849
5456670.880723,31,15580.313885
5703347.596641,46,15581.187059
5548566.333992,39,15581.917043
5461405.235583,33,15582.574796
5779597.508373,53,15583.589062
556706.530235,250,15588.383433
5463924.245435,36,15589.059425
5495671.567969,42,15589.846479
5616871.842274,42,15590.666607
5456341.736581,37,15591.372551
5577961.322106,49,15592.29665
5473757.176682,36,15592.986845
5527440.053845,35,15593.638301
5479964.629336,36,15594.33722
5665614.682303,48,15595.250472
5427502.563739,36,15595.929848
5750252.158585,51,15596.97398
5499305.495952,39,15597.69541
5519819.460328,41,15598.454081
5431838.969786,34,15599.083487
5437493.845951,45,15599.936819
5450578.794196,39,15600.654293
5674047.908003,44,15601.441736
5922659.694832,57,15602.570184
6216111.499805,86,15604.197971
5463184.778902,32,15604.802914
5693236.52819,52,15605.771213
5432908.664314,36,15606.451123
5491005.51769,31,15607.04835
5421627.006139,34,15607.691388
5453770.270788,32,15608.310686
5470377.239182,34,15608.970423
1486078.155071,250,15613.765826
5468534.724132,29,15614.338055
5971130.007309,71,15615.695152
5706189.18269,45,15616.543041
5634611.67412,45,15617.422696
5535686.789415,46,15618.280659
5430200.050872,27,15618.801089
5434797.320472,28,15619.337316
5486797.297226,31,15619.951325
6668452.617436,96,15621.774904
5456197.750134,31,15622.332053
634397.61818,250,15627.059148
5504798.652276,34,15627.738685
5830639.024946,49,15628.666012
5473642.078335,40,15629.41892
5463746.053699,28,15629.969678
5471042.689647,32,15630.588088
5449822.961087,38,15631.339338
5512132.043377,32,15631.926243
5452245.83232,34,15632.648258
5457543.015412,35,15633.324082
5528044.458954,41,15634.099414
5580582.998658,36,15634.777685
5437125.427473,29,15635.336679
5504471.804448,42,15636.087423
5482195.998819,34,15636.750237
5616646.892468,45,15637.633301
5721558.350454,48,15638.518669
5593164.039392,48,15639.446467
5848933.718253,50,15640.408374
6131565.808351,82,15642.004081
5473958.229087,32,15642.635025
5500857.197859,44,15643.4743
5533286.967794,36,15644.1826
6160307.349358,67,15645.474223
5582860.88449,49,15646.393705
5470018.155797,30,15646.932308
5670256.508377,42,15647.735661
5444605.198198,43,15648.560427
5481105.507294,39,15649.317936
5428903.180693,27,15649.83752
5437925.149329,27,15650.366812
5882276.622253,69,15651.656683
6209358.086196,74,15653.08648
5459065.684723,37,15653.801318
5433488.905686,26,15654.311788
5470875.368162,38,15655.015856
5538176.751423,48,15655.928868
5595228.622108,36,15656.621942
5425175.195746,42,15657.449132
5463737.047631,32,15658.085555
5501620.367823,41,15658.892776
5561697.662748,40,15659.718355
5487053.231742,38,15660.471178
5470469.146831,29,15661.039455
5566545.215779,50,15662.033404
5475866.216711,41,15662.837322
5860288.903405,62,15664.034431
5440937.735653,42,15664.862484
5506347.300343,43,15665.70555
5498635.143502,32,15666.344342
5543794.630631,43,15667.193583
6202234.93886,82,15668.832226
5533654.429254,39,15669.611136
5623289.088631,50,15670.594772
5499833.364098,42,15671.41154
5494193.13216,35,15672.119075
5486365.737233,51,15673.141328
5419335.622364,29,15673.719675
6260885.84591,83,15675.343259
5473288.66252,46,15676.227571
6009088.838553,57,15677.357812
5484481.968535,30,15677.932375
5464404.258453,34,15678.602378
596767.470572,250,15683.489435
5483381.35339,33,15684.148379
5691817.308601,54,15685.206519
793410.809257,250,15690.206173
5572505.573113,41,15691.007318
5804220.865889,56,15692.104671
5431918.612751,36,15692.834514
5497896.658503,60,15694.004093
5498479.200103,32,15694.635315
5852884.503002,57,15695.758784
5819373.880514,46,15696.645763
5450109.248152,45,15697.548386
5667020.36115,51,15698.552352
5468873.038473,38,15699.29255
3187434.409736,250,15704.287626
5906347.240323,58,15705.414865
5438099.692156,31,15706.028287
6048755.997724,62,15707.213644
5436204.498198,27,15707.739262
5453244.052042,34,15708.39646
6028515.600238,80,15709.969693
6009650.486114,58,15711.133378
5436547.519524,29,15711.713933
5485451.893622,38,15712.474529
7271576.19403,134,15715.104323
5493758.827534,51,15716.136729
5516354.646249,44,15716.997269
5449841.40603,26,15717.520714
5455664.703234,45,15718.41847
5516059.934727,44,15719.300421
6012124.269064,69,15720.688551
5428394.062552,30,15721.286699
5448889.882383,38,15722.042461
5617317.469902,47,15722.982077
5600187.105248,43,15723.855043
452246.730327,250,15728.751423
5526184.601377,42,15729.565572
5419780.896002,34,15730.229244
1694717.843203,250,15735.214117
5445678.218464,37,15735.941873
5461648.508906,39,15736.734836
5542314.718616,40,15737.503384
5509019.596414,37,15738.226611
461725.125093,250,15743.155641
5899842.966152,57,15744.28267
5703197.766942,58,15745.441254
6368106.091588,80,15747.014747
5457206.390781,36,15747.736858
897559.140534,250,15752.671631
5528457.843178,40,15753.438368
5450790.039607,35,15754.132679
5603044.956703,41,15754.945318
5515188.915517,34,15755.616932
5791871.061748,64,15756.86852
5486815.779543,34,15757.534726
6046548.82081,66,15758.827179
5445198.495926,30,15759.413233
5478063.444955,35,15760.131299
5444948.763112,30,15760.727724
5685366.735467,48,15761.682324
5507443.565385,32,15762.309864
5435988.346929,36,15763.058388
5849242.770355,56,15764.167943
5460418.479287,36,15764.913619
6627041.919134,102,15766.923619
5638269.712312,50,15767.930545
436852.080861,250,15772.829599
5453278.888219,33,15773.48632
5797066.80364,58,15774.632306
5484764.038214,36,15775.337764
5524038.931125,46,15776.281333
5463322.006187,30,15776.886023
5513317.374762,36,15777.614413
5528729.53373,42,15778.449179
5525182.863715,40,15779.223127
5488227.864885,36,15779.919189
5506938.480124,52,15780.961608
5437166.218531,36,15781.652505
5508862.141946,41,15782.445907
5450409.466203,38,15783.163103
5552673.976537,44,15783.961943
5577006.356019,45,15784.816624
334812.407806,250,15789.530609
5484293.546451,43,15790.327382
377442.607476,250,15795.168533
5856897.68306,55,15796.228404
5498463.520402,30,15796.814752
359899.310242,250,15801.560073
5468462.623585,40,15802.332563
5467781.545169,37,15803.05895
5497736.030187,47,15803.933186
5423564.476606,36,15804.639667
6070698.308023,112,15806.7918
5882459.766944,54,15807.828901
6172262.426712,74,15809.22144
681166.565091,250,15814.113139
5421814.126988,26,15814.587655
5643454.680626,40,15815.337892
5811061.802966,56,15816.373175
5458303.355225,28,15816.896389
5854247.420423,52,15817.8765
5477888.240004,37,15818.607083
5609169.704019,52,15819.593903
5533621.987669,54,15820.668101
5446960.43914,36,15821.381882
5465577.177328,29,15821.966067
5516075.140609,35,15822.64333
5457498.875483,36,15823.31377
381277.136044,216,15827.510595
5477737.555903,40,15828.268007
5509088.671229,44,15829.082874
5751746.838599,74,15830.484334
5608120.919855,39,15831.234785
5474344.28989,38,15831.977701
5448031.19715,33,15832.642418
5830938.995329,60,15833.798868
5436587.318336,35,15834.496021
5432480.188515,34,15835.13748
5686584.486319,54,15836.17775
6400165.264801,95,15838.064161
5618342.903096,41,15838.829684
6831852.334637,113,15840.996835
5462583.25018,30,15841.576092
5425554.134164,39,15842.326053
429943.974766,250,15847.102603
5457878.372277,33,15847.717436
5649965.393377,44,15848.525693
5493320.737124,42,15849.32682
6285348.322459,85,15850.954698
5639402.075151,41,15851.74347
5838865.584187,51,15852.725475
6148480.783341,69,15854.096382
432199.190945,250,15858.823081
5861904.291786,65,15860.078332
5903824.482344,62,15861.267235
5541899.263965,57,15862.368406
5961837.31905,68,15863.656249
5496129.97955,39,15864.398413
431390.5154,250,15869.189514
6563771.817417,100,15871.091504
474862.995587,250,15875.808239
5460435.855547,43,15876.621828
5628011.266917,50,15877.614269
5423240.630839,37,15878.306036
5515884.390484,37,15879.030227
5513645.786295,48,15879.939229
5480971.762523,37,15880.619276
2224324.877597,250,15885.339584
5896398.899941,49,15886.274674
5441612.808097,42,15887.089049
5724679.411112,47,15887.947535
5536580.633733,50,15888.914349
5456651.349864,39,15889.664148
5635705.349877,54,15890.692482
5756420.542921,54,15891.701062
5926601.008957,60,15892.834968
606160.64137,250,15897.606586
5471770.158618,37,15898.317144
453131.760151,250,15903.245243
5443829.103889,34,15903.888532
5811606.796789,53,15904.905694
5466052.281165,35,15905.557933
678774.118129,250,15910.425618
578050.471056,250,15915.383729
5458716.193773,39,15916.141135
281159.716031,250,15921.041442
371643.075508,250,15925.975693
5475838.547281,41,15926.784678
5439562.965496,34,15927.462178
343370.900631,250,15932.499863
509441.918617,250,15937.445898
5697229.454619,43,15938.309083
5469848.023573,31,15938.898128
357549.836459,250,15943.815936
5828375.857955,48,15944.774238
5922119.597156,70,15946.166037
5582565.67837,37,15946.898547
5451174.52276,40,15947.690265
5438141.51986,27,15948.237039
5452124.036723,37,15948.985606
5477208.284711,34,15949.665
5436094.360688,28,15950.206968
5477425.517656,31,15950.851988
5985181.958286,71,15952.276576
5466328.321679,30,15952.881053
5718148.603238,39,15953.643406
5477601.185932,39,15954.417766
5462369.651113,32,15955.076236
5482980.252401,40,15955.863564
5514990.934765,41,15956.67657
5620024.60921,54,15957.751639
5512804.297359,40,15958.522707
5905728.76515,56,15959.631222
-16032.479011,38,15960.379479
6245421.744316,87,15962.107517
-100066.956982,13,15962.362915
5776801.06995,50,15963.322283
5447505.951193,41,15964.128397
5475995.043352,34,15964.788487
6050956.698325,73,15966.203948
474454.273302,250,15971.155853
5473664.813992,44,15972.04208
5694534.470859,56,15973.176818
5709253.167149,50,15974.160385
6159386.437778,79,15975.754905
5624951.599089,37,15976.4703
5473113.202429,36,15977.18134
5869343.686113,57,15978.310514
5430688.265623,26,15978.808712
6934429.909863,114,15981.023586
5511263.656529,42,15981.845452
5466462.54776,40,15982.628492
781733.386523,250,15987.51466
5441362.313124,45,15988.3937
5477394.671762,33,15989.040534
5873515.560469,59,15990.198965
5477274.38138,35,15990.897641
5427735.837825,34,15991.568206
5491620.764623,40,15992.338393
5539398.488918,52,15993.369048
5486900.34883,36,15994.088042
5444651.342505,34,15994.763719
5474887.87956,30,15995.357995
5431098.217493,38,15996.100587
5626051.642335,56,15997.229781
525091.306043,250,16002.125015
5495637.672058,36,16002.839142
5570481.154049,35,16003.543646
5655225.235924,51,16004.554213
5481303.230717,32,16005.197385
5570593.257606,50,16006.200597
5734263.111052,47,16007.13602
5468521.494648,37,16007.878069
5463768.537677,25,16008.359624
5781223.693256,52,16009.383515
6027658.63575,63,16010.630969
5476703.720856,33,16011.28177
5459839.502464,31,16011.891034
5983476.062337,71,16013.300651
5773448.147005,51,16014.326742
5429460.504786,29,16014.913951
5594925.517554,45,16015.783826
5497224.883358,40,16016.56798
5490987.615744,38,16017.343507
5489261.087754,35,16018.025887
5450975.824995,38,16018.807539
5454895.607755,41,16019.630466
5755363.579631,55,16020.687178
5444125.284356,38,16021.44061
6894399.374114,128,16023.948468
5622575.37578,40,16024.708609
144968.481752,126,16027.136788
5481649.775343,40,16027.88473
5841735.02489,62,16029.022763
5445875.662119,32,16029.624177
5846673.510289,68,16030.935416
5627030.762463,55,16031.979494
6484110.504516,92,16033.717382
5454653.619871,33,16034.346478
5566484.923475,45,16035.245141
5535244.080432,44,16036.101676
6288682.883762,79,16037.65437
5619440.490518,46,16038.519955
5966881.810371,64,16039.74362
5472907.564444,30,16040.314561
5428313.755374,38,16041.054433
5464839.586736,41,16041.793634
5444189.316008,33,16042.422312
5459619.777326,35,16043.099218
5653172.231859,41,16043.864441
5475683.458012,41,16044.623007
5585351.470455,39,16045.371906
5485570.992005,39,16046.076658
5466635.817788,41,16046.859243
5462321.987028,33,16047.490256
5479071.223646,33,16048.100676
421965.697817,250,16052.856481
336520.463539,250,16057.697522
5500659.369929,30,16058.256187
5859071.047138,63,16059.473815
5626927.375123,35,16060.135227
5465253.586584,38,16060.844445
5433840.335591,34,16061.493993
6018145.213042,76,16062.901381
5484137.38042,39,16063.616022
5538215.178085,44,16064.476325
6080222.003284,62,16065.645781
5446002.40169,34,16066.292613
5571050.95083,37,16066.995673
5577077.790045,56,16068.047237
5752284.50699,57,16069.107932
5539425.000888,40,16069.893046
5489332.00263,28,16070.430418
418293.129576,250,16075.175335
5515762.850846,38,16075.929288
5486344.630212,35,16076.593166
5470786.081624,39,16077.32209
5469442.22089,46,16078.201466
6207413.053303,76,16079.664108
5725573.176029,55,16080.752271
5430190.920199,39,16081.497081
5459807.318487,30,16082.10681
5692064.11812,42,16082.941381
5474072.095207,35,16083.651579
5539926.825492,31,16084.211663
5859292.538729,60,16085.375681
5482727.401986,43,16086.194292
5920161.962287,60,16087.337433
599326.982589,250,16092.11976
5457836.707159,34,16092.754685
5444479.862801,38,16093.476342
5828142.036989,47,16094.375593
5707880.296494,42,16095.1767
5523400.920438,45,16096.039356
6207265.096074,99,16097.893713
441024.918519,250,16102.614224
5570481.295282,45,16103.481476
5804524.688426,59,16104.548048
5455021.099095,34,16105.200024
5504358.872637,36,16105.889935
5431539.785316,27,16106.378234
5662263.867682,67,16107.688661
5576754.49039,37,16108.386993
6631470.614869,108,16110.500655
608568.50771,250,16115.30285
5479259.844946,39,16116.04929
5832898.616191,52,16117.035032
5867409.470477,67,16118.295201
5519157.358681,32,16118.90485
5462497.469347,29,16119.435805
430690.374369,250,16124.125854
5692626.070911,52,16125.117287
5450842.028189,27,16125.667295
5976579.083428,71,16127.018048
5544467.472828,43,16127.856687
5444112.995912,37,16128.588026
5557568.32761,34,16129.234375
5466555.549172,32,16129.855078
5515147.110868,69,16131.158626
5422816.025062,27,16131.681608
5484440.292985,38,16132.390985
5449934.739668,27,16132.923819
5573614.092671,56,16134.009128
5701658.751922,43,16134.788311
5457441.969495,35,16135.46239
5889079.922946,68,16136.731899
5721837.977021,44,16137.572131
5971939.950177,67,16138.888511
5508116.840883,34,16139.560147
5494991.592891,46,16140.456272
5769262.9101,51,16141.46037
5890574.170897,53,16142.462683
5490842.874452,32,16143.08331
598147.325065,250,16148.025094
5438871.294245,40,16148.823133
5539342.225054,47,16149.719557
5485995.781371,41,16150.512235
5893301.982245,57,16151.645428
5662389.471538,49,16152.601089
6082319.460792,71,16153.948687
5451705.627251,43,16154.80723
5478389.652636,43,16155.679273
5503679.792938,35,16156.351969
5480930.402222,39,16157.138098
5607577.247449,51,16158.177868
368136.365536,250,16163.109481
5446822.524666,53,16164.184773
5536824.84585,42,16165.014025
5446980.555677,39,16165.783636
5718182.058552,55,16166.876238
5515260.497031,33,16167.520113
300153.857328,250,16172.474336
5428395.547698,26,16173.005578
5506868.583525,53,16174.04182
5537010.180786,48,16175.008888
5461297.466847,30,16175.614352
6468865.633608,91,16177.448354
5477952.811633,29,16178.017457
5438698.124662,25,16178.499212
5490292.844015,45,16179.397444
5502080.011646,48,16180.355384
5453489.739073,35,16181.048637
5502716.1105,36,16181.767897
5459646.821839,36,16182.479168
5524208.108464,46,16183.365564
6418051.348094,105,16185.408869
5619838.170861,44,16186.264725
5430869.386262,42,16187.092389
5422577.917799,28,16187.645001
5554137.578247,51,16188.681247
5473162.394134,34,16189.365949
315543.455207,250,16194.294689
6005887.943981,64,16195.534311
5420902.753978,27,16196.070072
5539691.751884,42,16196.873833
5420441.372849,29,16197.44133
5560946.416253,38,16198.184995
5484490.117963,50,16199.1697
5480099.163186,37,16199.894635
5534038.518176,48,16200.863523
16569.216134,57,16201.992151
384100.928727,250,16206.931339
5480545.070955,37,16207.647096
5469507.157158,33,16208.289123
5525692.290067,52,16209.304834
5470920.985266,37,16210.023826
23577.534975,48,16210.962927
5457218.48901,35,16211.637251
5600894.751049,37,16212.36692
5458471.547152,42,16213.169947
5446985.686507,41,16213.954713
5468255.415408,29,16214.524588
5515041.550165,52,16215.556339
5862515.625816,68,16216.879225
5777950.008575,66,16218.204674
5476948.025348,29,16218.78175
5469850.571797,38,16219.538192
5449114.296369,32,16220.177125
5716995.665881,59,16221.317208
5515461.053779,39,16222.101432
5449567.674138,33,16222.761446
5422688.789377,28,16223.309211
5600982.779289,39,16224.041244
5460491.338577,45,16224.914189
5468778.245584,44,16225.786427
5467554.833212,35,16226.452908
5525381.133686,40,16227.226543
5451804.970451,32,16227.865539
5438733.605868,38,16228.607354
5476345.516515,36,16229.319193
5461943.090922,34,16229.996931
5996958.995213,227,16234.531126
5524849.923282,46,16235.481477
463352.51587,250,16240.432121
5526043.104991,45,16241.335594
5419576.038769,30,16241.926323
5593219.769012,57,16243.029832
5482082.206985,35,16243.723037
5574787.279403,48,16244.638793
5627288.891007,48,16245.561974
5502613.065539,33,16246.219056
5499509.642163,42,16247.065383
5440079.320881,37,16247.813799
5445336.309209,41,16248.64197
5485160.231936,34,16249.294957
5831019.351729,64,16250.542555
5471046.169965,29,16251.131167
5538648.287407,38,16251.888444
166244.368552,166,16255.14536
5530488.961261,52,16256.156564
5489802.913229,38,16256.902036
5748228.994173,54,16257.918711
5491015.30916,45,16258.762568
5810908.88015,46,16259.67576
5603086.371662,60,16260.809502
5452710.045175,34,16261.462507
5523096.888938,39,16262.189351
5666378.747191,42,16262.991186
5474742.206706,39,16263.734948
5691850.928629,45,16264.590187
5523305.870257,50,16265.550557
5444174.412755,36,16266.24901
5529427.173963,45,16267.109292
5442926.016452,38,16267.838806
5466629.322746,51,16268.792987
6213735.480535,80,16270.303425
5539377.722984,36,16271.013546
5492840.519029,35,16271.66434
6279865.780379,93,16273.453212
5439131.726822,35,16274.10143
5485307.756122,41,16274.869325
362024.173698,250,16279.707525
5479713.561137,35,16280.384865
5442351.971442,32,16280.996846
5460594.912136,43,16281.800036
5443340.456491,34,16282.467533
5664534.270762,59,16283.587333
5499190.448514,39,16284.335443
5641059.871645,45,16285.183949
5438200.71084,37,16285.906091
288815.083361,250,16290.627435
6295088.678392,72,16292.021836
5484002.004128,30,16292.58403
6089022.083341,68,16293.87566
5696748.388627,51,16294.877922
5464350.166999,43,16295.735544
5527553.298284,58,16296.872326
5448698.848772,39,16297.658342
5480156.316907,42,16298.512616
5450118.042182,42,16299.37896
5440165.511245,43,16300.182552
5449303.76934,36,16300.878052
5539057.381694,48,16301.762684
5544156.102363,48,16302.679549
5425488.930943,30,16303.277621
5686035.873102,41,16304.062176
5763195.329159,47,16304.988307
5655000.025802,40,16305.746156
5583238.102261,47,16306.619262
421128.127418,250,16311.414194
5731203.37129,65,16312.648691
5907087.163275,59,16313.760109
5507432.506177,33,16314.406601
5725827.708972,52,16315.380794
5967045.168849,65,16316.57461
5426089.333567,37,16317.286313
5797412.449646,55,16318.359525
5510599.262544,34,16318.997215
5431443.104916,30,16319.61061
5490863.081591,40,16320.387659
6082079.621563,69,16321.705751
5652345.817662,54,16322.752088
5488919.305842,42,16323.5723
5465697.255259,32,16324.183008
5512181.546551,38,16324.916894
6052116.350629,73,16326.340286
5789633.240911,64,16327.547056
6304268.532914,89,16329.26571
5775483.502097,57,16330.337452
5685297.027212,54,16331.380136
354712.33383,250,16336.08969
5480717.708065,46,16336.943204
5437581.55297,26,16337.450114
5459630.246561,48,16338.400191
347777.631965,250,16343.281594
5543506.523693,63,16344.509163
5474754.984557,38,16345.230619
5571691.250929,39,16345.99038
5495153.312941,43,16346.802697
5641455.780903,52,16347.791841
5447738.700973,35,16348.465978
5702454.63434,46,16349.336292
365705.444518,250,16354.042924
5470065.360256,41,16354.814791
5439371.078918,37,16355.512353
5532035.61999,32,16356.139853
5476001.002352,49,16357.090025
5440369.848469,34,16357.736543
5660148.036549,122,16360.103618
5626479.937482,61,16361.298168
357999.352574,250,16366.027737
5586552.55083,53,16367.051667
182504.901128,250,16371.877609
5518599.239237,35,16372.576313
5659615.316413,48,16373.547727
5857591.263924,179,16376.961689
5482502.056837,34,16377.600585
5478602.14377,34,16378.261254
5526802.481095,40,16379.056152
5483861.029197,41,16379.847113
5465698.675781,32,16380.487149
5937260.291164,70,16381.866326
5534100.976409,46,16382.799432
5765087.084271,50,16383.792864
5456973.210185,27,16384.323522
5480231.805968,34,16385.018257
5478315.621873,34,16385.698729
5896172.416284,57,16386.845099
315076.358236,250,16391.80659
5930016.307688,68,16393.125178
5501422.813734,47,16394.042113
5444448.383271,32,16394.677111
6022756.69642,58,16395.818991
5516627.235145,39,16396.571223
5444777.771472,27,16397.096962
5479047.760002,50,16398.115737
5479717.674664,50,16399.063939
5459265.789239,32,16399.679853
5504140.838294,49,16400.655861
196961.697322,235,16405.270833
5594578.103131,49,16406.220714
5443050.855926,30,16406.826448
6067325.58662,68,16408.155921
5457760.493323,43,16408.995464
6792121.018305,110,16411.146378
5473561.579152,38,16411.899651
5462064.825334,29,16412.46967
5667831.243971,41,16413.248455
5441155.179332,38,16413.988612
5599197.702296,53,16415.032779
5479344.226912,33,16415.706601
5512709.913935,47,16416.647834
5882426.038281,57,16417.780738
5482113.163866,31,16418.39136
5475168.086034,38,16419.141952
5444928.438831,33,16419.811629
5437662.397616,30,16420.391814
5481189.802912,35,16421.059919
5500614.339186,34,16421.702368
5516282.276656,41,16422.522763
120987.68145,250,16427.385348
5568839.797078,40,16428.171391
5536019.462676,42,16428.996258
5527300.503262,45,16429.849828
5532265.052986,44,16430.711811
5500922.936171,36,16431.448246
5906152.982799,76,16432.969482
5455096.707214,33,16433.626236
5700148.49859,45,16434.527386
5770537.910535,53,16435.55394
5479715.422037,47,16436.490862
5493294.463013,43,16437.327355
5762177.18283,65,16438.576856
5481365.858269,51,16439.575639
5748386.731139,57,16481.874139
5463426.834054,35,16482.585835
5655630.688719,41,16483.419721
5519835.19079,38,16484.205065
5790863.127161,60,16485.402543
5472312.21383,46,16486.297049
5468272.271528,52,16487.309989
5486792.504312,38,16488.064593
266792.043193,250,16492.990166
5679627.696336,61,16494.187744
5456447.445029,41,16494.986994
5550739.449564,47,16495.914067
5735084.38441,42,16496.740367
5495138.707124,37,16497.480085
5676230.565814,51,16498.464954
6091778.199835,76,16499.94026
5587398.1273,44,16500.789824
5454555.548674,48,16501.694819
5631820.786314,61,16502.84374
5855261.343201,55,16503.898049
5471730.039122,45,16504.723667
5734293.225205,76,16506.16572
5465911.481457,32,16506.776755
6143496.1739,80,16508.309027
5816961.053314,69,16509.608766
5656603.559737,58,16510.699216
5484029.363197,49,16511.602387
5844748.752053,52,16512.613414
5446889.760961,28,16513.165204
5437662.010628,39,16513.918587
277232.274053,250,16518.717339
5494875.089635,36,16519.4114
5425143.321611,25,16519.902563
5447360.975282,32,16520.532719
5448211.788095,31,16521.131551
5445008.874015,36,16521.831816
6050358.410757,81,16523.396953
5468238.906303,36,16524.086011
5500065.795539,38,16524.838473
5914371.699421,58,16525.953985
5668523.089641,48,16526.872404
5720819.642236,55,16527.9316
-92785.73561,30,16528.515183
5882395.240818,57,16529.589357
5493984.611704,34,16530.257181
5453738.026164,37,16530.944729
5459986.428365,37,16531.664973
354361.420356,250,16536.45308
5505422.649516,38,16537.183147
5473440.28712,42,16537.977171
5739800.178301,197,16541.636617
5721922.415242,41,16542.41921
5662212.968431,55,16543.513065
5479433.923707,49,16544.447104
5648484.21561,49,16545.402412
5446079.846256,35,16546.08335
5443904.629194,41,16546.864435
398293.453267,250,16551.633907
5434426.225813,30,16552.200291
5502179.807164,57,16553.282916
5478627.574277,35,16553.95514
5500374.487469,52,16554.944194
5530188.155037,55,16556.00711
5927552.995411,60,16557.183259
5880071.657228,54,16558.181396
5628614.298637,45,16559.030451
5506049.643803,39,16559.785358
6327330.522536,88,16561.498684
5500230.24793,45,16562.369873
5484487.859241,36,16563.05133
5431887.096859,48,16563.950689
5963212.278419,63,16565.106688
5484761.423907,44,16565.93753
298612.345322,250,16570.703701
5458337.742014,40,16571.500355
6999011.525323,122,16573.87065
5622131.306335,101,16575.768466
5480379.826298,38,16576.50394
5485966.126842,48,16577.434989
5452026.080491,33,16578.059853
5486524.500831,37,16578.767508
5533740.050209,48,16579.652463
5542282.294428,51,16580.63748
5852367.41277,95,16582.512375
5487884.959444,36,16583.221877
5611423.138749,36,16583.91067
5508245.160978,56,16584.952033
5463333.721161,38,16585.715593
297270.029817,250,16590.549747
5448571.087129,38,16591.261958
5465216.043619,41,16592.067361
265737.702425,250,16596.868108
5531345.117471,46,16597.752792
5467037.291572,37,16598.475898
5511799.282885,44,16599.294866
5438994.186992,31,16599.872268
5479353.319951,57,16600.979272
5621542.862873,51,16601.94935
5855291.14895,52,16602.912968
5454372.004488,31,16603.502282
5470573.842892,50,16604.425835
5561488.030699,48,16605.329848
5496322.290495,40,16606.113121
5481319.78712,35,16606.74907
5486991.338161,36,16607.427663
5453796.796497,34,16608.087986
5574677.834273,41,16608.897083
5596243.68613,81,16610.458904
5557762.529943,49,16611.388736
5488428.50605,33,16612.027553
5997942.103917,72,16613.393301
5651807.702974,45,16614.235701
6314615.696652,77,16615.69993
6049894.932754,84,16617.32424
5453335.231703,39,16618.084612
5594954.707504,36,16618.80472
5519629.003215,55,16619.890649
5452510.507272,32,16620.524678
6144767.615875,65,16621.775085
5496373.123869,34,16622.413255
5485070.545542,48,16623.362598
50525.295459,192,16627.128971
5461538.290813,41,16627.955683
293274.135504,250,16632.860823
348246.405131,250,16637.767473
5556522.701313,40,16638.570294
5442182.522698,40,16639.329989
322537.688623,250,16644.232413
5522859.384373,33,16644.882914
5476082.609996,41,16645.692422
5467613.740697,40,16646.456538
5493140.725075,34,16647.148479
5449268.073043,36,16647.869246
5699637.750888,62,16649.120112
5496536.390542,46,16650.038391
5490078.850647,34,16650.712782
5762862.151414,48,16651.677378
5954979.278342,72,16653.081115
5476141.421885,44,16653.949147
6008208.754174,81,16655.507035
5479549.219362,31,16656.130537
5464457.235845,42,16656.943111
5745183.100946,54,16658.006216
5504295.251934,32,16658.636749
5808598.981548,54,16659.709743
5473229.667985,41,16660.518167
5516077.563705,46,16661.414165
5475479.98315,45,16662.325103
5683149.590678,67,16663.648501
5461901.266136,34,16664.345153
5628149.210322,57,16665.475859
5467448.537983,41,16666.291395
5499428.098461,35,16667.000299
6889464.065015,114,16669.238118
110861.945852,250,16674.166651
308178.241102,250,16679.094906
6107095.701205,90,16680.859515
5468250.487441,36,16681.56713
5725201.084657,70,16682.968145
5476889.394793,53,16683.999151
210282.169903,250,16688.92829
5430545.983504,25,16689.427822
6022793.330675,70,16690.792629
5477598.4441,36,16691.48118
5509340.687097,55,16692.586693
5705728.777886,42,16693.43605
6242647.771895,81,16695.061353
5664589.136333,37,16695.836356
5453095.802501,29,16696.386191
5483302.096236,48,16697.349257
5444632.472126,47,16698.292313
5684831.389177,57,16699.407589
5517857.105926,41,16700.220875
5481253.29061,38,16700.960234
5724364.309934,44,16701.814115
5587876.445139,56,16702.904459
5718857.107332,43,16703.75934
5477858.125734,32,16704.375681
5491263.762113,36,16705.097354
5479778.238806,53,16706.102615
124010.135626,250,16711.072403
6204689.301643,84,16712.752624
5848167.037035,58,16713.91329
5676931.908148,42,16714.754671
5540465.396492,35,16715.44038
5515219.919226,52,16716.466728
5471101.119743,32,16717.095569
5485468.914101,36,16717.787255
5613587.378934,45,16718.645239
6479505.631016,90,16720.387618
5466193.714496,44,16721.242444
214432.183636,250,16726.162685
5581181.275621,53,16727.22064
219834.13641,250,16732.226741
277676.500644,250,16737.209831
5485002.41215,46,16738.084429
5477149.398138,45,16738.916213
315524.450339,250,16743.713759
5468410.929197,32,16744.298455
5598842.835452,46,16745.209684
5750970.116609,57,16746.296117
5589246.119487,61,16747.424378
5617698.58627,52,16748.417045
5462205.101727,33,16749.049505
5423268.006861,44,16749.886376
5477688.053224,35,16750.554056
237000.805824,250,16755.278546
5453426.26372,52,16756.283387
5536428.07158,43,16757.100003
5454324.332698,40,16757.844602
5706558.180952,223,16762.140599
5850576.021443,63,16763.328923
5480623.996279,43,16764.16156
5442205.015375,39,16764.896532
5488638.80485,47,16765.826159
5487570.342549,29,16766.382073
5692902.397774,48,16767.292515
284200.054295,250,16772.139027
5470438.204037,44,16773.021358
5486622.788626,52,16774.0304
6124959.518846,74,16775.436116
5455330.602225,48,16776.362305
5558024.164564,39,16777.111553
5439195.113507,48,16778.025566
128847.560262,250,16782.771754
5633377.862883,60,16783.951575
5588153.580531,43,16784.783633
306640.043261,250,16789.614303
5844905.931528,72,16791.073605
5481997.324998,43,16791.883816
5443392.323611,44,16792.704607
5454359.692372,58,16793.818392
213657.158611,250,16798.60665
5540937.104973,55,16799.621835
5543447.715343,46,16800.482545
5637379.531453,61,16801.660825
5583433.185949,46,16802.588308
5470727.858218,44,16803.412132
5579408.192401,55,16804.454665
5487664.604575,49,16805.384979
5458092.393075,38,16806.109408
5844564.027657,47,16806.978485
6360245.288793,79,16808.489417
5510245.620426,78,16809.954801
5484915.14496,39,16810.677008
5457495.211424,38,16811.391958
5493390.611158,31,16811.973364
5483306.836507,40,16812.727581
5881067.237346,76,16814.180597
264011.180971,250,16819.003031
5532351.696359,36,16819.712517
5460857.995661,34,16820.362626
5624134.919895,38,16821.083561
6122239.687235,87,16822.742252
5778138.839288,52,16823.736378
5485915.464612,39,16824.475153
5511831.120452,60,16825.631203
6005523.10024,58,16826.76483
5433365.494368,32,16827.375106
5480488.574341,39,16828.138037
5473915.29566,26,16828.66479
5489941.530474,40,16829.438448
5448059.980851,29,16829.991096
5456950.388593,40,16830.765734
5813688.717408,65,16832.026464
5646645.627661,58,16833.110826
5486374.348352,33,16833.746136
210022.153363,250,16838.614862
5731079.690515,49,16839.565779
228444.372503,250,16844.259144
5472235.475356,36,16844.930124
5531587.240296,51,16845.932207
5482396.942498,55,16846.974406
5460033.645236,32,16847.590734
5469095.374725,56,16848.643248
150878.154909,250,16853.359202
166247.949239,250,16858.137784
5450522.364307,44,16859.030469
5723455.880906,57,16860.166383
5456503.843257,31,16860.782368
5484883.616035,45,16861.686525
5454582.102184,32,16862.34306
5651628.136654,62,16863.566132
424141.702206,250,16868.454221
6288832.530222,88,16870.174288
5513299.902595,44,16871.038242
5455030.826629,32,16871.663255
5478863.74907,40,16872.439226
5467510.425326,36,16873.148798
5883902.009625,60,16874.385938
5870043.039562,77,16875.904897
5484426.991547,34,16876.584526
5607479.790089,53,16877.597264
5499920.319629,46,16878.486322
5700787.375328,86,16880.133222
5767170.639354,60,16881.31207
253444.156543,250,16886.142058
5451509.87603,51,16887.123896
5553253.461636,72,16888.484108
5512076.588635,36,16889.184661
5442679.742082,31,16889.770689
5481160.647967,43,16890.598638
379387.7088,250,16895.529117
5680587.304306,69,16896.933372
5570866.477389,41,16897.722294
5828975.315906,51,16898.704782
5528245.614346,55,16899.762065
5502132.479739,54,16900.804703
5622862.980226,218,16905.023064
5454808.941688,47,16905.954869
5659558.388691,44,16906.834669
5456108.377407,34,16907.503212
5623242.76214,41,16908.316863
5607930.791928,40,16909.125935
5450141.573989,43,16909.99894
5756453.761039,64,16911.274782
5542668.681488,37,16911.98741
6163910.233489,82,16913.581669
5489168.008234,45,16914.462434
5605030.209678,37,16915.178544
5480881.750035,27,16915.714799
5863914.398956,76,16917.212209
5633856.488313,41,16918.021111
5621335.176507,43,16918.855484
5473382.564437,34,16919.523629
5754055.261326,60,16920.725781
5454033.863009,44,16921.590508
5876180.092764,54,16922.650718
5518630.762767,43,16923.511475
300782.450637,250,16928.526904
5460581.544424,31,16929.134502
5822375.543931,73,16930.560412
5464572.199732,40,16931.351288
5866953.007928,54,16932.416198
5439982.439708,34,16933.073955
5564458.31712,49,16934.041654
5542182.521244,40,16934.808799
5631186.179487,45,16935.713931
5724824.194518,68,16937.0631
5504009.263201,41,16937.873946
5523663.493772,37,16938.624826
386400.463919,250,16943.530825
5463018.82047,43,16944.387303
5551188.633125,71,16945.748888
5477961.644566,45,16946.645605
5592157.253624,43,16947.464366
5607934.028145,41,16948.27728
5723319.540026,52,16949.286708
5492270.12766,52,16950.304213
202085.548341,250,16955.195845
5879203.275859,57,16956.331949
5503635.130458,46,16957.23765
5445806.392874,43,16958.06263
5523338.255352,35,16958.716293
5464008.491597,39,16959.445472
5465741.470342,39,16960.164068
5457324.135446,31,16960.764906
5508004.880256,45,16961.632876
5726103.427053,51,16962.610329
5506874.593496,49,16963.549738
5721594.318918,72,16964.961621
5643034.608285,55,16966.053088
5464541.381888,33,16966.699869
5522731.653328,53,16967.747478
6384619.113878,117,16970.058618
5813796.952529,65,16971.372924
5483570.608076,60,16972.561899
5466970.704352,34,16973.231943
5569821.477667,38,16973.975447
5493937.150856,49,16974.927138
5445875.306063,35,16975.612547
233786.191007,250,16980.43765
5502358.995607,51,16981.428124
5790485.398695,77,16982.899065
6367817.002132,83,16984.470375
5683690.984921,44,16985.321138
5533983.053567,49,16986.283246
5501619.293288,55,16987.34698
5467699.341309,33,16987.956622
5609777.85196,75,16989.382858
189905.917083,250,16994.07435
5679111.288631,44,16994.905816
5468902.261337,38,16995.601983
5534722.032122,60,16996.73001
5917596.229109,60,16997.913855
5870783.486825,72,16999.257524
5524175.144614,56,17000.362875
5537430.657777,42,17001.168938
5542767.69306,47,17002.057965
5479623.657637,45,17002.878035
6085160.926763,75,17004.277437
5462211.232588,31,17004.876295
5477490.245173,43,17005.665104
183292.949602,250,17010.468937
5535242.195939,43,17011.308163
5464556.66442,39,17012.080068
164645.579541,250,17016.978246
5592862.306422,53,17017.978791
5778250.124636,48,17018.901406
5523278.517793,34,17019.559683
5977667.641851,59,17020.673722
5453222.325529,47,17021.555978
5436217.436497,30,17022.122691
5709110.856923,51,17023.113052
5494055.354787,80,17024.646856
5444439.419372,36,17025.340995
5486560.502229,60,17026.499866
5522460.694926,51,17027.503252
5482424.65584,42,17028.295619
5802735.264525,51,17029.287719
5518296.695813,39,17030.036821
5441340.369497,31,17030.645684
5477465.622995,49,17031.58697
5726812.509576,51,17032.538455
6040909.985862,60,17033.682501
5578375.115451,49,17034.638363
5843539.811851,58,17035.756702
5465980.26751,36,17036.415579
5529321.477504,80,17037.960295
639322.137874,250,17042.766241
5457291.938714,30,17043.355903
5455335.20898,32,17043.936624
5464637.941551,39,17044.637858
5495842.758452,39,17045.339088
259956.165182,250,17050.099839
6400713.066141,114,17052.30078
5566449.294581,47,17053.202631
5475080.693233,47,17054.058178
6184479.507561,88,17055.716347
5502719.741661,49,17056.668948
5853991.013837,76,17058.150923
5663845.022426,53,17059.132782
6414899.063811,100,17061.074904
5497173.015006,64,17062.291752
5489577.429192,34,17062.95232
6111949.065873,79,17064.438943
5446667.414125,36,17065.155755
5464936.95017,33,17065.777858
5438128.430074,33,17066.384845
5638782.371173,129,17068.839641
5536622.522938,38,17069.569327
6251997.411633,76,17070.970762
5831305.925396,73,17072.35523
5587268.548895,58,17073.503284
5467858.42723,39,17074.286182
5521440.239472,33,17074.913649
214901.278738,250,17079.653556
5492891.726298,37,17080.345093
5480558.446648,35,17081.010543
5988749.268993,59,17082.143445
5505936.230418,49,17083.091335
5477319.698609,42,17083.895991
6687694.201844,103,17085.86137
197977.272633,250,17090.694342
5446102.074084,29,17091.229106
5469212.431734,39,17091.966997
5453019.210003,28,17092.504531
5442269.664185,35,17093.186128
5476645.261604,42,17093.99064
5490466.468866,36,17094.679731
5516652.12315,57,17095.768255
5509562.168848,51,17096.764659
5511744.307914,60,17097.933363
5817697.527365,51,17098.963471
5476357.859428,30,17099.552607
5505782.724006,46,17100.44133
5458322.801018,48,17101.43396
5498184.71954,54,17102.505228
6475457.489434,98,17104.480419
5446552.842748,46,17105.412792
5464376.933109,38,17106.180627
5466497.675698,40,17106.993629
5636038.491055,64,17108.283298
163704.791181,250,17113.196081
5471064.411016,41,17114.037707
5633804.466881,37,17114.778032
215999.22491,250,17119.759575
5439090.196872,40,17120.548133
5884653.034909,60,17121.734286
5674925.686409,64,17122.978673
5511554.528103,44,17123.847111
5486382.728995,49,17124.802713
5468975.244619,37,17125.534242
5477036.130344,36,17126.242732
5742452.862425,43,17127.095246
229170.87377,250,17132.079426
5529382.724114,71,17133.458171
5537786.470537,57,17134.577155
5887483.473324,55,17135.672571
5464337.776299,37,17136.418586
5771070.092345,72,17137.811504
5544747.530074,48,17138.755307
5457845.743753,43,17139.594843
344194.835888,250,17144.438721
5891761.860376,63,17145.655598
5461560.472712,36,17146.370307
5449432.317587,33,17147.01859
6073806.431137,80,17148.579047
5478453.617145,42,17149.436221
6190354.567145,67,17150.753667
5436386.897,39,17151.536125
5647557.252221,45,17152.409693
5680096.510683,47,17153.355271
5876040.653605,77,17154.848604
5497974.284444,38,17155.580158
5565443.992698,46,17156.511661
6332639.561295,87,17158.243625
5499498.962787,35,17158.92347
5645530.869124,41,17159.736349
5508693.759614,42,17160.571485
5479784.14851,57,17161.689749
5473446.856231,36,17162.427086
302892.524869,250,17167.337196
5572671.471715,31,17167.955519
5526290.510364,34,17168.626048
5475487.000787,42,17169.464356
5784845.508465,48,17170.392456
5427579.373361,26,17170.898244
5481031.238765,48,17171.851967
5658472.537363,90,17173.598701
5996581.025236,64,17174.854419
5450940.633614,31,17175.453112
6308170.446898,109,17177.611353
5494849.821393,32,17178.277377
5516481.072939,45,17179.159478
5616295.917314,48,17180.092108
5517025.47401,35,17180.78035
5502342.362695,36,17181.51165
5755674.213089,66,17182.851942
5751916.655027,49,17183.81904
5459027.733157,30,17184.4204
5447602.701503,42,17185.267232
5657820.016304,96,17187.138858
5486727.080225,34,17187.827198
5506051.343099,38,17188.559231
254481.646362,250,17193.431635
5619997.437103,49,17194.400821
5472717.931908,28,17194.952864
5487252.686065,40,17195.752674
5490282.79411,43,17196.602336
5478275.22016,30,17197.191603
5473508.872567,34,17197.862298
160443.744488,250,17202.803122
5514595.540538,56,17203.932861
5802017.099491,61,17205.141824
5725645.891095,56,17206.238219
5431065.973482,40,17207.042883
5477424.89119,48,17207.984377
5938269.782428,68,17209.340415
5443737.361975,26,17209.866902
8005480.409729,170,17213.21922
5546988.213347,48,17214.135705
6185477.373298,81,17215.712324
5488140.525879,37,17216.423169
5484511.259458,40,17217.213828
312596.711895,250,17221.995442
5565858.778202,42,17222.792172
5468974.773108,40,17223.576215
5520310.335321,37,17224.285699
5922233.702793,62,17225.431374
5481885.821711,61,17226.57095
5643252.068161,62,17227.772478
5510000.908701,52,17228.805579
5452376.151099,32,17229.416495
5470371.507209,33,17230.03056
5641993.664503,49,17230.971602
5521207.143082,44,17231.814704
5475492.257582,34,17232.438757
5493445.802508,46,17233.312809
5705005.68177,146,17236.049984
5530128.246098,51,17237.035742
170336.076368,250,17241.86456
5500637.814537,42,17242.682517
5963740.470104,100,17244.633507
5446547.096485,33,17245.259287
5485244.201806,38,17245.986333
5568019.560619,51,17246.960304
5477620.861934,27,17247.474227
6205235.447776,78,17248.962814
5558748.262387,57,17250.032845
5484521.065713,34,17250.676678
5833156.643954,53,17251.675113
5476783.961561,42,17252.451723
6167163.802497,98,17254.351217
5520019.682343,34,17254.999103
6650063.152373,115,17257.194775
5759947.684127,48,17258.127144
5454568.974787,28,17258.668463
5652099.399647,58,17259.768372
5449679.330518,32,17260.383053
5495908.401744,70,17261.715703
6183899.715811,147,17264.524087
277076.632904,250,17269.248372
5436603.573825,48,17270.181001
5473356.219227,54,17271.211856
5513722.264536,37,17271.921107
5597988.959245,52,17272.937654
5487002.473618,38,17273.673116
5485535.431233,42,17274.471344
5453061.985399,28,17275.043772
5476291.521193,58,17276.149495
5439054.287641,30,17276.739003
5558915.756925,41,17277.529346
5439283.649347,45,17278.406937
5461843.955318,54,17279.448774
5475807.487685,47,17280.308532
5992520.939628,81,17281.825847
5484352.885222,55,17282.894777
5465709.332818,45,17283.744415
5554788.442304,66,17285.004483
96278.199267,250,17289.80825
5812268.841357,56,17290.887721
5610044.560669,55,17291.91659
5475536.53066,37,17292.646443
5437599.863882,33,17293.279077
5483008.052463,33,17293.90083
5430914.616345,28,17294.440656
291443.293803,250,17299.130322
5460709.661179,37,17299.805561
5485100.884217,38,17300.526313
5469741.40698,54,17301.574639
5489003.581802,32,17302.197961
5456930.804195,45,17303.045697
5477049.594648,29,17303.602256
5445523.051251,31,17304.178584
5463275.714777,36,17304.853782
194274.014681,250,17309.49561
5472514.864393,38,17310.197769
5465916.727619,39,17310.931406
5792163.494182,65,17312.181232
5739700.511081,111,17314.330025
5616174.020118,50,17315.317014
5510138.761761,58,17316.448757
5480957.955495,38,17317.172848
5444225.3584,30,17317.761988
5551641.359559,33,17318.392829
5470461.087398,40,17319.138487
5432547.062804,29,17319.700197
5481956.185226,40,17320.464561
5889475.603036,64,17321.678817
5439334.393503,38,17322.385982
5519800.508436,51,17323.338623
195528.309752,250,17328.001614
5962396.789375,78,17329.453102
5462600.863709,48,17330.391885
5631813.123834,233,17334.817447
5456563.751082,48,17335.74253
5437275.32495,26,17336.259192
5480135.754857,44,17337.094379
5531717.674041,43,17337.917162
5777559.622499,75,17339.371845
5506409.31132,40,17340.164203
5700934.757521,74,17341.61759
5577112.867389,38,17342.370315
5467666.819316,30,17342.979235
5855107.634837,232,17347.552497
5531565.216437,33,17348.212989
5742512.097499,73,17349.644642
5560875.228192,41,17350.467354
139820.485917,250,17355.410783
5536897.362888,41,17356.249568
5462467.16245,49,17357.201569
226373.965372,250,17362.14138
258068.620544,250,17367.125084
5487217.224674,37,17367.862442
5437142.776551,43,17368.694424
5545695.075294,65,17369.972061
5485468.558818,33,17370.618591
6001477.969099,69,17371.958157
179846.237761,250,17376.873407
6374324.953845,88,17378.651924
5470238.360408,35,17379.350276
5639071.158863,38,17380.10674
140572.658892,250,17384.941337
5561735.529701,58,17386.077712
5472930.767507,33,17386.698344
5481793.699427,41,17387.483665
5489782.142528,47,17388.396661
5494105.291531,45,17389.287498
5494942.529773,30,17389.889179
5500168.011281,31,17390.482818
126245.305918,250,17395.427764
5713150.819869,60,17396.625075
5431480.221203,43,17397.491384
5473365.367652,30,17398.09399
5448991.170792,29,17398.647348
5569772.80925,43,17399.47275
5525200.094926,51,17400.500365
6237411.333132,74,17401.959861
151050.863559,250,17406.931863
5455421.323916,35,17407.637944
5436768.305826,39,17408.412533
116931.228383,250,17413.331011
5460463.69688,41,17414.115276
5685198.593383,45,17414.971786
5828918.769043,48,17415.940434
5452422.466471,52,17416.936307
5845245.889997,56,17418.027692
5471620.465323,40,17418.824787
5448104.531141,37,17419.568135
5457553.053809,27,17420.113922
5519477.340055,50,17421.075715
5478216.546658,31,17421.694213
5862075.183038,50,17422.674488
5789545.205124,80,17424.2815
5458903.37845,32,17424.91784
5557551.608261,54,17425.998459
328680.981284,250,17430.935873
5625942.80467,58,17432.074351
5688491.073085,53,17433.117876
5470577.659432,32,17433.740857
5480909.157834,31,17434.341912
5465167.2771,34,17434.9968
5451500.090046,34,17435.697567
5827543.073561,55,17436.768566
5458836.364435,46,17437.679133
5519574.686219,45,17438.561719
5483435.189398,31,17439.178302
7340570.634656,140,17441.976014
6037250.909703,58,17443.104922
6145728.188303,81,17444.685213
5430812.892424,44,17445.557832
5463389.155489,28,17446.088854
5481107.055235,38,17446.830893
5691211.335858,66,17448.130862
5487236.336505,39,17448.905828
5465675.030051,32,17449.513024
5428800.178239,37,17450.249689
208017.508183,250,17493.028271
5461229.322161,38,17493.716827
5483531.839404,38,17494.470299
5478789.535608,49,17495.433211
191588.387851,250,17500.218267
5484270.72423,36,17500.887792
5495345.601678,33,17501.51827
5426813.418169,45,17502.377995
5477800.91219,43,17503.171
5686386.462134,60,17504.337985
5455294.160456,37,17505.04172
5493063.084342,36,17505.738641
5488951.83793,31,17506.356831
5495218.322031,36,17507.07107
5670390.443888,54,17508.138584
5670217.174434,46,17509.015132
6591356.955665,100,17510.888684
5482831.560664,46,17511.753903
5479533.033808,47,17512.747459
5534722.692645,39,17513.47841
5484335.115144,44,17514.313324
5797439.295475,52,17515.330282
5593015.092635,59,17516.455642
5421565.273704,31,17517.042977
5476507.091099,31,17517.633304
5567120.45319,43,17518.462246
5455533.169882,38,17519.223097
5448554.811922,32,17519.843194
5844616.949164,53,17520.876565
6060256.801137,74,17522.302786
5490733.554514,60,17523.459557
5485133.301074,29,17524.026385
5867464.579353,66,17525.281787
5498411.678399,57,17526.383322
5738974.129986,66,17527.631335
5508740.012806,46,17528.532208
6665829.983309,194,17532.175046
5508424.199825,46,17533.041035
5464869.444585,51,17533.961834
5478091.111453,67,17535.250817
5459787.084068,41,17536.052444
5522389.087298,58,17537.136762
5455862.899531,28,17537.663347
5600362.578002,51,17538.659957
5471565.642353,44,17539.51618
5528149.847816,31,17540.097786
5544766.494774,61,17541.247976
5485046.234675,40,17542.010268
5464780.778467,39,17542.735839
5732944.17192,40,17543.499944
190247.306208,250,17548.2829
5467873.985527,36,17548.959973
5916137.360387,57,17550.066093
5642474.96768,46,17550.987119
5757056.173558,43,17551.829794
5458961.377776,47,17552.757373
5512050.559297,41,17553.56761
5454564.553927,35,17554.250568
5490076.674503,37,17554.940043
5513413.885819,43,17555.736047
5537446.162076,41,17556.492349
5491384.391808,40,17557.259738
5757124.181503,69,17558.559709
5462905.085387,40,17559.353037
5469730.934256,33,17560.01158
5478349.541951,59,17561.141271
5477088.90872,50,17562.099275
5553709.823549,83,17563.690579
5511471.901705,40,17564.485913
5539593.188371,43,17565.30142
137834.678898,250,17570.166233
5520382.042396,43,17571.006956
5572751.794079,35,17571.636039
5470051.35927,33,17572.265589
5667547.607173,49,17573.200189
5668924.58915,138,17575.860691
5432625.199937,36,17576.579664
5470549.356498,38,17577.299022
139548.056221,250,17582.27254
5513426.548959,39,17583.043595
5599233.787065,36,17583.74393
5918637.739136,73,17585.16328
5718348.044493,48,17586.129426
7257478.29067,141,17588.948412
5549313.92356,48,17589.873038
6047840.109331,70,17591.272811
5543600.376752,52,17592.306877
5445289.959583,33,17592.947509
5455478.914688,24,17593.408489
5524836.632529,38,17594.16635
5429678.466528,42,17594.982496
5474620.255386,42,17595.785717
5453107.75399,38,17596.527735
5702006.69058,44,17597.384858
5665907.752066,55,17598.486273
240991.718875,250,17603.455611
5538559.505672,54,17604.515216
5618689.734029,33,17605.16132
5508927.129237,48,17606.114978
5471275.61886,46,17606.969257
6404591.731816,100,17608.926965
5665094.799822,38,17609.67678
5620224.135358,43,17610.521519
5453186.864612,34,17611.209399
5466284.44511,34,17611.903405
5478627.524032,60,17613.093701
5442197.481051,39,17613.855958
5535875.711349,43,17614.690241
6656365.365442,93,17616.488168
5507285.622534,44,17617.345352
5464617.067128,31,17617.935171
5534078.464161,44,17618.814492
5557663.243506,45,17619.72345
147451.915904,250,17624.608755
5492971.670081,31,17625.215831
5454821.317451,39,17625.966811
5458798.55989,41,17626.76586
6557158.542845,85,17628.48569
5488525.589565,40,17629.281058
5455918.888725,29,17629.881576
5472354.319471,34,17630.543953
5826139.659736,51,17631.547672
232222.565614,250,17636.428252
5474712.307182,28,17636.989984
5435160.666304,34,17637.672381
160773.005719,250,17642.652024
5485358.800714,33,17643.320501
5471538.425668,40,17644.12924
5470665.60209,42,17644.96694
5473710.132034,39,17645.732885
5481132.417923,42,17646.539068
5527018.555213,64,17647.786455
5476988.628613,35,17648.474273
5443498.505064,29,17649.054888
6239438.702422,96,17650.921917
5428624.487703,29,17651.49337
5676161.876261,54,17652.547779
5438859.042409,39,17653.314889
5742834.054006,50,17654.294062
5900754.973501,52,17655.290842
5541479.354507,44,17656.185719
5501822.970885,38,17656.968343
5586822.530711,39,17657.755193
5487882.538745,36,17658.476198
5515303.5836,57,17659.643349
5488841.461537,35,17660.351898
5605284.041153,55,17661.438028
5680528.981786,70,17662.81885
144229.435886,250,17667.689419
5479689.534379,40,17668.473624
5432545.563806,40,17669.253624
5435406.189791,31,17669.84322
5485556.985827,46,17670.741884
5475886.3763,36,17671.456295
5479209.702231,37,17672.19353
5490820.434308,35,17672.890947
5564017.972739,60,17674.059255
95371.335874,250,17678.980133
5462997.479907,32,17679.61662
5835160.565314,59,17680.794958
5424610.049827,25,17681.321158
5949537.45042,60,17682.48669
5498479.358454,45,17683.373733
5457261.451786,40,17684.147317
5440050.300839,29,17684.723453
6066173.076455,74,17686.156779
5642439.960763,40,17686.952797
5799214.686374,74,17688.392376
5433852.363557,27,17688.941179
5456798.536338,65,17690.208359
5575796.2354,38,17690.960241
5436268.868216,32,17691.594743
5506809.417119,40,17692.380242
5453864.700811,33,17693.02349
5585292.871513,45,17693.897716
5725679.769699,62,17695.110493
5495030.006106,39,17695.847071
5459525.99115,34,17696.525399
19800.584632,212,17700.553584
5855135.590574,50,17701.506092
5456905.380741,48,17702.456418
5503522.172349,40,17703.200223
5770852.680654,46,17704.095898
6407350.767558,97,17705.928356
5448114.934859,41,17706.695017
5471121.774268,49,17707.625584
5443397.674876,32,17708.263039
5467826.549387,54,17709.297552
5543611.640945,41,17710.080734
5678572.548426,48,17711.014057
5469426.204115,41,17711.790796
5539493.393416,39,17712.527569
5598963.766029,41,17713.295784
5471286.190515,34,17713.947267
65414.314727,250,17718.723136
5657687.51593,57,17719.848168
5711204.23165,55,17720.913429
167800.510268,250,17725.7352
5459217.795153,48,17726.685647
5597901.76776,128,17729.121478
5474918.804246,45,17729.964628
189040.984338,250,17734.848356
5465514.479715,33,17735.478494
5651684.765218,54,17736.536241
180294.602794,250,17741.28376
5552493.360024,41,17742.043217
5483797.509526,39,17742.784036
5502408.886631,36,17743.454406
5496519.929325,47,17744.338302
125985.300554,250,17749.126801
5465094.373818,41,17749.912951
5478236.860135,51,17750.938687
98738.873904,250,17755.693879
5473273.349683,38,17756.39914
5465296.57481,42,17757.170451
5448548.299839,38,17757.888912
124813.110006,250,17762.791864
5423386.408559,28,17763.353713
5470630.168401,49,17764.317868
5559764.685636,46,17765.206489
5424745.728853,37,17765.914594
5516950.119198,35,17766.589037
5533272.074624,42,17767.386626
5926337.378562,59,17768.512532
5622256.209091,45,17769.358705
5502913.480944,47,17770.23439
5564223.389491,48,17771.148195
5469960.876806,69,17772.465969
5431559.481168,34,17773.085957
5484848.499975,26,17773.572823
6119948.186953,69,17774.899434
5454913.22502,30,17775.456547
204821.087071,250,17780.24983
5480384.38326,45,17781.135031
5717341.630372,54,17782.13869
5510597.454896,41,17782.887646
5462490.419468,40,17783.659976
5536131.539264,67,17784.949731
5483504.797086,46,17785.833761
171998.035261,250,17790.565972
5813040.843191,51,17791.541979
5935736.423361,57,17792.609887
5480261.198596,51,17793.605803
5522023.593444,44,17794.462035
5759323.280416,73,17795.869955
5470625.442363,36,17796.570646
5720549.083256,40,17797.325173
5745188.934355,58,17798.429955
80272.244718,250,17803.14804
5784101.52771,51,17804.114067
5551152.550159,153,17807.071473
5864886.067644,54,17808.096516
5449808.296798,32,17808.714823
5447785.310332,37,17809.459028
5506706.257919,32,17810.090491
5619842.934061,42,17810.925562
143028.760539,250,17815.704566
5826206.449433,46,17816.593315
5572764.72689,49,17817.539975
5491534.844392,30,17818.122677
5533474.863943,31,17818.743054
5490019.293666,43,17819.575015
92332.211333,250,17824.520369
5607379.962822,55,17825.629191
5505157.637039,45,17826.521514
5469149.634414,30,17827.097918
5468453.87407,29,17827.680826
5665145.652285,47,17828.61129
7039420.867632,126,17831.098892
5488107.577649,29,17831.671037
5993796.271096,63,17832.901561
5445899.600574,45,17833.792619
61151.910629,250,17838.655092
5448964.246454,38,17839.398344
5515238.859979,49,17840.388533
5455937.148506,39,17841.149855
5459360.166387,39,17841.926367
5468234.709232,30,17842.531434
5598277.812336,39,17843.306957
5512382.261756,36,17844.026931
5460843.70672,48,17844.949111
5571008.192808,87,17846.609271
5680919.126027,86,17848.303432
5529161.077202,35,17848.986804
5449775.681471,34,17849.640662
5502775.965041,40,17850.42482
5453657.851553,49,17851.403422
5444476.911347,28,17851.950949
5462531.929358,31,17852.560923
190436.88643,250,17857.41073
5462804.766435,38,17858.15309
5501553.300108,40,17858.945403
5780532.612935,55,17860.021662
31897.391411,250,17864.873432
5476603.473015,37,17865.585456
5511705.567359,47,17866.501353
5500620.330431,43,17867.326066
5478662.306813,36,17868.026293
5474821.200768,39,17868.797384
5643219.582577,53,17869.855233
5430642.610157,30,17870.466339
5615235.604925,44,17871.340189
5442646.118911,28,17871.903758
5483737.775121,35,17872.597729
5449835.56428,28,17873.175821
5489820.222981,30,17873.771597
57902.859362,250,17878.65755
5464056.243221,30,17879.239441
5448168.593082,43,17880.086391
5484002.504085,35,17880.775265
5708441.610678,59,17881.924581
5473068.933271,32,17882.555851
5515183.17108,31,17883.176768
5496818.43453,56,17884.271935
164845.5916,250,17889.145147
5474561.191263,32,17889.776667
5787629.398351,48,17890.702842
5487513.674652,47,17891.603859
5436446.349977,36,17892.300398
5937272.681036,67,17893.597538
133448.171094,250,17898.494215
5475699.167024,46,17899.401183
5445279.583615,33,17900.041617
161699.532416,250,17905.056103
5441232.343564,37,17905.796139
5532050.043818,43,17906.626603
5844037.836605,51,17907.584769
5483369.651376,45,17908.485122
5462942.504856,34,17909.139171
5453819.789458,29,17909.690729
5459546.394609,37,17910.414032
5470729.191839,36,17911.108237
5484631.050514,34,17911.777869
5439533.75966,28,17912.33085
5425032.171018,33,17912.995701
5437755.759113,41,17913.817269
5612827.769654,55,17914.90172
5503215.990708,50,17915.918794
6672852.280284,109,17918.086368
5808567.95679,159,17921.249588
5453192.993263,26,17921.773269
5846767.836371,70,17923.148895
5489836.338861,33,17923.808687
5476556.494006,34,17924.487934
5442545.748516,42,17925.308499
5479648.817544,36,17926.020394
5961951.387921,63,17927.222162
5465949.11222,47,17928.133162
5909922.395164,64,17929.358458
5810848.722985,62,17930.595592
5442290.108063,41,17931.388396
5753213.542348,71,17932.795951
5461044.906866,36,17933.506444
5527520.691073,54,17934.576261
5477227.842604,36,17935.277577
5461375.746514,32,17935.91724
5480460.391828,39,17936.676842
5424935.156179,39,17937.470271
5589548.627373,45,17938.347392
5670340.893371,56,17939.437678
5478537.783707,28,17939.97143
5431990.289811,24,17940.446563
5521193.677276,47,17941.347434
6275829.07562,79,17942.808338
257800.11094,250,17947.605829
5481789.42824,45,17948.458851
5493075.532143,48,17949.33994
5456329.654167,40,17950.126869
5489011.426398,38,17950.83306
5475494.681009,42,17951.611694
5471572.238005,44,17952.451623
5429647.69079,35,17953.121911
5454019.257938,35,17953.775969
6389889.750121,90,17955.525182
5587052.450923,57,17956.596545
5503839.540993,36,17957.299263
5490740.681373,42,17958.112997
5445335.548042,30,17958.687225
5538839.141266,41,17959.456486
82618.236056,250,17964.263046
5521343.19976,43,17965.094928
5426983.414414,25,17965.581966
5474172.717559,28,17966.147103
6445698.310055,82,17967.752407
98779.026228,250,17972.506654
5448864.504702,41,17973.259177
5474655.093183,43,17974.048584
5465529.350544,31,17974.660625
5469120.622443,37,17975.342263
5592155.437992,46,17976.229482
5973121.908403,72,17977.604511
6154569.950315,85,17979.241561
5469931.574824,37,17979.965051
5475359.526401,31,17980.604534
5797239.184949,65,17981.902758
5642933.079676,39,17982.661392
5459334.163912,35,17983.361544
6511798.270678,91,17985.10175
5471930.182616,44,17985.92026
5543434.664713,38,17986.641576
5477053.818427,37,17987.350465
5538752.659055,67,17988.613882
5509860.64172,37,17989.345994
5888742.905687,53,17990.389797
5481924.123027,33,17991.058578
5472961.539251,41,17991.863619
5447219.426166,46,17992.766492
5478631.92656,44,17993.608785
5896140.734891,68,17994.92515
110557.398051,250,17999.71422
5459745.986834,37,18000.413791
5807048.274131,70,18001.791462
5953950.686649,64,18003.039844
5689509.08458,47,18003.928865
5680251.525626,54,18004.958434
6037462.755739,72,18006.337473
5502497.460356,44,18007.196197
5544152.123627,59,18008.329198
5498033.960027,41,18009.084435
5570556.631265,35,18009.723926
126111.347121,250,18014.480855
5637935.878105,51,18015.453342
5533861.140302,46,18016.30936
273037.445369,250,18021.056436
6502052.764984,93,18022.905288
202163.265792,250,18027.651555
5574557.739735,37,18028.344945
5470904.373484,65,18029.584825
5473123.941626,48,18030.465977
5492292.912146,47,18031.354043
5770294.433343,47,18032.300028
185525.55095,250,18037.178514
205298.536762,250,18041.91747
5658879.728549,54,18042.927868
5476769.331815,43,18043.761571
6232791.918534,86,18045.352504
5528592.055342,42,18046.165354
5471132.78883,35,18046.815667
5450014.935563,51,18047.779058
5672589.528315,48,18048.675524
5433660.88315,33,18049.317036
5454792.875382,28,18049.914385
5497077.161228,43,18050.740996
6002397.049647,69,18052.055096
5451186.320181,35,18052.705672
5482340.164377,36,18053.386381
5594990.194569,47,18054.288287
6263478.967267,185,18057.755379
5489368.189009,35,18058.429946
5458213.256186,29,18058.99103
5751515.28619,61,18060.163955
5731343.156031,57,18061.259228
5475247.800913,44,18062.122364
5744591.637986,45,18062.998629
5428079.117316,34,18063.659172
5711685.995728,50,18064.63797
5757736.354357,84,18066.384529
5479563.078197,42,18067.245619
5723615.144906,43,18068.116057
5495019.589207,51,18069.114597
5515918.241194,55,18070.200032
5480527.678545,42,18071.03561
5502989.838038,38,18071.802104
5477634.095944,36,18072.515177
5590228.822625,98,18074.450648
5480355.731724,33,18075.080603
5439241.185372,38,18075.804766
5473292.095474,34,18076.47157
146959.797733,250,18081.328784
5669659.508018,55,18082.428453
5614401.95477,51,18083.432687
5483138.38902,38,18084.187892
5464668.519614,38,18084.962389
5467293.465001,39,18085.727277
5452486.734026,45,18086.626179
5451492.312386,33,18087.277558
5479662.882342,43,18088.130829
5471589.398243,34,18088.785149
5477281.117001,41,18089.59037
66481.223255,250,18094.55879
5482769.457206,32,18095.193971
5451897.578698,35,18095.89861
5449002.54662,31,18096.510952
5931847.900451,223,18100.986581
5487571.218094,54,18102.039177
5510857.053465,36,18102.781494
5502747.119404,34,18103.43576
5667958.451018,59,18104.543414
5510940.341838,34,18105.2164
5473779.429789,32,18105.844638
5481173.21247,40,18106.64024
5427344.470275,38,18107.375276
5439061.810774,39,18108.116677
5515290.097523,40,18108.901326
5852838.22827,57,18110.031502
5597480.730461,53,18111.065483
5731985.215873,55,18112.15265
5495483.524916,31,18112.740843
5542160.693428,44,18113.617086
5451412.086446,30,18114.189399
5431016.491919,38,18114.91405
5829978.122886,55,18116.016254
5469664.416661,41,18116.829015
7234241.762104,193,18120.583715
5469232.503203,42,18121.410719
5481297.674905,36,18122.096481
5839133.508449,53,18123.120425
5483781.827266,34,18123.777319
5429088.062727,47,18124.66608
7701836.225187,163,18127.902196
5648907.126811,53,18128.99013
116861.151085,250,18133.84624
5457414.911093,47,18134.750244
5471793.38115,42,18135.584276
203053.42547,250,18140.467973
5443786.203496,31,18141.058858
5450844.332337,28,18141.602706
5501417.87887,43,18142.445669
5651787.385241,45,18143.348667
5445862.557168,37,18144.071753
5486222.506254,33,18144.710357
5501317.860304,45,18145.587678
5616302.270229,56,18146.702525
5431896.775361,27,18147.249561
5477467.206282,49,18148.208616
5477605.709202,51,18149.21975
5526366.198986,35,18149.896179
6040067.380738,94,18151.744658
5469139.525787,40,18152.580556
5562659.777748,33,18153.228052
161562.351288,250,18158.189425
5890872.122147,89,18159.936695
5437355.781026,26,18160.486072
5491300.796809,43,18161.329084
5484329.479291,32,18161.998879
5485836.764908,47,18162.937456
5447104.513458,34,18163.609281
5717759.252275,150,18166.565318
6207003.266726,69,18167.914223
5448306.165077,30,18168.506752
5515316.791353,47,18169.426055
5575286.680526,112,18171.598413
5663175.498246,55,18172.740084
5511253.252983,37,18173.481752
5508197.998175,39,18174.268389
5479127.08484,29,18174.86081
5543395.979989,41,18175.686524
5434738.790262,43,18176.520759
5437524.514707,34,18177.19645
5458887.672155,34,18177.878697
5454146.150294,41,18178.635244
5463486.393307,25,18179.102416
5461797.82131,39,18179.861344
5494048.513574,34,18180.502052
5494887.996854,46,18181.406265
5875615.308327,56,18182.473748
5447266.33697,27,18182.998522
6631602.511335,100,18184.915165
108295.459143,250,18189.747577
5502850.350071,47,18190.654518
194031.586494,250,18195.415341
5470139.743792,49,18196.360327
5452769.725452,41,18197.122751
5522338.273285,64,18198.373586
5483598.807774,39,18199.122943
5515287.722798,55,18200.17236
5496625.180138,44,18201.004765
5454303.779751,31,18201.592843
5502242.203463,33,18202.214421
5458637.15472,32,18202.827796
48605.613514,250,18207.650972
5474128.286007,50,18208.643867
5474419.596985,40,18209.424462
5419661.83134,30,18210.024434
5428673.024602,42,18210.84603
5606704.851577,43,18211.695787
5535594.875108,33,18212.33929
5476850.621507,37,18213.070796
5487576.892195,28,18213.619684
5517376.957753,40,18214.423823
6180997.723929,86,18216.09694
5481072.522269,43,18216.933667
5476936.585598,55,18217.999304
6296498.207595,85,18219.700532
5638804.253488,40,18220.46382
5624683.897549,50,18221.427554
5702986.54535,52,18222.42731
5433654.188491,31,18223.045842
5736612.257394,75,18224.516176
5450811.789075,35,18225.204857
187369.560544,250,18229.998257
5496524.623427,50,18230.941175
5846409.197227,71,18232.285947
5421942.552942,52,18233.299352
5445292.231499,32,18233.927004
6186545.842216,91,18235.661636
5493947.622906,44,18236.518063
5526977.890287,31,18237.131343
5500155.648792,39,18237.882479
5774413.567233,49,18238.846514
5983291.588221,60,18239.948012
5462692.961345,36,18240.639728
5585731.898706,43,18241.474383
5766182.660376,62,18242.674016
5443833.995318,30,18243.273297
5462531.46374,33,18243.91291
5441444.500391,28,18244.453433
103612.556654,250,18249.305163
5794755.186818,89,18251.04487
5439890.243105,34,18251.678975
5871836.291459,65,18252.948167
5451619.052081,27,18253.450554
5440058.764011,36,18254.117624
5619966.18221,41,18254.900058
5463976.255976,43,18255.749937
7240873.417388,130,18258.193055
74301.256278,250,18262.969886
5440584.902184,33,18263.590033
5957155.413286,71,18264.971394
5518034.304747,54,18266.030654
122188.792429,250,18270.800591
5525677.407175,43,18271.65059
5438915.529681,57,18272.784994
5948758.939297,65,18274.005973
5460272.756506,32,18274.622527
5470555.315563,45,18275.498738
5546773.822398,41,18276.295497
174763.938295,250,18281.076335
5432842.843122,44,18281.917597
5607792.889654,51,18282.905697
5460341.717393,50,18283.884382
5452191.291393,31,18284.456773
5449212.465511,45,18285.344461
5425962.696551,31,18285.935014
5438479.499478,47,18286.817211
5449175.596529,41,18287.600321
5433347.719883,27,18288.109008
6003738.856241,74,18289.535525
5446122.227339,55,18290.539874
5653594.229385,63,18291.743108
5494120.449214,37,18292.43823
6367167.499885,76,18293.90275
5515708.533058,52,18294.902049
5551071.082261,44,18295.736937
5462079.844063,33,18296.371418
5455510.096949,42,18297.166668
6107441.856691,74,18298.616961
5479614.776238,41,18299.441122
5490769.928726,49,18300.40855
5818827.381067,166,18303.657798
5491641.567446,37,18304.372271
5868693.261936,56,18305.472457
6126631.433864,76,18306.935393
5429741.223383,41,18307.746254
5431386.420571,28,18308.281631
5587997.735446,39,18309.050135
6605441.641783,117,18311.347162
5661916.004533,51,18312.386952
5436060.998666,42,18313.228353
5474985.910416,45,18314.13451
5476940.269128,36,18314.843395
5443709.475785,32,18315.482354
5798788.129836,56,18316.595068
5542177.102764,44,18317.441529
5453483.833645,33,18318.090538
5481939.9482,33,18318.752654
5506996.67192,29,18319.298055
191670.862369,250,18324.16009
5494920.150404,32,18324.798289
5490550.960498,48,18325.727847
-102490.968647,11,18325.936857
5614812.725925,54,18327.001121
5478286.280853,45,18327.879008
5852500.88842,59,18329.069758
5470211.623927,44,18329.946696
5903902.611026,52,18330.994974
5545353.680285,42,18331.865321
5516960.968492,72,18333.280507
5471843.392944,54,18334.32997
5438450.706804,31,18334.940741
5474955.607468,39,18335.730045
5476957.662183,51,18336.73014
5558011.878071,131,18339.320106
43289.08294,250,18344.33764
118349.087539,250,18349.253367
5436379.245885,28,18349.783241
5844316.360559,64,18351.047651
5481269.98656,29,18351.606632
5614875.774448,66,18352.8933
5463467.942786,34,18353.555017
5950906.587884,57,18354.647068
5482159.378785,36,18355.354738
5508966.952458,50,18356.341867
90137.962851,250,18361.286988
5476001.613122,51,18362.317634
5816336.186649,63,18363.533817
5504146.005224,43,18364.379552
5471876.665832,53,18365.435149
5577090.322,59,18366.631561
36890.573305,250,18371.515667
5444611.261434,29,18372.101699
5572037.077051,36,18372.813876
5474876.930882,30,18373.427912
5448712.388003,37,18374.143955
5436341.273741,41,18374.965794
5738547.735164,52,18376.001179
5498840.832461,53,18377.036076
5539935.5509,38,18377.793455
5571011.645981,42,18378.597607
5451592.565915,29,18379.154147
5500926.901435,37,18379.907728
5482055.797096,41,18380.692249
5479237.427583,47,18381.599126
5539735.085504,72,18382.946968
5423261.482151,43,18383.796985
5471063.918764,37,18384.539055
5478865.24558,33,18385.18007
5445662.727204,30,18385.780714
5725315.750545,51,18386.789376
6468286.837185,92,18388.635656
5449392.794371,35,18389.365191
5601370.770954,40,18390.162492
5513125.208289,32,18390.822357
5484084.616169,46,18391.754612
5447806.701207,31,18392.36773
5457840.985594,32,18393.019834
105593.100601,250,18397.908892
6032026.029088,58,18399.022002
5576373.063806,55,18400.131313
5675853.314736,59,18401.302916
5435857.111835,34,18401.983463
5517456.18307,72,18403.408395
103115.991024,250,18408.299574
5496192.282846,37,18408.998919
5523833.406576,43,18409.81649
5445623.377139,44,18410.678759
5462015.259973,34,18411.306976
5713365.50141,46,18412.230129
5522106.621925,40,18413.036057
5505576.104454,45,18413.913639
5515960.673941,51,18414.913183
5469491.944682,40,18415.688345
5770514.640005,54,18416.761548
5585117.777876,45,18417.666569
5506755.723588,33,18418.30319
5503705.241395,34,18418.951802
5460016.244719,36,18419.627907
5465640.689044,32,18420.25723
5471389.322617,49,18421.181691
5619174.974864,144,18423.886992
5668459.079261,47,18424.733117
6287065.033904,86,18426.379297
5480650.10441,43,18427.196357
5465184.130878,34,18427.841964
5447849.759202,34,18428.50009
5461496.673126,41,18429.303259
5469594.634412,40,18430.071518
153222.518647,250,18434.861964
5491172.850337,45,18435.721292
5876787.869968,59,18436.833904
5508947.758571,41,18437.628745
5447329.363885,28,18438.189301
5607699.314008,85,18439.832841
5498856.886498,43,18440.656619
5519812.801489,43,18441.512429
5500085.356335,37,18442.234413
162886.688126,250,18447.022829
5418903.195854,28,18447.564661
81780.845026,250,18452.433236
5495700.236792,35,18453.111244
5475969.100134,71,18454.502523
5447537.738296,43,18455.301912
5540016.970016,43,18456.113347
34176.886389,250,18460.835363
5442713.229268,42,18497.415515
5436290.240746,33,18498.035072
5466277.360331,37,18498.760249
5548786.801255,80,18500.270663
5957417.792905,58,18501.400925
5841810.244992,53,18502.455821
5471982.663248,35,18503.108155
5512354.242807,37,18503.808887
5482449.072955,49,18504.775734
5465249.091829,47,18505.668962
5791927.186776,68,18506.948765
5565368.238479,38,18507.689203
5490498.440893,39,18508.410615
5520824.638585,47,18509.323347
5860772.368999,58,18510.430055
5529767.006248,46,18511.306203
5692217.78162,54,18512.325373
64444.216464,250,18517.230283
5552861.350145,49,18518.173838
5607166.989832,63,18519.400218
5453424.452365,36,18520.102264
5426465.814235,25,18520.58114
5854121.43457,51,18521.540586
5442307.345446,39,18522.252213
5577651.730197,62,18523.449659
5464122.735382,36,18524.153465
5430865.081243,37,18524.863017
5506522.346472,58,18525.931318
5446624.645604,27,18526.466286
5456949.689375,28,18527.004306
5464313.284387,32,18527.623383
5626961.099298,53,18528.640428
5645369.33981,75,18530.079309
5468701.12865,34,18530.764236
5536179.665754,46,18531.637737
5805965.436416,55,18532.668966
5436771.690975,36,18533.354735
5432533.330509,40,18534.119156
5448102.433192,32,18534.745912
5474642.986731,41,18535.500796
5653374.502775,43,18536.340648
5839262.142619,54,18537.369024
6201718.98774,79,18538.898807
5491459.963586,44,18539.755774
5480710.602132,41,18540.582619
5512055.990992,43,18541.420093
5732012.522503,72,18542.884508
5611761.893609,64,18544.176705
5525269.780349,40,18544.976239
5480953.886726,33,18545.640913
5466857.154791,35,18546.332881
5491611.128745,38,18547.099072
5730496.648695,48,18548.085629
5478948.664027,47,18548.997669
5608335.979976,53,18550.024984
5932734.033639,74,18551.479338
5464758.178486,70,18552.897902
5495675.880052,55,18553.972291
5478288.017127,35,18554.680582
5477567.340224,39,18555.442179
5466499.296791,28,18555.990671
5446417.465681,46,18556.900639
5437802.314654,35,18557.584386
5502236.749155,36,18558.314894
81419.037066,250,18563.249596
5598082.57694,55,18564.322906
5696046.824696,241,18569.10206
5680914.374508,49,18570.079501
6349818.886765,82,18571.700514
5495787.608304,53,18572.752498
5502056.438858,38,18573.497213
5544491.664839,35,18574.190258
5483290.126115,36,18574.903642
5464831.655602,31,18575.564909
5475141.618075,48,18576.536895
-101569.95551,27,18577.072746
5443797.2583,36,18577.807814
5542311.396999,39,18578.584002
5881097.05842,91,18580.404663
5472510.413688,36,18581.094635
5477697.403144,38,18581.828191
5670557.181099,58,18582.961668
5524692.453996,58,18584.074702
5965117.064145,84,18585.70169
5605577.413386,60,18586.887918
5417192.790547,24,18587.352493
5476984.957765,51,18588.369844
5456479.874167,40,18589.151561
5493366.977177,47,18590.074656
5590403.964538,39,18590.848348
5779337.699967,54,18591.937867
6415205.335116,92,18593.771576
5497536.114105,49,18594.751468
5508121.58539,40,18595.537811
5484152.01737,39,18596.289604
5447759.329423,30,18596.900072
5434815.237354,25,18597.365621
5460905.476651,37,18598.088359
-12998.802377,241,18602.744767
5429308.509881,38,18603.501284
5417908.429234,36,18604.193908
5696929.609739,60,18605.378742
5504170.146674,100,18607.366765
5509365.018012,59,18608.533776
5439368.350999,32,18609.159291
5439389.25968,39,18609.940757
5555695.576675,109,18612.071676
81947.694308,250,18616.949882
5562434.191445,48,18617.9
5476038.798446,32,18618.514641
5500053.122469,38,18619.248065
5441376.868761,27,18619.774137
5468774.556901,33,18620.397502
5493313.990043,56,18621.502713
5437041.174253,31,18622.144314
5530425.395266,41,18622.960637
6918255.107263,105,18625.026298
5537795.750778,41,18625.833534
5479547.219192,39,18626.632677
5440953.71001,37,18627.368262
5525519.135536,59,18628.546648
5456417.446892,43,18629.391902
5443474.357667,39,18630.15649
5495863.24179,58,18631.296396
5489933.440492,43,18632.139717
5474212.178182,46,18633.039523
246426.041561,250,18637.979461
5790426.567358,57,18639.104712
95075.598899,250,18644.084942
5447524.025199,32,18644.706513
5577004.874885,37,18645.431304
5895332.63007,63,18646.694434
5484754.755385,47,18647.647259
5420981.431339,26,18648.160627
5444058.918931,26,18648.666818
5737695.354891,52,18649.677654
6506131.746466,107,18651.775531
5676900.341545,44,18652.640765
5486947.781842,41,18653.443882
5487502.714873,32,18654.068795
5462167.655048,39,18654.832626
5474168.028643,46,18655.765591
5974095.787081,82,18657.376645
148341.994416,250,18662.175941
183848.060272,250,18666.915913
5977492.062154,63,18668.142563
5447191.210205,38,18668.849741
5482612.36552,38,18669.590608
5802330.011528,43,18670.434104
5479412.59866,50,18671.417044
5487697.930572,44,18672.22075
5464658.618218,39,18672.990709
5606522.841169,51,18673.991539
5453247.077545,91,18675.723417
5587918.006988,42,18676.497125
5474148.969018,39,18677.230859
5554289.50476,54,18678.267379
5672465.573723,57,18679.373401
5489529.019602,50,18680.330394
5456974.913923,35,18680.969864
5550107.912495,37,18681.70067
41086.949186,250,18686.505312
5439067.108215,35,18687.18824
5452073.654814,45,18688.062767
75420.866865,250,18692.858069
6122975.874815,65,18694.077805
5570470.732036,48,18695.003101
5539238.056386,46,18695.886046
5462784.886968,50,18696.832197
5493155.879738,38,18697.577925
5667923.794335,53,18698.587811
5510066.392693,62,18699.772972
5501324.483659,71,18701.129176
5426135.603505,34,18701.797616
5481955.138453,42,18702.618196
5894060.893663,68,18703.960211
6357874.044356,81,18705.500602
5465664.093287,35,18706.222741
5467080.193702,30,18706.802797
109565.169486,250,18711.679391
5486730.623853,51,18712.674818
5497131.798211,56,18713.732843
5467143.045851,35,18714.42812
5474155.432352,35,18715.135231
5847712.548336,53,18716.17805
5771650.137173,69,18717.53787
5716675.173728,49,18718.485399
5545297.487269,61,18719.678468
5445518.779607,29,18720.239083
6248774.56937,114,18722.394925
5508580.487403,46,18723.270678
5746530.578902,43,18724.080333
5971368.760824,62,18725.278919
5550176.773519,43,18726.088668
5481847.431285,46,18726.986226
5539015.856544,50,18727.927949
5451900.501326,40,18728.666494
5468346.727215,40,18729.399857
5429091.987462,32,18730.0481
5475371.861506,32,18730.649932
5446756.726943,29,18731.206832
5466527.49487,34,18731.846745
5538039.864553,43,18732.658174
5463255.894614,31,18733.256166
5481492.082993,32,18733.848229
5496573.002348,58,18734.943862
5483887.091411,32,18735.525232
5443583.232211,40,18736.301443
5486135.571116,45,18737.156457
5874298.205982,83,18738.71987
5473868.836586,46,18739.579311
5972591.023437,57,18740.626333
210114.990518,250,18745.43175
133837.497479,139,18748.103498
5487309.932767,38,18748.810429
5842599.405418,59,18749.947441
5831176.1136,123,18752.229182
5452170.108474,33,18752.87176
5471589.140792,41,18753.650504
5433802.525854,28,18754.201273
5451908.449776,39,18754.941931
5573042.406927,57,18756.015262
102458.496445,250,18760.812941
5797337.387777,57,18761.937736
5506486.66677,43,18762.740438
5441311.514009,32,18763.343929
5860839.831606,59,18764.482202
5774866.5667,64,18765.70506
5488411.004434,49,18766.618992
101667.638727,250,18771.388105
6125774.803871,66,18772.659631
5463515.834108,32,18773.252224
5817671.548531,55,18774.306109
5464703.474582,30,18774.886416
32821.451434,250,18779.681344
5500845.496221,42,18780.497747
5725324.029379,70,18781.843583
5456627.795156,34,18782.493457
5686214.974814,245,18787.251183
5860807.437771,71,18788.647173
11694.281863,250,18793.587584
5516927.369262,41,18794.398178
5472521.955346,50,18795.383733
5664623.472828,39,18796.148433
5508598.712137,35,18796.803484
161751.599125,250,18801.694098
5451278.44122,24,18802.174851
5870762.727344,54,18803.243987
5532856.109964,34,18803.905761
5534335.928499,58,18805.062049
6014064.368283,86,18806.767793
5492150.368319,38,18807.536916
5458461.456692,39,18808.304259
5614105.41181,66,18809.612812
5474864.28981,43,18810.463695
5841972.636812,54,18811.567604
5509119.668998,46,18812.460035
5869864.203835,78,18814.00853
5767057.975289,63,18815.2461
5478955.128159,44,18816.11158
5466070.113498,43,18816.942306
5782514.978066,62,18818.155291
131567.051031,250,18823.094519
5487607.488781,48,18824.024613
5486653.213805,33,18824.686683
5477359.044027,44,18825.569456
98309.557952,250,18830.447781
5922560.536205,71,18831.824667
5524163.000936,38,18832.581241
5480953.318953,48,18833.525311
5635553.114142,40,18834.296954
5495468.699719,39,18835.05899
5477798.257326,36,18835.766291
5548554.551393,52,18836.793116
5502303.390697,29,18837.358568
5816881.763608,67,18838.691174
725254.173625,250,18843.674938
5475790.52571,47,18844.591344
5449850.797354,38,18845.331454
5523334.003791,41,18846.141013
5488239.89026,37,18846.874228
5470416.734201,46,18847.773404
5412892.261939,23,18848.232417
6251936.499637,97,18850.111928
36795.540217,250,18855.085822
6290839.447831,107,18857.198699
5820795.567205,59,18858.371468
5490628.249415,45,18859.259184
5730365.316645,60,18860.420588
5473633.12222,66,18861.702409
5668869.754609,49,18862.648079
5701660.882258,54,18863.689701
5476504.026182,27,18864.212593
140588.301042,250,18869.178585
5446294.855604,39,18869.951535
5460139.607266,42,18870.764675
5484370.804576,38,18871.51198
-5605.621089,250,18876.407597
5806122.584779,53,18877.454916
5788084.845646,55,18878.519056
5467619.037596,38,18879.27991
5433716.29447,30,18879.883821
5586133.727677,44,18880.738821
5476810.791985,59,18881.896949
5741453.650332,50,18882.90122
5515940.492902,56,18883.986743
5470407.59565,52,18885.000196
5895456.642302,97,18886.899973
5884533.567652,70,18888.288261
5425656.953292,40,18889.055453
5451660.982074,38,18889.844292
5560053.801569,82,18891.418626
5453797.292353,42,18892.254061
5976444.567589,63,18893.497198
5537262.682118,51,18894.501442
5648365.530351,48,18895.447307
5424781.08134,25,18895.929999
5438482.949404,34,18896.603733
5512539.871912,55,18897.693124
5472370.585113,40,18898.50265
5473809.587894,35,18899.189901
5499437.521502,44,18900.039867
5457066.008352,28,18900.55632
5473730.473043,45,18901.418981
5517055.594756,41,18902.230256
5459716.938847,35,18902.890947
5486266.382653,40,18903.637583
5504529.529563,34,18904.2986
5467993.522943,39,18905.037331
5479090.347051,41,18905.802321
5819500.301183,61,18906.949157
5480664.646132,39,18907.667107
5445494.124249,43,18908.502351
5507562.615186,46,18909.389771
5487819.162481,28,18909.934803
5589062.390589,47,18910.855963
5498824.801179,38,18911.573822
5513344.11902,47,18912.458113
5609391.122784,70,18913.793734
5468473.238237,47,18914.722108
5449435.9923,37,18915.439993
5453603.453727,34,18916.110316
5451825.843241,31,18916.681478
5837050.825167,49,18917.619341
5470938.098706,56,18918.69959
6048933.102835,61,18919.861938
108601.855782,250,18924.634233
5836661.972997,64,18925.882522
70147.704316,250,18930.749537
23995.870258,250,18935.510654
5443539.927906,52,18936.467022
5569454.257773,37,18937.185788
5520305.789073,83,18938.777453
6178028.401365,91,18940.4599
5489976.852638,46,18941.351878
5531109.142704,43,18942.199229
6837219.310617,103,18944.138981
6592679.050389,95,18945.92866
5435844.529115,32,18946.538683
41513.961278,250,18951.222836
5450140.774811,32,18951.813905
62390.08933,250,18956.569687
5594908.940102,60,18957.748339
5457779.594586,42,18958.54477
5498335.266046,55,18959.580604
5474069.29471,45,18960.454135
5465338.509768,36,18961.175201
5670549.441355,231,18965.519415
5475331.084774,38,18966.250333
5453850.260592,54,18967.279216
5486295.732281,64,18968.490439
5468439.658634,41,18969.215981
5678578.487468,47,18970.131707
58531.04361,250,18974.96208
5463884.946559,38,18975.693852
5940846.699207,67,18976.989416
5684502.147996,49,18977.922222
124142.582347,250,18982.679237
82311.2422,250,18987.391756
5632093.802391,37,18988.124556
5465837.917441,36,18988.824893
5474432.036311,33,18989.466249
5506755.610158,37,18990.179193
5539345.953829,53,18991.205978
5503346.195387,43,18992.04312
6096277.158743,60,18993.230525
5462507.66651,43,18994.037395
5479864.246738,38,18994.764866
5465959.534286,36,18995.460309
5479725.575382,52,18996.47963
5809529.311942,57,18997.582365
5754744.245352,55,18998.618387
5498014.221394,45,18999.483292
5734863.634231,60,19000.63218
5524205.466551,47,19001.557196
172864.637571,250,19006.386593
5458563.577867,31,19006.982312
5521028.580186,50,19007.925935
116449.70812,250,19012.644226
5507983.763437,46,19013.538448
5448677.270236,39,19014.297035
5431068.687702,35,19014.955432
5526085.097137,57,19016.068713
5838641.57888,47,19016.961272
5852437.738389,50,19017.950289
5998221.542723,61,19019.165186
5630461.052846,36,19019.923205
5433030.316153,50,19020.883848
5485066.761833,40,19021.676089
5447956.942112,36,19022.404098
5478704.320254,47,19023.306664
5642245.680041,66,19024.561409
67747.911298,250,19029.450049
5446150.186839,36,19030.127
5660936.111219,53,19031.164725
5542825.453746,84,19032.846993
5747645.455408,60,19034.018971
5552782.894418,91,19035.804447
5434647.874523,40,19036.58484
5500737.328878,45,19037.470463
5437132.433105,33,19038.125864
5673106.970111,41,19038.921189
5858016.493805,58,19040.032502
5477446.95373,47,19040.955827
5448947.63101,46,19041.83065
5451930.81171,32,19042.416914
5514861.707053,33,19043.062149
5515964.052687,45,19043.941192
5622644.050332,77,19045.425466
5578263.106737,52,19046.449761
5439917.443939,33,19047.086092
5506815.454352,61,19048.262475
5468796.098966,40,19049.060304
5529366.063861,33,19049.713454
5495644.375557,41,19050.547601
5413408.836479,26,19051.03675
5725388.890694,56,19052.156886
5622351.302333,50,19053.14258
5618426.17508,52,19054.169609
75111.688643,250,19058.973714
5451746.153293,47,19059.883978
5519836.924343,39,19060.650203
5685084.784166,53,19061.699037
5496438.927072,39,19062.46284
5496538.707709,45,19063.362772
5588579.878817,57,19064.501986
5583258.278075,40,19065.320647
5819335.474545,52,19066.344834
5532652.827839,37,19067.071101
5466229.232168,44,19067.94989
5500192.717927,63,19069.168975
5494921.474908,49,19070.124801
5444703.398335,35,19070.8143
5481164.424974,40,19071.625229
103702.51197,250,19076.574167
5632732.927827,47,19077.51212
5484156.431556,36,19078.237626
5437387.571609,30,19078.815449
5464915.264623,45,19079.702129
6143541.194411,72,19081.09445
5738573.195472,45,19081.985341
5479612.391559,36,19082.71207
5816569.006385,91,19084.475883
101663.609343,250,19089.432766
5490673.185641,31,19090.024722
5461652.883597,38,19090.765031
5432363.06141,41,19091.58358
5699846.860757,40,19092.390777
6154374.573435,86,19094.114627
6212683.109689,71,19095.518074
11663.165565,250,19100.413773
5507223.52795,49,19101.35271
5447895.375918,35,19102.046148
5549046.157877,67,19103.387947
5453095.666791,50,19104.351876
5922048.311946,61,19105.534623
5859903.439492,61,19106.719941
5496353.635044,33,19107.390494
5498473.329042,46,19108.293231
5507033.417206,44,19109.180229
5513110.724108,49,19110.1156
5505141.443514,35,19110.793347
119798.850374,250,19115.797089
5553788.467916,84,19117.440881
5528006.795259,56,19118.544999
59928.674367,250,19123.454066
5482156.528523,38,19124.20164
113702.615491,250,19129.132731
5782977.338877,60,19130.300898
5486158.498754,43,19131.135032
5574559.231815,41,19131.938735
5479042.329716,30,19132.528553
5494472.810424,50,19133.563126
5443054.608097,32,19134.193669
79871.807654,250,19139.015062
5466098.250657,36,19139.685896
5593447.469669,40,19140.467809
5531816.688507,51,19141.416041
5532693.917071,44,19142.254273
5437505.884561,31,19142.854746
5456069.523663,26,19143.362723
6630992.469867,117,19145.572919
5460006.193134,38,19146.324919
5586643.307353,44,19147.150377
5460259.711684,45,19148.017435
6630462.92109,209,19151.998824
5428554.313398,30,19152.596045
142270.855417,250,19157.456473
5485939.110274,41,19158.222733
5490994.109083,47,19159.113093
5477185.227961,41,19159.93282
5461624.534403,45,19160.773005
5517750.045576,60,19161.906844
5463741.898464,38,19162.655824
14666.849163,250,19167.395425
5448179.330595,40,19168.127111
5499425.581698,39,19168.882339
5465905.752355,36,19169.5741
5922266.704095,135,19172.21781
5461578.156108,39,19172.969559
5503595.93498,41,19173.779649
5424960.915941,35,19174.438622
5519450.894225,50,19175.441979
5459647.262127,44,19176.273295
5754155.148769,40,19177.067543
5439612.60207,43,19177.887623
5455523.735887,108,19179.96766
6041611.090666,81,19181.517498
5874599.483761,63,19182.704862
5584510.910528,120,19185.044923
5558180.835165,53,19186.074637
5560029.739953,44,19186.891334
5486747.406321,33,19187.523247
5809289.723898,43,19188.367513
5466023.202818,44,19189.185909
5451097.438585,31,19189.773508
5511898.195941,32,19190.392611
5488541.734152,49,19191.327948
5469278.897327,36,19192.018965
5485831.951926,30,19192.599017
5472591.530318,38,19193.296121
5645694.059022,44,19194.154635
5448404.487113,46,19195.050676
5580058.44035,51,19196.027435
119530.293753,250,19200.796787
5519564.909726,42,19201.608284
5518720.279143,43,19202.408212
5547927.003526,35,19203.064599
5447623.09441,30,19203.638816
5464503.884491,33,19204.270809
5455332.188327,40,19205.022429
5592727.090787,46,19205.864558
5462045.493444,35,19206.524491
5538515.080509,47,19207.423129
5474568.26776,56,19208.492693
5513850.654476,46,19209.358562
5448671.678476,46,19210.239904
5462122.525605,34,19210.886381
5734300.706945,60,19212.024304
5463249.45392,35,19212.70332
5890193.100006,66,19213.962322
5476825.383577,46,19214.84414
66446.793238,250,19219.529244
30713.167552,250,19224.196834
5478516.325704,54,19225.340349
5454529.833044,30,19225.92618
5483402.182971,27,19226.444133
5848863.157071,62,19227.661588
5779780.359666,61,19228.792082
5461904.652337,43,19229.625039
5473063.09083,54,19230.656212
5492628.405519,74,19232.107702
5497583.354279,71,19233.459018
5472453.530139,37,19234.159454
6100499.016249,79,19235.655528
94879.357036,250,19240.34611
5959000.810715,84,19241.985152
5463365.901836,39,19242.716123
5463851.75248,38,19243.454644
5473188.238379,25,19243.92747
5582727.627113,64,19245.175903
5523888.641812,34,19245.854968
5764181.037306,70,19247.21629
5499106.481449,52,19248.219069
5434941.190957,42,19249.012021
5626685.620191,60,19250.186232
5450893.8011,40,19250.924497
5470544.913515,32,19251.501832
5473213.318363,55,19252.53598
5668251.424848,45,19253.415021
5560131.832566,34,19254.065442
5455672.312986,31,19254.675762
5693093.940371,59,19255.78471
213414.191373,250,19260.785076
5556201.484285,115,19263.050569
5468223.853819,44,19263.910786
5471210.497905,31,19264.514517
5471906.913237,30,19265.090493
5999762.958331,79,19266.64088
5468607.852499,62,19267.847209
5680912.881702,62,19269.019296
5506194.346091,50,19269.959572
5471650.781655,46,19270.842793
5496259.910565,32,19271.474188
5590247.209274,40,19272.267447
5475482.602353,26,19272.764162
-78125.676818,189,19276.500149
5506760.251662,61,19277.689339
5448207.834654,32,19278.325822
5907003.354671,74,19279.752081
5910586.221799,56,19280.83366
5477232.229999,44,19281.678951
52815.568903,250,19286.486536
5460565.875949,42,19287.288804
70316.94986,250,19292.21407
5729512.724065,54,19293.29022
5892591.174942,82,19294.908607
5447664.515543,39,19295.702972
5534898.193582,32,19296.334437
6261336.50518,80,19297.908332
5477874.356683,52,19298.939438
5474359.89384,39,19299.689984
107285.537118,250,19304.533868
5504814.774344,33,19305.191985
5438310.703521,39,19305.960684
5742508.328062,49,19306.926828
5629805.491833,66,19308.245129
5449787.156433,29,19308.81594
6262845.658631,105,19310.898197
5460305.71121,38,19311.662501
5462265.571029,25,19312.146199
5474860.845918,30,19312.715129
5674905.918527,40,19313.487152
5661477.031739,61,19314.693825
5686779.457462,63,19315.937901
5457222.092788,37,19316.670208
5500941.065661,45,19317.565647
5764706.480832,63,19318.794769
5465186.137266,32,19319.41446
5516741.295214,41,19320.231318
5517632.391496,46,19321.138508
7129396.868653,126,19323.648474
5441173.239745,30,19324.247452
5431073.793252,39,19325.020257
5789829.57806,59,19326.175603
5445787.685205,28,19326.752405
5529315.893976,131,19329.348688
5482775.999701,32,19329.971219
5429872.800278,43,19330.825611
5445823.257525,40,19331.597702
83127.533701,250,19336.507892
5445089.398222,42,19337.309158
5516903.467203,58,19338.456528
5496906.380506,45,19339.361281
6113234.034279,65,19340.648547
5844466.645499,68,19342.039212
5856276.529114,46,19342.965047
5498774.281559,36,19343.670759
5468404.595363,30,19344.255656
5501545.336976,44,19345.116152
5791746.702248,55,19346.202786
5578039.399468,49,19347.153039
5432910.105861,28,19347.69467
5484219.678784,40,19348.477752
5656434.419363,48,19349.408476
163768.919681,250,19354.401427
5698937.469953,59,19355.542112
5537839.036439,47,19356.455745
5508554.676661,41,19357.256742
5509895.19726,48,19358.158322
5480304.036437,89,19359.869402
5474612.627057,51,19360.834064
5520471.378405,44,19361.688229
5501993.421699,56,19362.760429
5722474.300297,63,19363.99467
5607154.885966,45,19364.8866
5449646.243005,40,19365.646368
5516634.697492,48,19366.59641
5503304.008807,66,19367.866743
5452173.945432,58,19369.023867
42325.015958,250,19373.962525
57362.853985,250,19378.861223
5471599.308036,49,19379.804554
108462.605957,250,19384.607892
5479598.123074,39,19385.356909
5590180.827197,41,19386.143761
5449734.45479,31,19386.735398
157721.077034,250,19391.415255
5442336.990305,39,19392.126692
6234718.840615,87,19393.780276
143767.112431,250,19398.555567
5692294.743529,129,19401.071617
-103308.259677,27,19401.606808
5419770.410998,26,19402.112183
5467726.773643,43,19402.955585
5606740.187811,47,19403.829222
5459806.484918,41,19404.612117
5668695.656971,50,19405.558822
5450421.228242,45,19406.402657
5835190.763308,78,19407.870063
5442788.280777,29,19408.428992
5753941.568709,102,19410.33127
5432538.920996,46,19411.224349
161527.331312,250,19415.987883
5475070.54258,46,19416.896638
5595675.139602,125,19419.343984
6084395.049837,71,19420.682176
198763.385893,250,19425.500853
5467885.13339,31,19426.119704
5458481.249124,35,19426.80513
5537925.523589,61,19428.0379
5520095.968214,48,19428.94733
51640.554879,250,19433.704413
5497562.744432,41,19434.45759
5473347.24391,37,19435.182067
5633526.504609,57,19436.244548
5762010.746599,51,19437.216802
5469737.159884,34,19437.860237
5442967.43919,34,19438.523185
5433707.912959,31,19439.100314
39474.298673,250,19443.860027
5475636.212743,42,19444.678957
5458527.868271,42,19445.478831
5472444.033358,35,19446.158698
5554755.39455,174,19449.44433
5776220.875447,57,19450.539887
5455876.422507,29,19451.0702
5788439.01187,53,19452.067383
5508604.578472,39,19452.799127
5469361.405867,31,19453.379474
5642908.162683,49,19454.288476
71718.709566,250,19459.047362
5492220.850084,44,19459.862002
-90975.062502,173,19463.156451
114606.88781,250,19505.883405
5464571.018151,40,19506.659088
5467423.942705,42,19507.48428
5478601.276974,37,19508.213925
5442085.375195,45,19509.107342
80235.768222,250,19514.120324
5432159.51271,34,19514.819881
5472805.307118,29,19515.390715
5498844.286934,49,19516.322302
5477517.346322,38,19517.070085
92095.782752,250,19521.950308
5463865.084912,63,19523.230289
5488772.581574,35,19523.921321
5479276.953364,61,19525.130966
36452.629358,250,19530.075388
5502503.193702,48,19531.016006
5438627.418614,44,19531.878663
5469973.055909,50,19532.888323
5472091.153831,26,19533.415451
5504080.80813,36,19534.131934
5457088.523881,32,19534.771339
5483683.451051,50,19535.783065
91458.351209,250,19540.733915
5448697.448314,32,19541.344301
5485274.593796,43,19542.178732
160470.893523,250,19547.112822
5503729.035874,35,19547.825918
5462767.62492,36,19548.499121
5640644.406908,66,19549.793491
6855032.910558,109,19551.914497
5482766.619943,41,19552.734251
5498904.732671,41,19553.535801
37886.922444,250,19558.466422
5852659.689095,61,19559.67637
5461581.913766,42,19560.528822
92390.865258,250,19565.392093
5439290.879641,28,19565.929704
5837971.924156,49,19566.871831
5450181.052719,51,19567.898626
45913.673596,250,19572.828111
5527887.057822,51,19573.838492
5553134.689882,57,19574.944453
5734169.022644,42,19575.76651
5501298.283196,55,19576.853487
5493639.416967,77,19578.35231
23090.518677,244,19583.083178
5453839.006064,33,19583.704634
5681366.933343,57,19584.815025
5522220.701979,59,19585.97157
5595729.079753,102,19588.021677
5438339.318635,42,19588.86392
5466247.727237,38,19589.61603
5500050.018061,42,19590.442152
5458083.482874,58,19591.644164
5452892.811049,50,19592.659467
5475798.298711,49,19593.623508
125644.05132,250,19598.585025
5507031.16602,50,19599.560239
5463830.722659,33,19600.236917
5433868.883968,39,19601.022608
1837.91535,250,19605.969842
5672988.856192,74,19607.429411
5461260.357522,35,19608.123202
5485312.784966,46,19609.048999
5508271.148696,34,19609.720838
5471189.178343,38,19610.466253
5731538.522969,54,19611.508296
6033305.940748,68,19612.867976
5449836.043645,50,19613.872643
5741553.337027,52,19614.908358
5741100.175156,66,19616.226327
5435243.963223,34,19616.894093
5815630.511754,97,19618.784088
5984195.423536,56,19619.900428
5486085.703291,79,19621.457068
5601820.976075,43,19622.300982
5518189.12152,59,19623.396118
5918808.032805,57,19624.480449
5443094.200215,37,19625.212699
5479164.243739,46,19626.055726
5523346.325684,60,19627.195744
5447109.545792,43,19628.000104
5566473.65398,37,19628.710211
86673.437386,250,19633.508694
5769811.003302,61,19634.701947
5497921.661877,38,19635.451269
5483056.357884,43,19636.261696
57132.726427,250,19641.068662
5797229.652003,199,19644.813131
5950422.185368,90,19646.515372
5485695.277465,30,19647.072351
116876.917017,250,19651.895116
69397.668436,250,19656.70945
5466082.854166,40,19657.471475
5479789.331105,41,19658.2599
5587452.13696,71,19659.600067
5482112.826637,29,19660.161991
5534397.313415,42,19660.957469
5488398.874361,49,19661.906277
5527951.759358,43,19662.755139
5518196.315059,72,19664.145
5471704.184628,36,19664.831492
85622.307474,250,19669.610531
5770920.715317,47,19670.485665
5461224.505093,33,19671.134811
5461920.407925,34,19671.77425
5594280.491194,35,19672.41598
5505422.590926,48,19673.344438
5517269.79702,36,19674.034191
5471775.771141,35,19674.675676
5599068.508098,62,19675.856113
5561309.253051,66,19677.10558
6383893.475209,128,19679.542801
5501484.379135,54,19680.551663
5601022.702376,55,19681.623494
5452227.424396,34,19682.280935
5463090.355951,33,19682.901453
5923760.270159,53,19683.953148
5768792.731972,61,19685.137955
5453857.332597,37,19685.84019
5496593.960591,42,19686.610068
5495280.896962,58,19687.738791
5689821.196423,44,19688.57319
5456907.041385,43,19689.369241
5465543.047116,39,19690.090145
5525751.446184,49,19691.030674
5489424.512248,43,19691.840817
5543523.227777,48,19692.763873
5482907.673668,45,19693.623439
5565848.78285,91,19695.37475
5540900.148433,62,19696.572309
5555320.518031,48,19697.538862
5466509.639319,43,19698.341099
5761350.75323,139,19700.933278
5429311.616692,49,19701.855522
35972.749717,250,19706.557514
5570180.207223,36,19707.269893
5502195.800095,42,19708.089224
5924478.776619,62,19709.289574
5529239.219442,41,19710.105267
5486324.889125,43,19710.9496
5796575.981561,79,19712.488548
5491434.55852,46,19713.354081
5448354.756028,39,19714.086905
5448875.680935,27,19714.591274
5737574.680112,50,19715.574569
5847041.574991,53,19716.584594
5484334.667414,46,19717.461723
5476584.430409,45,19718.31727
5506741.709143,35,19719.002857
5607120.362737,39,19719.763433
5516265.602779,74,19721.197725
5635279.883817,55,19722.280796
5481296.374393,55,19723.368241
5493389.984165,38,19724.110759
5706049.978474,51,19725.071019
5509423.511007,36,19725.746144
5479731.350112,35,19726.427969
5437518.338921,28,19726.968779
250555.137484,250,19731.764061
5886635.787305,56,19732.834849
6183524.167618,99,19734.726477
5438450.395093,34,19735.356585
5552253.986102,31,19735.963159
5470254.857907,53,19737.011207
5470639.772458,54,19738.075093
5425907.56782,37,19738.828852
5434158.075714,41,19739.627528
5444945.238436,34,19740.29984
6012565.203249,66,19741.569397
5670861.209994,67,19742.893137
5688607.82011,56,19743.994589
5505446.181735,49,19744.94957
5801082.001957,51,19745.990948
5436818.821946,30,19746.579131
5437238.18382,30,19747.171211
5482241.041313,40,19747.942975
5497848.469232,49,19748.885128
5448391.575454,39,19749.634597
5443372.362115,30,19750.218382
5484573.53885,37,19750.933314
5482655.221444,38,19751.676721
5489300.68036,49,19752.650074
5447665.490603,33,19753.293548
5915297.579237,124,19755.741624
6153755.882685,93,19757.576841
5470790.317939,37,19758.288077
5476664.927073,35,19759.005953
5490851.55111,40,19759.802224
40289.727939,250,19764.689878
6712405.043217,98,19766.588607
5460578.313761,40,19767.379923
6186219.856094,76,19768.855863
5609846.311102,56,19769.969248
5440127.100398,49,19770.93152
5454288.191625,44,19771.820858
5479921.318027,48,19772.788033
5458005.37439,37,19773.508088
5450042.902267,36,19774.208256
5462132.211664,27,19774.742437
5676244.547651,203,19778.657604
84642.563566,250,19783.581193
5429995.230413,44,19784.443516
5832115.758919,112,19786.636904
5451281.543064,28,19787.185642
5531698.455203,31,19787.781969
6105450.386381,80,19789.359931
-23071.093291,244,19794.100608
5806356.576395,56,19795.190094
5484795.830696,32,19795.811607
5442481.816918,28,19796.374481
5756692.556285,73,19797.814483
5600031.817965,42,19798.662001
5453032.151478,32,19799.287364
5435308.074984,40,19800.081052
5802176.254983,69,19801.4596
5448344.425866,43,19802.317627
5491930.375311,41,19803.139863
5447551.147993,29,19803.723974
5516685.781061,39,19804.513335
5627317.350495,50,19805.498194
5481133.490738,60,19806.654091
5472474.235123,40,19807.416262
5485607.954626,33,19808.088223
-56270.902831,195,19811.91338
5484666.068809,34,19812.580432
5593824.27288,46,19813.47362
5570347.645341,48,19814.423065
5533313.054274,32,19815.028302
5509794.253852,47,19815.935853
5452079.869276,26,19816.442179
5521327.391212,33,19817.095942
5516826.532668,46,19818.023018
5437994.019324,26,19818.550889
5479444.131614,46,19819.455037
5688082.199751,54,19820.502159
5672119.686683,55,19821.571195
5604226.877263,49,19822.510722
5500249.631685,41,19823.322325
5459459.005312,40,19824.10364
5479173.527727,34,19824.763252
34038.987165,250,19829.659545
5466137.509059,38,19830.394912
5425814.796158,38,19831.142712
5424968.499562,53,19832.207701
5500255.669627,45,19833.08087
5491467.063117,35,19833.770374
5433153.227055,28,19834.330066
5461318.948935,34,19835.009498
5438835.329919,37,19835.7571
-3256.506695,250,19840.666153
144622.508292,250,19845.628088
5425711.648149,39,19846.423448
5488945.332559,37,19847.174322
5812730.32582,59,19848.34291
5598127.116433,179,19851.896701
5497180.987098,44,19852.76545
5537546.71952,52,19853.78202
5512435.114333,63,19855.016777
5469302.549332,44,19855.847039
5496091.117226,53,19856.858831
5495978.50989,38,19857.584662
73525.384106,250,19862.411619
5667217.572575,49,19863.369069
5594783.285761,87,19865.07682
5514720.644977,36,19865.752259
5884857.359666,52,19866.749255
5450945.041494,41,19867.47707
5477564.881493,37,19868.151313
5488566.199875,39,19868.880206
-19759.714137,250,19873.634365
5878039.201323,59,19874.792649
5463513.72346,33,19875.444543
91432.308637,250,19880.335383
5578275.126441,54,19881.329646
5567350.457589,54,19882.332236
5684269.000777,47,19883.21315
5430477.871352,37,19883.942418
52994.039349,250,19888.62359
5460120.799048,30,19889.171087
5658817.083928,38,19889.906978
5474384.836806,38,19890.621318
5858981.524184,80,19892.142945
-92568.574955,190,19895.831934
5491540.807873,34,19896.513986
5807354.201583,57,19897.623191
5466656.496104,51,19898.577363
5922742.729051,72,19899.951748
5877473.904516,63,19901.164747
5444037.938847,46,19902.067049
5484475.752389,50,19903.068631
5444837.468185,45,19903.899213
130820.694092,250,19908.747173
5524943.966696,37,19909.441341
5715892.033166,59,19910.5921
-103735.342443,42,19911.363372
5439600.482056,43,19912.171686
5484741.977174,49,19913.101906
41873.190869,250,19917.793038
5474685.195134,39,19918.5303
5441694.939645,23,19918.983265
5794762.22365,55,19919.995183
5834907.98644,66,19921.259049
5459141.207867,31,19921.872923
6303552.069664,97,19923.714412
5471110.584321,37,19924.410957
6263989.446182,75,19925.834937
5796676.212585,51,19926.821826
5757257.935964,43,19927.61427
5450399.248872,37,19928.325262
5877840.591364,48,19929.231889
5487422.331729,34,19929.862581
5490949.290382,32,19930.480095
6414492.537702,121,19932.774647
107435.280231,250,19937.516058
5807807.245651,49,19938.471226
5486880.417833,50,19939.449232
5455445.2504,30,19940.013809
5473932.191918,35,19940.704053
5443390.733497,45,19941.605524
5856553.99427,64,19942.825735
5486822.363015,47,19943.708805
5470810.239243,44,19944.479065
5515893.698386,39,19945.196956
5488822.783406,45,19946.048369
5470318.834518,55,19947.08551
5803461.342672,66,19948.344846
5648597.152362,47,19949.238942
5419825.542787,32,19949.857107
5450708.116208,36,19950.555191
5470700.29874,41,19951.369889
5482831.898917,35,19952.018252
5501089.172561,39,19952.798557
5509970.839725,48,19953.705044
5495856.975546,33,19954.319219
5474982.639529,35,19954.980937
50867.689928,250,19959.650526
6553343.292052,90,19961.325382
5437194.723679,29,19961.868192
5562689.756121,55,19962.898228
5721768.06806,48,19963.80917
5441895.623463,27,19964.33596
5483215.51042,35,19965.00235
5829937.691785,53,19965.995839
5551246.046503,36,19966.678982
5768185.200944,71,19968.051677
5530395.996288,44,19968.869408
5428440.010497,29,19969.416915
5493541.46425,61,19970.588181
5462762.577991,45,19971.450132
5456659.042662,41,19972.182879
5450517.829402,32,19972.799949
5501204.105868,30,19973.367688
5799741.366125,86,19975.016655
5537813.490765,57,19976.07115
93649.770491,250,19980.932987
5584115.977036,37,19981.666714
5511055.882451,53,19982.705118
5449288.399409,36,19983.408007
55565.944027,250,19988.381596
5493884.031596,44,19989.233521
5421290.818526,25,19989.739343
5438824.528813,31,19990.341691
5456657.005914,37,19991.074722
5449986.688796,38,19991.832118
5641576.364988,55,19992.903733
5956996.840933,79,19994.469868
5487033.041926,36,19995.18345
5544365.499577,43,19996.033274
5561439.830455,35,19996.732935
5472527.945251,65,19998.029357
5940298.215536,71,19999.431818
5479827.628436,44,20000.305676
5505720.684951,42,20001.140103
58242.53254,250,20005.952156
73161.96501,250,20010.813843
5423062.492304,28,20011.364005
5527155.315771,34,20012.05119
5472883.25742,31,20012.650076
5449791.188216,44,20013.58765
5913604.291865,81,20015.142145
5433304.156072,28,20015.67956
5493504.693647,41,20016.495361
6176247.815081,71,20017.855105
5890923.509167,61,20019.033848
5591146.98036,50,20020.013685
5471219.534152,30,20020.595921
5482197.34331,37,20021.394773
5547290.334619,47,20022.366024
5473833.383121,40,20023.128994
5418603.575082,32,20023.74926
29167.722215,250,20028.642583
5788963.93771,60,20029.837193
5482523.108311,33,20030.48619
5494499.192576,43,20031.322528
5451858.887604,34,20031.993591
6063763.294168,80,20033.560349
5678295.809932,85,20035.258654
5744995.110001,57,20036.353329
5943679.620481,68,20037.671855
5758342.511894,46,20038.536127
5509715.3251,43,20039.359751
5498663.646933,36,20040.082364
6690485.502754,99,20042.075112
51567.399234,250,20046.964026
5499481.884845,41,20047.79469
5455824.452441,31,20048.400196
5539574.650797,39,20049.154884
5784605.410724,46,20050.053624
5463537.267763,38,20050.799498
5715917.686807,45,20051.681282
5477687.998708,52,20052.682772
5696969.392726,68,20054.023942
5496588.649184,30,20054.60856
5472878.746017,44,20055.471481
5455858.054603,32,20056.101034
5922366.418905,55,20057.199149
112897.988413,250,20062.171207
5785014.857699,54,20063.222163
5462543.316396,31,20063.818839
5477619.968076,41,20064.616966
5522078.569935,39,20065.388133
5687302.53342,50,20066.363531
5659845.341912,70,20067.699053
5469007.072947,43,20068.560119
5478709.052168,37,20069.279455
5433089.624251,28,20069.817713
5456499.049979,46,20070.708483
5446835.785488,45,20071.603237
6208217.743037,80,20073.233979
-106526.958979,67,20074.586626
5454985.270421,38,20075.340115
5458507.715771,26,20075.853203
5460522.68012,37,20076.559269
5641737.156004,50,20077.568645
5560856.67111,76,20079.082257
5469465.003544,38,20079.83585
5457620.57941,49,20080.818255
5560590.287868,36,20081.519922
5414768.149777,37,20082.239923
5465691.365037,75,20083.698648
5442358.037957,42,20084.49725
5441119.618927,55,20085.527729
5440867.578088,27,20086.085274
5481771.503783,33,20086.729247
5498947.178834,36,20087.442292
5477755.033939,30,20088.018712
5450662.010943,42,20088.850902
5435934.227211,39,20089.624671
5436968.884452,31,20090.215692
5487775.210571,43,20091.058777
5445319.758576,31,20091.639987
5470164.765482,41,20092.447757
6267383.893756,83,20094.046371
3420.00798,250,20098.852684
5660989.222056,58,20099.989814
5555278.086715,39,20100.735323
5427341.113462,35,20101.400794
5460613.54404,29,20101.975134
76802.88915,250,20106.81721
5469921.219357,42,20107.640183
156838.624503,250,20112.414984
5871654.887031,72,20113.749688
5467219.775243,33,20114.376017
5485801.753636,47,20115.282192
5527043.869013,46,20116.167995
5672708.764226,43,20116.984841
5554373.190645,34,20117.628676
5866250.135844,51,20118.589326
5451829.633968,40,20119.381866
5619444.833012,43,20120.215461
93042.046414,250,20125.061631
5476996.093475,61,20126.236874
5486957.446173,42,20127.035739
5489418.78812,30,20127.608147
6132567.907652,98,20129.433595
5489013.120488,38,20130.140742
5448241.4206,73,20131.527973
5511099.803972,36,20132.195462
5489455.277928,37,20132.938858
5471919.440732,27,20133.451463
5480172.680202,42,20134.27596
5445205.996894,28,20134.805358
5451207.921513,33,20135.45821
5463992.619598,34,20136.123011
5425859.097569,41,20136.917374
5491740.157,39,20137.68265
29454.863652,250,20142.473461
5554335.454878,36,20143.144487
5454742.524359,28,20143.642939
5669053.218677,43,20144.452266
6024557.025014,69,20145.739642
5490141.121614,31,20146.335555
5463870.486783,37,20147.031959
5477316.847141,33,20147.656173
5558579.819289,34,20148.305444
5458001.577225,38,20149.04168
87353.316053,250,20153.83336
5439827.37705,27,20154.351698
5548414.479112,45,20155.238446
5512437.338587,32,20155.865515
5459187.133608,33,20156.503717
5463241.93271,53,20157.480643
5571787.348227,37,20158.14759
5609582.309881,53,20159.144833
5485388.292658,26,20159.643921
5468204.076732,37,20160.344209
5813009.547842,56,20161.439342
108843.074232,250,20166.23289
5797417.882436,48,20167.145473
5470595.998897,25,20167.622741
5432373.978054,35,20168.299948
135580.155475,250,20173.024863
5593262.447737,41,20173.797841
5420360.066866,31,20174.346498
5438578.790274,31,20174.921533
5462136.875678,40,20175.677021
89393.023706,250,20180.451411
5487858.077502,45,20181.318694
5466941.133719,38,20182.046413
5935552.106174,59,20183.168377
59850.870985,250,20187.887874
5474636.620249,32,20188.442433
5430707.833245,32,20189.052988
5679784.607847,39,20189.790606
5450388.087955,44,20190.611693
6404693.056123,81,20192.135728
5648582.553012,44,20192.972747
5469092.992391,35,20193.632199
5618441.62946,40,20194.385579
6288809.895995,89,20196.091401
5742751.95611,58,20197.217925
5507925.402801,37,20197.939052
44862.425423,250,20202.759709
5480970.555567,39,20203.512771
5439542.209489,37,20204.226964
5460933.504709,33,20204.846308
127674.141697,250,20209.608105
5451616.523074,38,20210.333496
5437961.643864,43,20211.149189
5450973.609165,39,20211.872671
5495011.179982,40,20212.656579
5484169.957421,29,20213.197276
5621898.103168,53,20214.177101
5604982.350044,34,20214.843867
5455508.627673,37,20215.547473
5484014.309928,30,20216.10323
5473449.956418,30,20216.666272
5457257.946906,42,20217.450232
5455037.945759,27,20217.977946
5515698.905088,42,20218.782045
5465556.500238,40,20219.568512
5460868.232932,38,20220.304204
5861122.538194,56,20221.413895
5457094.926147,36,20222.11972
5469765.15718,102,20224.098935
5487788.624215,31,20224.715771
5453201.364707,35,20225.419447
5492464.78573,54,20226.483495
5625058.642187,48,20227.434514
5466711.748431,36,20228.16602
5429428.094891,28,20228.732418
5463743.662961,39,20229.477539
5480152.989921,35,20230.16926
73177.006457,250,20235.044226
6116557.859923,62,20236.289767
5511848.062194,35,20236.987916
5423980.04058,41,20237.816372
5454316.295757,38,20238.58699
5478016.644732,32,20239.214145
5510237.073339,49,20240.188496
5451644.773289,37,20240.918043
5473678.891019,37,20241.669378
5495769.381076,41,20242.489559
47792.809432,250,20247.434705
5536756.604429,48,20248.379597
5897106.007254,79,20249.900012
5469174.533452,35,20250.587533
5477235.050205,39,20251.350952
5935605.289111,53,20252.399293
5542242.586763,59,20253.564545
5442677.911761,35,20254.249696
5682578.496538,58,20255.39501
85383.966162,250,20260.266928
5504238.701427,55,20261.373315
5473569.488697,33,20262.004803
179061.645665,250,20266.902473
5482969.260182,44,20267.774863
5477726.483624,49,20268.756896
-1308.337934,250,20273.729941
5587504.552134,49,20274.703526
5628454.097205,42,20275.533848
5493853.239524,37,20276.244145
5470694.793627,30,20276.826677
5485299.242931,38,20277.551946
10233.845529,250,20282.438329
5454054.977688,33,20283.074728
5454155.191623,44,20283.927149
5506151.915992,40,20284.701546
5459923.522651,36,20285.416809
5994836.593793,99,20287.380222
5451941.083524,39,20288.142963
5459534.030414,32,20288.763014
5488580.402022,50,20289.748593
5924173.19311,91,20291.558156
6730625.998062,230,20296.064841
5500245.970856,39,20296.808562
5482634.917214,31,20297.399709
5526398.909286,42,20298.241632
5468798.112252,49,20299.198166
5475425.605255,29,20299.786424
5780535.423392,53,20300.855512
5460886.156861,28,20301.388429
5457304.429415,45,20302.312291
5443979.162192,30,20302.893196
5506649.890551,55,20303.969218
5565909.915273,59,20305.135608
5482417.873718,40,20305.921078
5851990.306796,58,20307.045872
5456573.374484,34,20307.715225
5467833.583738,29,20308.272218
68688.567722,250,20313.223802
5656984.568409,39,20313.984519
5465166.84343,30,20314.5641
5606093.104709,45,20315.441404
5488700.404641,36,20316.129861
5532083.028541,39,20316.912596
5457881.891966,31,20317.534924
5487675.746838,39,20318.301621
5446307.015328,28,20318.851541
5974104.976773,74,20320.328854
5463293.431504,42,20321.180793
5461693.465862,36,20321.871273
5674084.673538,60,20323.042309
6235612.970526,90,20324.823652
5544323.115317,49,20325.809269
5512410.861014,36,20326.504669
5451409.766355,40,20327.279443
5425659.114148,24,20327.746572
5590333.222077,47,20328.686853
5495148.833318,38,20329.447648
5507829.95376,46,20330.350096
5456411.951034,34,20331.018765
5548353.64595,43,20331.886438
5559323.85378,38,20332.641186
5466362.51903,81,20334.282123
5431625.703409,30,20334.87528
5810202.464941,44,20335.751386
5511453.586792,34,20336.419147
5491535.492382,34,20337.079044
5458415.329002,92,20338.82802
5571876.17622,35,20339.519915
5476213.956282,37,20340.237817
5472625.184058,36,20340.925868
5644205.057623,120,20343.237342
5458894.060752,32,20343.867804
5510319.764548,44,20344.720746
5581126.568375,38,20345.453112
5501429.769299,42,20346.29554
5496091.715724,44,20347.159654
5454882.441871,28,20347.698471
5565383.092103,37,20348.404301
5767675.143928,57,20349.500299
5545670.444061,46,20350.332952
5452665.81521,38,20351.087152
5483400.701172,53,20352.120259
5786102.751543,57,20353.213926
5496938.535355,43,20354.021442
5822045.967623,66,20355.264246
5476895.181094,37,20355.971872
5660234.441203,41,20356.738646
5472268.105031,56,20357.817387
5886186.806205,77,20359.297111
5447032.390382,26,20359.787493
5444790.112105,43,20360.641951
5504809.441658,31,20361.248953
5456124.933238,26,20361.754316
5455942.312534,40,20362.538001
5892723.587883,69,20363.86425
5509453.324024,34,20364.542338
5503766.216035,50,20365.47603
5712402.919506,48,20366.402397
5956048.504781,57,20367.462601
5505511.917135,37,20368.158564
5751447.773716,61,20369.320006
5474892.285092,42,20370.110264
5588357.037604,93,20371.867317
5456978.526549,50,20372.827536
5681512.970756,51,20373.783211
5492198.870808,49,20374.746073
6413383.748646,118,20376.987512
5916412.638341,67,20378.296773
5489578.930807,30,20378.867312
5890382.717567,76,20380.314503
-65506.689622,197,20384.036807
5440989.698258,25,20384.500192
5427146.236952,32,20385.119721
5499132.370732,44,20385.957181
5443873.847629,31,20386.578726
5441300.013618,40,20387.362175
5523411.431385,44,20388.169649
5442418.923397,29,20388.738549
5510030.295309,37,20389.446122
5506710.001457,48,20390.388264
5432626.757238,43,20391.213229
5528363.893241,43,20392.040491
5512161.293764,55,20393.123769
209647.129775,250,20397.916759
10142.597892,250,20402.685427
6456247.001888,105,20404.750196
5470718.208062,33,20405.390004
5537358.736598,47,20406.294539
5615930.118494,40,20407.059787
5592903.363286,47,20407.9304
5488027.950828,34,20408.575012
5642365.699377,55,20409.599068
5450560.544591,32,20410.198841
5442935.288524,31,20410.805771
5519197.724177,45,20411.607343
5817750.421408,67,20412.875916
5511630.934235,60,20413.994932
5947171.794502,59,20415.127954
5459456.681056,32,20415.768762
5475907.441426,34,20416.430734
5632316.762703,106,20418.435192
5495655.508866,35,20419.093819
6913912.031288,132,20421.628013
5443816.56553,31,20422.226436
5477405.234933,40,20422.982483
5635938.497367,50,20423.929572
5440745.738444,30,20424.479437
5484891.079717,36,20425.149397
5727295.507234,61,20426.353237
5775834.263723,57,20427.463785
5471626.003379,38,20428.201228
5444345.896204,31,20428.784716
5627387.222142,36,20429.448667
5436174.515786,50,20430.355798
5480081.585486,29,20430.913828
5457267.488146,29,20431.472814
5456441.612513,42,20432.260464
6498546.882434,85,20433.902627
5452043.102268,36,20434.593093
5466826.009367,41,20435.377124
5470897.387996,51,20436.330512
8694.800248,250,20441.298476
5534773.103829,43,20442.146268
5490098.505382,33,20442.776006
138314.073557,250,20447.482982
5425444.0618,46,20448.37793
119092.702521,250,20453.419764
5592677.643466,46,20454.313563
5659951.571649,59,20455.450639
5644184.50089,51,20456.431138
5504382.238971,52,20457.423488
3304723.900293,250,20462.299045
5460717.529646,38,20463.033818
5717764.113825,105,20465.111461
5485337.916936,58,20466.315486
5468189.764662,40,20467.1348
5432472.669388,35,20467.837144
5445713.648938,42,20468.723035
5677479.805962,49,20469.795129
5488454.216989,35,20470.55074
5457925.321229,49,20471.543717
5477248.279885,37,20472.301898
5506657.63289,49,20473.318054
5459027.217542,43,20474.159654
5471836.424378,41,20512.040037
5456927.116361,32,20512.685562
5442905.08592,31,20513.294953
5756521.164549,74,20514.739012
5430021.260803,43,20515.572661
5452682.480644,28,20516.116564
5484935.951168,33,20516.778805
5445182.495329,39,20517.575404
5476662.287422,42,20518.400354
5418108.701052,28,20518.942273
5582069.921304,39,20519.70956
95674.208957,250,20524.596812
6299579.855211,84,20526.207427
5441736.373425,27,20526.727228
5808889.922273,56,20527.823414
5474469.583959,32,20528.444015
5639844.406086,121,20530.765453
6813037.60234,111,20532.961521
5432085.603054,44,20533.800103
5575602.811923,58,20534.950817
5473460.776257,42,20535.77664
5483757.994487,33,20536.421595
5479200.270987,32,20537.068936
5454537.133391,37,20537.795454
5443043.140214,29,20538.371823
5470598.964786,38,20539.115348
6023894.213892,87,20540.835089
5793875.040765,61,20542.03661
5494929.671042,42,20542.871882
5470516.012918,41,20543.666652
5895232.053726,79,20545.1977
5735015.588601,46,20546.107656
5501585.234165,39,20546.858562
-11162.33822,250,20551.822452
5540179.226149,35,20552.522025
40349.887009,250,20557.397271
5480300.223852,37,20558.116381
5738496.789036,68,20559.421305
5512919.247235,45,20560.312251
5595436.671324,51,20561.308383
5453849.01466,33,20561.939526
5488152.134844,34,20562.612836
5421854.397024,43,20563.469562
5485318.893769,35,20564.147728
5985307.564323,58,20565.303463
5471645.920236,41,20566.103802
5439766.380757,46,20567.037208
5517567.507768,59,20568.185819
5439260.958716,31,20568.774463
5611619.28277,39,20569.531129
5465586.664708,29,20570.087149
5498604.415731,41,20570.888412
5544157.779972,41,20571.672062
5503310.892453,69,20573.015768
5608313.299127,52,20574.022274
5454916.713292,47,20574.947
1194502.229698,250,20579.796951
5901483.01512,55,20580.819379
6236095.101738,81,20582.315663
5456063.330015,30,20582.892003
5450101.711413,38,20583.626368
11080.780644,250,20588.290839
5734627.245335,43,20589.082407
5480006.450325,49,20589.993004
5513041.703478,36,20590.683207
5477508.322709,43,20591.53776
5476348.664371,42,20592.375009
5499520.03872,43,20593.231579
5488793.153819,52,20594.257676
5454080.287389,35,20594.96385
5713165.917648,51,20595.989958
5653031.994966,40,20596.729469
5579457.727348,46,20597.6017
5445156.885851,42,20598.443911
5725790.10486,79,20599.943408
5587265.588606,43,20600.726105
5440762.627867,37,20601.43027
5430963.639991,43,20602.240457
5575631.767587,38,20602.971331
68051.939373,250,20607.683615
5819632.687379,59,20608.86365
5524389.206543,52,20609.89441
5503524.515427,66,20611.207714
5495979.414111,41,20612.013651
5483136.024158,33,20612.616503
5506453.684907,113,20614.848131
-20710.00835,250,20619.67865
5528900.091415,57,20620.786366
5565101.357317,41,20621.56447
5506577.809908,41,20622.358817
5506957.756749,34,20623.028795
5470125.653475,31,20623.627591
5455908.662605,29,20624.181029
5504823.179916,58,20625.287177
5982359.066033,78,20626.774963
5794152.983903,44,20627.639541
5476082.714926,33,20628.295002
5491631.567704,97,20630.192072
5786133.176934,52,20631.154909
5468657.474362,30,20631.750953
5465908.807476,30,20632.323406
5487156.352433,37,20632.990248
5478649.55843,31,20633.554502
5512238.733628,29,20634.101154
5430383.1996,26,20634.579013
5501501.420874,49,20635.502614
5473146.218061,26,20635.985003
5452558.113125,40,20636.750646
5482982.965919,42,20637.557214
5468096.793137,32,20638.170706
5460346.161919,39,20638.921175
5479273.169559,44,20639.743059
5689117.176216,54,20640.808261
5519947.680267,122,20643.204019
5477981.232621,30,20643.789509
6073136.164331,70,20645.113761
5449822.095043,24,20645.563576
5579783.943208,40,20646.31517
5791172.197622,57,20647.367537
5758041.11991,45,20648.20074
5867516.246597,57,20649.274788
5663983.115368,62,20650.455527
5460393.525339,27,20650.954143
5874645.175696,58,20652.061355
5571152.471841,38,20652.772918
5765881.974228,65,20654.038988
5497037.488915,38,20654.755384
5460219.192799,56,20655.869133
5851615.598196,93,20657.736099
5470256.862096,39,20658.469076
5424540.207146,32,20659.082018
6044907.097602,79,20660.577063
5482105.549804,41,20661.355401
6038976.11332,69,20662.664798
138379.903484,250,20667.444074
5415890.34379,25,20667.943648
5486768.06189,48,20668.887812
5902263.163537,56,20669.987427
5440683.845319,41,20670.78944
5852778.059733,57,20671.86073
5492598.992046,52,20672.831239
5457573.023977,33,20673.51601
5454987.990174,34,20674.17265
5446687.047411,38,20674.873528
648873.740357,250,20679.595405
5572730.176908,47,20680.502839
6076570.259676,78,20681.967076
5462795.536539,71,20683.34607
5468226.239826,31,20683.934633
5954988.375708,64,20685.167904
5494443.595134,42,20685.940406
5428092.761694,37,20686.646709
5900785.466514,68,20687.936012
44607.157071,250,20692.686677
5463444.672243,41,20693.466645
5454934.786765,37,20694.194592
6456581.561949,211,20698.270187
62408.129081,250,20703.185855
5450728.870825,35,20703.886347
5449632.696632,38,20704.646758
5836458.596343,54,20705.723568
5476228.855427,32,20706.368781
5457640.146145,28,20706.910096
5476419.796595,50,20707.901139
5598330.736798,53,20708.936623
5437872.001365,41,20709.73868
5425243.827911,29,20710.308421
5431500.853312,28,20710.846516
5436834.865957,26,20711.3485
5434057.864157,33,20711.988616
5476148.744146,36,20712.692109
5874890.156267,55,20713.781051
-71990.701643,226,20718.288914
5474493.399488,25,20718.771091
5454506.139628,37,20719.50484
5419893.938823,31,20720.113202
5512858.783895,44,20720.931922
61607.864159,250,20725.803668
5482018.310306,30,20726.392847
5463726.832489,33,20727.023765
5954374.1884,65,20728.342525
5474752.42063,31,20728.97253
5526410.345694,61,20730.187663
5445872.785909,36,20730.900291
5617634.111162,49,20731.870719
5448055.463924,35,20732.559766
5494437.652412,47,20733.491663
97300.12746,250,20738.408182
5477298.80742,30,20738.966024
5441900.937605,32,20739.606329
5450361.576444,26,20740.108294
5501846.851735,37,20740.843263
77018.233121,250,20745.768804
6088726.075193,62,20747.001164
106182.908385,250,20751.905746
5513980.561779,36,20752.642936
5891581.818948,55,20753.698474
5485116.918669,45,20754.569951
5688737.701891,42,20755.3727
5432860.786199,27,20755.879518
5454974.178401,51,20756.869225
5466642.179272,37,20757.611657
5528779.279682,53,20758.632858
194256.003478,250,20763.555413
5518413.214747,43,20764.380018
5502331.610707,34,20765.051326
5523078.228434,37,20765.794097
5436118.490792,33,20766.432826
5447041.089271,50,20767.41055
5501632.574341,45,20768.329173
5508767.706699,37,20769.071009
44309.394135,250,20773.894683
5471392.059045,45,20774.786868
5420015.741432,27,20775.302548
5472124.542498,29,20775.877114
5501636.53594,61,20777.071821
6917413.891639,110,20779.267091
5585961.034209,55,20780.343164
5463033.220246,42,20781.193848
5563432.123391,46,20782.100513
5449307.00157,44,20782.962973
5422044.673463,35,20783.657095
5802488.479904,50,20784.634802
5488155.744711,48,20785.587913
72530.414829,250,20790.51077
5446021.607225,36,20791.211458
5832458.19606,65,20792.471778
5444546.09046,25,20792.974602
5444830.600535,34,20793.626858
5451765.792007,34,20794.286828
5442428.571607,35,20794.994122
5466712.494055,30,20795.581555
5602424.095257,36,20796.296446
5499411.083554,45,20797.158942
5447885.910415,33,20797.813691
5486881.579605,52,20798.831075
5450852.653427,30,20799.432598
5467753.688404,31,20800.045733
5434943.548191,32,20800.657191
5520603.434067,38,20801.419965
5843911.456088,50,20802.395676
5459041.257399,42,20803.219168
60502.954064,250,20808.168475
5644671.15267,52,20809.19646
5827735.410359,48,20810.115415
5669525.249664,48,20811.055296
5495309.925759,39,20811.830647
5702655.558183,51,20812.838128
5466737.884729,33,20813.452003
5477585.045069,45,20814.312543
6080603.05121,79,20815.862848
5883758.356826,53,20816.932533
5703611.085919,95,20818.753156
5725338.51628,49,20819.669684
63966.979346,250,20824.375975
5693509.386565,43,20825.183424
82277.55893,250,20829.88406
5447537.72504,29,20830.415095
5434236.095208,32,20831.015501
5461963.781203,30,20831.584278
5505179.192849,43,20832.404529
5534710.563253,55,20833.446393
5843317.259714,75,20834.896606
5461395.763605,29,20835.417921
5464075.461422,47,20836.351722
5487490.610488,37,20837.061049
5504699.254205,34,20837.710702
5449565.399986,40,20838.478566
5510844.17255,36,20839.188426
5480954.661332,33,20839.816385
5451551.021252,24,20840.286279
5484297.291463,49,20841.229065
6101988.808472,82,20842.74987
5455480.611343,42,20843.552915
5476361.039241,37,20844.272471
5452014.91295,31,20844.90071
5666111.937403,56,20845.935743
5444195.896759,30,20846.502368
5452956.095241,32,20847.111645
5509673.120004,41,20847.882006
5485730.254868,39,20848.591286
5508970.3324,62,20849.760329
5441749.999846,35,20850.450103
5454236.714889,37,20851.15486
5458735.49474,36,20851.863047
5534157.813456,31,20852.463568
5460486.71807,32,20853.07434
5459265.846864,38,20853.808313
5521490.499705,33,20854.450121
5442640.273237,39,20855.203085
5461099.179588,30,20855.749319
5444640.793378,37,20856.471648
5429956.876853,26,20856.965669
5481706.651837,37,20857.660691
5444869.255876,35,20858.374346
96185.592891,250,20863.066748
5975466.033437,74,20864.48437
6197825.806205,86,20866.187899
5461165.395067,37,20866.868926
5462687.563778,30,20867.447372
5485044.100727,57,20868.57874
96025.674926,250,20873.353963
5651362.575515,43,20874.211623
5479622.277318,34,20874.857184
5488695.22465,35,20875.51622
5589809.523853,43,20876.315041
5451181.245115,31,20876.895776
5562376.998357,34,20877.527152
5575217.480201,40,20878.31239
5421123.212396,40,20879.074131
59591.783828,250,20883.865407
5452000.945659,47,20884.780585
5476875.668058,30,20885.377788
5462065.293888,45,20886.269506
5483343.830516,37,20886.978139
5507519.000718,53,20887.998953
5600856.892407,49,20888.932546
5821729.315122,50,20889.866438
5557273.155406,34,20890.502246
5446821.944081,38,20891.209967
5555744.151851,48,20892.098068
5541635.518854,41,20892.867723
5684143.666825,41,20893.656636
5989556.097637,60,20894.778307
5656737.211138,47,20895.707123
5458297.353,35,20896.380923
6292028.862376,98,20898.302542
6090125.957421,98,20900.208652
5473033.958826,36,20900.894731
5469454.376851,36,20901.613076
5612990.268265,38,20902.353716
5824179.760973,69,20903.687349
5482514.072496,40,20904.465878
5508425.51375,53,20905.451254
5481565.20937,42,20906.22626
6038595.472221,57,20907.308941
6040810.63911,62,20908.510081
5447887.750459,47,20909.442266
5465647.139451,32,20910.039629
5429269.094897,46,20910.926879
5564109.269275,51,20911.962499
5437487.284366,36,20912.670447
5469884.18005,30,20913.207674
5439091.395064,38,20913.917225
5503535.929884,48,20914.84798
5451053.084764,27,20915.393412
5435192.064543,36,20916.078155
5482232.191625,37,20916.807
5479480.868384,37,20917.499282
5494927.395856,43,20918.319336
5976735.070146,56,20919.383834
5472931.270073,50,20920.33898
5500291.062177,39,20921.069406
5477997.899505,32,20921.668322
5491246.109555,37,20922.366772
5546962.915826,54,20923.392223
5456122.310629,40,20924.165112
22674.920209,250,20928.930592
5450801.981013,29,20929.48374
5473905.30921,33,20930.155478
8785.935973,250,20934.851663
5446208.065543,36,20935.535282
5440164.330338,32,20936.127055
5486914.838803,30,20936.717789
6121124.038555,237,20941.360951
5730850.045261,61,20942.568302
5500511.251408,32,20943.19582
5495145.864945,57,20944.327502
5457769.625941,39,20945.106796
5480783.119016,46,20946.024961
5471780.051487,41,20946.834332
5444472.018783,38,20947.568802
5463710.857797,30,20948.148478
5422746.964632,27,20948.69648
5548915.902482,39,20949.471846
5491124.998944,34,20950.124654
5452902.988045,39,20950.884514
5481631.4519,33,20951.533327
5448534.331936,34,20952.187809
5488275.366569,47,20953.121129
5549796.960402,91,20954.893169
5460470.441311,33,20955.552922
5682186.187124,53,20956.596054
5465283.343672,43,20957.442693
5502964.810423,45,20958.313321
5437721.195929,42,20959.136627
15195.454632,250,20964.122173
5490301.81643,33,20964.74023
149777.093025,250,20969.654054
5447138.482334,42,20970.47512
5733196.179625,48,20971.445117
5432613.449421,28,20971.975852
5468029.603948,52,20973.001436
5725891.335562,47,20973.945139
5523172.655262,45,20974.800388
5706313.223362,38,20975.56726
5437571.198607,27,20976.085938
5436610.146902,53,20977.131086
5474821.891381,48,20978.081532
5475851.210689,41,20978.876472
5922452.131119,238,20983.468339
5509232.923432,38,20984.210492
5943198.528545,68,20985.520841
6176314.530361,78,20987.075054
5460126.973489,46,20987.992178
6080.478327,250,20992.902157
5708375.867228,40,20993.682857
5475209.508637,27,20994.210586
83576.295929,250,20999.146768
5470923.587534,39,20999.892992
5500501.585056,42,21000.679175
5602918.167653,74,21002.138551
5446084.457743,26,21002.644708
5539258.917089,43,21003.498754
5481057.178929,36,21004.219118
-11938.486258,250,21009.204457
5475655.733834,60,21010.37402
5777077.403526,64,21011.608112
5822094.734958,51,21012.611284
5443114.385552,25,21013.107228
6742997.914783,112,21015.280656
5513596.779788,42,21016.083063
5491894.766847,39,21016.873554
5456888.138103,28,21017.463405
5458699.728043,33,21018.095537
5851306.582378,62,21019.327032
5522292.766438,32,21019.965902
5533823.787513,57,21021.09774
5454626.270156,34,21021.752317
5501601.382517,38,21022.48971
5549037.479423,44,21023.363186
47871.738361,250,21028.245372
5935577.903535,64,21029.499618
43188.8674,250,21034.408787
5446274.872086,44,21035.28675
5498618.144915,46,21036.170809
5492179.201807,29,21036.737498
5459879.567257,31,21037.335999
5480813.568011,36,21038.058876
5466497.798723,41,21038.838306
5476739.666138,44,21039.696581
6009951.978486,71,21041.061706
5529982.171189,58,21042.193842
5847011.762658,55,21043.271867
5883452.96479,72,21044.615107
5868715.399511,71,21045.979959
5642556.986122,37,21046.694959
5458688.323478,27,21047.205995
5578448.968788,40,21048.003497
5624389.716803,58,21049.129508
5535654.724694,53,21050.179635
5462938.216193,46,21051.086727
5438566.638689,26,21051.598146
5446920.330508,35,21052.305145
5461584.137595,41,21053.100835
-7239.765824,250,21058.021734
5483840.440678,40,21058.784141
5687000.734376,51,21059.805833
5453443.159336,40,21060.594858
5420919.171499,28,21061.136226
5465720.133219,46,21062.028415
5444737.542634,37,21062.741896
5469703.132632,39,21063.525235
108592.487276,250,21068.42407
5502765.072982,41,21069.211082
13522.432904,250,21074.036411
5585714.85763,45,21074.887197
5488999.980592,39,21075.623605
5475224.954336,30,21076.196378
5464986.069676,37,21076.903445
5456832.171211,36,21077.560714
5447164.827404,26,21078.055332
5794054.882338,55,21079.138135
5443525.078498,44,21080.004087
5531499.202596,47,21080.924066
5624905.158009,50,21081.864986
5502166.448846,46,21082.722624
5477242.326351,31,21083.341737
5425390.672779,34,21083.984399
26732.580928,250,21088.698016
5447203.346218,47,21089.562821
5433085.811813,41,21090.328248
5609594.190638,72,21091.71893
5728779.010966,65,21092.972015
6215028.784437,74,21094.389368
5600964.053387,166,21097.605476
5424372.764611,37,21098.305643
5539530.510251,229,21102.747914
5459789.02587,49,21103.692295
5761848.399113,60,21104.86507
5435627.332501,34,21105.568294
5877812.903812,59,21106.682203
5458116.942031,39,21107.449081
5472001.022362,49,21108.418856
5485720.844201,34,21109.076318
5485710.116982,37,21109.782381
5449605.106452,37,21110.499104
5940406.430713,58,21111.582363
5628132.391858,40,21112.360763
5911215.158575,92,21114.165
5569566.52973,34,21114.82022
5448499.524734,30,21115.379813
5482759.66396,31,21115.984439
5424470.029791,33,21116.63511
5476520.334712,40,21117.406142
5999502.775028,63,21118.592544
5528497.201358,51,21119.565661
5467635.691292,37,21120.289185
5465125.958038,39,21121.038424
5663431.244814,53,21122.044688
5475062.956168,40,21122.815001
5556978.679644,61,21124.018753
5486467.908017,39,21124.747786
6027618.5828,73,21126.106006
5487693.1653,40,21126.858876
5464132.177571,43,21127.669203
5490329.027178,47,21128.582402
5463393.50349,40,21129.371953
5428405.600326,29,21129.92023
5496127.280462,38,21130.630752
5934827.806746,61,21131.785625
5477831.362123,45,21132.646157
5507855.235486,34,21133.298933
5452230.147162,47,21134.209827
60725.409381,250,21138.866698
5449719.767016,40,21139.657855
5485531.722162,39,21140.354977
5606224.55899,51,21141.31187
5448686.431156,29,21141.854076
6033835.384738,98,21143.726339
5551823.563493,47,21144.665168
5798262.220425,52,21145.678233
5469039.515252,43,21146.495626
5590573.822053,40,21147.253363
5826881.381972,62,21148.396142
27551.280294,250,21153.157949
5786919.038953,76,21154.580916
5484124.777469,42,21155.415451
5433242.580497,36,21156.133347
5503671.142793,49,21157.077308
5562260.070116,39,21157.814649
48326.101576,250,21162.662177
5525139.723797,56,21163.717609
5434454.523851,39,21164.455008
5443854.255551,45,21165.36931
5538712.909841,57,21166.416641
5440226.357218,34,21167.03937
5894171.992117,75,21168.451134
5782193.713319,50,21169.431495
5417997.978545,25,21169.904965
5485799.795218,41,21170.666429
5676580.141555,47,21171.59618
5526418.645346,66,21172.887406
5433427.121833,27,21173.431497
5994548.310135,65,21174.685793
5630537.369075,52,21175.672895
6102812.813533,64,21176.870871
5475859.638103,38,21177.571544
5455488.824471,35,21178.239638
5626735.069419,54,21179.239754
5471263.783384,43,21180.07162
5486390.575435,37,21180.794914
5480104.121403,38,21181.530159
5477178.131858,45,21182.388041
5445840.980212,29,21182.971039
5453419.507299,38,21183.725665
5759822.560323,56,21184.821819
5805548.129068,48,21185.756525
5554218.256218,36,21186.463713
5455504.959734,29,21187.042955
5529753.900135,39,21187.782413
5496742.985985,37,21188.495274
5443964.359963,36,21189.195263
5505053.974908,51,21190.212124
5462181.083251,41,21191.003645
5529265.275673,43,21191.848727
5440721.074611,40,21192.628964
5487277.44448,54,21193.679082
5451535.023103,24,21194.159289
5489608.469509,41,21194.959707
5461367.218436,28,21195.507214
5522720.961646,54,21196.581786
-40475.344411,250,21201.507876
5513014.357199,41,21202.327511
31189.296989,250,21207.255927
5457769.825199,36,21207.966205
5547266.641983,46,21208.886639
5479771.581873,47,21209.812026
5487673.764064,36,21210.521099
5533043.62744,43,21211.357467
5464961.56227,33,21211.969649
5457837.488439,31,21212.580651
5923095.255411,65,21213.877514
5865072.761981,63,21215.096649
5448631.134216,52,21216.111235
5464014.884613,33,21216.776118
5819023.507759,56,21217.892054
5619652.663384,44,21218.74636
5752698.021926,59,21219.91857
5498526.90735,32,21220.548052
5452621.458146,41,21221.336305
5509029.249681,48,21222.297143
5507158.440573,45,21223.180086
5441603.612237,36,21223.902037
5440782.181572,32,21224.531565
5612346.307301,43,21225.383418
5451675.492679,44,21226.253525
5427677.451967,30,21226.841369
5905830.560764,59,21227.993618
5468870.479775,43,21228.848841
5502835.669874,32,21229.476951
5507111.142319,50,21230.474734
5626902.68443,53,21231.518656
5840845.180848,62,21232.731191
5466481.362022,29,21233.329622
5466506.853469,41,21234.134832
5538273.62819,57,21235.293618
5525018.282317,35,21235.987803
5439850.172361,41,21236.797108
5461146.14895,53,21237.840475
5514287.897631,38,21238.582651
5720792.613225,50,21239.575507
5762936.327604,44,21240.416344
5458470.777576,44,21241.253895
5440901.32074,30,21241.844797
5458844.618099,29,21242.40827
77240.836817,250,21247.36415
5476009.121993,30,21247.955431
5499710.472966,33,21248.617858
5426979.365036,30,21249.227125
5697798.424968,51,21250.224936
5737844.259421,66,21251.516395
5529832.278701,53,21252.541464
5465259.807469,44,21253.403823
6038991.206004,59,21254.563019
5663710.357386,47,21255.453453
5498624.841855,55,21256.476338
6310113.247519,75,21257.936708
6315467.099264,95,21259.805004
5416568.662614,25,21260.288816
5464424.400302,37,21261.010596
5422699.471666,38,21261.739364
5442193.938926,48,21262.676509
5658647.881767,46,21263.577557
5440447.747404,37,21264.317212
5498608.315937,43,21265.155063
5478537.944645,44,21266.031197
5838550.414931,47,21266.957337
5462941.300339,34,21267.615769
5808247.307441,75,21269.09119
5443061.411199,28,21269.632752
5512969.031759,50,21270.60357
5586250.372546,45,21271.483421
5483914.868335,38,21272.234396
5663380.299803,59,21273.369689
5459892.493453,44,21274.238626
5619667.97291,53,21275.302976
5430808.194303,27,21275.834082
5448815.897791,32,21276.467047
5481004.726329,41,21277.258474
5452329.374168,42,21278.101866
5469994.074928,48,21279.026716
5606146.744889,56,21280.134439
5522809.781296,48,21281.084846
5433391.471297,35,21281.767123
5632555.487336,48,21282.734479
5452213.87873,37,21283.468397
5477652.64659,52,21284.477589
5460222.276005,37,21285.206063
5433194.163705,43,21286.037125
5462126.161837,42,21286.835891
5443058.67005,36,21287.54396
5473425.470054,37,21288.254619
5490684.439622,42,21289.076916
5516414.788992,39,21289.875313
5469931.62517,42,21290.72242
5437989.559603,31,21291.346505
5934749.72523,52,21292.347528
5474585.660809,42,21293.179774
5682616.186064,54,21294.257244
5446447.764885,44,21295.128194
5502205.049967,32,21295.755802
5453634.086967,30,21296.355648
5526704.193836,55,21297.437186
5450320.260506,62,21298.603175
5459456.747581,50,21299.542904
5447052.448525,28,21300.112186
5563853.003532,55,21301.196026
36088.72688,250,21305.835508
5503944.195997,40,21306.626878
5537126.572319,34,21307.2767
5444801.209993,31,21307.87652
5477258.393044,46,21308.782614
5508438.903012,45,21309.691727
5457391.345334,33,21310.327817
5439458.899038,28,21310.883473
5446482.150339,32,21311.461904
5473432.577788,32,21312.100875
5441219.691021,26,21312.598983
5476337.170631,30,21313.162059
5475124.830894,32,21313.784567
5507210.844362,37,21314.504946
5495058.141366,39,21315.193574
5562525.178517,64,21316.415786
5437270.788979,40,21317.196154
5445258.796247,42,21317.960734
5485976.04997,44,21318.820328
5430215.429145,48,21319.701827
5638199.136454,37,21320.399156
5483038.535055,43,21321.198306
5446320.557052,40,21321.958049
5807029.990185,70,21323.295208
5795450.809579,64,21324.521375
6290714.274052,70,21325.893293
5655273.801583,49,21326.845822
5485955.145297,48,21327.782884
5918460.660337,51,21328.716565
5472453.541606,44,21329.506608
5440880.385643,28,21330.052228
5495424.112865,48,21330.926234
5451364.407291,38,21331.66833
5473021.463941,28,21332.209886
78916.974508,250,21336.966781
5454015.525139,71,21338.331409
5546513.65946,43,21339.144599
5523874.671345,52,21340.129239
5448904.393044,47,21341.058372
6264859.319442,90,21342.76169
18573.954996,250,21347.478322
5636026.509887,57,21348.543918
5436008.100655,33,21349.133406
5468472.122788,44,21349.967972
5561789.898464,54,21350.975296
5499613.584493,49,21351.92557
5480102.35644,46,21352.812651
5444865.5252,27,21353.309186
5484622.954931,56,21354.349139
5451438.286977,40,21355.112344
5727272.073765,235,21359.534523
5502461.125004,43,21360.345734
5495704.9638,30,21360.924972
6170446.447397,78,21362.337197
5483789.603969,47,21363.238494
5535107.337207,43,21364.043447
42699.191485,250,21368.781392
5656990.773447,52,21369.822112
5457360.88086,43,21370.58988
5464478.738106,31,21371.175917
5519064.355511,66,21372.453322
5484831.092363,69,21373.762691
5507188.726561,46,21374.627326
5477985.42528,153,21377.557524
5443355.344922,28,21378.102523
5462363.047579,25,21378.601367
5475355.817512,32,21379.222337
5456375.701754,36,21379.890645
5472643.347408,31,21380.46745
5461704.194804,51,21381.481937
5520577.354099,35,21382.162793
5469761.833375,39,21382.914369
5619476.309032,51,21383.875746
5844458.073848,53,21384.876928
5967535.773374,72,21386.216241
5573820.462068,71,21387.638449
5520490.553004,47,21388.51227
5470740.737596,35,21389.165014
5468578.583276,32,21389.780398
5455301.79531,41,21390.582167
117093.609287,250,21395.393521
5960789.887633,81,21396.963296
5479837.294429,38,21397.730204
5491565.594038,38,21398.454776
5856976.968866,71,21399.805566
5443473.379421,44,21400.629803
5498387.200166,47,21401.521582
5448532.212085,35,21402.165769
5496217.638056,37,21402.855228
-92159.932838,121,21405.155091
5460171.385073,43,21405.978889
5490210.938117,39,21406.700118
57708.169997,250,21411.464206
5526679.734885,49,21412.384153
5473470.692332,41,21413.146688
5459439.670275,37,21413.87839
5580500.549691,66,21415.143836
5494356.594569,51,21416.150848
5858377.834596,57,21417.249289
6246418.093219,77,21418.73152
5619583.747755,59,21419.882338
5578495.929146,68,21421.208245
5450064.286055,30,21421.785074
5478529.942586,52,21422.834741
5514470.14825,41,21423.609075
5559437.965156,40,21424.383856
5798358.266459,60,21425.586107
5502587.320561,44,21426.450485
5833504.376036,63,21427.679263
5435832.428496,25,21428.167068
5474533.995621,41,21428.966248
5508213.186852,46,21429.865509
5433798.818751,35,21430.570623
5523466.432067,48,21431.524227
5515298.468534,51,21432.532372
5495824.137813,51,21433.543895
5920202.380319,112,21435.668451
5463456.948107,27,21436.186181
5780851.570911,65,21437.460105
52699.760441,250,21442.411805
5483063.276424,47,21443.361532
5464450.453066,41,21444.178582
5724449.983241,57,21445.276381
5462921.329885,53,21446.317622
15446.386323,250,21451.273269
5458982.682669,36,21451.973285
6183984.044742,74,21453.399817
5469378.205699,93,21455.218095
55604.147959,250,21460.227486
5472424.844562,43,21461.079765
5600663.798687,65,21462.376733
5465711.372449,52,21463.363855
5492723.609341,34,21464.020005
5653299.326975,42,21464.855659
5559805.513779,36,21465.534126
6155883.668858,64,21466.762528
53023.15133,250,21471.614102
5463891.76338,39,21472.373846
6049748.570162,105,21474.492036
5466766.684677,28,21475.0396
5474569.549251,39,21475.810698
5560927.011187,71,21477.235811
5456844.757938,35,21477.934931
5521873.210225,65,21479.201415
5944056.910962,77,21515.431695
19696.619973,250,21520.426758
5804733.027424,49,21521.402532
5519321.143809,80,21522.994359
5509076.465842,39,21523.761385
5448727.35239,34,21524.437305
5529911.445552,44,21525.266537
88012.431956,250,21530.171736
5436967.317256,28,21530.740818
5477199.583618,39,21531.518059
5489827.696597,46,21532.43099
5446346.936752,43,21533.257496
5500947.505615,35,21533.939544
5446992.763159,35,21534.61081
5463603.642046,32,21535.247991
5443280.519645,33,21535.879472
5510699.197484,105,21537.92425
5617511.672049,38,21538.615041
5513629.25462,35,21539.285951
5752363.379401,51,21540.238256
5465101.436768,43,21541.084987
5481701.524529,44,21542.039215
5495113.864064,37,21542.752196
5463858.790168,25,21543.24916
5465086.493557,43,21544.051846
5826834.662957,48,21544.936845
5481144.587659,37,21545.633326
5494900.537451,40,21546.395775
5858782.686182,65,21547.61447
5497661.160703,37,21548.341223
5471843.594412,33,21548.988693
5495460.675798,39,21549.716435
5426359.144646,27,21550.244544
5444711.251445,41,21551.012508
5518488.914797,50,21551.944469
5430372.631269,32,21552.525664
42169.710931,250,21557.280004
5466389.353211,82,21558.840782
5470016.952351,30,21559.415751
5472136.642075,63,21560.575592
5456053.607775,48,21561.455762
5486249.615893,35,21562.127966
5642851.151771,46,21563.021162
5988537.790316,71,21564.405779
-112230.254258,45,21565.249858
5431905.936846,41,21566.035121
5564994.048323,54,21567.059677
5456845.911611,33,21567.6897
264614.707546,250,21572.374277
5487919.591325,31,21573.001502
5471782.773972,56,21574.076345
110132.388423,250,21578.896274
5491544.627052,53,21579.915119
5445350.43975,34,21580.588404
5417874.343758,32,21581.217657
45518.609548,250,21586.026997
5433977.782257,31,21586.636375
5485436.665021,42,21587.46962
5733315.880128,67,21588.725126
5623750.778901,52,21589.695093
5497399.363715,214,21593.825044
5791990.866154,50,21594.809834
5604720.089431,65,21596.063686
5448907.643166,29,21596.624926
5599247.262865,36,21597.339422
5462121.055083,39,21598.069807
5469125.77465,47,21598.957475
5459755.891966,44,21599.807962
5676731.368732,48,21600.730516
5471320.116029,43,21601.568149
41632.233781,250,21606.325522
5437212.206677,35,21606.986709
5463737.876258,37,21607.682247
5498224.371953,33,21608.311841
5705203.001899,72,21609.66114
5463549.950714,34,21610.292692
52750.040313,250,21615.082589
5488240.447244,30,21615.668463
6036757.182387,79,21617.159671
5497287.184787,66,21618.440306
5430138.834688,42,21619.223295
5494341.780088,45,21620.063546
5589053.119839,49,21621.018226
99454.184263,250,21625.761606
5476307.95939,41,21626.518629
5484958.298031,46,21627.385528
5520454.063088,48,21628.281657
5453974.122226,44,21629.107462
5607038.407017,78,21630.600661
5439658.784199,29,21631.166952
5528423.684633,45,21632.035309
5449604.889848,34,21632.708949
5434681.569632,29,21633.24782
5456031.816528,28,21633.77457
5472345.79798,36,21634.455313
5456705.241948,34,21635.103784
6281673.9633,101,21637.068039
5466135.972331,43,21637.909065
5541082.41072,40,21638.645383
5450617.886601,40,21639.411179
5442911.417995,45,21640.271337
5511834.218552,40,21641.03749
5707911.762352,47,21641.932785
5588646.440541,44,21642.786285
5481327.527272,57,21643.865851
5503513.159808,32,21644.462829
5494217.558331,56,21645.524235
110975.877309,250,21650.27418
5464862.462835,39,21651.037471
5459590.070338,33,21651.707552
5574303.976774,40,21652.484953
6714016.759086,136,21655.085511
5444800.985694,26,21655.583868
5446524.366954,42,21656.38641
5666442.184262,42,21657.156691
5718192.256302,57,21658.237533
5480623.000578,41,21659.008443
5440651.766505,38,21659.754647
5445502.507056,34,21660.430457
5470290.822961,35,21661.129691
5623867.200194,56,21662.234968
5800196.28545,48,21663.199749
70959.830298,250,21668.116795
5468357.832512,42,21668.934823
5484750.728802,55,21670.001089
5532531.38622,34,21670.663868
100433.324615,250,21675.527751
5603618.006859,43,21676.410346
5485863.743706,38,21677.163494
5426457.322328,48,21678.118216
5474386.020386,31,21678.72845
5461922.365961,52,21679.75536
5470940.541643,43,21680.627298
6023534.015133,63,21681.922636
5495531.948051,29,21682.482666
5445098.069578,27,21683.000944
5454326.608718,43,21683.855455
5521502.152713,43,21684.699327
5452450.126965,33,21685.34515
5898231.71953,83,21686.957291
5464116.111326,41,21687.758036
5628572.854467,36,21688.4527
5511705.788196,36,21689.135581
5469695.24803,48,21690.088368
5489634.505238,39,21690.872023
5469290.491299,37,21691.630708
5481794.138107,74,21693.090083
5674604.396293,56,21694.182673
94874.819135,250,21699.157097
5448699.241251,33,21699.807096
5481181.281123,44,21700.693587
5692571.463621,70,21702.024865
5638093.363696,171,21705.323076
5474249.470414,36,21706.021893
6293586.550016,85,21707.697268
86415.935381,250,21712.58112
5993665.760926,139,21715.313256
5436371.340055,25,21715.804102
5438798.067149,41,21716.62434
5464765.950874,34,21717.280542
5529020.536249,94,21719.129288
5473208.784673,32,21719.749092
5465554.570188,44,21720.634891
73661.576727,250,21725.474835
5458951.749011,47,21726.387583
5536599.670121,53,21727.432856
5556698.650161,49,21728.374691
136233.693201,250,21733.216817
5834059.798998,56,21734.28188
5485348.92638,40,21735.051254
57023.796789,250,21739.926878
5504303.732768,41,21740.72521
5644440.14408,114,21742.943035
5468837.423193,47,21743.876107
5448906.699569,37,21744.616953
5838169.747613,85,21746.294022
5480672.849329,33,21746.941503
5496605.576653,49,21747.920491
5454429.186813,31,21748.552299
5454550.190472,37,21749.296751
5451918.143534,38,21750.04479
5470907.315607,34,21750.715063
5667767.364435,50,21751.676282
-4675.203856,250,21756.576158
5473369.000231,31,21757.176401
5450939.917942,56,21758.275547
233755.037121,250,21763.214447
5525993.353461,33,21763.854461
5571437.296311,64,21765.117782
5445530.346207,35,21765.781786
5470822.731131,29,21766.353387
5775238.320808,106,21768.432693
5509060.292937,34,21769.112591
5483072.523656,49,21770.087012
5458781.583815,31,21770.705264
5446278.367384,41,21771.519082
5479177.897009,42,21772.356448
5508041.611077,46,21773.261564
5454271.431598,44,21774.133578
5473774.671007,38,21774.890581
14014.959635,250,21779.764554
5609745.884526,65,21780.994498
5454428.282295,44,21781.835213
5459865.536646,38,21782.551755
5446219.122577,25,21783.050265
131324.88965,250,21787.865868
5430706.079684,31,21788.460499
55965.444376,250,21793.339781
5524818.518944,221,21797.520111
5480043.638691,51,21798.486099
5423900.600968,33,21799.114431
5465812.949519,31,21799.685565
49527.127695,250,21804.474148
5457539.535416,28,21804.99642
6178149.829867,65,21806.212258
6762042.743863,121,21808.525825
5520808.093128,45,21809.395697
5533694.194517,43,21810.196757
95010.141037,250,21814.938923
5790768.106277,56,21816.02385
5481714.499106,40,21816.796952
5498698.156623,50,21817.770065
5686419.534032,42,21818.588585
53867.828216,250,21823.430571
5445617.606607,34,21824.098671
5495721.96841,31,21824.686193
5537867.368283,146,21827.449923
5441458.878394,30,21828.017123
51610.076612,250,21832.770757
5536105.256885,74,21834.151147
5454938.203554,35,21834.852677
5448558.242268,30,21835.408358
5529773.271551,33,21836.024915
5441914.236914,28,21836.537061
6310481.122021,87,21838.184504
5465939.602705,39,21838.903829
6020155.611346,146,21841.675238
5454273.37749,38,21842.388028
5482810.473163,53,21843.433602
5908374.752294,70,21844.803961
5552009.300764,39,21845.52176
5522160.23154,37,21846.200853
6357921.271861,89,21847.849655
5478941.982036,40,21848.659235
5462884.047441,25,21849.167853
5485407.976008,44,21850.035637
5952141.171784,62,21851.259532
5431474.218719,61,21852.464407
5511125.621253,83,21854.05492
5511364.584244,44,21854.870044
5487579.799544,29,21855.414402
5547827.706048,187,21858.948011
5487872.776591,38,21859.652845
5454613.619206,47,21860.542788
5443652.978486,32,21861.133641
5468268.805967,37,21861.84324
5501851.081613,61,21863.023028
5547062.187689,35,21863.733071
5440815.988355,32,21864.362667
5508709.832742,39,21865.082376
5571902.705632,68,21866.418759
5438297.558545,61,21867.583045
5516101.095669,53,21868.609997
5444479.509481,27,21869.111787
5720210.738848,44,21869.957496
5436822.971389,34,21870.608162
5874034.58588,66,21871.879705
5509968.649587,56,21872.926911
5448034.279489,41,21873.707827
5477914.751952,36,21874.413363
5451466.544412,37,21875.116411
5612099.735988,43,21875.948772
5559222.98925,43,21876.783228
5415978.309138,24,21877.224208
5704138.185516,53,21878.246762
6902176.212496,114,21880.392349
5567303.284443,47,21881.256693
5479584.24322,36,21881.942551
5462319.748079,56,21883.005248
5482658.695792,34,21883.660406
5458428.685313,26,21884.186487
5499907.165834,38,21884.911133
5863038.287451,56,21885.980147
6268743.493708,89,21887.711394
5453077.413037,36,21888.395751
5460668.423627,29,21888.942232
5498521.144429,37,21889.633763
5455021.648921,39,21890.405773
6275902.338539,95,21892.255952
5840167.331124,50,21893.226366
5419035.876805,25,21893.688879
5483702.815788,30,21894.31511
5746907.443783,48,21895.231801
102091.024016,250,21900.012447
5486619.826569,34,21900.681133
5665144.13935,46,21901.583527
5452269.907969,29,21902.126216
5486411.543744,81,21903.672268
5486127.837718,30,21904.248155
5470481.765545,48,21905.179571
5448710.000173,44,21906.060214
5566985.718386,90,21907.835367
5487263.912387,47,21908.726181
6076555.017708,69,21910.068733
5449477.757425,35,21910.733634
5471428.918833,41,21911.499364
5438818.485211,45,21912.350724
5518684.061241,54,21913.418501
5453988.023107,39,21914.186846
85220.95622,250,21919.104725
5498268.556203,49,21920.087867
5427939.707748,29,21920.671329
5648775.801747,80,21922.259088
5455274.971597,36,21922.96673
5441030.984498,46,21923.868586
5593681.115105,34,21924.546785
5492606.669425,32,21925.183
-23571.633537,250,21930.014204
5459499.813158,43,21930.86255
5453546.94131,42,21931.704889
5830560.768434,47,21932.633007
18764.293292,250,21937.573314
5488837.187225,46,21938.474102
5708750.079577,71,21939.878629
5440229.462544,41,21940.708963
5454394.742934,50,21941.683018
5482765.890487,38,21942.433983
5458538.400585,31,21943.032189
5458853.21334,34,21943.688684
5556410.206345,135,21946.330435
5458809.422508,41,21947.138901
5634882.597699,48,21948.082618
5436782.446671,34,21948.735491
5741337.894906,43,21949.591771
5475276.017313,49,21950.53953
5479587.114506,53,21951.58557
5491057.552742,32,21952.204173
-3089.869095,250,21957.106312
5653079.336524,56,21958.193722
5459193.24931,35,21958.882424
5691377.500741,60,21960.008875
5948291.310122,56,21961.083686
5471659.340151,41,21961.865216
5480073.319192,36,21962.546845
5906531.258135,70,21963.929008
5522851.746783,36,21964.641681
5458495.628082,40,21965.406975
5538869.236959,37,21966.134637
5476952.739921,46,21967.063986
5474720.77512,44,21967.925421
5457307.761291,35,21968.630785
5489776.83721,52,21969.652416
29533.500741,250,21974.520128
5521470.050911,39,21975.287519
5486420.70815,41,21976.087658
5461356.139916,27,21976.636498
5453953.285791,45,21977.517539
5461097.76955,41,21978.31531
15372.424373,250,21983.220761
5704414.021436,50,21984.187292
5844756.848558,61,21985.350844
5477337.807192,58,21986.505247
5484553.472936,47,21987.429549
5433347.371818,34,21988.095129
5483773.856427,35,21988.780442
5927178.894526,56,21989.866017
5469581.449063,40,21990.62898
5522784.767398,46,21991.551255
5524501.509234,37,21992.278301
5501380.82204,46,21993.189706
5510413.020245,52,21994.195441
5424107.277204,32,21994.817967
5464686.163363,38,21995.563437
5492619.311372,45,21996.464208
5907953.083873,65,21997.74855
36764.488223,250,22002.668437
5452172.011305,35,22003.359977
5524594.047246,48,22004.313824
5812393.036816,61,22005.4881
6422415.612312,85,22007.143788
5489957.821458,38,22007.882206
5505184.545554,63,22009.123417
5789472.411531,62,22010.331165
5502952.023334,41,22011.152641
5901598.825684,55,22012.24341
5458655.497718,39,22013.018208
6073235.684731,82,22014.604082
5472969.905658,36,22015.307702
5447039.12916,31,22015.916244
5730960.226149,56,22017.038516
5510870.692236,58,22018.149042
5431512.603488,28,22018.679851
5462093.813588,33,22019.282471
5667618.215827,42,22020.077655
5433437.878327,39,22020.855531
5453023.063353,35,22021.518035
6284139.116332,77,22022.976207
5482918.750565,46,22023.837179
5491309.550211,75,22025.217108
5447107.166395,40,22025.978168
5473487.927658,35,22026.655918
5831786.227298,69,22028.006098
108976.874776,250,22032.887092
5552106.283756,45,22033.729727
5693349.378309,162,22036.8272
6878189.67904,115,22038.990543
5466443.979233,38,22039.725846
5652909.258034,63,22040.940851
5479558.347745,43,22041.757153
5491478.714595,40,22042.549574
5462587.468166,30,22043.116435
5497640.066632,36,22043.79578
132959.063591,250,22048.533522
5473368.590345,44,22049.376374
5435093.332332,27,22049.87824
5478938.973642,35,22050.52208
5478465.843877,56,22051.609412
5640061.530504,44,22052.445411
5593496.928057,43,22053.276501
5440383.457048,28,22053.82323
5502783.711407,36,22054.485357
5464844.557521,30,22055.063874
95187.756606,250,22059.833974
5451694.254124,43,22060.648645
5447338.956214,36,22061.306612
5477707.722169,48,22062.249498
111318.961037,250,22066.977521
5467448.464015,44,22067.831586
5485689.17257,55,22068.864068
5415450.515207,28,22069.392859
5496291.328928,46,22070.270596
5490918.898727,32,22070.878694
5446748.62269,39,22071.609874
5439196.073026,33,22072.252701
5519951.872431,50,22073.201787
5472742.239513,56,22074.289567
5505060.710614,40,22075.037312
5492518.182086,57,22076.103058
6091601.294166,67,22077.391375
5487085.246909,34,22078.035759
5485039.187748,40,22078.756569
5452664.463039,38,22079.467223
5525441.435129,33,22080.076385
5464860.330884,32,22080.688639
5560389.60209,47,22081.569576
6013373.517666,76,22082.991927
5614208.193999,34,22083.620513
5503301.871406,31,22084.19909
5496345.036006,86,22085.859788
5476451.912243,39,22086.601185
5443592.603456,31,22087.217387
6139530.304532,83,22088.834621
5500552.67584,44,22089.72521
5467428.249485,33,22090.342643
5531124.663901,49,22091.271188
5446700.805863,34,22091.929179
5475014.258482,42,22092.744089
5475853.536436,41,22093.479541
5808986.529776,64,22094.690765
5748619.269503,43,22095.506008
47430.170614,250,22100.291715
5450424.581718,30,22100.871551
5529510.049963,39,22101.61793
5517572.608357,47,22102.502754
5455848.769162,46,22103.353239
5484240.56133,40,22104.10007
5516517.840691,41,22104.871267
5811263.747745,54,22105.935733
5481877.253902,49,22106.858667
5496272.639458,38,22107.635264
5449603.464718,31,22108.220503
5435918.453019,49,22109.152511
5448208.009063,37,22109.858906
5439586.70204,45,22110.723975
5430274.886846,26,22111.187288
5478749.362846,31,22111.778789
5471848.545727,42,22112.561879
5463753.96931,32,22113.161174
5476890.913717,31,22113.727712
5503878.149377,39,22114.470668
5544539.671928,55,22115.500389
5443503.26626,45,22116.371263
5457355.500927,31,22116.98299
5760085.454782,51,22117.962207
5450322.081861,34,22118.616353
5497547.089213,39,22119.347859
5705730.70615,49,22120.270632
5498202.913988,44,22121.103058
5459982.321564,27,22121.635811
5582324.973429,55,22122.683771
65433.670508,250,22127.416112
5757992.839307,55,22128.478228
5421317.123613,42,22129.25317
5492686.135685,42,22130.074519
5465213.92832,36,22130.775039
5466678.558391,41,22131.570461
5597610.881318,46,22132.476326
5432610.676338,48,22133.389614
5443912.21997,27,22133.891352
5453508.6155,38,22134.627409
5799037.39118,49,22135.526654
5447779.220699,56,22136.583311
5461274.621297,80,22138.093028
5440733.002807,35,22138.782853
5479747.842156,46,22139.676114
5481503.063064,41,22140.467721
5711828.444763,51,22141.448939
5488707.345283,39,22142.210481
5449295.868613,35,22142.896129
5479982.310649,44,22143.758548
5456280.343838,30,22144.359462
5490627.092162,42,22145.184336
55960.306795,250,22150.105385
5519423.317725,30,22150.706986
5461065.028494,33,22151.36934
5455663.970485,39,22152.162115
5486704.096252,44,22153.027005
5447684.710998,28,22153.54909
5455517.74038,37,22154.258699
5825251.248885,52,22155.267684
5451763.521053,30,22155.854784
6001453.960455,70,22157.210393
5463208.372112,39,22157.959975
5477500.918194,47,22158.854858
5533058.89066,47,22159.755427
5483475.413731,46,22160.637606
5427423.696559,27,22161.173404
58063.622674,250,22166.099702
5487000.978743,32,22166.748856
5479115.959043,30,22167.316745
5507334.93364,33,22167.956109
5441290.367989,34,22168.634821
5462388.401697,39,22169.393816
5509953.46588,36,22170.112828
5520616.901528,57,22171.198951
5459712.488574,33,22171.85972
5441383.047835,27,22172.386108
5464761.469427,37,22173.100214
5522697.265651,42,22173.924654
5421434.768614,35,22174.628625
5699401.18764,45,22175.500023
5469758.87948,46,22176.397167
5434299.449695,32,22177.024034
5433194.032251,41,22177.84063
5451758.511568,45,22178.750507
107043.122271,250,22183.699613
5430457.962167,38,22184.449229
6127911.491026,62,22185.694674
5551449.731054,50,22186.655786
5463744.180733,33,22187.304189
5478944.584899,29,22187.864772
5485335.647065,31,22188.466007
5452483.338557,33,22189.106026
5518745.03064,48,22190.055201
6359174.479155,112,22192.239538
-86583.386238,89,22194.028876
5622108.250019,52,22195.046331
5451504.794969,31,22195.659909
74305.097678,250,22200.589866
5497259.428408,31,22201.208255
5452757.473031,35,22201.919515
5723850.342048,55,22202.963661
5503750.222815,38,22203.695497
5448214.023237,44,22204.545637
5459700.470839,46,22205.455795
5505617.268147,36,22206.148752
5479758.498892,44,22206.994209
5948733.297864,54,22208.082947
5544277.783708,61,22209.287642
5526082.43213,58,22210.424197
-99764.669534,15,22210.739525
140562.907943,250,22215.650069
5496189.332112,46,22216.548622
5492779.02716,33,22217.184289
5454094.544905,38,22217.945384
6317186.5185,139,22220.643875
5466640.189787,43,22221.478123
5510693.332809,47,22222.3818
5787905.132551,58,22223.491142
5475461.384044,29,22224.060543
5819615.555776,49,22225.040396
5529105.547531,51,22226.04727
6067786.124545,82,22227.660134
5467298.722772,43,22228.458656
6086768.796067,72,22229.866717
5433195.850821,44,22230.702526
5486128.732974,34,22231.37386
5509886.119757,47,22232.279918
5437634.483744,36,22232.970768
5774806.345687,57,22234.109535
5610815.932011,59,22235.269828
5438820.860071,40,22236.024729
5442112.166186,38,22236.776126
5826371.041666,56,22237.869322
5713027.048547,59,22239.025422
5478600.361833,32,22239.637931
5542961.775031,50,22240.641331
5923635.568596,87,22242.370632
5444433.266595,41,22243.157282
5449718.419583,43,22243.992677
5498578.385099,31,22244.614756
55056.02169,250,22249.498616
5504812.821249,103,22251.482845
5850562.914749,69,22252.822641
5493104.568798,42,22253.650777
66787.284439,250,22258.506929
5586921.009255,42,22259.317579
5453199.709791,30,22259.907203
5508488.56817,37,22260.625654
5433657.36152,37,22261.327384
5466972.344209,42,22262.116175
5543988.305011,39,22262.858302
5478901.576403,43,22263.679816
18300.544872,250,22268.376047
5454670.806327,47,22269.271584
5442818.413971,39,22270.016403
5477262.64626,32,22270.624316
5496340.613536,53,22271.654977
6058027.647006,81,22273.241176
5454464.652684,39,22273.992744
5574768.891365,43,22274.823817
5485515.255331,36,22275.508122
5452131.244603,32,22276.12911
5496737.852676,42,22276.913965
5476961.315132,31,22277.527666
5479031.538334,32,22278.133179
5809343.738006,58,22279.256225
5580391.704664,50,22280.227407
5635766.253698,49,22281.162217
5549950.786584,34,22281.790545
5446197.149196,41,22282.558404
5467677.426081,31,22283.11817
5849507.316423,66,22284.38565
5530155.484018,83,22285.99212
5484420.997655,44,22286.854517
5705360.348377,51,22287.860797
5435593.773326,34,22288.520665
5437534.191555,24,22288.956768
5493630.869104,43,22289.769469
5517729.424268,48,22290.669687
5868043.233965,51,22291.691303
5444961.164072,33,22292.330571
14659.097316,250,22297.049364
5578820.098429,146,22299.857809
5453847.953121,33,22300.486105
5457672.341676,40,22301.236284
5466336.848901,40,22301.997893
5473521.458518,44,22302.823343
5606733.507121,42,22303.58269
5429602.825304,27,22304.104565
5627692.855284,36,22304.769094
5522117.662038,45,22305.643642
5602541.892404,48,22306.596182
5468849.671182,38,22307.336184
5445611.485245,29,22307.87764
6393357.498908,95,22309.68304
5690983.191116,49,22310.609628
5660264.697048,53,22311.610498
5650361.126511,47,22312.48446
5473475.747284,34,22313.104122
5467289.872126,34,22313.730006
6235802.133951,134,22316.288776
5439199.950633,32,22316.909036
5440208.983866,33,22317.543981
5438599.777699,25,22318.02355
5506429.997763,39,22318.756019
5512083.964302,44,22319.551871
5450051.024952,26,22320.055281
5444818.286372,32,22320.646178
5541822.244516,43,22321.430646
5506491.470583,43,22322.240835
5524146.981758,54,22323.275787
5443112.089631,36,22323.965044
5578566.655815,52,22324.927468
5462270.134505,29,22325.452131
5900277.486392,65,22326.697087
5477466.556603,32,22327.30418
-124342.035747,92,22329.05144
5476826.025195,42,22329.831392
5724986.267975,58,22330.922892
6820078.313332,113,22333.057846
5897521.45756,71,22334.451235
5462058.467679,41,22335.250641
5459634.226677,40,22336.040906
5867034.236727,50,22336.972332
5782366.436209,45,22337.804262
5414575.760319,25,22338.271589
5443082.929806,27,22338.789155
5889631.202663,51,22339.733197
5458907.013726,25,22340.199032
5444797.862995,27,22340.70242
5482292.79295,34,22341.348938
5484709.945709,52,22342.354581
5485103.401266,36,22343.023415
1129005.767822,250,22347.825305
5649175.08877,43,22348.659605
5661798.303719,55,22349.722177
5485614.690063,33,22350.366014
5454982.717234,31,22350.963314
5573009.628332,44,22351.812465
44476.72505,250,22356.614993
5492349.245175,44,22357.444898
5672533.136989,40,22358.217574
5492281.570684,34,22358.904255
5468238.635901,35,22359.571731
5476452.065606,38,22360.326335
5433885.656846,40,22361.114244
5472797.211369,38,22361.857045
6106766.477757,87,22363.544624
5460892.222243,37,22364.275187
5446784.195543,45,22365.163577
5461849.604237,44,22366.012869
5468974.95323,40,22366.766569
6218522.167562,67,22368.046653
5473099.972353,49,22368.992404
5435333.314374,40,22369.778596
5453624.017346,38,22370.48381
5634607.79442,59,22371.586462
5646250.652047,40,22372.356302
5527043.252203,43,22373.189564
5479324.031441,44,22374.025297
5637934.984216,39,22374.755279
5474377.221701,36,22375.443346
5438254.388628,25,22375.899314
5483107.392897,42,22376.715812
5506342.277289,48,22377.676244
5683423.540737,109,22379.83708
5457740.795195,49,22380.800302
5469136.737914,38,22381.53656
5519168.174071,38,22382.268487
5493614.598032,38,22383.017416
5582993.174899,115,22385.242818
5439577.061944,31,22385.86262
5451356.967624,34,22386.531207
5479560.225939,47,22387.458181
5460485.643533,36,22388.161245
5452826.095151,28,22388.725917
5654258.624612,50,22389.715014
91975.37118,250,22394.674306
5499505.805752,45,22395.544998
5509147.70881,43,22396.373054
5703926.34659,45,22397.237197
5473324.643055,32,22397.873762
5724581.067598,65,22399.178447
5475871.553676,37,22399.880111
5537919.862494,47,22400.773118
5667951.280771,54,22401.808177
5474544.082023,37,22402.547753
5520557.612477,36,22403.265648
5939878.6569,58,22404.387922
5459892.064939,33,22405.059433
5524016.39593,50,22406.038984
5896577.873225,71,22407.474643
5433258.224991,29,22408.044187
5740522.032037,58,22409.195396
5529102.481075,61,22410.393786
35399.318206,250,22415.20575
5471870.873085,35,22415.905313
5433154.415812,32,22416.534619
5687869.111901,56,22417.602245
5486665.297951,40,22418.418195
6014337.368078,62,22419.618914
5728793.623931,62,22420.858253
5476967.547041,41,22421.676744
5488638.703522,37,22422.38771
5485981.190588,38,22423.104518
5430080.180853,28,22423.653157
5443416.014056,47,22424.58063
5508998.453565,249,22429.542819
5481386.39719,38,22430.282449
5600345.063183,92,22432.071343
5440908.020432,42,22432.883515
5655841.14543,47,22433.843831
5428559.953537,41,22434.635725
5441286.014397,32,22435.287468
5724027.636355,43,22436.158517
90784.097556,250,22441.175346
5494811.009268,35,22441.875246
5481584.901777,43,22442.701697
5490711.064416,39,22443.487546
5470499.028317,42,22444.303141
75367.676903,250,22449.179159
5458137.893437,32,22449.798766
5471260.135195,33,22450.437155
5470913.269497,47,22451.342771
5977608.718022,72,22452.714175
5458027.407531,170,22456.09675
5443108.595791,45,22457.007545
5422178.60443,24,22457.475751
5453796.350145,31,22458.087858
5455569.87404,42,22458.921367
5465654.233195,35,22459.60366
5450100.177338,46,22460.503484
5441836.181332,28,22461.056252
5482983.085767,35,22461.727475
5506500.624882,40,22462.510775
5843210.81362,58,22463.636062
5608822.203585,58,22464.774342
5459700.821984,48,22465.717529
5508249.775139,43,22466.571208
5519014.732057,35,22467.267775
5507148.715957,66,22468.57707
5455249.018851,31,22469.20746
5453699.995623,45,22470.088587
5485439.918983,41,22470.927027
5608690.602864,44,22471.81575
5597220.663045,50,22472.834353
6134868.190599,78,22474.377216
5460264.764176,117,22476.642665
5650673.216664,48,22477.586467
5479292.221569,35,22478.238923
5454709.765241,46,22479.132064
5481544.212902,43,22479.950919
5483866.506076,41,22480.781466
5456067.240657,29,22481.375228
5455685.39742,34,22482.067403
5464763.791084,32,22519.79784
6117640.221384,61,22520.998517
5430756.601235,39,22521.727599
5597609.728413,34,22522.361797
5467433.476191,34,22523.005498
5467806.474301,38,22523.742011
5481738.918462,50,22524.704726
5480695.495418,89,22526.428464
5517333.322259,46,22527.307899
5465226.975909,88,22528.977255
5520000.36272,30,22529.534268
5581231.299057,42,22530.350974
5467016.642518,31,22530.963364
57961.781231,250,22535.700504
5463935.441022,37,22536.397953
5464202.698603,34,22537.068726
5984871.134927,64,22538.302607
29101.579559,250,22543.139364
5463862.538933,29,22543.677557
5471782.969679,47,22544.536686
5477450.184644,42,22545.330169
-14036.960205,250,22550.148806
5484170.289893,46,22551.062822
5534145.320497,47,22551.975625
5483823.28787,36,22552.65469
5444301.259559,28,22553.181376
5465900.069735,35,22553.861071
5486042.868427,33,22554.500944
5970026.671467,56,22555.593868
5451639.781499,44,22556.464297
5597297.513076,145,22559.163389
5420285.222393,43,22559.962233
5470060.948786,42,22560.772384
5471131.926012,44,22561.58367
5444714.02061,43,22562.386287
5426116.040248,34,22563.03674
5691014.544583,59,22564.1689
5829798.636487,52,22565.171485
5501889.007939,36,22565.844204
5466163.926485,52,22566.854442
5551182.954383,66,22568.139709
5476514.718216,35,22568.801618
6300794.896605,91,22570.595895
5464887.360451,42,22571.392756
27898.49925,250,22576.113469
5982846.256547,68,22577.374576
5958422.301906,66,22578.575578
5729721.776467,60,22579.724978
5918788.486417,51,22580.651911
5620554.243478,41,22581.431778
5467917.025197,43,22582.243978
5454975.560998,36,22582.934743
5561521.797694,43,22583.767043
5456960.141585,42,22584.559257
5465253.0194,47,22585.430196
5655404.072648,41,22586.222507
5454477.885673,44,22587.04563
5842410.400764,66,22588.306443
5448915.038077,41,22589.065622
5443791.068801,28,22589.5763
5461797.823839,39,22590.303158
5533373.718644,45,22591.153317
5475435.12161,44,22591.985326
5767345.70367,57,22593.094308
5867470.427474,65,22594.383224
5512523.590297,38,22595.108698
5451071.658402,32,22595.688314
19275.854618,250,22600.5289
5957816.018248,72,22601.880672
5529943.244594,43,22602.662327
5470302.982985,48,22603.572191
5473142.185413,29,22604.097219
5464747.963123,38,22604.806398
5510514.243274,68,22606.106041
5458454.929171,40,22606.895387
5497922.981621,50,22607.841984
5700805.9753,51,22608.82469
105020.064958,250,22613.633028
5460819.138853,45,22614.502161
5442036.688874,35,22615.166509
6191319.127087,173,22618.482742
5495684.601989,51,22619.462997
5648104.110896,67,22620.755403
5500177.60445,38,22621.48995
5437622.371873,31,22622.088519
5454231.953542,34,22622.748986
5458338.016992,37,22623.479625
26447.538548,250,22628.440567
5475669.811436,46,22629.342394
-74492.228972,250,22634.293199
5475650.423164,41,22635.110832
5512369.300336,51,22636.10693
5670409.823669,47,22637.026095
5758874.531245,67,22638.34205
5469436.423012,45,22639.219434
5585028.74859,53,22640.253873
6191078.49879,72,22641.638754
5497081.242893,44,22642.498015
5459384.358515,33,22643.175754
5420394.148525,37,22643.895607
5505689.962902,31,22644.515964
5516045.432534,31,22645.094109
5463629.386998,35,22645.762755
5507370.495537,45,22646.640024
5433033.578506,28,22647.197706
5477471.544607,44,22648.055061
5454624.515592,40,22648.844143
5462424.02825,35,22649.535389
5579984.653084,101,22651.519944
5562016.620337,46,22652.411505
5488606.533193,35,22653.089114
5422926.08183,35,22653.78177
5812513.375053,58,22654.931586
5780127.352542,51,22655.923131
5463966.845204,38,22656.68222
20755.401745,250,22661.61265
5548752.519949,32,22662.252747
5572228.564796,45,22663.140713
7025699.081436,169,22666.452368
5472514.781905,45,22667.343625
5471365.789389,47,22668.240207
5479386.826941,32,22668.866922
5486601.902139,42,22669.680026
5685202.036794,49,22670.636085
5496920.869798,50,22671.615479
5450267.495637,42,22672.455167
5866801.823593,65,22673.729221
5506356.676914,31,22674.343466
5758650.134104,52,22675.366234
5464784.482827,57,22676.486069
5486904.976116,36,22677.18105
5456912.773263,32,22677.78913
5873646.857554,68,22679.096596
5570448.690257,53,22680.131884
5454785.567052,38,22680.884032
5440882.087003,34,22681.533562
5906715.258621,70,22682.881493
5532715.870417,78,22684.379862
5485871.143426,59,22685.545935
5484513.031824,36,22686.264553
5730970.056996,41,22687.035476
87930.538908,250,22691.994796
5442709.771943,46,22692.897548
5552435.676044,51,22693.881402
5460413.40341,43,22694.714094
5493236.926672,67,22696.009834
5518555.907769,35,22696.6795
5490769.454383,57,22697.767732
5474190.179758,29,22698.355468
5682887.97644,51,22699.334788
6062176.709242,64,22700.586421
5670721.878967,59,22701.740608
5469877.373308,43,22702.601038
6099690.744574,72,22704.003726
5473830.724424,32,22704.638127
5519548.078124,42,22705.460026
5744203.333798,155,22708.488666
5436869.771957,43,22709.351562
83352.664992,250,22714.180104
5471326.072932,50,22715.136092
5479576.071574,46,22716.034966
6149202.273012,82,22717.635592
5439714.504134,34,22718.30243
5465236.526021,45,22719.190269
5455925.28824,43,22720.025418
5568310.877998,39,22720.817256
5463911.289418,43,22721.657829
5425058.373194,38,22722.421419
5462126.412324,56,22723.487145
5641199.5611,46,22724.409837
5885524.323765,53,22725.457176
5442821.166799,31,22726.079561
5464579.814684,48,22727.012663
6014810.452974,67,22728.319424
5501770.346488,53,22729.31468
5434580.521506,28,22729.865414
5444721.038736,29,22730.433156
5484555.578879,40,22731.223441
5494570.924522,38,22731.973094
5886628.809142,57,22733.121546
5740432.459236,77,22734.629971
5473307.056595,42,22735.449044
5464219.034005,34,22736.146537
5492600.856206,44,22737.022448
5707567.657433,58,22738.15731
5495877.253381,35,22738.81197
5446287.128868,39,22739.535122
5741023.621357,59,22740.635853
55029.621567,250,22745.325522
5529735.837865,48,22746.258916
5487226.515293,38,22746.978311
5533548.407149,44,22747.802133
-35692.438742,183,22751.251268
5443995.776306,29,22751.791252
5462463.733799,35,22752.44657
5448326.054354,29,22752.992816
5517610.933599,46,22753.86799
5500145.932869,73,22755.223655
5489888.655515,51,22756.217789
5458763.307061,32,22756.847976
6035693.368988,67,22758.123132
6031353.61105,59,22759.243423
5863824.894227,67,22760.511028
5445576.585869,33,22761.148144
5464621.390011,36,22761.841215
3812.172792,250,22766.639675
5433329.407226,34,22767.293989
5488341.220526,46,22768.162053
5831608.717046,66,22769.413404
5527961.277461,52,22770.37882
5467335.397308,41,22771.188307
5464663.969184,34,22771.831961
5903934.969922,78,22773.316816
5479631.286553,40,22774.101037
5499418.614134,55,22775.175897
5549163.411055,41,22775.963942
5453879.941366,129,22778.412744
5503673.281454,59,22779.543547
57233.102925,250,22784.281124
5437127.16058,37,22784.962546
5445496.119368,25,22785.437948
5477156.231878,47,22786.30599
5461440.734522,31,22786.882658
5472258.787901,45,22787.765852
5486406.580637,47,22788.672863
5799780.523504,61,22789.820557
5471134.864291,36,22790.49496
5445883.777298,35,22791.185358
5658103.70902,49,22792.093306
5709747.947548,46,22792.970935
29576.2264,250,22797.77729
5469059.431874,32,22798.366307
5464861.295374,30,22798.930888
104854.865654,250,22803.648614
6101593.108578,71,22805.01141
5519057.173618,46,22805.880228
5498635.436372,54,22806.892329
5501135.286582,52,22807.864429
5448503.507488,42,22808.635734
5467656.402168,54,22809.651392
5642210.556059,52,22810.646429
5475351.750111,48,22811.556185
5480311.901035,48,22812.501605
5495140.709212,41,22813.288178
5478515.327377,37,22813.994793
5557370.511062,40,22814.768912
5437294.371934,31,22815.35869
5458449.113751,29,22815.882643
5545564.392032,61,22817.055258
5443683.92841,40,22817.815001
5445386.376035,45,22818.635294
5444959.210034,33,22819.264381
5479624.38166,31,22819.860706
5519189.452644,48,22820.770208
83402.247616,250,22825.494078
5472508.198273,44,22826.34935
5614380.019846,56,22827.387593
5472956.52157,32,22827.983195
113675.062057,250,22832.716144
5486040.936709,58,22833.812338
5423492.962782,37,22834.518476
5536844.836292,35,22835.205843
6008145.153369,72,22836.612421
5491934.054347,32,22837.228502
5655030.241113,77,22838.743908
5469186.028677,52,22839.720154
5651316.01318,41,22840.46951
5522442.663446,36,22841.180657
5806316.288151,48,22842.082716
5609400.578585,42,22842.829436
5466206.898511,69,22844.137234
5473431.106337,29,22844.687593
8422.075481,250,22849.421485
5523123.258964,54,22850.496007
5820190.259684,82,22852.05193
5435867.753038,26,22852.557021
5505133.742774,42,22853.342518
5483853.310459,44,22854.179984
5434894.181943,45,22855.012051
6080402.494856,76,22856.459566
5461659.675009,34,22857.118157
5448826.379193,37,22857.852715
6006214.649781,196,22861.63282
5508428.237798,39,22862.394034
5924275.670519,56,22863.488968
111941.226713,250,22868.356185
5545811.107273,41,22869.158892
5459137.058141,37,22869.899236
5452408.609104,28,22870.468282
5586708.726496,52,22871.501917
5509972.040061,43,22872.343565
5431172.633964,50,22873.304144
5477992.125515,37,22874.020953
5450248.246556,50,22874.998621
5467281.011076,33,22875.613542
5598421.266199,42,22876.41917
5450954.816746,36,22877.114025
5882438.796727,53,22878.15838
5494985.341407,36,22878.857968
6389919.364082,80,22880.400167
5479813.911252,44,22881.265117
5715293.106645,50,22882.247731
5431219.562929,27,22882.78665
5698984.548803,42,22883.606627
5444161.427465,29,22884.179549
5529854.459577,36,22884.870931
5446519.097876,35,22885.55919
5712533.889744,43,22886.414526
-5948.217092,250,22891.3172
5474952.859043,33,22891.986689
5468808.138396,40,22892.773499
68527.814007,250,22897.687294
35783.46754,250,22902.632751
5436962.888886,29,22903.208976
5495585.013345,54,22904.267617
5482521.621938,36,22904.973451
5455641.901953,40,22905.76394
5452443.435285,43,22906.615981
5476247.091209,38,22907.387282
5471165.602492,47,22908.289636
5464781.347876,34,22908.948107
5509993.865263,43,22909.779629
5511485.179815,36,22910.469745
5454345.910446,42,22911.279761
5435224.803772,43,22912.107659
5496034.412468,50,22913.080307
5456267.88274,30,22913.668316
5445409.492806,42,22914.492779
112768.163132,250,22919.387799
5500110.181422,30,22919.97106
5834357.678684,61,22921.173528
5488385.701009,44,22922.035684
5463912.840357,36,22922.752201
6293668.925903,75,22924.227711
5450222.322812,33,22924.89927
-8767.383564,250,22929.708186
5746229.293861,42,22930.550879
5518850.239926,53,22931.596375
5491708.253873,50,22932.584976
36043.262031,250,22937.460614
5599368.371163,63,22938.715172
5548818.827388,36,22939.414842
5437624.440395,28,22939.971383
5519583.901326,54,22941.036005
5490691.866011,32,22941.680267
5471687.836991,34,22942.351187
5499213.461446,42,22943.17356
5456937.784623,30,22943.763088
5487132.501136,36,22944.474757
5517216.793959,52,22945.486561
5465870.944433,28,22946.045588
5455526.764287,46,22946.953037
5433609.705436,37,22947.650804
-127872.840359,199,22951.548484
5484330.555608,35,22952.234373
5448604.282886,35,22952.907691
5892143.05877,54,22953.94933
6519589.909782,97,22955.780653
5737749.822965,53,22956.818409
5507656.007693,38,22957.567546
5934415.719072,59,22958.724848
41446.312332,250,22963.674702
5423051.555026,34,22964.363288
5710982.785768,75,22965.821056
74163.403058,250,22970.646924
5594318.258461,54,22971.700321
5432720.543788,33,22972.351566
5553383.743943,41,22973.163862
5457065.12397,47,22974.090719
5421657.354675,31,22974.705115
5503513.511,40,22975.482106
5665239.608874,57,22976.589605
5530653.738415,44,22977.444117
5955147.827391,58,22978.600797
5492089.55633,40,22979.361989
5601123.73616,52,22980.365752
-4196.071452,250,22985.127411
5427464.058794,26,22985.606857
5510964.631018,44,22986.439549
5499416.04485,48,22987.298433
5467162.579766,35,22987.972623
5453993.802009,32,22988.578516
6324486.516736,89,22990.411559
5555634.106349,41,22991.161007
69138.201193,250,22995.962687
5636034.690112,49,22996.894854
5771448.950196,62,22998.046898
5438448.394954,36,22998.729477
5441712.993878,31,22999.325225
5451039.809407,34,22999.956732
5457705.533271,44,23000.798273
5528208.078478,59,23001.951949
36796.081593,250,23006.699641
5506584.307538,34,23007.350345
5476308.932268,46,23008.212051
5900969.917742,49,23009.162249
5726443.637686,75,23010.59462
5479613.182662,62,23011.798768
5483506.841806,33,23012.451603
5448393.578406,43,23013.260638
5653476.297059,52,23014.226456
68589.733313,250,23018.963387
5513956.119075,53,23019.985815
5759214.863932,59,23021.092283
5421647.115237,33,23021.719737
5547040.498686,88,23023.395203
5460291.535741,35,23024.065382
5653013.177479,50,23025.066051
48246.281409,250,23029.884488
5448905.276082,45,23030.758251
5481513.024676,43,23031.589974
5781448.950884,62,23032.76339
5423494.825979,32,23033.359579
5648750.633667,55,23034.391468
5475756.801302,53,23035.426773
5481432.495983,41,23036.193168
87041.701748,250,23040.979822
5468212.423408,44,23041.809041
5451569.476409,39,23042.558996
5551226.159037,87,23044.205278
5786414.752874,55,23045.277055
33960.758101,250,23050.048102
5460986.297763,48,23050.91768
82277.649918,250,23055.651808
51851.290094,250,23060.399206
5451904.856606,30,23060.963644
6130328.517748,114,23063.101265
5602071.716214,44,23063.924064
5474571.908927,40,23064.674437
5441974.96616,27,23065.186092
5474786.024323,49,23066.154689
5459838.389,42,23066.915178
51241.612291,250,23071.671448
5422842.025718,32,23072.26604
5457128.905882,31,23072.844419
5459484.979619,38,23073.576134
5424823.13862,35,23074.246666
5478409.979989,61,23075.417654
6194112.806814,95,23077.211699
6303572.799763,189,23080.733612
5733640.403837,61,23081.863531
5480193.94295,43,23082.666339
5490291.739514,47,23083.561311
5998808.672071,60,23084.705102
5584468.958407,40,23085.474118
5509834.832528,45,23086.314523
5640741.06452,42,23087.117411
5457016.059513,38,23087.835018
5557647.084873,217,23092.027165
5667814.957756,54,23093.048197
5484147.049379,44,23093.893739
5449675.417627,45,23094.758904
5931740.399429,84,23096.346611
5562951.194808,62,23097.494715
5511732.116888,36,23098.19512
5469344.823234,37,23098.928459
5556092.613176,43,23099.759553
5518483.314498,44,23100.64085
5434621.793037,39,23101.421753
5467092.499707,37,23102.148205
5431008.671058,26,23102.671788
5485623.27601,33,23103.317415
5848831.578488,57,23104.438112
5517243.310135,35,23105.116421
5927551.865252,68,23106.407914
5531889.135392,58,23107.535227
5683172.69225,40,23108.345817
5451297.551199,30,23108.923772
5452926.198954,43,23109.759881
5492138.849607,57,23110.875275
5789338.874315,47,23111.808234
5435004.111059,28,23112.355728
5437370.654097,28,23112.892926
5466011.14571,37,23113.641685
5462076.997292,33,23114.322385
-81372.429996,243,23119.041628
5662949.842878,48,23119.963974
5495516.689953,35,23120.651719
5663192.445798,94,23122.442547
5478971.620052,42,23123.234982
5451396.202877,41,23124.017466
5674545.453442,65,23125.289084
82981.462725,250,23130.184989
9619.605398,250,23135.046509
5498065.149273,76,23136.519815
5505715.610472,45,23137.381917
5453124.64496,50,23138.35717
5473105.056161,48,23139.292543
5868299.82723,56,23140.372282
5603399.716696,40,23141.137701
5479571.560433,35,23141.828718
6175560.091849,93,23143.6744
5884947.397073,67,23145.007095
5564461.625195,42,23145.806539
5501795.606728,38,23146.555177
5542987.594068,49,23147.546247
21134.394968,250,23152.420885
5458328.138101,63,23153.66889
5893501.947971,59,23154.857374
5494657.465212,54,23155.945245
5497779.487062,40,23156.741988
5471702.765342,38,23157.491859
5645599.662736,48,23158.436401
5655671.430647,58,23159.583995
5464701.765591,33,23160.2305
5536211.520658,46,23161.15286
5470261.248771,51,23162.136512
5489867.278197,47,23163.04839
5563761.712453,42,23163.850886
5460682.87811,42,23164.681635
5494041.172874,33,23165.335135
23828.690456,250,23170.236155
5454531.600734,41,23171.032805
5529278.282241,34,23171.69658
123.581588,250,23176.594939
5840241.184336,58,23177.737558
5484124.360014,40,23178.489849
5677910.879979,59,23179.640319
5464606.387755,29,23180.200967
5473426.185361,34,23180.867088
5473245.027887,26,23181.383955
5466915.138173,37,23182.123046
5433534.576557,25,23182.60104
5757026.845166,67,23183.920433
5440707.289921,29,23184.478986
5486478.122303,215,23188.660399
5421564.156211,37,23189.392617
5529088.883594,66,23190.672986
5446701.053412,36,23191.408313
5535422.608798,32,23192.044683
5472806.593037,33,23192.705598
5446387.208493,53,23193.753745
5451568.958408,35,23194.41149
5725485.509207,55,23195.489541
5465935.211483,33,23196.133196
5798279.218152,46,23197.024043
5502402.115643,43,23197.846294
5838499.781254,66,23199.12737
5493182.570605,29,23199.696226
5481262.003761,34,23200.351588
5459000.515056,39,23201.136395
5493273.458675,45,23202.032894
105723.624312,250,23206.959002
5534482.083129,43,23207.798089
5509641.797072,59,23208.958984
5461859.993901,30,23209.543901
45372.27571,250,23214.507795
5935062.645531,72,23215.94233
68527.203156,250,23220.793033
90349.842678,250,23225.556222
5457775.723421,44,23226.391365
5801328.22343,65,23227.640347
5428872.988901,33,23228.273657
5453500.910378,33,23228.890738
5640190.658949,65,23230.119797
5768001.055427,74,23231.557863
5514832.732882,45,23232.391993
5470222.120117,49,23233.346915
5470795.904085,41,23234.144741
5463110.696263,31,23234.748045
5567669.010268,41,23235.515362
5542981.455624,44,23236.372089
5444171.091948,32,23236.993386
5454448.885785,32,23237.597665
5484956.117412,43,23238.411305
5547170.814816,58,23239.532946
5531938.833161,41,23240.317158
5448885.318268,66,23241.562205
5499699.781538,54,23242.577473
5437399.589662,42,23243.3381
5540481.833467,38,23244.058447
5484374.564595,39,23244.77008
5467837.555222,44,23245.625424
5501351.943966,40,23246.398443
5491897.330649,43,23247.242655
5440399.743524,28,23247.786766
5599373.469825,70,23249.131711
5432225.124474,23,23249.583283
5462656.803566,44,23250.405815
83204.377703,250,23255.164758
5458524.782617,39,23255.893318
5443518.14852,40,23256.624415
5518290.416722,49,23257.55314
5853154.244557,95,23259.349231
5793157.137182,69,23260.661727
5768271.68375,61,23261.814171
5498383.634967,38,23262.531299
6162615.135766,73,23263.935817
5455955.525078,50,23264.883332
5496219.553909,42,23265.700029
5416296.889983,55,23266.760819
6879212.301239,107,23268.821738
5589902.42824,51,23269.767701
259850.303541,250,23274.527821
5490529.708049,35,23275.191339
5533023.624611,41,23275.993749
5863362.268966,66,23277.273038
5454294.727582,36,23277.97729
5784598.388013,67,23279.276494
6390871.316453,94,23281.105462
5631814.802034,40,23281.851431
6126939.147403,69,23283.133637
5506817.04671,47,23284.010901
5431725.593647,32,23284.610064
5464537.38207,39,23285.359968
6208148.941389,67,23286.657789
5505227.579616,46,23287.512092
5499222.739927,38,23288.223802
5645798.346796,60,23289.347519
5474924.157809,36,23290.041546
5462547.881202,38,23290.753001
30842.365748,250,23295.559519
5474934.389611,50,23296.561023
5493665.772015,42,23297.362366
6144519.777405,99,23299.203555
5441891.613038,29,23299.759316
108336.181315,250,23304.489494
149387.195163,250,23309.331634
5904710.028522,59,23310.444742
5447655.590674,36,23311.154128
5487793.4181,33,23311.786393
5777952.177887,65,23313.016482
5800969.973272,62,23314.151512
63916.964231,250,23318.901415
5506909.552863,50,23319.826283
5444754.41171,43,23320.657446
5504187.095075,48,23321.58142
5553546.127772,58,23322.672482
5455615.674483,44,23323.502573
5685694.951131,41,23324.274423
5439366.967397,30,23324.833036
5462381.41055,29,23325.415115
5604316.836221,54,23326.438615
5458146.650425,29,23327.018891
5487384.453748,38,23327.757182
5421513.237375,27,23328.272578
5511901.933631,75,23329.701973
5698176.222956,46,23330.574099
5824252.586422,66,23331.797298
5514074.517633,49,23332.700749
5643668.649441,106,23334.677099
5423450.094621,28,23335.173295
47214.63757,250,23339.996467
5483874.541143,31,23340.613117
5923618.266989,68,23341.942888
5935125.034475,63,23343.187662
5428055.077787,28,23343.754369
5492813.784823,37,23344.457103
6015538.297771,73,23345.901945
5487517.455961,37,23346.612003
5529768.182189,39,23347.373527
5442301.41174,29,23347.954799
5443895.491818,44,23348.807067
5445504.127577,38,23349.575819
5456365.297677,31,23350.175817
5466813.983943,40,23350.972663
5549620.357446,48,23351.918191
5447382.369071,26,23352.444778
5450596.540486,48,23353.380636
5469475.415749,32,23354.021087
5519921.163476,36,23354.732278
5439579.071398,26,23355.240798
5458157.330117,36,23355.949128
5744422.551843,56,23357.056752
5448504.825252,31,23357.657321
5587700.963932,41,23358.428978
5444222.15789,44,23359.284351
5651958.133102,48,23360.227443
5462316.279443,38,23360.954978
5857182.658337,67,23362.274288
5462820.688399,37,23362.984544
5432009.026846,36,23363.668023
5451463.106486,42,23364.46426
5450271.901885,29,23365.031911
5509062.756653,42,23365.865664
90899.316248,250,23370.838718
5435267.397157,119,23373.243431
5626124.075031,46,23374.148368
5467358.398525,45,23375.018763
5516482.502055,46,23375.919248
5893441.846244,60,23377.0708
5430602.278276,39,23377.834086
5514572.83394,50,23378.790073
5463206.607706,57,23379.937669
5488316.233851,34,23380.587547
5499280.941097,55,23381.663192
5438736.299517,38,23382.424829
5460943.172412,35,23383.095809
5469807.05748,103,23385.16608
5491435.305116,35,23385.855891
5517660.22056,46,23386.771341
5462628.005521,38,23387.500798
5425717.225716,43,23388.335678
5444704.324832,33,23389.014175
5471078.110319,42,23389.801598
5983235.422528,58,23390.907615
5463684.364312,31,23391.51352
5553625.567392,209,23395.581553
5453870.378244,32,23396.192077
5533373.143041,45,23397.091586
5487639.426271,42,23397.92947
5495303.169125,44,23398.785828
5847922.299643,52,23399.789578
5452176.244865,34,23400.446205
5459415.680221,41,23401.226643
5485489.654447,44,23402.069953
5492634.234157,32,23402.686654
5448651.931623,41,23403.491773
442865.484646,250,23408.331632
5461979.782978,30,23408.919414
6398354.014543,103,23410.944082
-25267.65253,250,23415.886505
5520713.821991,38,23416.635377
5466704.397097,44,23417.50493
5741200.133717,82,23419.094293
5869147.86316,57,23420.218777
5456799.661105,41,23421.018335
5886135.548354,56,23422.146721
5425063.961183,35,23422.833879
5448876.899918,40,23423.623211
5865564.547231,60,23424.804353
5482291.01245,37,23425.544378
5852465.59731,66,23426.836638
5467957.399449,90,23428.612058
5515520.274089,38,23429.369615
5479910.827615,36,23430.080189
5645920.142958,169,23433.462902
5518040.153337,33,23434.122426
5464438.840563,47,23435.040965
5438991.837856,26,23435.548694
5471940.476978,34,23436.22338
5453879.274749,35,23436.911928
5571514.981232,59,23438.08888
5538143.72042,80,23439.676098
5481281.867679,36,23440.354072
5569166.741632,56,23441.434569
5453375.335567,39,23442.197013
5515383.433378,39,23442.960027
5440839.06923,43,23443.786774
5450806.950291,30,23444.387366
5724223.089341,46,23445.280267
5476149.321096,38,23446.040202
5434297.268719,26,23446.56366
5497598.985639,56,23447.67803
5451031.794918,31,23448.286675
5454165.309002,30,23448.897289
5451642.043912,39,23449.662147
5542621.681321,36,23450.359424
5694007.3677,51,23451.346808
5504256.817706,43,23452.190652
5579133.714733,52,23453.209531
5461688.488813,53,23454.202824
5453631.775467,44,23455.058172
5463129.259175,44,23455.921244
5445924.747449,67,23457.198059
5456333.671709,35,23457.830046
5471302.762297,38,23458.535732
5437318.098246,37,23459.227108
34060.461246,250,23464.023828
5456070.378866,30,23464.570552
5485587.868482,44,23465.393887
5464214.244554,25,23465.850703
5453632.276454,31,23466.461279
5482968.382167,28,23467.003941
5452534.987112,48,23467.903652
5667651.236834,59,23469.021916
6269384.334889,89,23470.72067
5461754.193853,41,23471.482339
5466954.306561,37,23472.15306
5630183.843963,63,23473.349275
-32034.511017,139,23475.984509
5828834.89776,62,23477.202531
5473360.324074,40,23477.968094
5455624.066013,31,23478.541328
5494873.93476,42,23479.341004
5653864.799699,71,23480.683676
5405970.498343,46,23481.565471
5455450.374247,55,23482.643493
5456947.821772,44,23483.500242
5766121.342151,64,23484.70017
5949723.246774,60,23521.044336
5498333.69014,46,23521.957636
5562841.328203,49,23522.884303
5483514.361091,38,23523.603472
5468825.829973,43,23524.415058
5612278.58952,35,23525.073933
5481971.608594,28,23525.59297
5453580.087833,49,23526.52479
5498914.014437,39,23527.285631
5594976.625305,37,23528.005029
5447092.124813,52,23528.968863
16795.048696,250,23533.639541
5506789.303473,32,23534.2185
5463649.875531,34,23534.857801
5459461.686567,37,23535.536379
53632.155256,250,23540.22996
5477714.4888,40,23541.018106
5449241.69245,34,23541.667023
37415.452983,250,23546.383882
5574810.305021,49,23547.35588
5511894.726218,49,23548.278312
5494974.907067,50,23549.202509
5718732.21553,62,23550.353513
5573593.631407,43,23551.178379
5718720.549969,43,23552.026271
5524156.791821,52,23553.016447
5486033.247016,46,23553.901104
5471184.476212,30,23554.478325
5484791.076543,52,23555.44433
5512616.407986,33,23556.074877
5442976.364637,38,23556.804526
5497308.995934,30,23557.395952
5694166.417433,63,23558.620214
5429652.727828,52,23559.571417
5669839.224662,43,23560.376061
5508703.096312,40,23561.157115
63805.261598,250,23565.964772
5459301.057485,35,23566.601458
5566443.693178,40,23567.331099
5466397.024464,37,23568.050594
5462705.380127,37,23568.772375
5487185.794384,53,23569.791535
5599278.688485,40,23570.540307
-85228.526955,38,23571.265548
5457470.219788,47,23572.149702
5494055.174561,37,23572.890768
30332.295062,250,23577.585526
5514369.129595,52,23578.582175
6061056.738647,77,23580.106539
5774933.396033,54,23581.153656
5512618.611678,47,23582.046265
5804769.458625,47,23582.961627
5493442.137542,58,23584.106855
5470482.427223,38,23584.835828
5493731.567516,42,23585.64723
5453959.675014,29,23586.222265
5502578.13958,47,23587.141471
5463269.368024,37,23587.867133
5432998.560651,28,23588.398711
5504244.161121,46,23589.293697
5760774.330467,73,23590.729046
144664.414293,250,23595.592737
5438853.938691,29,23596.140166
5484454.740778,50,23597.093355
5461634.973052,33,23597.743571
5442806.211721,39,23598.502131
5485694.47853,56,23599.569505
5501583.882403,41,23600.355215
5449500.328443,34,23601.045877
5443805.413262,29,23601.595906
5485567.078177,37,23602.314075
6164838.631178,67,23603.645422
5772743.826173,96,23605.53152
5450386.971044,34,23606.180073
5580279.877374,43,23607.017604
5543119.464428,105,23609.051428
5495938.626732,43,23609.882008
6069965.175819,74,23611.343126
5462952.07819,34,23612.037309
5422966.458099,35,23612.716553
5481216.995012,39,23613.496045
5468020.289868,41,23614.31807
5453469.1562,36,23615.008804
5671426.655658,39,23615.773956
5474747.081006,146,23618.672804
5483408.893715,45,23619.553124
5484493.90122,49,23620.505647
5640084.144842,40,23621.278045
-104800.967052,9,23621.464631
5498040.390836,58,23622.622781
5502700.37606,43,23623.48749
5438054.947045,29,23624.05392
5485569.871282,37,23624.775734
5562647.346669,78,23626.330626
5446459.353113,40,23627.122646
5530293.600506,46,23628.002029
5496604.551119,31,23628.613164
5564637.275183,70,23630.026407
5514149.532649,65,23631.316065
5654800.650625,68,23632.669033
5915460.080633,61,23633.906628
47847.17646,250,23638.881256
5495806.904577,51,23639.909773
5569874.817836,45,23640.79948
5512307.366091,57,23641.903032
6080923.926783,78,23643.444634
5638703.519791,43,23644.303197
5430198.154004,30,23644.884898
5501369.631951,35,23645.580214
5524572.713643,250,23650.537712
5468149.977184,35,23651.234932
70083.865745,250,23656.19103
5488462.804451,28,23656.748001
5504789.007939,41,23657.543116
5710082.55684,45,23658.42163
5568854.859278,37,23659.141302
5452629.492536,33,23659.77811
5495145.473463,37,23660.495606
5489491.121712,42,23661.316568
5550622.907677,43,23662.133858
5623173.889782,47,23663.053093
5478531.98587,99,23665.042781
5504946.728995,43,23665.922375
5548129.598678,44,23666.820998
5878714.686198,122,23669.234703
5444211.146319,129,23671.74471
5453721.47889,32,23672.372722
5470186.536526,41,23673.180364
5901186.730272,105,23675.306886
5520861.215302,50,23676.286109
-24541.300582,250,23681.250024
5522036.163906,63,23682.501595
5527179.324429,61,23683.710173
5456975.85707,43,23684.559909
5565266.75475,39,23685.312767
5456564.334309,41,23686.135831
5498695.690365,113,23688.33919
5444409.270252,27,23688.887979
5642234.969228,62,23690.077831
5459673.512747,48,23691.012977
5734738.799541,49,23691.973604
5455182.814453,36,23692.684765
5510223.071913,30,23693.278591
5475469.126653,43,23694.108682
72898.86604,250,23699.030567
5516789.356727,49,23699.987147
5572940.581694,42,23700.776651
5476078.091049,56,23701.81726
5568437.029815,56,23702.892014
5494324.558895,41,23703.689589
5434655.068103,28,23704.208483
5912548.666576,60,23705.304654
5963220.973666,57,23706.367455
5520800.843652,44,23707.192861
5431757.699962,34,23707.830009
5523659.372958,44,23708.65282
5480622.268603,45,23709.531741
5473505.357212,46,23710.418069
5516135.597567,45,23711.311002
75650.489648,250,23716.148755
5767193.682767,69,23717.456564
5454489.616835,43,23718.276833
5792206.960218,66,23719.53809
5456253.500736,36,23720.204922
5576526.229927,45,23721.057747
5451960.292234,40,23721.854776
5446184.921672,60,23723.002491
5847806.161802,58,23724.155231
5472814.380165,41,23724.921755
5478969.009412,45,23725.817185
5720993.681172,46,23726.715636
5423401.697515,34,23727.364597
-7650.6522,250,23732.14809
-93068.85643,183,23735.639267
14884.098691,250,23740.40485
5452974.071004,43,23741.221399
5777492.178159,58,23742.338685
5722516.40785,44,23743.172555
51382.359421,250,23747.949142
5516664.7858,46,23748.821075
5459490.200108,52,23749.773299
5467202.041631,33,23750.410857
5744924.542675,46,23751.248667
5716229.720929,56,23752.309148
5483975.756735,56,23753.367194
5478232.786257,47,23754.272336
5460123.240477,56,23755.346979
5471511.714322,30,23755.944597
5838082.411312,58,23757.047524
5454474.075818,35,23757.721527
5444269.010112,48,23758.654163
5480760.226455,27,23759.161071
5451062.01763,41,23759.92591
5484774.118616,45,23760.745243
5527626.38007,66,23762.045764
21254.930333,250,23766.815547
5446954.397146,49,23767.718375
5444212.90402,32,23768.378199
6101475.359096,71,23769.756843
5486758.367967,53,23770.805862
5540980.72322,37,23771.511561
5476640.957305,35,23772.173898
5488844.484462,50,23773.113504
5717108.711519,39,23773.833189
5516815.002564,42,23774.665859
5438941.371547,33,23775.319485
6026533.921974,117,23777.496524
5617801.133084,44,23778.330926
5452106.389937,32,23778.947644
5774203.700336,44,23779.779684
5455246.175,39,23780.520609
6479850.32664,104,23782.489921
5438939.127638,29,23783.035522
5424840.215857,33,23783.653236
5781750.683802,96,23785.468755
5581583.774265,56,23786.516038
5452828.417163,31,23787.106881
15655.911466,250,23791.881688
5454337.6684,37,23792.590519
5445676.758376,47,23793.461306
5825752.339541,50,23794.426352
6282262.520449,98,23796.237272
5553663.139733,46,23797.133345
5502082.553745,45,23797.990146
5484502.521125,32,23798.623249
5845337.056924,50,23799.574356
5469774.733965,31,23800.169167
5467437.708442,39,23800.922921
6399701.914198,86,23802.566046
42552.918439,250,23807.406517
5468006.724107,47,23808.289274
5436553.445665,50,23809.220808
5557074.627718,37,23809.921172
5483325.257817,37,23810.609879
5533063.832671,38,23811.330834
5897458.061738,72,23812.676691
5831563.402712,74,23814.093932
5471124.118018,40,23814.838803
5448501.054547,32,23815.478986
5456895.478068,32,23816.099169
5472129.994098,41,23816.908395
5551464.750454,46,23817.81279
5489495.166821,42,23818.652156
5481352.536694,29,23819.231154
5449824.674587,48,23820.178402
5453846.152419,30,23820.778059
5872327.702809,76,23822.296965
5435823.736484,48,23823.250765
5598529.867385,53,23824.271688
5487625.005279,44,23825.157019
5456882.768574,24,23825.624674
5481999.248223,35,23826.294742
5525370.063779,48,23827.241499
5592416.783646,46,23828.154174
5821675.850453,65,23829.437338
5837166.803962,66,23830.752169
5506620.038181,36,23831.455103
5472347.016186,30,23832.044561
6244023.881163,173,23835.425864
5453160.66347,32,23836.065893
5442696.472316,41,23836.873914
5435306.838239,46,23837.773469
5485917.807651,37,23838.493513
5509258.525092,53,23839.548287
5428078.830582,24,23840.018475
5496031.67881,43,23840.839004
5504440.444384,47,23841.751573
5429078.54818,30,23842.348694
5452452.952591,36,23843.054858
5467051.349214,35,23843.755126
5896160.599496,71,23845.165607
5493508.763006,40,23845.946456
55889.871676,250,23850.809382
5467341.54737,49,23851.779975
5607126.525764,65,23853.047493
5452104.212515,26,23853.591767
5463519.939083,40,23854.362454
5606182.542126,68,23855.689255
5513464.624727,30,23856.255382
74052.023469,250,23861.120226
5549558.75353,51,23862.099395
5573766.413257,169,23865.473524
5606058.978222,46,23866.366332
5431361.300412,37,23867.105001
5476538.041447,43,23867.95225
5519564.084726,61,23869.135746
5479419.200037,42,23869.950897
5652382.740506,52,23870.931895
5467681.284818,33,23871.585936
5487926.516336,39,23872.332088
5805860.664902,45,23873.181255
5659838.185128,43,23874.028414
5458245.792759,32,23874.644247
5453288.389084,46,23875.542477
5973458.171308,74,23877.011193
5501689.736948,50,23877.977562
5539281.772796,45,23878.872393
5508580.291863,59,23880.008872
5477565.902577,36,23880.742302
5473200.878423,43,23881.585415
5519685.572717,36,23882.303846
5695324.478791,85,23883.962985
5466668.333733,84,23885.615815
5472131.113058,40,23886.405843
5425139.957786,42,23887.219526
5488294.92341,33,23887.8473
5897044.247124,55,23888.935423
5776528.776897,87,23890.609766
5509534.002936,208,23894.733916
5867250.29604,71,23896.132413
5523886.326157,55,23897.199477
5850218.027584,57,23898.304957
16823.451727,250,23903.173406
5507721.533594,40,23903.96973
5770949.334095,54,23905.017925
5469084.527308,49,23905.945479
5559858.449529,37,23906.675868
5602789.404189,46,23907.556729
5519271.172554,50,23908.539863
5447174.744016,65,23909.831734
5478943.623194,44,23910.700583
5469040.119185,38,23911.470127
5769376.279631,60,23912.662187
5838893.176283,73,23914.108083
5496562.565244,56,23915.18591
5745980.302016,77,23916.711852
5452246.916176,35,23917.383548
5481569.873491,60,23918.588458
5480711.202539,29,23919.15326
5502039.836414,35,23919.832027
5524726.902239,48,23920.748005
5479947.665032,45,23921.636208
5443918.01054,44,23922.512815
5475747.365805,54,23923.585727
5467455.170849,67,23924.949122
5435950.939206,33,23925.609237
5454298.913545,30,23926.204883
5777701.020931,46,23927.102824
5495521.108789,50,23928.100109
5495332.489099,34,23928.764034
5441463.194248,33,23929.423596
9638.752482,250,23934.324676
5444298.656666,37,23935.059482
56754.885411,250,23939.892533
5504391.095496,32,23940.490667
5547280.058843,43,23941.313681
5492801.497543,44,23942.207089
53466.22399,250,23946.880323
5893801.495511,52,23947.839859
5469403.337849,34,23948.50059
5492670.885638,53,23949.487339
5455371.119129,28,23949.999439
5541887.512437,47,23950.879446
5446859.068963,102,23952.878321
5415513.812498,24,23953.316692
5475469.468599,39,23954.068928
5441969.567342,35,23954.718719
5439484.385658,32,23955.353528
92124.167443,250,23960.207721
5471380.156837,42,23960.998056
30035.276949,250,23965.587488
5477587.557531,39,23966.360629
5458731.992714,29,23966.909808
5497119.472654,63,23968.088519
5499837.582672,39,23968.882333
36366.55882,250,23973.682289
5523071.762329,57,23974.80321
5457678.053006,41,23975.611247
5471689.601386,46,23976.504839
5517148.79703,79,23978.066454
5500889.050088,58,23979.171453
5453883.760832,31,23979.77829
5811248.697803,53,23980.793702
5501408.287934,79,23982.258631
5468540.721914,41,23983.04746
5493537.90555,41,23983.848692
5451288.990381,30,23984.415126
5448545.374542,29,23984.961368
51660.743689,250,23989.652349
5608297.344936,33,23990.260896
5442500.899721,40,23991.003633
5459733.371376,43,23991.86966
5441057.367874,27,23992.419733
5534875.227096,49,23993.386355
5431298.580725,32,23993.998651
6170792.908994,141,23996.761731
5493482.66402,37,23997.473902
5442059.454893,34,23998.115693
5838805.070521,46,23999.006624
5534696.352632,37,23999.734923
5440776.241647,43,24000.548012
5932919.947456,94,24002.385661
5514526.354459,36,24003.090692
5534635.656579,69,24004.400933
5447794.088225,34,24005.068419
5439693.461193,44,24005.900056
5453395.041996,32,24006.488369
5765696.418435,63,24007.638977
5480880.891489,29,24008.189413
5543130.977284,37,24008.882009
5490244.120428,33,24009.482137
5482221.11701,71,24010.823752
6352339.126093,75,24012.276366
5441679.021911,40,24013.009055
-27694.82354,250,24017.774894
5704587.437193,57,24018.841947
5484938.956574,31,24019.419536
5462536.975849,35,24020.082985
5460358.794487,27,24020.592577
5489385.228148,56,24021.617942
5460239.755531,46,24022.476366
5490785.395008,194,24026.179197
5535012.83383,52,24027.153468
5491149.844432,38,24027.882611
5508839.574467,55,24028.945937
5607827.394274,50,24029.938745
5460396.262878,39,24030.659167
5447387.70371,41,24031.459081
5637402.491556,44,24032.285366
5445640.668357,31,24032.869752
5468865.5209,38,24033.590022
5492094.85789,45,24034.442768
5443159.867094,28,24034.950505
5715926.891603,65,24036.159828
5421454.32954,29,24036.742672
5482678.545999,43,24037.575827
51589.021853,250,24042.358691
5479950.509935,38,24043.068082
5464017.401883,60,24044.232176
56343.578349,250,24049.031864
6329473.020241,83,24050.60964
5467673.068208,39,24051.364799
5709944.611969,61,24052.537867
5452029.003975,32,24053.147951
5445005.205599,56,24054.21886
5473836.621918,30,24054.784961
5807917.796276,60,24055.976311
5462111.396212,51,24056.92882
5487853.225072,44,24057.773978
6402238.295418,82,24059.370076
5532876.564361,54,24060.447168
6266266.015251,81,24062.04155
5432086.714532,44,24062.940403
52828.969283,250,24067.797411
5444524.62566,34,24068.471706
5497509.555897,37,24069.199097
5498632.179667,73,24070.64458
5467079.397394,28,24071.215352
5463949.180467,43,24072.061473
5566038.327552,36,24072.776003
84121.720144,250,24077.790971
5492813.791839,42,24078.623678
81728.369519,250,24083.51432
5516881.998265,44,24084.393253
5698578.571138,41,24085.199125
58704.146825,250,24090.165065
5518121.598625,39,24090.931551
6270980.372372,89,24092.699041
5838496.370186,52,24093.729001
5452109.676579,30,24094.310267
5486763.889969,49,24095.259992
5491757.302466,74,24096.697989
5551251.117818,36,24097.390915
5436539.855598,33,24098.013939
5438511.123762,34,24098.670349
5520573.597171,120,24101.008439
5458814.410949,43,24101.883749
5493944.350478,72,24103.317417
5475420.317087,44,24104.173068
5484036.282075,38,24104.923289
5848835.259725,76,24106.421453
5468596.48915,32,24107.040672
5479066.103103,49,24107.994812
5486808.357365,117,24110.264001
5486628.218672,33,24110.890506
32731.759794,250,24115.724519
5646224.492619,73,24117.143699
54876.063205,250,24122.024642
47111.46821,250,24126.948125
5462704.906254,36,24127.658362
5467315.645044,74,24129.133373
5513125.984524,76,24130.576058
5447722.564478,32,24131.198352
5495986.650224,44,24132.064002
5493878.434909,89,24133.773324
5178.536355,250,24138.739913
5444116.151563,42,24139.572726
5845755.362448,47,24140.499004
5421125.602899,33,24141.149553
5512699.694467,43,24141.974754
5446820.709037,34,24142.634733
5644229.81038,220,24146.918666
-97005.866775,57,24148.057229
6217695.771666,81,24149.676402
5472481.789333,49,24150.647204
5465657.503961,51,24151.662215
5484384.624456,50,24152.661536
5453061.804603,27,24153.211177
5876428.911033,175,24156.65361
5517141.402075,43,24157.475845
5476507.603603,40,24158.274302
5455998.878319,40,24159.053386
5494442.245595,42,24159.869125
5648199.274637,53,24160.877155
15609.302621,250,24165.794497
5481396.347924,69,24167.15313
5480816.185505,38,24167.892834
5975727.848167,81,24169.509278
5876544.512979,74,24170.937955
5500436.980768,49,24171.903331
5461756.874554,41,24172.701804
5431017.102886,25,24173.200986
5445456.843554,39,24173.948484
5445868.162977,34,24174.610311
53854.905191,250,24179.458349
69589.685723,250,24184.192519
5451712.378738,30,24184.794163
5541055.895406,56,24185.872143
5587725.301492,33,24186.506086
5471288.258198,51,24187.503154
5473770.150369,36,24188.19446
5539280.245142,61,24189.328769
5477039.260884,29,24189.886169
5440806.237367,32,24190.467435
5928243.703209,88,24192.14843
5443494.843446,43,24192.977864
5828687.276991,62,24194.163889
5627164.031239,61,24195.332804
5443193.691609,36,24196.051968
5495948.886867,47,24196.943675
5492451.741343,44,24197.818308
5897057.243218,64,24199.051522
5539078.228037,44,24199.900192
5456650.359542,30,24200.459634
5677970.251049,88,24202.124021
5488743.929089,40,24202.86626
5728361.992446,45,24203.71706
5442363.738906,32,24204.346796
5829616.788321,87,24205.974543
5442125.438788,28,24206.491551
-68916.399671,124,24208.833876
5565670.282254,43,24209.652722
5529702.522098,83,24211.291665
5534095.376615,42,24212.08399
-117714.943562,239,24216.758528
5502420.631196,47,24217.652503
26399.475756,250,24222.388994
5642826.436905,58,24223.478104
5461467.806558,53,24224.522762
83278.541901,250,24229.313761
5842026.829492,59,24230.481025
5432383.999478,38,24231.223809
5448368.749425,32,24231.855906
5584616.890565,36,24232.530709
5441368.549677,39,24233.264745
5463891.630485,45,24234.128892
5458527.676697,47,24235.069342
6048393.93352,99,24236.907345
5443842.218489,27,24237.435495
5769766.528431,69,24238.748543
5581532.243618,62,24239.969434
5497740.99022,40,24240.729576
5549156.014135,63,24241.955881
5496332.880971,45,24242.849526
5517729.654564,109,24244.941906
5461977.788467,28,24245.494113
5464404.217712,36,24246.186402
5481457.023179,46,24247.051082
5646033.024446,56,24248.1157
5529126.078826,35,24248.767065
5489195.244614,32,24249.398511
5450746.130194,39,24250.149189
5440084.495729,26,24250.634952
5484365.09827,46,24251.510044
5504106.389177,41,24252.271581
5701630.349121,58,24253.400738
5820090.115293,49,24254.309508
5501627.214941,35,24254.979036
5609199.968992,40,24255.750557
5596830.997318,34,24256.390166
5534191.100006,31,24257.004104
5431796.676321,26,24257.506821
5430752.619305,26,24258.00853
5501731.853881,39,24258.781774
5444891.628361,41,24259.596186
5798785.538914,82,24261.194848
5713046.716296,138,24263.882532
5741200.297941,56,24264.941167
5465918.211634,32,24265.541649
5445147.646759,38,24266.281505
5849891.205783,110,24268.42307
5866937.067727,68,24269.733847
5489471.75248,137,24272.384796
5472428.328609,37,24273.079245
5462680.775806,44,24273.922574
5455419.71959,42,24274.732924
15630.573171,250,24279.526295
5639081.78543,66,24280.768826
5820716.359848,157,24283.746376
5540154.460275,46,24284.648211
5654850.449008,39,24285.377622
5524800.30259,55,24286.520964
5457494.512156,32,24287.125175
5447235.817821,35,24287.81304
5439377.389685,45,24288.690923
5473365.11577,54,24289.7108
5457652.193908,42,24290.501414
5428761.684829,36,24291.193673
5520063.359784,55,24292.237455
5559904.850732,39,24292.938104
5477030.037289,33,24293.572345
5797231.128406,50,24294.533142
5976234.593757,82,24296.076064
5478757.237196,36,24296.776711
5477784.497014,54,24297.766302
5462629.155002,34,24298.412624
5687348.512587,95,24300.275662
5446295.052721,28,24300.833502
5446624.53666,54,24301.894883
5791681.560439,62,24303.142703
5421699.545961,29,24303.71934
5454947.38769,37,24304.451554
5489899.197679,49,24305.432873
5561064.230711,64,24306.713235
5602670.342552,55,24307.788244
5423769.569821,34,24308.455168
5447380.597993,31,24309.068531
83433.574134,250,24313.981367
100802.356994,250,24319.018763
6148.434147,250,24323.949809
5512671.268996,31,24324.570312
5453926.981379,38,24325.332331
5488779.270541,48,24326.295813
5480603.231953,47,24327.242965
5481151.587514,52,24328.33365
5773968.916775,46,24329.240143
5543672.863048,56,24330.364567
5433575.190657,35,24331.052226
5764438.706879,68,24332.429937
5431874.007116,32,24333.07953
6183787.406565,143,24335.92617
5431135.972381,26,24336.456731
5865889.034254,60,24337.660336
-921.954986,250,24342.578448
5525631.611268,63,24343.830854
5427428.160362,33,24344.480683
5465914.93089,43,24345.334321
5500278.771505,53,24346.392751
5474712.436696,43,24347.245758
5461050.664773,38,24347.987442
5428889.299151,33,24348.644218
5593576.039742,45,24349.532385
5505675.389961,81,24351.151594
5433283.093994,28,24351.740771
38284.526979,250,24356.667341
5783393.766262,62,24357.884453
5442945.758148,27,24358.422899
5458818.340711,54,24359.459259
5501655.7677,40,24360.241142
81956.304843,250,24365.289697
5463123.740654,30,24365.874506
5461123.607971,119,24368.212363
5623660.946151,64,24369.510681
5494865.601652,220,24373.732185
5670490.833894,44,24374.577915
5571243.166624,47,24375.513196
5725250.568583,139,24378.287897
5430087.59068,37,24379.004153
5497274.139291,42,24379.830349
5465724.241412,40,24380.59214
5601933.277613,62,24381.822095
5451005.481194,56,24382.920145
26940.328248,250,24387.833302
80017.653341,250,24392.80605
5440724.127666,33,24393.464057
5433934.166518,36,24394.160903
5500829.297267,31,24394.77083
5491190.381947,40,24395.569536
5793644.772294,64,24396.849608
6573734.275996,100,24398.795237
5450552.693669,37,24399.498384
5461268.486723,30,24400.099733
5455716.749301,26,24400.608348
5464601.324082,32,24401.21395
5426316.722457,44,24402.078713
5474785.691453,40,24402.858049
5603598.295825,45,24403.729
5496626.029764,38,24404.479656
5497489.633332,32,24405.098048
25253.501015,250,24410.072649
5472811.909893,36,24410.785023
5473804.451709,50,24411.805331
5512967.81002,43,24412.662339
5465841.14277,43,24413.505816
5674052.746014,65,24414.768306
5534865.483756,36,24415.491795
5454946.425831,32,24416.117162
5441702.262277,29,24416.680876
5549693.29897,38,24417.421977
13957.662533,250,24422.258268
25441.730667,195,24426.056437
5551970.897402,72,24427.471001
5443372.950232,36,24428.191446
5458410.867848,65,24429.443228
5630006.162955,58,24430.564634
5443980.976445,38,24431.298363
5480450.529177,40,24432.053433
5484476.320433,31,24432.645538
5473201.752016,37,24433.377836
5471229.713257,35,24434.048279
5409137.634391,42,24434.830305
5458122.549148,46,24435.729609
5441672.248865,41,24436.5088
5790286.170654,64,24437.733775
5548834.895589,47,24438.65636
5547561.989774,35,24439.324016
5442736.488451,33,24439.942389
5472417.255555,32,24440.538996
5519848.549473,37,24441.268473
5452589.269478,31,24441.853466
5450006.732605,36,24442.562429
5815407.49912,56,24443.619682
17251.759008,250,24448.480557
5487878.339446,32,24449.088471
5539323.689786,47,24449.972152
5505224.815353,37,24450.708902
5472200.253207,43,24451.564281
5482331.438707,46,24452.44409
5605519.081862,42,24453.260453
5474497.332682,41,24454.043854
5490293.529276,47,24454.934238
5448441.751028,31,24455.531864
56483.680235,250,24460.351524
5432286.816891,30,24460.907914
5443016.335943,41,24461.659324
5477833.553842,128,24464.10673
9231.898751,250,24468.879237
5649172.727484,44,24469.740584
5632353.188418,47,24470.649222
5449847.269733,40,24471.400411
5486556.83819,41,24472.201896
5434319.364817,31,24472.815254
5493048.145323,29,24473.375937
118294.243764,250,24478.178476
5503379.814899,48,24479.114732
5867095.518617,54,24480.13884
5458934.775745,26,24480.64295
37365.271458,250,24485.370994
5436183.670366,39,24486.102142
79196.866107,250,24527.710617
5458518.426259,35,24528.39236
5862842.667083,213,24532.4287
5505016.301822,27,24532.920407
5467812.160535,41,24533.732428
5437417.518685,28,24534.292318
6112369.011179,74,24535.70599
5778697.333113,60,24536.887773
5877499.139994,70,24538.244401
5480777.343402,37,24538.967144
5469585.436363,37,24539.671666
5434587.618666,27,24540.208684
5527962.034221,42,24541.039478
5497026.68993,46,24541.927743
5490830.273538,38,24542.671689
5463853.708246,27,24543.193043
5585659.146146,51,24544.220711
5518113.668056,47,24545.126911
5468540.872189,45,24546.022393
6252382.50929,73,24547.476559
6797.308234,250,24552.449356
5441224.553206,96,24554.359967
5459586.442275,46,24555.278443
51782.878513,250,24560.159234
5887316.515648,62,24561.379757
5454463.619908,30,24561.972548
5435158.450086,35,24562.650446
5442464.734064,31,24563.276852
5482334.271481,36,24563.953748
-90341.220121,130,24566.503523
5799091.003478,48,24567.4563
5958678.126451,67,24568.774532
6153328.847425,82,24570.398228
5437695.047781,34,24571.08729
5458037.586175,41,24571.920879
5968761.287025,62,24573.159086
5457757.064549,30,24573.727185
5600021.910119,46,24574.639541
5443115.21234,28,24575.209571
5472769.57288,46,24576.107924
5949944.651798,60,24577.278435
5463425.603074,35,24577.954508
5537025.603264,53,24578.98875
5453507.337482,33,24579.615091
5459682.75643,42,24580.440063
5548629.124169,108,24582.589542
5518136.468569,173,24586.030475
5522980.511543,36,24586.724817
5766039.431614,118,24589.008091
5454906.510951,44,24589.874241
5565516.690339,34,24590.532674
5436604.146903,32,24591.143429
5440050.406448,46,24592.031178
5471663.428981,35,24592.693839
5480922.65003,32,24593.306987
5453338.882242,36,24594.010945
5469491.353635,35,24594.697574
5451403.760009,45,24595.571462
5448285.438741,43,24596.417461
5476364.593767,41,24597.205909
5581415.614051,45,24598.100603
5440602.789773,33,24598.749932
5439719.404928,43,24599.64062
5497072.0243,33,24600.27431
5497974.964799,49,24601.276272
5454165.121637,31,24601.881993
5842683.103957,48,24602.859198
5653736.655155,126,24605.319837
5492245.707008,53,24606.381824
5476541.272517,35,24607.0668
5464532.37963,29,24607.644902
5599223.124649,58,24608.78409
5598089.777466,47,24609.714429
5542492.894708,55,24610.793629
5490460.748678,40,24611.594134
5621703.305281,53,24612.659171
5521801.180227,50,24613.656892
5464937.056082,40,24614.462225
5629312.822827,60,24615.658118
-106145.81126,34,24616.33712
5561584.921355,41,24617.136326
5458629.558336,34,24617.813133
5441235.450545,23,24618.276982
5503162.839072,39,24619.033126
5451836.377913,27,24619.54289
5828790.515284,52,24620.565252
5452171.251583,45,24621.443159
5460993.944271,37,24622.146705
5501958.650013,42,24622.975915
5463288.532143,40,24623.765054
5451595.5801,30,24624.355561
5763748.239199,48,24625.310159
5454378.165345,32,24625.9453
5498574.192933,38,24626.671037
5636344.3796,38,24627.412146
5495749.686506,38,24628.174026
5446197.159309,38,24628.926081
5467944.192734,52,24629.974685
5486471.326714,48,24630.930371
5481573.643538,47,24631.90062
44246.901398,250,24636.770872
5553975.834593,45,24637.622293
78770.012629,250,24642.60043
5455996.412844,36,24643.306028
5421926.184177,29,24643.873575
5427544.966354,43,24644.743798
5607466.751236,39,24645.522146
5508419.352039,47,24646.442824
5459419.563557,33,24647.079781
5634684.573606,47,24648.010521
5448347.002799,59,24649.187012
5508921.004427,32,24649.806614
5435575.272721,134,24652.401541
5463465.662596,34,24653.067423
5687631.270673,47,24653.987636
5508614.386282,46,24654.881175
5489577.609551,44,24655.719718
5529609.293694,37,24656.435205
5469160.361303,37,24657.178462
5588973.658834,36,24657.845005
5488551.185519,41,24658.62983
5499808.196378,35,24659.301721
5463330.785838,40,24660.068356
6153067.603114,91,24661.783143
5523539.843057,45,24662.627355
5460702.590456,40,24663.393311
5454591.93491,37,24664.065538
5815934.944064,52,24665.048043
5446852.926952,37,24665.699568
5741210.133986,44,24666.553338
5604793.593752,42,24667.356405
5666687.330396,61,24668.532346
5450232.480561,26,24669.01877
5473982.800648,31,24669.59563
5446845.486784,34,24670.224072
5466043.640667,26,24670.695536
5468271.576707,43,24671.514575
5858865.738087,63,24672.711442
5618269.774883,52,24673.739115
5435799.140644,40,24674.514812
5437888.45061,26,24674.990072
5515707.801751,38,24675.700552
5623335.663532,51,24676.68009
6099621.419389,64,24677.91403
5451181.831224,31,24678.485662
5466494.339072,32,24679.07918
5590442.139562,38,24679.770285
5482005.737272,29,24680.319222
5489810.271112,39,24681.029773
5433805.716331,26,24681.547611
5487911.284123,46,24682.418749
5690918.314981,46,24683.307909
5448126.379237,50,24684.233297
5485818.817328,82,24685.76221
5487067.395117,41,24686.551095
5439554.454031,34,24687.194375
5461396.106559,33,24687.838699
5462250.204312,35,24688.493275
5469838.907713,51,24689.467817
5463321.660689,32,24690.084633
5873128.778707,51,24691.038506
5568945.219693,47,24691.941458
5528923.01218,52,24692.929141
5733745.891984,46,24693.800205
5536620.886505,48,24694.705637
5475400.753331,37,24695.426656
5478146.862212,61,24696.576502
5489869.634086,46,24697.439245
5509264.651629,39,24698.185659
6687344.734912,101,24700.099463
45218.349648,250,24704.852971
5443868.7953,32,24705.469895
5434844.153976,33,24706.099011
5437978.760263,28,24706.626559
5459345.016573,39,24707.343136
5957951.884171,71,24708.744872
5569419.462174,36,24709.407429
5458696.610934,56,24710.449099
5485970.846116,41,24711.256014
5469418.933084,91,24712.966217
81537.844163,250,24717.602464
5485698.809735,43,24718.402377
5467571.993051,41,24719.178608
5451538.108603,39,24719.91294
5495781.49925,55,24720.962187
5484306.12615,45,24721.848719
5468253.322534,45,24722.695147
5481734.10091,35,24723.382222
5483658.027874,34,24724.035581
6004098.109774,68,24725.32647
5761669.795886,56,24726.408222
5801269.330182,47,24727.281236
5484889.79302,37,24727.957539
-92903.338785,32,24728.596916
5483562.729502,51,24729.569439
5472958.682401,31,24730.127816
5461705.014466,44,24730.972758
5631016.422805,37,24731.693123
5908497.821536,58,24732.810185
5429040.417077,29,24733.353709
5437939.730295,43,24734.171754
5455468.434726,44,24735.028296
5474272.154422,39,24735.770391
5666134.605368,40,24736.540392
5792049.13837,50,24737.507349
5488392.681428,44,24738.328808
5497036.913267,39,24739.069876
5488936.345829,44,24739.894317
5460979.568178,29,24740.420353
5453627.605434,38,24741.131825
5478401.867571,32,24741.75984
5528896.40124,48,24742.66392
5484554.220181,92,24744.38084
5452483.228727,32,24744.969326
5479885.591289,46,24745.810922
5456124.931298,28,24746.370361
5453205.145843,31,24746.966657
5455403.777898,125,24749.338938
5764506.314292,59,24750.46543
5482376.782292,48,24751.398007
5490019.58289,51,24752.355127
57730.029849,250,24757.095158
5836037.664671,51,24758.075382
5438972.013461,41,24758.843413
5462489.963813,39,24759.574609
5502187.451382,48,24760.523393
5517517.313559,35,24761.207372
6105863.146347,72,24762.623209
5560651.110295,59,24763.752821
5445518.897477,31,24764.342352
5498845.441938,54,24765.365447
5687789.794061,41,24766.174619
5459009.559627,35,24766.805607
5908668.47307,53,24767.841277
5479025.971322,41,24768.630698
5500018.20338,45,24769.482609
5961352.685959,62,24770.632617
5479909.111154,31,24771.213134
5438114.565691,29,24771.735467
5475087.074099,40,24772.499103
5649604.146648,49,24773.415537
5499631.429266,39,24774.16972
5469205.560637,35,24774.836598
5464337.546659,35,24775.48151
5535073.016091,38,24776.217509
5432528.725378,33,24776.869969
5482334.476876,40,24777.638784
5570081.867051,42,24778.484016
5480071.721165,46,24779.372063
5510354.382321,48,24780.318612
5957754.739688,68,24781.641542
5542616.762156,38,24782.391594
5467296.2382,49,24783.382686
-124260.392859,97,24785.258973
5487408.707497,49,24786.22504
5428409.859564,30,24786.806685
5502723.733719,47,24787.719909
5489579.754275,43,24788.571119
5846186.404829,67,24789.8599
5468182.500881,41,24790.689949
5466947.056633,44,24791.552319
5638269.075714,38,24792.32837
5498738.572563,43,24793.160155
5495065.948022,69,24794.528086
5482644.775882,39,24795.33471
5763924.454896,63,24796.575271
5844434.866568,55,24797.679336
5636570.867612,52,24798.701445
5458239.909849,37,24799.441977
5444422.154013,39,24800.224479
22540.733726,250,24805.051445
6086715.57292,74,24806.523346
5456962.57776,38,24807.26643
5677895.86999,66,24808.566726
5470059.322514,35,24809.271415
5503493.10958,55,24810.330786
5461866.734559,25,24810.818248
5420696.469988,29,24811.431657
5432794.620449,38,24812.187507
5457121.582992,41,24812.98555
5570778.629393,101,24815.002739
5481388.305078,27,24815.53277
5441182.89445,34,24816.182231
5441971.588354,36,24816.878208
5480097.24417,39,24817.605346
5416107.518883,26,24818.126474
5459905.012147,33,24818.762749
5465611.88442,31,24819.360327
5449971.947871,26,24819.889988
5690197.442876,55,24820.967696
5490951.022832,41,24821.784804
97675.467855,250,24826.66091
5470443.851899,36,24827.392261
5472622.38193,35,24828.085594
5458663.779554,40,24828.900596
5526785.608287,78,24830.411368
5630697.146502,62,24831.598172
5429837.755792,29,24832.166234
5446213.686854,34,24832.832073
5453676.731857,55,24833.880414
42883.637144,250,24838.803236
5437406.414217,29,24839.371213
5431327.439337,43,24840.204349
5854502.892326,47,24841.119774
5627059.828069,60,24842.269269
5472017.838309,25,24842.758445
5479275.291635,30,24843.356172
5424532.567013,32,24843.985231
5664011.584498,52,24845.009378
5524668.189045,45,24845.907577
5833377.690275,61,24847.068675
5650781.476229,46,24847.959668
5425890.707204,31,24848.568661
6361575.178522,82,24850.200903
5743945.984416,52,24851.188157
5489060.357656,44,24852.060591
5524867.729305,34,24852.737664
5573324.581977,53,24853.794546
5494815.311168,42,24854.633596
6512512.958079,130,24857.18873
5477787.063519,34,24857.879126
5451368.130672,37,24858.606342
115816.519837,250,24863.574605
5477179.890177,43,24864.423245
5464041.202841,34,24865.093783
5820907.183058,63,24866.324495
5565208.353271,47,24867.237554
5579713.078558,39,24868.004989
5586816.30227,47,24868.921944
5480463.7274,145,24871.782676
5516366.220416,41,24872.582888
5449012.116158,39,24873.352044
5754673.402128,94,24875.187516
5433548.252511,36,24875.927956
5472066.49259,36,24876.654436
5556469.234202,57,24877.804543
5454393.166769,32,24878.430399
5514226.733814,52,24879.454378
5472234.003636,45,24880.34941
5511550.833568,41,24881.146246
5438515.813186,41,24881.965773
5467081.245949,28,24882.50198
5463780.152728,25,24883.004113
5483490.818367,39,24883.773077
5447509.911041,27,24884.317804
5480505.820153,38,24885.099811
6071597.400978,59,24886.296325
5422157.717334,25,24886.785256
6225942.320694,70,24888.183986
5435169.548917,27,24888.734236
5498675.969769,46,24889.642683
5699926.071712,41,24890.476079
5807545.771238,72,24891.865073
5459917.371133,36,24892.524264
6031860.034587,67,24893.858547
228893.926445,250,24898.80079
5479715.350374,40,24899.562197
5485421.707919,41,24900.374892
5511404.477166,46,24901.253716
5488305.607649,48,24902.174685
5442606.134704,28,24902.727299
5480958.735759,41,24903.521747
5475287.851644,38,24904.239514
5499235.110556,50,24905.257377
5477106.530578,38,24905.980178
5489391.168773,48,24906.932628
5439020.147517,34,24907.583782
5498341.354111,79,24909.040064
5478807.145951,51,24909.997
6479186.693149,95,24911.771836
5440175.101537,28,24912.304859
5464886.71356,58,24913.414402
5707937.052524,50,24914.41886
5448779.461388,30,24915.02672
5457868.819926,40,24915.823255
5445608.349497,40,24916.609482
5506968.111676,51,24917.6273
5447363.309326,39,24918.392452
5520140.995672,39,24919.174191
5485413.261437,35,24919.858679
5804422.16253,91,24921.556958
5491391.537084,28,24922.086067
5737966.377675,49,24923.035062
5471749.764352,37,24923.73885
5533457.369602,32,24924.368146
5445467.837578,41,24925.168243
5486237.440913,33,24925.795461
5610564.46475,37,24926.514226
68630.970844,250,24931.323461
5455716.125339,43,24932.165162
5468319.936841,62,24933.347319
22124.731678,250,24938.07883
5697596.333883,52,24939.039726
5466628.510829,31,24939.608951
5424762.485245,41,24940.41748
5498347.380299,36,24941.118963
5466388.416552,39,24941.836155
58134.777773,250,24946.597064
5470021.226819,42,24947.419023
5681620.057384,50,24948.378664
5458875.893968,49,24949.285904
5541726.806436,47,24950.14925
-702.733899,250,24954.881334
5469415.459737,57,24955.978545
5458313.394074,33,24956.617372
5515474.238741,48,24957.539407
5456872.620078,37,24958.24502
5447454.786972,31,24958.809662
5443687.941941,33,24959.420225
5539950.541764,60,24960.598011
5452498.920737,35,24961.28183
5484221.272592,42,24962.106319
22225.09864,250,24966.93295
5482458.204807,36,24967.626685
5454387.923778,47,24968.504183
5501670.984348,51,24969.498923
5441370.83519,26,24969.985193
5462358.282027,44,24970.825377
5537113.944902,60,24971.990489
5523818.681732,55,24973.055032
5474929.00712,32,24973.659003
5655692.647693,75,24975.090185
5522133.956892,34,24975.747497
5497246.150123,31,24976.349333
6883627.265668,114,24978.50196
5425389.215007,38,24979.242273
5586832.766985,38,24979.973743
5488844.606824,41,24980.761935
5476010.334989,52,24981.779901
5495873.103156,43,24982.584103
5490487.196145,37,24983.287328
5509732.718856,49,24984.229011
5607215.127072,87,24985.854822
5682072.973492,69,24987.142664
5997564.453787,68,24988.463667
5461403.06499,35,24989.148402
5456047.363422,39,24989.891044
5468508.058413,49,24990.829399
5449874.987261,27,24991.369311
6007242.938084,60,24992.50195
5451921.69472,29,24993.075162
5662608.980613,54,24994.117755
90179.340938,250,24998.878423
5477013.622721,48,24999.792197
5478428.559578,45,25000.647845
5429374.778313,33,25001.247269
8297.635073,250,25005.995464
5472009.053401,30,25006.576678
5429943.476134,30,25007.154529
-86304.234958,164,25010.320943
6353173.094136,109,25012.409329
5478031.137437,78,25013.886757
5510893.771865,41,25014.654016
5443971.029191,31,25015.271715
5438590.916302,44,25016.107181
5465549.697086,39,25016.85526
5454428.025461,41,25017.690813
5526108.89376,71,25019.091128
5467275.505679,31,25019.698835
177743.822146,250,25024.618483
77723.042269,250,25029.513197
6143823.774639,82,25031.131129
5431855.804053,39,25031.914205
5481694.940734,41,25032.73957
5420364.701281,30,25033.325032
6382730.705626,83,25034.961896
5830195.485301,47,25035.905826
6092897.560898,97,25037.814651
5761084.988246,51,25038.827935
5437148.610572,29,25039.426447
5696470.011291,49,25040.394791
5456990.944797,43,25041.219453
5443865.196505,31,25041.845711
5568355.463006,47,25042.750152
5463900.514717,31,25043.360582
5435172.06643,32,25043.989262
5491579.480887,40,25044.773752
-3969.783039,250,25049.709893
5432715.889069,29,25050.27798
5519934.430153,44,25051.140343
5520082.744317,37,25051.851787
5559897.805066,49,25052.83356
5498445.251949,46,25053.75762
5434132.452879,32,25054.381886
5484239.931247,35,25055.103414
5435922.275964,27,25055.624257
5519832.577347,42,25056.465086
5675904.115049,46,25057.391648
5457012.797152,36,25058.097908
5426342.103023,35,25058.799619
5450298.915363,33,25059.43064
5467416.199683,46,25060.344465
5482730.584932,31,25060.929517
6189440.51875,69,25062.281983
5957720.242123,54,25063.365077
5703513.11505,57,25064.459411
5465474.697759,27,25064.990157
5427960.609393,36,25065.705719
5485908.963252,43,25066.532918
5453258.429909,32,25067.163025
5928863.208571,75,25068.663868
5501104.680249,45,25069.550747
5441353.50651,43,25070.381615
5797686.964573,65,25071.698834
5451015.497375,46,25072.601924
5462257.81117,31,25073.207691
5479146.054476,46,25074.116788
5573933.254448,39,25074.891575
5464145.560971,54,25075.951109
5446907.910196,41,25076.751701
5643695.866326,48,25077.669256
5577027.523507,43,25078.507766
5495763.878344,54,25079.605514
5436352.367322,39,25080.388865
5449125.616507,47,25081.336469
5421892.957327,24,25081.817507
5530614.436136,31,25082.449019
5722117.49604,240,25087.204587
5461940.340117,34,25087.864207
5464390.479787,39,25088.62835
80592.720182,250,25093.416473
35906.401296,250,25098.339744
5478290.10087,36,25099.045125
5475240.138034,40,25099.854854
5465016.44992,37,25100.612152
5445047.939355,52,25101.623363
34048.919521,250,25106.479962
5492062.652526,55,25107.538973
30533.567686,250,25112.439513
5470247.715132,33,25113.11735
5538168.566396,45,25114.002102
5497099.730998,34,25114.674283
5474967.302996,32,25115.316122
5535660.321991,49,25116.288702
5449475.169175,37,25117.031289
5828243.110215,67,25118.327316
5483945.134989,46,25119.237475
5474745.345659,31,25119.863939
5488001.574337,38,25120.611286
31802.381785,250,25125.512564
5490010.85952,45,25126.401451
5463496.172612,99,25128.363139
5486240.885522,65,25129.653239
5460559.202515,44,25130.512463
6039531.852428,60,25131.696763
5801083.906989,48,25132.638725
5582056.077757,47,25133.58034
5516692.088403,41,25134.356836
5931362.338684,61,25135.578764
6193282.421341,84,25137.194329
5476023.79327,44,25138.017084
5474159.642551,47,25138.896739
5681510.088333,58,25139.987405
5513642.493286,42,25140.752657
5780477.131553,75,25142.135468
50950.938764,250,25146.857938
5530071.449219,49,25147.814971
5472406.295923,42,25148.593576
5470705.918626,32,25149.221018
5427237.307579,44,25150.039135
16150.115,250,25154.738328
5523909.052714,49,25155.676147
5513941.495503,52,25156.639542
5460997.675603,40,25157.400038
5818549.445651,59,25158.540515
5424533.356096,41,25159.316432
6595387.540023,120,25161.623765
5469571.028249,38,25162.35128
5463929.0867,55,25163.408357
5480885.070027,42,25164.209588
5976661.623782,67,25165.461215
5544910.524292,49,25166.36228
5783790.269499,63,25167.569231
5745005.963681,45,25168.459969
5430673.056088,46,25169.352291
5481202.920485,31,25169.941352
5593934.156392,59,25171.074697
60996.637974,250,25175.789988
5502417.311116,46,25176.690751
5612472.785693,133,25179.277335
5771045.633151,42,25180.067748
5465010.235572,31,25180.689798
5533208.52213,67,25181.944119
5418588.261713,25,25182.396918
5640448.365305,57,25183.469482
5436869.12657,27,25183.980985
5526342.53677,51,25184.952165
5463499.960676,38,25185.684721
5528325.444132,52,25186.650815
5633522.732939,56,25187.729643
5471753.277269,36,25188.408934
5804579.05041,206,25192.394697
5740601.087384,50,25193.342015
5639499.058318,60,25194.460255
6078045.476886,59,25195.579795
5517096.700919,49,25196.506489
-822.009612,250,25201.31925
5723091.399162,47,25202.245478
5488423.311548,46,25203.128006
5525339.571868,53,25204.173111
5840812.101742,68,25205.48197
58348.432623,250,25210.264157
6554657.537355,86,25211.900115
5447099.35729,63,25213.082386
5435165.327797,30,25213.636263
5511735.11776,52,25214.634769
158065.020981,250,25219.357543
5979869.834107,56,25220.426805
5458042.622686,41,25221.180242
5680799.406149,45,25222.070493
5444185.031116,31,25222.636139
5471464.131217,38,25223.37296
5483488.300725,41,25224.174046
5491970.369613,31,25224.759391
5439736.635582,40,25225.532565
5441275.542117,43,25226.346039
5471341.618238,32,25226.94187
5693993.030873,48,25227.847665
5501810.04051,47,25228.742373
5554215.406371,57,25229.832717
5639839.791339,51,25230.796376
5817984.705796,67,25232.080938
5519677.430146,58,25233.195371
5430446.969755,28,25233.748031
5448216.619777,53,25234.754188
5488266.673103,49,25235.700674
5471998.734542,34,25236.375243
5436272.494572,39,25237.085553
5561777.873099,64,25238.302987
5456776.468047,33,25238.923549
5655455.536072,67,25240.121754
-110604.690181,54,25241.170601
5496411.977442,37,25241.841919
5450025.123226,32,25242.410536
5944389.408805,66,25243.652859
5467071.588401,44,25244.476745
5482801.869355,53,25245.459285
5479772.670059,37,25246.196405
5808981.342923,51,25247.190683
5837156.70749,49,25248.168886
5471817.429993,138,25250.855392
6050158.628695,80,25252.335599
5521020.046303,56,25253.432564
5486000.774992,33,25254.0507
5471751.85393,41,25254.839705
5530826.673202,54,25255.835642
5450954.745861,32,25256.415722
5615992.078116,38,25257.156474
5475559.230574,34,25257.83509
5443222.3965,33,25258.470857
5490652.836434,34,25259.124983
5669161.356989,56,25260.228329
5436336.113643,35,25260.898737
5441672.874414,43,25261.749443
86548.240308,250,25266.675557
6751147.11016,102,25268.678173
5469614.131069,61,25269.891107
-26159.690476,250,25274.83462
5867261.571837,58,25275.973108
5472892.85112,41,25276.765184
5693027.466142,44,25277.631626
5492167.200114,50,25278.638273
5462881.05581,39,25279.4142
5467467.826012,49,25280.376652
5456599.884187,33,25281.043473
5473033.860311,73,25282.47196
5445165.163028,32,25283.106759
5426924.347509,34,25283.772414
66856.988536,250,25288.688369
88591.792055,250,25293.628284
6002540.570096,100,25295.54427
5876192.601602,47,25296.451617
5458601.517395,45,25297.346329
5627236.259265,48,25298.252113
5452519.01516,34,25298.92678
5765038.698178,49,25299.864433
5459147.501252,43,25300.685528
5469705.004082,32,25301.304731
5503532.94761,55,25302.388805
25304.08727,250,25307.317274
5507648.77875,32,25307.920139
5458530.180519,37,25308.639457
5435578.998707,25,25309.132956
5482076.298777,53,25310.226327
5452220.908305,30,25310.837343
5442510.643792,34,25311.509478
5527417.181374,44,25312.448794
5574900.467914,53,25313.535828
5458257.58594,30,25314.175836
5917659.148275,59,25315.341723
5816315.671664,56,25316.476873
5485995.829741,33,25317.102962
6495143.588249,103,25319.07551
5471966.110412,46,25319.939439
5484664.595797,36,25320.669426
5429591.367287,40,25321.410622
5498915.286769,32,25322.031204
5430937.455467,28,25322.581133
5440081.065222,29,25323.18135
5503832.544431,51,25324.155436
5435219.62491,39,25324.959539
5455330.337595,25,25325.427449
5477017.741044,47,25326.343776
5529754.329623,40,25327.16644
5685340.435635,64,25328.396526
5431475.960628,31,25328.9868
5853740.913227,60,25330.123674
5487652.617274,38,25330.846397
5430259.651508,31,25331.480936
5725731.559034,63,25332.682364
5453340.013677,35,25333.363219
5455684.813911,32,25333.98254
5522444.332762,45,25334.848964
6069850.836828,65,25336.129944
-30404.118336,250,25340.973838
63335.86374,250,25345.657748
5700470.869805,49,25346.551486
5538002.593602,44,25347.413353
5499073.742071,38,25348.124057
5485440.422084,36,25348.784531
5469154.80691,36,25349.482913
5441385.024029,27,25349.981421
57516.353516,250,25354.796772
5577950.171171,40,25355.537803
5455842.120762,37,25356.247645
5422174.56144,25,25356.705313
60615.137178,250,25361.446954
5440271.507256,27,25361.965117
5485467.67904,42,25362.798649
5676009.275901,42,25363.580667
5474441.320008,43,25364.395118
5468754.772726,43,25365.234222
5516730.693488,66,25366.48748
5433637.394386,34,25367.198649
5646506.579486,43,25368.046083
138729.642472,250,25372.957661
5428899.585438,26,25373.467819
5526662.716572,59,25374.634492
5476261.372532,57,25375.75045
5492955.03087,41,25376.540043
5576389.746176,40,25377.336915
5947052.433485,72,25378.691421
5479837.860477,36,25379.38069
5433296.944574,27,25379.891014
5849071.025628,52,25380.871241
5654018.6791,44,25381.733712
5438994.284016,33,25382.371055
5445969.184738,35,25383.050452
5481136.645244,39,25383.803437
5432284.560612,40,25384.563433
5707136.793708,45,25385.417314
5454667.915587,32,25386.045815
5548684.806766,37,25386.750171
6046615.744584,77,25388.221297
5492496.536619,39,25388.979375
5493537.674468,42,25389.816925
5462004.794717,46,25390.717167
5451616.998055,33,25391.317235
5826973.545606,72,25392.676599
5447178.234858,30,25393.243707
5480171.395015,38,25393.98424
5762439.764048,51,25394.934203
5464724.901257,41,25395.707078
5445536.982436,37,25396.404587
5440668.819795,32,25397.034894
51464.176242,250,25401.749201
5497215.504724,30,25402.317661
5433038.783181,35,25402.982917
5582739.255469,38,25403.718282
5494945.475668,63,25404.937646
5446677.207381,46,25405.786968
5529690.519146,47,25406.639852
5432348.622296,24,25407.107572
5428565.357097,40,25407.891494
5475296.117602,40,25408.63343
-18401.257528,250,25413.429004
5470457.666949,40,25414.196735
5533943.823577,45,25415.057567
5505809.677641,55,25416.119462
5458952.412801,28,25416.64447
46992.732043,250,25421.419942
11510.908468,250,25426.081855
5443436.352586,47,25426.976373
35491.806031,250,25431.714182
5461732.681565,38,25432.423697
33239.795491,250,25437.180155
5943963.131964,61,25438.319149
5449785.472354,31,25438.888015
5883070.494244,53,25439.883066
5770795.46676,44,25440.729615
5444358.566847,28,25441.253619
5488470.02973,33,25441.919418
5579466.6319,56,25442.972389
95984.405286,250,25447.794904
5466654.966057,46,25448.667609
5487669.9925,48,25449.571316
5458637.682278,33,25450.20904
5454847.528369,42,25450.97889
5460471.28947,36,25451.664214
5517092.653985,31,25452.238513
5451567.508724,47,25453.145781
5526892.348021,42,25453.92479
5472967.065313,38,25454.636513
5519707.738877,43,25455.450955
5432218.747027,26,25455.938192
5664083.115333,48,25456.836908
5927337.47013,59,25457.953507
5475411.979999,51,25458.900003
5470038.776006,45,25459.768955
5436100.965883,34,25460.398524
5887504.489187,76,25461.803554
5578954.141436,169,25464.975248
5647071.923103,39,25465.708534
5473047.284323,30,25466.254323
5437736.299564,31,25466.85501
5449301.186379,26,25467.34308
5508408.610551,35,25468.010916
5893533.918165,128,25470.428887
5470531.534279,34,25471.079102
6114637.601721,94,25472.837299
5427665.590291,29,25473.38389
5430496.738066,84,25474.989721
5481544.683536,50,25475.960754
6021257.716217,79,25477.506061
5634532.680618,48,25478.388521
5513699.235228,39,25479.130162
5471065.01983,41,25479.878196
5525867.764838,49,25480.780236
5533552.023133,40,25481.559661
5470676.733935,35,25482.253789
5464486.688224,38,25483.003386
5509042.312094,34,25483.643342
5609683.568347,38,25484.357273
5782048.693174,64,25485.584355
5427720.658661,38,25486.337146
5499239.490607,49,25487.27782
5746507.110841,60,25488.412038
5447680.973459,35,25489.051178
5975610.170987,68,25490.368824
5460486.874864,38,25491.087734
5538592.966391,190,25533.633774
5814601.87891,52,25534.658322
5465000.216829,55,25535.709569
5476934.906859,135,25538.370723
5467640.381511,29,25538.940439
5489871.87657,48,25539.900202
5444792.000873,35,25540.58865
5553016.594187,50,25541.577191
5436375.267185,31,25542.174822
5442887.712511,30,25542.782271
6343179.907194,105,25544.857595
5668286.056796,44,25545.741356
5430316.382295,33,25546.367599
5455528.123136,48,25547.294771
5475483.426622,33,25547.920535
5591387.363145,44,25548.787281
5440816.724816,34,25549.468212
5527217.75514,138,25552.140555
5491177.53192,40,25552.888891
5998467.183364,76,25554.38862
5457161.335363,41,25555.209251
5423839.632874,27,25555.745186
5463199.057832,32,25556.38194
5449055.617963,35,25557.091293
5501742.921969,43,25557.944915
5456038.153185,41,25558.750623
5457590.946983,42,25559.577579
6050621.711373,86,25561.245574
5459174.521238,34,25561.932687
5447838.829219,114,25564.158
5473065.487598,30,25564.746724
87493.398232,250,25569.601398
5469545.405191,32,25570.223194
5442044.76902,29,25570.803009
5467401.457825,39,25571.548094
5768857.846141,50,25572.551505
5480129.778956,71,25573.968554
6094094.42332,71,25575.32787
5493760.713451,37,25575.995896
5507630.974656,42,25576.81627
5487959.426592,121,25579.207354
130188.541928,250,25584.156412
5514800.799072,39,25584.941864
5451986.188354,25,25585.434201
5801373.935169,57,25586.619252
5460789.561867,46,25587.533581
5522456.727943,51,25588.529571
5539562.872798,39,25589.319682
5441753.758282,36,25590.045135
5448689.604192,47,25590.980393
5919826.964705,68,25592.300179
5461647.472117,38,25593.041759
5468164.546455,41,25593.843532
5449820.843949,39,25594.606132
5437791.223977,28,25595.16438
5471895.360863,27,25595.695876
5415873.816229,25,25596.221534
5655262.441362,45,25597.110632
5452875.148056,48,25598.03976
5469131.272499,33,25598.690125
5598425.404422,39,25599.455121
5488277.17371,29,25600.033342
5481282.045314,35,25600.73625
5469697.053346,32,25601.377995
5776550.440877,48,25602.352963
5443045.552054,37,25603.115441
5524578.829045,35,25603.809301
5453208.285118,36,25604.513031
5583993.195011,41,25605.323521
5966454.835581,68,25606.669735
5427754.002839,30,25607.305103
5480548.675727,33,25607.936787
5547938.681314,82,25609.570505
-113352.866452,61,25610.763436
5464378.273777,39,25611.508746
5829444.983493,179,25615.021893
5469513.981516,37,25615.782252
5461334.212574,29,25616.362411
214851.242457,250,25621.243388
5452708.080881,54,25622.296848
5480214.354971,35,25622.968052
5742479.187679,67,25624.230492
5464528.273883,30,25624.789576
5506141.294809,45,25625.619162
5751913.140984,93,25627.450972
5548651.063268,43,25628.238459
5487500.414807,31,25628.817097
5447244.343426,39,25629.582117
5477788.868631,35,25630.240774
5561762.589624,52,25631.254241
5551387.894234,56,25632.318943
5430202.002341,33,25632.958316
5461669.390539,47,25633.884652
5484628.007673,35,25634.541569
6100572.377928,73,25636.010689
5457151.955838,52,25637.003415
5491033.960186,31,25637.569384
5440393.702225,32,25638.176486
5481157.102098,41,25638.977908
5821559.215803,62,25640.193016
5442195.087072,40,25640.982134
5720511.518556,56,25642.026927
5751609.795134,48,25642.919335
5536360.354567,40,25643.678988
6613962.647724,113,25645.849358
5444174.775502,27,25646.396279
6038196.169585,75,25647.820146
5512556.713631,34,25648.461872
5461973.672151,32,25649.097722
5475079.327999,35,25649.755297
58922.351198,250,25654.514197
5521240.819937,37,25655.236244
5495066.402169,35,25655.89939
5843722.916072,54,25656.863759
5451338.261329,38,25657.557045
5668277.565897,42,25658.355561
5461096.626944,39,25659.107142
5780772.856191,47,25660.007139
5471603.872193,35,25660.661125
64929.912652,250,25665.37567
5459021.332956,45,25666.230445
6306493.550651,86,25667.902976
5484403.701685,40,25668.688164
5473716.102716,62,25669.832783
6146804.933144,74,25671.221734
51187.340527,250,25675.908815
5462625.61691,38,25676.641064
5456100.699896,38,25677.357345
5453632.976441,45,25678.216963
5436007.684951,45,25679.066669
5436547.350284,47,25679.951128
5845542.488245,58,25681.075475
5490700.653839,40,25681.840702
5756667.617396,131,25684.311052
5464727.237025,44,25685.139601
63996.741895,250,25689.859721
5430938.380733,29,25690.428828
5461174.42462,28,25690.989483
6313285.624491,134,25693.571569
5470874.160881,44,25694.377982
5462733.152702,32,25694.987357
5569980.297993,111,25697.036274
5789487.011967,53,25698.053195
5479912.535974,52,25699.032036
5495412.989171,37,25699.803922
5476808.537085,39,25700.557619
5470014.282282,28,25701.088469
5495440.583593,34,25701.733491
5553202.21422,39,25702.473902
77507.35221,250,25707.222839
6109971.262149,120,25709.622147
5753270.94003,47,25710.483377
5486923.070358,33,25711.105223
5471574.728822,52,25712.05939
5493942.235085,41,25712.829689
5566064.084714,36,25713.495075
5515966.685469,49,25714.406137
5648876.590275,63,25715.612763
5760231.172777,53,25716.587843
5463997.69348,40,25717.344069
5457765.617924,28,25717.891788
5423098.242368,35,25718.53839
5439882.698336,31,25719.121337
5493497.995792,31,25719.731716
5460003.134371,36,25720.405777
5453097.888599,39,25721.146416
5475002.92288,62,25722.291695
5788703.782875,76,25723.783803
5471454.331791,33,25724.409423
5469769.00274,33,25725.040078
6541801.604367,83,25726.54937
5431972.108308,33,25727.181812
5436695.726009,39,25727.923811
5480039.570992,41,25728.698539
5465961.021318,43,25729.476968
5487571.866566,47,25730.398948
5496986.188501,40,25731.143044
5715825.928072,58,25732.218846
5508545.142977,34,25732.867213
5894962.614584,73,25734.244374
5475299.908001,31,25734.854403
5917632.461065,51,25735.82117
5496283.234661,38,25736.560082
5664021.185239,42,25737.37151
60392.433857,250,25742.245415
5651903.428883,59,25743.386682
5516062.314718,43,25744.23197
5914816.399918,78,25745.737319
5450239.961265,27,25746.24604
5463191.643075,45,25747.12095
5437519.888611,41,25747.927081
5440603.246393,36,25748.634574
5538220.81661,43,25749.471987
5469577.540014,31,25750.091006
5423961.813775,45,25751.003052
5438911.939551,31,25751.623442
5529632.007684,34,25752.318895
5583348.358569,52,25753.347694
5479343.00716,51,25754.368154
74000.11689,250,25759.306173
5464763.398718,50,25760.282152
5469453.81844,54,25761.35164
5471952.28682,39,25762.113539
5481091.623747,47,25763.062118
5481498.553767,42,25763.901113
6021960.265549,79,25765.487949
5463967.075182,33,25766.140074
5461622.282515,43,25766.966667
5458216.887947,31,25767.575927
5891173.196163,68,25768.920387
5501001.643299,36,25769.622118
5505807.835329,50,25770.639858
5454416.019924,27,25771.17072
5759041.603448,49,25772.15668
5454318.901844,40,25772.9371
5694030.811136,45,25773.837301
5488686.812031,44,25774.717284
5450421.422665,46,25775.611059
5445557.551841,29,25776.200017
-94579.318705,93,25778.018711
5449618.602475,37,25778.74687
5484285.114901,44,25779.617054
6059153.142624,93,25781.452401
5494760.919469,30,25782.04021
5450562.400277,29,25782.609024
5470452.749085,34,25783.29846
5803708.659393,56,25784.392774
5494083.431433,41,25785.19245
5466657.809385,37,25785.927966
5619673.978495,56,25787.055814
5452764.718824,35,25787.745836
5476665.592436,54,25788.852046
5468207.818506,36,25789.559438
5495903.178741,41,25790.382508
5618128.648394,68,25791.706924
5431790.766314,29,25792.255847
5504343.59355,42,25793.061565
5553100.259935,49,25793.989215
5475248.317633,31,25794.609186
71188.302695,250,25799.556812
5484682.203891,39,25800.323525
5427411.473012,38,25801.094317
91153.201995,250,25805.982714
5710070.922305,67,25807.28507
5451654.632992,51,25808.287965
5681241.995448,46,25809.189571
5524306.803233,46,25810.119929
73231.004379,250,25815.086199
5476075.86591,43,25815.950677
5509716.602647,41,25816.775739
5482852.214013,34,25817.486593
36595.518507,250,25822.395346
-22645.983308,250,25827.282279
6188064.976525,71,25828.687604
5614308.750363,63,25829.962606
5842520.137327,63,25831.200213
5472698.000604,28,25831.753479
5521102.711312,52,25832.77424
6805708.761069,95,25834.597378
5464086.089834,50,25835.552667
5464359.546298,37,25836.291395
5456314.631993,38,25837.04567
5497923.592999,42,25837.890007
5489156.724504,41,25838.704368
5441915.023971,46,25839.632747
5462012.704081,40,25840.413142
39038.035093,250,25845.395724
5448866.679005,40,25846.169466
5433749.032369,36,25846.886334
5489419.486812,39,25847.626896
5451279.500491,36,25848.347935
5490292.071803,32,25848.987669
5456240.759494,41,25849.788959
5675053.747217,65,25851.099336
24370.880563,250,25855.986783
5430815.71381,32,25856.632008
5526351.299687,48,25857.573449
5430350.969452,32,25858.200351
5455111.517814,42,25859.011543
5727746.354999,52,25860.027202
5471095.16488,42,25860.829256
5452456.772698,51,25861.822721
5441881.662847,30,25862.409143
5527232.66706,226,25866.732752
5783751.102496,60,25867.850582
5474335.734589,26,25868.361922
5456049.746215,31,25868.947627
5464358.895557,30,25869.504386
81968.692724,250,25874.276501
5444980.202914,28,25874.830497
5773435.799679,61,25876.022411
5487372.613254,44,25876.848255
5449941.397794,35,25877.523132
6950730.522526,114,25879.699898
5542897.001027,112,25881.817744
7212850.612037,152,25884.737333
27043.166527,250,25889.511177
5435841.725748,29,25890.0822
5463413.890551,43,25890.937514
5475867.647782,33,25891.599019
5454823.466027,35,25892.262619
5464762.995806,30,25892.848126
5495098.198411,36,25893.582217
5454705.703971,31,25894.13891
5781571.95893,47,25895.059167
5728002.541374,46,25895.955347
5650373.438124,50,25896.875772
5477584.27235,33,25897.492886
5515112.907859,41,25898.253805
5458103.268263,47,25899.1474
5457592.491153,35,25899.813901
5790051.12348,60,25900.955724
5443577.181409,46,25901.858806
5438779.495422,29,25902.431707
5465577.342777,32,25903.061718
5460640.329766,39,25903.830641
5478162.055514,35,25904.538389
5444497.050131,32,25905.145852
5516998.430139,39,25905.883232
5814164.217879,66,25907.170004
5894025.13024,61,25908.312304
5475195.174906,25,25908.790541
5452169.138837,47,25909.67569
-82851.811493,185,25913.197501
5460303.610928,39,25913.933656
5703850.832669,46,25914.817838
6037321.436818,79,25916.323808
5695813.278736,70,25917.661052
5491298.255398,33,25918.289378
5593943.889572,59,25919.445878
5684128.967793,38,25920.195196
5464682.941657,39,25920.916953
5464090.744131,28,25921.459195
5504082.592542,40,25922.269893
5491287.399623,50,25923.239404
5509482.560389,45,25924.072988
-20108.280707,250,25928.744784
5478091.152219,44,25929.615955
5777487.421923,54,25930.654095
5472080.726436,52,25931.691911
5519787.795044,44,25932.527716
5491071.133611,38,25933.287326
5501455.801433,31,25933.887424
5623163.968791,38,25934.588153
5824940.409335,52,25935.606857
5499705.866009,32,25936.195896
5660424.659705,38,25936.916762
5772606.903848,53,25937.92069
5475422.47614,49,25938.873227
5427698.002859,25,25939.373609
134233.868811,250,25944.128321
5492342.571723,29,25944.667591
5750872.80606,61,25945.801398
5482316.525404,39,25946.527383
5811901.890179,48,25947.443909
5444834.600204,47,25948.362792
97950.47434,250,25953.242507
5468580.52653,37,25953.941489
5460012.94929,29,25954.489061
5466478.426931,34,25955.122407
5448964.347601,41,25955.89689
5424864.596392,41,25956.668193
5775923.228552,47,25957.560806
5630636.20201,87,25959.208287
5849971.107811,55,25960.220926
5487709.866899,50,25961.180083
5457301.606847,35,25961.890992
5431527.562076,29,25962.455167
5473836.77713,54,25963.448642
5420675.558643,26,25963.967279
35340.525579,250,25968.71332
5873819.739685,67,25970.045325
42863.813562,250,25974.819759
5463949.840877,59,25975.948309
5473264.646161,39,25976.682444
5471694.433523,39,25977.443532
5728849.703187,84,25979.100365
5447787.145581,43,25979.946299
5931539.694035,138,25982.708719
5491038.246058,52,25983.753634
5485781.305156,32,25984.396676
5532798.995961,40,25985.160407
5802700.883218,72,25986.594275
5991402.79778,59,25987.73439
5419248.997372,28,25988.312588
5453426.842796,36,25989.012684
5486363.478632,31,25989.606069
6498445.880359,104,25991.640344
5810090.989146,52,25992.688676
6284205.716369,75,25994.175489
5507041.157115,61,25995.424837
5452188.634642,66,25996.776506
5909169.218919,74,25998.228765
-27869.219961,250,26003.172334
5496846.218325,43,26004.013029
6090898.343233,74,26005.439939
5497107.262064,37,26006.154817
113925.543494,250,26011.175721
5449756.398903,46,26012.117866
5621813.380549,45,26013.022331
5423967.301692,40,26013.811011
5481930.327874,28,26014.362717
93036.96207,250,26019.295895
5487786.787306,39,26020.063928
5426918.446452,35,26020.753354
5456392.948897,34,26021.432325
5619543.039894,49,26022.399681
5494801.957353,38,26023.139732
5434733.006045,29,26023.71672
5470550.364123,44,26024.599264
5463345.156495,43,26025.442298
5439477.859002,31,26026.072578
5434567.212796,36,26026.799242
5481506.622867,36,26027.493919
5446479.358589,52,26028.521226
5491153.646818,42,26029.35542
5451430.084378,42,26030.177737
5461154.340552,31,26030.754158
5459239.048232,39,26031.534863
5439683.408014,29,26032.108528
5421435.21153,36,26032.831484
5465577.36203,31,26033.444113
5538291.712811,54,26034.477902
5435553.2143,31,26035.078882
5458385.706545,26,26035.58345
5743105.174535,44,26036.438849
5479185.470251,47,26037.390852
5678000.37233,47,26038.335754
5745234.075372,65,26039.626129
5456905.604971,34,26040.316356
5443849.155243,35,26041.016398
5429614.856787,34,26041.673856
5491353.939787,31,26042.296941
5527677.423879,92,26044.154085
5845224.023446,60,26045.363151
6325825.349881,74,26046.792287
5433790.963542,40,26047.570004
5470939.227565,42,26048.387162
5649654.202963,66,26049.676208
5706820.75165,42,26050.519497
5422618.69451,28,26051.066193
5503843.131596,51,26052.045776
5939324.022445,71,26053.442631
6405838.19056,106,26055.485438
5471273.550109,32,26056.116567
5498213.340887,67,26057.43739
5506880.332425,46,26058.330215
5452246.431963,28,26058.888872
5446243.463722,27,26059.406601
5452866.504237,42,26060.251041
11061.164347,250,26065.040474
6995370.939321,125,26067.440493
5433551.183872,35,26068.111626
5452827.221133,36,26068.832378
5520591.293797,66,26070.142098
5668349.926592,54,26071.185093
70929.601924,250,26076.077401
5544433.974478,37,26076.800611
5485313.965872,39,26077.585603
5446116.775893,45,26078.459489
6184006.952082,87,26080.139683
5462788.967716,27,26080.674704
5575000.088713,40,26081.460361
5499424.091882,35,26082.135571
6986373.830946,119,26084.428942
5496948.400688,41,26085.251989
45917.521804,250,26090.181416
5670633.675764,60,26091.325317
5477822.965573,28,26091.848575
5463627.503076,29,26092.41475
5742862.640478,56,26093.535424
5423714.27806,32,26094.158216
5944155.503292,84,26095.790822
5450257.486389,44,26096.650671
5462009.597687,32,26097.283162
5527450.719179,38,26098.021732
5448292.054029,64,26099.243468
5437180.30525,31,26099.83266
6538482.636366,90,26101.540811
5456662.890998,41,26102.304019
5428493.607221,43,26103.141675
5455875.896255,39,26103.890831
5758647.911647,58,26104.986009
5466342.381651,28,26105.539677
5638583.215,49,26106.464823
5549613.006056,40,26107.243462
5493918.911123,39,26107.965322
5978069.58174,54,26108.997403
5618067.829919,52,26109.959065
5863223.418383,82,26111.530543
25657.440958,250,26116.364841
5697567.877646,77,26117.875531
5493510.369328,39,26118.626168
5417069.302614,24,26119.093708
5585180.202762,88,26120.780256
5728574.520683,54,26121.754569
85400.663562,250,26126.497622
5857817.008031,94,26128.269228
5634308.006872,64,26129.483556
5470696.812184,31,26130.071886
5479962.448437,34,26130.708638
5442384.349819,54,26131.782178
5550498.912988,38,26132.488216
5684328.792397,44,26133.354226
5976517.170113,72,26134.730775
5680332.34918,77,26136.232165
5470565.761673,31,26136.846899
5675545.4935,46,26137.733171
5788926.028503,55,26138.759449
5697940.021904,41,26139.549406
5489583.719112,63,26140.76098
5983556.692895,78,26142.244607
5458140.276083,30,26142.803321
5558544.484326,44,26143.655978
5760070.361042,50,26144.609144
5448873.683304,32,26145.227665
5884660.851588,54,26146.26847
5462286.627131,28,26146.801704
5430028.765587,24,26147.238822
5829156.256216,64,26148.427683
6053613.164077,74,26149.876325
5478213.1484,33,26150.49636
5463169.166404,42,26151.304571
5460808.624561,38,26152.026304
5794572.961491,63,26153.195105
5457199.922681,37,26153.886918
5643230.508528,42,26154.65335
5459532.637498,34,26155.282126
5490279.747297,34,26155.935515
5769082.729875,56,26157.001869
5674276.779501,54,26158.016802
5465921.966137,44,26158.863631
5508879.217874,38,26159.58216
14253.337714,250,26164.377383
5518548.771212,44,26165.219342
5475406.612514,47,26166.099856
5464202.272403,34,26166.757533
5463426.754107,45,26167.598603
5453605.535884,38,26168.310578
5783795.116332,73,26169.6991
6394090.736949,85,26171.250198
5496748.659495,61,26172.359467
5733920.076138,61,26173.551716
6030894.530841,64,26174.76193
5461032.299029,28,26175.289602
5499751.81216,39,26176.036035
5450197.222415,36,26176.700572
5629296.326394,63,26177.883209
5453195.220024,40,26178.632002
5524628.047281,50,26179.607148
5494318.666413,32,26180.213926
5594131.723985,42,26181.053853
5509111.234827,53,26182.075271
5972226.824885,67,26183.310574
5621940.15139,42,26184.09262
5509668.474844,44,26184.961254
5738332.468774,42,26185.764899
34389.576396,250,26190.52008
5560692.017776,49,26191.485015
5435466.98497,30,26192.021692
6201280.248376,75,26193.476399
5476602.874092,33,26194.121015
5496146.122306,44,26194.994397
5448325.823518,30,26195.596477
5957825.872916,58,26196.72656
5500825.983389,56,26197.808812
5429987.315549,28,26198.340051
5853343.381844,69,26199.687833
5485749.389358,41,26200.477221
5695973.215922,41,26201.289303
5488593.941916,46,26202.149424
5719807.352354,51,26203.073334
5500472.008642,56,26204.115288
5467508.547569,30,26204.666555
5473335.04629,35,26205.304498
5563417.78059,42,26206.08619
5620324.694864,56,26207.152347
5455252.631642,198,26210.889564
5462989.657713,33,26211.520024
5572292.101849,50,26212.494383
5449525.94434,37,26213.211368
5752246.027753,63,26214.444958
5459077.659629,48,26215.358315
5685257.56686,51,26216.361742
6188483.089935,76,26217.827895
5713498.898054,49,26218.801071
-26662.593151,250,26223.713665
82976.503498,250,26228.642712
5549935.392599,40,26229.414924
5509865.96381,52,26230.471061
5536933.007466,139,26233.157945
59366.348733,250,26238.150699
5469934.733637,29,26238.724718
6045335.220116,66,26240.017651
5446322.058854,35,26240.677275
5817900.15812,58,26241.82778
5547409.799283,51,26242.84166
5814628.747026,64,26244.069258
5985026.752125,55,26245.1485
45911.944062,250,26250.083513
5448298.852032,32,26250.716712
6225039.67443,77,26252.275548
5490002.01959,49,26253.218444
5443917.993771,36,26253.931298
5479236.228816,44,26254.856681
5465257.224608,39,26255.622349
34826.688408,250,26260.569223
5454640.070802,42,26261.411053
5455402.877726,50,26262.38799
6490892.539817,106,26264.469328
5460743.833428,29,26265.029546
5801745.702974,52,26266.063927
113799.970254,250,26270.996192
5509779.87223,39,26271.763913
5504067.644146,49,26272.773182
5461565.146421,42,26273.599207
5483821.09764,45,26274.48385
6414947.072269,126,26276.94107
5865062.194395,56,26277.998909
5630935.690893,72,26279.413647
5985178.102658,92,26281.2457
39177.099229,250,26286.232055
5462101.576255,34,26286.908416
6244478.68927,68,26288.217302
5453310.772505,36,26288.920232
5610272.312052,52,26289.943336
5466632.091552,29,26290.503425
5623288.710712,54,26291.548995
5501450.221151,38,26292.303273
5454263.936135,30,26292.884565
5435948.78257,46,26293.812292
5450064.732288,45,26294.708307
5930979.134185,66,26296.011297
5461415.817991,41,26296.811896
5460397.073082,32,26297.431593
5764633.518801,45,26298.318068
5590039.863364,41,26299.129283
5459942.633586,40,26299.912979
5640459.18409,57,26301.070246
6158028.128803,70,26302.462122
5491067.716175,78,26303.999974
-13066.129567,250,26308.831574
5453508.268342,72,26310.234047
5508750.338824,45,26311.109498
5418439.720457,33,26311.76807
34831.877539,250,26316.661432
5634153.092245,39,26317.436626
5473407.025057,42,26318.250081
5435864.214172,40,26319.027403
5449656.999644,37,26319.74205
5431792.451798,28,26320.28185
5509327.125167,54,26321.326438
5722349.407423,57,26322.394976
5460818.826301,30,26322.9829
5481943.175814,31,26323.582974
5460077.551332,28,26324.160439
5459036.060344,33,26324.799599
5466747.55397,38,26325.542572
5751073.38426,54,26326.594859
5498630.440374,47,26327.53569
33899.60968,250,26332.514665
5483038.433652,67,26333.814214
5652450.619564,85,26335.512231
5879726.338416,110,26337.642781
5543722.898753,45,26338.494112
5444753.91536,27,26339.006487
5453591.858537,46,26339.87622
5479911.255011,35,26340.576823
5797601.241717,56,26341.619786
5497249.088204,46,26342.501289
5461316.884424,27,26343.034844
5494892.302667,38,26343.788255
5463771.581856,37,26344.487052
5863917.478599,99,26346.37135
5474329.715992,34,26347.024086
5498518.894326,30,26347.604549
5437252.71938,34,26348.225945
6800099.769792,106,26350.240488
98455.68515,250,26354.992477
5952445.464041,109,26357.092015
5473450.942816,69,26358.40334
5690771.646461,42,26359.207034
5774813.354953,53,26360.235205
46798.023861,250,26365.015544
5451791.79065,24,26365.472453
5481854.602258,39,26366.209349
5499083.956625,36,26366.871046
5440956.281808,36,26367.553705
5452277.483026,33,26368.175711
5829197.137014,74,26369.553766
5750911.250811,56,26370.588633
5694146.749716,44,26371.46036
-105319.087273,73,26372.859124
5554807.290376,50,26373.836481
5974609.406573,72,26375.226146
5441206.664542,37,26375.967484
5510333.960931,66,26377.208783
93625.599926,250,26381.93574
5489288.553044,41,26382.704719
5456565.132763,47,26383.600412
5615449.905543,43,26384.434253
5560877.653548,51,26385.405063
5495002.725672,86,26387.05906
5517960.314289,41,26387.85936
6109052.413982,93,26389.69957
5456846.981723,103,26391.638453
5977770.143285,62,26392.805802
5449110.908752,33,26393.453713
5474335.025901,40,26394.208463
5478676.546253,46,26395.087273
5486014.120973,70,26396.45349
7578358.134922,201,26400.209587
5517632.118203,50,26401.168796
5467124.023465,46,26402.044358
5478310.262567,31,26402.645343
5426998.398619,34,26403.293576
5474340.185572,52,26404.299637
5465913.291083,30,26404.887074
5433621.894341,43,26405.737157
5457257.454648,43,26406.564285
6006638.921316,70,26407.903797
5467922.498091,37,26408.5965
5443088.94542,37,26409.308408
5496069.432815,43,26410.158936
5504303.323687,36,26410.86464
5443880.333283,44,26411.696197
5468166.456097,42,26412.477557
5481169.037628,37,26413.164895
5518541.583854,40,26413.922419
5502899.466898,49,26414.853909
5471952.332955,40,26415.644735
5456667.410212,34,26416.292498
5441767.542345,30,26416.864259
5439436.337402,53,26417.864017
6027801.981505,71,26419.169371
5575846.669301,40,26419.928085
5447338.545339,26,26420.41931
5592196.39021,40,26421.161811
5461992.076553,38,26421.875134
5513436.688716,45,26422.738879
5485409.012217,34,26423.355971
5439848.703041,29,26423.903005
-58673.313424,94,26425.719552
5443399.526261,39,26426.459146
5913959.651197,56,26427.519177
5472237.410026,29,26428.083811
6447809.878489,114,26430.305291
6418703.762267,95,26432.115614
5466874.141641,29,26432.65419
5699138.661207,60,26433.791217
5466930.205457,44,26434.614151
5461520.949018,32,26435.211984
5440457.322453,41,26436.009286
5927259.870136,80,26437.499146
39530.750342,250,26442.267107
5853030.719925,61,26443.402705
5506642.397064,55,26444.488571
5533056.98646,54,26445.536378
5415476.892268,28,26446.087546
30920.280472,250,26450.881706
5588397.198071,39,26451.633115
5481531.367862,41,26452.392125
5466195.191401,43,26453.19492
5558840.652794,49,26454.070391
12431.547219,250,26458.899546
5441392.902958,40,26459.692512
68771.715671,250,26464.643648
5449905.739795,42,26465.4775
5492739.115704,33,26466.116635
78485.471131,250,26471.024133
45531.977882,250,26475.888976
5558879.782167,44,26476.769534
7590208.968435,193,26480.601456
5751613.971048,61,26481.848035
5532646.269648,49,26482.797456
5455788.365851,38,26483.549906
5456035.164287,203,26487.460014
5533199.562473,50,26488.440799
5836863.67602,64,26489.645248
5454711.084082,39,26490.396418
6020827.776948,58,26491.553323
6589149.869454,117,26493.864149
5436775.71563,34,26494.53683
5498502.216647,45,26495.415808
5492140.796421,81,26497.023135
7196965.593459,161,26500.18586
5895276.470386,62,26542.045075
5497119.46882,73,26543.49513
5475325.567191,43,26544.358438
5454157.290129,30,26544.946908
5484420.472188,36,26545.665485
5498550.197615,30,26546.28552
5524829.090979,44,26547.192551
5657118.297913,37,26547.913343
5671973.770957,43,26548.760646
5509624.077308,32,26549.411637
5500435.623471,135,26552.05496
5896336.963404,53,26553.146034
38739.939453,250,26558.092429
5451902.518339,30,26558.674418
40673.043062,250,26563.669821
5511623.652617,47,26564.585797
5444943.352113,38,26565.350218
5454644.961279,35,26566.037607
5525056.280475,33,26566.678451
5491295.796419,47,26567.613691
5642669.54712,56,26568.715132
5500668.878407,50,26569.680495
5478531.496565,61,26570.838995
51325.280913,250,26575.799162
5448332.139542,31,26576.411361
5463302.007245,31,26577.039752
5859987.896647,60,26578.221597
5750125.0429,46,26579.117536
6295498.398659,91,26580.823347
5453222.182948,31,26581.409031
5465053.477976,42,26582.194317
5471796.086285,36,26582.861042
5515237.012332,42,26583.631918
5495324.581295,51,26584.584871
5495243.0083,36,26585.267561
5908071.264522,70,26586.59889
5450793.454135,35,26587.215626
5441593.058402,24,26587.660465
39094.927339,250,26592.443093
5468516.525786,50,26593.410026
5954847.831029,88,26595.103294
5555605.876287,37,26595.817498
5613775.824153,37,26596.547397
5452829.928905,58,26597.632007
5488503.630568,32,26598.2501
5913320.326516,78,26599.743308
5471657.147011,31,26600.372502
5437713.401179,28,26600.944773
5496797.774337,76,26602.408972
5461055.967335,74,26603.834295
5456426.135829,42,26604.64624
5451693.551043,29,26605.213194
5444342.228215,36,26605.887206
5903232.776156,72,26607.25956
5664475.572869,36,26607.952814
5490582.644865,33,26608.601644
5853116.180657,54,26609.637387
5433909.050641,32,26610.26773
5458863.061352,42,26611.05038
5465892.560246,39,26611.798328
6153793.89424,81,26613.371988
6188955.291685,82,26614.9456
5472351.62834,46,26615.787868
5944433.571212,53,26616.809023
5471059.391066,40,26617.542536
5442189.676782,44,26618.411184
5419920.643994,28,26618.962344
5426186.039556,41,26619.735116
5497140.181462,43,26620.600173
5482411.288355,43,26621.400806
6339715.922828,169,26624.598297
5508131.489533,35,26625.297032
5500743.018653,142,26627.965785
5451712.548956,29,26628.496101
5920985.880582,70,26629.790217
5917857.577116,58,26630.873581
5616994.19745,47,26631.73407
5487256.976369,40,26632.492724
5492648.642331,47,26633.401646
5472223.88762,33,26634.07421
5714222.806643,55,26635.138546
5442318.257685,36,26635.823611
5453210.904053,37,26636.521063
5486896.096852,79,26638.029994
5459203.800146,41,26638.789478
5674608.192515,51,26639.726742
6164599.284895,86,26641.313028
5459931.312402,33,26641.924015
5743460.655003,56,26642.956195
5460138.235813,37,26643.628437
5505769.429629,56,26644.682242
5522947.172807,51,26645.622232
5478578.297293,39,26646.34344
5496948.979746,35,26647.012091
5438129.31847,31,26647.601165
5471132.910544,62,26648.810179
5696643.988899,58,26649.918225
5460909.213662,37,26650.639995
5557156.912072,50,26651.591833
5508088.523973,37,26652.321414
5459293.41972,43,26653.145243
5836366.192497,46,26654.027023
5488666.721094,53,26655.028032
5878962.236545,78,26656.493766
5452648.182259,33,26657.099318
5436650.690326,54,26658.127702
5809015.224297,79,26659.63761
-65627.921937,250,26664.370985
5491203.455043,34,26665.034707
17730.203616,250,26669.867767
5443099.178119,43,26670.690116
5431184.463405,45,26671.586035
5434228.526639,35,26672.243565
5485470.505395,35,26672.925776
5428036.114403,38,26673.654433
5506917.003647,52,26674.625747
5496618.528063,197,26678.371619
5445984.336275,31,26678.949641
5517792.064445,50,26679.876986
110117.903422,250,26684.632194
5480293.501243,37,26685.350889
5458542.496237,32,26685.959666
5875498.002251,53,26686.991752
5450667.191117,39,26687.757415
5446748.91962,38,26688.489225
5635019.10106,54,26689.523609
5442564.874524,36,26690.198081
5448538.04493,30,26690.772017
5699994.09686,67,26692.042109
5462741.030108,46,26692.916901
5456019.071455,47,26693.838188
5474898.189799,33,26694.457797
5990259.773181,70,26695.812906
5446104.838844,29,26696.337284
5731728.895779,44,26697.170485
5757147.315831,58,26698.293476
5541507.05032,34,26698.964747
78632.75745,250,26703.845485
5459593.083694,33,26704.475943
5870723.872231,91,26706.259348
7014800.186127,108,26708.394158
5508644.029833,33,26709.047774
71331.477664,250,26713.992979
5438063.586084,42,26714.819041
5730977.316991,62,26716.013242
5582866.458355,47,26716.908396
5743077.055886,53,26717.939237
5621931.989427,54,26718.992177
5455939.575341,39,26719.751298
5510386.496474,73,26721.185082
5461717.928138,35,26721.88362
5537167.108174,43,26722.73814
5494343.252619,99,26724.728217
5436276.556618,27,26725.261608
5445331.295765,29,26725.825871
5552482.929864,46,26726.767987
41434.616502,250,26731.748641
5449771.7694,32,26732.369904
5488146.470969,198,26736.288796
5833714.725169,89,26737.988554
5442299.207907,36,26738.708498
5931366.650452,97,26740.660612
5901279.039931,76,26742.171909
5431739.953067,44,26743.058272
5439612.74812,43,26743.921735
5696039.51886,41,26744.747678
5481364.061045,50,26745.743882
5422844.829097,27,26746.274622
6224009.069448,110,26748.423683
5482261.355261,45,26749.466374
5431353.087738,39,26750.226892
-80488.509313,250,26755.208893
5517831.249955,36,26755.94845
5847489.319638,60,26757.12911
5443906.34812,33,26757.788458
5490615.08881,39,26758.572196
5453080.111898,36,26759.259546
5437006.698681,29,26759.852576
5485630.115552,37,26760.586812
5448644.317764,37,26761.32782
20894.323811,250,26766.249075
5460676.595414,34,26766.916034
5531547.244188,48,26767.869724
5457559.116146,32,26768.508822
5614413.722653,41,26769.312207
5757546.63652,67,26770.652991
5702051.908099,46,26771.55022
5462549.707465,34,26772.220109
5460266.441612,35,26772.92004
5636962.473736,66,26774.251628
6012226.24963,173,26777.704208
5474354.763277,34,26778.359233
5495392.098207,49,26779.331396
5442534.595139,29,26779.896543
5536964.200604,37,26780.60559
5428643.440444,36,26781.311828
5540065.503637,43,26782.132694
5501424.123922,30,26782.715023
5866758.81454,59,26783.833319
5452521.314457,28,26784.391998
5502769.863909,40,26785.173428
5555787.800158,33,26785.825069
5793782.273805,50,26786.811839
5660443.862191,235,26791.480356
5423060.830464,31,26792.097801
5442139.259834,32,26792.734848
5475421.130943,28,26793.281992
5478286.20314,40,26794.068456
5447195.821005,42,26794.893951
5585537.363115,41,26795.682184
5870433.820844,53,26796.726184
-81291.257196,216,26800.988059
5509123.408918,53,26802.019083
5765472.864249,49,26803.005032
5437145.2185,37,26803.773243
5457773.373299,35,26804.468812
5460457.188968,38,26805.251099
5477918.489844,30,26805.817027
5460719.002684,36,26806.530482
5569335.706422,41,26807.304021
46565.655119,250,26812.171814
5464794.656258,43,26813.013219
5728764.179537,58,26814.153443
5429801.092286,42,26814.965998
5503688.190799,47,26815.891924
5567152.188192,171,26819.263802
5764282.069352,68,26820.577846
5975306.742395,66,26821.831653
5441617.14309,29,26822.398438
5453877.043659,37,26823.091146
5442607.150617,37,26823.778741
5449317.195595,41,26824.567775
5475781.787226,42,26825.348445
5745156.648953,51,26826.299767
5473755.969099,35,26826.97515
5548447.249209,47,26827.841533
5899071.167131,62,26828.983163
5504700.851149,33,26829.593968
6463173.19269,90,26831.348048
5430119.186676,37,26832.035559
5482286.710204,55,26833.101296
5427534.689884,33,26833.710151
86085.074437,250,26838.46241
5475680.483905,35,26839.114263
5742485.782593,43,26839.960876
5901527.437817,60,26841.090146
5474324.115887,37,26841.818017
5468262.123029,34,26842.478285
5830546.06085,51,26843.412902
5512542.086129,43,26844.236581
5624804.31679,46,26845.115073
5444979.077625,41,26845.923921
5467121.664325,27,26846.42571
5460944.939396,28,26846.933017
6322328.01672,78,26848.452828
5524279.26097,58,26849.548115
5501245.632469,63,26850.773903
5515972.987302,48,26851.717667
5471540.444942,29,26852.288006
85480.159382,250,26856.988924
5457834.47951,27,26857.50436
5504477.722853,46,26858.349848
5432027.835531,28,26858.888053
5462220.559679,29,26859.415918
5660310.297736,39,26860.171327
5498405.504937,52,26861.174477
52523.656408,250,26865.932248
5460087.373379,36,26866.620918
7071090.157963,140,26869.270442
6926435.580492,119,26871.487045
5462218.126063,34,26872.131177
6233548.837105,67,26873.435928
5679797.267671,249,26878.144815
5450738.431628,42,26878.968724
5725905.108885,44,26879.799094
5864358.849415,71,26881.1476
5679192.102607,55,26882.14035
5431864.543112,40,26882.88205
5431912.167149,29,26883.43582
5446303.423542,28,26883.966325
135370.491697,250,26888.594436
5463963.737998,31,26889.174095
5436100.52208,38,26889.942342
5455837.006932,25,26890.41969
5838059.378167,72,26891.764627
5714238.684155,63,26892.957685
5491339.618754,44,26893.815319
5799273.268233,53,26894.831665
5453731.276303,37,26895.534216
5613568.842913,38,26896.28065
5691151.229978,140,26898.894841
5499447.600807,38,26899.591986
5449410.167421,38,26900.260155
5496085.849185,39,26900.99472
5530597.858168,33,26901.599818
5532326.828192,54,26902.619181
5513464.13645,39,26903.380833
5513932.861338,54,26904.410859
5455735.907423,42,26905.255529
49871.928922,250,26910.03754
5459393.121028,39,26910.780739
5445067.822938,41,26911.566744
5430717.648465,34,26912.222185
5465620.935427,88,26913.914558
5437581.486805,37,26914.608803
5509269.069202,29,26915.168244
5528885.410457,39,26915.907493
5442377.338591,48,26916.83457
5542329.267446,36,26917.504254
5522826.364411,39,26918.258571
5787341.834046,66,26919.49897
5930790.444081,73,26920.91254
5483099.270366,33,26921.520918
5450405.28264,40,26922.290527
5456517.192545,28,26922.810803
5866630.20484,61,26923.985297
5510082.951219,39,26924.737663
5475991.787677,34,26925.389762
5688154.619339,49,26926.340102
5501411.435366,36,26927.038744
5843568.334255,58,26928.160156
5451615.569929,33,26928.772213
5463162.484912,36,26929.482807
5530350.512663,38,26930.230027
5460268.572168,46,26931.092107
5503728.545376,59,26932.201703
5809384.063894,49,26933.148935
5438806.370538,45,26934.003102
6167735.752684,90,26935.698967
5518568.751979,38,26936.443655
5678051.228542,60,26937.62162
5890329.27639,68,26938.973015
5470503.935441,29,26939.535155
6084661.510115,81,26941.143129
5522798.777503,57,26942.288833
5458939.815365,41,26943.085371
5607761.747224,46,26943.971725
5465854.758796,35,26944.658433
5512257.438439,52,26945.666306
5445694.03454,27,26946.178406
5766604.624502,59,26947.325276
5487471.838526,32,26947.944422
5475831.532796,30,26948.532928
5468612.570197,31,26949.154082
5453073.753561,33,26949.800043
6131305.630431,75,26951.280141
6539517.933332,95,26953.143855
5477244.17018,33,26953.796987
5845126.497037,54,26954.850326
5465136.646607,46,26955.739424
5442872.728364,41,26956.528708
5688343.994258,64,26957.802345
5462129.321421,40,26958.618283
5472879.488468,33,26959.266423
5497192.783458,41,26960.038584
5873510.165321,50,26960.984133
5506768.479393,41,26961.788547
5910114.057439,153,26964.775468
5467221.882955,31,26965.402494
5931509.242942,56,26966.49433
5461546.862484,46,26967.412402
5498939.23142,35,26968.1117
5482653.725779,36,26968.83517
5901149.05389,68,26970.158552
5478685.235011,35,26970.868822
5713769.089953,52,26971.919907
5469061.165194,40,26972.713415
5462526.705328,55,26973.813468
5746461.724763,45,26974.685796
5474841.208521,42,26975.511715
5642549.484382,44,26976.358111
5429170.113899,40,26977.134924
5516384.671174,39,26977.890002
6000310.965404,61,26979.073436
5576521.408824,55,26980.145395
5483536.826103,52,26981.155662
5575581.712258,36,26981.867998
5479116.283464,57,26982.987935
5757420.368741,54,26984.042518
5445442.457749,45,26984.948697
5787728.573186,58,26986.071281
5483446.826938,38,26986.841514
5474418.882058,35,26987.543521
5444888.390778,40,26988.335958
5446814.235962,33,26988.967064
5458696.575865,48,26989.86943
5658144.088799,42,26990.695983
5485865.097825,38,26991.442171
5460201.495644,44,26992.290002
5525391.452614,50,26993.291203
5442513.25407,36,26994.007598
5875302.197465,58,26995.105238
5838073.515324,66,26996.418966
5482942.571592,41,26997.252416
5473620.146103,44,26998.143462
5448503.160128,30,26998.757109
5427178.030413,33,26999.404413
5504695.99964,34,27000.05599
5427684.851819,34,27000.717925
5521970.065576,46,27001.622655
5456990.968481,27,27002.145567
71680.142058,250,27006.995828
5476384.54717,41,27007.767473
5470167.506449,39,27008.54143
5444359.812409,31,27009.162136
5466151.070451,43,27009.994338
5655261.942586,69,27011.347026
46244.050487,250,27016.202135
5467139.453811,151,27019.153733
5835176.424166,50,27020.128992
5496477.245414,36,27020.844593
5643853.65726,56,27021.938245
6108969.19573,69,27023.247047
5496579.473337,49,27024.175331
5956848.05805,76,27025.630457
5450457.384739,32,27026.273977
90689.955747,250,27031.279993
5450977.955958,28,27031.865321
5587396.328933,46,27032.789765
5483357.842312,73,27034.230163
5881035.085267,97,27036.099784
5461485.747258,24,27036.573954
5445094.450956,30,27037.176038
5492072.263786,39,27037.914333
5454419.520861,33,27038.533647
5477592.502279,39,27039.321421
5468584.290532,36,27040.037609
5471659.710336,52,27041.086798
5482192.173548,40,27041.932334
5615450.477433,36,27042.633012
5431186.141541,26,27043.147234
5557549.67346,32,27043.769948
5443724.273021,33,27044.440295
35669.93228,250,27049.361248
5587227.078433,150,27052.292799
5811895.156695,60,27053.485392
5458649.249127,37,27054.232213
5539220.550289,148,27057.133168
5482471.161862,42,27057.95652
5646924.772342,81,27059.55959
5461850.677268,34,27060.195999
5699207.639241,164,27063.285999
5489916.585293,44,27064.113672
5489816.573558,42,27064.94925
5478634.998843,30,27065.493924
5439763.278296,29,27066.037498
5937726.059689,75,27067.467172
5459484.107203,29,27067.983979
5792024.084279,55,27069.035829
5449183.900782,35,27069.685652
5441341.463004,29,27070.23063
6001209.506289,75,27071.673463
5430888.462794,25,27072.131241
5484793.889572,29,27072.699105
5548728.785441,47,27073.623897
5444599.355642,34,27074.285563
5444016.145404,33,27074.928094
5715986.527232,62,27076.093507
5476900.353345,32,27076.711152
5457286.151997,28,27077.225286
5483631.502371,38,27077.936689
6145486.147984,74,27079.38003
5464411.093051,70,27080.688477
5486953.61219,41,27081.479754
5450281.028828,31,27082.060442
5442800.020622,37,27082.769813
5622927.683041,36,27083.448493
70244.547869,250,27088.196962
5439672.378181,40,27088.939006
5780333.844215,77,27090.450698
5778973.391173,55,27091.497517
5463246.78627,37,27092.198588
5446375.058647,44,27093.039073
5935058.911238,55,27094.097244
5456615.679937,45,27094.966665
5432738.730051,32,27095.561541
5472262.00797,40,27096.308921
5603161.261098,35,27096.978436
5649570.047885,37,27097.703962
5490142.202777,42,27098.482678
5800242.944901,55,27099.512431
5500824.64572,204,27103.34189
5450182.364097,44,27104.142308
5460842.158145,35,27104.802007
5432928.323732,30,27105.400387
5742076.824899,56,27106.477937
74678.999943,250,27111.236476
5677670.723219,46,27112.089482
5470048.193031,36,27112.758517
5582573.009711,46,27113.638622
5582872.980075,56,27114.68813
5515839.158769,60,27115.854513
5466186.976628,38,27116.588113
5433534.324397,26,27117.106612
5462411.174113,40,27117.893485
5942609.300354,77,27119.379193
5681606.331617,70,27120.705343
5445860.024379,33,27121.338803
5524685.618507,91,27123.128388
5463477.279735,29,27123.679033
5428500.161169,42,27124.479665
5425012.922155,31,27125.072115
5465709.821808,39,27125.798764
5449134.000016,33,27126.408028
5418424.396132,31,27126.997911
5534787.958367,92,27128.696546
5538391.187762,54,27129.722432
5446467.109217,33,27130.35281
5772298.21594,49,27131.280083
5514468.248341,45,27132.149474
-8052.737172,250,27136.876293
5503028.937321,32,27137.488667
5434628.662002,39,27138.250978
5560004.313049,90,27139.977549
5472610.779871,37,27140.6763
6574.026833,250,27145.346683
5610814.963753,52,27146.279728
5431445.259132,36,27146.985669
5540874.175927,38,27147.727706
5500319.945767,50,27148.643484
5642069.494285,39,27149.391638
5452272.177444,42,27150.215274
5431328.126954,32,27150.83279
5476726.355286,45,27151.73367
5552290.815162,45,27152.593183
5454318.601361,36,27153.283033
6215455.513771,108,27155.341826
5636040.622055,46,27156.223447
5439510.007761,31,27156.823862
5498120.71513,39,27157.575042
5508025.58981,51,27158.523208
5502164.205636,41,27159.304627
5664664.314742,43,27160.134487
5451265.899511,31,27160.742171
5829220.69151,68,27162.051214
5688978.67438,45,27162.921761
5520337.300949,46,27163.824281
5514538.500061,41,27164.597871
5840932.92626,60,27165.725409
5479058.067601,32,27166.340114
5467740.620626,42,27167.118393
5463760.165642,34,27167.768704
5474855.928025,46,27168.636093
138842.27433,250,27173.370048
5840162.148728,59,27174.497057
5892140.670566,62,27175.671575
5449480.783464,46,27176.531873
5442512.970678,41,27177.315027
5476154.061661,33,27177.956253
6305281.625852,80,27179.515658
5448788.937559,26,27180.024695
5477422.978982,37,27180.753736
5444113.845876,33,27181.394414
5464345.783077,31,27182.006442
5453189.573973,34,27182.690308
5455601.25509,35,27183.354248
5544063.457657,69,27184.736564
5677767.422416,44,27185.612568
5466389.703929,35,27186.300825
5969112.270915,65,27187.569079
5563799.178004,35,27188.260211
5460889.99181,39,27189.002245
5481363.685944,38,27189.74029
5447529.262149,37,27190.450699
5463990.671933,37,27191.201296
5504914.342773,59,27192.393471
5553248.363137,115,27194.682117
5521055.124053,53,27195.699434
5460192.121699,35,27196.363327
5899229.338682,53,27197.401708
62423.567291,250,27202.290463
5748897.711493,99,27204.245491
5468540.19964,50,27205.254668
5446919.734741,52,27206.279468
5471787.077822,43,27207.098535
1506258.205781,250,27212.022999
5557080.081631,31,27212.628567
5416619.133168,28,27213.168831
5541785.15883,36,27213.891636
5467389.323388,47,27214.818404
5650482.340851,80,27216.369553
5621569.717884,45,27217.247441
5462418.880786,36,27217.944774
5641645.845294,52,27218.941743
5662719.517743,48,27219.853826
5462105.791559,33,27220.494406
6327387.225536,86,27222.158118
5443367.037638,28,27222.709886
5902968.036057,80,27224.313765
5511820.688423,66,27225.592472
5504705.126424,37,27226.318161
14048.459624,250,27231.258015
5480329.112258,39,27232.008343
5549170.471587,38,27232.725155
5474003.556204,30,27233.320807
5508601.879352,53,27234.335011
5789493.199238,61,27235.51895
5636757.106444,41,27236.317681
5750838.989795,45,27237.219289
6017224.319345,72,27238.665702
5445381.358952,27,27239.20335
5488568.112899,35,27239.902289
5458977.785744,40,27240.66956
5759993.595002,49,27241.645959
5414750.514157,27,27242.165502
5432589.671281,48,27243.120828
5475415.653356,41,27243.937752
-150560.86273,178,27247.385448
5724154.482558,45,27248.251359
5488838.042981,43,27249.101723
5580224.418973,37,27249.826164
5444516.296753,40,27250.599002
5470970.665584,43,27251.442981
5459272.658843,39,27252.202527
5465621.503734,32,27252.81372
5436139.886055,34,27253.486886
5799315.995898,53,27254.517334
5419929.200882,38,27255.283909
92045.942208,250,27260.212218
5456666.930081,34,27260.87083
5523490.690502,36,27261.587133
5447153.345346,38,27262.331256
5481800.170618,60,27263.486322
5498328.775243,40,27264.260484
5436913.577052,42,27265.086804
5428645.192449,40,27265.891452
5976928.376629,81,27267.497109
5629307.75572,38,27268.264351
5452351.719736,40,27269.032852
5451148.184537,49,27270.022551
5479390.386223,40,27270.812675
5475205.413057,31,27271.41829
5778022.493024,53,27272.496256
5530306.053723,35,27273.200727
5519324.273301,52,27274.241132
5839125.427828,70,27275.68657
5464644.247393,37,27276.403615
5477376.347419,50,27277.390242
5418147.862222,26,27277.891187
5918808.692181,62,27279.110663
5433200.987328,39,27279.868615
49906.066077,250,27284.767835
5491297.005655,37,27285.517874
5476003.886087,37,27286.246453
5751651.03408,48,27287.214866
5449385.409504,26,27287.747026
5517829.795552,40,27288.530643
5419653.163104,26,27289.027036
5474178.159013,40,27289.807112
5457051.001046,34,27290.47479
5482878.032276,39,27291.258786
5481980.08176,44,27292.135249
5736781.945513,51,27293.111742
5462649.147362,39,27293.883433
5449793.094079,28,27294.423953
5472634.086686,66,27295.721223
5443344.64011,45,27296.582322
5413674.551997,25,27297.061355
5482531.674773,44,27297.872293
5497065.029947,81,27299.391451
5482011.993764,34,27300.039025
5463073.943498,25,27300.506688
5504082.905444,32,27301.120501
5461914.761345,32,27301.705529
5483814.495722,44,27302.553448
61709.498337,250,27307.357957
5955694.339397,60,27308.533275
5462317.501017,32,27309.161186
5468101.052783,60,27310.328828
5453464.946322,36,27310.993563
5501626.224618,42,27311.765403
5962812.946714,172,27315.061635
5465881.526229,39,27315.802041
5661849.478953,41,27316.607121
5455716.17779,36,27317.300593
5444720.575024,34,27317.953615
5641425.809034,40,27318.707436
5483663.949247,30,27319.297274
5453915.173154,34,27319.924164
-14194.269204,250,27324.646086
5465724.859566,28,27325.184562
5470227.117907,46,27326.092417
5490878.96677,42,27326.88566
5441395.536266,37,27327.599996
5502125.575413,35,27328.262932
5494330.335509,36,27328.942374
14294.075173,250,27333.759808
48815.937215,250,27338.50377
5458205.987134,36,27339.171796
5470820.261679,57,27340.283733
5542324.042928,46,27341.150803
5983363.313321,58,27342.286427
5437307.906122,29,27342.807528
5446543.818636,36,27343.492738
5438022.377541,31,27344.080724
5565475.031005,46,27344.957525
5508669.077238,31,27345.510016
5699633.688993,64,27346.695072
5455261.415052,50,27347.625444
5497950.591792,45,27348.477631
5437685.830364,30,27349.057478
5466819.773624,33,27349.684147
5480889.388115,53,27350.680239
5759372.734357,76,27352.076095
5461880.273815,25,27352.542807
5601857.756554,100,27354.444731
5451916.468246,55,27355.426759
5455297.246816,28,27355.937413
5775538.475322,68,27357.226927
5449213.3984,32,27357.822261
5626576.887653,40,27358.558828
5888044.638611,54,27359.57876
5430546.561233,43,27360.385739
5521443.901181,39,27361.103385
5510138.558369,44,27361.946341
5467472.492933,50,27362.890316
5450135.544979,35,27363.551573
5442022.320382,38,27364.261581
5471311.219089,122,27366.53302
5784083.45915,59,27367.687264
5857349.376891,88,27369.375209
5452043.903174,28,27369.910976
5509625.250283,41,27370.698543
6920047.923614,138,27373.300437
5628311.765415,81,27374.842663
9601.996929,250,27379.550661
5946356.284129,61,27380.725679
31411.567563,250,27385.40649
5660828.479953,50,27386.319237
5932575.509981,63,27387.518412
5517581.883152,56,27388.583159
5483894.141054,62,27389.778489
6173087.087114,71,27391.113842
5508102.718539,64,27392.337564
5857612.102614,67,27393.628326
5869585.737264,64,27394.846222
5482270.513865,50,27395.782786
5724949.130689,43,27396.615843
5958565.845147,59,27397.781845
5453795.598796,45,27398.666224
7392.587679,250,27403.458875
5474404.57728,47,27404.32472
5464171.119607,50,27405.306766
5709350.543437,67,27406.623528
5452206.255844,40,27407.384432
5057.146161,250,27412.142983
5760760.477678,61,27413.326622
-83627.659115,227,27417.682009
5468676.495056,40,27418.500796
5489721.200911,28,27419.05017
5450072.199259,42,27419.884509
5532057.159454,35,27420.599837
5765669.109126,67,27421.943977
5490361.973749,40,27422.764793
52259.931363,250,27427.647352
5785481.775283,63,27428.910854
5463864.133345,41,27429.690825
5582531.212008,53,27430.728527
5461527.068057,36,27431.433446
5443061.990734,38,27432.177605
5464051.529303,48,27433.121055
5424580.187239,30,27433.736894
5467767.573346,51,27434.744301
5481118.395882,44,27435.648361
5655246.327123,48,27436.610903
5561087.748737,47,27437.556818
5901702.193753,56,27438.676275
5935947.22726,82,27440.29626
5445307.226675,29,27440.868931
5474167.228875,37,27441.608747
5473349.148556,48,27442.546116
5791492.60773,71,27443.939646
5524324.468304,58,27445.058492
5470156.872504,56,27446.151065
5767576.675645,57,27447.26491
5439214.465626,30,27447.846108
5517998.166533,57,27448.95242
-95553.615213,133,27451.598585
5911675.857705,72,27453.025358
5707141.99094,62,27454.276149
5679159.452087,53,27455.297726
5472634.185195,39,27456.067963
24211.104655,250,27461.072864
5629598.270808,50,27462.022848
5447648.814437,36,27462.711177
5444359.850401,23,27463.170047
5508014.148922,55,27464.245828
5826989.297937,54,27465.319297
6440672.882928,83,27466.955463
5844045.36826,57,27468.089803
5464038.312727,35,27468.783784
5436002.330007,37,27469.504585
5874727.113884,108,27471.647485
135399.253651,250,27476.43925
5462714.322503,48,27477.371011
8632.948901,250,27482.317494
5465496.987728,50,27483.319459
5475172.432948,43,27484.159284
1865671.139028,250,27489.030841
5799767.901015,62,27490.240989
5472880.062768,54,27491.274267
5934618.428282,75,27492.703476
5449350.027143,38,27493.417563
5847083.067624,51,27494.370917
5603636.179734,64,27495.632843
5470633.323335,41,27496.424675
5478364.707638,33,27497.075004
5532321.302619,75,27498.568883
5440203.963678,35,27499.250431
64736.827775,250,27504.195132
5560941.792799,66,27505.477939
5478590.257976,54,27506.559189
5494202.440892,46,27507.451658
5787770.577402,63,27508.712076
5818773.122599,86,27550.88141
46593.425543,250,27555.672825
5444073.3243,28,27556.181278
5469839.826004,34,27556.84264
5812579.454701,83,27558.417691
5506840.609143,36,27559.138675
6271473.882886,69,27560.41584
5526991.160102,43,27561.23813
5807542.992516,50,27562.188055
5436138.281045,27,27562.720138
5456527.747485,47,27563.641619
5418241.502955,28,27564.151626
5541170.306807,41,27564.92652
5482964.464921,36,27565.607398
5983438.879419,72,27566.967573
5697722.422021,59,27568.082051
5446891.470444,43,27568.895082
5502175.907448,42,27569.697438
5453939.456592,47,27570.587568
5428339.73393,42,27571.389893
5483066.820331,58,27572.519355
5464435.402303,47,27573.4059
58722.608014,250,27578.15845
5486704.935134,41,27578.95468
5558916.053901,46,27579.838351
6085785.222025,71,27581.201359
5441870.417429,32,27581.801881
5442925.273677,34,27582.440771
5493494.98515,29,27582.993112
5460899.275172,38,27583.735124
126850.504235,250,27588.511352
49892.473335,250,27593.422257
220128.86335,250,27598.163788
25498.382667,250,27602.915979
5437558.856396,32,27603.575072
5527396.212465,43,27604.386442
5560139.107899,52,27605.393624
5697428.733538,45,27606.266094
5432320.669816,40,27607.030219
5472150.593426,41,27607.812657
5439080.007676,34,27608.462388
5585724.120247,45,27609.364015
5476627.70049,39,27610.130889
5469118.849186,29,27610.702205
5990729.017633,63,27611.897263
5503328.527195,42,27612.72945
111439.933619,250,27617.5176
5483313.30157,42,27618.309475
5466719.922172,48,27619.244735
7843234.419912,247,27623.986524
5484146.500576,34,27624.651519
5445331.617308,42,27625.461709
5428024.019864,29,27625.985306
5457800.105332,28,27626.545322
5478451.451055,39,27627.326291
5647691.113857,41,27628.102288
5658400.828417,45,27628.954093
5489561.532815,31,27629.55058
5454408.589064,28,27630.096218
5435466.355808,49,27631.018259
5596942.841358,229,27635.393266
5458344.202123,33,27636.026777
5599058.230543,222,27640.28924
5469343.060901,45,27641.183297
5486759.828641,46,27642.046251
5427732.11825,38,27642.768204
6466810.05991,78,27644.257497
5527552.987677,45,27645.108997
70598.595573,250,27649.899675
5783468.363542,57,27650.967794
5437679.581256,32,27651.589498
5441029.958809,37,27652.278449
5488196.397041,106,27654.31576
5448001.481498,32,27654.939317
5479347.721412,44,27655.795205
68541.114251,250,27660.631837
5446500.701604,30,27661.231045
6245370.919532,103,27663.250609
5523981.077711,54,27664.329759
5438944.956575,31,27664.938252
5486813.822544,27,27665.453711
5493846.119011,26,27665.9475
5513292.496977,155,27669.030729
5490177.268274,30,27669.646437
5454204.769719,46,27670.561419
5475387.938555,36,27671.273922
5550925.814419,37,27672.016166
5444034.609766,35,27672.708149
5451354.688792,40,27673.498433
-28128.536273,250,27678.376576
5475280.610911,41,27679.181018
5463807.140017,42,27680.013204
5489654.975281,44,27680.852045
5520995.916734,163,27684.039255
5487720.972774,45,27684.914519
5480745.780631,42,27685.725142
5561422.909639,57,27686.854389
5765601.723861,68,27688.205972
5645760.1673,56,27689.303817
5521467.101723,32,27689.928079
5458733.843843,37,27690.653425
5444700.666381,39,27691.435799
5612087.944914,41,27692.239853
5508843.014264,38,27692.98428
5440528.278024,36,27693.68282
5738919.671697,127,27696.102391
5423414.762235,37,27696.825783
5503825.243665,34,27697.482997
94608.511456,250,27702.437602
5494434.301804,50,27703.431392
5502749.139062,56,27704.595899
5480928.92938,45,27705.468555
52778.537739,250,27710.306472
6201133.639939,98,27712.20991
5512244.143342,42,27713.031465
5475402.074697,36,27713.762191
5513491.246392,48,27714.70209
5448248.387894,29,27715.290702
5576778.477976,149,27718.244857
5443997.957109,34,27718.892813
5442375.64017,26,27719.412983
5440493.86828,35,27720.093644
5504724.510273,40,27720.864102
5458643.729655,27,27721.407658
5534620.518776,109,27723.539226
5442421.487777,35,27724.221516
5452637.0641,34,27724.88663
5462439.0321,33,27725.520988
24729.64095,250,27730.51729
5494427.13277,37,27731.252833
5511055.353751,61,27732.441604
5440778.792683,35,27733.13208
5779094.303349,70,27734.561125
5448899.134701,37,27735.290907
5498508.458762,49,27736.23928
5471129.705363,33,27736.900075
5474382.096684,34,27737.580698
5471369.20389,48,27738.507513
5556971.676616,47,27739.444812
5467579.123513,32,27740.080343
5450817.252086,56,27741.187668
5454349.866526,31,27741.771428
5860916.248826,67,27743.060447
5521180.841236,35,27743.751776
5499560.36838,75,27745.22248
5912016.14154,57,27746.330833
5484974.493848,46,27747.21716
5467907.461726,31,27747.839517
5467759.170161,29,27748.410043
5448135.20784,42,27749.242228
5432563.566464,30,27749.827833
5452134.348675,27,27750.355234
5449434.862498,33,27751.01443
5422270.474694,32,27751.646348
5422680.279158,27,27752.195719
5495450.916663,127,27754.618679
5508929.675252,48,27755.564197
5467825.434473,42,27756.386761
5517478.13303,78,27757.894349
5455678.447628,30,27758.493404
5514753.000033,92,27760.368505
5492808.039504,44,27761.254616
39237.978295,250,27766.30996
5460745.014715,33,27766.931966
5454829.993077,35,27767.62791
5478846.969295,41,27768.428751
5475969.165617,36,27769.131238
5457360.083673,39,27769.892246
5713782.655671,60,27771.049139
5679147.936809,49,27772.025687
5677843.591844,55,27773.090264
5485119.989839,88,27774.8258
36491.831333,250,27779.687726
-78001.41697,113,27781.842367
5453218.82965,35,27782.526516
5879810.397945,69,27783.832488
5634930.302998,52,27784.824974
5513111.117042,46,27785.728162
5451480.157328,24,27786.212755
5459370.848737,29,27786.750943
5432349.79417,55,27787.785522
5607174.471668,36,27788.487029
5439624.611619,33,27789.123501
5497214.438741,39,27789.875006
5443865.578635,26,27790.40755
5456711.549155,39,27791.150704
5605577.099893,67,27792.486368
85124.758893,250,27797.23725
5566375.908654,85,27798.864571
5463015.628314,39,27799.631768
5507803.656695,44,27800.457578
5479868.570524,76,27801.931651
6124054.476737,66,27803.175204
5477667.930481,42,27803.989608
5459275.035773,43,27804.808165
5445120.193756,35,27805.481503
5512621.656673,44,27806.347609
5499194.842275,48,27807.287604
5515725.093051,33,27807.922213
5556377.468486,39,27808.672408
5552375.601389,44,27809.534525
5788204.359073,52,27810.521429
5446973.143712,33,27811.157366
5478081.912946,28,27811.73182
5474470.419013,43,27812.521664
5432596.612028,41,27813.303843
5465268.350489,37,27813.996949
5512172.663614,43,27814.82821
5509543.063066,37,27815.540344
5454928.384935,36,27816.229962
5557968.520507,38,27816.973171
5481432.186423,40,27817.744211
5461645.232096,43,27818.594677
5443116.023234,26,27819.09007
5449586.422135,30,27819.68056
5687023.767921,41,27820.47506
5480934.123244,30,27821.024222
5449377.822338,26,27821.54486
5477935.62488,59,27822.713802
5467562.852563,35,27823.42727
5469473.525723,31,27824.004429
5514991.851276,44,27824.828454
5444250.866013,29,27825.398785
5461311.353681,46,27826.267484
5671053.492666,49,27827.22402
5831748.733024,64,27828.449874
6252457.46933,80,27829.950122
5463999.719886,34,27830.58508
6152743.991795,69,27831.878949
5462175.063821,33,27832.513721
56698.517526,250,27837.276357
74131.52523,250,27842.065726
5656558.155492,48,27842.979089
79726.638582,250,27847.609895
5464278.689257,33,27848.210439
5465307.036174,43,27849.031342
5464217.399803,40,27849.807154
5453517.581592,27,27850.309785
5453490.293662,31,27850.899985
5447762.431799,37,27851.593846
5416773.10438,25,27852.067858
5768827.892976,50,27852.982827
5478804.712875,35,27853.626767
5450087.564036,38,27854.354576
5801039.898587,50,27855.315913
5436323.325419,26,27855.839924
5461366.394538,74,27857.294645
5438131.740334,38,27858.006939
5471010.434459,33,27858.618016
60112.204212,250,27863.3495
5451622.779384,49,27864.291863
5493147.904232,42,27865.090048
5467866.691507,66,27866.370353
5455897.155629,32,27866.956841
5452873.095071,29,27867.532616
5420591.673204,39,27868.306024
5477416.923623,54,27869.319322
5466542.590514,30,27869.893435
5457615.054571,37,27870.605587
5456556.928261,32,27871.205919
5465865.982982,44,27872.038553
6610486.179854,95,27873.853886
5473037.559636,42,27874.659795
5494402.052781,223,27878.806407
5939964.137086,61,27879.978299
5447457.67939,32,27880.59526
85389.410386,250,27885.376937
5504728.432821,45,27886.222151
5485676.976455,28,27886.758342
5598001.275113,47,27887.633029
5637492.018544,52,27888.63628
5470497.703453,45,27889.476411
5447325.324425,35,27890.14873
5853021.236061,61,27891.350012
5450742.128859,40,27892.150192
5436661.376321,31,27892.738646
5534348.435613,50,27893.701312
5462675.360285,27,27894.190741
5485669.140198,41,27894.950423
5892819.17706,106,27896.956681
5460436.766521,48,27897.882302
5607196.026711,35,27898.575318
5763868.055372,51,27899.591427
5515279.157226,36,27900.324436
5517005.104873,40,27901.121673
5473131.020837,46,27902.034477
5529926.152716,52,27903.087883
5484229.563086,43,27903.917921
5418366.551685,29,27904.473044
5508937.312014,44,27905.329685
5781939.793039,54,27906.389603
5608074.923464,47,27907.330211
5452688.178404,26,27907.837837
5430235.038173,29,27908.405492
5471410.718018,30,27909.015841
5548080.809802,62,27910.241919
5504919.619813,33,27910.88536
5462338.734117,33,27911.55947
5434081.042401,35,27912.253528
42852.775055,250,27917.256258
5540536.737679,32,27917.881171
5477875.734878,49,27918.814624
5445803.787899,49,27919.804135
5563132.885453,59,27920.972935
5511002.409634,41,27921.80361
5810137.929525,62,27923.053205
5441188.476996,124,27925.499202
5438155.421937,25,27926.009817
59577.348574,250,27931.032917
5449290.386868,39,27931.828863
5705987.12339,54,27932.875828
5454974.292166,40,27933.701611
5450546.825898,30,27934.289207
5660625.492141,37,27935.026773
5638145.820205,47,27935.954274
22037.717375,250,27940.90934
5509904.104381,44,27941.780689
5615379.417532,69,27943.117998
5666602.377869,44,27944.007636
5442649.797727,29,27944.566015
5444570.736804,27,27945.116644
5456515.033114,37,27945.864116
5518282.635788,33,27946.520247
5457046.733245,38,27947.282534
5886446.14984,53,27948.309986
5485536.003179,41,27949.095148
5437415.30775,33,27949.723051
5459791.874843,28,27950.258629
-5835.375694,250,27955.100779
5448521.696951,37,27955.828975
6260406.928753,78,27957.359721
5452134.755746,43,27958.220339
5469739.453792,30,27958.836221
5438854.153267,38,27959.59023
5450753.141274,33,27960.27829
5448144.522997,39,27961.050698
5485632.203594,43,27961.916463
5481242.828416,74,27963.385587
5453986.401719,34,27964.025212
118277.737623,250,27968.893958
5461392.395391,36,27969.576396
5485026.827053,43,27970.426434
43178.725199,250,27975.427881
5741764.221287,56,27976.531422
5489947.775272,35,27977.220793
5494312.990117,54,27978.276335
5438264.76338,30,27978.864591
5641378.447134,35,27979.544796
5453915.586518,41,27980.35743
5539952.677444,32,27980.992896
5445278.426784,44,27981.877641
5448720.592646,35,27982.548012
5438306.685995,40,27983.331923
5940588.600198,55,27984.415354
5484464.806981,39,27985.165843
5466145.809164,54,27986.237345
5418802.828889,25,27986.738265
5485382.898469,39,27987.510144
5457368.671964,35,27988.204987
5425084.15883,32,27988.863869
5518084.35297,48,27989.820422
77830.731363,250,27994.800651
5435581.18472,36,27995.501288
5449661.916484,34,27996.168717
5568965.349775,48,27997.133266
5417905.31897,26,27997.643101
5484115.430042,40,27998.428414
5740316.577401,73,27999.863962
5856534.928118,51,28000.884264
5642107.503432,47,28001.814565
5451466.364838,46,28002.703102
6767450.065255,110,28004.90617
-15095.582569,250,28009.91823
5460456.05996,26,28010.459499
5430731.239479,27,28010.994442
5480078.373625,35,28011.675179
6012439.368116,63,28012.906699
5450319.491395,30,28013.506842
5478139.41732,29,28014.072074
5471686.443583,36,28014.771654
5547840.357729,70,28016.144871
5423894.663738,25,28016.62191
5445468.191077,27,28017.163227
5923822.671406,60,28018.36285
5771013.289549,50,28019.360005
59105.161044,250,28024.160671
5432016.098001,31,28024.744493
5442580.720766,27,28025.262915
5463199.068546,35,28025.954849
5645176.817724,44,28026.773353
5478549.806002,46,28027.613008
5418028.203033,28,28028.18021
5723406.296198,44,28029.008706
5448062.26251,33,28029.622017
5460519.966702,33,28030.275061
5792264.675902,80,28031.818449
5578686.756778,38,28032.531861
5605589.921047,38,28033.268783
5477649.458868,40,28034.027213
5541999.365488,48,28034.931054
5457669.366298,45,28035.783717
5450014.23984,54,28036.835441
5957369.646447,57,28037.917294
5454074.053512,34,28038.571483
5459317.570161,37,28039.273553
5484553.249472,39,28039.999314
5468394.348641,29,28040.567221
5475929.850804,28,28041.083986
5452822.164393,41,28041.854105
5471376.753762,33,28042.533661
6281926.042818,81,28044.095553
5531525.582649,74,28045.513755
5679868.848382,67,28046.811083
5450461.378446,43,28047.65861
5606657.355988,36,28048.377972
5468954.768293,32,28049.002761
5516198.489513,34,28049.666471
5499296.479699,62,28050.858677
5474425.371197,47,28051.77601
6197744.611408,109,28053.896145
5500012.289247,97,28055.768454
5451377.276763,50,28056.683748
5902498.742371,66,28057.928489
5985624.340282,60,28059.123492
5731880.560596,183,28062.567105
5470751.537665,34,28063.220809
5487922.0875,39,28063.950236
5711991.862596,88,28065.66343
5599765.803319,45,28066.504876
5440385.23158,30,28067.088842
5420221.996683,28,28067.629612
5575577.902761,39,28068.347934
5568064.548813,44,28069.170178
5444339.284782,36,28069.873237
5502545.111979,42,28070.656661
5478321.329977,42,28071.427924
5480946.531733,38,28072.169626
5470454.849054,42,28072.958821
5425111.537354,25,28073.437705
5583016.827473,69,28074.752192
5465832.023653,39,28075.471486
5593770.514889,52,28076.456428
5621968.633761,109,28078.55092
5497171.749044,35,28079.231477
5510163.389413,44,28080.074657
5434776.315549,34,28080.709578
6059821.629136,62,28081.880012
5428088.159644,30,28082.448191
5457810.925453,36,28083.135142
5440527.783743,39,28083.896899
5453526.566214,35,28084.578092
5435354.338024,47,28085.450492
5757211.702581,50,28086.390298
5499955.656711,38,28087.106383
5448597.119763,31,28087.704726
5480420.63181,39,28088.443629
5451842.111625,44,28089.273951
5438627.10994,64,28090.462779
5484676.827282,31,28091.056509
5460567.196854,43,28091.867032
6467265.328516,100,28093.768062
5731875.239835,50,28094.705529
5606457.53076,58,28095.78336
5516477.066656,44,28096.64411
5522725.85004,38,28097.364519
5467852.867235,37,28098.084997
5479120.104061,55,28099.089887
5484367.539679,33,28099.718999
30854.413908,250,28104.565146
5437443.346058,33,28105.182209
5516847.176368,40,28105.925276
5586919.619784,47,28106.798993
5461474.196978,34,28107.486683
5536987.093003,58,28108.590018
5440205.385825,33,28109.20861
5464722.172016,44,28110.054828
5469519.1144,41,28110.822273
5444536.165093,29,28111.40166
5484732.981547,40,28112.163983
5461670.436079,38,28112.904362
6106583.172914,64,28114.118899
5461114.476149,29,28114.661515
5473351.607674,40,28115.41504
5712397.64398,44,28116.229267
5614263.991916,46,28117.080588
5582106.428533,37,28117.794296
37488.20833,250,28122.506368
5449702.767369,29,28123.104172
5419556.419794,50,28124.071755
5614655.284129,42,28124.876116
5606307.171946,44,28125.732345
96026.048836,250,28130.478125
6017141.44471,94,28132.276159
5436907.17454,30,28132.819661
5455337.597282,38,28133.55082
5483512.93183,38,28134.293836
5505866.231266,36,28134.966266
5486970.749294,57,28136.055363
5462821.230314,33,28136.694422
5722400.15339,52,28137.702406
5707873.291264,56,28138.817873
5440407.525696,36,28139.53063
5848074.22014,50,28140.492038
5720381.294161,66,28141.804499
-104573.515583,44,28142.67706
-15216.440411,245,28147.397377
5437929.069725,38,28148.15591
5478668.685225,43,28149.01474
5577279.359502,60,28150.167041
5444163.922509,41,28150.961795
67786.733557,250,28155.895363
5551656.907939,76,28157.387074
49624.223319,250,28162.34564
5808228.437061,46,28163.25677
5473937.626024,34,28163.939429
8243.76839,250,28168.885444
5487607.595005,50,28169.877783
5438762.662004,32,28170.507204
5446029.997497,34,28171.187373
5441424.207803,32,28171.818233
5650762.204264,59,28172.97371
5950739.293073,71,28174.358428
5445674.36555,29,28174.922566
5457824.587494,29,28175.49478
5599564.886829,80,28177.059164
5449805.810019,30,28177.6357
5451927.910597,38,28178.393139
5504695.233381,34,28179.050123
5469924.799152,34,28179.727659
5507144.989524,54,28180.786556
5733462.396502,45,28181.639401
5619144.577394,53,28182.703806
6651978.514481,105,28184.758653
6700078.279006,100,28186.762019
5468314.347865,41,28187.570133
5439295.974834,26,28188.092997
5614399.063871,64,28189.323003
5445609.32735,42,28190.154294
5455614.386128,54,28191.219452
5473056.745056,33,28191.8836
5440402.954271,43,28192.736368
5442615.734165,27,28193.253067
5460006.336548,31,28193.883286
5641307.683639,39,28194.642067
5758152.404763,55,28195.71139
5419820.269665,35,28196.390437
5459349.736596,35,28197.092358
5834915.122852,56,28198.198509
5468730.776254,37,28198.929965
5515026.393823,38,28199.682268
5453444.621009,35,28200.366189
5429360.11482,43,28201.20654
5570724.083691,45,28202.094436
5457916.855053,37,28202.832293
5499973.661025,38,28203.595412
5500046.827422,41,28204.418616
5446303.145102,46,28205.326352
5685970.25482,48,28206.282502
5648719.499541,41,28207.072926
5764578.341026,54,28208.15078
5451507.706172,32,28208.778948
5600810.627708,46,28209.693097
5444369.644498,35,28210.387777
-102879.051969,26,28210.893735
5460388.48825,33,28211.552781
5468696.921272,45,28212.412949
5637110.700409,52,28213.424554
5472959.426443,32,28214.034808
5757187.928219,52,28215.059096
5442448.309022,29,28215.634772
5456251.180711,31,28216.224812
5932706.310653,57,28217.352313
6710966.303388,133,28219.963326
6131872.570338,65,28221.250715
-4731.308673,250,28226.184572
5484488.120502,35,28226.872387
5749382.744422,77,28228.372531
5442414.864745,39,28229.146809
5493065.744306,37,28229.883638
5488528.51649,33,28230.55584
5449023.94051,31,28231.192178
5443549.691918,26,28231.699018
5765368.368557,67,28233.043324
5427702.271396,28,28233.617404
5433182.308896,33,28234.260493
38262.920773,250,28239.190139
5456168.569104,70,28240.57215
5462205.60125,33,28241.189384
5441009.714467,46,28242.109246
22627.787115,250,28247.03263
5474037.366673,33,28247.684216
5456346.276221,43,28248.557296
5492897.124255,46,28249.457623
5679297.444395,80,28251.010303
5447105.873361,30,28251.60045
5502726.272064,46,28252.488263
5483907.177934,46,28253.406432
5487129.528271,45,28254.280066
5426731.716753,33,28254.972234
44838.804808,250,28259.875861
5457935.442956,30,28260.447868
5535916.486111,47,28261.352284
5879806.823578,68,28262.67079
5464465.592207,31,28263.295184
5468221.187488,48,28264.240469
5480917.66053,39,28265.006867
-98114.620494,204,28268.963271
5840197.610576,62,28270.142648
5470343.412015,44,28270.994216
5456893.183239,27,28271.493045
126398.306689,250,28276.304241
5611170.422657,55,28277.346383
5600759.323775,89,28279.048171
5892239.433653,241,28283.638197
5481499.780129,35,28284.3198
5494837.75011,32,28284.915413
5461791.358206,43,28285.749569
5466227.048916,43,28286.562197
5483720.406163,46,28287.427054
5531852.369789,44,28288.278911
5583235.809511,39,28288.992932
5781258.327943,62,28290.168888
5861067.652007,84,28291.81035
5434560.88466,30,28292.387186
5483073.12402,51,28293.343882
5437300.876654,41,28294.137124
5821990.699401,79,28295.656572
5458046.412203,26,28296.171945
5444713.445688,26,28296.689142
5458086.229796,40,28297.425756
5470017.227245,43,28298.242614
5510013.462355,34,28298.919225
5506496.144739,39,28299.630856
5828677.367046,49,28300.58021
5858166.038256,52,28301.569565
5559301.27493,191,28305.20481
5497775.807362,49,28306.135484
5694495.068418,40,28306.90865
100266.805747,250,28311.690625
6752293.934088,107,28313.759809
5488060.59371,42,28314.547896
5498799.448282,69,28315.845435
5519180.794606,51,28316.810684
5452228.813853,34,28317.456255
5462346.089538,35,28318.145991
5513768.393018,38,28318.886
5641682.02546,44,28319.740173
5471732.43908,33,28320.380431
5483262.108808,35,28321.065183
5953349.994215,86,28322.696568
94494.800184,250,28327.517294
5450914.099215,46,28328.376012
5514689.286634,29,28328.910204
5519135.712926,39,28329.672467
5449006.847249,34,28330.317865
5680698.806721,54,28331.329664
5443773.227396,30,28331.930712
44433.915923,250,28336.623425
5595731.865275,45,28337.536772
5487213.612872,36,28338.227184
39106.517965,250,28343.05908
5488615.353558,32,28343.666483
5431706.840585,40,28344.430673
6297302.059448,103,28346.406038
5451276.94994,73,28347.821801
5541002.070748,32,28348.447574
5433428.36432,39,28349.179481
5523966.32842,60,28350.330653
5462431.10852,45,28351.209175
5959400.78028,58,28352.34886
5445335.809042,33,28352.987976
5476637.856309,39,28353.750929
5470219.331599,34,28354.4355
5615067.376568,46,28355.305616
5574307.607135,50,28356.297432
5477875.711316,59,28357.389098
6070090.580074,68,28358.676827
5483441.232086,34,28359.311253
5529687.929811,81,28360.883715
5440086.415206,50,28361.834357
5928494.960665,60,28362.971403
5482764.858164,36,28363.643099
6235940.493473,104,28365.62366
452366.224844,250,28370.417791
6299017.995878,79,28371.923835
5431340.754885,40,28372.714366
57689.839919,250,28377.41964
43045.811185,250,28382.286644
5463218.18882,25,28382.790442
5491191.737471,37,28383.522913
5449501.859585,44,28384.371651
62886.40439,250,28389.342901
5457449.544543,73,28390.772367
5801741.779363,60,28391.938663
5445880.228547,37,28392.656986
5469168.861312,94,28394.502813
5482621.367072,32,28395.113174
5658997.528054,59,28396.273324
5509102.313013,50,28397.274255
5454952.355346,38,28398.017759
6036406.733862,63,28399.269687
34120.886271,250,28404.117234
5461581.913881,49,28405.069159
6543555.911507,236,28409.679032
5421981.672862,30,28410.251049
5494680.266242,44,28411.125072
5466122.988335,52,28412.157126
5488019.319453,36,28412.872393
5473226.821901,30,28413.469043
5481713.254754,34,28414.121567
5428169.991746,36,28414.8407
5466430.023285,40,28415.642826
5448267.338702,33,28416.290975
5801988.586899,57,28417.390432
5451389.025405,29,28417.933498
5733011.76862,41,28418.744258
5558316.250741,31,28419.35231
5798605.245991,45,28420.22181
5532022.039808,196,28424.00829
5476429.071415,44,28424.845623
5433693.900081,34,28425.490408
5461469.053073,34,28426.175558
5437417.189823,31,28426.798444
5498903.623563,43,28427.645503
5445081.623526,28,28428.193343
5444808.932925,28,28428.750048
5469764.296831,35,28429.44112
6297097.318024,92,28431.259266
5451172.986036,30,28431.858137
5458107.918743,38,28432.614073
5486813.056643,139,28435.318667
5470095.135081,34,28435.962879
5469459.30788,28,28436.509383
5475393.298976,42,28437.329073
5447586.834032,41,28438.121589
10891.693101,250,28443.066064
5465998.097269,35,28443.764483
34695.460282,250,28448.661931
5514514.095472,45,28449.547213
5422555.27964,28,28450.086495
5507116.133509,58,28451.167107
5418466.567118,24,28451.639659
5522492.868794,34,28452.296559
5441841.000476,26,28452.822566
5454996.688997,41,28453.599526
5416495.411909,28,28454.150509
5441633.996424,35,28454.836403
5622665.217671,243,28459.572983
5635491.081476,40,28460.356965
5616528.521632,43,28461.212102
5864805.192409,60,28462.405127
5465216.558946,30,28462.987376
5453594.525771,46,28463.870479
5460308.597294,30,28464.450926
5456275.834301,31,28465.052832
5504354.914449,47,28465.990951
-90726.209011,41,28466.779545
5533696.775405,29,28467.348345
5467786.093793,48,28468.268577
18027.990898,250,28473.207378
5718863.399147,41,28474.019349
5539005.476241,51,28475.009659
6137865.834812,76,28476.508031
5435301.262007,28,28477.088505
5431979.161046,34,28477.772064
5904138.866726,62,28478.980794
5641788.976054,48,28479.909183
5535134.475217,180,28483.391908
6343771.406346,85,28485.050819
5472983.27425,40,28485.84877
5425523.556074,36,28486.565079
5432315.108719,40,28487.343042
5436319.112417,29,28487.930744
5446335.743498,31,28488.554197
5472336.478514,62,28489.761579
5446923.207222,27,28490.320904
91801.81484,250,28495.320437
5474798.784875,33,28495.989453
5493713.444647,55,28497.074257
5523512.567224,48,28498.002235
5457599.38217,57,28499.076243
5470908.376592,30,28499.645046
5453000.54667,43,28500.461269
5499053.633197,41,28501.246644
5480092.070623,39,28501.991931
5449880.48699,27,28502.499146
5453032.466983,28,28503.024622
5561694.256918,57,28504.25617
5439754.251033,27,28504.854189
5589640.492605,51,28505.969518
5893119.933082,59,28507.292819
5430156.011105,36,28508.126471
6085935.730798,61,28509.432323
5480492.927238,29,28509.983682
5514772.828457,34,28510.618531
5570884.843114,42,28511.43894
47099.916443,250,28516.198756
6176027.464547,66,28517.461802
5513933.044588,90,28519.262014
5451216.264682,41,28520.033674
5941132.649229,68,28555.533939
5466672.677643,45,28556.419797
5477981.007109,45,28557.299071
5457720.14399,49,28558.234911
5444678.244316,89,28559.927253
5524635.700354,38,28560.662028
5497302.332369,49,28561.615602
5473606.571135,32,28562.200848
5440308.344837,31,28562.797371
5500421.440431,45,28563.670882
-76281.379022,115,28565.846991
5428359.519298,35,28566.475335
5521315.282366,49,28567.415778
5446690.948564,27,28567.925951
5495123.760469,33,28568.515564
5579688.666097,123,28570.828269
5449918.743229,26,28571.334762
5430074.894623,32,28571.916975
5605439.373531,53,28572.913816
5483961.309286,104,28574.915135
5467152.735178,39,28575.659632
5486943.849689,42,28576.483537
5477241.951569,46,28577.318319
5463843.179323,35,28577.955966
5801254.766446,46,28578.811843
5448514.636452,40,28579.551881
5807250.664333,54,28580.564874
5434369.98097,35,28581.246756
21842.466773,250,28586.079182
5511410.859773,75,28587.522712
5450375.576847,36,28588.202169
5535427.668772,36,28588.893177
5450296.683748,32,28589.523061
5448626.649543,29,28590.078487
5462364.275488,25,28590.558438
5527602.54466,43,28591.362065
5601251.888295,42,28592.176513
31775.209856,250,28596.829132
88521.93422,250,28601.597276
5501796.496437,39,28602.341074
5549830.272826,51,28603.334924
5470091.603257,38,28604.061744
5429186.924527,27,28604.572103
5484486.80041,36,28605.267207
38840.952228,250,28610.025043
5469285.68826,35,28610.685645
5443368.66647,25,28611.173401
5987464.815573,58,28612.28772
5471831.548549,39,28613.038804
5477233.065078,49,28613.976046
5482463.843408,41,28614.789438
5998396.670177,66,28616.069393
5433082.443061,33,28616.691378
5503362.118527,106,28618.726322
5468455.694833,52,28619.759823
6004284.385858,70,28621.113807
5495686.56026,42,28621.917598
5517080.222461,35,28622.605763
5451724.639977,33,28623.267958
5497408.639369,37,28623.977373
5526048.15542,38,28624.746909
5512898.575917,34,28625.417196
5476567.534411,29,28625.993732
5481976.907293,33,28626.634654
5698061.189152,51,28627.669923
5457986.699589,35,28628.336356
5817174.206578,48,28629.300869
5637244.6214,60,28630.495565
5437304.347655,32,28631.129296
5440302.946041,38,28631.903228
6559.965003,250,28636.849955
5468656.269236,35,28637.526107
5423212.76233,37,28638.262733
60381.586971,250,28643.204174
13572.746503,250,28648.149916
5678410.37311,121,28650.567224
5465981.742265,32,28651.206945
5428595.23228,39,28652.033765
5440499.235572,72,28653.470235
5456993.945993,29,28654.016616
5463851.53375,29,28654.585035
5428754.113714,45,28655.478605
5474378.716359,36,28656.180256
5966192.363592,70,28657.54962
5696634.026007,39,28658.310013
5467831.038781,36,28659.010502
5521205.72053,90,28660.760504
5427168.537643,34,28661.441785
52428.127628,250,28666.400439
5479005.58101,29,28666.984318
5445207.927619,32,28667.629309
5518949.630726,119,28669.923681
5432985.599302,36,28670.625137
5745387.124862,51,28671.626723
5713250.83873,47,28672.557033
5446160.380163,36,28673.259641
5482586.208788,51,28674.250165
5481427.777542,32,28674.89379
5449971.620245,35,28675.586858
5943303.496071,67,28676.896128
5423193.78879,35,28677.588906
5535881.044173,42,28678.418629
5860692.539483,123,28680.833847
5448824.956534,43,28681.69077
5459390.038679,25,28682.210943
5472249.495215,41,28683.045074
5457007.153727,41,28683.868817
5938970.13794,64,28685.125623
5498255.699024,46,28686.051293
5461942.802115,34,28686.735948
5757817.423043,50,28687.704926
5489955.948345,38,28688.448697
5910703.826241,55,28689.546337
6057975.759295,60,28690.734028
5510102.94377,46,28691.665763
5497365.332422,36,28692.369228
22565.92367,250,28697.273469
5482516.398649,40,28698.086148
6110151.309571,68,28699.428788
5452848.896124,42,28700.242332
5483785.25416,39,28701.010525
5463942.40081,46,28701.944368
5582877.464675,48,28702.881614
5449232.420458,29,28703.455453
5540151.030435,44,28704.31609
5473823.838054,44,28705.154342
5857115.256775,143,28707.970779
47684.661312,250,28712.99983
5420813.348743,31,28713.596727
5783520.558206,58,28714.754416
6647166.209624,116,28717.058896
6570619.21412,91,28718.851816
5535994.698338,49,28719.826652
6031713.541977,66,28721.135688
5631653.623657,61,28722.351945
5490747.761778,41,28723.168885
5468432.704969,43,28724.046107
5469929.040876,32,28724.670916
5459308.821516,36,28725.382747
5459196.124306,34,28726.049311
5616448.241787,58,28727.192778
5434519.190644,36,28727.914501
5446260.484938,41,28728.737957
5445958.323943,38,28729.496287
5448039.007379,44,28730.389578
5449173.308753,27,28730.909175
5482226.640911,32,28731.526406
5451679.412063,24,28732.005704
5472164.921682,33,28732.639091
5437017.225839,33,28733.273181
5480650.680358,45,28734.168302
5465507.513779,59,28735.327763
49741.959284,250,28740.174884
5450087.157252,91,28742.008106
5574281.197753,45,28742.869119
5503002.452171,37,28743.599341
5420291.84773,24,28744.072576
5470383.358299,96,28745.944718
5607797.50171,44,28746.766137
5518623.810394,45,28747.628331
5620275.276837,40,28748.431234
5465570.368385,38,28749.139412
5463075.797114,30,28749.719761
5469887.421254,53,28750.733313
5439491.159681,38,28751.44409
5463795.984615,30,28752.004481
5446392.781753,41,28752.794727
5538182.995326,45,28753.674948
5502656.411828,33,28754.311863
5493598.9142,120,28756.633389
5429575.654829,32,28757.258123
5681107.735378,59,28758.388915
5473462.288499,40,28759.161307
5447745.530668,37,28759.878433
1317.854217,250,28764.563627
5450239.429195,31,28765.152745
5814404.332549,180,28768.632154
5761429.917402,48,28769.547654
5438874.5516,32,28770.145789
72377.955831,250,28775.005903
5585068.48632,49,28775.912101
5461307.171334,38,28776.636842
5480758.654006,45,28777.520472
5639579.007289,53,28778.507392
5535465.073255,52,28779.489731
5564660.72127,43,28780.283072
5429261.760396,45,28781.140535
5511392.509347,35,28781.821124
5530179.076743,33,28782.448399
5434940.624157,49,28783.367059
5495141.38542,40,28784.15129
5843410.00836,64,28785.380908
5449188.629975,31,28785.976932
5461836.543652,40,28786.745347
5462588.799681,44,28787.567505
5491517.774753,53,28788.562747
5938082.314837,49,28789.47518
5478019.828682,34,28790.11459
5483284.137738,43,28790.91842
5431296.097505,32,28791.52117
5436569.422396,32,28792.133154
45969.509438,250,28796.92223
3682.405314,250,28801.701354
51646.325023,250,28806.457656
5440394.244513,37,28807.202186
5611750.071798,58,28808.283175
5432711.007662,43,28809.08914
61867.440963,250,28813.903333
5455480.652614,35,28814.582383
5466820.825584,41,28815.386425
5430342.230532,34,28816.038639
5778528.79295,53,28817.065862
5494952.055206,47,28817.979314
5477099.612331,33,28818.60667
5500259.492979,45,28819.460357
5453380.71283,39,28820.189705
5568677.446543,36,28820.88142
5551194.86792,38,28821.621428
5451930.910947,40,28822.340514
5466684.545825,46,28823.179788
5474940.184082,38,28823.915096
5477611.244486,49,28824.861694
5489652.282138,47,28825.744742
5580280.433854,46,28826.595726
5430060.96342,36,28827.310574
5470946.701568,34,28828.000031
5815653.666491,58,28829.102651
5479508.317569,39,28829.863822
5419409.422582,30,28830.446129
5712207.804969,40,28831.19737
6060809.567213,69,28832.553618
5464664.667887,32,28833.169987
5520619.998471,43,28834.002349
5481905.175987,37,28834.701886
5442045.972417,37,28835.442625
5465498.045232,35,28836.114119
5498641.170998,30,28836.717337
5461515.780965,51,28837.706018
5465987.99148,44,28838.556668
5459440.745374,28,28839.097275
5513356.957913,36,28839.751452
5467114.319156,54,28840.772726
6625803.536625,93,28842.523594
5457322.227272,30,28843.120466
5434364.685987,28,28843.6567
5491259.928857,56,28844.721071
5467669.53392,49,28845.66009
5477409.324641,34,28846.326024
6139574.720158,67,28847.616953
5875647.231384,64,28848.855991
5518166.276222,41,28849.631866
5491821.04384,46,28850.484573
5467721.429919,32,28851.072439
5861103.18414,138,28853.62421
12409.466557,250,28858.372734
5476552.161313,52,28859.424636
5464109.555443,31,28860.03525
5489769.326021,38,28860.793119
5527072.836282,73,28862.240922
5429179.089235,31,28862.874675
5461981.375375,46,28863.780036
5765998.24361,48,28864.727616
5440029.115472,46,28865.618522
1564.53485,250,28870.490481
30683.014855,250,28875.446092
5472965.890372,49,28876.407655
5722935.025627,241,28881.144861
5462735.260949,28,28881.674228
5465433.531441,30,28882.234524
5688053.240543,52,28883.250501
5444828.74671,42,28884.082889
5457001.254691,34,28884.767876
5652568.443786,51,28885.759876
5419400.456374,35,28886.436151
5451981.289746,47,28887.352108
5498668.56332,44,28888.196592
6458397.10163,89,28889.980007
5469743.852735,47,28890.895154
5462409.23933,44,28891.7833
6026321.356896,59,28892.958225
5686416.293702,50,28893.969738
5493310.031344,33,28894.630939
5528120.458078,42,28895.463679
5508666.538869,58,28896.57628
5465096.610993,38,28897.3218
5632873.227726,37,28898.042824
5609391.929485,51,28899.029343
5465878.840476,29,28899.610092
5491056.143948,42,28900.444451
5483050.878982,49,28901.409566
5461201.586056,40,28902.181499
5511140.050394,40,28902.989966
5440325.940208,40,28903.795435
5920569.471344,67,28905.138683
5660479.644507,65,28906.443335
5439401.572629,49,28907.425205
5483527.864819,40,28908.227666
5443738.065013,33,28908.877588
5570864.040172,40,28909.639282
5465505.466683,46,28910.57667
5520771.549948,46,28911.47339
27990.64791,250,28916.414779
5500246.34777,32,28917.041152
5485546.464217,52,28918.060323
5661080.180264,41,28918.857496
5469514.663638,38,28919.583409
5554167.197831,45,28920.457712
22346.685109,250,28925.338981
6425608.998683,115,28927.579489
5470676.100637,42,28928.387761
5439955.782274,37,28929.136309
5596108.793794,37,28929.858822
5536323.274186,42,28930.682917
5484777.1866,40,28931.469615
5625229.88102,48,28932.402704
5466191.630566,67,28933.710679
5488663.298245,56,28934.822498
5546549.690195,40,28935.59878
5475854.717103,38,28936.332417
5730384.967845,48,28937.251356
5450898.347984,47,28938.180068
5441295.263682,39,28938.966843
5871827.616531,75,28940.456897
5479270.860743,46,28941.382742
5793162.028699,46,28942.297992
5429398.34488,26,28942.796644
6589199.739415,93,28944.608323
5815051.53249,63,28945.840666
5424838.010818,38,28946.590553
5438760.882551,47,28947.48807
5462413.366567,47,28948.407146
5446341.138678,32,28949.054299
5496415.55714,41,28949.877222
5480596.372959,37,28950.580634
5434911.787353,39,28951.362057
5732362.932399,46,28952.288127
6304299.720962,71,28953.711725
5447328.973169,40,28954.511415
5473391.001784,47,28955.453158
5425553.779874,32,28956.081862
5498043.533401,43,28956.927113
5458910.713918,35,28957.593227
120824.627685,250,28962.412608
5440604.33278,35,28963.09158
5856332.473602,67,28964.409792
5467922.640961,35,28965.115866
5488954.289943,49,28966.103533
5451197.052028,34,28966.782675
5431759.959907,36,28967.512801
5454708.05139,31,28968.123486
5448399.202258,26,28968.62874
5542104.476222,54,28969.702657
5484511.539877,35,28970.409451
5436068.497599,26,28970.946514
5476294.16579,39,28971.690251
5479065.273159,58,28972.843357
58767.479566,250,28977.715706
5483093.947914,35,28978.382966
5466190.590572,43,28979.217635
5516380.391865,40,28979.969845
5972313.115036,62,28981.168027
5522687.6064,51,28982.135068
5497947.3722,37,28982.811088
5545230.542717,39,28983.528925
5470353.59356,45,28984.410902
5483730.548261,57,28985.476848
5441279.408332,37,28986.185868
5459837.50785,40,28986.891367
5447302.585848,31,28987.471105
5505238.005487,33,28988.090754
5500506.520956,34,28988.760951
5468621.058341,44,28989.602728
5450872.041155,34,28990.250543
6182161.565467,76,28991.639383
5458394.674888,35,28992.289971
5463923.845889,33,28992.89485
5454790.979492,31,28993.48196
53601.878385,250,28998.225266
6133141.602649,75,28999.658283
5463762.424102,25,29000.126588
5496425.642421,41,29000.913409
5426746.888385,28,29001.448642
5458461.458295,35,29002.100397
5461448.010433,25,29002.557344
5505614.751778,53,29003.613697
5452587.674236,33,29004.240856
5466365.102374,83,29005.815243
5821715.547658,71,29007.159702
5484616.044899,38,29007.912581
6554131.990216,87,29009.558769
5430794.04096,29,29010.11751
5710077.901921,58,29011.265283
5478852.821948,46,29012.164085
5452505.342135,36,29012.86594
5466541.795696,35,29013.527539
5496620.244178,46,29014.402685
5459085.198297,42,29015.234523
5474743.44623,40,29015.986738
5427507.701031,46,29016.858433
5644344.345685,49,29017.830961
5561672.815243,70,29019.189492
5446069.409841,53,29020.202772
5447158.261437,27,29020.696834
5477956.236794,42,29021.480582
5637230.435163,61,29022.636484
5873320.945485,53,29023.652539
5559609.835722,44,29024.491774
7135.370979,250,29029.20243
5685163.758486,37,29029.89592
5491874.224605,38,29030.622043
5443140.978038,50,29031.524627
5886422.250333,72,29032.916121
5526816.016235,36,29033.588674
5495721.813595,45,29034.464321
5623375.161918,41,29035.229829
5441842.13494,31,29035.814912
5450739.716825,46,29036.702769
5554362.821504,48,29037.589422
5454436.832226,33,29038.197849
5465951.922994,41,29038.952523
5878965.153129,55,29040.016528
5492776.755512,55,29041.088513
5806526.42439,55,29042.129381
5641130.160646,42,29042.947635
5673122.300219,50,29043.874562
5608012.183673,37,29044.567025
5512739.271933,45,29045.443805
5476021.682304,35,29046.111442
5584903.341027,48,29046.991302
5660059.226637,52,29047.955577
5490561.256494,40,29048.683971
5492721.640975,29,29049.222968
5615546.453318,57,29050.298572
6026563.653076,71,29051.591013
5441989.730763,41,29052.384721
5466282.717906,26,29052.907977
5629128.956188,44,29053.702342
5494357.898578,37,29054.430081
5516949.512324,42,29055.199009
5488906.252463,39,29055.935256
5425190.288054,25,29056.407024
5500146.056664,42,29057.226709
5883431.97029,66,29058.496087
5446275.345969,40,29059.271469
5492915.355644,47,29060.165031
5664762.762603,40,29060.935226
5475581.030861,44,29061.753973
5447937.541111,33,29062.347809
5436695.219509,31,29062.935334
6066899.296482,89,29064.672012
5622664.195577,57,29065.744916
5459933.418155,43,29066.545051
5470056.791376,43,29067.357708
5498580.899226,46,29068.248955
5446202.267729,39,29068.9696
5712222.254175,69,29070.288821
5613442.778037,52,29071.29162
5542467.731501,36,29071.991442
5455041.782906,47,29072.892218
5472789.456476,31,29073.481171
5704730.40439,43,29074.322229
6104462.559729,77,29075.768009
5475096.995368,39,29076.504771
5598817.173079,41,29077.29856
5512426.264962,48,29078.218178
5501162.873826,39,29078.957879
5511661.414339,47,29079.829956
5438110.24927,37,29080.524618
5516689.851624,42,29081.319197
18456.163491,250,29086.143368
5771747.874165,64,29087.353382
5465232.996982,39,29088.08436
5463310.777475,42,29088.874122
5856315.825008,61,29090.036068
5485945.356296,32,29090.640278
3875.332772,250,29095.379462
-121589.603706,154,29098.339373
5502447.011875,238,29102.943115
43723.844354,250,29107.869867
5434038.390687,30,29108.458332
5478482.133252,45,29109.345014
5442157.708483,31,29109.968729
5503515.59632,42,29110.770755
6121893.66356,80,29112.352773
5458073.72207,43,29113.206528
5472945.503298,37,29113.930085
5447678.413024,34,29114.586546
5458075.827579,48,29115.538151
5452579.779784,38,29116.285341
5481168.473689,46,29117.178101
5506167.002942,44,29118.033587
5738110.563571,68,29119.36412
5984958.56415,54,29120.446546
5482511.172544,31,29121.027289
5435897.150916,28,29121.560519
5461498.106099,34,29122.241132
5495709.698278,44,29123.087054
5516757.620003,38,29123.814306
5490049.815477,43,29124.673718
34174.052844,250,29129.611079
5443058.757144,50,29130.619723
5480998.153659,46,29131.553975
5510913.309134,108,29133.718289
5458408.329933,28,29134.27352
5439915.278383,40,29135.06469
5426682.669431,35,29135.755534
5446998.633678,31,29136.372423
5437213.163921,37,29137.095777
28880.938426,250,29141.95271
5470711.542664,42,29142.793654
5454848.502759,28,29143.337525
5619810.929811,57,29144.476416
5701316.459026,89,29146.245098
5462806.788813,41,29147.104945
56002.452146,250,29152.098437
5518393.624853,46,29152.973655
5502548.776678,35,29153.674186
5448901.861793,36,29154.373855
5931608.555175,67,29155.66959
5935239.836471,86,29157.358266
5481621.773779,31,29157.994203
5478537.330881,35,29158.668186
5466013.162701,37,29159.382492
5448416.203149,27,29159.920619
5470827.180505,37,29160.635898
5427593.629418,40,29161.413172
5516308.140988,41,29162.244633
5517556.905446,46,29163.168144
5481899.298631,28,29163.723941
5457590.030683,50,29164.773267
5478144.366399,44,29165.638535
5475089.999623,37,29166.380602
26735.093714,250,29171.286978
5462933.411553,44,29172.135406
5548480.160939,46,29173.021151
5466868.662462,47,29173.947529
5844388.695095,45,29174.83452
5497489.052543,30,29175.420381
5518856.065704,39,29176.187826
5573805.45513,44,29177.046594
5445333.942336,30,29177.625526
5483760.00728,37,29178.340713
5511128.794592,39,29179.099286
5441880.041293,30,29179.694011
5464467.273393,32,29180.341469
5444556.269518,32,29180.975732
5421086.268054,24,29181.444482
5447395.006596,38,29182.196153
5739569.497849,55,29183.255168
5464065.711962,38,29184.002463
5442463.632403,33,29184.664042
5642561.595217,40,29185.437703
5454021.983551,48,29186.406114
5442136.657448,35,29187.095871
5467833.578301,37,29187.84538
5478206.267913,37,29188.54912
5462351.206387,34,29189.1897
5487209.129556,53,29190.221836
5518321.040676,38,29190.975876
5464157.04309,29,29191.561668
5888129.412384,73,29192.985644
5503081.623375,177,29196.47447
5449672.175906,32,29197.099664
5485587.105428,37,29197.819265
5449329.251444,32,29198.47051
5477898.265532,40,29199.254479
5451337.765642,32,29199.89025
5510903.480993,35,29200.591586
5666381.793719,59,29201.76032
5452743.116792,28,29202.339669
5582923.726571,58,29203.459992
5512310.675156,36,29204.165535
-97183.574624,70,29205.547825
5480289.72119,35,29206.235443
5475822.810684,32,29206.872652
5438264.285605,35,29207.556849
5461858.274288,54,29208.628319
5517274.058352,47,29209.551756
6171762.04397,80,29211.106956
5432388.302785,29,29211.678856
5443031.025575,32,29212.300106
5488200.835661,38,29213.08698
5815783.418715,61,29214.242785
5455738.629422,26,29214.728371
5484100.198433,41,29215.538969
5680797.165514,37,29216.255332
5502929.517916,38,29216.968284
5632631.968747,51,29217.875221
5483671.813613,39,29218.604736
5463733.789808,27,29219.107483
5481399.281023,43,29219.930137
5483883.305847,51,29220.943673
5471173.293697,39,29221.787735
5776217.827083,62,29222.986587
5464104.527838,40,29223.747726
5514080.936143,33,29224.395117
5525808.596413,42,29225.231772
5535023.485002,37,29225.951085
35117.185284,250,29230.649565
5604626.671019,41,29231.427998
65599.065684,250,29236.167382
5485770.799014,30,29236.763462
5516450.629215,37,29237.511738
5481226.277956,51,29238.518696
6098927.498458,104,29240.510363
5446723.239618,63,29241.715909
5453258.550352,31,29242.262302
5493529.76965,41,29243.054113
5839796.326491,48,29243.979256
5934212.305263,56,29245.007945
6291493.350431,78,29246.518766
5475436.82813,53,29247.486045
5442024.08768,32,29248.066663
5454501.102172,38,29248.79639
13184.36147,250,29253.76594
5449097.094689,37,29254.525149
5436199.789605,38,29255.353266
5505124.853335,35,29256.068343
5454122.822123,40,29256.835305
5803266.179458,51,29257.798594
5443426.373309,30,29258.359927
5604137.276256,55,29259.4345
5909492.275525,57,29260.535607
5467739.83291,36,29261.230678
5717717.032716,59,29262.338998
5473977.114709,35,29262.989083
5454230.179205,44,29263.860431
5493280.330973,41,29264.640257
5546932.100387,49,29265.585665
5686380.569637,240,29270.190538
5691105.365698,46,29271.067441
78315.959507,250,29275.841754
-49055.891015,250,29280.56105
5429708.789382,27,29281.078958
5566238.216695,46,29281.978876
5483737.764899,27,29282.504755
5419276.039357,33,29283.125076
5601005.484455,61,29284.316799
6473098.12702,83,29285.91195
6085608.027006,72,29287.272006
5474768.423946,50,29288.278645
5454370.463666,37,29288.976954
5463570.44933,36,29289.679639
5444980.513095,36,29290.377968
58910.633568,250,29295.127878
5439011.813382,30,29295.692513
5500701.373808,37,29296.428636
5455576.186659,32,29297.042469
5447773.132254,40,29297.786439
5455033.155898,25,29298.262374
5446106.469341,35,29298.952775
5653853.116864,45,29299.777714
5474192.272175,91,29301.612228
5473259.497688,26,29302.132014
5454120.362881,44,29302.964181
5448840.55982,40,29303.721663
5436450.174521,32,29304.318302
5472767.184846,34,29304.958457
5852838.308575,53,29305.966668
5543671.796117,43,29306.812672
5856636.49275,51,29307.760989
6065487.946769,64,29308.945899
5455621.57028,33,29309.583476
5517636.812751,41,29310.364618
5419938.236693,28,29310.890149
5458178.037312,34,29311.545346
5478695.115303,39,29312.302932
5446672.936876,34,29312.94481
5494385.045666,43,29313.758568
5482919.215055,37,29314.457247
5756542.18509,55,29315.497109
5624780.25732,73,29316.86833
5534545.229594,41,29317.616778
5729179.11724,53,29318.610522
5491469.003036,44,29319.465921
5427253.779536,37,29320.158598
5693273.479079,42,29320.978513
26519.116388,250,29325.669245
5450991.022488,37,29326.393064
5509120.588156,47,29327.274971
5456625.969459,38,29328.018067
5673143.296521,50,29328.992933
5472254.297252,43,29329.792067
5450139.700229,64,29331.031507
5605271.422106,62,29332.216929
5455297.312245,37,29332.933071
5632749.459273,37,29333.637233
5478948.481198,54,29334.674461
5843724.352751,61,29335.830674
5460535.823605,42,29336.663458
5536516.681118,47,29337.571509
5451708.300322,46,29338.495963
5476516.319206,40,29339.276396
5438736.973834,196,29343.137773
5475550.409036,35,29343.82245
5482107.597425,45,29344.739788
6552167.490186,116,29347.050265
5456880.528558,40,29347.851427
5445016.922354,38,29348.614398
5454112.97902,34,29349.276901
5473816.705237,40,29350.08441
5444856.346891,34,29350.755788
5464408.013896,38,29351.512434
5454342.871316,41,29352.339035
5469796.157433,37,29353.072723
5525694.881027,39,29353.822827
5543160.15068,48,29354.763736
5433488.401564,31,29355.374537
5438361.72437,42,29356.202346
5744410.436665,64,29357.454406
5468780.857959,48,29358.402575
5475751.810195,32,29359.032149
5485862.699776,38,29359.787983
5455241.310846,34,29360.471344
5445146.316258,32,29361.105773
5774059.09462,53,29362.145481
5493474.320588,67,29363.468165
5445442.302667,42,29364.25824
5446873.364744,31,29364.877666
5500642.655393,35,29365.553715
5454579.470556,35,29366.208458
5919999.266982,61,29367.377885
5476961.331477,28,29367.916426
5456968.197432,44,29368.762695
5435667.011906,26,29369.276134
5459504.128068,35,29369.945027
5460286.47582,28,29370.481582
5562658.101811,42,29371.307599
5453695.279511,38,29372.085578
5480283.452063,35,29372.782005
5467037.694948,35,29373.471169
5497988.946964,39,29374.249949
5481107.907829,45,29375.120627
5845920.966951,64,29376.403966
5558179.658169,48,29377.371653
5484881.855609,37,29378.110112
5861971.911055,59,29379.263706
5437583.285412,31,29379.851448
5461893.812252,45,29380.706778
5445538.661675,34,29381.355501
5453823.631817,40,29382.107483
5523720.959775,38,29382.853667
36511.459597,250,29387.782613
5438174.153559,41,29388.585765
5530999.544613,33,29389.231365
5478676.946446,70,29390.614414
5475697.442332,53,29391.671831
5447136.824502,39,29392.454539
5481125.456746,47,29393.400977
5621682.277218,49,29394.344014
5461036.362138,43,29395.176965
5516127.865983,42,29396.011092
5450368.823717,42,29396.850275
5456582.469661,39,29397.59794
5507119.524366,38,29398.323377
5460418.968918,41,29399.092526
5513864.792214,52,29400.110645
5511039.527926,44,29400.964477
5484185.840439,32,29401.590285
5510069.639314,34,29402.276253
5888554.324259,59,29403.432852
5458498.202281,32,29404.067726
5486889.932598,46,29405.021929
5429230.477621,34,29405.71573
5439597.664777,42,29406.562886
5693968.932763,180,29410.174489
5508034.208334,52,29411.20511
5563183.125892,42,29412.002304
5466371.483864,63,29413.251437
5832615.64245,76,29414.709738
5439515.377389,43,29415.552359
5672395.03483,39,29416.310774
5439626.187676,28,29416.840365
5465867.854487,46,29417.777795
5497213.179693,45,29418.665367
5462584.986864,28,29419.205425
5438851.616723,33,29419.854953
5502707.664741,47,29420.795555
4739.070298,250,29425.699535
5441978.268544,34,29426.360782
5518194.583128,47,29427.273398
5475965.417902,39,29428.026009
5458986.703251,49,29429.012148
5483437.426855,56,29430.121345
5654285.491382,56,29431.237168
5484584.259341,78,29432.777467
5809585.496882,67,29434.12495
100762.960221,250,29439.118113
5447086.178504,33,29439.769594
5437706.069905,31,29440.385947
5519901.376337,49,29441.346766
5417601.098091,27,29441.895901
5445721.971802,29,29442.448659
-9637.21241,250,29447.295192
5476382.010996,37,29448.052258
5496627.395568,41,29448.867094
5437795.800498,34,29449.512935
5444807.721814,25,29450.013062
5462689.155127,38,29450.787043
5520647.335476,35,29451.451948
5607731.676134,55,29452.544045
5452598.842616,32,29453.170484
116710.945148,250,29457.971806
5450965.323178,34,29458.61744
5467931.663301,33,29459.265795
5739526.134479,50,29460.200992
5473820.744364,34,29460.832063
5570207.085204,52,29461.825327
5556176.233744,40,29462.587364
5472664.050002,52,29463.559748
5460303.046654,43,29464.392063
5669719.26638,61,29465.578243
5794692.077721,62,29466.796079
5444645.053362,41,29467.575077
5840787.762115,56,29468.659069
5499202.784305,41,29469.423127
5481617.911186,40,29470.178024
5454984.299744,53,29471.204978
6212066.001239,72,29472.548058
5436563.555004,37,29473.260483
-93700.386116,112,29475.381322
5799477.252659,50,29476.323278
5438395.563977,26,29476.820465
5484277.870862,36,29477.513011
5438712.431111,28,29478.038715
5499509.943412,49,29478.960037
5480030.113981,38,29479.664299
5464958.121178,32,29480.294476
5745614.813564,51,29481.2827
5508448.930706,30,29481.854076
-40498.160779,250,29486.60046
5483537.728991,44,29487.436213
6060847.742861,75,29488.890555
5510108.727622,40,29489.642617
5470978.722845,47,29490.525346
5476563.667866,34,29491.166125
41528.72699,250,29496.003398
5521350.575101,45,29496.872767
5540110.752991,51,29497.832417
5499243.987468,35,29498.537691
20767.798844,250,29503.309239
5502061.683325,36,29503.988051
5848858.295454,76,29505.440808
5453395.252412,30,29506.01888
5475076.027386,30,29506.606748
5593854.951181,48,29507.530868
5445996.800075,28,29508.085546
5469728.966269,28,29508.623744
5544463.691598,48,29509.534841
5482778.938175,49,29510.492663
14098.958274,250,29515.318789
5469091.413192,38,29516.023364
5446486.830149,28,29516.559794
5458603.880849,40,29517.319114
5481385.97891,47,29518.206734
44964.362808,250,29522.865865
5471716.420884,51,29523.87931
5926782.844728,71,29563.440356
5713619.132343,45,29564.328036
5507552.465037,57,29565.457615
5455636.581673,47,29566.351107
5460681.646846,29,29566.909518
5470485.723165,40,29567.689757
5456844.442952,28,29568.199596
5427555.416174,38,29568.902885
5457397.030099,74,29570.306374
5699489.980823,45,29571.149944
5466585.527058,37,29571.86587
5544727.094451,45,29572.708998
5444221.623809,37,29573.379874
5445022.251386,50,29574.320529
5461991.917221,205,29578.24077
5497743.703591,45,29579.126753
5450695.854405,28,29579.675466
63685.542619,250,29584.597498
5422767.654315,33,29585.275899
5440192.09428,39,29586.033303
5433028.678072,30,29586.6226
5489274.644235,54,29587.681814
5714506.292391,66,29588.934971
5483151.783532,37,29589.66241
5473565.53121,39,29590.418741
5493014.827041,69,29591.786578
5484170.305337,89,29593.545005
5430996.400218,27,29594.082784
5443795.165599,35,29594.775855
5498933.01062,33,29595.432528
6265690.84712,89,29597.175742
5470749.734291,41,29597.956906
109651.3708,250,29602.831512
5531894.751939,56,29603.945561
6826412.017337,237,29608.661014
5433428.321878,35,29609.355618
5470664.139929,35,29610.056764
5684311.041008,54,29611.101136
5623473.619304,35,29611.810945
5465180.00201,38,29612.570815
5558086.862946,50,29613.530866
5441702.994499,28,29614.08876
5482363.443368,41,29614.911349
5681860.448242,63,29616.137478
5456197.582155,36,29616.827334
5450818.800448,33,29617.480442
5478753.351016,48,29618.439362
-13366.988738,250,29623.374315
5484391.477281,50,29624.353419
5426986.023908,55,29625.439996
5538880.494726,51,29626.460009
5480561.979093,54,29627.563396
5438188.012082,28,29628.127846
5558573.065769,57,29629.251451
5448186.570282,36,29629.983825
5520088.231777,34,29630.651497
5475417.401317,56,29631.768231
5492765.165493,53,29632.812529
5898648.876866,50,29633.773185
5799621.873695,67,29635.100207
5459808.255391,42,29635.926282
5477007.743752,38,29636.681352
5469585.826325,43,29637.535702
5488716.066315,36,29638.253787
5470917.089229,43,29639.072911
5456574.307017,42,29639.897605
5475170.07799,42,29640.740621
5600952.035053,39,29641.531769
5501796.90108,56,29642.627057
5951466.591927,59,29643.778929
6237267.060715,84,29645.439243
5726569.729459,40,29646.185462
5559089.506236,40,29646.956462
-10507.179177,250,29651.81181
5714059.732802,94,29653.684633
5486391.343779,43,29654.521736
5442438.233703,46,29655.408302
5676623.866193,59,29656.574389
5472783.834836,44,29657.448997
5424837.761374,29,29658.019889
5456225.310789,32,29658.652913
5476385.708422,31,29659.257234
122886.592375,250,29664.129363
5539891.432925,59,29665.27842
5509135.94392,178,29668.792364
5476756.73761,43,29669.658309
5433665.300884,27,29670.184356
5761661.147272,49,29671.140615
5447543.018955,29,29671.738531
5470318.757081,36,29672.45612
5436392.800991,45,29673.360523
5734900.827846,54,29674.439648
5489163.487756,40,29675.214004
5549332.187902,43,29676.032729
5554382.020195,32,29676.652219
5475877.02576,38,29677.394844
5472065.45612,39,29678.153292
5838318.17467,59,29679.292705
6285754.928521,94,29681.165125
5425700.584462,36,29681.844426
5461180.394114,32,29682.503767
5862236.37878,49,29683.47289
32602.446299,250,29688.379617
5457569.78806,31,29688.987682
5427750.834904,41,29689.792226
5514854.329541,42,29690.608581
5439516.390183,40,29691.381203
5710382.567563,63,29692.622602
5479939.424254,36,29693.331514
5712818.492011,45,29694.207604
5465703.064643,41,29695.011128
6049368.268546,68,29696.354499
5475910.141334,38,29697.106251
5436913.508707,41,29697.907617
5466118.949225,29,29698.474221
5823285.179725,57,29699.557205
5776809.663467,47,29700.472539
5442792.679444,47,29701.37637
5476491.229979,42,29702.204411
5423920.109642,45,29703.032579
5690133.612887,49,29703.971077
5482471.31428,32,29704.556778
5641287.836773,36,29705.246947
5478828.088047,34,29705.879239
5577427.439888,58,29706.996646
5451353.804172,44,29707.821311
5472603.479914,34,29708.464275
5484100.265989,59,29709.539309
5439921.376155,26,29710.040836
54088.476894,250,29714.849572
5525011.590219,61,29716.049886
5448259.437857,38,29716.756923
5435374.383987,30,29717.331197
60198.664333,250,29722.072145
5473574.76019,34,29722.711189
5443467.750441,47,29723.594484
5469151.191377,45,29724.418
5652862.097069,50,29725.364079
5997363.372974,66,29726.605945
5643763.63636,53,29727.621505
5540806.523105,53,29728.613361
5436669.050793,45,29729.464311
5462401.805707,54,29730.433503
5501202.892634,41,29731.214781
5482675.21386,34,29731.843148
5496526.227056,43,29732.666332
5440680.13014,46,29733.514584
5480170.389113,48,29734.451972
5781249.623366,49,29735.404149
-111333.514676,74,29736.796913
5480276.509236,39,29737.515888
5495128.155977,32,29738.115623
5472109.218601,44,29738.907494
44664.957917,250,29743.690731
5518603.76959,30,29744.28635
5438767.134348,47,29745.186788
5475960.370899,36,29745.878279
5439249.944658,38,29746.618273
5475014.604749,42,29747.41487
5529003.306734,56,29748.452724
5485899.356628,42,29749.253822
5489703.928914,33,29749.861754
5509013.030563,34,29750.489964
5489083.249997,48,29751.348003
5493101.079678,60,29752.482017
6280479.030732,97,29754.300456
5513442.208375,57,29755.396024
5431655.358872,34,29756.035435
5583642.63113,60,29757.200189
-1850.301015,250,29762.005994
5914438.384988,57,29763.097815
5443592.996567,36,29763.792502
5455735.747468,43,29764.630641
5467679.392335,33,29765.232466
5481088.360133,34,29765.8879
5622612.878548,51,29766.831171
5488199.379679,40,29767.561021
5732460.854528,43,29768.407848
5620187.424551,47,29769.307395
5609340.15039,44,29770.141971
5429489.456044,39,29770.884767
5445735.734485,44,29771.697285
63110.836413,250,29776.450043
5465596.734095,38,29777.198408
5441089.806081,45,29778.060806
5771928.271453,54,29779.122803
5475161.527731,52,29780.126676
5488113.763892,46,29780.99841
5454248.655196,34,29781.633756
44272.987498,250,29786.322243
5437910.172222,55,29787.338948
5439281.25874,36,29788.041605
5496831.477744,39,29788.772485
5480215.907836,39,29789.49518
5449206.474374,28,29790.042698
23433.760597,250,29794.844383
5609944.90836,50,29795.757795
5747322.812578,60,29796.894249
5474660.969101,48,29797.792799
5457586.582267,39,29798.545725
5425429.620183,27,29799.053379
5472904.606023,38,29799.742778
5454792.586831,30,29800.292238
32375.790415,250,29805.137256
5625237.405774,52,29806.129969
5456117.00775,34,29806.777448
5463896.049579,42,29807.592076
5470059.787218,44,29808.442056
5464798.328382,34,29809.121413
5438282.819858,29,29809.658694
5677549.586187,42,29810.474241
5555832.457702,49,29811.419731
5573547.205614,53,29812.410154
5668140.695054,171,29815.625118
5473551.100763,47,29816.53844
-11560.896226,250,29821.481018
5452036.879307,39,29822.253761
5470657.863663,45,29823.164581
5766874.889958,51,29824.173789
5606463.45491,55,29825.256543
5429741.429911,28,29825.754321
5478487.700368,46,29826.630202
5857318.774208,67,29827.941895
6124314.850359,78,29829.48271
5549715.432613,57,29830.595197
5529071.868242,38,29831.312704
5450473.617315,63,29832.549738
5443105.62852,47,29833.482573
5735811.24242,59,29834.673944
5930820.111553,51,29835.68031
5466995.475774,37,29836.413908
5905086.425359,65,29837.660237
5472862.552502,29,29838.236207
5571535.216212,54,29839.269667
5483748.017992,43,29840.084133
5452212.61297,33,29840.716091
5475808.399934,38,29841.444011
5544278.668727,54,29842.506665
5451519.857433,51,29843.491104
5480690.864712,39,29844.233113
5446402.828702,39,29844.975598
5448521.536147,38,29845.722651
5466484.84744,32,29846.351098
5480880.183651,44,29847.21787
5443425.017117,43,29848.074478
13983.445568,250,29853.058227
5458170.865458,33,29853.701915
5448247.025786,27,29854.217064
5672470.127369,57,29855.317967
5599178.926752,41,29856.124515
5467184.049686,34,29856.788633
5447101.869287,32,29857.400584
5471256.519163,39,29858.159219
5605463.062876,47,29859.103543
5456868.434316,60,29860.276167
5456903.243509,30,29860.852945
5487149.688895,35,29861.536563
5520999.313179,33,29862.185197
5493746.881844,44,29863.046392
5452751.261621,34,29863.745881
5469050.045424,34,29864.397228
5537239.571637,45,29865.275662
5436735.270872,28,29865.819773
5486414.672867,50,29866.817944
5488128.994827,54,29867.907945
5454513.892393,41,29868.723633
5463478.430574,27,29869.2458
5434499.215586,32,29869.900556
5467025.861375,28,29870.463375
5619357.006068,139,29873.163075
5461918.450402,37,29873.859113
5457841.707928,30,29874.471675
5690980.813292,81,29876.046402
5784764.807693,67,29877.334382
5994573.156793,72,29878.728299
5442567.999462,46,29879.647937
5453937.012855,41,29880.485216
5476064.287399,46,29881.410093
5916948.13471,66,29882.702107
5540832.166782,50,29883.692909
5451144.507743,30,29884.289751
5470810.545931,29,29884.884161
5447050.527887,49,29885.870299
6104037.894809,69,29887.232494
6055066.125518,71,29888.633752
6313141.193901,71,29890.044638
33685.630678,250,29894.969012
5497931.695046,44,29895.84668
5472292.673814,35,29896.547994
6945622.326363,136,29899.280172
40951.672623,250,29904.15703
5464832.139271,41,29904.947075
6072360.516004,64,29906.19905
5470917.57146,36,29906.906474
5441917.217752,35,29907.577924
5724979.875431,45,29908.451606
5456175.501025,41,29909.264712
5473978.607859,51,29910.270917
5452990.38674,30,29910.881244
5574336.020562,45,29911.783561
5613285.036854,53,29912.845198
5497996.036492,38,29913.565845
5460083.827045,43,29914.425854
5455235.758944,72,29915.890429
5660387.378399,88,29917.588991
5826676.325255,70,29918.95963
5436648.688761,32,29919.591121
5497172.837784,56,29920.699227
5429233.812902,27,29921.237402
5459813.064785,37,29921.967495
5497930.880696,47,29922.877152
5436318.260937,44,29923.708012
5492209.093327,28,29924.230587
5594522.593042,45,29925.104732
5508428.2369,48,29926.049863
5438815.903803,41,29926.851395
65296.863355,250,29931.740005
5555410.024855,52,29932.755594
5551959.42664,50,29933.740863
5450497.944463,30,29934.31235
5445431.395666,27,29934.849927
5489084.667883,41,29935.648905
5729854.214796,44,29936.5228
5449169.059458,27,29937.044245
5515234.507813,45,29937.94527
5795269.474651,60,29939.113996
5511767.486016,53,29940.119964
5479951.552058,47,29940.996293
5520141.480483,108,29943.080238
69631.06736,250,29947.838593
5510728.441787,72,29949.209982
5468027.994477,38,29949.925977
5428883.142734,28,29950.43675
5439660.9577,27,29950.965651
5473821.424314,52,29951.982286
5771110.732801,79,29953.472975
5468934.590642,29,29954.028872
5433724.187083,32,29954.64182
5524046.662078,43,29955.466094
5465684.185191,40,29956.229795
5494332.572235,48,29957.122756
50736.1996,250,29961.961098
5842154.617752,57,29963.048873
5799000.936945,54,29964.043495
5585746.000005,45,29964.899231
5543850.986532,76,29966.341344
5470895.658141,32,29966.941305
-12523.881634,250,29971.675335
5454742.569149,39,29972.41218
5427755.855932,32,29973.02374
5975557.367063,59,29974.112596
5474754.19432,32,29974.679038
6040945.10573,79,29976.130392
5677702.110785,68,29977.430042
5513054.150755,37,29978.130814
5498383.802437,44,29978.961182
5489655.355067,49,29979.835813
5503965.567231,32,29980.415003
5499409.150489,36,29981.074349
5451985.740769,55,29982.104471
5470062.776432,216,29986.191225
5544538.175348,49,29987.151246
5464557.641696,32,29987.764469
5470663.255269,46,29988.65018
5471155.834559,29,29989.199471
5780748.986647,68,29990.494494
47545.654135,250,29995.217467
5478068.171067,46,29996.068889
5450074.910628,24,29996.507548
5472190.144921,38,29997.226692
5441262.779496,26,29997.720107
5588125.911627,44,29998.546905
5852575.147736,65,29999.794641
5449922.664748,44,30000.62648
5474768.086498,49,30001.598026
5824235.515724,54,30002.634389
5455358.590163,52,30003.632401
5485151.68494,45,30004.490028
5495179.82441,47,30005.384317
5777354.63639,70,30006.697123
5863852.761072,58,30007.76691
5460313.53383,38,30008.496361
51073.174797,250,30013.248574
5482571.013548,50,30014.215634
5494331.731484,47,30015.11938
5681486.620013,40,30015.878854
5477587.052566,33,30016.528733
5707013.411226,41,30017.296234
27728.009424,250,30022.107225
5457646.380255,38,30022.817561
5727548.034214,40,30023.608477
5454843.597916,27,30024.117013
5655070.771622,58,30025.196928
5529216.058499,119,30027.440613
5949450.814559,62,30028.606225
5621224.300714,56,30029.671364
5847273.777303,130,30032.178584
5482920.060535,67,30033.511266
5498268.921668,48,30034.436658
5490666.235357,51,30035.417556
5589578.896125,62,30036.590966
5447387.368714,36,30037.234616
5533623.998267,35,30037.914263
5453366.807845,43,30038.6869
45604.942412,250,30043.402823
5445696.129112,39,30044.133098
5444674.856546,32,30044.72196
5747535.710197,47,30045.648942
5441156.40819,32,30046.228583
5430690.778382,29,30046.817297
5515780.583302,79,30048.354349
5504858.365752,48,30049.247973
5485783.173669,47,30050.145882
5451019.123857,30,30050.715498
5471087.208577,54,30051.745337
5493020.605275,47,30052.634583
5467941.717291,44,30053.447918
5469305.737719,35,30054.10135
43778.355805,250,30058.914955
5502846.649531,58,30060.089228
5494866.177371,37,30060.821847
5433864.601196,38,30061.559628
5480352.135406,53,30062.607716
5627885.009555,37,30063.332705
-102423.340615,34,30063.996011
5485012.156496,47,30064.945142
5492754.992335,44,30065.80903
5451454.37207,40,30066.592295
5430055.4611,25,30067.067497
5959521.427084,71,30068.46686
5502932.187346,44,30069.315905
19670.99582,250,30074.186275
5518079.118348,39,30074.937553
5447839.396756,32,30075.56606
5955121.678885,65,30076.855513
5530957.327487,43,30077.728674
6357940.298068,91,30079.554418
5440912.983437,36,30080.265815
5462799.111584,37,30080.994171
5490756.261775,45,30081.859737
5697117.528523,56,30082.997511
5463639.962357,50,30083.961489
5464097.989673,41,30084.78456
5458185.944906,38,30085.540485
5501436.171644,36,30086.262717
5473423.998561,28,30086.812477
5454910.97331,35,30087.49525
5433459.764756,42,30088.319718
5449515.263803,44,30089.172926
5561913.543052,46,30090.080192
5474042.375326,50,30091.0682
5457880.309262,47,30091.98786
5476392.429101,39,30092.767528
5530328.118573,38,30093.508177
5428608.375669,40,30094.338328
5491020.425742,41,30095.149875
5532639.433165,54,30096.206732
5560622.309057,41,30097.013162
5421506.893409,33,30097.643874
5580275.816636,60,30098.812966
5458972.233391,53,30099.820844
5507577.741907,41,30100.640806
6051784.810104,82,30102.20658
5488103.59588,37,30102.909915
5460005.790745,38,30103.643958
5503962.849645,32,30104.255363
78047.522529,250,30109.19588
5444096.566064,33,30109.847526
5467054.786955,39,30110.616285
5464477.851945,53,30111.677806
5468814.253994,31,30112.288844
5435280.783671,25,30112.777668
5467581.736353,41,30113.595467
6092565.530455,85,30115.266308
5498203.371737,40,30116.071449
5503370.316429,45,30116.954982
5473921.045292,29,30117.526045
5465570.681773,35,30118.216192
6139539.221213,86,30119.871239
48819.835953,250,30124.813342
5553106.943929,129,30127.317145
5894394.385173,68,30128.664316
5414351.394887,26,30129.187051
5431855.908717,30,30129.763
5441181.918833,50,30130.729209
-12178.733664,250,30135.67188
5478402.463489,41,30136.466935
5496256.861859,43,30137.31578
6376153.624178,83,30138.964632
5444810.459534,43,30139.79858
5457897.213183,41,30140.620017
5470737.093529,72,30141.988151
5522050.255786,42,30142.820306
5830774.216726,58,30143.978335
5487661.913647,48,30144.946376
5665322.16839,51,30145.964816
5602217.072768,47,30146.930928
5468003.816517,34,30147.617623
5817078.512139,55,30148.679927
5499696.810367,51,30149.730776
50692.242511,250,30154.672175
5517479.860639,54,30155.742462
5637372.585871,61,30156.935163
5670796.023158,52,30157.980007
5481209.995179,38,30158.735501
5469492.187405,56,30159.873338
6491691.38313,77,30161.395921
-146460.041721,107,30163.498558
5543535.036244,53,30164.560038
-157149.994309,150,30167.522817
5492433.151817,76,30169.063365
5728411.751916,60,30170.236943
5436845.849923,33,30170.886121
60563.474928,250,30175.804342
5499309.420336,33,30176.429467
5485679.855399,29,30176.996274
5477464.490258,33,30177.660294
5452073.426532,28,30178.180998
5471790.660375,32,30178.800524
5474510.783916,31,30179.39851
5672467.150189,46,30180.291384
5581930.627474,50,30181.265469
5458516.519989,34,30181.943518
5468580.768469,37,30182.640161
5494593.088931,45,30183.507897
5748812.912602,60,30184.671548
5474530.605934,87,30186.399286
5569374.133732,36,30187.075063
5520921.70113,39,30187.775702
5486847.641331,38,30188.51087
5432128.638883,31,30189.118494
5464914.612234,46,30189.996553
5498838.049148,42,30190.794117
5784235.910011,58,30191.928495
5476323.807568,31,30192.495521
5444236.599407,37,30193.186795
5448791.621835,28,30193.702749
5444451.02318,31,30194.29292
5459296.247371,40,30195.029195
5673377.460425,48,30195.953952
5458613.739775,35,30196.60806
5490714.287339,38,30197.32003
5689090.086552,48,30198.190578
5474785.102952,41,30198.969854
5469424.800463,72,30200.351389
65639.221764,250,30205.116116
5434445.951154,28,30205.646068
5566632.552035,112,30207.819664
5429548.894669,41,30208.601816
5441069.154939,34,30209.254618
5484402.975939,39,30210.016118
5470946.987844,52,30211.032157
5508059.857972,203,30214.939738
5522637.997029,43,30215.759076
5447707.273006,49,30216.690438
5581128.081571,60,30217.849873
5433909.315922,58,30218.987835
5503775.848903,55,30220.009788
5503250.007508,69,30221.326955
5489857.571874,188,30224.878957
5500962.958135,50,30225.80811
5433011.913925,31,30226.419675
5455762.155527,38,30227.149667
5976349.8779,57,30228.272651
5510197.456204,56,30229.356847
5428071.05447,37,30230.091428
5470807.360771,29,30230.665198
31899.734733,250,30235.459206
5509718.993221,52,30236.43821
5694283.347179,77,30237.927448
5554802.954605,43,30238.745776
5457624.697223,58,30239.797521
5476523.406144,78,30241.282117
5463572.43797,84,30242.843659
5480338.295761,43,30243.674295
5446475.405325,32,30244.293357
5490060.965548,55,30245.336591
5563783.007262,169,30248.467709
5487134.039022,60,30249.57276
5421124.839934,32,30250.207409
5483809.708872,30,30250.773504
5451315.995121,47,30251.618819
5723406.226062,58,30252.725328
5956453.436647,74,30254.072477
58246.552187,250,30258.856807
5507392.294816,37,30259.600252
5917893.123297,63,30260.781218
5479631.649362,37,30261.498281
5463340.79248,32,30262.107487
5804279.172545,47,30263.003441
5543790.859011,59,30264.101525
206320.425592,250,30268.786373
5469927.572571,44,30269.619119
5432757.784451,44,30270.511812
6451699.187383,95,30272.498122
5474310.771217,39,30273.179439
5441362.849565,50,30274.096566
5442553.703219,38,30274.773552
5442070.559427,40,30275.524577
5488856.107241,146,30278.318394
5444256.640124,36,30279.021689
5845921.545225,53,30280.000977
5458391.824116,32,30280.591504
96852.283387,250,30285.259472
5443972.120435,29,30285.832219
5457233.328537,37,30286.536664
80134.650901,250,30291.333179
5461451.6297,30,30291.901274
5435004.977668,31,30292.511259
5778670.000514,46,30293.40846
5484720.710476,34,30294.075598
5450701.942219,45,30294.931538
5559986.522134,46,30295.78789
5424053.242225,25,30296.23725
5501252.867306,56,30297.339849
5495578.614417,43,30298.183271
5470377.71239,39,30298.940772
5611806.008127,51,30299.935388
5828358.847001,90,30301.754464
5626332.297926,38,30302.52403
5707285.879199,47,30303.487534
5462461.728608,88,30305.225611
5439639.415304,39,30306.000085
5552392.472866,55,30307.059312
5578575.105541,53,30308.138052
5475440.185033,43,30308.989682
5847753.210365,72,30310.368681
5730257.93359,44,30311.216949
-88920.884905,76,30312.708146
5473504.524022,66,30314.004198
33636.550076,250,30319.052778
54399.785045,250,30324.093275
5513511.346904,47,30325.010989
5506522.370388,36,30325.711632
5634279.650351,50,30326.698802
5455837.356216,41,30327.534248
5888264.644965,192,30331.33416
5516758.04671,38,30332.092903
5433685.811035,32,30332.715078
5614939.511743,107,30334.809397
5472808.539118,30,30335.390092
48646.074788,250,30340.375844
5549239.884721,176,30343.870377
5446402.479019,33,30344.534146
5524090.067194,59,30345.677926
5445220.7912,33,30346.307952
5493696.12022,28,30346.847126
5473736.276078,36,30347.589031
5467952.634034,26,30348.09794
5610451.606881,43,30348.959425
5623052.629012,104,30351.051949
5452678.417814,96,30352.99676
5662601.833238,56,30354.121038
5436140.27875,48,30355.02919
5515678.594137,47,30355.963639
5463046.876977,35,30356.664497
5470480.027923,47,30357.572321
5523394.604447,39,30358.32451
5583106.689739,43,30359.140426
5458826.827251,44,30359.976517
5545569.592714,34,30360.646546
5454210.970475,35,30361.341507
5455470.23663,57,30362.440304
5447876.295672,39,30363.234499
5490250.090568,40,30364.014218
5503878.722939,28,30364.570422
5618726.221679,123,30367.02353
5442925.823613,39,30367.774553
5568947.540409,49,30368.753773
6097672.50696,137,30371.460143
5625489.043978,234,30375.986317
5571608.198803,37,30376.697898
6608107.625211,97,30378.596395
5578144.526338,53,30379.619992
5647458.229661,39,30380.402513
5425356.568155,26,30380.894662
5447865.441131,41,30381.709592
5482827.915717,43,30382.576395
5495772.12248,36,30383.284822
5676671.786615,47,30384.242862
6104766.975897,112,30386.467646
-91985.140105,215,30390.681725
5484886.788851,36,30391.411604
5451427.950443,31,30392.03372
5463408.69994,41,30392.839767
5508587.68964,32,30393.470547
5437515.327394,31,30394.05214
5649952.787739,50,30395.036543
5485833.103411,55,30396.124089
5652751.435844,41,30396.926201
5664117.001564,43,30397.765399
477872.564787,250,30402.773893
5447591.24034,30,30403.357517
5413718.83939,27,30403.881545
5479937.006288,43,30404.729224
5810092.126107,57,30405.837411
5461236.895202,43,30406.670837
5832771.991698,69,30408.029994
5481404.474131,29,30408.611673
5638025.265239,67,30409.9302
5435251.934602,28,30410.47102
5891467.847529,58,30411.612328
5462273.409772,41,30412.406626
5497642.666172,47,30413.331527
5483679.070296,53,30414.375693
5475188.128612,35,30415.041399
6093451.595243,87,30416.736472
5523334.026998,147,30419.532851
5526339.004375,47,30420.451582
5757200.337989,56,30421.522833
5550256.581504,39,30422.275517
31.053666,250,30426.992821
5452930.176075,47,30427.85273
5476931.979766,36,30428.524552
5489911.801956,33,30429.169194
5873970.451201,74,30430.542513
5451099.762447,42,30431.355663
5470450.495475,38,30432.086208
44463.525667,250,30436.802112
5451565.594296,42,30437.582853
5483145.222927,29,30438.129982
5947091.239543,57,30439.231775
5710124.876258,42,30440.031212
5455553.890427,32,30440.645598
5629037.353219,38,30441.342583
5467003.932479,32,30441.958141
5453331.621708,33,30442.58001
5451864.157546,29,30443.136927
5470365.21577,37,30443.849005
5577710.680159,42,30444.661437
5421997.933931,34,30445.304229
5533659.789434,49,30446.24126
-57155.063444,212,30450.233622
5470887.256464,46,30451.091314
5437101.198949,26,30451.592985
5464568.664581,34,30452.241225
5642740.949613,92,30454.006973
5462878.980926,31,30454.625848
5478756.061335,35,30455.328162
5475994.22071,34,30455.96574
5422426.226827,26,30456.448285
5459382.362924,33,30457.078525
5478758.796627,38,30457.824281
5528137.913359,43,30458.644614
5727824.864082,149,30461.518777
5472595.795579,32,30462.134748
5499057.685965,42,30462.939647
5504357.694651,39,30463.676569
5546348.56511,54,30464.706654
5444664.063557,42,30465.503611
5621845.039544,60,30466.660779
5449045.721445,41,30467.44474
5997479.115371,75,30468.94281
5510255.072291,34,30469.595783
5485439.084721,35,30470.234976
53724.767443,250,30475.015984
5476655.757558,51,30475.96003
5501354.346225,50,30476.926371
5489346.177721,53,30477.9196
5491866.867764,59,30479.059047
5417469.41525,28,30479.627805
5514874.094019,51,30480.609973
5453853.084745,44,30481.503656
5461540.965812,57,30482.608824
6972081.737417,118,30484.879029
5616375.236899,50,30485.844525
5566420.818638,91,30487.586031
63697.832158,250,30492.398728
5446575.67148,29,30492.96688
5473381.006454,43,30493.787138
5479612.919014,43,30494.622694
5459079.337568,75,30496.042826
5478755.976619,39,30496.801448
56056.056437,250,30501.561998
5460923.290171,30,30502.166609
5423561.966276,43,30502.971615
5465259.066166,52,30503.963676
5434787.602573,41,30504.73993
5459443.576808,33,30505.349365
5474272.631909,35,30506.039285
5475652.874278,34,30506.65509
5616056.468215,37,30507.375094
5461890.958134,38,30508.097811
53874.705835,250,30512.909119
5479064.192696,27,30513.413798
5440638.178599,28,30513.943142
5495719.680305,39,30514.707683
5471858.116617,62,30515.857952
5541784.422525,40,30516.6293
5808331.926124,105,30518.61481
5493395.84807,44,30519.477386
5478749.20482,47,30521.058697
5430411.563006,28,30521.79236
5559335.42994,73,30523.086329
5438465.779682,37,30523.908344
5493612.784194,34,30524.503783
5655189.423701,76,30525.96653
5440441.598421,29,30526.470509
5474916.809406,83,30527.929528
5667579.169709,67,30529.214445
5443092.823201,36,30529.907367
5457138.671709,45,30530.762852
5730954.712752,43,30576.323579
5592607.517377,46,30577.509715
5482002.07013,42,30578.590517
5447888.075477,28,30579.419756
5467881.38196,33,30580.406714
5482062.25121,47,30581.768022
5465918.50953,36,30582.587334
5467152.415292,55,30584.06888
5451966.130376,28,30584.79063
5501053.8133,43,30586.275763
5458235.154358,30,30587.171012
5467701.554334,31,30588.02473
5480011.457959,56,30589.29696
5476548.270166,33,30590.128663
5457257.181152,34,30590.975834
5430757.650504,32,30591.812912
51246.076147,250,30598.330719
5493438.446718,58,30599.782805
5458024.83477,29,30600.477388
5463402.004645,48,30601.988615
-105654.890743,9,30602.344035
5486558.360609,43,30603.5344
5641869.051293,153,30607.577832
5608794.010721,38,30608.572138
5432736.079856,30,30609.273956
5692706.932313,56,30610.725342
5615319.269264,49,30612.017161
5421060.830951,33,30612.860835
5483612.52817,31,30613.661371
5654889.223244,67,30615.39695
5593497.18254,53,30616.810238
5538292.24879,106,30619.445843
5862835.14712,62,30621.064318
5527717.442546,47,30622.253815
5551820.894215,96,30624.719972
5474130.727192,43,30625.860828
35956.753867,250,30632.414551
5460624.748691,33,30633.247522
5477946.542157,30,30634.047745
5472244.921985,30,30634.827309
5455987.328751,29,30635.551738
5520147.235696,51,30636.954813
5467862.282881,36,30637.906492
6078421.190613,82,30640.11133
5874557.527752,152,30644.104943
5456063.37061,29,30644.913607
-21576.394764,250,30651.519017
5485907.946148,38,30652.434712
5445282.860242,29,30653.124103
5903609.565255,78,30655.130423
5812698.718072,64,30656.698538
5861148.777483,66,30658.293883
-14333.95659,250,30665.840129
5435739.987307,32,30666.617051
5501488.529189,38,30667.657041
5506269.669696,51,30669.352519
5636046.255423,113,30672.28005
5762890.239897,108,30674.889807
21828.023022,250,30679.846351
5438386.520597,35,30680.520801
5748308.289054,48,30681.443732
3367.722932,250,30686.448659
5455215.006845,47,30687.43493
5457510.940134,28,30687.990519
5443966.493429,31,30688.630679
5561884.795622,38,30689.408345
5726884.356511,53,30690.477724
5764826.107047,68,30691.956689
5478839.436629,46,30692.915585
5471818.645499,32,30693.614065
5586924.997527,37,30694.388595
6144718.975234,68,30695.80946
5441730.412323,26,30696.377704
5502806.09485,46,30697.310099
5501582.934682,37,30698.099709
5440354.462653,34,30698.812774
5557163.641569,44,30699.75086
5509117.32664,48,30700.800203
5681241.894891,48,30701.791805
5500730.179237,44,30702.768902
5698724.470468,71,30704.276354
6257626.566557,84,30706.056395
5458037.24071,46,30707.028018
5658418.474746,55,30708.133004
5511843.540237,46,30709.056733
5534653.355642,122,30711.825838
5439894.438255,27,30712.35415
5588522.451472,43,30713.216745
5509169.685224,65,30714.663888
5508018.469064,40,30715.521378
5489480.029257,38,30716.36648
36717.403689,250,30721.499434
5462676.198507,37,30722.262755
5524742.941122,55,30723.41897
5446600.642114,40,30724.225663
5601301.58067,34,30724.933829
5482331.363984,51,30725.990187
5480482.973596,36,30726.73985
86271.982697,250,30732.049513
5567961.695044,50,30733.073554
5480408.64149,33,30733.759776
5485009.511724,43,30734.633652
5438553.8434,43,30735.479543
5440344.014755,39,30736.280377
5785181.04118,53,30737.364348
5481104.938233,44,30738.298892
5487740.269996,37,30739.091825
5484645.020849,43,30739.940485
5502640.46393,34,30740.696408
19705.838902,250,30745.90847
5533812.461706,236,30750.842843
58447.35085,250,30756.109286
5440972.052021,28,30756.696625
5478708.131081,40,30757.525136
5484457.170076,36,30758.330019
5428987.002123,40,30759.175409
5450713.336874,27,30759.72996
5453146.95666,47,30760.753015
5441416.86691,29,30761.381219
5480404.080749,43,30762.280333
5437882.592199,29,30762.91959
5588581.410831,50,30763.943899
5540383.515028,43,30764.832969
5465053.121971,44,30765.764048
5786036.561685,84,30767.537962
5478080.100665,35,30768.247708
5447711.794239,39,30769.051216
5492022.196295,43,30769.954935
5469082.793255,35,30770.702633
13354.400846,250,30775.947361
5449648.345729,32,30776.632161
5804835.514066,45,30777.586334
5474405.260644,38,30778.40617
5556467.993253,40,30779.256558
5433916.496749,40,30780.088544
5574535.984286,35,30780.856301
5508246.237621,42,30781.751169
5454888.679893,30,30782.401197
5543669.70922,38,30783.249418
5498448.680928,45,30784.202466
5527150.121224,43,30785.11084
10610.126681,250,30790.462292
5479229.597579,38,30791.262392
5430641.215555,39,30792.123117
5453363.774065,33,30792.802531
6026354.334687,62,30794.130687
5520242.282711,33,30794.801919
5472488.135485,44,30795.742202
5472740.840523,41,30796.618302
5473062.731144,47,30797.610584
5423101.504638,35,30798.365
5473962.422768,40,30799.188421
5471527.022315,30,30799.814426
5454448.051071,44,30800.776375
5471180.789803,35,30801.542301
72170.344308,250,30806.941149
-105640.447374,16,30807.306931
5502693.233926,56,30808.488134
5487536.503093,45,30809.433282
5514280.817604,42,30810.313445
5490375.390667,43,30811.186717
5433953.821204,35,30811.982576
5741090.131912,47,30812.947533
5810053.536224,57,30814.13714
5485691.189327,37,30814.895497
5496172.08205,45,30815.828234
5472417.999477,28,30816.451425
5466700.241591,29,30817.09553
6254788.002481,125,30819.745391
5477654.909338,40,30820.646917
5455930.445168,34,30821.353974
5482248.869482,49,30822.37958
5472782.675967,50,30823.447228
5415838.811346,26,30823.992476
5662664.418537,48,30824.990464
5464530.334231,36,30825.829348
5703191.655391,64,30827.147334
5497898.243707,34,30827.919956
5490036.582116,43,30828.845306
5519945.960875,55,30830.047167
5515240.09614,93,30832.014615
6129051.626844,71,30833.536248
5545141.662669,35,30834.296716
5429668.176862,27,30834.854053
35786.206624,250,30840.189859
5558013.639869,49,30841.237783
5435979.477759,31,30841.886069
5488228.387739,37,30842.655438
5483350.830655,38,30843.460202
5478123.223749,46,30844.409414
5671106.506044,52,30845.521157
5492598.671527,47,30846.491076
5452363.311545,35,30847.239473
5439620.320938,41,30848.134571
5438581.65058,56,30849.308207
5536539.158993,71,30850.821786
5467082.113814,58,30852.035753
5473938.96512,72,30853.507899
5473825.811584,37,30854.342371
5464023.297585,43,30855.30333
5469652.876085,44,30856.201131
5813328.784439,49,30857.222586
5673160.93522,76,30858.77045
5472304.576063,28,30859.352628
5735273.884574,43,30860.211315
5661767.892024,42,30861.080304
5734556.4206,42,30861.963073
5476277.780961,77,30863.652176
5835460.919531,61,30864.934519
5860490.342134,86,30866.792313
5491781.324781,28,30867.420978
5467597.23987,34,30868.151867
5816572.234393,63,30869.506679
5433636.623305,40,30870.358064
5706245.447592,82,30872.143888
5769137.003268,45,30873.125376
5451680.865688,28,30873.720836
5779100.92429,42,30874.631504
38434.763047,250,30880.034395
5490379.516882,46,30881.046544
5454852.949448,36,30881.798495
5481961.379088,41,30882.664049
5468879.370383,35,30883.436844
5447811.182146,32,30884.111551
5428355.412658,37,30884.93676
5477275.08541,58,30886.170729
5768226.494714,70,30887.674156
5501948.34462,39,30888.470799
5434019.268292,27,30889.043928
5497202.402053,38,30889.848908
5442892.934041,58,30891.015742
5469264.544483,50,30892.057329
5593525.215171,33,30892.77078
5742361.298071,54,30893.911997
5492749.968374,33,30894.628962
59476.209408,250,30900.017543
5471080.292596,32,30900.650811
5461547.519908,37,30901.458504
5860172.18967,46,30902.443664
5472908.023213,35,30903.201813
5451208.855121,36,30903.987746
5443297.767983,28,30904.550156
5438171.333665,34,30905.26371
6265642.067237,73,30906.85677
5474607.287129,43,30907.799098
5470535.181183,44,30908.707455
5441726.696267,37,30909.50032
5486133.593646,28,30910.1349
5444674.034066,43,30911.057403
5782257.471398,51,30912.134725
5911342.362794,61,30913.424973
5697813.687773,52,30914.554865
5574670.935596,119,30917.021549
5452371.225723,41,30917.852144
5440825.866655,36,30918.605274
5486895.239025,58,30919.844375
90203.93477,250,30925.188044
5495031.430328,45,30926.166811
6229084.098718,135,30929.048231
5471117.25475,35,30929.768363
5441181.441787,97,30931.89853
5492894.534002,47,30932.96221
66370.569421,250,30938.256927
5489702.258406,94,30940.256266
5451531.864931,36,30941.012582
5445442.543376,37,30941.826929
5462072.302516,41,30942.686534
5771605.957586,53,30943.847266
5468643.015119,48,30944.895794
5446254.132829,27,30945.457714
23353.636459,250,30950.776275
5425942.140611,26,30951.341861
5508989.286828,43,30952.306617
5463549.595034,34,30953.038622
5463096.52046,34,30953.769425
5520474.241447,48,30954.835824
5498781.669666,43,30955.717197
5474822.069773,32,30956.357894
5443117.658655,33,30957.098466
5543706.231858,42,30957.982227
5736058.525377,46,30958.966755
5456237.385552,28,30959.58143
5457844.033563,29,30960.171332
5470137.271386,32,30960.877098
66988.04573,250,30966.165825
5494020.796003,233,30971.246233
5450908.4773,32,30971.927478
5847192.424961,54,30973.111855
65699.33802,250,30978.287904
5455772.560433,31,30978.924535
5415476.162369,25,30979.461654
6661811.64552,108,30981.762165
5468213.785135,39,30982.549193
5457555.83383,70,30984.061721
5483634.430818,53,30985.169491
6602942.272025,96,30987.220251
5493999.451925,27,30987.783638
5454557.161764,39,30988.6308
5427674.432423,38,30989.406947
5442047.463342,33,30990.122106
6165447.558121,82,30991.91764
5426393.244588,40,30992.789852
5702866.9731,49,30993.805144
5489602.71104,28,30994.378973
5451826.714535,32,30995.081193
5431895.17129,43,30995.981693
5632255.646383,39,30996.81336
5436216.771573,31,30997.477325
9666.50589,250,31002.863512
5456165.285382,31,31003.498128
5455553.876935,42,31004.378147
5507042.843668,37,31005.169146
6366874.517083,81,31006.877038
5478429.017793,49,31007.883221
-104510.283229,12,31008.178031
5847223.187944,56,31009.412825
5445040.067531,29,31010.076313
5490673.220217,70,31011.59357
5450200.186691,31,31012.136091
5529519.220334,172,31015.403854
5510604.447355,47,31016.198831
5606912.223723,58,31017.130426
6317178.881458,100,31019.003062
5442939.162193,36,31019.747431
5858360.822102,57,31020.759363
5472641.318707,45,31021.602817
5437825.870464,30,31022.193182
5521182.036184,38,31022.901573
5461355.48828,41,31023.685497
5535844.778365,49,31024.633929
5475629.998114,39,31025.367286
5529088.670193,33,31025.978269
5456691.942152,30,31026.51851
5469787.245634,32,31027.104374
5481544.452506,73,31028.580477
5485678.443235,46,31029.459509
5430481.090904,31,31030.022388
5437994.012254,36,31030.679951
5467065.445349,33,31031.25488
5541295.253204,39,31031.945446
5517607.685666,46,31032.796524
5452785.611724,53,31033.78915
5450316.017929,30,31034.341916
5451090.495069,37,31035.043005
5677178.451015,50,31036.042815
5561293.585271,44,31036.92375
5798643.181623,51,31037.893704
5456918.652258,43,31038.726265
5436160.823974,42,31039.569112
5443929.610929,53,31040.634978
5475615.75073,57,31041.854269
5471594.417402,45,31042.782915
5480100.630706,42,31043.724472
5818944.490502,56,31044.906024
7604.878959,250,31050.097974
5758861.038776,45,31051.114671
5497502.736017,44,31052.077212
5323.672829,250,31057.35255
5457264.39963,29,31057.96278
6060877.994013,61,31059.272049
5649332.426581,38,31060.095648
5496717.52442,45,31061.020629
5472958.875692,36,31061.783719
5737205.29686,58,31063.003002
5562027.80279,32,31063.723033
5538306.546639,75,31065.297486
6158124.815112,65,31066.715245
5480128.987914,38,31067.514151
5462164.145909,31,31068.207911
5612773.420219,36,31068.967533
5501241.937786,45,31069.88733
5512650.963248,38,31070.699957
5469341.071606,36,31071.440302
5496052.559839,32,31072.103092
5432597.959158,28,31072.695909
5476900.309982,38,31073.53644
5459111.652688,36,31074.322575
5481444.88294,58,31075.744359
85946.900367,250,31081.549484
6182073.033884,104,31084.220351
-3486.083666,250,31090.619786
6195369.368319,80,31092.619178
5469346.616141,30,31093.356826
5441787.598776,30,31094.118532
42430.426217,250,31100.540151
65423.309667,250,31105.437404
5460891.359809,28,31105.977713
5718287.292068,38,31106.699458
5430070.013788,34,31107.39077
5472350.766899,41,31108.154337
5461748.650605,41,31108.946848
5485265.280292,54,31109.931112
947505.692167,250,31114.514244
5448911.407957,42,31115.21433
5442005.167412,62,31116.290347
5492002.402207,36,31116.945619
22436.755302,250,31121.792991
5520914.669577,50,31122.759199
5555799.489315,54,31123.813179
5789080.098316,60,31124.976878
5425388.679078,31,31125.571095
5494293.993969,41,31126.361456
5439661.307995,39,31127.121133
5674140.817812,43,31127.92932
5487177.474688,51,31128.917531
5438295.937858,36,31129.597857
5544764.678937,44,31130.453439
5515168.160329,37,31131.164734
86748.528336,250,31135.797706
5465806.603794,32,31136.421441
5498005.689821,40,31137.131679
42103.469078,250,31141.621624
5455168.227313,33,31142.200577
5474629.044906,42,31142.934973
5460482.806854,29,31143.531087
92546.891355,250,31147.874909
5511923.197501,32,31148.414414
5445221.585511,34,31149.000321
5484685.790348,39,31149.696635
5619894.593844,61,31150.832739
5451398.36111,43,31151.583942
25370.247871,250,31156.073894
5474089.906117,34,31156.685973
5983513.169591,73,31158.022708
5428982.726966,64,31159.228941
5435359.977959,27,31159.720814
5735658.172652,49,31160.555611
5445918.588617,29,31161.038094
6081859.288198,73,31162.374646
5510841.806171,56,31163.338495
5836358.71909,50,31164.209107
5459907.883423,35,31164.915815
5462247.886089,30,31165.414623
5920309.744916,56,31166.420812
5442151.218202,37,31167.048444
5738833.122859,51,31167.941764
5503595.432935,37,31168.588071
5453101.84231,39,31169.314777
5622279.500594,47,31170.168058
5763024.314044,43,31170.941821
5439396.147304,35,31171.512598
59050.023242,250,31175.987961
5446216.392328,41,31176.685449
5629060.567422,59,31177.839788
5688956.976758,48,31178.68437
5482292.648058,38,31179.368319
5448406.697064,38,31180.057948
5677126.273476,40,31180.74516
5581676.613621,49,31181.746843
5490063.754015,36,31182.396037
5608401.957598,189,31185.702509
5483084.447601,34,31186.283501
5489442.717302,30,31186.824392
5476264.721544,39,31187.501256
5459742.182593,40,31188.203631
25715.7122,250,31192.730563
5477912.412336,36,31193.376791
65882.169519,250,31197.913054
5989249.838499,59,31198.950866
5898992.576694,153,31201.650398
5462558.024756,33,31202.208306
5447852.946557,33,31202.775913
5454363.631249,35,31203.378962
5683617.784903,107,31205.244645
5462744.935622,47,31206.105219
5464168.105782,31,31206.666682
5488962.317516,27,31207.169487
5448513.035086,35,31207.846899
6068202.817673,60,31208.929342
5465624.415398,30,31209.491346
5521510.963594,45,31210.326904
5464541.647615,40,31211.061275
5497517.589256,44,31211.917678
5617529.429501,47,31212.701176
5780864.796618,63,31213.733438
5454881.088247,37,31214.361446
5434187.323299,29,31214.848524
5426965.80253,41,31215.589257
5470324.347094,34,31216.210392
5558467.424209,124,31218.726495
5440789.321473,25,31219.317076
5634694.280728,43,31220.096471
5654485.0052,104,31221.836229
5426749.877022,28,31222.326618
-6756.504572,250,31226.798061
5464240.665096,43,31227.600022
5479606.703899,39,31228.270954
5878895.264123,62,31229.437787
5567394.951865,51,31230.352023
5458583.719622,50,31231.233066
5429819.645322,35,31231.857094
5531125.756576,45,31232.674449
5470045.575869,32,31233.262231
5519016.57666,46,31234.089219
5477513.950298,33,31234.67224
5742885.867344,51,31235.550229
5522153.318979,40,31236.258632
5430459.614759,26,31236.746162
5444604.077579,56,31237.786627
5492088.118212,37,31238.415042
5489357.955214,64,31239.58417
5673154.037795,51,31240.533127
5691799.519276,124,31242.735782
5484069.10883,39,31243.441425
5440702.819915,29,31243.933352
5465701.243379,40,31244.621243
5458401.27739,33,31245.191395
6063005.331299,56,31246.195997
10945.91575,250,31250.766937
5468816.599325,63,31251.917836
5448753.878302,29,31252.441092
5487270.572252,38,31253.127977
6282832.57742,208,31256.912265
77192.112903,250,31261.659298
5750348.585389,45,31262.531745
5463874.953648,39,31263.290336
5840647.39564,94,31265.112781
5821519.572031,48,31266.0186
-103934.977011,250,31270.873381
5471194.271663,32,31271.516557
5670889.025555,61,31272.71572
5467303.953777,35,31273.390488
5471138.839794,49,31274.320982
5691709.518209,42,31275.115273
93408.633915,250,31279.89633
5463692.106349,47,31280.830266
124275.620276,250,31285.625654
5465904.925596,37,31286.361598
5530875.874023,39,31287.129934
5457196.615665,97,31288.973976
5981767.429592,67,31290.288289
5482124.393312,34,31290.945805
5585575.553433,40,31291.76717
5460405.502336,33,31292.417245
5500942.538869,37,31293.102396
5576314.003025,39,31293.86371
5481569.149259,45,31294.725869
5427649.875307,28,31295.243561
5447064.832687,99,31297.189923
5498431.981475,35,31297.875412
5442005.18752,42,31298.703705
5462301.475678,38,31299.445278
5517222.953984,48,31300.375777
5475492.745325,29,31300.933873
5451996.878591,40,31301.712298
98620.830278,250,31306.601254
5445768.183228,40,31307.362388
5463642.639785,42,31308.185745
5452377.714825,39,31308.931594
5485903.524192,60,31310.09627
5435334.3159,36,31310.789023
5452212.739658,30,31311.403668
-28410.262784,250,31316.276184
5502870.480001,58,31317.399847
-124720.469164,58,31318.515872
5445049.687858,34,31319.14295
5470537.834213,50,31320.119144
45752.212044,250,31324.869351
5449393.26108,40,31325.661654
5481687.539862,47,31326.570558
5631148.937934,36,31327.243595
6104347.069835,88,31328.917051
5440410.693887,31,31329.500649
5480508.2034,40,31330.270109
5475440.357172,46,31331.177486
5438726.736735,36,31331.893868
5445744.581179,40,31332.685668
5593852.813564,39,31333.450145
5666459.105451,61,31334.615069
5500345.400466,37,31335.311702
5544758.652207,31,31335.903565
5460145.171239,35,31336.573278
5587723.127096,38,31337.280014
5646344.792877,45,31338.144152
5541853.119406,45,31338.98323
5478963.883525,38,31339.7045
5455195.272351,32,31340.324791
50715.741557,250,31345.199599
5441946.289032,35,31345.889792
5478725.008289,48,31346.838809
5534168.170729,33,31347.495483
5492249.35059,33,31348.151577
5421458.198078,28,31348.71836
5483317.47929,37,31349.429095
5542398.486142,37,31350.175697
5508753.813802,39,31350.933937
12927.711802,250,31355.733081
5425027.511657,43,31356.551636
5935389.608477,54,31357.591841
5456723.965055,28,31358.138008
28746.652383,250,31363.030337
49056.435582,250,31367.866608
5735002.752214,58,31368.973296
5461928.845845,32,31369.592181
5495530.536855,28,31370.156225
-139421.939778,122,31372.495974
5480778.920522,43,31373.328243
5459076.827916,65,31374.583421
5447704.78547,45,31375.43097
5457249.702097,69,31376.75819
5493406.970179,203,31380.574867
5486993.159579,84,31382.146812
5462345.761377,108,31384.145098
5453927.355741,32,31384.745925
5503820.10431,144,31387.366683
5962492.976429,59,31388.439768
5490960.155259,37,31389.112378
5476573.076654,46,31389.955438
5470944.42735,34,31390.55342
5548519.235996,50,31391.439612
5581361.208022,45,31392.296503
5811147.939252,54,31393.335669
5663979.439664,45,31394.084471
5460135.152608,39,31394.72385
23758.656883,250,31399.131328
5608954.570399,45,31399.890046
5700423.261161,56,31400.834244
5447121.679425,32,31401.434741
5531755.271936,37,31402.035584
5428037.684391,34,31402.571462
5477251.972283,38,31403.195464
5474871.098754,31,31403.728894
5489318.006897,62,31404.778155
6514862.352543,87,31406.341818
5423102.93932,28,31406.887519
5496963.378207,36,31407.492293
82076.653805,250,31412.013616
5468428.384636,55,31413.259535
5483234.973996,34,31413.821858
6375213.937349,80,31415.127648
5461926.559412,43,31415.902255
5467755.845162,48,31416.767835
5441338.661973,57,31417.766763
5436380.129982,32,31418.408256
5560861.227221,49,31419.21605
59494.556809,250,31423.548816
-89644.923272,81,31424.996973
5592158.75634,48,31425.860761
5642116.206637,42,31426.62002
5458850.537805,36,31427.269407
5455968.071782,44,31428.031753
5505960.047464,32,31428.590519
5617910.375093,109,31430.521548
5456017.497403,31,31431.08029
5497845.379186,51,31431.991467
5662633.87267,46,31432.820801
5470257.691948,40,31433.55039
5493591.718752,41,31434.292153
5662223.970248,44,31435.105611
5453597.347512,38,31435.84792
5494640.17192,38,31436.441921
5582045.399085,40,31437.098512
5630545.113532,71,31438.268326
5462969.01775,45,31439.039042
5433787.37713,29,31439.505305
5458743.959832,43,31440.204355
5486425.908053,37,31440.819165
5439526.334483,30,31441.319614
5464069.356517,30,31441.813248
5475540.731564,49,31442.654445
5447934.797204,31,31443.246558
5473401.027846,37,31443.85108
5480589.557037,37,31444.461404
5512171.371645,41,31445.12389
5446672.781719,37,31445.754143
5489823.563313,45,31446.530439
5461820.046703,30,31447.070855
5454599.892597,38,31447.769102
5900487.857377,63,31448.911031
5451809.438888,39,31449.612661
5620701.002188,54,31450.58049
5456925.226691,44,31451.351257
5478642.108011,39,31452.052932
5461478.168153,43,31452.779632
5481996.020932,31,31453.356498
5455819.596506,30,31453.886729
5809796.496151,50,31454.763369
5517830.059425,36,31455.428197
110583.933004,250,31459.799463
5821884.296177,54,31460.814726
5435018.125682,42,31461.507701
5644044.315297,48,31462.272748
5451179.746987,33,31462.808931
5444242.210209,30,31463.366208
5447689.74659,41,31464.041831
5440133.260375,32,31464.587255
5485049.230084,34,31465.189491
5526369.525021,46,31465.998909
5475207.686044,47,31466.838737
5425130.43973,32,31467.395541
5484401.345617,39,31468.114184
5476256.691746,59,31469.160295
5449762.802852,39,31469.879143
5558497.511522,38,31470.594448
5768450.939405,59,31471.580978
73847.160709,250,31475.904052
5453446.206826,40,31476.626123
5438301.195901,42,31477.393938
5814481.447275,58,31478.415154
5455941.804318,40,31479.125967
5609141.563072,49,31479.997883
5485283.098704,33,31480.583866
5468763.328126,33,31481.170783
5492225.864291,38,31481.859484
5561634.942436,47,31482.689441
5457060.746552,37,31483.354286
5451324.420406,36,31484.002387
5452801.895038,41,31484.712835
5433451.804962,38,31485.384535
5652015.130514,40,31486.087647
5458130.030984,47,31486.917632
5834241.449397,50,31487.796247
5493819.014429,59,31488.843363
5662528.67981,59,31489.905708
5461976.13346,32,31490.471589
5459419.333152,42,31491.242931
5983583.17131,60,31492.317601
5474780.889131,37,31492.969323
5483984.054144,33,31493.557347
5478710.725048,46,31494.481172
40692.731774,250,31499.058477
5446926.052963,34,31499.726599
5437634.609204,27,31500.255792
5449593.337012,36,31500.944212
5611352.091082,38,31501.695971
5641677.809935,68,31503.028296
5478180.936095,29,31503.608767
5497813.105846,54,31504.66594
6206879.669085,122,31506.957545
5502427.1371,90,31508.749611
5668243.444615,59,31509.909657
5466653.916648,37,31510.640058
5465307.392478,38,31511.391859
5452785.110102,44,31512.266501
7517.48829,250,31517.072047
5453933.331444,41,31517.871614
5937637.111231,96,31519.751758
5446099.705051,40,31520.559728
5437820.021843,29,31521.118385
5668274.913629,45,31522.012764
5788902.316552,46,31522.934249
5452251.473031,39,31523.691247
5437367.923494,27,31524.21101
5706297.22395,61,31525.382404
5449236.925968,32,31526.022573
5485411.447831,33,31526.662351
5448155.625355,38,31527.422794
5465611.212718,43,31528.252378
5424065.03182,27,31528.778003
5475159.645723,34,31529.431658
5735793.623414,57,31530.533558
5459163.248756,33,31531.152316
5688641.185624,54,31532.186914
5449349.635244,38,31532.937702
5462028.361607,32,31533.585441
5475170.354709,35,31534.274473
5449953.552348,38,31535.036582
5471115.419644,47,31535.980494
5493836.023472,40,31536.772981
5859075.296937,57,31537.904418
5465757.909208,43,31538.754196
5454990.033442,38,31539.501032
6167369.470885,67,31540.836634
5436850.238191,42,31541.652839
5469841.171663,51,31542.604618
5446818.469367,38,31543.353952
5474208.040076,33,31543.999557
5453001.777688,29,31544.566058
5438215.938732,31,31545.163496
5474369.223256,41,31545.973011
5493239.137658,40,31546.76563
5495637.7812,77,31548.268059
5513836.430801,51,31549.262423
5555575.632491,47,31550.199792
5887293.377227,61,31551.405363
94069.261328,250,31556.279381
5936831.426914,62,31557.480776
5454690.126096,37,31558.187975
5463561.13914,49,31559.15021
5434479.439936,37,31559.863539
5454246.555433,35,31560.504001
5434295.544883,28,31561.015282
53230.416202,250,31565.771497
5759622.753668,59,31566.9275
5511306.666747,48,31567.841666
5566025.647652,51,31568.818204
5441746.542557,31,31569.376985
5471243.182275,34,31570.0377
5648219.298692,44,31570.898875
5729979.594974,56,31571.97641
61387.629443,250,31576.700377
5522902.90861,36,31577.403807
5554956.864703,58,31578.505059
5424566.43073,46,31579.317192
5499227.961359,45,31580.192025
5462199.78226,43,31581.000275
415173.136935,250,31585.844827
5426194.941054,30,31620.723298
5514334.531616,42,31621.496356
5451463.816124,30,31622.057348
5493376.50108,52,31622.976456
5496565.27107,33,31623.564571
5748179.455917,44,31624.362729
6067837.266648,71,31625.685898
5479432.938204,35,31626.31111
5457473.952299,36,31626.919432
5449974.108733,31,31627.455923
5510929.453859,35,31628.023446
5438452.576396,31,31628.592938
5454669.003724,107,31630.434321
5456513.970914,44,31631.16558
5475230.762286,35,31631.766038
5424773.563535,43,31632.474667
5456417.166398,39,31633.201553
5488218.132274,41,31633.910763
280249.839238,250,31638.356124
5444892.504594,48,31639.19
5445987.064469,31,31639.749779
5456308.499179,42,31640.509708
5507398.43724,56,31641.449593
5471451.533837,42,31642.188985
5771597.846141,63,31643.345299
5728459.437354,52,31644.235388
5453996.259387,41,31644.891532
5444849.367198,33,31645.43716
5478101.36807,41,31646.157417
5495869.975853,135,31648.552629
5485523.475992,49,31649.384224
5440837.818941,33,31649.958605
5420836.076768,37,31650.593917
5484085.836117,41,31651.289996
5518459.632943,37,31651.956625
5494515.107692,74,31653.310959
5448068.953329,41,31654.072415
5517202.632709,87,31655.653136
34324.122442,250,31660.129066
5466347.419888,45,31660.924626
-54809.039391,68,31662.148379
5467089.789397,41,31662.901705
5448186.156956,26,31663.392226
42602.082685,250,31667.920187
5456519.957847,33,31668.519988
34345.703709,250,31673.023459
5444551.520709,28,31673.540985
5490828.66416,48,31674.39333
5489228.646717,42,31675.16279
5512354.77521,54,31676.183054
5459175.921392,39,31676.886322
5526725.038956,42,31677.664614
5466725.616124,33,31678.254382
5448251.85397,33,31678.877444
5915996.915614,59,31679.965079
5454433.536578,29,31680.517869
5495000.351831,41,31681.285519
5437048.534263,38,31681.963959
5444948.456025,40,31682.693425
5815631.537462,85,31684.284503
5506533.49107,38,31684.978295
6562266.417507,88,31686.554955
5506310.408525,30,31687.104161
5449442.204338,39,31687.827862
5539759.321862,35,31688.434693
6204062.765332,85,31689.948076
5490823.267885,40,31690.697269
5448323.507589,36,31691.350003
5662405.305681,91,31693.034029
5450792.274101,29,31693.60709
5444557.622201,46,31694.46519
6144827.293007,86,31696.022715
5424799.339655,30,31696.579558
5803094.896779,52,31697.534168
5018.785442,250,31702.162281
6056682.842429,60,31703.418446
5449668.449173,31,31703.926798
5434648.262212,30,31704.415332
5496074.093945,31,31704.956776
5605276.247733,52,31705.900177
22018.699664,250,31710.497262
5472882.50502,38,31711.133302
5493143.714681,47,31711.919479
5485023.283639,41,31712.642239
5457998.257528,32,31713.21582
5533462.594287,32,31713.848249
5465487.139121,46,31715.013286
5476842.446123,40,31716.080934
5793542.433924,53,31717.509659
5484834.212678,40,31718.494576
5431164.077353,27,31719.188234
5478163.068838,42,31720.15145
7490394.408713,137,31724.217317
5919585.412818,175,31728.78561
5464420.309716,50,31729.953613
6241860.403415,190,31734.685872
5461896.589362,42,31735.760269
5480790.255421,44,31736.928363
5497473.14054,49,31738.107882
5455911.003629,38,31739.110757
-44486.867248,250,31745.367906
5468155.638928,44,31746.488783
5473560.79161,43,31747.609965
38550.081293,250,31753.890373
5463069.986266,35,31754.814906
5780366.387163,47,31756.060788
5530589.12196,58,31757.498821
5462947.133455,30,31758.249282
5458157.914256,35,31759.173844
5455223.326065,38,31760.173264
5493447.46788,40,31761.229936
5482669.426027,34,31762.122342
5465921.721371,29,31762.789279
5430160.452038,43,31763.887522
5709619.184883,43,31764.880423
5658180.078326,120,31767.920237
5468814.890901,30,31768.640142
5964528.481616,67,31770.211862
5491603.234879,44,31771.281211
5500126.269405,44,31772.377043
6007910.912663,57,31773.76975
-50437.381167,250,31779.929007
5524783.019423,42,31781.051085
5717052.824428,46,31782.220358
5481587.305997,44,31783.323441
5427025.181611,25,31783.917594
5472180.326923,43,31785.120393
5484705.302178,91,31787.503224
5811353.358357,77,31789.443802
5544337.247282,38,31790.421807
5504625.695179,54,31791.855091
5511066.257482,104,31794.446951
5472159.665328,30,31795.244398
5503985.293124,56,31796.669955
5864444.767561,47,31797.826934
5454637.739236,39,31798.864108
5482103.839583,42,31799.952398
5431040.225094,27,31800.66165
5446280.398484,42,31801.954477
5586703.25947,41,31803.029148
5518257.415002,32,31803.888688
5470662.412397,43,31804.962204
5428248.20209,37,31805.793704
5464721.974311,36,31806.642595
5647973.639871,79,31808.590195
5548525.366822,51,31810.823821
55727.104834,250,31817.055069
5458192.091076,32,31817.80549
5490858.908655,31,31818.56868
5466611.915887,40,31819.557015
5434672.921428,39,31820.57754
5679330.621479,49,31821.778325
5450267.939367,43,31822.916783
5692384.258976,57,31824.393681
5480289.501227,49,31825.676319
5456386.062531,166,31829.939299
5862525.876546,50,31831.246364
5473529.081799,44,31832.400592
5441009.479829,28,31833.066515
5465066.629858,45,31834.218181
5512093.551665,41,31835.200765
5445879.804159,34,31836.834712
5497810.468803,50,31838.11903
5484910.492324,47,31839.244528
5480370.670535,42,31840.17278
5484605.58157,40,31841.04105
5464347.843557,42,31841.996842
5460281.403543,59,31843.479433
6781446.488414,180,31847.922986
5914285.909855,67,31849.737169
5502610.962029,34,31850.564134
5661517.703503,64,31851.961868
5472009.543751,37,31852.906352
5452009.354814,33,31853.677186
5445083.690456,36,31854.584196
5645069.900384,38,31855.588385
5453555.281654,31,31856.343654
6085154.753298,165,31860.550109
5457434.860638,29,31861.262761
-128945.378771,86,31863.559277
5849976.756402,61,31865.100536
5481904.000248,35,31866.139754
5487498.480386,36,31867.198374
5794766.667679,45,31868.303402
5478762.883185,40,31869.19085
5466164.891578,37,31869.880916
5438300.812706,35,31870.564589
5514741.72645,35,31871.15111
5434374.703836,37,31871.791074
5662402.431928,184,31875.03133
5556913.854038,49,31875.929512
5450403.274432,36,31876.605779
5477177.941033,50,31877.471752
5522600.593134,34,31878.069455
66153.037458,250,31882.479892
5431417.500959,52,31883.360746
5506139.336254,51,31884.269855
5486723.762318,52,31885.227403
5463157.700488,28,31885.678468
5473839.57193,54,31886.567746
5480994.171866,90,31888.144202
5478345.695651,34,31888.755083
5443237.291454,44,31889.545325
5698232.405866,56,31890.517496
5817863.822614,55,31891.530467
5449594.49184,35,31892.198506
5475689.615309,40,31892.946498
5446801.530065,36,31893.56767
5806552.481062,73,31894.922445
5487088.821659,30,31895.489654
5480430.195407,41,31896.219059
5452521.764215,29,31896.756726
5467751.280728,64,31897.94488
5729845.46229,53,31898.956896
5475913.501959,45,31899.7997
5480032.009934,32,31900.390843
5454431.125218,38,31901.054591
5639617.205638,41,31901.830339
5488865.388917,35,31902.509195
5450816.809764,41,31903.177674
5934695.380047,60,31904.16077
5428849.071854,24,31904.577113
5522131.780772,63,31905.658744
5461781.302241,32,31906.234623
14853.745917,250,31910.788988
5448368.290335,51,31911.662568
5442287.229976,53,31912.564322
5427695.638012,25,31912.997866
5668289.854754,48,31913.849942
5438631.488273,34,31914.478181
5424793.326197,30,31915.067194
5502048.933183,32,31915.658898
5477080.747649,35,31916.31222
5732256.614118,57,31917.37497
5463145.681808,43,31918.175106
5933806.376407,69,31919.418103
5465519.479747,36,31920.067643
5497873.218111,53,31921.04533
5463245.192715,44,31921.830668
5510254.373244,46,31922.601742
5482815.637312,26,31923.059791
5450295.848093,35,31923.676838
5541218.807354,42,31924.405552
5521095.84699,44,31925.207277
5595311.622809,48,31926.081902
5419141.182328,29,31926.621183
6325447.223838,80,31928.12898
5451620.222474,35,31928.796887
5614329.713037,50,31929.71697
44033.703839,250,31934.318666
5466988.997509,46,31935.102319
5442025.587748,46,31936.001026
5515563.995276,38,31936.64678
5453228.952871,41,31937.36554
5802274.342324,60,31938.393416
5443487.952647,44,31939.173383
5464744.083843,45,31939.949837
5473070.30967,26,31940.350344
5482141.658674,39,31941.082908
5487058.067672,40,31941.818688
5518725.049713,62,31942.969069
5503348.297291,47,31943.798811
5457592.145128,34,31944.393828
5498579.160518,30,31944.889176
4314.937129,250,31949.385268
5466209.208729,43,31950.139812
5460559.779688,34,31950.760082
5450604.819068,35,31951.425113
5684334.076591,74,31952.829195
5476336.194405,51,31953.731206
5790477.810469,87,31955.351283
5678014.000474,73,31956.602047
5440334.392951,35,31957.188898
5672031.007955,66,31958.242759
5434946.852601,28,31958.686923
5897701.566394,65,31959.788829
5434936.079101,44,31960.53231
5622535.323425,55,31961.547465
5492996.676476,49,31962.405784
5448543.792631,30,31962.932986
-16479.397586,250,31967.458829
5462232.518851,34,31968.087128
5506789.446564,32,31968.695997
5445399.889493,46,31969.519275
5473251.176845,50,31970.457396
5496897.882868,55,31971.455039
5440417.449961,74,31972.856439
-136379.688709,247,31977.290908
5517832.255552,39,31978.020677
5460351.579442,56,31979.13045
5462280.445172,38,31979.86339
5486667.393217,47,31980.773982
5481388.431399,89,31982.470175
5905400.211331,66,31983.729766
5788442.714341,44,31984.573818
5500197.37923,32,31985.20885
5448121.302791,40,31985.97719
5625142.320985,53,31987.010885
101309.170898,250,31991.9013
9710.065105,250,31996.749517
41988.387747,250,32001.568321
5644016.408491,61,32002.767307
5486494.967781,63,32004.020263
5474040.639409,35,32004.698904
5431209.266893,37,32005.424291
5447152.4111,30,32005.983965
5437985.69054,28,32006.527797
5423703.31805,26,32007.046898
49728.741262,250,32011.894239
5467769.917048,53,32012.933057
5508504.456823,43,32013.761386
5447284.811282,42,32014.572965
5546057.514836,47,32015.49699
5907597.590755,50,32016.488856
5779572.154261,71,32017.878709
5599478.860779,53,32018.911762
5458545.529646,45,32019.797278
5486772.410272,42,32020.614336
5813679.933027,56,32021.720147
5480175.680922,33,32022.37921
5887536.959914,68,32023.688551
5453015.445814,36,32024.376308
11496.902859,250,32029.279566
5451397.187494,41,32030.076457
5882316.445051,66,32031.362118
6341657.942837,78,32032.894631
5504852.997065,54,32033.957219
5476961.840128,44,32034.824185
5465459.121458,33,32035.466929
29819.632701,250,32040.2915
5464930.2517,31,32040.885729
5442763.309318,40,32041.685636
5844406.416745,55,32042.746535
5466748.148916,43,32043.553743
5448603.24567,38,32044.313297
58660.351937,250,32048.604685
5511139.444857,44,32049.405261
5477358.180835,45,32050.227715
5457073.380891,27,32050.756236
5525076.865363,39,32051.467634
51891.497031,250,32055.941411
5484457.340662,49,32056.786774
5539509.388581,82,32058.23286
5455395.776855,41,32058.966123
5436159.031884,35,32059.641993
5476807.581338,35,32060.201975
-121030.303554,140,32062.677174
5456360.736742,42,32063.405095
5489829.393746,32,32063.991887
5460794.179335,34,32064.628375
5487467.065837,36,32065.272917
-34573.7474,250,32069.944021
5540574.734642,43,32070.761547
5736370.250606,50,32071.722601
5482786.226734,29,32072.283375
5438143.514791,45,32073.202644
5438071.553829,40,32073.928619
5952147.691021,58,32074.913729
5465417.042493,31,32075.485106
5451298.689193,47,32076.277987
5427803.196548,33,32076.844252
5455175.802768,39,32077.524144
5456349.816071,30,32078.046716
5483163.025191,34,32078.647642
56289.082406,250,32083.355052
6064210.986547,214,32087.441795
5498671.080682,30,32088.00521
5475743.845263,36,32088.717396
5448111.384945,35,32089.393398
5474090.210432,40,32090.182116
5459183.3049,41,32090.982718
5469268.886509,38,32091.721022
5461689.102662,28,32092.23024
5844779.8917,47,32093.104593
5591711.922513,49,32093.973065
5473570.015637,40,32094.696348
5497406.899528,43,32095.41827
5441525.0486,32,32095.982018
106792.236927,250,32100.400172
5424835.368319,25,32100.857088
5467865.760491,44,32101.64491
5497479.249514,27,32102.145057
5464958.66096,38,32102.842565
5487578.219608,46,32103.665164
5444186.368315,33,32104.242277
5447645.186173,43,32105.021459
5795037.053793,58,32106.05303
5636948.424363,42,32106.792684
5469629.18783,37,32107.470739
5439849.097173,36,32108.10032
5452056.929696,42,32108.872729
5446497.777411,31,32109.432145
5802679.86035,57,32110.456766
5548303.759137,41,32111.236091
5691280.575443,49,32112.155877
5683535.172137,55,32113.068672
6152573.830834,66,32114.144686
31711.40286,250,32118.534977
5426885.76895,28,32119.032314
5459451.220204,49,32119.896708
5461383.101474,51,32120.809951
5642577.264543,47,32121.693626
5489802.070721,31,32122.25788
5439947.304143,33,32122.827538
5478065.34592,47,32123.672879
5739416.089978,48,32124.591594
5493445.00654,38,32125.300031
5471371.290513,45,32126.120242
5534156.873729,37,32126.821833
88402.851243,250,32131.353524
5426055.732807,38,32132.026129
5563155.029092,50,32132.912064
5861997.9976,69,32134.179992
5442623.179888,38,32134.878925
5419538.141919,26,32135.329833
5476685.464251,41,32136.081309
5495270.312286,36,32136.756987
5711883.276844,91,32138.458237
5606133.365778,35,32139.088742
5458295.244947,42,32139.847784
5562341.479589,68,32141.065895
5449887.171924,38,32141.725912
5517593.446244,48,32142.567264
5559330.869703,75,32143.910705
5455490.660003,40,32144.656964
5418894.328846,27,32145.139336
5454807.276451,34,32145.744789
5482198.810593,30,32146.260359
5497591.04247,33,32146.846208
5462082.833734,49,32147.745886
5482102.920039,46,32148.552114
6150500.1699,69,32149.808423
5738106.574631,60,32150.857779
5567960.993072,51,32151.795934
5474169.16301,38,32152.451548
5423913.108954,25,32152.92019
5447758.880134,40,32153.639446
5699731.399873,55,32154.624818
5454198.128267,30,32155.147226
5563177.683216,181,32158.402825
5644359.682635,47,32159.22448
5436735.660987,34,32159.84111
5460210.713766,33,32160.435531
19285.332546,250,32164.980886
5481703.947965,55,32166.004497
5439383.322233,28,32166.524844
5725264.078254,56,32167.570109
5477351.357436,42,32168.34759
5553861.356195,42,32169.097551
5679805.181287,98,32170.825554
5492177.876132,37,32171.472701
-10660.984581,250,32175.933507
5468106.834824,103,32177.764446
5447676.890215,29,32178.277531
5486079.398483,173,32181.397349
5422350.574722,29,32181.927277
5488799.437332,34,32182.535645
5418080.682059,25,32182.963019
5439277.733811,49,32183.864283
5485326.184903,93,32185.490982
84762.737569,250,32190.078645
5455573.183267,30,32190.631785
5680420.553377,58,32191.655447
5513359.675882,34,32192.285954
5475103.278883,38,32192.956373
5681349.944215,41,32193.699612
71776.405982,250,32198.175282
5451327.099516,43,32198.95978
5491699.55389,43,32199.749515
5476039.937812,28,32200.239847
5727022.019867,50,32201.131504
5551395.040691,32,32201.693654
5512374.248501,39,32202.414825
5454720.508236,31,32202.995752
5454796.917206,46,32203.829465
5437188.430757,33,32204.415445
5447153.242262,47,32205.263624
5441990.039989,41,32206.028696
5449590.185775,29,32206.529781
5629668.400232,166,32209.544314
24455.405495,250,32214.092963
-9458.042643,240,32218.468843
5523107.031834,50,32219.422997
6268384.109481,97,32221.312179
5654674.752223,45,32222.154085
5477253.78623,44,32223.011935
5455385.6146,48,32223.938743
5446744.340719,37,32224.647981
5449304.774188,29,32225.225593
5747060.47883,60,32226.418075
5494089.951974,38,32227.151409
5435910.962825,37,32227.877691
5452635.104019,40,32228.660693
5810421.040707,47,32229.585982
5464582.608768,38,32230.338491
5488067.18189,44,32231.211591
5730710.169336,59,32232.364202
5505644.190563,43,32233.210888
5428317.792394,29,32233.773933
5427646.201159,32,32234.409728
5448816.926926,38,32235.14666
5481252.160088,35,32235.81753
5451932.428794,39,32236.55976
5447275.867012,31,32237.155922
5436150.498696,35,32237.834212
5507047.849632,41,32238.656235
5482086.360181,43,32239.511548
5515526.020222,52,32240.435027
5793560.65091,55,32241.447212
5464396.558708,43,32242.254856
5451654.226916,38,32242.986245
5463536.121696,118,32245.279907
5458902.451164,39,32246.036636
5445264.000099,32,32246.635928
6072663.897909,69,32247.979358
5465570.275963,42,32248.799751
5450802.174503,43,32249.649244
6087398.960522,79,32251.226537
5443378.682303,32,32251.844154
5470745.655436,34,32252.517536
5773944.439414,54,32253.563219
5527765.279739,46,32254.445351
5782752.214078,45,32255.305357
5458373.988359,39,32256.061823
5449034.136842,27,32256.581823
5462394.232127,61,32257.776772
72893.438104,250,32262.63357
5742598.395039,109,32264.73519
5424560.13284,37,32265.464838
5454297.015675,36,32266.173449
5530611.521536,63,32267.403307
5456696.672312,26,32267.908137
5960940.67978,64,32269.16905
5429260.230467,41,32269.972118
49413.62889,250,32274.880953
5458181.985089,31,32275.500398
5534068.854983,61,32276.678054
5471499.673195,33,32277.314979
5447976.12929,30,32277.889726
5467395.683262,48,32278.79563
5493209.028616,46,32279.703172
5447048.12764,39,32280.453365
5477173.492966,44,32281.266071
54604.968257,250,32286.085192
5583307.581176,43,32286.914783
5453858.130028,38,32287.643249
5437104.210338,34,32288.310599
5458640.805514,36,32289.000884
5469321.657564,38,32289.743515
64372.540128,250,32294.544738
5488288.507294,47,32295.446898
5459127.296668,35,32296.103132
5592670.537493,46,32296.970424
5485528.707002,30,32297.530667
5434781.740331,33,32298.177919
5490111.395039,37,32298.869671
5441092.892515,34,32299.545275
5460680.841044,33,32300.175211
5537426.175932,51,32301.180628
5463772.266668,34,32301.849017
5694716.661308,48,32302.77486
5472425.478798,49,32303.721257
5439964.987668,29,32304.290386
5731923.518295,41,32305.079505
5772116.871558,66,32306.332095
5470831.726033,56,32307.387464
5513809.731396,39,32308.139759
5466738.748514,42,32308.988404
5481156.538533,38,32309.701184
5443387.733173,36,32310.395294
23155.49861,250,32315.17619
5453140.246386,42,32316.022916
29051.261088,250,32320.956188
5454640.057864,35,32321.625915
5458338.317142,28,32322.176809
5442548.902164,41,32322.968253
5460323.964358,31,32323.577418
5514004.67689,44,32324.415475
5483932.770541,51,32325.408219
6261418.730652,108,32327.489296
5533014.041628,40,32328.256386
5619216.447414,44,32329.078429
5501064.706736,34,32329.737059
5465387.822277,45,32330.617256
5505366.858134,45,32331.49337
5627368.876407,49,32332.413164
5463284.547009,37,32333.135694
5440209.113285,28,32333.652781
5434355.653485,30,32334.218638
5657461.44103,60,32335.364012
5477042.873395,37,32336.057621
5454612.219075,29,32336.631531
5515707.217871,42,32337.444958
5639606.278704,46,32338.279891
5449003.727483,40,32339.021049
5444722.279986,39,32339.762405
5463884.622643,49,32340.641766
6091853.725275,86,32342.240052
5481760.296838,44,32343.052805
5464195.998715,38,32343.773061
5454227.39889,35,32344.40945
5485578.645278,46,32345.269721
5450062.331282,38,32345.976871
5664029.354701,74,32347.371086
5538138.055751,41,32348.15186
5510104.2136,41,32348.911781
94567.984279,250,32353.584492
5976080.318678,64,32354.793476
5508316.261398,35,32355.440565
5523866.184203,45,32356.251473
5473961.684184,38,32356.982049
5437240.150577,42,32357.773578
5456044.239087,35,32358.391406
5502978.768281,38,32359.083866
5472553.541605,42,32359.843013
6200564.46561,70,32361.14978
5845892.078034,61,32362.289235
6165473.147513,106,32364.39505
5488611.878617,46,32365.215001
5460526.676791,36,32365.819597
5495271.754538,49,32366.695246
5446156.484979,38,32367.350209
5465141.183249,25,32367.842638
5445656.865543,29,32368.382129
6479721.57306,205,32371.927624
5722504.461599,68,32373.045772
5622245.56167,44,32373.823566
6034560.587666,67,32375.057235
5446764.435242,33,32375.650153
5495868.474648,29,32376.164093
5462706.770345,31,32376.742283
5451580.573683,50,32377.662766
5472263.215556,89,32379.347626
5431087.149761,27,32379.825229
5474766.24197,42,32380.569659
5457913.376827,37,32381.27713
5480228.54954,33,32381.870593
5471407.39491,38,32382.562399
5481479.62226,37,32383.228922
5463872.42656,31,32383.812814
5474918.560405,34,32384.405759
5449914.085015,52,32385.361399
5444118.352393,34,32386.009399
5472722.815759,42,32386.776439
5549993.74195,64,32387.97342
5456893.200388,42,32388.752192
5504963.375943,46,32389.641904
5552988.006781,159,32392.613228
5423107.15408,28,32393.151583
5494745.565055,47,32394.013061
5480731.137884,34,32394.641493
5649984.233704,36,32395.310523
5456030.130942,37,32396.003649
375417.161308,250,32400.531062
5526245.494882,47,32401.390625
5620725.885045,52,32402.309556
5440875.888062,31,32402.878944
5483152.032811,31,32403.405544
5462437.322899,31,32403.98822
5479183.657607,55,32405.016895
5449801.975951,37,32405.706658
5728735.237081,59,32406.777038
5478275.882402,55,32407.783447
6458039.847862,101,32409.623845
5440698.123931,34,32410.253916
5447497.164549,26,32410.70927
5422065.769063,43,32411.47036
5579602.454545,173,32414.542627
5478025.180486,38,32415.230001
5447367.905735,41,32415.996332
5480699.720796,33,32416.562316
5458934.708129,65,32417.730025
5484792.102365,46,32418.54291
6112699.130207,97,32420.307306
5454858.360164,48,32421.190561
7310919.128226,126,32423.513737
5476127.233944,49,32424.384312
5567151.901262,84,32425.879575
5710643.990003,50,32426.77748
5472136.642358,41,32427.53933
5566818.622704,54,32428.551216
5463632.138957,34,32429.165899
5483922.553503,43,32429.962126
5533312.862259,34,32430.568974
5526575.176608,42,32431.354704
5453917.191417,37,32432.052223
11162.339401,250,32436.646313
5449346.195473,26,32437.111072
5861148.792035,59,32438.166149
5419735.337702,31,32438.715724
5595859.847342,53,32439.664925
5448735.744589,38,32440.379846
5435041.087727,36,32441.038105
5439456.752899,45,32441.831513
5490544.324211,39,32442.510358
5906738.262801,237,32446.748475
5426436.541478,36,32447.366607
5540096.878631,37,32448.013144
5459441.824179,49,32448.944051
5490463.079967,46,32449.796635
5490046.677571,31,32450.350174
5463232.379762,52,32451.311795
5618400.879741,38,32452.019094
5766693.065631,45,32452.863252
5466565.2038,35,32453.514524
5510382.657838,36,32454.187253
5819188.034185,56,32455.227512
5503170.534859,40,32455.948945
5462025.534781,30,32456.495781
6092200.018786,79,32457.976911
14171.969265,250,32462.823838
6159986.476651,77,32464.323578
5431153.269094,38,32465.054369
-8863.224547,250,32469.838333
5449970.197216,53,32470.844668
5671757.60504,56,32471.947784
5488471.112232,45,32472.799832
5869040.365826,54,32473.815728
5507794.386981,172,32477.138427
5494974.669518,33,32477.786615
5806220.829465,55,32478.805435
5680231.480632,52,32479.79829
5461389.152728,48,32480.719692
5463758.379944,46,32481.624745
5423497.01098,29,32482.190909
5506569.478299,51,32483.18403
5466505.634194,42,32484.010965
5504799.010504,42,32484.844187
5507923.984659,38,32485.589261
5464634.158072,34,32486.24928
5438167.618171,28,32486.786527
5447716.187705,37,32487.506837
5475406.537211,45,32488.386567
5467367.590994,73,32489.808055
5523681.737352,35,32490.474605
6038402.788595,113,32492.685734
5477981.287534,31,32493.272991
-91447.90091,89,32495.038251
5461423.590877,33,32495.659997
5477310.638553,47,32496.583862
5461508.587859,31,32497.184685
5438560.227019,30,32497.773833
5471544.732278,74,32499.241141
5489832.321885,48,32500.179879
5583672.941421,34,32500.836476
5653136.012787,38,32501.584108
5477852.526894,47,32502.491317
5473947.942857,41,32503.275892
5431997.359838,28,32503.813657
5581268.817846,122,32506.172447
5815735.917045,66,32507.470593
5666256.782413,54,32508.52247
5437581.943593,31,32509.121211
5443487.790817,33,32509.779032
5627054.225942,47,32510.699802
5416618.112552,27,32511.23572
5468794.176216,38,32511.961731
5847858.400531,57,32513.07196
5446502.474455,43,32513.896356
5480932.495917,88,32515.579549
5514542.008646,33,32516.23095
5489640.625833,53,32517.27367
5475341.589604,41,32518.094459
5485874.749278,56,32519.152642
5461358.683075,35,32519.843062
5483009.672521,46,32520.743162
5793518.883105,56,32521.838808
5429654.482287,31,32522.420568
5450881.806392,40,32523.192093
5478729.656232,52,32524.189273
5520017.163947,51,32525.185498
5450185.499195,39,32525.959497
5449591.306739,41,32526.771266
5501923.047534,41,32527.558073
5447841.516364,44,32528.416433
5832377.030981,51,32529.408329
13963.698035,250,32534.263102
5462923.213453,30,32534.847898
5477530.217132,34,32535.473832
5456002.536611,30,32536.052903
5539931.605293,54,32537.114568
5674536.881506,39,32537.884992
29551.037538,250,32542.773468
5490895.525267,42,32543.580232
6050209.144927,56,32544.646319
43192.623415,250,32549.452292
5633801.378116,85,32551.092082
-7463.331723,250,32555.974013
39952.521369,250,32560.802273
5489544.336858,55,32561.888514
5754246.514481,44,32562.75389
5482347.591482,45,32563.629819
5497868.623745,50,32564.60297
61463.821726,250,32569.375069
5480252.257555,50,32570.335525
5463444.544332,25,32570.817021
5638082.61584,125,32573.249567
5512124.095806,37,32573.944492
5449477.072734,55,32575.001455
5875378.89812,57,32576.060879
11594.218605,250,32580.698539
6772941.809036,219,32584.681032
5444386.236651,35,32585.334118
5473494.053901,40,32586.075883
5479822.125697,44,32586.892943
5441493.465288,31,32587.438878
5507887.098335,34,32588.066758
5709559.212541,70,32589.367759
5458623.699427,27,32589.883798
5459801.829694,30,32590.447805
5967174.678842,54,32632.999074
5459931.410637,39,32633.736953
5447227.616704,31,32634.290395
5469113.33848,29,32634.823475
5439975.575199,30,32635.365302
58010.375384,250,32640.033322
66808.773676,250,32644.637333
85432.284675,250,32649.169297
5570923.365521,50,32650.060368
5467258.678162,68,32651.323478
5453079.227791,30,32651.879493
5879047.16745,77,32653.303862
5519171.905717,39,32654.016206
5830287.526452,102,32655.875742
5479515.511698,31,32656.479939
5445294.44866,31,32657.041847
5489219.456447,31,32657.590495
5455346.926761,42,32658.37319
5480745.432819,31,32658.939982
5473955.042218,36,32659.572227
5448465.985884,32,32660.169229
5471992.177668,36,32660.808639
5714244.315643,64,32662.052615
6172408.959147,76,32663.435782
5458956.972582,43,32664.263347
5436632.178478,33,32664.84471
6251436.360257,105,32666.75842
5443332.331506,34,32667.385428
5756011.009331,56,32668.410058
5616626.690124,44,32669.213236
5473293.933124,30,32669.740962
126234.075621,250,32674.290413
5626052.805759,61,32675.396328
5757035.404537,60,32676.483789
5452616.959511,37,32677.131656
5467956.166734,43,32677.896483
5478673.877299,64,32679.071025
5453082.703402,28,32679.567637
5432218.917827,35,32680.18425
5542746.043174,48,32681.083599
58215.627418,250,32685.642703
5470738.867016,47,32686.507486
5550286.992938,147,32689.129844
5763007.824397,47,32689.970174
5589002.765026,66,32691.201408
5473446.242196,46,32692.012968
5832391.838847,209,32695.828182
5646444.105499,50,32696.7344
5482530.622626,33,32697.317464
5472360.466748,32,32697.917706
5521548.180941,43,32698.758495
5511328.534177,42,32699.569352
5482981.536094,38,32700.299855
108723.85218,250,32705.178832
5454437.0375,71,32706.578379
6478381.395737,132,32709.136019
5500253.271815,30,32709.729034
5895119.481563,54,32710.771514
5497867.058293,47,32711.709127
5442798.781815,45,32712.578444
5477002.073214,35,32713.258712
5467666.860693,34,32713.915097
5461242.122052,36,32714.619488
5875213.530831,64,32715.879431
5735057.846662,45,32716.757912
5529027.005321,47,32717.690381
5521709.012856,41,32718.489755
5452501.988287,45,32719.382076
5460815.060759,34,32720.040073
5461105.029849,41,32720.847605
5491441.905723,48,32721.760555
5435479.839618,28,32722.307413
5936860.487698,65,32723.502016
5477230.686438,27,32724.026368
5502982.277205,40,32724.799778
5431060.716799,31,32725.414135
5530780.077211,40,32726.188848
5451150.025536,52,32727.221198
5529643.281582,46,32728.107092
5573333.624979,47,32729.027148
5480993.108593,30,32729.612094
78784.649097,250,32734.518887
5874788.753343,65,32735.792533
5583559.469037,33,32736.449562
5471764.349091,48,32737.39068
5876010.608751,58,32738.49945
6700724.498783,118,32740.773345
5566270.403751,101,32742.720281
5426988.746335,58,32743.822856
5538613.646317,51,32744.808549
5434836.431817,40,32745.592598
5496625.034971,41,32746.394004
5470906.738378,41,32747.200279
5527905.865716,39,32747.957531
5455846.116365,38,32748.702731
5467912.9059,35,32749.389469
5438273.26257,34,32750.050025
5450299.266477,34,32750.723961
5511719.216165,34,32751.36613
5451143.770663,29,32751.940913
5458342.929897,60,32753.084456
5452017.524506,32,32753.694631
5470125.956097,42,32754.504241
5465864.981775,49,32755.456997
5489450.863224,34,32756.123424
5494424.17022,38,32756.841599
5436982.378721,35,32757.541454
5468463.359134,71,32758.941128
6129044.99916,80,32760.494318
5658814.194052,57,32761.590572
5561100.24971,36,32762.29248
5441874.456127,29,32762.854613
5451409.290843,38,32763.59613
5463089.896435,36,32764.300275
5780310.99821,51,32765.275269
5558907.853015,90,32766.952495
5461606.082115,32,32767.552208
5858477.325019,70,32768.891602
5488274.140101,30,32769.499416
5425937.446045,34,32770.138759
5457750.542219,28,32770.653655
6109002.984378,119,32772.929744
5449426.511771,41,32773.697189
5470736.008467,53,32774.728923
5987915.005793,58,32775.857951
5451772.649133,37,32776.593644
-89962.33459,230,32781.070628
5467946.679569,48,32782.024486
5524096.715131,40,32782.782165
37407.538206,250,32787.590504
7000020.034695,189,32791.278849
5439124.286323,114,32793.497537
5813915.006306,51,32794.481179
5451800.482608,44,32795.332573
5612775.297724,54,32796.382095
5705318.274043,74,32797.769247
5692811.936964,51,32798.743031
5551257.441718,47,32799.642157
5626019.914204,48,32800.553725
5859796.706805,66,32801.818655
5663912.693715,56,32802.883927
5540656.059588,31,32803.485802
5498091.41171,48,32804.419715
98192.355978,250,32809.200852
5448008.379333,51,32810.196767
5681054.818563,48,32811.130979
5473858.903295,42,32811.950588
5450536.327984,31,32812.55009
5439007.283504,36,32813.246102
5582407.937286,67,32814.559354
5463608.129355,41,32815.355878
5483172.805141,41,32816.145303
5455974.885341,55,32817.190404
5480685.750045,46,32818.032333
5629759.788895,59,32819.125718
5968049.411897,163,32822.033543
5485379.7534,33,32822.638495
5618437.95404,66,32823.858141
6412466.104772,85,32825.419665
-82046.296622,113,32827.453579
5536134.932737,42,32828.234236
5491818.302831,51,32829.138461
5480746.964628,37,32829.808804
5481845.708475,48,32830.683371
30480.386702,250,32835.21225
5459507.405342,50,32836.112846
5506689.409345,39,32836.842387
5469714.142307,44,32837.667989
5470981.995545,46,32838.500525
5483675.250501,32,32839.095542
5454071.05382,35,32839.754612
5479708.56566,48,32840.655657
29190.13862,250,32845.2425
5469844.01165,37,32845.881975
5485957.761444,32,32846.463623
22828.850118,250,32851.022112
5474192.147978,33,32851.640018
5559754.458324,55,32852.602554
5696292.53866,39,32853.316863
5448461.350966,37,32853.988183
5755632.316856,67,32855.176122
5497760.73881,48,32856.005049
5492607.963097,32,32856.583259
5479823.423625,30,32857.119976
112763.505313,250,32861.518372
5493853.156509,41,32862.292508
5808806.323873,59,32863.326678
99318.435562,250,32867.91745
5454625.713049,41,32868.666404
5462065.086357,28,32869.165534
136160.031977,250,32873.655613
24654.552029,250,32878.259738
5465647.779129,45,32879.094223
5466256.226504,40,32879.832437
5505983.175346,47,32880.734658
5539656.209852,129,32883.116739
5445915.553502,33,32883.706572
5504525.802445,41,32884.437436
5456309.38564,31,32885.005435
5466924.598074,42,32885.747218
5484085.417794,29,32886.247836
5734401.635862,50,32887.117049
5462891.584825,34,32887.716239
5457861.647715,38,32888.413642
55437.122699,250,32892.900381
5473288.4025,45,32893.731098
5455555.169192,32,32894.341706
5460303.985318,35,32894.971417
5440531.310755,28,32895.475961
5704470.531767,43,32896.303508
5453184.160495,43,32897.098105
5458846.161547,32,32897.66277
5483582.012254,31,32898.240406
5578162.517328,158,32901.135824
-717.964035,250,32905.711843
5440123.294933,37,32906.399983
5477338.627525,33,32906.98004
5784799.381606,122,32909.240327
5457949.037486,37,32909.936336
41696.086591,250,32914.52903
107255.215195,250,32918.961722
5453468.304782,29,32919.467755
5458141.754361,50,32920.377503
5823411.625937,50,32921.262044
5438577.831248,25,32921.731274
5435452.492114,41,32922.443377
5469121.746886,30,32922.969171
5463059.048601,42,32923.739785
5473113.598435,41,32924.520103
5448074.035501,43,32925.304051
5476406.139649,41,32926.067076
5531250.061821,39,32926.776542
5550000.089136,45,32927.61155
5511467.074631,60,32928.691843
5508912.528437,42,32929.472762
5607975.775098,36,32930.117183
5493980.388371,54,32931.094869
5614548.061784,58,32932.163493
-11509.890329,250,32936.624832
5455069.819221,32,32937.186431
5472373.256331,32,32937.817194
5604510.610528,49,32938.75368
5456317.169779,39,32939.495817
5453654.627809,45,32940.362705
5645216.060564,48,32941.296181
5829054.252902,52,32942.318527
5495152.111671,41,32943.103313
5480837.317086,43,32943.926741
5472191.608472,40,32944.698668
5495674.805103,34,32945.356429
5851832.756787,110,32947.4981
5464011.920786,33,32948.148134
5418374.959797,28,32948.675699
5493695.34893,60,32949.829333
5687516.163907,54,32950.823611
5577848.449945,42,32951.638685
5448008.469286,39,32952.401628
5464290.042905,32,32953.034394
5591120.380461,34,32953.701968
5455568.706784,35,32954.369706
5421630.065075,41,32955.168279
5444223.159674,27,32955.67549
5446271.297663,28,32956.22318
5748464.362043,147,32959.071434
5458213.151786,29,32959.626101
5447488.37696,39,32960.392779
5478881.24865,40,32961.143971
5464656.128958,65,32962.380525
5459352.650898,33,32963.008117
5444752.10817,33,32963.658857
5462977.309708,35,32964.328449
5519568.470127,55,32965.414122
5449702.417155,28,32965.96217
5452047.42124,36,32966.675853
5448305.003833,39,32967.446115
5454182.533445,39,32968.209676
5461500.145298,66,32969.499825
5582160.691011,46,32970.390252
5424763.099039,31,32970.988435
5483951.844092,44,32971.878999
5437630.553088,36,32972.575399
5457698.078519,32,32973.18361
5575981.164306,37,32973.915019
5462222.790181,36,32974.631725
5684682.299034,44,32975.497808
5424714.610012,28,32976.035069
5447441.062952,32,32976.657966
5452853.140153,38,32977.390575
5450867.903967,36,32978.077552
5494800.009333,40,32978.866327
5458399.27917,33,32979.495485
5585549.630848,73,32980.926108
5545666.77748,53,32981.982624
5465379.877793,34,32982.644258
5611705.588373,41,32983.432977
5811557.318607,65,32984.692271
5458176.289767,33,32985.352908
5533135.084683,47,32986.256366
5522111.607474,54,32987.316993
5457728.006399,38,32988.034628
81849.573582,250,32992.93937
5449778.112918,29,32993.462624
5466090.412796,39,32994.20677
5453225.10445,40,32994.962274
5444283.7911,30,32995.531549
5458504.722807,39,32996.312375
5429911.213405,26,32996.818894
5493656.245088,40,32997.589693
33624.111849,250,33002.485262
5758077.577135,51,33003.509795
5484481.325439,42,33004.332023
5458998.07658,27,33004.843441
5528707.108017,41,33005.62652
5516442.568095,31,33006.214276
5455429.474637,38,33006.939009
5752325.543439,56,33008.02603
5508540.777659,41,33008.791306
5533326.523905,53,33009.815879
5527431.099637,42,33010.617902
5466128.249953,32,33011.241379
5706197.106645,57,33012.338118
22186.629646,250,33017.145471
5446259.855278,29,33017.694401
5469075.773282,29,33018.262249
5440714.53046,28,33018.812382
5486644.958491,45,33019.684369
5549651.904045,77,33021.126758
5545127.774783,40,33021.912369
5482507.414647,69,33023.198973
5451974.346541,45,33024.058836
5451454.397286,36,33024.739727
5446678.647221,27,33025.247851
5456672.428396,32,33025.864188
5524886.076523,51,33026.850504
5460322.680252,116,33029.08669
5456185.423997,27,33029.592216
5444061.288266,35,33030.261411
5670286.262682,46,33031.173884
5937710.595048,65,33032.464717
5461074.59637,31,33033.076992
5494463.692376,30,33033.684732
6049742.153732,57,33034.781916
74.674823,250,33039.542642
-58470.045775,250,33044.409554
5443430.998526,42,33045.252939
5808548.439751,53,33046.271096
5452199.844073,29,33046.842649
6247302.086377,69,33048.204225
5516709.501114,70,33049.539086
5476210.361445,43,33050.374
5465682.772729,78,33051.909307
5447394.135223,33,33052.564065
5767821.010784,70,33053.918105
5468216.597417,34,33054.570358
5647969.086503,52,33055.601744
5512381.483925,39,33056.362386
5425082.123996,29,33056.918169
5549017.193718,52,33057.912074
5478792.549048,40,33058.646058
5762754.298663,44,33059.498359
5454543.784534,49,33060.412876
5591443.188306,46,33061.285269
5507207.619499,35,33061.949886
5457769.603093,30,33062.49742
37581.093798,250,33067.138199
5853029.432091,47,33068.012271
5447178.773617,35,33068.653751
5473123.753593,41,33069.379456
5467326.109655,46,33070.220581
5477505.322956,110,33072.188329
5471698.333189,39,33072.918776
5484049.299563,36,33073.569446
5512326.257446,42,33074.337139
5444562.811487,35,33074.970979
5779655.93302,54,33075.962675
5433706.694769,46,33076.804263
5469546.505113,61,33077.92926
5922499.49482,103,33079.808663
5964040.83942,68,33081.041803
5453479.648679,41,33081.774333
5450874.667916,29,33082.295588
5518648.036961,42,33083.019511
5500592.630331,31,33083.608224
5444660.979054,26,33084.083322
5442531.296529,49,33084.961149
5425441.645974,28,33085.473507
5757759.920907,56,33086.490064
5591705.549798,55,33087.494895
5585422.566941,54,33088.491897
5477881.519785,35,33089.155971
5775503.295284,56,33090.200094
5462149.106973,38,33090.907897
5436840.388824,30,33091.455606
5462979.130163,28,33091.976639
5756511.216822,51,33092.936925
5471635.750688,39,33093.632965
5853310.661023,49,33094.546249
5428234.721006,31,33095.095756
5485513.669293,49,33095.98936
5480311.347101,50,33096.861936
5462635.580956,28,33097.40454
5811248.421764,68,33098.630788
5432680.313417,38,33099.332921
5445140.348725,46,33100.184988
5466891.069544,44,33101.000463
5526532.063979,37,33101.676245
5826261.775229,46,33102.536225
5467589.187822,29,33103.077243
5814763.632055,59,33104.218583
5475115.06701,29,33104.75663
5453960.066168,29,33105.306837
5498430.719175,46,33106.143544
5514252.51164,37,33106.836828
5701065.737666,42,33107.640436
5461680.412774,35,33108.281689
5441973.89103,41,33109.011727
6189819.450442,78,33110.416551
5475037.23496,46,33111.214684
1667032.485993,250,33115.740335
5465025.057474,35,33116.373624
5431531.829936,50,33117.297276
5513044.591257,41,33118.039657
5727952.56463,41,33118.79911
5499191.443069,33,33119.398071
5453872.521313,26,33119.872549
5467818.68697,41,33120.581838
52908.128409,250,33125.094049
5481161.530168,47,33125.968226
5504199.566809,36,33126.618632
5450436.211229,51,33127.500904
5452676.543899,29,33128.049568
6131666.368619,81,33129.501668
10557.326935,250,33133.977011
5473163.815821,45,33134.811329
5578345.309801,41,33135.566243
5449581.342944,39,33136.257471
5709658.521836,45,33137.074037
5509954.791315,46,33137.895329
5828699.824385,63,33139.042531
5475497.299999,33,33139.679505
5684614.961975,45,33140.472185
5454447.621894,32,33141.086745
49746.304015,250,33145.607257
5476754.376465,34,33146.246729
5442964.231897,27,33146.746412
5453824.383473,41,33147.531956
5411587.065546,24,33147.980158
5491233.646536,35,33148.634037
5455982.234475,49,33149.551352
5453042.558785,35,33150.205763
5521997.949647,44,33151.01765
106968.996242,250,33155.601606
5484772.505401,31,33156.162839
5429934.336333,37,33156.808276
5484238.75362,45,33157.616282
5485510.961738,45,33158.397778
5492873.329565,36,33159.045193
5477962.244552,43,33159.83258
5467039.420631,41,33160.542874
5480257.637938,36,33161.172325
5446933.739029,39,33161.880208
5549505.080834,136,33164.370149
5456048.20225,28,33164.874097
5604505.467458,58,33165.89452
5518804.363983,234,33170.182241
5601242.991831,61,33171.246059
5457346.614248,36,33171.895873
6694062.169254,109,33173.901186
5437907.935281,34,33174.541735
5442941.184195,35,33175.156656
5463447.831159,36,33175.830156
5451759.581697,37,33176.481501
5493013.627706,44,33177.274785
5456377.564637,34,33177.914392
5429596.071174,39,33178.672981
5454426.592041,39,33179.443072
5498611.4989,40,33180.202869
5486372.672616,47,33181.10922
5469562.079637,27,33181.634653
5622130.180692,54,33182.684577
5561406.797142,81,33184.260319
547346.879404,250,33189.04996
5459824.160284,31,33189.649105
5452252.089624,27,33190.172441
5470007.057204,57,33191.241582
5797053.255014,63,33192.474219
5479729.394896,32,33193.101883
5479309.066597,44,33193.948033
5479759.670614,49,33194.912752
67059.866949,250,33199.758787
-36235.098664,250,33204.533895
5432912.267188,27,33205.059555
5483272.062693,69,33206.383874
5620939.11347,44,33207.209749
5447385.508105,29,33207.773175
5470428.081614,43,33208.614672
5941924.094758,78,33210.106905
5484012.39222,47,33211.027004
5418048.184065,30,33211.632592
5482198.089708,33,33212.280314
5485106.39789,33,33212.91328
5449987.946972,34,33213.560888
5451596.725264,40,33214.346836
5461554.516967,47,33215.267231
5481552.020918,40,33216.032417
5444447.910122,27,33216.54763
5607463.929853,53,33217.563964
5479324.921828,34,33218.233126
5478889.283191,42,33219.039826
5453659.713187,42,33219.83607
5464411.060373,44,33220.685756
5983979.924138,63,33221.92084
5453243.480527,37,33222.62091
5475512.453815,42,33223.452157
5467344.942721,58,33224.587151
5491282.409646,51,33225.607976
5437119.992384,26,33226.118189
70395.752169,250,33230.95048
5734937.09235,72,33232.346342
5541007.103413,77,33233.828173
5445062.731004,42,33234.638188
5485116.275365,36,33235.340756
-39103.143247,250,33240.10771
5461120.977585,40,33240.860106
5610532.245932,45,33241.714977
5450913.899476,46,33242.628015
5452393.271444,46,33243.535824
5459928.202095,26,33244.043689
60937.536653,250,33248.848527
5457864.755904,29,33249.434826
5478785.046882,52,33250.425394
5454391.593866,41,33251.216335
5650249.137412,59,33252.369927
5427726.013128,25,33252.866637
5495342.402055,40,33253.648868
5719547.70214,51,33254.626478
5477661.545227,38,33255.37377
5902396.340937,59,33256.553354
71826.058227,250,33261.407325
5470973.243621,31,33261.985398
5593995.166356,91,33263.682829
5469968.194706,27,33264.202309
5452409.597304,41,33264.929877
5767933.500494,45,33265.780154
5602696.375515,45,33266.632834
5725317.840877,48,33267.514111
5434850.638994,39,33268.252786
5462685.811117,36,33268.963647
5529525.441454,45,33269.833761
80413.40297,250,33274.69489
81342.316303,250,33279.562893
5975609.806649,60,33280.756583
5607624.29459,52,33281.750391
5468984.571559,46,33282.646381
5817502.440971,51,33283.649882
5835679.090977,62,33284.839856
6180936.048872,67,33286.130907
5511164.029452,39,33286.872599
5475505.220497,35,33287.561279
5494407.965677,40,33288.330681
5505921.053261,52,33289.349698
5480599.202397,49,33290.30213
5479485.263827,45,33291.138839
5427573.67882,26,33291.615711
5790981.468086,60,33292.758811
5433401.434604,36,33293.464767
5457762.3155,37,33294.157961
5444831.933495,45,33295.033906
5459452.252269,43,33295.862349
5461591.394551,31,33296.457436
5473475.340131,44,33297.291087
5443624.568849,38,33298.027583
5468685.73986,30,33298.57897
5771104.730862,81,33300.115058
6073166.551559,66,33301.306716
5448471.836911,39,33302.035358
5833180.141445,54,33303.006932
5461415.669999,50,33303.923051
5453259.984369,47,33304.795405
19997.518382,250,33309.298402
5627305.994511,58,33310.367594
5435103.68966,25,33310.836152
5448411.562765,35,33311.455742
5474810.031381,33,33312.032921
5478042.632906,43,33312.821266
5482218.673196,195,33316.425886
13571.596904,250,33320.963876
5658338.834537,41,33321.695543
5463093.002724,84,33323.216005
5487465.291608,33,33323.813994
5510178.132538,38,33324.531251
69580.130759,250,33329.134787
5478880.579096,42,33329.918608
5642804.312992,50,33330.807122
5454270.413736,42,33331.587765
5467428.281355,44,33332.359832
11066.896662,250,33337.010856
5439303.888258,29,33337.543855
5463193.200374,40,33338.250965
6165720.80025,83,33339.812869
5442580.479204,28,33340.322553
5568507.999882,37,33341.020849
5455300.700336,30,33341.538581
5434171.32688,40,33342.269267
6169121.94132,73,33343.62879
5552849.896021,47,33344.520357
5455130.304424,36,33345.190775
5439821.325623,37,33345.893096
6027572.943769,71,33347.210013
5452540.712255,34,33347.807009
5433534.337981,28,33348.334727
5438732.744704,107,33350.256195
5484201.33024,42,33350.998001
5918924.845525,72,33352.244513
5541755.954291,60,33353.308516
5454481.736933,46,33354.135185
86548.956309,250,33358.695478
5463566.076793,28,33359.223546
5939244.311367,71,33360.514973
5690484.788572,98,33362.336977
5644795.797609,57,33363.36131
5439398.664433,47,33364.204759
5486531.714001,38,33364.89538
29110.839652,250,33369.337004
5464350.091833,51,33370.253952
5762725.337489,53,33371.208079
5444352.637836,42,33371.997132
5451359.852451,44,33372.833616
5453871.687102,42,33373.626012
5846476.2757,248,33378.117807
5507011.312241,41,33378.849613
5503251.141699,48,33379.707701
34937.842747,250,33384.204391
5436556.551291,41,33384.920071
39681.026302,250,33389.480827
5504758.670842,42,33390.219135
-50925.262921,250,33394.788149
5457716.514178,39,33395.485711
5448644.238398,27,33395.934845
5723539.585676,62,33397.008559
5492272.202866,42,33397.75312
5452581.224267,39,33398.474549
5490006.675159,40,33399.201227
5503200.323783,46,33400.014737
5501420.880575,44,33400.802926
64395.102042,250,33405.377447
5514710.328878,44,33406.19697
-81390.220191,246,33410.664518
5466695.20825,39,33411.358125
5566672.245843,48,33412.226447
5421199.361248,46,33413.034266
5783277.94923,52,33414.001584
5427015.919035,38,33414.669921
5441812.673344,32,33415.258881
5459831.923103,47,33416.092541
5462967.804461,36,33416.737704
5511194.689631,59,33417.831931
5466647.900669,38,33418.571149
5511375.416245,50,33419.507239
5587245.833952,42,33420.309577
5432703.92832,32,33420.907865
5439638.48042,30,33421.507102
5460861.592744,42,33422.320364
5470911.10682,38,33423.061281
5604967.832315,53,33424.080961
5429482.218552,36,33424.77962
5458551.14184,32,33425.384459
5544577.918336,94,33427.181833
5477482.583609,39,33427.919064
50037.886009,250,33432.780152
5446831.998859,32,33433.410366
5973809.786242,114,33435.668582
5693621.972781,52,33436.695337
5499020.582118,42,33437.519375
5868271.114526,56,33438.626389
5536227.196368,51,33439.626891
5436132.369314,36,33440.326229
5432488.495371,29,33440.885766
5462388.547081,35,33441.573081
5476937.39768,51,33442.555145
5527163.491849,40,33443.338433
5432125.370863,31,33443.941777
5499896.901604,30,33444.513664
5487786.358346,61,33445.685632
5501218.007481,36,33446.374964
5453667.817943,118,33448.636856
5519285.106406,34,33449.316796
5478961.214466,40,33450.093107
5466003.884597,32,33450.711873
5468095.143366,38,33451.435572
5534612.9129,39,33452.15962
5625523.353647,36,33452.87
5482319.242619,56,33453.940524
5454582.54841,36,33454.629565
5446971.06438,34,33455.269929
5441699.295802,46,33456.160856
74732.302832,250,33460.953253
5455574.357269,46,33461.828044
5475590.179788,38,33462.570463
6010504.313983,72,33463.939399
5432926.400051,31,33464.550431
5437628.531137,28,33465.100152
-16852.160537,250,33469.987463
5442559.352448,29,33470.534075
5464182.212929,29,33471.112331
5438278.944356,37,33471.826361
5502070.294934,40,33472.619813
5633100.189115,52,33473.635792
5710110.45658,50,33474.590808
7729.969145,250,33479.415842
5608065.283534,41,33480.210471
5443648.552065,29,33480.782252
5460689.504544,26,33481.283752
5698624.26804,56,33482.400883
5520223.607435,40,33483.180455
5474331.127365,35,33483.867208
5430261.423776,30,33484.446444
5449023.03061,44,33485.307252
5438372.980405,35,33485.958283
5476860.176549,48,33486.848798
5447289.714211,30,33487.430879
-31921.187812,250,33492.1603
5445395.12458,35,33492.828003
5442563.034898,38,33493.562855
5449824.802169,29,33494.146848
5483884.774242,44,33494.962191
5541822.311186,33,33495.59423
5859822.404814,67,33496.895238
5485038.376503,30,33497.499478
5498480.709028,51,33498.462611
5517314.859493,237,33503.00743
5547028.149467,43,33503.810899
5795791.833447,61,33504.95101
5472657.344625,37,33505.66883
5510498.883745,44,33506.529295
5460455.18622,32,33507.149068
5438735.809136,29,33507.730106
5458537.026113,37,33508.462377
5420436.109331,25,33508.956832
5420290.243162,25,33509.443582
5459904.314047,35,33510.102379
5456808.88941,35,33510.788957
5470462.084781,43,33511.604129
5448656.276919,44,33512.422686
5444994.736967,41,33513.203833
5445047.446345,42,33514.013674
5438285.50892,44,33514.827277
5465151.274961,28,33515.380559
5431797.304663,28,33515.912568
5511264.400145,35,33516.606097
5678271.091334,49,33517.537814
5453371.15932,38,33518.275487
5492677.159487,42,33519.05988
5449488.64907,30,33519.626366
5799694.645585,52,33520.618804
5460110.310885,39,33521.333346
5747942.755984,52,33522.351263
5429281.666875,27,33522.872635
5490203.7627,44,33523.725996
5466316.666966,34,33524.401255
5505226.986282,47,33525.32977
5454159.071837,31,33525.937012
5463270.038807,33,33526.58905
41877.113239,250,33531.405775
20839.179497,250,33536.12682
16520.064524,250,33540.779792
5477619.716764,36,33541.427642
5461046.532332,31,33542.014863
5461178.597909,37,33542.72066
5469643.024096,29,33543.225521
5447242.476206,39,33543.955429
5469783.470584,31,33544.527199
5470612.515332,37,33545.219439
17339.214048,250,33549.695961
5468621.582719,43,33550.47262
5682272.167856,45,33551.326164
5651895.087817,47,33552.168889
5446855.331207,33,33552.770568
5462967.546441,34,33553.40496
5864866.162529,50,33554.358463
38506.990698,250,33558.933995
5442644.6114,42,33559.704615
5779109.306979,56,33560.704811
5474265.485638,41,33561.43832
5559588.74186,187,33564.749163
60010.649136,250,33569.258914
5453539.735521,37,33569.963666
5466042.099019,32,33606.294336
5431485.348008,27,33606.894926
5470236.466174,50,33607.829962
5446199.516711,29,33608.358725
5463235.104854,42,33609.147291
5518315.675672,43,33609.929988
6228252.455877,76,33611.30923
5429493.294967,44,33612.079265
5459627.552878,53,33613.002184
5740862.821768,55,33613.997369
5615533.333539,54,33614.97895
5463415.63274,42,33615.737206
5464518.499187,35,33616.349015
5481250.72421,29,33616.877312
5456989.635221,34,33617.50026
5479879.701585,47,33618.349503
5483600.959655,40,33619.08061
5428885.223128,31,33619.653335
5495988.834146,45,33620.471367
6114553.314747,78,33621.914591
5485194.335933,45,33622.721493
5644092.107187,42,33623.527951
5686927.630036,45,33624.371094
5463475.026342,27,33624.863995
25107.038902,250,33629.442356
5490327.55363,41,33630.173054
5421755.282849,33,33630.762278
5511293.671393,37,33631.465589
5453011.537147,36,33632.100766
5490475.849966,39,33632.813466
5437019.9513,27,33633.32544
6130807.510121,72,33634.599138
5443672.651986,25,33635.039667
5456565.076036,32,33635.62326
5444960.249481,27,33636.102681
5451794.511127,28,33636.607343
5439043.441611,46,33637.440803
5451356.752208,28,33637.961839
5451707.514338,41,33638.754243
5459176.427247,39,33639.487541
5451400.794618,28,33640.022571
5478565.591045,37,33640.688874
5464939.051328,34,33641.348518
5556078.163749,36,33641.988373
5469864.224904,41,33642.740813
5450623.665754,40,33643.480942
5465024.011418,28,33644.00734
5457830.89565,34,33644.615052
5484383.451063,41,33645.353229
5613980.472331,39,33646.052811
5444585.560054,28,33646.573833
5438430.958894,30,33647.100176
5453673.171485,40,33647.812236
5452329.245167,33,33648.413768
103201.297709,250,33652.920885
6029992.83991,70,33654.209757
5660463.723434,46,33654.9923
5439929.905123,42,33655.742861
5528999.337758,38,33656.448344
5460295.833011,35,33657.070942
5448974.570376,32,33657.685704
5419811.733248,30,33658.253368
5527005.538572,44,33659.096936
44866.424335,250,33663.919132
5430116.48588,30,33664.506411
40045.778361,250,33669.386452
5455715.516862,36,33670.092578
5447026.139907,40,33670.866216
5454099.04014,38,33671.601699
5525797.716833,34,33672.245176
5466690.995654,39,33672.988159
5443078.558159,27,33673.500412
6020677.930784,67,33674.788335
5440341.438944,29,33675.353876
5458186.539052,32,33675.974227
5451280.915928,33,33676.605041
5794551.57546,50,33677.597484
5497054.53528,48,33678.555605
5441705.369804,33,33679.199969
5506846.16387,32,33679.834592
5503386.180767,47,33680.750577
5512402.232967,48,33681.705475
5458034.684644,51,33682.699016
5509117.328106,53,33683.725427
5474191.09009,39,33684.50252
5459345.559748,35,33685.19283
5568997.16473,50,33686.169894
5421010.732373,26,33686.684583
5497776.973781,96,33688.546325
5450366.723922,37,33689.266257
5581227.842825,60,33690.456091
5482830.88209,32,33691.090375
5521923.343414,42,33691.914824
5461176.458889,29,33692.484585
5426287.253385,28,33693.02138
5813147.934496,51,33694.012948
5449730.406563,29,33694.576756
5441057.011315,35,33695.268803
5512648.939907,40,33696.055116
5515841.379216,45,33696.953673
5488013.301928,44,33697.843678
5443792.677321,30,33698.432786
5485652.990264,37,33699.155919
5491474.986285,42,33699.989819
5470826.501114,37,33700.727602
5602777.185208,52,33701.748357
98068.920151,250,33706.655855
6344525.076888,80,33708.237517
5422807.952266,33,33708.871844
5437950.796608,31,33709.477912
5441482.702286,32,33710.102938
5447341.630636,35,33710.790096
5450862.672609,44,33711.636644
5488839.665812,51,33712.620072
5752758.256305,78,33714.173644
5539197.311103,143,33716.972502
5488323.318783,47,33717.875196
5437767.700409,48,33718.762512
5493735.497881,48,33719.658789
5864990.965693,56,33720.728286
5469061.975774,46,33721.595976
5836956.98698,55,33722.635731
5482017.372439,31,33723.242592
5449744.44792,34,33723.895517
5461637.295145,34,33724.548108
5426685.480855,37,33725.251729
5430211.439971,30,33725.819039
5449774.738065,43,33726.63771
5491174.66739,41,33727.419153
5512412.008409,53,33728.429722
5472468.326709,30,33728.982105
5443672.059251,30,33729.556792
5465051.276776,35,33730.272389
5428932.674359,27,33730.783602
-101457.438416,87,33732.523549
5488016.990474,49,33733.468871
5466645.483166,36,33734.178201
103000.821571,250,33738.919981
5417680.806241,30,33739.497233
5451772.252402,36,33740.141201
5444835.91031,34,33740.798267
5461900.976669,39,33741.539174
5539579.154702,49,33742.455166
5493630.585809,43,33743.303106
5803556.312035,45,33744.164914
5467010.651385,30,33744.75791
5439085.497538,30,33745.342355
5458524.886395,43,33746.171841
5460841.13869,46,33747.075431
5483035.794456,39,33747.813924
5488794.588643,42,33748.614229
5451854.258283,34,33749.268052
104698.042532,250,33753.99568
5456527.190824,42,33754.809186
5440384.902382,25,33755.310925
5501739.297378,53,33756.337759
5472094.227505,77,33757.857374
5464325.516133,33,33758.489768
5471827.981594,32,33759.094921
5506429.922744,46,33759.987881
5824496.718974,51,33760.936508
5442475.054857,35,33761.623699
5511572.559827,39,33762.397781
5457072.681817,46,33763.28939
5690910.85286,53,33764.323216
5697979.41011,164,33767.462174
5811679.910453,53,33768.445701
5440438.518135,42,33769.220697
5461604.059335,43,33770.034029
5459852.601297,29,33770.60938
5442514.400807,36,33771.310188
5481541.792768,53,33772.320847
37306.654818,250,33777.208436
5788431.253107,54,33778.24967
5420279.424434,29,33778.792839
5451576.849174,42,33779.516688
5642016.244139,39,33780.227641
5424569.585993,45,33781.061045
5458415.160585,29,33781.571152
5510839.310103,69,33782.836367
5458814.992633,39,33783.555326
5482081.792073,38,33784.204016
5457524.735891,72,33785.495713
5422739.106789,28,33786.043488
5489932.764458,37,33786.712426
1212.021713,250,33791.310372
5466020.163617,42,33792.074005
5485090.568193,58,33793.145456
5476247.087277,35,33793.794965
5442407.366457,37,33794.471976
5498749.918242,42,33795.287536
5494373.61044,41,33796.064404
5459925.488076,38,33796.778399
5487561.72724,43,33797.569438
5449798.607279,26,33798.038201
5481586.724714,40,33798.804234
141210.897651,250,33803.400425
5449523.523077,44,33804.232955
5437646.265889,28,33804.709906
5453339.693214,43,33805.499032
5459505.986432,35,33806.125779
5499498.419795,47,33806.997981
5421946.988478,34,33807.611502
5494778.863981,37,33808.306516
5448057.928767,33,33808.91054
5459828.863435,46,33809.717502
5679447.189955,41,33810.479584
5482901.771909,38,33811.19104
5928135.411821,56,33812.208238
5455401.154459,32,33812.765945
5477296.305511,36,33813.385571
5450734.277361,30,33813.929008
5463144.621988,29,33814.440115
5524684.759076,50,33815.326645
5477366.705579,51,33816.256284
5699299.101025,55,33817.29305
5467288.65803,36,33817.966133
-9214.126273,250,33822.573989
-10284.002847,250,33827.063919
128996.660908,250,33831.539889
60249.602024,250,33836.126369
5563168.663276,196,33839.719099
6119955.990348,67,33840.953809
5490088.785833,61,33842.021241
5449447.411452,46,33842.875127
5465833.45829,43,33843.660208
6305645.731528,80,33845.108709
5441374.335082,30,33845.646734
5610959.470643,57,33846.703985
-64867.415367,115,33848.792102
5649792.088561,43,33849.578506
5434643.446207,29,33850.106172
5472313.280588,31,33850.652921
5495038.357997,31,33851.205001
5445313.419611,34,33851.81593
5672420.541823,47,33852.687845
42884.388261,250,33857.255657
5437526.434923,48,33858.146497
5469180.393578,39,33858.871337
5428862.975342,40,33859.612235
5741148.864459,51,33860.544974
5467091.206876,32,33861.134804
5462956.250315,30,33861.688689
5811684.105557,52,33862.677609
5463674.382787,42,33863.428077
5477265.270483,45,33864.231973
-104564.154108,12,33864.445764
6281629.443356,83,33865.955893
5481851.534049,47,33866.845182
5503325.163211,50,33867.760412
5471739.273054,35,33868.401309
5544805.375165,44,33869.202714
5789046.334739,184,33872.487038
5875883.310347,64,33873.607131
5468853.215418,37,33874.282315
5468404.079344,39,33875.00848
5451745.818533,49,33875.913998
5468754.571453,39,33876.618688
5790360.94097,48,33877.486212
5452319.831545,31,33878.076419
5487420.410803,42,33878.813369
5444634.460456,39,33879.537445
5457560.357801,38,33880.226938
5849729.422066,64,33881.402342
5522886.324589,47,33882.254447
5802700.776691,58,33883.30618
5454315.767341,40,33884.048698
5483579.770187,26,33884.527817
5463880.880671,39,33885.226873
5477672.002285,34,33885.871178
5449890.784641,45,33886.695004
5423088.356634,40,33887.386969
5470807.330542,34,33888.020247
5468654.397498,41,33888.814756
5638537.135283,42,33889.585642
5528215.241934,38,33890.255707
5487819.075728,44,33891.122543
5503237.794262,39,33891.823302
5483128.965685,35,33892.46617
5430091.950813,26,33892.957502
5454214.678203,31,33893.510844
5503611.150496,44,33894.33788
5961768.022301,81,33895.854314
5831844.809448,61,33896.949799
5461757.360129,29,33897.467654
5483067.480908,38,33898.184146
5458156.358915,32,33898.8091
70472.402008,250,33903.663638
5858912.297367,64,33904.941018
5679051.493381,41,33905.741501
5450233.839126,30,33906.326867
5542798.090019,59,33907.471007
5445760.699292,36,33908.18029
5441955.134439,35,33908.873152
5497285.976671,44,33909.728537
5691830.572867,42,33910.561023
5450567.715766,41,33911.380529
5894597.968336,53,33912.434323
5422169.541503,36,33913.146488
5581675.086241,42,33913.967558
50321.134333,250,33918.825099
5449813.238279,28,33919.353686
5848384.604718,52,33920.372127
5429661.242079,36,33921.084433
5414252.364707,24,33921.556348
5446345.516531,33,33922.222174
5437259.202954,34,33922.893663
5501243.366896,34,33923.563476
5449944.958996,42,33924.41553
5785628.882621,60,33925.589776
5447833.08168,43,33926.423516
5430753.88563,28,33926.978707
5459817.194989,43,33927.815916
5462790.733239,50,33928.803812
5447812.799895,36,33929.51038
5463142.680796,40,33930.291659
5468744.051334,53,33931.324186
5485201.474238,34,33932.00756
5453005.450048,32,33932.62718
5459329.975153,46,33933.516698
5443237.938307,42,33934.354271
5446580.1862,38,33935.073014
6933380.340085,132,33937.639727
5428425.129529,40,33938.425329
5706615.401289,62,33939.626415
5442219.330553,35,33940.305648
5508092.852528,48,33941.242902
26247.155329,250,33946.056134
5609075.091479,45,33946.920513
5483559.772336,33,33947.560106
5629254.520995,58,33948.704213
5450347.885988,36,33949.407632
5466368.633179,37,33950.219051
5451217.890131,34,33950.895427
5475630.302423,41,33951.69393
5468461.263038,42,33952.505213
5448669.211939,26,33953.029612
5474439.810306,31,33953.647058
5720183.332976,58,33954.789886
5498981.787912,43,33955.642488
5457171.665548,38,33956.380116
5488251.144062,43,33957.238734
5495615.22419,44,33958.098757
5461950.35058,31,33958.696674
5535007.962655,76,33960.142632
-51067.439184,211,33964.171146
6230935.292324,92,33965.956618
5789644.559062,54,33967.005176
5504462.131089,39,33967.772179
5441039.741907,43,33968.605804
5494601.0238,39,33969.373926
6386662.869774,93,33971.167568
5447367.098014,30,33971.740289
5732295.881607,45,33972.637926
82062.331231,250,33977.418484
5556691.723759,39,33978.175526
5469335.668028,41,33978.943992
5436384.848252,41,33979.736806
5491259.270725,35,33980.424067
5472135.012891,54,33981.467147
5451521.04615,36,33982.173768
24655.052669,250,33986.915531
5761165.561865,53,33987.937257
5460147.885165,37,33988.658189
5525499.874469,34,33989.304246
5434442.281176,38,33990.043689
6003660.987685,54,33991.038008
47464.032052,250,33995.76392
73515.337746,250,34000.553953
5456699.45232,53,34001.574381
5444525.383894,49,34002.543561
5454710.994156,45,34003.436883
5980662.660583,56,34004.51324
5466728.877012,34,34005.166646
5488273.160314,46,34006.065633
5533034.8345,47,34006.992804
5631262.11315,56,34008.059381
7024758.887462,118,34010.316512
5480462.720595,42,34011.106224
5428772.365968,24,34011.582918
5708682.412501,51,34012.574818
5454557.757673,43,34013.370339
5468157.105767,41,34014.146319
5463903.822203,46,34015.035059
5497927.709041,35,34015.715814
5476386.723499,36,34016.407821
5787765.467437,46,34017.339442
5448627.207268,26,34017.83239
5487218.315832,33,34018.460983
5711805.906014,50,34019.382176
5488165.040904,46,34020.240172
5446777.71027,37,34020.905675
5464086.431618,35,34021.528366
5895263.685105,48,34022.380127
5466975.903014,39,34023.066929
5524648.570312,49,34023.974229
5501560.077472,44,34024.77961
5540360.772693,57,34025.812958
5484092.292285,43,34026.593924
5712819.786693,50,34027.519
5506900.32639,48,34028.410469
82827.626367,250,34033.02386
5921372.993767,56,34034.098952
5465557.558537,36,34034.752711
6542918.777732,90,34036.40409
5442549.472259,27,34036.895151
5885248.309197,62,34038.027282
5432759.502382,33,34038.622983
5695858.7658,131,34041.044138
5472743.30042,46,34041.878042
5479461.117991,30,34042.415212
5445482.484978,54,34043.415009
5447362.919764,30,34043.985298
5496303.158644,43,34044.780846
6119998.015588,72,34046.092134
5648138.241125,49,34046.964928
5782282.195455,59,34048.048958
5663494.365552,90,34049.680343
5617431.331912,37,34050.317272
5765526.564186,68,34051.549742
5438739.004273,29,34052.062887
5773081.492064,54,34053.06266
5420698.107658,26,34053.541508
5512531.940141,48,34054.43766
5733498.095775,50,34055.356063
5752641.408706,57,34056.42339
5481152.251697,37,34057.109879
5498180.685465,42,34057.927177
5484851.173809,37,34058.62206
5495427.888276,36,34059.283424
5442475.011656,31,34059.864908
5797571.063789,54,34060.866567
5448781.630598,34,34061.497897
5496019.954028,36,34062.148749
5447580.584363,35,34062.779709
5626939.259185,189,34066.355817
5491985.453433,86,34067.90367
5489459.763598,58,34068.960628
5495750.185004,47,34069.796995
7286307.775731,160,34072.800927
-100636.622652,11,34072.999478
5535114.13062,54,34073.996302
5470049.84139,34,34074.624885
5910765.994027,59,34075.681428
5465270.695027,40,34076.39259
5480706.07164,35,34077.035683
5450416.876914,37,34077.728211
6089530.456031,80,34079.172212
63211.992482,250,34083.671802
164789.553267,250,34088.129292
5433234.302808,33,34088.703785
5548661.966842,39,34089.443208
5499905.684044,36,34090.079575
5821414.056804,49,34090.985467
5619419.020664,43,34091.77318
5489409.53234,53,34092.70999
5483507.427056,36,34093.34054
5465398.007444,36,34093.989126
5479941.709931,38,34094.657322
5462961.379287,28,34095.166607
5766316.066025,43,34095.948178
5726834.159575,71,34097.237647
5465897.748169,34,34097.867112
5472070.761997,26,34098.333813
5479048.543052,37,34099.020849
5435379.309369,45,34099.813802
5479642.959227,35,34100.441883
6058818.376218,68,34101.701937
5510857.535305,240,34105.980139
5447068.126026,39,34106.672194
5470630.125721,52,34107.608739
5522921.885187,42,34108.374032
5440582.192623,28,34108.886938
5460924.138455,134,34111.366979
5495702.321243,44,34112.167432
5437001.001391,42,34112.947676
5486359.435132,34,34113.565365
76455.675413,250,34118.116172
6953618.231592,119,34120.281253
5418855.484944,30,34120.818898
5539581.694602,32,34121.405894
5489368.43847,52,34122.364905
5714541.031844,64,34123.487135
5450811.999345,36,34124.149759
5429138.573844,31,34124.719859
5470098.770047,34,34125.327922
5467903.208632,37,34125.988978
5508499.457854,43,34126.771141
5448778.246334,38,34127.449354
5505258.165213,60,34128.506931
5449305.87847,41,34129.255689
5449912.036113,38,34129.928837
5475381.022001,38,34130.619799
71220.764802,250,34135.317535
5459340.77116,30,34135.84866
5594383.861699,38,34136.543082
5420083.638647,32,34137.14324
42695.647741,250,34141.959884
5472861.143296,34,34142.605292
7113146.773209,148,34145.488664
5483205.634497,29,34146.069965
5453859.570382,33,34146.709467
5500301.388457,37,34147.447838
5437656.590318,31,34148.047095
5452466.313422,37,34148.756437
5551650.991149,95,34150.584192
5451763.178328,40,34151.330057
5482042.411863,32,34151.949397
5714748.620491,49,34152.926222
5551750.692493,37,34153.636132
5445825.508978,46,34154.501307
5489408.505656,34,34155.160053
5883869.834117,52,34156.162105
5433046.661052,46,34157.068174
5476427.472321,29,34157.624731
6188646.628777,67,34158.920446
47065.05901,250,34163.772795
49945.947701,250,34168.637581
26438.073474,250,34173.410175
5584743.903253,46,34174.293858
5480438.808306,52,34175.278559
5450729.912006,32,34175.933003
5447475.524065,28,34176.47524
5480533.065083,53,34177.513138
5467781.057759,48,34178.451951
5491986.258072,34,34179.122094
5436781.553872,27,34179.662184
5487667.376562,32,34180.280968
5493394.087205,39,34181.018034
5760558.813596,52,34182.046262
5807743.90552,45,34182.918578
5998098.128403,75,34184.421805
5476659.451476,36,34185.117951
5485781.017149,50,34186.076778
5473394.73982,53,34187.101388
23122.55441,250,34191.954267
5532421.559861,62,34193.186646
5514745.741545,86,34194.885221
5832615.111087,52,34195.899879
5427579.127006,25,34196.396525
186799.193835,250,34201.275964
5475889.874935,31,34201.86866
5695289.14296,57,34202.930835
5990054.676752,66,34204.129956
56827.745386,250,34208.9627
5468592.206549,50,34209.955845
5891641.468507,62,34211.169145
55584.702263,250,34216.103349
5469669.351222,37,34216.804635
5450291.782033,26,34217.302548
5431083.798747,46,34218.151619
5452962.31945,39,34218.915262
5450716.194144,27,34219.433817
5465745.319497,46,34220.325396
5525940.848656,39,34221.083903
5647804.903355,80,34222.620516
46037.209882,250,34227.482927
5476754.665779,35,34228.170473
5451013.048671,40,34228.926178
5479554.369203,56,34230.003937
5486742.307486,33,34230.630939
14559.455835,250,34235.377415
5571051.737986,34,34236.032229
5443625.76615,40,34236.807852
5576866.610059,34,34237.469072
6087508.589272,61,34238.665603
7784086.670104,177,34242.133479
5649969.404263,49,34243.112046
5463707.646887,111,34245.195157
5500488.420666,33,34245.824021
5548985.070012,48,34246.72249
5445426.715893,29,34247.292461
5836981.902143,75,34248.711451
5456637.520182,46,34249.578064
5439206.629068,39,34250.325233
5627731.737141,46,34251.207586
5461046.636647,40,34251.990083
5681610.505153,49,34252.909801
5452621.653089,30,34253.472682
5487318.42615,57,34254.578418
5438500.726745,39,34255.321842
5516064.484638,77,34256.830864
5470968.568342,50,34257.775257
5587858.262403,43,34258.591904
5561763.344553,47,34259.434485
5464075.769572,33,34260.042104
5421520.259101,31,34260.611163
5657764.022364,57,34261.652744
5505229.151884,53,34262.609713
5435390.519552,38,34263.347862
5456485.331789,47,34264.17786
5503376.23151,34,34264.777867
5499777.384492,34,34265.398698
5475936.289788,36,34266.047216
5468477.736092,42,34266.773206
5447116.84938,28,34267.28941
80333.432548,250,34271.835658
5470571.448867,36,34272.550629
5636400.210489,48,34273.390906
5437492.540164,34,34274.001778
5501547.10427,36,34274.619017
5463891.916984,38,34275.317969
5738379.845266,68,34276.469344
5785831.382116,59,34277.483318
5434993.183837,31,34278.011237
5707386.084656,55,34279.06298
-76347.241361,120,34281.121909
5464828.091843,45,34281.865491
5483536.649955,34,34282.453712
5481373.497292,45,34283.21471
5496370.360778,30,34283.749852
5432991.298419,24,34284.186513
5433413.394003,38,34284.868008
5485277.592636,35,34285.533506
5470106.794798,29,34286.071701
5457949.156639,26,34286.530351
5475129.371732,52,34287.541696
5460791.622285,45,34288.357899
5444323.910304,49,34289.270022
5765915.55422,67,34290.458841
5456774.336478,40,34291.20026
5445916.49462,30,34291.760343
5851989.615216,78,34293.184444
5477927.255275,35,34293.805255
5433662.658425,31,34294.384911
5469795.07357,34,34294.984653
5453850.148816,40,34295.723621
46495.605516,250,34300.28202
5505727.791375,60,34301.380333
5451493.694453,36,34302.031897
5501437.524651,37,34302.691294
5569035.185922,50,34303.6092
5457265.654835,29,34304.104537
5507798.921526,123,34306.368845
5706606.093607,62,34307.5326
21414.893366,250,34312.058187
5502695.815498,32,34312.649619
5471449.313414,32,34313.217106
5909457.179385,70,34314.531964
5547676.599019,37,34315.214705
6576771.820122,95,34316.980374
5450673.158676,42,34317.781606
5558327.312336,101,34319.629191
5475021.54258,40,34320.352885
5437597.67896,37,34321.035784
5462431.859333,42,34321.79376
5476835.986706,41,34322.546563
5913478.201236,63,34323.681679
5516779.103835,36,34324.350815
5447949.652365,28,34324.860098
5451150.323981,44,34325.649102
2907.263486,250,34330.16983
10389.965696,250,34334.770969
5756583.742175,56,34335.764619
