row_id,m1_pwm,m2_pwm,m3_pwm,enc1_deg,enc2_deg
0,0.000,0.000,0.000,0.000,0.000
1,0.000,0.000,0.000,0.000,0.000
2,0.000,0.000,0.000,0.000,0.000
3,0.000,0.000,0.000,0.000,0.000
4,0.000,0.000,0.000,0.000,0.000
5,0.000,0.000,0.000,0.000,0.000
6,0.000,0.000,0.000,0.000,0.000
7,0.000,0.000,0.000,0.000,0.000
8,0.000,0.000,0.000,0.000,0.000
9,0.000,0.000,0.000,0.000,0.000
10,0.000,0.000,0.000,0.000,0.000
11,0.000,0.000,0.000,0.000,0.000
12,0.000,0.000,0.000,0.000,0.000
13,0.000,0.000,0.000,0.000,0.000
14,0.000,0.000,0.000,0.000,0.000
15,0.000,0.000,0.000,0.000,0.000
16,0.000,0.000,0.000,0.000,0.000
17,0.000,0.000,0.000,0.000,0.000
18,0.000,0.000,0.000,0.000,0.000
19,0.000,0.000,0.000,0.000,0.000
20,0.000,0.000,0.000,0.000,0.000
21,0.000,0.000,0.000,0.000,0.000
22,0.000,0.000,0.000,0.000,0.000
23,0.000,0.000,0.000,0.000,0.000
24,0.000,0.000,0.000,0.000,0.000
25,0.000,0.000,0.000,0.000,0.000
26,0.000,0.000,0.000,0.000,0.000
27,0.000,0.000,0.000,0.000,0.000
28,0.000,0.000,0.000,0.000,0.000
29,0.000,0.000,0.000,0.000,0.000
30,0.000,0.000,0.000,0.000,0.000
31,0.000,0.000,0.000,0.000,0.000
32,0.000,0.000,0.000,0.000,0.000
33,0.000,0.000,0.000,0.000,0.000
34,0.000,0.000,0.000,0.000,0.000
35,0.000,0.000,0.000,0.000,0.000
36,0.000,0.000,0.000,0.000,0.000
37,0.000,0.000,0.000,0.000,0.000
38,0.000,0.000,0.000,0.000,0.000
39,0.000,0.000,0.000,0.000,0.000
40,0.000,0.000,0.000,0.000,0.000
41,0.000,0.000,0.000,0.000,0.000
42,0.000,0.000,0.000,0.000,0.000
43,0.000,0.000,0.000,0.000,0.000
44,0.000,0.000,0.000,0.000,0.000
45,0.000,0.000,0.000,0.000,0.000
46,0.000,0.000,0.000,0.000,0.000
47,0.000,0.000,0.000,0.000,0.000
48,0.000,0.000,0.000,0.000,0.000
49,0.000,0.000,0.000,0.000,0.000
50,0.000,0.000,0.000,0.000,0.000
51,0.000,0.000,0.000,0.000,0.000
52,0.000,0.000,0.000,0.000,0.000
53,0.000,0.000,0.000,0.000,0.000
54,0.000,0.000,0.000,0.000,0.000
55,0.000,0.000,0.000,0.000,0.000
56,0.000,0.000,0.000,0.000,0.000
57,0.000,0.000,0.000,0.000,0.000
58,0.000,0.000,0.000,0.000,0.000
59,0.000,0.000,0.000,0.000,0.000
60,0.000,0.000,0.000,0.000,0.000
61,0.000,0.000,0.000,0.000,0.000
62,0.000,0.000,0.000,0.000,0.000
63,0.000,0.000,0.000,0.000,0.000
64,0.000,0.000,0.000,0.000,0.000
65,0.000,0.000,0.000,0.000,0.000
66,0.000,0.000,0.000,0.000,0.000
67,0.000,0.000,0.000,0.000,0.000
68,0.000,0.000,0.000,0.000,0.000
69,0.000,0.000,0.000,0.000,0.000
70,0.000,0.000,0.000,0.000,0.000
71,0.000,0.000,0.000,0.000,0.000
72,0.000,0.000,0.000,0.000,0.000
73,0.000,0.000,0.000,0.000,0.000
74,0.000,0.000,0.000,0.000,0.000
75,0.000,0.000,0.000,0.000,0.000
76,0.000,0.000,0.000,0.000,0.000
77,0.000,0.000,0.000,0.000,0.000
78,0.000,0.000,0.000,0.000,0.000
79,0.000,0.000,0.000,0.000,0.000
80,0.000,0.000,0.000,0.000,0.000
81,0.000,0.000,0.000,0.000,0.000
82,0.000,0.000,0.000,0.000,0.000
83,0.000,0.000,0.000,0.000,0.000
84,0.000,0.000,0.000,0.000,0.000
85,0.000,0.000,0.000,0.000,0.000
86,0.000,0.000,0.000,0.000,0.000
87,0.000,0.000,0.000,0.000,0.000
88,0.000,0.000,0.000,0.000,0.000
89,0.000,0.000,0.000,0.000,0.000
90,0.000,0.000,0.000,0.000,0.000
91,0.000,0.000,0.000,0.000,0.000
92,0.000,0.000,0.000,0.000,0.000
93,0.000,0.000,0.000,0.000,0.000
94,0.000,0.000,0.000,0.000,0.000
95,0.000,0.000,0.000,0.000,0.000
96,0.000,0.000,0.000,0.000,0.000
97,0.000,0.000,0.000,0.000,0.000
98,0.000,0.000,0.000,0.000,0.000
99,0.000,0.000,0.000,0.000,0.000
100,0.000,0.000,0.000,0.000,0.000
101,0.000,0.000,0.000,0.000,0.000
102,0.000,0.000,0.000,0.000,0.000
103,0.000,0.000,0.000,0.000,0.000
104,0.000,0.000,0.000,0.000,0.000
105,0.000,0.000,0.000,0.000,0.000
106,0.000,0.000,0.000,0.000,0.000
107,0.000,0.000,0.000,0.000,0.000
108,0.000,0.000,0.000,0.000,0.000
109,0.000,0.000,0.000,0.000,0.000
110,0.000,0.000,0.000,0.000,0.000
111,0.000,0.000,0.000,0.000,0.000
112,0.000,0.000,0.000,0.000,0.000
113,0.000,0.000,0.000,0.000,0.000
114,0.000,0.000,0.000,0.000,0.000
115,0.000,0.000,0.000,0.000,0.000
116,0.000,0.000,0.000,0.000,0.000
117,0.000,0.000,0.000,0.000,0.000
118,0.000,0.000,0.000,0.000,0.000
119,0.000,0.000,0.000,0.000,0.000
120,0.000,0.000,0.000,0.000,0.000
121,0.000,0.000,0.000,0.000,0.000
122,0.000,0.000,0.000,0.000,0.000
123,0.000,0.000,0.000,0.000,0.000
124,0.000,0.000,0.000,0.000,0.000
125,0.000,0.000,0.000,0.000,0.000
126,0.000,0.000,0.000,0.000,0.000
127,0.000,0.000,0.000,0.000,0.000
128,0.000,0.000,0.000,0.000,0.000
129,0.000,0.000,0.000,0.000,0.000
130,0.000,0.000,0.000,0.000,0.000
131,0.000,0.000,0.000,0.000,0.000
132,0.000,0.000,0.000,0.000,0.000
133,0.000,0.000,0.000,0.000,0.000
134,0.000,0.000,0.000,0.000,0.000
135,0.000,0.000,0.000,0.000,0.000
136,0.000,0.000,0.000,0.000,0.000
137,0.000,0.000,0.000,0.000,0.000
138,0.000,0.000,0.000,0.000,0.000
139,0.000,0.000,0.000,0.000,0.000
140,0.000,0.000,0.000,0.000,0.000
141,0.000,0.000,0.000,0.000,0.000
142,0.000,0.000,0.000,0.000,0.000
143,0.000,0.000,0.000,0.000,0.000
144,0.000,0.000,0.000,0.000,0.000
145,0.000,0.000,0.000,0.000,0.000
146,0.000,0.000,0.000,0.000,0.000
147,0.000,0.000,0.000,0.000,0.000
148,0.000,0.000,0.000,0.000,0.000
149,0.000,0.000,0.000,0.000,0.000
150,0.000,0.000,0.000,0.000,0.000
151,0.000,0.000,0.000,0.000,0.000
152,0.000,0.000,0.000,0.000,0.000
153,0.000,0.000,0.000,0.000,0.000
154,0.000,0.000,0.000,0.000,0.000
155,0.000,0.000,0.000,0.000,0.000
156,0.000,0.000,0.000,0.000,0.000
157,0.000,0.000,0.000,0.000,0.000
158,0.000,0.000,0.000,0.000,0.000
159,0.000,0.000,0.000,0.000,0.000
160,0.000,0.000,0.000,0.000,0.000
161,0.000,0.000,0.000,0.000,0.000
162,0.000,0.000,0.000,0.000,0.000
163,0.000,0.000,0.000,0.000,0.000
164,0.000,0.000,0.000,0.000,0.000
165,0.000,0.000,0.000,0.000,0.000
166,0.000,0.000,0.000,0.000,0.000
167,0.000,0.000,0.000,0.000,0.000
168,0.000,0.000,0.000,0.000,0.000
169,0.000,0.000,0.000,0.000,0.000
170,0.000,0.000,0.000,0.000,0.000
171,0.000,0.000,0.000,0.000,0.000
172,0.000,0.000,0.000,0.000,0.000
173,0.000,0.000,0.000,0.000,0.000
174,0.000,0.000,0.000,0.000,0.000
175,0.000,0.000,0.000,0.000,0.000
176,0.000,0.000,0.000,0.000,0.000
177,0.000,0.000,0.000,0.000,0.000
178,0.000,0.000,0.000,0.000,0.000
179,0.000,0.000,0.000,0.000,0.000
180,0.000,0.000,0.000,0.000,0.000
181,0.000,0.000,0.000,0.000,0.000
182,0.000,0.000,0.000,0.000,0.000
183,0.000,0.000,0.000,0.000,0.000
184,0.000,0.000,0.000,0.000,0.000
185,0.000,0.000,0.000,0.000,0.000
186,0.000,0.000,0.000,0.000,0.000
187,0.000,0.000,0.000,0.000,0.000
188,0.000,0.000,0.000,0.000,0.000
189,0.000,0.000,0.000,0.000,0.000
190,0.000,0.000,0.000,0.000,0.000
191,0.000,0.000,0.000,0.000,0.000
192,0.000,0.000,0.000,0.000,0.000
193,0.000,0.000,0.000,0.000,0.000
194,0.000,0.000,0.000,0.000,0.000
195,0.000,0.000,0.000,0.000,0.000
196,0.000,0.000,0.000,0.000,0.000
197,0.000,0.000,0.000,0.000,0.000
198,0.000,0.000,0.000,0.000,0.000
199,0.000,0.000,0.000,0.000,0.000
200,0.000,0.000,0.000,0.000,0.000
201,0.000,0.000,0.000,0.000,0.000
202,0.000,0.000,0.000,0.000,0.000
203,0.000,0.000,0.000,0.000,0.000
204,0.000,0.000,0.000,0.000,0.000
205,0.000,0.000,0.000,0.000,0.000
206,0.000,0.000,0.000,0.000,0.000
207,0.000,0.000,0.000,0.000,0.000
208,0.000,0.000,0.000,0.000,0.000
209,0.000,0.000,0.000,0.000,0.000
210,0.000,0.000,0.000,0.000,0.000
211,0.000,0.000,0.000,0.000,0.000
212,0.000,0.000,0.000,0.000,0.000
213,0.000,0.000,0.000,0.000,0.000
214,0.000,0.000,0.000,0.000,0.000
215,0.000,0.000,0.000,0.000,0.000
216,0.000,0.000,0.000,0.000,0.000
217,0.000,0.000,0.000,0.000,0.000
218,0.000,0.000,0.000,0.000,0.000
219,0.000,0.000,0.000,0.000,0.000
220,0.000,0.000,0.000,0.000,0.000
221,0.000,0.000,0.000,0.000,0.000
222,0.000,0.000,0.000,0.000,0.000
223,0.000,0.000,0.000,0.000,0.000
224,0.000,0.000,0.000,0.000,0.000
225,0.000,0.000,0.000,0.000,0.000
226,0.000,0.000,0.000,0.000,0.000
227,0.000,0.000,0.000,0.000,0.000
228,0.000,0.000,0.000,0.000,0.000
229,0.000,0.000,0.000,0.000,0.000
230,0.000,0.000,0.000,0.000,0.000
231,0.000,0.000,0.000,0.000,0.000
232,0.000,0.000,0.000,0.000,0.000
233,0.000,0.000,0.000,0.000,0.000
234,0.000,0.000,0.000,0.000,0.000
235,0.000,0.000,0.000,0.000,0.000
236,0.000,0.000,0.000,0.000,0.000
237,0.000,0.000,0.000,0.000,0.000
238,0.000,0.000,0.000,0.000,0.000
239,0.000,0.000,0.000,0.000,0.000
240,0.000,0.000,0.000,0.000,0.000
241,0.000,0.000,0.000,0.000,0.000
242,0.000,0.000,0.000,0.000,0.000
243,0.000,0.000,0.000,0.000,0.000
244,0.000,0.000,0.000,0.000,0.000
245,0.000,0.000,0.000,0.000,0.000
246,0.000,0.000,0.000,0.000,0.000
247,0.000,0.000,0.000,0.000,0.000
248,0.000,0.000,0.000,0.000,0.000
249,0.000,0.000,0.000,0.000,0.000
250,0.000,0.000,0.000,0.000,0.000
251,0.000,0.000,0.000,0.000,0.000
252,0.000,0.000,0.000,0.000,0.000
253,0.000,0.000,0.000,0.000,0.000
254,0.000,0.000,0.000,0.000,0.000
255,0.000,0.000,0.000,0.000,0.000
256,0.000,0.000,0.000,0.000,0.000
257,0.000,0.000,0.000,0.000,0.000
258,0.000,0.000,0.000,0.000,0.000
259,0.000,0.000,0.000,0.000,0.000
260,0.000,0.000,0.000,0.000,0.000
261,0.000,0.000,0.000,0.000,0.000
262,0.000,0.000,0.000,0.000,0.000
263,0.000,0.000,0.000,0.000,0.000
264,0.000,0.000,0.000,0.000,0.000
265,0.000,0.000,0.000,0.000,0.000
266,0.000,0.000,0.000,0.000,0.000
267,0.000,0.000,0.000,0.000,0.000
268,0.000,0.000,0.000,0.000,0.000
269,0.000,0.000,0.000,0.000,0.000
270,0.000,0.000,0.000,0.000,0.000
271,0.000,0.000,0.000,0.000,0.000
272,0.000,0.000,0.000,0.000,0.000
273,0.000,0.000,0.000,0.000,0.000
274,0.000,0.000,0.000,0.000,0.000
275,0.000,0.000,0.000,0.000,0.000
276,0.000,0.000,0.000,0.000,0.000
277,0.000,0.000,0.000,0.000,0.000
278,0.000,0.000,0.000,0.000,0.000
279,0.000,0.000,0.000,0.000,0.000
280,0.000,0.000,0.000,0.000,0.000
281,0.000,0.000,0.000,0.000,0.000
282,0.000,0.000,0.000,0.000,0.000
283,0.000,0.000,0.000,0.000,0.000
284,0.000,0.000,0.000,0.000,0.000
285,0.000,0.000,0.000,0.000,0.000
286,0.000,0.000,0.000,0.000,0.000
287,0.000,0.000,0.000,0.000,0.000
288,0.000,0.000,0.000,0.000,0.000
289,0.000,0.000,0.000,0.000,0.000
290,0.000,0.000,0.000,0.000,0.000
291,0.000,0.000,0.000,0.000,0.000
292,0.000,0.000,0.000,0.000,0.000
293,0.000,0.000,0.000,0.000,0.000
294,0.000,0.000,0.000,0.000,0.000
295,0.000,0.000,0.000,0.000,0.000
296,0.000,0.000,0.000,0.000,0.000
297,0.000,0.000,0.000,0.000,0.000
298,0.000,0.000,0.000,0.000,0.000
299,0.000,0.000,0.000,0.000,0.000
300,0.000,0.000,0.000,0.000,0.000
301,0.000,0.000,0.000,0.000,0.000
302,0.000,0.000,0.000,0.000,0.000
303,0.000,0.000,0.000,0.000,0.000
304,0.000,0.000,0.000,0.000,0.000
305,0.000,0.000,0.000,0.000,0.000
306,0.000,0.000,0.000,0.000,0.000
307,0.000,0.000,0.000,0.000,0.000
308,0.000,0.000,0.000,0.000,0.000
309,0.000,0.000,0.000,0.000,0.000
310,0.000,0.000,0.000,0.000,0.000
311,0.000,0.000,0.000,0.000,0.000
312,0.000,0.000,0.000,0.000,0.000
313,0.000,0.000,0.000,0.000,0.000
314,0.000,0.000,0.000,0.000,0.000
315,0.000,0.000,0.000,0.000,0.000
316,0.000,0.000,0.000,0.000,0.000
317,0.000,0.000,0.000,0.000,0.000
318,0.000,0.000,0.000,0.000,0.000
319,0.000,0.000,0.000,0.000,0.000
320,0.000,0.000,0.000,0.000,0.000
321,0.000,0.000,0.000,0.000,0.000
322,0.000,0.000,0.000,0.000,0.000
323,0.000,0.000,0.000,0.000,0.000
324,0.000,0.000,0.000,0.000,0.000
325,0.000,0.000,0.000,0.000,0.000
326,0.000,0.000,0.000,0.000,0.000
327,0.000,0.000,0.000,0.000,0.000
328,0.000,0.000,0.000,0.000,0.000
329,0.000,0.000,0.000,0.000,0.000
330,0.000,0.000,0.000,0.000,0.000
331,0.000,0.000,0.000,0.000,0.000
332,0.000,0.000,0.000,0.000,0.000
333,0.000,0.000,0.000,0.000,0.000
334,0.000,0.000,0.000,0.000,0.000
335,0.000,0.000,0.000,0.000,0.000
336,0.000,0.000,0.000,0.000,0.000
337,0.000,0.000,0.000,0.000,0.000
338,0.000,0.000,0.000,0.000,0.000
339,0.000,0.000,0.000,0.000,0.000
340,0.000,0.000,0.000,0.000,0.000
341,0.000,0.000,0.000,0.000,0.000
342,0.000,0.000,0.000,0.000,0.000
343,0.000,0.000,0.000,0.000,0.000
344,0.000,0.000,0.000,0.000,0.000
345,0.000,0.000,0.000,0.000,0.000
346,0.000,0.000,0.000,0.000,0.000
347,0.000,0.000,0.000,0.000,0.000
348,0.000,0.000,0.000,0.000,0.000
349,0.000,0.000,0.000,0.000,0.000
350,0.000,0.000,0.000,0.000,0.000
351,0.000,0.000,0.000,0.000,0.000
352,0.000,0.000,0.000,0.000,0.000
353,0.000,0.000,0.000,0.000,0.000
354,0.000,0.000,0.000,0.000,0.000
355,0.000,0.000,0.000,0.000,0.000
356,0.000,0.000,0.000,0.000,0.000
357,0.000,0.000,0.000,0.000,0.000
358,0.000,0.000,0.000,0.000,0.000
359,0.000,0.000,0.000,0.000,0.000
360,0.000,0.000,0.000,0.000,0.000
361,0.000,0.000,0.000,0.000,0.000
362,0.000,0.000,0.000,0.000,0.000
363,0.000,0.000,0.000,0.000,0.000
364,0.000,0.000,0.000,0.000,0.000
365,0.000,0.000,0.000,0.000,0.000
366,0.000,0.000,0.000,0.000,0.000
367,0.000,0.000,0.000,0.000,0.000
368,0.000,0.000,0.000,0.000,0.000
369,0.000,0.000,0.000,0.000,0.000
370,0.000,0.000,0.000,0.000,0.000
371,0.000,0.000,0.000,0.000,0.000
372,0.000,0.000,0.000,0.000,0.000
373,0.000,0.000,0.000,0.000,0.000
374,0.000,0.000,0.000,0.000,0.000
375,0.000,0.000,0.000,0.000,0.000
376,0.000,0.000,0.000,0.000,0.000
377,0.000,0.000,0.000,0.000,0.000
378,0.000,0.000,0.000,0.000,0.000
379,0.000,0.000,0.000,0.000,0.000
380,0.000,0.000,0.000,0.000,0.000
381,0.000,0.000,0.000,0.000,0.000
382,0.000,0.000,0.000,0.000,0.000
383,0.000,0.000,0.000,0.000,0.000
384,0.000,0.000,0.000,0.000,0.000
385,0.000,0.000,0.000,0.000,0.000
386,0.000,0.000,0.000,0.000,0.000
387,0.000,0.000,0.000,0.000,0.000
388,0.000,0.000,0.000,0.000,0.000
389,0.000,0.000,0.000,0.000,0.000
390,0.000,0.000,0.000,0.000,0.000
391,0.000,0.000,0.000,0.000,0.000
392,0.000,0.000,0.000,0.000,0.000
393,0.000,0.000,0.000,0.000,0.000
394,0.000,0.000,0.000,0.000,0.000
395,0.000,0.000,0.000,0.000,0.000
396,0.000,0.000,0.000,0.000,0.000
397,0.000,0.000,0.000,0.000,0.000
398,0.000,0.000,0.000,0.000,0.000
399,0.000,0.000,0.000,0.000,0.000
400,0.000,0.000,0.000,0.000,0.000
401,0.000,0.000,0.000,0.000,0.000
402,0.000,0.000,0.000,0.000,0.000
403,0.000,0.000,0.000,0.000,0.000
404,0.000,0.000,0.000,0.000,0.000
405,0.000,0.000,0.000,0.000,0.000
406,0.000,0.000,0.000,0.000,0.000
407,0.000,0.000,0.000,0.000,0.000
408,0.000,0.000,0.000,0.000,0.000
409,0.000,0.000,0.000,0.000,0.000
410,0.000,0.000,0.000,0.000,0.000
411,0.000,0.000,0.000,0.000,0.000
412,0.000,0.000,0.000,0.000,0.000
413,0.000,0.000,0.000,0.000,0.000
414,0.000,0.000,0.000,0.000,0.000
415,0.000,0.000,0.000,0.000,0.000
416,0.000,0.000,0.000,0.000,0.000
417,0.000,0.000,0.000,0.000,0.000
418,0.000,0.000,0.000,0.000,0.000
419,0.000,0.000,0.000,0.000,0.000
420,0.000,0.000,0.000,0.000,0.000
421,0.000,0.000,0.000,0.000,0.000
422,0.000,0.000,0.000,0.000,0.000
423,0.000,0.000,0.000,0.000,0.000
424,0.000,0.000,0.000,0.000,0.000
425,0.000,0.000,0.000,0.000,0.000
426,0.000,0.000,0.000,0.000,0.000
427,0.000,0.000,0.000,0.000,0.000
428,0.000,0.000,0.000,0.000,0.000
429,0.000,0.000,0.000,0.000,0.000
430,0.000,0.000,0.000,0.000,0.000
431,0.000,0.000,0.000,0.000,0.000
432,0.000,0.000,0.000,0.000,0.000
433,0.000,0.000,0.000,0.000,0.000
434,0.000,0.000,0.000,0.000,0.000
435,0.000,0.000,0.000,0.000,0.000
436,0.000,0.000,0.000,0.000,0.000
437,0.000,0.000,0.000,0.000,0.000
438,0.000,0.000,0.000,0.000,0.000
439,0.000,0.000,0.000,0.000,0.000
440,0.000,0.000,0.000,0.000,0.000
441,0.000,0.000,0.000,0.000,0.000
442,0.000,0.000,0.000,0.000,0.000
443,0.000,0.000,0.000,0.000,0.000
444,0.000,0.000,0.000,0.000,0.000
445,0.000,0.000,0.000,0.000,0.000
446,0.000,0.000,0.000,0.000,0.000
447,0.000,0.000,0.000,0.000,0.000
448,0.000,0.000,0.000,0.000,0.000
449,0.000,0.000,0.000,0.000,0.000
450,0.000,0.000,0.000,0.000,0.000
451,0.000,0.000,0.000,0.000,0.000
452,0.000,0.000,0.000,0.000,0.000
453,0.000,0.000,0.000,0.000,0.000
454,0.000,0.000,0.000,0.000,0.000
455,0.000,0.000,0.000,0.000,0.000
456,0.000,0.000,0.000,0.000,0.000
457,0.000,0.000,0.000,0.000,0.000
458,0.000,0.000,0.000,0.000,0.000
459,0.000,0.000,0.000,0.000,0.000
460,0.000,0.000,0.000,0.000,0.000
461,0.000,0.000,0.000,0.000,0.000
462,0.000,0.000,0.000,0.000,0.000
463,0.000,0.000,0.000,0.000,0.000
464,0.000,0.000,0.000,0.000,0.000
465,0.000,0.000,0.000,0.000,0.000
466,0.000,0.000,0.000,0.000,0.000
467,0.000,0.000,0.000,0.000,0.000
468,0.000,0.000,0.000,0.000,0.000
469,0.000,0.000,0.000,0.000,0.000
470,0.000,0.000,0.000,0.000,0.000
471,0.000,0.000,0.000,0.000,0.000
472,0.000,0.000,0.000,0.000,0.000
473,0.000,0.000,0.000,0.000,0.000
474,0.000,0.000,0.000,0.000,0.000
475,0.000,0.000,0.000,0.000,0.000
476,0.000,0.000,0.000,0.000,0.000
477,0.000,0.000,0.000,0.000,0.000
478,0.000,0.000,0.000,0.000,0.000
479,0.000,0.000,0.000,0.000,0.000
480,0.000,0.000,0.000,0.000,0.000
481,0.000,0.000,0.000,0.000,0.000
482,0.000,0.000,0.000,0.000,0.000
483,0.000,0.000,0.000,0.000,0.000
484,0.000,0.000,0.000,0.000,0.000
485,0.000,0.000,0.000,0.000,0.000
486,0.000,0.000,0.000,0.000,0.000
487,0.000,0.000,0.000,0.000,0.000
488,0.000,0.000,0.000,0.000,0.000
489,0.000,0.000,0.000,0.000,0.000
490,0.000,0.000,0.000,0.000,0.000
491,0.000,0.000,0.000,0.000,0.000
492,0.000,0.000,0.000,0.000,0.000
493,0.000,0.000,0.000,0.000,0.000
494,0.000,0.000,0.000,0.000,0.000
495,0.000,0.000,0.000,0.000,0.000
496,0.000,0.000,0.000,0.000,0.000
497,0.000,0.000,0.000,0.000,0.000
498,0.000,0.000,0.000,0.000,0.000
499,0.000,0.000,0.000,0.000,0.000
500,0.000,0.000,0.000,0.000,0.000
501,0.000,0.000,0.000,0.000,0.000
502,0.000,0.000,0.000,0.000,0.000
503,0.000,0.000,0.000,0.000,0.000
504,0.000,0.000,0.000,0.000,0.000
505,0.000,0.000,0.000,0.000,0.000
506,0.000,0.000,0.000,0.000,0.000
507,0.000,0.000,0.000,0.000,0.000
508,0.000,0.000,0.000,0.000,0.000
509,0.000,0.000,0.000,0.000,0.000
510,0.000,0.000,0.000,0.000,0.000
511,0.000,0.000,0.000,0.000,0.000
512,0.000,0.000,0.000,0.000,0.000
513,0.000,0.000,0.000,0.000,0.000
514,0.000,0.000,0.000,0.000,0.000
515,0.000,0.000,0.000,0.000,0.000
516,0.000,0.000,0.000,0.000,0.000
517,0.000,0.000,0.000,0.000,0.000
518,0.000,0.000,0.000,0.000,0.000
519,0.000,0.000,0.000,0.000,0.000
520,0.000,0.000,0.000,0.000,0.000
521,0.000,0.000,0.000,0.000,0.000
522,0.000,0.000,0.000,0.000,0.000
523,0.000,0.000,0.000,0.000,0.000
524,0.000,0.000,0.000,0.000,0.000
525,0.000,0.000,0.000,0.000,0.000
526,0.000,0.000,0.000,0.000,0.000
527,0.000,0.000,0.000,0.000,0.000
528,0.000,0.000,0.000,0.000,0.000
529,0.000,0.000,0.000,0.000,0.000
530,0.000,0.000,0.000,0.000,0.000
531,0.000,0.000,0.000,0.000,0.000
532,0.000,0.000,0.000,0.000,0.000
533,0.000,0.000,0.000,0.000,0.000
534,0.000,0.000,0.000,0.000,0.000
535,0.000,0.000,0.000,0.000,0.000
536,0.000,0.000,0.000,0.000,0.000
537,0.000,0.000,0.000,0.000,0.000
538,0.000,0.000,0.000,0.000,0.000
539,0.000,0.000,0.000,0.000,0.000
540,0.000,0.000,0.000,0.000,0.000
541,0.000,0.000,0.000,0.000,0.000
542,0.000,0.000,0.000,0.000,0.000
543,0.000,0.000,0.000,0.000,0.000
544,0.000,0.000,0.000,0.000,0.000
545,0.000,0.000,0.000,0.000,0.000
546,0.000,0.000,0.000,0.000,0.000
547,0.000,0.000,0.000,0.000,0.000
548,0.000,0.000,0.000,0.000,0.000
549,0.000,0.000,0.000,0.000,0.000
550,0.000,0.000,0.000,0.000,0.000
551,0.000,0.000,0.000,0.000,0.000
552,0.000,0.000,0.000,0.000,0.000
553,0.000,0.000,0.000,0.000,0.000
554,0.000,0.000,0.000,0.000,0.000
555,0.000,0.000,0.000,0.000,0.000
556,0.000,0.000,0.000,0.000,0.000
557,0.000,0.000,0.000,0.000,0.000
558,0.000,0.000,0.000,0.000,0.000
559,0.000,0.000,0.000,0.000,0.000
560,0.000,0.000,0.000,0.000,0.000
561,0.000,0.000,0.000,0.000,0.000
562,0.000,0.000,0.000,0.000,0.000
563,0.000,0.000,0.000,0.000,0.000
564,0.000,0.000,0.000,0.000,0.000
565,0.000,0.000,0.000,0.000,0.000
566,0.000,0.000,0.000,0.000,0.000
567,0.000,0.000,0.000,0.000,0.000
568,0.000,0.000,0.000,0.000,0.000
569,0.000,0.000,0.000,0.000,0.000
570,0.000,0.000,0.000,0.000,0.000
571,0.000,0.000,0.000,0.000,0.000
572,0.000,0.000,0.000,0.000,0.000
573,0.000,0.000,0.000,0.000,0.000
574,0.000,0.000,0.000,0.000,0.000
575,0.000,0.000,0.000,0.000,0.000
576,0.000,0.000,0.000,0.000,0.000
577,0.000,0.000,0.000,0.000,0.000
578,0.000,0.000,0.000,0.000,0.000
579,0.000,0.000,0.000,0.000,0.000
580,0.000,0.000,0.000,0.000,0.000
581,0.000,0.000,0.000,0.000,0.000
582,0.000,0.000,0.000,0.000,0.000
583,0.000,0.000,0.000,0.000,0.000
584,0.000,0.000,0.000,0.000,0.000
585,0.000,0.000,0.000,0.000,0.000
586,0.000,0.000,0.000,0.000,0.000
587,0.000,0.000,0.000,0.000,0.000
588,0.000,0.000,0.000,0.000,0.000
589,0.000,0.000,0.000,0.000,0.000
590,0.000,0.000,0.000,0.000,0.000
591,0.000,0.000,0.000,0.000,0.000
592,0.000,0.000,0.000,0.000,0.000
593,0.000,0.000,0.000,0.000,0.000
594,0.000,0.000,0.000,0.000,0.000
595,0.000,0.000,0.000,0.000,0.000
596,0.000,0.000,0.000,0.000,0.000
597,0.000,0.000,0.000,0.000,0.000
598,0.000,0.000,0.000,0.000,0.000
599,0.000,0.000,0.000,0.000,0.000
600,0.000,0.000,0.000,0.000,0.000
601,0.000,0.000,0.000,0.000,0.000
602,0.000,0.000,0.000,0.000,0.000
603,0.000,0.000,0.000,0.000,0.000
604,0.000,0.000,0.000,0.000,0.000
605,0.000,0.000,0.000,0.000,0.000
606,0.000,0.000,0.000,0.000,0.000
607,0.000,0.000,0.000,0.000,0.000
608,0.000,0.000,0.000,0.000,0.000
609,0.000,0.000,0.000,0.000,0.000
610,0.000,0.000,0.000,0.000,0.000
611,0.000,0.000,0.000,0.000,0.000
612,0.000,0.000,0.000,0.000,0.000
613,0.000,0.000,0.000,0.000,0.000
614,0.000,0.000,0.000,0.000,0.000
615,0.000,0.000,0.000,0.000,0.000
616,0.000,0.000,0.000,0.000,0.000
617,0.000,0.000,0.000,0.000,0.000
618,0.000,0.000,0.000,0.000,0.000
619,0.000,0.000,0.000,0.000,0.000
620,0.000,0.000,0.000,0.000,0.000
621,0.000,0.000,0.000,0.000,0.000
622,0.000,0.000,0.000,0.000,0.000
623,0.000,0.000,0.000,0.000,0.000
624,0.000,0.000,0.000,0.000,0.000
625,0.000,0.000,0.000,0.000,0.000
626,0.000,0.000,0.000,0.000,0.000
627,0.000,0.000,0.000,0.000,0.000
628,0.000,0.000,0.000,0.000,0.000
629,0.000,0.000,0.000,0.000,0.000
630,0.000,0.000,0.000,0.000,0.000
631,0.000,0.000,0.000,0.000,0.000
632,0.000,0.000,0.000,0.000,0.000
633,0.000,0.000,0.000,0.000,0.000
634,0.000,0.000,0.000,0.000,0.000
635,0.000,0.000,0.000,0.000,0.000
636,0.000,0.000,0.000,0.000,0.000
637,0.000,0.000,0.000,0.000,0.000
638,0.000,0.000,0.000,0.000,0.000
639,0.000,0.000,0.000,0.000,0.000
640,0.000,0.000,0.000,0.000,0.000
641,0.000,0.000,0.000,0.000,0.000
642,0.000,0.000,0.000,0.000,0.000
643,0.000,0.000,0.000,0.000,0.000
644,0.000,0.000,0.000,0.000,0.000
645,0.000,0.000,0.000,0.000,0.000
646,0.000,0.000,0.000,0.000,0.000
647,0.000,0.000,0.000,0.000,0.000
648,0.000,0.000,0.000,0.000,0.000
649,0.000,0.000,0.000,0.000,0.000
650,0.000,0.000,0.000,0.000,0.000
651,0.000,0.000,0.000,0.000,0.000
652,0.000,0.000,0.000,0.000,0.000
653,0.000,0.000,0.000,0.000,0.000
654,0.000,0.000,0.000,0.000,0.000
655,0.000,0.000,0.000,0.000,0.000
656,0.000,0.000,0.000,0.000,0.000
657,0.000,0.000,0.000,0.000,0.000
658,0.000,0.000,0.000,0.000,0.000
659,0.000,0.000,0.000,0.000,0.000
660,0.000,0.000,0.000,0.000,0.000
661,0.000,0.000,0.000,0.000,0.000
662,0.000,0.000,0.000,0.000,0.000
663,0.000,0.000,0.000,0.000,0.000
664,0.000,0.000,0.000,0.000,0.000
665,0.000,0.000,0.000,0.000,0.000
666,0.000,0.000,0.000,0.000,0.000
667,0.000,0.000,0.000,0.000,0.000
668,0.000,0.000,0.000,0.000,0.000
669,0.000,0.000,0.000,0.000,0.000
670,0.000,0.000,0.000,0.000,0.000
671,0.000,0.000,0.000,0.000,0.000
672,0.000,0.000,0.000,0.000,0.000
673,0.000,0.000,0.000,0.000,0.000
674,0.000,0.000,0.000,0.000,0.000
675,0.000,0.000,0.000,0.000,0.000
676,0.000,0.000,0.000,0.000,0.000
677,0.000,0.000,0.000,0.000,0.000
678,0.000,0.000,0.000,0.000,0.000
679,0.000,0.000,0.000,0.000,0.000
680,0.000,0.000,0.000,0.000,0.000
681,0.000,0.000,0.000,0.000,0.000
682,0.000,0.000,0.000,0.000,0.000
683,0.000,0.000,0.000,0.000,0.000
684,0.000,0.000,0.000,0.000,0.000
685,0.000,0.000,0.000,0.000,0.000
686,0.000,0.000,0.000,0.000,0.000
687,0.000,0.000,0.000,0.000,0.000
688,0.000,0.000,0.000,0.000,0.000
689,0.000,0.000,0.000,0.000,0.000
690,0.000,0.000,0.000,0.000,0.000
691,0.000,0.000,0.000,0.000,0.000
692,0.000,0.000,0.000,0.000,0.000
693,0.000,0.000,0.000,0.000,0.000
694,0.000,0.000,0.000,0.000,0.000
695,0.000,0.000,0.000,0.000,0.000
696,0.000,0.000,0.000,0.000,0.000
697,0.000,0.000,0.000,0.000,0.000
698,0.000,0.000,0.000,0.000,0.000
699,0.000,0.000,0.000,0.000,0.000
700,0.000,0.000,0.000,0.000,0.000
701,0.000,0.000,0.000,0.000,0.000
702,0.000,0.000,0.000,0.000,0.000
703,0.000,0.000,0.000,0.000,0.000
704,0.000,0.000,0.000,0.000,0.000
705,0.000,0.000,0.000,0.000,0.000
706,0.000,0.000,0.000,0.000,0.000
707,0.000,0.000,0.000,0.000,0.000
708,0.000,0.000,0.000,0.000,0.000
709,0.000,0.000,0.000,0.000,0.000
710,0.000,0.000,0.000,0.000,0.000
711,0.000,0.000,0.000,0.000,0.000
712,0.000,0.000,0.000,0.000,0.000
713,0.000,0.000,0.000,0.000,0.000
714,0.000,0.000,0.000,0.000,0.000
715,0.000,0.000,0.000,0.000,0.000
716,0.000,0.000,0.000,0.000,0.000
717,0.000,0.000,0.000,0.000,0.000
718,0.000,0.000,0.000,0.000,0.000
719,0.000,0.000,0.000,0.000,0.000
720,0.000,0.000,0.000,0.000,0.000
721,0.000,0.000,0.000,0.000,0.000
722,0.000,0.000,0.000,0.000,0.000
723,0.000,0.000,0.000,0.000,0.000
724,0.000,0.000,0.000,0.000,0.000
725,0.000,0.000,0.000,0.000,0.000
726,0.000,0.000,0.000,0.000,0.000
727,0.000,0.000,0.000,0.000,0.000
728,0.000,0.000,0.000,0.000,0.000
729,0.000,0.000,0.000,0.000,0.000
730,0.000,0.000,0.000,0.000,0.000
731,0.000,0.000,0.000,0.000,0.000
732,0.000,0.000,0.000,0.000,0.000
733,0.000,0.000,0.000,0.000,0.000
734,0.000,0.000,0.000,0.000,0.000
735,0.000,0.000,0.000,0.000,0.000
736,0.000,0.000,0.000,0.000,0.000
737,0.000,0.000,0.000,0.000,0.000
738,0.000,0.000,0.000,0.000,0.000
739,0.000,0.000,0.000,0.000,0.000
740,0.000,0.000,0.000,0.000,0.000
741,0.000,0.000,0.000,0.000,0.000
742,0.000,0.000,0.000,0.000,0.000
743,0.000,0.000,0.000,0.000,0.000
744,0.000,0.000,0.000,0.000,0.000
745,0.000,0.000,0.000,0.000,0.000
746,0.000,0.000,0.000,0.000,0.000
747,0.000,0.000,0.000,0.000,0.000
748,0.000,0.000,0.000,0.000,0.000
749,0.000,0.000,0.000,0.000,0.000
750,0.000,0.000,0.000,0.000,0.000
751,0.000,0.000,0.000,0.000,0.000
752,0.000,0.000,0.000,0.000,0.000
753,0.000,0.000,0.000,0.000,0.000
754,0.000,0.000,0.000,0.000,0.000
755,0.000,0.000,0.000,0.000,0.000
756,0.000,0.000,0.000,0.000,0.000
757,0.000,0.000,0.000,0.000,0.000
758,0.000,0.000,0.000,0.000,0.000
759,0.000,0.000,0.000,0.000,0.000
760,0.000,0.000,0.000,0.000,0.000
761,0.000,0.000,0.000,0.000,0.000
762,0.000,0.000,0.000,0.000,0.000
763,0.000,0.000,0.000,0.000,0.000
764,0.000,0.000,0.000,0.000,0.000
765,0.000,0.000,0.000,0.000,0.000
766,0.000,0.000,0.000,0.000,0.000
767,0.000,0.000,0.000,0.000,0.000
768,0.000,0.000,0.000,0.000,0.000
769,0.000,0.000,0.000,0.000,0.000
770,0.000,0.000,0.000,0.000,0.000
771,0.000,0.000,0.000,0.000,0.000
772,0.000,0.000,0.000,0.000,0.000
773,700.000,700.000,1400.000,0.000,0.000
774,700.000,700.000,1400.000,0.000,0.000
775,700.000,700.000,1400.000,0.000,0.000
776,700.000,700.000,1400.000,0.000,0.000
777,700.000,700.000,1400.000,0.000,0.000
778,700.000,700.000,1400.000,0.000,0.000
779,700.000,700.000,1400.000,0.000,0.000
780,700.000,700.000,1400.000,0.000,0.000
781,700.000,700.000,1400.000,0.000,0.000
782,700.000,700.000,1400.000,0.000,0.000
783,700.000,700.000,1400.000,0.000,0.000
784,700.000,700.000,1400.000,0.000,0.000
785,700.000,700.000,1400.000,0.000,0.000
786,700.000,700.000,1400.000,0.000,0.000
787,700.000,700.000,1400.000,0.000,0.000
788,700.000,700.000,1400.000,0.000,0.000
789,700.000,700.000,1400.000,0.000,0.000
790,700.000,700.000,1400.000,0.000,0.000
791,700.000,700.000,1400.000,0.000,0.000
792,700.000,700.000,1400.000,0.000,0.000
793,700.000,700.000,1400.000,0.000,0.000
794,700.000,700.000,1400.000,0.000,0.000
795,700.000,700.000,1400.000,0.000,0.000
796,700.000,700.000,1400.000,0.000,0.000
797,700.000,700.000,1400.000,0.000,0.000
798,700.000,700.000,1400.000,0.000,0.000
799,700.000,700.000,1400.000,0.000,0.000
800,700.000,700.000,1400.000,0.000,0.000
801,700.000,700.000,1400.000,0.000,0.000
802,700.000,700.000,1400.000,0.000,0.000
803,700.000,700.000,1400.000,0.000,0.000
804,700.000,700.000,1400.000,0.000,0.000
805,700.000,700.000,1400.000,0.000,0.000
806,700.000,700.000,1400.000,0.000,0.000
807,700.000,700.000,1400.000,0.000,0.000
808,700.000,700.000,1400.000,0.000,0.000
809,700.000,700.000,1400.000,0.000,0.000
810,700.000,700.000,1400.000,0.000,0.000
811,700.000,700.000,1400.000,0.000,0.000
812,700.000,700.000,1400.000,0.000,0.000
813,700.000,700.000,1400.000,0.000,0.000
814,700.000,700.000,1400.000,0.000,0.000
815,700.000,700.000,1400.000,0.000,0.000
816,700.000,700.000,1400.000,0.000,0.000
817,700.000,700.000,1400.000,0.000,0.000
818,700.000,700.000,1400.000,0.000,0.000
819,700.000,700.000,1400.000,0.000,0.000
820,700.000,700.000,1400.000,0.000,0.000
821,700.000,700.000,1400.000,0.000,0.000
822,700.000,700.000,1400.000,0.000,0.000
823,700.000,700.000,1400.000,0.000,0.000
824,700.000,700.000,1400.000,0.000,0.000
825,700.000,700.000,1400.000,0.000,0.000
826,700.000,700.000,1400.000,0.000,0.000
827,700.000,700.000,1400.000,0.000,0.000
828,700.000,700.000,1400.000,0.000,0.000
829,700.000,700.000,1400.000,0.000,0.000
830,700.000,700.000,1400.000,0.000,0.000
831,700.000,700.000,1400.000,0.000,0.000
832,700.000,700.000,1400.000,0.000,0.000
833,700.000,700.000,1400.000,0.000,0.000
834,700.000,700.000,1400.000,-0.088,0.000
835,700.000,700.000,1400.000,-0.088,0.000
836,700.000,700.000,1400.000,-0.088,0.000
837,700.000,700.000,1400.000,-0.088,0.000
838,700.000,700.000,1400.000,-0.088,0.000
839,700.000,700.000,1400.000,-0.088,0.000
840,700.000,700.000,1400.000,-0.088,0.000
841,700.000,700.000,1400.000,-0.088,0.000
842,700.000,700.000,1400.000,-0.088,0.000
843,700.000,700.000,1400.000,-0.088,0.000
844,700.000,700.000,1400.000,-0.088,0.000
845,700.000,700.000,1400.000,-0.088,0.000
846,700.000,700.000,1400.000,-0.088,0.000
847,700.000,700.000,1400.000,-0.176,0.000
848,700.000,700.000,1400.000,-0.176,0.000
849,700.000,700.000,1400.000,-0.176,0.000
850,700.000,700.000,1400.000,-0.176,0.000
851,700.000,700.000,1400.000,-0.176,0.000
852,700.000,700.000,1400.000,-0.176,0.000
853,700.000,700.000,1400.000,-0.176,0.000
854,700.000,700.000,1400.000,-0.176,0.000
855,700.000,700.000,1400.000,-0.176,0.000
856,700.000,700.000,1400.000,-0.176,0.000
857,700.000,700.000,1400.000,-0.176,0.000
858,700.000,700.000,1400.000,-0.176,0.000
859,700.000,700.000,1400.000,-0.176,0.000
860,700.000,700.000,1400.000,-0.176,0.000
861,700.000,700.000,1400.000,-0.176,0.088
862,700.000,700.000,1400.000,-0.176,0.088
863,700.000,700.000,1400.000,-0.176,0.088
864,700.000,700.000,1400.000,-0.176,0.088
865,700.000,700.000,1400.000,-0.176,0.088
866,700.000,700.000,1400.000,-0.176,0.088
867,700.000,700.000,1400.000,-0.176,0.088
868,700.000,700.000,1400.000,-0.176,0.176
869,700.000,700.000,1400.000,-0.176,0.176
870,700.000,700.000,1400.000,-0.176,0.176
871,700.000,700.000,1400.000,-0.176,0.176
872,700.000,700.000,1400.000,-0.176,0.176
873,700.000,700.000,1400.000,-0.176,0.176
874,700.000,700.000,1400.000,-0.176,0.176
875,700.000,700.000,1400.000,-0.176,0.176
876,700.000,700.000,1400.000,-0.176,0.176
877,700.000,700.000,1400.000,-0.176,0.176
878,700.000,700.000,1400.000,-0.176,0.176
879,700.000,700.000,1400.000,-0.176,0.176
880,700.000,700.000,1400.000,-0.176,0.176
881,700.000,700.000,1400.000,-0.176,0.176
882,700.000,700.000,1400.000,-0.176,0.176
883,700.000,700.000,1400.000,-0.176,0.176
884,700.000,700.000,1400.000,-0.176,0.176
885,700.000,700.000,1400.000,-0.176,0.264
886,700.000,700.000,1400.000,-0.176,0.264
887,700.000,700.000,1400.000,-0.264,0.264
888,700.000,700.000,1400.000,-0.264,0.264
889,700.000,700.000,1400.000,-0.264,0.264
890,700.000,700.000,1400.000,-0.264,0.264
891,700.000,700.000,1400.000,-0.264,0.264
892,700.000,700.000,1400.000,-0.264,0.264
893,700.000,700.000,1400.000,-0.264,0.264
894,700.000,700.000,1400.000,-0.264,0.264
895,700.000,700.000,1400.000,-0.264,0.264
896,700.000,700.000,1400.000,-0.264,0.264
897,700.000,700.000,1400.000,-0.264,0.264
898,700.000,700.000,1400.000,-0.264,0.264
899,700.000,700.000,1400.000,-0.264,0.264
900,700.000,700.000,1400.000,-0.264,0.264
901,700.000,700.000,1400.000,-0.264,0.264
902,700.000,700.000,1400.000,-0.264,0.264
903,700.000,700.000,1400.000,-0.264,0.264
904,700.000,700.000,1400.000,-0.264,0.264
905,700.000,700.000,1400.000,-0.264,0.264
906,700.000,700.000,1400.000,-0.264,0.264
907,700.000,700.000,1400.000,-0.264,0.264
908,700.000,700.000,1400.000,-0.264,0.264
909,700.000,700.000,1400.000,-0.264,0.264
910,700.000,700.000,1400.000,-0.264,0.264
911,700.000,700.000,1400.000,-0.264,0.264
912,700.000,700.000,1400.000,-0.088,0.264
913,700.000,700.000,1400.000,-0.088,0.264
914,700.000,700.000,1400.000,0.000,0.264
915,700.000,700.000,1400.000,0.088,0.176
916,700.000,700.000,1400.000,0.264,0.088
917,700.000,700.000,1400.000,0.352,0.088
918,700.000,700.000,1400.000,0.615,0.000
919,700.000,700.000,1400.000,0.879,-0.176
920,700.000,700.000,1400.000,0.967,-0.264
921,700.000,700.000,1400.000,1.055,-0.352
922,700.000,700.000,1400.000,1.143,-0.615
923,700.000,700.000,1400.000,1.143,-0.879
924,700.000,700.000,1400.000,1.143,-1.055
925,700.000,700.000,1400.000,1.143,-1.230
926,700.000,700.000,1400.000,1.143,-1.494
927,700.000,700.000,1400.000,1.143,-1.758
928,700.000,700.000,1400.000,1.143,-1.934
929,700.000,700.000,1400.000,1.230,-2.197
930,700.000,700.000,1400.000,1.582,-2.461
931,700.000,700.000,1400.000,1.670,-2.813
932,700.000,700.000,1400.000,1.846,-2.988
933,700.000,700.000,1400.000,2.021,-3.252
934,700.000,700.000,1400.000,2.285,-3.604
935,700.000,700.000,1400.000,2.285,-4.043
936,700.000,700.000,1400.000,2.285,-4.307
937,700.000,700.000,1400.000,2.373,-4.746
938,700.000,700.000,1400.000,2.373,-5.098
939,700.000,700.000,1400.000,2.373,-5.537
940,700.000,700.000,1400.000,2.373,-5.889
941,700.000,700.000,1400.000,2.373,-6.240
942,700.000,700.000,1400.000,2.461,-6.680
943,700.000,700.000,1400.000,2.637,-6.943
944,700.000,700.000,1400.000,2.900,-7.383
945,700.000,700.000,1400.000,3.164,-7.734
946,700.000,700.000,1400.000,3.340,-8.086
947,700.000,700.000,1400.000,3.604,-8.613
948,700.000,700.000,1400.000,3.604,-8.965
949,700.000,700.000,1400.000,3.691,-9.404
950,700.000,700.000,1400.000,3.867,-9.844
951,700.000,700.000,1400.000,3.867,-10.283
952,700.000,700.000,1400.000,4.043,-10.723
953,700.000,700.000,1400.000,4.307,-11.162
954,700.000,700.000,1400.000,4.395,-11.602
955,700.000,700.000,1400.000,4.658,-12.041
956,700.000,700.000,1400.000,4.834,-12.568
957,700.000,700.000,1400.000,4.922,-13.008
958,700.000,700.000,1400.000,5.186,-13.535
959,700.000,700.000,1400.000,5.537,-13.975
960,700.000,700.000,1400.000,5.889,-14.502
961,700.000,700.000,1400.000,6.152,-15.029
962,700.000,700.000,1400.000,6.416,-15.557
963,700.000,700.000,1400.000,6.592,-16.084
964,700.000,700.000,1400.000,6.768,-16.611
965,700.000,700.000,1400.000,6.943,-17.139
966,700.000,700.000,1400.000,7.207,-17.666
967,700.000,700.000,1400.000,7.383,-18.193
968,700.000,700.000,1400.000,7.559,-18.809
969,700.000,700.000,1400.000,7.822,-19.336
970,700.000,700.000,1400.000,8.262,-19.863
971,700.000,700.000,1400.000,8.613,-20.391
972,700.000,700.000,1400.000,8.701,-21.006
973,700.000,700.000,1400.000,9.053,-21.533
974,700.000,700.000,1400.000,9.229,-22.236
975,700.000,700.000,1400.000,9.492,-22.764
976,700.000,700.000,1400.000,9.668,-23.379
977,700.000,700.000,1400.000,9.844,-23.906
978,700.000,700.000,1400.000,10.020,-24.521
979,700.000,700.000,1400.000,10.195,-25.137
980,700.000,700.000,1400.000,10.459,-25.664
981,700.000,700.000,1400.000,10.811,-26.367
982,700.000,700.000,1400.000,11.074,-26.895
983,700.000,700.000,1400.000,11.338,-27.510
984,700.000,700.000,1400.000,11.602,-28.037
985,700.000,700.000,1400.000,11.865,-28.740
986,700.000,700.000,1400.000,12.129,-29.355
987,700.000,700.000,1400.000,12.305,-29.971
988,700.000,700.000,1400.000,12.656,-30.498
989,700.000,700.000,1400.000,12.832,-31.113
990,700.000,700.000,1400.000,13.184,-31.729
991,700.000,700.000,1400.000,13.447,-32.344
992,700.000,700.000,1400.000,13.711,-32.959
993,700.000,700.000,1400.000,13.975,-33.574
994,700.000,700.000,1400.000,14.150,-34.189
995,700.000,700.000,1400.000,14.502,-34.893
996,700.000,700.000,1400.000,14.854,-35.420
997,700.000,700.000,1400.000,15.029,-36.035
998,700.000,700.000,1400.000,15.381,-36.650
999,700.000,700.000,1400.000,15.645,-37.266
1000,700.000,700.000,1400.000,16.084,-37.969
1001,700.000,700.000,1400.000,16.348,-38.672
1002,700.000,700.000,1400.000,16.523,-39.199
1003,700.000,700.000,1400.000,16.963,-39.727
1004,700.000,700.000,1400.000,17.314,-40.430
1005,700.000,700.000,1400.000,17.666,-41.045
1006,700.000,700.000,1400.000,17.930,-41.660
1007,700.000,700.000,1400.000,18.369,-42.451
1008,700.000,700.000,1400.000,18.721,-42.891
1009,700.000,700.000,1400.000,18.984,-43.506
1010,700.000,700.000,1400.000,19.336,-44.121
1011,700.000,700.000,1400.000,19.775,-44.824
1012,700.000,700.000,1400.000,20.127,-45.439
1013,700.000,700.000,1400.000,20.479,-46.055
1014,700.000,700.000,1400.000,20.830,-46.758
1015,700.000,700.000,1400.000,21.182,-47.197
1016,700.000,700.000,1400.000,21.445,-47.813
1017,700.000,700.000,1400.000,21.885,-48.428
1018,700.000,700.000,1400.000,22.236,-49.043
1019,700.000,700.000,1400.000,22.500,-49.658
1020,700.000,700.000,1400.000,22.852,-50.186
1021,700.000,700.000,1400.000,23.115,-50.889
1022,700.000,700.000,1400.000,23.643,-51.416
1023,700.000,700.000,1400.000,23.818,-52.119
1024,700.000,700.000,1400.000,24.258,-52.646
1025,700.000,700.000,1400.000,24.697,-53.262
1026,700.000,700.000,1400.000,24.961,-53.789
1027,700.000,700.000,1400.000,25.312,-54.404
1028,700.000,700.000,1400.000,25.840,-54.932
1029,700.000,700.000,1400.000,26.104,-55.459
1030,700.000,700.000,1400.000,26.367,-56.074
1031,700.000,700.000,1400.000,26.807,-56.602
1032,700.000,700.000,1400.000,27.070,-57.217
1033,700.000,700.000,1400.000,27.510,-57.744
1034,700.000,700.000,1400.000,27.861,-58.271
1035,700.000,700.000,1400.000,28.213,-58.887
1036,700.000,700.000,1400.000,28.564,-59.414
1037,700.000,700.000,1400.000,28.916,-59.941
1038,700.000,700.000,1400.000,29.268,-60.469
1039,700.000,700.000,1400.000,29.619,-60.908
1040,700.000,700.000,1400.000,29.971,-61.523
1041,700.000,700.000,1400.000,30.410,-62.051
1042,700.000,700.000,1400.000,30.850,-62.578
1043,700.000,700.000,1400.000,31.201,-63.018
1044,700.000,700.000,1400.000,31.553,-63.545
1045,700.000,700.000,1400.000,31.992,-64.160
1046,700.000,700.000,1400.000,32.520,-64.512
1047,700.000,700.000,1400.000,32.871,-65.039
1048,700.000,700.000,1400.000,33.311,-65.479
1049,700.000,700.000,1400.000,33.750,-66.006
1050,700.000,700.000,1400.000,34.189,-66.533
1051,700.000,700.000,1400.000,34.629,-66.973
1052,700.000,700.000,1400.000,34.980,-67.412
1053,700.000,700.000,1400.000,35.420,-67.939
1054,700.000,700.000,1400.000,35.771,-68.379
1055,700.000,700.000,1400.000,36.211,-68.730
1056,700.000,700.000,1400.000,36.650,-69.170
1057,700.000,700.000,1400.000,37.002,-69.609
1058,700.000,700.000,1400.000,37.354,-69.961
1059,700.000,700.000,1400.000,37.881,-70.313
1060,700.000,700.000,1400.000,38.145,-70.752
1061,700.000,700.000,1400.000,38.496,-71.191
1062,700.000,700.000,1400.000,39.023,-71.543
1063,700.000,700.000,1400.000,39.287,-71.807
1064,700.000,700.000,1400.000,39.639,-72.158
1065,700.000,700.000,1400.000,40.166,-72.510
1066,700.000,700.000,1400.000,40.518,-72.773
1067,700.000,700.000,1400.000,40.869,-73.037
1068,700.000,700.000,1400.000,41.309,-73.301
1069,700.000,700.000,1400.000,41.660,-73.564
1070,700.000,700.000,1400.000,42.012,-73.916
1071,700.000,700.000,1400.000,42.363,-74.092
1072,700.000,700.000,1400.000,42.891,-74.268
1073,700.000,700.000,1400.000,43.330,-74.355
1074,700.000,700.000,1400.000,43.682,-74.531
1075,700.000,700.000,1400.000,44.033,-74.619
1076,700.000,700.000,1400.000,44.385,-74.883
1077,700.000,700.000,1400.000,44.824,-74.971
1078,700.000,700.000,1400.000,45.176,-75.059
1079,700.000,700.000,1400.000,45.527,-75.146
1080,700.000,700.000,1400.000,45.879,-75.234
1081,700.000,700.000,1400.000,46.230,-75.322
1082,700.000,700.000,1400.000,46.582,-75.322
1083,700.000,700.000,1400.000,47.021,-75.322
1084,700.000,700.000,1400.000,47.285,-75.322
1085,700.000,700.000,1400.000,47.637,-75.322
1086,700.000,700.000,1400.000,47.988,-75.322
1087,700.000,700.000,1400.000,48.340,-75.322
1088,700.000,700.000,1400.000,48.691,-75.322
1089,700.000,700.000,1400.000,49.043,-75.322
1090,700.000,700.000,1400.000,49.482,-75.322
1091,700.000,700.000,1400.000,49.746,-75.234
1092,700.000,700.000,1400.000,50.098,-75.234
1093,700.000,700.000,1400.000,50.361,-75.059
1094,700.000,700.000,1400.000,50.625,-75.059
1095,700.000,700.000,1400.000,50.977,-74.883
1096,700.000,700.000,1400.000,51.328,-74.795
1097,700.000,700.000,1400.000,51.592,-74.619
1098,700.000,700.000,1400.000,51.768,-74.531
1099,700.000,700.000,1400.000,52.031,-74.355
1100,700.000,700.000,1400.000,52.295,-74.092
1101,700.000,700.000,1400.000,52.471,-73.916
1102,700.000,700.000,1400.000,52.734,-73.740
1103,700.000,700.000,1400.000,52.998,-73.564
1104,700.000,700.000,1400.000,53.262,-73.389
1105,700.000,700.000,1400.000,53.613,-73.213
1106,700.000,700.000,1400.000,53.789,-72.949
1107,700.000,700.000,1400.000,54.053,-72.686
1108,700.000,700.000,1400.000,54.316,-72.510
1109,700.000,700.000,1400.000,54.580,-72.246
1110,700.000,700.000,1400.000,54.844,-71.982
1111,700.000,700.000,1400.000,55.107,-71.719
1112,700.000,700.000,1400.000,55.459,-71.455
1113,700.000,700.000,1400.000,55.811,-71.191
1114,700.000,700.000,1400.000,55.986,-70.928
1115,700.000,700.000,1400.000,56.338,-70.576
1116,700.000,700.000,1400.000,56.689,-70.313
1117,700.000,700.000,1400.000,57.041,-69.961
1118,700.000,700.000,1400.000,57.305,-69.697
1119,700.000,700.000,1400.000,57.656,-69.434
1120,700.000,700.000,1400.000,57.920,-69.082
1121,700.000,700.000,1400.000,58.271,-68.730
1122,700.000,700.000,1400.000,58.711,-68.467
1123,700.000,700.000,1400.000,58.975,-68.115
1124,700.000,700.000,1400.000,59.414,-67.764
1125,700.000,700.000,1400.000,59.941,-67.500
1126,700.000,700.000,1400.000,60.117,-67.148
1127,700.000,700.000,1400.000,60.645,-66.709
1128,700.000,700.000,1400.000,61.084,-66.445
1129,700.000,700.000,1400.000,61.523,-66.182
1130,700.000,700.000,1400.000,61.787,-65.830
1131,700.000,700.000,1400.000,62.139,-65.479
1132,700.000,700.000,1400.000,62.490,-65.215
1133,700.000,700.000,1400.000,62.930,-64.775
1134,700.000,700.000,1400.000,63.281,-64.512
1135,700.000,700.000,1400.000,63.809,-64.072
1136,700.000,700.000,1400.000,64.072,-63.809
1137,700.000,700.000,1400.000,64.336,-63.545
1138,700.000,700.000,1400.000,64.600,-63.193
1139,700.000,700.000,1400.000,64.863,-62.842
1140,700.000,700.000,1400.000,65.039,-62.578
1141,700.000,700.000,1400.000,65.215,-62.227
1142,700.000,700.000,1400.000,65.479,-62.051
1143,700.000,700.000,1400.000,65.742,-61.699
1144,700.000,700.000,1400.000,65.830,-61.348
1145,700.000,700.000,1400.000,65.918,-61.084
1146,700.000,700.000,1400.000,66.094,-60.820
1147,700.000,700.000,1400.000,66.270,-60.469
1148,700.000,700.000,1400.000,66.445,-60.205
1149,700.000,700.000,1400.000,66.621,-59.941
1150,700.000,700.000,1400.000,66.709,-59.678
1151,700.000,700.000,1400.000,66.797,-59.326
1152,700.000,700.000,1400.000,66.973,-59.150
1153,700.000,700.000,1400.000,67.061,-58.887
1154,700.000,700.000,1400.000,67.148,-58.623
1155,700.000,700.000,1400.000,67.236,-58.359
1156,700.000,700.000,1400.000,67.324,-58.096
1157,700.000,700.000,1400.000,67.324,-57.832
1158,700.000,700.000,1400.000,67.500,-57.568
1159,700.000,700.000,1400.000,67.588,-57.217
1160,700.000,700.000,1400.000,67.588,-57.041
1161,700.000,700.000,1400.000,67.588,-56.777
1162,700.000,700.000,1400.000,67.676,-56.514
1163,700.000,700.000,1400.000,67.764,-56.338
1164,700.000,700.000,1400.000,67.764,-55.986
1165,700.000,700.000,1400.000,67.852,-55.811
1166,700.000,700.000,1400.000,67.939,-55.459
1167,700.000,700.000,1400.000,68.027,-55.283
1168,700.000,700.000,1400.000,68.115,-55.020
1169,700.000,700.000,1400.000,68.203,-54.844
1170,700.000,700.000,1400.000,68.379,-54.580
1171,700.000,700.000,1400.000,68.555,-54.316
1172,700.000,700.000,1400.000,68.730,-54.053
1173,700.000,700.000,1400.000,68.818,-53.789
1174,700.000,700.000,1400.000,68.994,-53.613
1175,700.000,700.000,1400.000,69.170,-53.350
1176,700.000,700.000,1400.000,69.346,-53.174
1177,700.000,700.000,1400.000,69.609,-52.910
1178,700.000,700.000,1400.000,69.697,-52.646
1179,700.000,700.000,1400.000,69.873,-52.471
1180,700.000,700.000,1400.000,70.137,-52.119
1181,700.000,700.000,1400.000,70.313,-51.943
1182,700.000,700.000,1400.000,70.488,-51.768
1183,700.000,700.000,1400.000,70.752,-51.592
1184,700.000,700.000,1400.000,71.016,-51.328
1185,700.000,700.000,1400.000,71.191,-51.152
1186,700.000,700.000,1400.000,71.367,-50.889
1187,700.000,700.000,1400.000,71.631,-50.713
1188,700.000,700.000,1400.000,71.895,-50.537
1189,700.000,700.000,1400.000,71.982,-50.361
1190,700.000,700.000,1400.000,72.246,-50.186
1191,700.000,700.000,1400.000,72.422,-49.922
1192,700.000,700.000,1400.000,72.686,-49.746
1193,700.000,700.000,1400.000,72.861,-49.570
1194,700.000,700.000,1400.000,73.125,-49.307
1195,700.000,700.000,1400.000,73.301,-49.131
1196,700.000,700.000,1400.000,73.477,-48.955
1197,700.000,700.000,1400.000,73.564,-48.779
1198,700.000,700.000,1400.000,73.828,-48.604
1199,700.000,700.000,1400.000,73.916,-48.428
1200,700.000,700.000,1400.000,74.004,-48.252
1201,700.000,700.000,1400.000,74.180,-48.076
1202,700.000,700.000,1400.000,74.268,-47.988
1203,700.000,700.000,1400.000,74.355,-47.725
1204,700.000,700.000,1400.000,74.443,-47.549
1205,700.000,700.000,1400.000,74.619,-47.461
1206,700.000,700.000,1400.000,74.619,-47.285
1207,700.000,700.000,1400.000,74.707,-47.197
1208,700.000,700.000,1400.000,74.795,-47.021
1209,700.000,700.000,1400.000,74.883,-46.846
1210,700.000,700.000,1400.000,74.971,-46.670
1211,700.000,700.000,1400.000,75.059,-46.582
1212,700.000,700.000,1400.000,75.059,-46.406
1213,700.000,700.000,1400.000,75.146,-46.230
1214,700.000,700.000,1400.000,75.146,-46.055
1215,700.000,700.000,1400.000,75.234,-45.967
1216,700.000,700.000,1400.000,75.322,-45.791
1217,700.000,700.000,1400.000,75.322,-45.703
1218,700.000,700.000,1400.000,75.322,-45.527
1219,700.000,700.000,1400.000,75.410,-45.439
1220,700.000,700.000,1400.000,75.498,-45.264
1221,700.000,700.000,1400.000,75.586,-45.176
1222,700.000,700.000,1400.000,75.674,-45.000
1223,700.000,700.000,1400.000,75.762,-44.912
1224,700.000,700.000,1400.000,75.938,-44.736
1225,700.000,700.000,1400.000,75.938,-44.736
1226,700.000,700.000,1400.000,76.113,-44.561
1227,700.000,700.000,1400.000,76.201,-44.385
1228,700.000,700.000,1400.000,76.377,-44.297
1229,700.000,700.000,1400.000,76.553,-44.209
1230,700.000,700.000,1400.000,76.641,-44.033
1231,700.000,700.000,1400.000,76.816,-43.945
1232,700.000,700.000,1400.000,76.992,-43.770
1233,700.000,700.000,1400.000,77.080,-43.682
1234,700.000,700.000,1400.000,77.256,-43.594
1235,700.000,700.000,1400.000,77.432,-43.418
1236,700.000,700.000,1400.000,77.520,-43.418
1237,700.000,700.000,1400.000,77.695,-43.242
1238,700.000,700.000,1400.000,77.871,-43.242
1239,700.000,700.000,1400.000,78.047,-43.066
1240,700.000,700.000,1400.000,78.135,-42.979
1241,700.000,700.000,1400.000,78.311,-42.803
1242,700.000,700.000,1400.000,78.486,-42.715
1243,700.000,700.000,1400.000,78.574,-42.627
1244,700.000,700.000,1400.000,78.750,-42.539
1245,700.000,700.000,1400.000,78.926,-42.451
1246,700.000,700.000,1400.000,79.102,-42.363
1247,700.000,700.000,1400.000,79.189,-42.275
1248,700.000,700.000,1400.000,79.277,-42.100
1249,700.000,700.000,1400.000,79.453,-42.100
1250,700.000,700.000,1400.000,79.629,-42.012
1251,700.000,700.000,1400.000,79.717,-41.836
1252,700.000,700.000,1400.000,79.893,-41.748
1253,700.000,700.000,1400.000,79.893,-41.660
1254,700.000,700.000,1400.000,79.980,-41.660
1255,700.000,700.000,1400.000,80.068,-41.572
1256,700.000,700.000,1400.000,80.156,-41.484
1257,700.000,700.000,1400.000,80.244,-41.309
1258,700.000,700.000,1400.000,80.332,-41.309
1259,700.000,700.000,1400.000,80.332,-41.221
1260,700.000,700.000,1400.000,80.508,-41.133
1261,700.000,700.000,1400.000,80.508,-41.045
1262,700.000,700.000,1400.000,80.596,-41.045
1263,700.000,700.000,1400.000,80.596,-40.957
1264,700.000,700.000,1400.000,80.596,-40.869
1265,700.000,700.000,1400.000,80.771,-40.869
1266,700.000,700.000,1400.000,80.771,-40.781
1267,700.000,700.000,1400.000,80.771,-40.781
1268,700.000,700.000,1400.000,80.859,-40.693
1269,700.000,700.000,1400.000,80.859,-40.605
1270,700.000,700.000,1400.000,80.947,-40.518
1271,700.000,700.000,1400.000,81.035,-40.430
1272,700.000,700.000,1400.000,81.123,-40.342
1273,700.000,700.000,1400.000,81.211,-40.342
1274,700.000,700.000,1400.000,81.211,-40.254
1275,700.000,700.000,1400.000,81.299,-40.254
1276,700.000,700.000,1400.000,81.387,-40.166
1277,700.000,700.000,1400.000,81.387,-40.078
1278,700.000,700.000,1400.000,81.475,-40.078
1279,700.000,700.000,1400.000,81.563,-39.990
1280,700.000,700.000,1400.000,81.650,-39.990
1281,700.000,700.000,1400.000,81.738,-39.902
1282,700.000,700.000,1400.000,81.914,-39.814
1283,700.000,700.000,1400.000,82.002,-39.814
1284,700.000,700.000,1400.000,82.002,-39.727
1285,700.000,700.000,1400.000,82.178,-39.727
1286,700.000,700.000,1400.000,82.178,-39.639
1287,700.000,700.000,1400.000,82.354,-39.639
1288,700.000,700.000,1400.000,82.441,-39.463
1289,700.000,700.000,1400.000,82.529,-39.463
1290,700.000,700.000,1400.000,82.617,-39.463
1291,700.000,700.000,1400.000,82.793,-39.463
1292,700.000,700.000,1400.000,82.881,-39.375
1293,700.000,700.000,1400.000,82.881,-39.287
1294,700.000,700.000,1400.000,83.145,-39.287
1295,700.000,700.000,1400.000,83.145,-39.111
1296,700.000,700.000,1400.000,83.232,-39.111
1297,700.000,700.000,1400.000,83.320,-39.111
1298,700.000,700.000,1400.000,83.408,-38.936
1299,700.000,700.000,1400.000,83.496,-38.936
1300,700.000,700.000,1400.000,83.584,-38.936
1301,700.000,700.000,1400.000,83.672,-38.936
1302,700.000,700.000,1400.000,83.760,-38.936
1303,700.000,700.000,1400.000,83.760,-38.848
1304,700.000,700.000,1400.000,83.760,-38.848
1305,700.000,700.000,1400.000,83.848,-38.672
1306,700.000,700.000,1400.000,83.936,-38.672
1307,700.000,700.000,1400.000,84.023,-38.672
1308,700.000,700.000,1400.000,84.023,-38.672
1309,700.000,700.000,1400.000,84.023,-38.584
1310,700.000,700.000,1400.000,84.111,-38.496
1311,700.000,700.000,1400.000,84.111,-38.496
1312,700.000,700.000,1400.000,84.199,-38.496
1313,700.000,700.000,1400.000,84.199,-38.408
1314,700.000,700.000,1400.000,84.199,-38.408
1315,700.000,700.000,1400.000,84.287,-38.408
1316,700.000,700.000,1400.000,84.287,-38.232
1317,700.000,700.000,1400.000,84.287,-38.232
1318,700.000,700.000,1400.000,84.287,-38.232
1319,700.000,700.000,1400.000,84.287,-38.232
1320,700.000,700.000,1400.000,84.287,-38.145
1321,700.000,700.000,1400.000,84.287,-38.145
1322,700.000,700.000,1400.000,84.375,-38.145
1323,700.000,700.000,1400.000,84.375,-38.057
1324,700.000,700.000,1400.000,84.375,-38.057
1325,700.000,700.000,1400.000,84.375,-37.969
1326,700.000,700.000,1400.000,84.375,-37.969
1327,700.000,700.000,1400.000,84.463,-37.969
1328,700.000,700.000,1400.000,84.551,-37.881
1329,700.000,700.000,1400.000,84.551,-37.881
1330,700.000,700.000,1400.000,84.639,-37.793
1331,700.000,700.000,1400.000,84.639,-37.793
1332,700.000,700.000,1400.000,84.639,-37.793
1333,700.000,700.000,1400.000,84.727,-37.705
1334,700.000,700.000,1400.000,84.727,-37.705
1335,700.000,700.000,1400.000,84.814,-37.617
1336,700.000,700.000,1400.000,84.902,-37.617
1337,700.000,700.000,1400.000,84.990,-37.529
1338,700.000,700.000,1400.000,84.990,-37.529
1339,700.000,700.000,1400.000,84.990,-37.441
1340,700.000,700.000,1400.000,85.078,-37.441
1341,700.000,700.000,1400.000,85.078,-37.354
1342,700.000,700.000,1400.000,85.166,-37.354
1343,700.000,700.000,1400.000,85.166,-37.266
1344,700.000,700.000,1400.000,85.166,-37.266
1345,700.000,700.000,1400.000,85.254,-37.266
1346,700.000,700.000,1400.000,85.254,-37.178
1347,700.000,700.000,1400.000,85.342,-37.178
1348,700.000,700.000,1400.000,85.342,-37.178
1349,700.000,700.000,1400.000,85.342,-37.090
1350,700.000,700.000,1400.000,85.430,-37.090
1351,700.000,700.000,1400.000,85.430,-37.002
1352,700.000,700.000,1400.000,85.430,-37.002
1353,700.000,700.000,1400.000,85.518,-37.002
1354,700.000,700.000,1400.000,85.518,-36.914
1355,700.000,700.000,1400.000,85.518,-36.914
1356,700.000,700.000,1400.000,85.518,-36.914
1357,700.000,700.000,1400.000,85.518,-36.914
1358,700.000,700.000,1400.000,85.518,-36.826
1359,700.000,700.000,1400.000,85.605,-36.826
1360,700.000,700.000,1400.000,85.605,-36.826
1361,700.000,700.000,1400.000,85.605,-36.826
1362,700.000,700.000,1400.000,85.605,-36.738
1363,700.000,700.000,1400.000,85.605,-36.738
1364,700.000,700.000,1400.000,85.605,-36.738
1365,700.000,700.000,1400.000,85.605,-36.650
1366,700.000,700.000,1400.000,85.605,-36.650
1367,700.000,700.000,1400.000,85.605,-36.650
1368,700.000,700.000,1400.000,85.605,-36.563
1369,700.000,700.000,1400.000,85.605,-36.563
1370,700.000,700.000,1400.000,85.605,-36.563
1371,700.000,700.000,1400.000,85.605,-36.563
1372,700.000,700.000,1400.000,85.605,-36.475
1373,700.000,700.000,1400.000,85.605,-36.475
1374,700.000,700.000,1400.000,85.605,-36.475
1375,700.000,700.000,1400.000,85.605,-36.475
1376,700.000,700.000,1400.000,85.605,-36.475
1377,700.000,700.000,1400.000,85.605,-36.475
1378,700.000,700.000,1400.000,85.605,-36.387
1379,700.000,700.000,1400.000,85.605,-36.387
1380,700.000,700.000,1400.000,85.605,-36.387
1381,700.000,700.000,1400.000,85.605,-36.387
1382,700.000,700.000,1400.000,85.605,-36.387
1383,700.000,700.000,1400.000,85.605,-36.387
1384,700.000,700.000,1400.000,85.605,-36.387
1385,700.000,700.000,1400.000,85.605,-36.299
1386,700.000,700.000,1400.000,85.605,-36.299
1387,700.000,700.000,1400.000,85.605,-36.299
1388,700.000,700.000,1400.000,85.605,-36.299
1389,700.000,700.000,1400.000,85.605,-36.299
1390,700.000,700.000,1400.000,85.605,-36.299
1391,700.000,700.000,1400.000,85.605,-36.299
1392,700.000,700.000,1400.000,85.605,-36.299
1393,700.000,700.000,1400.000,85.605,-36.299
1394,700.000,700.000,1400.000,85.605,-36.299
1395,700.000,700.000,1400.000,85.605,-36.299
1396,700.000,700.000,1400.000,85.605,-36.299
1397,700.000,700.000,1400.000,85.605,-36.299
1398,700.000,700.000,1400.000,85.605,-36.299
1399,700.000,700.000,1400.000,85.605,-36.299
1400,700.000,700.000,1400.000,85.605,-36.299
1401,700.000,700.000,1400.000,85.605,-36.299
1402,700.000,700.000,1400.000,85.605,-36.299
1403,700.000,700.000,1400.000,85.605,-36.299
1404,700.000,700.000,1400.000,85.605,-36.299
1405,700.000,700.000,1400.000,85.605,-36.299
1406,700.000,700.000,1400.000,85.605,-36.299
1407,700.000,700.000,1400.000,85.605,-36.211
1408,700.000,700.000,1400.000,85.605,-36.211
1409,700.000,700.000,1400.000,85.605,-36.211
1410,700.000,700.000,1400.000,85.605,-36.211
1411,700.000,700.000,1400.000,85.518,-36.211
1412,700.000,700.000,1400.000,85.518,-36.211
1413,700.000,700.000,1400.000,85.430,-36.211
1414,700.000,700.000,1400.000,85.430,-36.211
1415,700.000,700.000,1400.000,85.342,-36.211
1416,700.000,700.000,1400.000,85.342,-36.211
1417,700.000,700.000,1400.000,85.342,-36.211
1418,700.000,700.000,1400.000,85.254,-36.211
1419,700.000,700.000,1400.000,85.254,-36.211
1420,700.000,700.000,1400.000,85.166,-36.211
1421,700.000,700.000,1400.000,85.166,-36.211
1422,700.000,700.000,1400.000,85.166,-36.211
1423,700.000,700.000,1400.000,85.166,-36.211
1424,700.000,700.000,1400.000,85.078,-36.211
1425,700.000,700.000,1400.000,84.990,-36.211
1426,700.000,700.000,1400.000,84.990,-36.211
1427,700.000,700.000,1400.000,84.990,-36.211
1428,700.000,700.000,1400.000,84.990,-36.211
1429,700.000,700.000,1400.000,84.990,-36.211
1430,700.000,700.000,1400.000,84.990,-36.211
1431,700.000,700.000,1400.000,84.902,-36.211
1432,700.000,700.000,1400.000,84.902,-36.211
1433,700.000,700.000,1400.000,84.814,-36.211
1434,700.000,700.000,1400.000,84.814,-36.211
1435,700.000,700.000,1400.000,84.814,-36.211
1436,700.000,700.000,1400.000,84.727,-36.211
1437,700.000,700.000,1400.000,84.727,-36.211
1438,700.000,700.000,1400.000,84.727,-36.211
1439,700.000,700.000,1400.000,84.727,-36.211
1440,700.000,700.000,1400.000,84.639,-36.211
1441,700.000,700.000,1400.000,84.639,-36.211
1442,700.000,700.000,1400.000,84.551,-36.211
1443,700.000,700.000,1400.000,84.551,-36.211
1444,700.000,700.000,1400.000,84.551,-36.211
1445,700.000,700.000,1400.000,84.463,-36.211
1446,700.000,700.000,1400.000,84.463,-36.299
1447,700.000,700.000,1400.000,84.463,-36.299
1448,700.000,700.000,1400.000,84.287,-36.299
1449,700.000,700.000,1400.000,84.287,-36.299
1450,700.000,700.000,1400.000,84.199,-36.299
1451,700.000,700.000,1400.000,84.199,-36.299
1452,700.000,700.000,1400.000,84.111,-36.299
1453,700.000,700.000,1400.000,84.111,-36.299
1454,700.000,700.000,1400.000,84.111,-36.299
1455,700.000,700.000,1400.000,84.111,-36.387
1456,700.000,700.000,1400.000,84.023,-36.387
1457,700.000,700.000,1400.000,83.936,-36.387
1458,700.000,700.000,1400.000,83.848,-36.387
1459,700.000,700.000,1400.000,83.848,-36.475
1460,700.000,700.000,1400.000,83.760,-36.475
1461,700.000,700.000,1400.000,83.672,-36.475
1462,700.000,700.000,1400.000,83.672,-36.475
1463,700.000,700.000,1400.000,83.584,-36.475
1464,700.000,700.000,1400.000,83.496,-36.475
1465,700.000,700.000,1400.000,83.496,-36.475
1466,700.000,700.000,1400.000,83.408,-36.475
1467,700.000,700.000,1400.000,83.320,-36.563
1468,700.000,700.000,1400.000,83.320,-36.563
1469,700.000,700.000,1400.000,83.320,-36.563
1470,700.000,700.000,1400.000,83.232,-36.563
1471,700.000,700.000,1400.000,83.232,-36.563
1472,700.000,700.000,1400.000,83.145,-36.563
1473,700.000,700.000,1400.000,83.145,-36.563
1474,700.000,700.000,1400.000,83.057,-36.563
1475,700.000,700.000,1400.000,82.969,-36.563
1476,700.000,700.000,1400.000,82.969,-36.563
1477,700.000,700.000,1400.000,82.881,-36.563
1478,700.000,700.000,1400.000,82.881,-36.563
1479,700.000,700.000,1400.000,82.793,-36.650
1480,700.000,700.000,1400.000,82.793,-36.650
1481,700.000,700.000,1400.000,82.705,-36.650
1482,700.000,700.000,1400.000,82.705,-36.650
1483,700.000,700.000,1400.000,82.617,-36.650
1484,700.000,700.000,1400.000,82.529,-36.650
1485,700.000,700.000,1400.000,82.529,-36.738
1486,700.000,700.000,1400.000,82.441,-36.738
1487,700.000,700.000,1400.000,82.441,-36.738
1488,700.000,700.000,1400.000,82.354,-36.738
1489,700.000,700.000,1400.000,82.354,-36.738
1490,700.000,700.000,1400.000,82.266,-36.738
1491,700.000,700.000,1400.000,82.266,-36.738
1492,700.000,700.000,1400.000,82.178,-36.738
1493,700.000,700.000,1400.000,82.178,-36.738
1494,700.000,700.000,1400.000,82.090,-36.738
1495,700.000,700.000,1400.000,82.002,-36.738
1496,700.000,700.000,1400.000,81.914,-36.738
1497,700.000,700.000,1400.000,81.826,-36.738
1498,700.000,700.000,1400.000,81.826,-36.738
1499,700.000,700.000,1400.000,81.738,-36.738
1500,700.000,700.000,1400.000,81.650,-36.738
1501,700.000,700.000,1400.000,81.650,-36.738
1502,700.000,700.000,1400.000,81.563,-36.738
1503,700.000,700.000,1400.000,81.475,-36.738
1504,700.000,700.000,1400.000,81.475,-36.826
1505,700.000,700.000,1400.000,81.299,-36.826
1506,700.000,700.000,1400.000,81.299,-36.826
1507,700.000,700.000,1400.000,81.123,-36.826
1508,700.000,700.000,1400.000,81.123,-36.826
1509,700.000,700.000,1400.000,81.123,-36.826
1510,700.000,700.000,1400.000,81.035,-36.826
1511,700.000,700.000,1400.000,80.947,-36.826
1512,700.000,700.000,1400.000,80.859,-36.826
1513,700.000,700.000,1400.000,80.771,-36.826
1514,700.000,700.000,1400.000,80.771,-36.826
1515,700.000,700.000,1400.000,80.684,-36.826
1516,700.000,700.000,1400.000,80.596,-36.826
1517,700.000,700.000,1400.000,80.596,-36.826
1518,700.000,700.000,1400.000,80.420,-36.826
1519,700.000,700.000,1400.000,80.420,-36.826
1520,700.000,700.000,1400.000,80.332,-36.826
1521,700.000,700.000,1400.000,80.244,-36.826
1522,700.000,700.000,1400.000,80.244,-36.826
1523,700.000,700.000,1400.000,80.156,-36.914
1524,700.000,700.000,1400.000,80.068,-36.914
1525,700.000,700.000,1400.000,79.980,-36.914
1526,700.000,700.000,1400.000,79.893,-36.914
1527,700.000,700.000,1400.000,79.893,-36.914
1528,700.000,700.000,1400.000,79.893,-36.914
1529,700.000,700.000,1400.000,79.805,-36.914
1530,700.000,700.000,1400.000,79.717,-36.914
1531,700.000,700.000,1400.000,79.629,-36.914
1532,700.000,700.000,1400.000,79.629,-36.914
1533,700.000,700.000,1400.000,79.629,-36.914
1534,700.000,700.000,1400.000,79.453,-36.914
1535,700.000,700.000,1400.000,79.365,-36.914
1536,700.000,700.000,1400.000,79.365,-36.914
1537,700.000,700.000,1400.000,79.189,-36.914
1538,700.000,700.000,1400.000,79.189,-36.914
1539,700.000,700.000,1400.000,79.014,-36.914
1540,700.000,700.000,1400.000,78.926,-36.914
1541,700.000,700.000,1400.000,78.926,-36.914
1542,700.000,700.000,1400.000,78.750,-36.914
1543,700.000,700.000,1400.000,78.662,-36.914
1544,700.000,700.000,1400.000,78.662,-36.914
1545,700.000,700.000,1400.000,78.574,-36.914
1546,700.000,700.000,1400.000,78.574,-36.914
1547,700.000,700.000,1400.000,78.486,-36.914
1548,700.000,700.000,1400.000,78.398,-36.914
1549,700.000,700.000,1400.000,78.311,-36.914
1550,700.000,700.000,1400.000,78.311,-36.914
1551,700.000,700.000,1400.000,78.223,-36.914
1552,700.000,700.000,1400.000,78.135,-36.914
1553,700.000,700.000,1400.000,78.135,-36.914
1554,700.000,700.000,1400.000,77.959,-36.914
1555,700.000,700.000,1400.000,77.871,-36.914
1556,700.000,700.000,1400.000,77.871,-36.914
1557,700.000,700.000,1400.000,77.695,-36.914
1558,700.000,700.000,1400.000,77.695,-36.914
1559,700.000,700.000,1400.000,77.607,-36.914
1560,700.000,700.000,1400.000,77.520,-36.914
1561,700.000,700.000,1400.000,77.432,-36.914
1562,700.000,700.000,1400.000,77.432,-36.914
1563,700.000,700.000,1400.000,77.344,-36.914
1564,700.000,700.000,1400.000,77.344,-36.914
1565,700.000,700.000,1400.000,77.168,-36.914
1566,700.000,700.000,1400.000,77.168,-36.914
1567,700.000,700.000,1400.000,77.168,-36.914
1568,700.000,700.000,1400.000,76.992,-36.914
1569,700.000,700.000,1400.000,76.992,-36.914
1570,700.000,700.000,1400.000,76.904,-36.914
1571,700.000,700.000,1400.000,76.816,-36.914
1572,700.000,700.000,1400.000,76.729,-36.914
1573,700.000,700.000,1400.000,76.729,-36.914
1574,700.000,700.000,1400.000,76.641,-36.914
1575,700.000,700.000,1400.000,76.553,-36.914
1576,700.000,700.000,1400.000,76.465,-37.002
1577,700.000,700.000,1400.000,76.377,-37.002
1578,700.000,700.000,1400.000,76.377,-37.002
1579,700.000,700.000,1400.000,76.289,-37.002
1580,700.000,700.000,1400.000,76.289,-37.002
1581,700.000,700.000,1400.000,76.113,-37.002
1582,700.000,700.000,1400.000,76.025,-37.002
1583,700.000,700.000,1400.000,75.938,-37.002
1584,700.000,700.000,1400.000,75.938,-37.002
1585,700.000,700.000,1400.000,75.762,-37.002
1586,700.000,700.000,1400.000,75.762,-37.002
1587,700.000,700.000,1400.000,75.586,-37.002
1588,700.000,700.000,1400.000,75.586,-37.002
1589,700.000,700.000,1400.000,75.498,-37.002
1590,700.000,700.000,1400.000,75.410,-37.002
1591,700.000,700.000,1400.000,75.322,-37.002
1592,700.000,700.000,1400.000,75.234,-37.002
1593,700.000,700.000,1400.000,75.146,-37.002
1594,700.000,700.000,1400.000,75.059,-37.002
1595,700.000,700.000,1400.000,74.971,-37.002
1596,700.000,700.000,1400.000,74.971,-37.002
1597,700.000,700.000,1400.000,74.883,-37.090
1598,700.000,700.000,1400.000,74.795,-37.090
1599,700.000,700.000,1400.000,74.707,-37.090
1600,700.000,700.000,1400.000,74.619,-37.090
1601,700.000,700.000,1400.000,74.531,-37.090
1602,700.000,700.000,1400.000,74.443,-37.090
1603,700.000,700.000,1400.000,74.443,-37.090
1604,700.000,700.000,1400.000,74.268,-37.090
1605,700.000,700.000,1400.000,74.180,-37.090
1606,700.000,700.000,1400.000,74.092,-37.090
1607,700.000,700.000,1400.000,74.092,-37.090
1608,700.000,700.000,1400.000,74.004,-37.178
1609,700.000,700.000,1400.000,73.916,-37.178
1610,700.000,700.000,1400.000,73.740,-37.178
1611,700.000,700.000,1400.000,73.740,-37.178
1612,700.000,700.000,1400.000,73.740,-37.178
1613,700.000,700.000,1400.000,73.652,-37.266
1614,700.000,700.000,1400.000,73.477,-37.266
1615,700.000,700.000,1400.000,73.477,-37.266
1616,700.000,700.000,1400.000,73.477,-37.266
1617,700.000,700.000,1400.000,73.301,-37.266
1618,700.000,700.000,1400.000,73.301,-37.266
1619,700.000,700.000,1400.000,73.213,-37.266
1620,700.000,700.000,1400.000,73.213,-37.266
1621,700.000,700.000,1400.000,73.125,-37.266
1622,700.000,700.000,1400.000,73.037,-37.266
1623,700.000,700.000,1400.000,72.949,-37.266
1624,700.000,700.000,1400.000,72.861,-37.354
1625,700.000,700.000,1400.000,72.861,-37.354
1626,700.000,700.000,1400.000,72.773,-37.354
1627,700.000,700.000,1400.000,72.686,-37.354
1628,700.000,700.000,1400.000,72.598,-37.441
1629,700.000,700.000,1400.000,72.510,-37.441
1630,700.000,700.000,1400.000,72.510,-37.441
1631,700.000,700.000,1400.000,72.334,-37.441
1632,700.000,700.000,1400.000,72.334,-37.441
1633,700.000,700.000,1400.000,72.158,-37.441
1634,700.000,700.000,1400.000,72.070,-37.441
1635,700.000,700.000,1400.000,72.070,-37.441
1636,700.000,700.000,1400.000,71.895,-37.529
1637,700.000,700.000,1400.000,71.807,-37.617
1638,700.000,700.000,1400.000,71.807,-37.617
1639,700.000,700.000,1400.000,71.719,-37.617
1640,700.000,700.000,1400.000,71.631,-37.617
1641,700.000,700.000,1400.000,71.455,-37.617
1642,700.000,700.000,1400.000,71.455,-37.617
1643,700.000,700.000,1400.000,71.367,-37.617
1644,700.000,700.000,1400.000,71.367,-37.617
1645,700.000,700.000,1400.000,71.191,-37.705
1646,700.000,700.000,1400.000,71.191,-37.705
1647,700.000,700.000,1400.000,71.104,-37.705
1648,700.000,700.000,1400.000,70.928,-37.705
1649,700.000,700.000,1400.000,70.840,-37.705
1650,700.000,700.000,1400.000,70.840,-37.793
1651,700.000,700.000,1400.000,70.664,-37.793
1652,700.000,700.000,1400.000,70.664,-37.793
1653,700.000,700.000,1400.000,70.576,-37.793
1654,700.000,700.000,1400.000,70.488,-37.793
1655,700.000,700.000,1400.000,70.488,-37.793
1656,700.000,700.000,1400.000,70.400,-37.881
1657,700.000,700.000,1400.000,70.313,-37.881
1658,700.000,700.000,1400.000,70.225,-37.881
1659,700.000,700.000,1400.000,70.137,-37.969
1660,700.000,700.000,1400.000,70.137,-37.969
1661,700.000,700.000,1400.000,69.961,-37.969
1662,700.000,700.000,1400.000,69.873,-37.969
1663,700.000,700.000,1400.000,69.785,-37.969
1664,700.000,700.000,1400.000,69.609,-37.969
1665,700.000,700.000,1400.000,69.609,-38.057
1666,700.000,700.000,1400.000,69.521,-38.057
1667,700.000,700.000,1400.000,69.434,-38.057
1668,700.000,700.000,1400.000,69.434,-38.057
1669,700.000,700.000,1400.000,69.434,-38.145
1670,700.000,700.000,1400.000,69.258,-38.145
1671,700.000,700.000,1400.000,69.258,-38.145
1672,700.000,700.000,1400.000,69.170,-38.232
1673,700.000,700.000,1400.000,69.082,-38.232
1674,700.000,700.000,1400.000,68.994,-38.320
1675,700.000,700.000,1400.000,68.994,-38.320
1676,700.000,700.000,1400.000,68.906,-38.320
1677,700.000,700.000,1400.000,68.818,-38.408
1678,700.000,700.000,1400.000,68.730,-38.408
1679,700.000,700.000,1400.000,68.643,-38.408
1680,700.000,700.000,1400.000,68.555,-38.408
1681,700.000,700.000,1400.000,68.467,-38.408
1682,700.000,700.000,1400.000,68.467,-38.496
1683,700.000,700.000,1400.000,68.291,-38.496
1684,700.000,700.000,1400.000,68.203,-38.584
1685,700.000,700.000,1400.000,68.115,-38.584
1686,700.000,700.000,1400.000,68.115,-38.584
1687,700.000,700.000,1400.000,68.027,-38.584
1688,700.000,700.000,1400.000,67.939,-38.672
1689,700.000,700.000,1400.000,67.939,-38.672
1690,700.000,700.000,1400.000,67.852,-38.672
1691,700.000,700.000,1400.000,67.764,-38.760
1692,700.000,700.000,1400.000,67.676,-38.760
1693,700.000,700.000,1400.000,67.588,-38.760
1694,700.000,700.000,1400.000,67.500,-38.760
1695,700.000,700.000,1400.000,67.412,-38.760
1696,700.000,700.000,1400.000,67.324,-38.760
1697,700.000,700.000,1400.000,67.324,-38.848
1698,700.000,700.000,1400.000,67.148,-38.848
1699,700.000,700.000,1400.000,67.061,-38.848
1700,700.000,700.000,1400.000,66.973,-38.848
1701,700.000,700.000,1400.000,66.973,-38.936
1702,700.000,700.000,1400.000,66.885,-38.936
1703,700.000,700.000,1400.000,66.797,-38.936
1704,700.000,700.000,1400.000,66.709,-39.023
1705,700.000,700.000,1400.000,66.621,-39.023
1706,700.000,700.000,1400.000,66.621,-39.023
1707,700.000,700.000,1400.000,66.533,-39.023
1708,700.000,700.000,1400.000,66.445,-39.023
1709,700.000,700.000,1400.000,66.357,-39.111
1710,700.000,700.000,1400.000,66.357,-39.111
1711,700.000,700.000,1400.000,66.182,-39.199
1712,700.000,700.000,1400.000,66.094,-39.199
1713,700.000,700.000,1400.000,66.094,-39.199
1714,700.000,700.000,1400.000,65.918,-39.199
1715,700.000,700.000,1400.000,65.918,-39.199
1716,700.000,700.000,1400.000,65.830,-39.287
1717,700.000,700.000,1400.000,65.742,-39.287
1718,700.000,700.000,1400.000,65.654,-39.287
1719,700.000,700.000,1400.000,65.566,-39.287
1720,700.000,700.000,1400.000,65.566,-39.375
1721,700.000,700.000,1400.000,65.479,-39.375
1722,700.000,700.000,1400.000,65.391,-39.375
1723,700.000,700.000,1400.000,65.303,-39.463
1724,700.000,700.000,1400.000,65.215,-39.463
1725,700.000,700.000,1400.000,65.215,-39.463
1726,700.000,700.000,1400.000,65.127,-39.463
1727,700.000,700.000,1400.000,65.039,-39.551
1728,700.000,700.000,1400.000,64.951,-39.551
1729,700.000,700.000,1400.000,64.863,-39.551
1730,700.000,700.000,1400.000,64.775,-39.551
1731,700.000,700.000,1400.000,64.688,-39.639
1732,700.000,700.000,1400.000,64.600,-39.639
1733,700.000,700.000,1400.000,64.512,-39.639
1734,700.000,700.000,1400.000,64.424,-39.639
1735,700.000,700.000,1400.000,64.336,-39.639
1736,700.000,700.000,1400.000,64.248,-39.727
1737,700.000,700.000,1400.000,64.248,-39.727
1738,700.000,700.000,1400.000,64.160,-39.727
1739,700.000,700.000,1400.000,64.072,-39.814
1740,700.000,700.000,1400.000,63.984,-39.814
1741,700.000,700.000,1400.000,63.984,-39.814
1742,700.000,700.000,1400.000,63.896,-39.814
1743,700.000,700.000,1400.000,63.809,-39.902
1744,700.000,700.000,1400.000,63.809,-39.902
1745,700.000,700.000,1400.000,63.633,-39.990
1746,700.000,700.000,1400.000,63.545,-39.990
1747,700.000,700.000,1400.000,63.545,-39.990
1748,700.000,700.000,1400.000,63.281,-39.990
1749,700.000,700.000,1400.000,63.281,-39.990
1750,700.000,700.000,1400.000,63.281,-39.990
1751,700.000,700.000,1400.000,63.193,-40.078
1752,700.000,700.000,1400.000,63.105,-40.078
1753,700.000,700.000,1400.000,63.018,-40.078
1754,700.000,700.000,1400.000,63.018,-40.166
1755,700.000,700.000,1400.000,63.018,-40.166
1756,700.000,700.000,1400.000,62.754,-40.166
1757,700.000,700.000,1400.000,62.754,-40.166
1758,700.000,700.000,1400.000,62.666,-40.166
1759,700.000,700.000,1400.000,62.666,-40.254
1760,700.000,700.000,1400.000,62.578,-40.254
1761,700.000,700.000,1400.000,62.490,-40.254
1762,700.000,700.000,1400.000,62.402,-40.342
1763,700.000,700.000,1400.000,62.314,-40.342
1764,700.000,700.000,1400.000,62.227,-40.342
1765,700.000,700.000,1400.000,62.227,-40.342
1766,700.000,700.000,1400.000,62.139,-40.342
1767,700.000,700.000,1400.000,61.963,-40.430
1768,700.000,700.000,1400.000,61.875,-40.430
1769,700.000,700.000,1400.000,61.875,-40.430
1770,700.000,700.000,1400.000,61.787,-40.430
1771,700.000,700.000,1400.000,61.699,-40.430
1772,700.000,700.000,1400.000,61.611,-40.430
1773,700.000,700.000,1400.000,61.523,-40.518
1774,700.000,700.000,1400.000,61.436,-40.518
1775,700.000,700.000,1400.000,61.436,-40.605
1776,700.000,700.000,1400.000,61.348,-40.605
1777,700.000,700.000,1400.000,61.260,-40.605
1778,700.000,700.000,1400.000,61.172,-40.693
1779,700.000,700.000,1400.000,61.084,-40.693
1780,700.000,700.000,1400.000,60.996,-40.693
1781,700.000,700.000,1400.000,60.908,-40.693
1782,700.000,700.000,1400.000,60.732,-40.693
1783,700.000,700.000,1400.000,60.732,-40.693
1784,700.000,700.000,1400.000,60.645,-40.693
1785,700.000,700.000,1400.000,60.645,-40.781
1786,700.000,700.000,1400.000,60.557,-40.781
1787,700.000,700.000,1400.000,60.469,-40.869
1788,700.000,700.000,1400.000,60.469,-40.869
1789,700.000,700.000,1400.000,60.293,-40.869
1790,700.000,700.000,1400.000,60.205,-40.869
1791,700.000,700.000,1400.000,60.205,-40.869
1792,700.000,700.000,1400.000,60.117,-40.869
1793,700.000,700.000,1400.000,60.117,-40.869
1794,700.000,700.000,1400.000,60.029,-40.869
1795,700.000,700.000,1400.000,59.941,-40.957
1796,700.000,700.000,1400.000,59.854,-40.957
1797,700.000,700.000,1400.000,59.766,-40.957
1798,700.000,700.000,1400.000,59.590,-40.957
1799,700.000,700.000,1400.000,59.590,-40.957
1800,700.000,700.000,1400.000,59.414,-41.045
1801,700.000,700.000,1400.000,59.414,-41.045
1802,700.000,700.000,1400.000,59.326,-41.045
1803,700.000,700.000,1400.000,59.326,-41.045
1804,700.000,700.000,1400.000,59.238,-41.133
1805,700.000,700.000,1400.000,59.150,-41.133
1806,700.000,700.000,1400.000,59.063,-41.133
1807,700.000,700.000,1400.000,59.063,-41.133
1808,700.000,700.000,1400.000,58.975,-41.133
1809,700.000,700.000,1400.000,58.887,-41.133
1810,700.000,700.000,1400.000,58.799,-41.221
1811,700.000,700.000,1400.000,58.799,-41.221
1812,700.000,700.000,1400.000,58.623,-41.221
1813,700.000,700.000,1400.000,58.623,-41.221
1814,700.000,700.000,1400.000,58.535,-41.309
1815,700.000,700.000,1400.000,58.447,-41.309
1816,700.000,700.000,1400.000,58.359,-41.309
1817,700.000,700.000,1400.000,58.359,-41.309
1818,700.000,700.000,1400.000,58.184,-41.309
1819,700.000,700.000,1400.000,58.096,-41.396
1820,700.000,700.000,1400.000,58.096,-41.396
1821,700.000,700.000,1400.000,57.920,-41.396
1822,700.000,700.000,1400.000,57.832,-41.396
1823,700.000,700.000,1400.000,57.744,-41.484
1824,700.000,700.000,1400.000,57.744,-41.484
1825,700.000,700.000,1400.000,57.656,-41.484
1826,700.000,700.000,1400.000,57.568,-41.484
1827,700.000,700.000,1400.000,57.480,-41.572
1828,700.000,700.000,1400.000,57.480,-41.572
1829,700.000,700.000,1400.000,57.393,-41.572
1830,700.000,700.000,1400.000,57.305,-41.572
1831,700.000,700.000,1400.000,57.217,-41.572
1832,700.000,700.000,1400.000,57.217,-41.660
1833,700.000,700.000,1400.000,57.129,-41.748
1834,700.000,700.000,1400.000,57.129,-41.748
1835,700.000,700.000,1400.000,57.041,-41.748
1836,700.000,700.000,1400.000,56.953,-41.748
1837,700.000,700.000,1400.000,56.865,-41.748
1838,700.000,700.000,1400.000,56.777,-41.836
1839,700.000,700.000,1400.000,56.689,-41.836
1840,700.000,700.000,1400.000,56.689,-41.836
1841,700.000,700.000,1400.000,56.514,-41.836
1842,700.000,700.000,1400.000,56.426,-41.924
1843,700.000,700.000,1400.000,56.426,-41.924
1844,700.000,700.000,1400.000,56.426,-41.924
1845,700.000,700.000,1400.000,56.250,-42.012
1846,700.000,700.000,1400.000,56.250,-42.012
1847,700.000,700.000,1400.000,56.162,-42.012
1848,700.000,700.000,1400.000,56.074,-42.100
1849,700.000,700.000,1400.000,56.074,-42.100
1850,700.000,700.000,1400.000,55.986,-42.188
1851,700.000,700.000,1400.000,55.898,-42.188
1852,700.000,700.000,1400.000,55.898,-42.188
1853,700.000,700.000,1400.000,55.811,-42.188
1854,700.000,700.000,1400.000,55.635,-42.188
1855,700.000,700.000,1400.000,55.635,-42.188
1856,700.000,700.000,1400.000,55.547,-42.188
1857,700.000,700.000,1400.000,55.459,-42.275
1858,700.000,700.000,1400.000,55.459,-42.275
1859,700.000,700.000,1400.000,55.283,-42.275
1860,700.000,700.000,1400.000,55.195,-42.363
1861,700.000,700.000,1400.000,55.107,-42.363
1862,700.000,700.000,1400.000,55.107,-42.363
1863,700.000,700.000,1400.000,55.020,-42.363
1864,700.000,700.000,1400.000,54.932,-42.451
1865,700.000,700.000,1400.000,54.844,-42.451
1866,700.000,700.000,1400.000,54.844,-42.539
1867,700.000,700.000,1400.000,54.844,-42.539
1868,700.000,700.000,1400.000,54.756,-42.539
1869,700.000,700.000,1400.000,54.668,-42.539
1870,700.000,700.000,1400.000,54.580,-42.539
1871,700.000,700.000,1400.000,54.580,-42.539
1872,700.000,700.000,1400.000,54.492,-42.539
1873,700.000,700.000,1400.000,54.404,-42.627
1874,700.000,700.000,1400.000,54.404,-42.627
1875,700.000,700.000,1400.000,54.229,-42.627
1876,700.000,700.000,1400.000,54.229,-42.715
1877,700.000,700.000,1400.000,54.141,-42.715
1878,700.000,700.000,1400.000,54.053,-42.715
1879,700.000,700.000,1400.000,53.965,-42.803
1880,700.000,700.000,1400.000,53.965,-42.803
1881,700.000,700.000,1400.000,53.877,-42.803
1882,700.000,700.000,1400.000,53.789,-42.803
1883,700.000,700.000,1400.000,53.789,-42.891
1884,700.000,700.000,1400.000,53.701,-42.891
1885,700.000,700.000,1400.000,53.701,-42.891
1886,700.000,700.000,1400.000,53.613,-42.979
1887,700.000,700.000,1400.000,53.525,-42.979
1888,700.000,700.000,1400.000,53.438,-42.979
1889,700.000,700.000,1400.000,53.350,-42.979
1890,700.000,700.000,1400.000,53.350,-43.066
1891,700.000,700.000,1400.000,53.350,-43.066
1892,700.000,700.000,1400.000,53.174,-43.066
1893,700.000,700.000,1400.000,53.174,-43.154
1894,700.000,700.000,1400.000,53.086,-43.242
1895,700.000,700.000,1400.000,52.998,-43.242
1896,700.000,700.000,1400.000,52.910,-43.242
1897,700.000,700.000,1400.000,52.910,-43.242
1898,700.000,700.000,1400.000,52.822,-43.242
1899,700.000,700.000,1400.000,52.734,-43.242
1900,700.000,700.000,1400.000,52.734,-43.330
1901,700.000,700.000,1400.000,52.646,-43.330
1902,700.000,700.000,1400.000,52.559,-43.330
1903,700.000,700.000,1400.000,52.471,-43.330
1904,700.000,700.000,1400.000,52.383,-43.506
1905,700.000,700.000,1400.000,52.295,-43.506
1906,700.000,700.000,1400.000,52.295,-43.506
1907,700.000,700.000,1400.000,52.295,-43.506
1908,700.000,700.000,1400.000,52.207,-43.506
1909,700.000,700.000,1400.000,52.207,-43.506
1910,700.000,700.000,1400.000,52.119,-43.594
1911,700.000,700.000,1400.000,52.031,-43.594
1912,700.000,700.000,1400.000,51.943,-43.594
1913,700.000,700.000,1400.000,51.943,-43.594
1914,700.000,700.000,1400.000,51.855,-43.682
1915,700.000,700.000,1400.000,51.855,-43.682
1916,700.000,700.000,1400.000,51.768,-43.682
1917,700.000,700.000,1400.000,51.592,-43.770
1918,700.000,700.000,1400.000,51.592,-43.770
1919,700.000,700.000,1400.000,51.416,-43.770
1920,700.000,700.000,1400.000,51.416,-43.770
1921,700.000,700.000,1400.000,51.416,-43.857
1922,700.000,700.000,1400.000,51.416,-43.857
1923,700.000,700.000,1400.000,51.328,-43.857
1924,700.000,700.000,1400.000,51.240,-43.945
1925,700.000,700.000,1400.000,51.152,-43.945
1926,700.000,700.000,1400.000,51.152,-44.033
1927,700.000,700.000,1400.000,51.064,-44.033
1928,700.000,700.000,1400.000,50.977,-44.033
1929,700.000,700.000,1400.000,50.889,-44.121
1930,700.000,700.000,1400.000,50.889,-44.121
1931,700.000,700.000,1400.000,50.801,-44.121
1932,700.000,700.000,1400.000,50.713,-44.121
1933,700.000,700.000,1400.000,50.625,-44.209
1934,700.000,700.000,1400.000,50.537,-44.297
1935,700.000,700.000,1400.000,50.537,-44.297
1936,700.000,700.000,1400.000,50.537,-44.297
1937,700.000,700.000,1400.000,50.449,-44.297
1938,700.000,700.000,1400.000,50.449,-44.297
1939,700.000,700.000,1400.000,50.361,-44.385
1940,700.000,700.000,1400.000,50.361,-44.473
1941,700.000,700.000,1400.000,50.273,-44.473
1942,700.000,700.000,1400.000,50.186,-44.561
1943,700.000,700.000,1400.000,50.186,-44.561
1944,700.000,700.000,1400.000,50.186,-44.561
1945,700.000,700.000,1400.000,50.098,-44.561
1946,700.000,700.000,1400.000,50.098,-44.648
1947,700.000,700.000,1400.000,50.010,-44.648
1948,700.000,700.000,1400.000,50.010,-44.648
1949,700.000,700.000,1400.000,49.922,-44.736
1950,700.000,700.000,1400.000,49.834,-44.824
1951,700.000,700.000,1400.000,49.834,-44.824
1952,700.000,700.000,1400.000,49.746,-45.000
1953,700.000,700.000,1400.000,49.658,-45.000
1954,700.000,700.000,1400.000,49.658,-45.000
1955,700.000,700.000,1400.000,49.570,-45.000
1956,700.000,700.000,1400.000,49.570,-45.000
1957,700.000,700.000,1400.000,49.570,-45.000
1958,700.000,700.000,1400.000,49.482,-45.088
1959,700.000,700.000,1400.000,49.482,-45.088
1960,700.000,700.000,1400.000,49.395,-45.176
1961,700.000,700.000,1400.000,49.307,-45.176
1962,700.000,700.000,1400.000,49.307,-45.176
1963,700.000,700.000,1400.000,49.307,-45.176
1964,700.000,700.000,1400.000,49.307,-45.176
1965,700.000,700.000,1400.000,49.131,-45.352
1966,700.000,700.000,1400.000,49.131,-45.352
1967,700.000,700.000,1400.000,49.131,-45.352
1968,700.000,700.000,1400.000,49.043,-45.352
1969,700.000,700.000,1400.000,49.043,-45.352
1970,700.000,700.000,1400.000,48.955,-45.439
1971,700.000,700.000,1400.000,48.955,-45.439
1972,700.000,700.000,1400.000,48.867,-45.439
1973,700.000,700.000,1400.000,48.867,-45.439
1974,700.000,700.000,1400.000,48.779,-45.439
1975,700.000,700.000,1400.000,48.779,-45.527
1976,700.000,700.000,1400.000,48.691,-45.615
1977,700.000,700.000,1400.000,48.691,-45.615
1978,700.000,700.000,1400.000,48.604,-45.615
1979,700.000,700.000,1400.000,48.428,-45.703
1980,700.000,700.000,1400.000,48.428,-45.703
1981,700.000,700.000,1400.000,48.428,-45.703
1982,700.000,700.000,1400.000,48.428,-45.791
1983,700.000,700.000,1400.000,48.340,-45.791
1984,700.000,700.000,1400.000,48.340,-45.791
1985,700.000,700.000,1400.000,48.252,-45.879
1986,700.000,700.000,1400.000,48.164,-45.879
1987,700.000,700.000,1400.000,48.076,-45.879
1988,700.000,700.000,1400.000,48.076,-45.967
1989,700.000,700.000,1400.000,47.988,-45.967
1990,700.000,700.000,1400.000,47.988,-46.055
1991,700.000,700.000,1400.000,47.988,-46.055
1992,700.000,700.000,1400.000,47.900,-46.055
1993,700.000,700.000,1400.000,47.900,-46.143
1994,700.000,700.000,1400.000,47.813,-46.143
1995,700.000,700.000,1400.000,47.813,-46.143
1996,700.000,700.000,1400.000,47.725,-46.230
1997,700.000,700.000,1400.000,47.725,-46.230
1998,700.000,700.000,1400.000,47.637,-46.230
1999,700.000,700.000,1400.000,47.549,-46.230
2000,700.000,700.000,1400.000,47.549,-46.318
2001,700.000,700.000,1400.000,47.549,-46.318
2002,700.000,700.000,1400.000,47.461,-46.318
2003,700.000,700.000,1400.000,47.461,-46.406
2004,700.000,700.000,1400.000,47.373,-46.406
2005,700.000,700.000,1400.000,47.373,-46.494
2006,700.000,700.000,1400.000,47.373,-46.494
2007,700.000,700.000,1400.000,47.285,-46.494
2008,700.000,700.000,1400.000,47.285,-46.582
2009,700.000,700.000,1400.000,47.197,-46.670
2010,700.000,700.000,1400.000,47.197,-46.670
2011,700.000,700.000,1400.000,47.197,-46.670
2012,700.000,700.000,1400.000,47.109,-46.670
2013,700.000,700.000,1400.000,47.021,-46.670
2014,700.000,700.000,1400.000,47.021,-46.670
2015,700.000,700.000,1400.000,47.021,-46.670
2016,700.000,700.000,1400.000,47.021,-46.758
2017,700.000,700.000,1400.000,46.934,-46.758
2018,700.000,700.000,1400.000,46.934,-46.758
2019,700.000,700.000,1400.000,46.846,-46.758
2020,700.000,700.000,1400.000,46.846,-46.846
2021,700.000,700.000,1400.000,46.758,-46.846
2022,700.000,700.000,1400.000,46.758,-46.846
2023,700.000,700.000,1400.000,46.670,-46.846
2024,700.000,700.000,1400.000,46.670,-46.934
2025,700.000,700.000,1400.000,46.670,-47.021
2026,700.000,700.000,1400.000,46.494,-47.021
2027,700.000,700.000,1400.000,46.494,-47.021
2028,700.000,700.000,1400.000,46.494,-47.021
2029,700.000,700.000,1400.000,46.406,-47.109
2030,700.000,700.000,1400.000,46.406,-47.109
2031,700.000,700.000,1400.000,46.406,-47.109
2032,700.000,700.000,1400.000,46.406,-47.197
2033,700.000,700.000,1400.000,46.318,-47.197
2034,700.000,700.000,1400.000,46.318,-47.197
2035,700.000,700.000,1400.000,46.318,-47.197
2036,700.000,700.000,1400.000,46.230,-47.197
2037,700.000,700.000,1400.000,46.230,-47.197
2038,700.000,700.000,1400.000,46.230,-47.285
2039,700.000,700.000,1400.000,46.230,-47.285
2040,700.000,700.000,1400.000,46.055,-47.285
2041,700.000,700.000,1400.000,46.055,-47.373
2042,700.000,700.000,1400.000,46.055,-47.373
2043,700.000,700.000,1400.000,46.055,-47.373
2044,700.000,700.000,1400.000,45.967,-47.461
2045,700.000,700.000,1400.000,45.879,-47.461
2046,700.000,700.000,1400.000,45.879,-47.461
2047,700.000,700.000,1400.000,45.879,-47.549
2048,700.000,700.000,1400.000,45.791,-47.637
2049,700.000,700.000,1400.000,45.791,-47.725
2050,700.000,700.000,1400.000,45.791,-46.934
2051,700.000,700.000,1400.000,45.703,-48.604
2052,700.000,700.000,1400.000,45.703,-48.076
2053,700.000,700.000,1400.000,45.703,-47.637
2054,700.000,700.000,1400.000,45.703,-47.725
2055,700.000,700.000,1400.000,45.703,-47.988
2056,700.000,700.000,1400.000,45.703,-47.900
2057,700.000,700.000,1400.000,45.615,-47.900
2058,700.000,700.000,1400.000,45.615,-47.900
2059,700.000,700.000,1400.000,45.527,-47.900
2060,700.000,700.000,1400.000,45.527,-47.900
2061,700.000,700.000,1400.000,45.527,-47.900
2062,700.000,700.000,1400.000,45.439,-47.900
2063,700.000,700.000,1400.000,45.439,-47.900
2064,700.000,700.000,1400.000,45.439,-47.900
2065,700.000,700.000,1400.000,45.439,-47.900
2066,700.000,700.000,1400.000,45.352,-47.900
2067,700.000,700.000,1400.000,45.352,-47.988
2068,700.000,700.000,1400.000,45.264,-47.988
2069,700.000,700.000,1400.000,45.264,-47.988
2070,700.000,700.000,1400.000,45.264,-47.988
2071,700.000,700.000,1400.000,45.176,-47.988
2072,700.000,700.000,1400.000,45.088,-48.076
2073,700.000,700.000,1400.000,45.088,-48.076
2074,700.000,700.000,1400.000,45.088,-48.076
2075,700.000,700.000,1400.000,45.088,-48.076
2076,700.000,700.000,1400.000,45.088,-48.164
2077,700.000,700.000,1400.000,45.000,-48.164
2078,700.000,700.000,1400.000,45.000,-48.164
2079,700.000,700.000,1400.000,45.000,-48.164
2080,700.000,700.000,1400.000,45.000,-48.164
2081,700.000,700.000,1400.000,45.000,-48.164
2082,700.000,700.000,1400.000,44.912,-48.252
2083,700.000,700.000,1400.000,44.912,-48.252
2084,700.000,700.000,1400.000,44.912,-48.252
2085,700.000,700.000,1400.000,44.912,-48.340
2086,700.000,700.000,1400.000,44.912,-48.340
2087,700.000,700.000,1400.000,44.912,-48.340
2088,700.000,700.000,1400.000,44.824,-48.340
2089,700.000,700.000,1400.000,44.736,-48.340
2090,700.000,700.000,1400.000,44.736,-48.340
2091,700.000,700.000,1400.000,44.736,-48.428
2092,700.000,700.000,1400.000,44.736,-48.428
2093,700.000,700.000,1400.000,44.736,-48.516
2094,700.000,700.000,1400.000,44.648,-48.516
2095,700.000,700.000,1400.000,44.648,-48.516
2096,700.000,700.000,1400.000,44.648,-48.604
2097,700.000,700.000,1400.000,44.648,-48.604
2098,700.000,700.000,1400.000,44.648,-48.604
2099,700.000,700.000,1400.000,44.561,-48.604
2100,700.000,700.000,1400.000,44.561,-48.604
2101,700.000,700.000,1400.000,44.561,-48.604
2102,700.000,700.000,1400.000,44.473,-48.604
2103,700.000,700.000,1400.000,44.473,-48.604
2104,700.000,700.000,1400.000,44.473,-48.691
2105,700.000,700.000,1400.000,44.473,-48.691
2106,700.000,700.000,1400.000,44.473,-48.691
2107,700.000,700.000,1400.000,44.385,-48.779
2108,700.000,700.000,1400.000,44.385,-48.867
2109,700.000,700.000,1400.000,44.385,-48.867
2110,700.000,700.000,1400.000,44.385,-48.955
2111,700.000,700.000,1400.000,44.385,-48.955
2112,700.000,700.000,1400.000,44.385,-48.955
2113,700.000,700.000,1400.000,44.385,-48.955
2114,700.000,700.000,1400.000,44.297,-48.955
2115,700.000,700.000,1400.000,44.297,-48.955
2116,700.000,700.000,1400.000,44.297,-48.955
2117,700.000,700.000,1400.000,44.209,-48.955
2118,700.000,700.000,1400.000,44.209,-48.955
2119,700.000,700.000,1400.000,44.209,-49.043
2120,700.000,700.000,1400.000,44.209,-49.043
2121,700.000,700.000,1400.000,44.209,-49.043
2122,700.000,700.000,1400.000,44.209,-49.043
2123,700.000,700.000,1400.000,44.121,-49.131
2124,700.000,700.000,1400.000,44.121,-49.131
2125,700.000,700.000,1400.000,44.121,-49.131
2126,700.000,700.000,1400.000,44.121,-49.131
2127,700.000,700.000,1400.000,44.033,-49.219
2128,700.000,700.000,1400.000,44.033,-49.219
2129,700.000,700.000,1400.000,44.033,-49.219
2130,700.000,700.000,1400.000,44.033,-49.219
2131,700.000,700.000,1400.000,43.945,-49.219
2132,700.000,700.000,1400.000,43.945,-49.307
2133,700.000,700.000,1400.000,43.945,-49.307
2134,700.000,700.000,1400.000,43.945,-49.307
2135,700.000,700.000,1400.000,43.945,-49.307
2136,700.000,700.000,1400.000,43.945,-49.307
2137,700.000,700.000,1400.000,43.945,-49.395
2138,700.000,700.000,1400.000,43.945,-49.395
2139,700.000,700.000,1400.000,43.857,-49.395
2140,700.000,700.000,1400.000,43.857,-49.395
2141,700.000,700.000,1400.000,43.857,-49.395
2142,700.000,700.000,1400.000,43.857,-49.395
2143,700.000,700.000,1400.000,43.770,-49.395
2144,700.000,700.000,1400.000,43.770,-49.482
2145,700.000,700.000,1400.000,43.770,-49.482
2146,700.000,700.000,1400.000,43.770,-49.482
2147,700.000,700.000,1400.000,43.770,-49.482
2148,700.000,700.000,1400.000,43.682,-49.482
2149,700.000,700.000,1400.000,43.682,-49.570
2150,700.000,700.000,1400.000,43.682,-49.570
2151,700.000,700.000,1400.000,43.682,-49.570
2152,700.000,700.000,1400.000,43.682,-49.570
2153,700.000,700.000,1400.000,43.682,-49.570
2154,700.000,700.000,1400.000,43.682,-49.570
2155,700.000,700.000,1400.000,43.682,-49.658
2156,700.000,700.000,1400.000,43.682,-49.658
2157,700.000,700.000,1400.000,43.682,-49.658
2158,700.000,700.000,1400.000,43.682,-49.658
2159,700.000,700.000,1400.000,43.682,-49.658
2160,700.000,700.000,1400.000,43.594,-49.658
2161,700.000,700.000,1400.000,43.594,-49.658
2162,700.000,700.000,1400.000,43.594,-49.658
2163,700.000,700.000,1400.000,43.594,-49.658
2164,700.000,700.000,1400.000,43.506,-49.658
2165,700.000,700.000,1400.000,43.506,-49.658
2166,700.000,700.000,1400.000,43.506,-49.658
2167,700.000,700.000,1400.000,43.506,-49.658
2168,700.000,700.000,1400.000,43.506,-49.658
2169,700.000,700.000,1400.000,43.506,-49.658
2170,700.000,700.000,1400.000,43.506,-49.658
2171,700.000,700.000,1400.000,43.506,-49.658
2172,700.000,700.000,1400.000,43.506,-49.658
2173,700.000,700.000,1400.000,43.418,-49.658
2174,700.000,700.000,1400.000,43.418,-49.658
2175,700.000,700.000,1400.000,43.418,-49.658
2176,700.000,700.000,1400.000,43.330,-49.658
2177,700.000,700.000,1400.000,43.330,-49.658
2178,700.000,700.000,1400.000,43.330,-49.658
2179,700.000,700.000,1400.000,43.330,-49.658
2180,700.000,700.000,1400.000,43.330,-49.746
2181,700.000,700.000,1400.000,43.330,-49.746
2182,700.000,700.000,1400.000,43.330,-49.746
2183,700.000,700.000,1400.000,43.330,-49.746
2184,700.000,700.000,1400.000,43.330,-49.746
2185,700.000,700.000,1400.000,43.330,-49.746
2186,700.000,700.000,1400.000,43.330,-49.746
2187,700.000,700.000,1400.000,43.330,-49.746
2188,700.000,700.000,1400.000,43.330,-49.746
2189,700.000,700.000,1400.000,43.242,-49.746
2190,700.000,700.000,1400.000,43.242,-49.746
2191,700.000,700.000,1400.000,43.242,-49.746
2192,700.000,700.000,1400.000,43.242,-49.746
2193,700.000,700.000,1400.000,43.242,-49.746
2194,700.000,700.000,1400.000,43.242,-49.746
2195,700.000,700.000,1400.000,43.242,-49.746
2196,700.000,700.000,1400.000,43.242,-49.746
2197,700.000,700.000,1400.000,43.242,-49.746
2198,700.000,700.000,1400.000,43.242,-49.746
2199,700.000,700.000,1400.000,43.242,-49.746
2200,700.000,700.000,1400.000,43.242,-49.834
2201,700.000,700.000,1400.000,43.242,-49.834
2202,700.000,700.000,1400.000,43.242,-49.834
2203,700.000,700.000,1400.000,43.242,-49.834
2204,700.000,700.000,1400.000,43.242,-49.834
2205,700.000,700.000,1400.000,43.242,-49.834
2206,700.000,700.000,1400.000,43.242,-49.834
2207,700.000,700.000,1400.000,43.242,-49.834
2208,700.000,700.000,1400.000,43.154,-49.834
2209,700.000,700.000,1400.000,43.154,-49.834
2210,700.000,700.000,1400.000,43.154,-49.834
2211,700.000,700.000,1400.000,43.154,-49.834
2212,700.000,700.000,1400.000,43.154,-49.834
2213,700.000,700.000,1400.000,43.154,-49.834
2214,700.000,700.000,1400.000,43.154,-49.922
2215,700.000,700.000,1400.000,43.154,-49.922
2216,700.000,700.000,1400.000,43.154,-49.922
2217,700.000,700.000,1400.000,43.154,-49.922
2218,700.000,700.000,1400.000,43.154,-49.922
2219,700.000,700.000,1400.000,43.154,-49.922
2220,700.000,700.000,1400.000,43.154,-49.922
2221,700.000,700.000,1400.000,43.154,-49.922
2222,700.000,700.000,1400.000,43.154,-49.922
2223,700.000,700.000,1400.000,43.154,-50.010
2224,700.000,700.000,1400.000,43.154,-50.010
2225,700.000,700.000,1400.000,43.154,-50.010
2226,700.000,700.000,1400.000,43.154,-50.010
2227,700.000,700.000,1400.000,43.154,-50.010
2228,700.000,700.000,1400.000,43.066,-50.010
2229,700.000,700.000,1400.000,43.066,-50.010
2230,700.000,700.000,1400.000,43.066,-50.010
2231,700.000,700.000,1400.000,43.066,-50.010
2232,700.000,700.000,1400.000,43.066,-50.010
2233,700.000,700.000,1400.000,43.066,-50.010
2234,700.000,700.000,1400.000,43.066,-50.010
2235,700.000,700.000,1400.000,43.066,-50.010
2236,700.000,700.000,1400.000,43.066,-50.010
2237,700.000,700.000,1400.000,43.066,-50.010
2238,700.000,700.000,1400.000,43.066,-50.010
2239,700.000,700.000,1400.000,43.066,-50.010
2240,700.000,700.000,1400.000,43.066,-50.010
2241,700.000,700.000,1400.000,43.066,-50.010
2242,700.000,700.000,1400.000,43.066,-50.010
2243,700.000,700.000,1400.000,43.066,-50.010
2244,700.000,700.000,1400.000,43.066,-50.010
2245,700.000,700.000,1400.000,43.066,-50.010
2246,700.000,700.000,1400.000,43.066,-50.010
2247,700.000,700.000,1400.000,43.066,-50.010
2248,700.000,700.000,1400.000,43.066,-50.010
2249,700.000,700.000,1400.000,43.066,-50.010
2250,700.000,700.000,1400.000,43.066,-50.010
2251,700.000,700.000,1400.000,43.066,-50.098
2252,700.000,700.000,1400.000,43.066,-50.098
2253,700.000,700.000,1400.000,43.066,-50.098
2254,700.000,700.000,1400.000,43.066,-50.098
2255,700.000,700.000,1400.000,43.066,-50.098
2256,700.000,700.000,1400.000,43.066,-50.098
2257,700.000,700.000,1400.000,43.066,-50.098
2258,700.000,700.000,1400.000,43.066,-50.098
2259,700.000,700.000,1400.000,43.066,-50.098
2260,700.000,700.000,1400.000,43.066,-50.098
2261,700.000,700.000,1400.000,43.066,-50.098
2262,700.000,700.000,1400.000,43.066,-50.098
2263,700.000,700.000,1400.000,43.066,-50.098
2264,700.000,700.000,1400.000,43.066,-50.098
2265,700.000,700.000,1400.000,43.066,-50.098
2266,700.000,700.000,1400.000,43.066,-50.098
2267,700.000,700.000,1400.000,43.066,-50.098
2268,700.000,700.000,1400.000,43.066,-50.098
2269,700.000,700.000,1400.000,43.066,-50.098
2270,700.000,700.000,1400.000,43.066,-50.098
2271,700.000,700.000,1400.000,43.066,-50.098
2272,700.000,700.000,1400.000,43.066,-50.098
2273,700.000,700.000,1400.000,43.066,-50.098
2274,700.000,700.000,1400.000,43.066,-50.098
2275,700.000,700.000,1400.000,43.066,-50.098
2276,700.000,700.000,1400.000,43.066,-50.098
2277,700.000,700.000,1400.000,43.066,-50.098
2278,700.000,700.000,1400.000,43.066,-50.098
2279,700.000,700.000,1400.000,43.066,-50.098
2280,700.000,700.000,1400.000,43.066,-50.098
2281,700.000,700.000,1400.000,43.066,-50.098
2282,700.000,700.000,1400.000,43.066,-50.098
2283,700.000,700.000,1400.000,43.066,-50.098
2284,700.000,700.000,1400.000,43.066,-50.098
2285,700.000,700.000,1400.000,43.066,-50.098
2286,700.000,700.000,1400.000,43.066,-50.098
2287,700.000,700.000,1400.000,43.066,-50.098
2288,700.000,700.000,1400.000,43.066,-50.098
2289,700.000,700.000,1400.000,43.066,-50.098
2290,700.000,700.000,1400.000,43.066,-50.098
2291,700.000,700.000,1400.000,43.066,-50.098
2292,700.000,700.000,1400.000,43.066,-50.098
2293,700.000,700.000,1400.000,43.066,-50.098
2294,700.000,700.000,1400.000,43.066,-50.098
2295,700.000,700.000,1400.000,43.066,-50.098
2296,700.000,700.000,1400.000,43.066,-50.098
2297,700.000,700.000,1400.000,43.066,-50.098
2298,700.000,700.000,1400.000,43.066,-50.098
2299,700.000,700.000,1400.000,43.066,-50.098
2300,700.000,700.000,1400.000,43.066,-50.098
2301,700.000,700.000,1400.000,43.066,-50.098
2302,700.000,700.000,1400.000,43.066,-50.098
2303,700.000,700.000,1400.000,43.066,-50.098
2304,700.000,700.000,1400.000,43.066,-50.098
2305,700.000,700.000,1400.000,43.066,-50.098
2306,700.000,700.000,1400.000,43.066,-50.098
2307,700.000,700.000,1400.000,43.066,-50.098
2308,700.000,700.000,1400.000,43.066,-50.098
2309,700.000,700.000,1400.000,43.066,-50.098
2310,700.000,700.000,1400.000,43.066,-50.098
2311,700.000,700.000,1400.000,43.066,-50.098
2312,700.000,700.000,1400.000,43.066,-50.098
2313,700.000,700.000,1400.000,43.066,-50.098
2314,700.000,700.000,1400.000,43.066,-50.098
2315,700.000,700.000,1400.000,43.066,-50.098
2316,700.000,700.000,1400.000,43.066,-50.098
2317,700.000,700.000,1400.000,43.066,-50.098
2318,700.000,700.000,1400.000,43.066,-50.098
2319,700.000,700.000,1400.000,43.066,-50.098
2320,700.000,700.000,1400.000,43.066,-50.098
2321,700.000,700.000,1400.000,43.066,-50.098
2322,700.000,700.000,1400.000,43.066,-50.098
2323,700.000,700.000,1400.000,43.066,-50.098
2324,700.000,700.000,1400.000,43.066,-50.098
2325,700.000,700.000,1400.000,43.066,-50.098
2326,700.000,700.000,1400.000,43.066,-50.098
2327,700.000,700.000,1400.000,43.066,-50.098
2328,700.000,700.000,1400.000,43.066,-50.098
2329,700.000,700.000,1400.000,43.066,-50.098
2330,700.000,700.000,1400.000,43.066,-50.098
2331,700.000,700.000,1400.000,43.066,-50.098
2332,700.000,700.000,1400.000,43.066,-50.098
2333,700.000,700.000,1400.000,43.066,-50.098
2334,700.000,700.000,1400.000,43.066,-50.098
2335,700.000,700.000,1400.000,43.066,-50.098
2336,700.000,700.000,1400.000,43.066,-50.098
2337,700.000,700.000,1400.000,43.066,-50.098
2338,700.000,700.000,1400.000,43.066,-50.098
2339,700.000,700.000,1400.000,43.066,-50.098
2340,700.000,700.000,1400.000,43.066,-50.098
2341,700.000,700.000,1400.000,43.066,-50.098
2342,700.000,700.000,1400.000,43.066,-50.098
2343,700.000,700.000,1400.000,43.066,-50.098
2344,700.000,700.000,1400.000,43.066,-50.098
2345,700.000,700.000,1400.000,43.066,-50.098
2346,700.000,700.000,1400.000,43.154,-50.098
2347,700.000,700.000,1400.000,43.154,-50.098
2348,700.000,700.000,1400.000,43.154,-50.098
2349,700.000,700.000,1400.000,43.154,-50.098
2350,700.000,700.000,1400.000,43.154,-50.098
2351,700.000,700.000,1400.000,43.154,-50.098
2352,700.000,700.000,1400.000,43.154,-50.098
2353,700.000,700.000,1400.000,43.154,-50.098
2354,700.000,700.000,1400.000,43.154,-50.098
2355,700.000,700.000,1400.000,43.154,-50.098
2356,700.000,700.000,1400.000,43.154,-50.098
2357,700.000,700.000,1400.000,43.154,-50.098
2358,700.000,700.000,1400.000,43.154,-50.098
2359,700.000,700.000,1400.000,43.154,-50.098
2360,700.000,700.000,1400.000,43.154,-50.098
2361,700.000,700.000,1400.000,43.154,-50.098
2362,700.000,700.000,1400.000,43.154,-50.098
2363,700.000,700.000,1400.000,43.154,-50.098
2364,700.000,700.000,1400.000,43.154,-50.098
2365,700.000,700.000,1400.000,43.154,-50.098
2366,700.000,700.000,1400.000,43.154,-50.098
2367,700.000,700.000,1400.000,43.154,-50.098
2368,700.000,700.000,1400.000,43.154,-50.098
2369,700.000,700.000,1400.000,43.242,-50.098
2370,700.000,700.000,1400.000,43.242,-50.098
2371,700.000,700.000,1400.000,43.242,-50.098
2372,700.000,700.000,1400.000,43.242,-50.098
2373,700.000,700.000,1400.000,43.242,-50.098
2374,700.000,700.000,1400.000,43.242,-50.098
2375,700.000,700.000,1400.000,43.242,-50.098
2376,700.000,700.000,1400.000,43.242,-50.098
2377,700.000,700.000,1400.000,43.242,-50.098
2378,700.000,700.000,1400.000,43.242,-50.098
2379,700.000,700.000,1400.000,43.242,-50.098
2380,700.000,700.000,1400.000,43.242,-50.098
2381,700.000,700.000,1400.000,43.242,-50.098
2382,700.000,700.000,1400.000,43.242,-50.098
2383,700.000,700.000,1400.000,43.242,-50.098
2384,700.000,700.000,1400.000,43.242,-50.098
2385,700.000,700.000,1400.000,43.242,-50.098
2386,700.000,700.000,1400.000,43.242,-50.098
2387,700.000,700.000,1400.000,43.242,-50.098
2388,700.000,700.000,1400.000,43.242,-50.098
2389,700.000,700.000,1400.000,43.242,-50.098
2390,700.000,700.000,1400.000,43.242,-50.098
2391,700.000,700.000,1400.000,43.242,-50.098
2392,700.000,700.000,1400.000,43.242,-50.098
2393,700.000,700.000,1400.000,43.242,-50.098
2394,700.000,700.000,1400.000,43.242,-50.098
2395,700.000,700.000,1400.000,43.242,-50.098
2396,700.000,700.000,1400.000,43.242,-50.098
2397,700.000,700.000,1400.000,43.242,-50.098
2398,700.000,700.000,1400.000,43.242,-50.098
2399,700.000,700.000,1400.000,43.242,-50.098
2400,700.000,700.000,1400.000,43.242,-50.098
2401,700.000,700.000,1400.000,43.242,-50.098
2402,700.000,700.000,1400.000,43.242,-50.098
2403,700.000,700.000,1400.000,43.242,-50.098
2404,700.000,700.000,1400.000,43.242,-50.098
2405,700.000,700.000,1400.000,43.242,-50.098
2406,700.000,700.000,1400.000,43.242,-50.098
2407,700.000,700.000,1400.000,43.242,-50.098
2408,700.000,700.000,1400.000,43.242,-50.098
2409,700.000,700.000,1400.000,43.242,-50.098
2410,700.000,700.000,1400.000,43.242,-50.098
2411,700.000,700.000,1400.000,43.242,-50.098
2412,700.000,700.000,1400.000,43.242,-50.098
2413,700.000,700.000,1400.000,43.242,-50.098
2414,700.000,700.000,1400.000,43.242,-50.098
2415,700.000,700.000,1400.000,43.242,-50.098
2416,700.000,700.000,1400.000,43.242,-50.098
2417,700.000,700.000,1400.000,43.242,-50.098
2418,700.000,700.000,1400.000,43.242,-50.098
2419,700.000,700.000,1400.000,43.242,-50.098
2420,700.000,700.000,1400.000,43.242,-50.098
2421,700.000,700.000,1400.000,43.242,-50.098
2422,700.000,700.000,1400.000,43.242,-50.098
2423,700.000,700.000,1400.000,43.242,-50.098
2424,700.000,700.000,1400.000,43.330,-50.098
2425,700.000,700.000,1400.000,43.330,-50.098
2426,700.000,700.000,1400.000,43.330,-50.098
2427,700.000,700.000,1400.000,43.330,-50.098
2428,700.000,700.000,1400.000,43.330,-50.098
2429,700.000,700.000,1400.000,43.330,-50.098
2430,700.000,700.000,1400.000,43.330,-50.098
2431,700.000,700.000,1400.000,43.330,-50.098
2432,700.000,700.000,1400.000,43.330,-50.098
2433,700.000,700.000,1400.000,43.330,-50.098
2434,700.000,700.000,1400.000,43.330,-50.098
2435,700.000,700.000,1400.000,43.330,-50.098
2436,700.000,700.000,1400.000,43.330,-50.098
2437,700.000,700.000,1400.000,43.330,-50.098
2438,700.000,700.000,1400.000,43.330,-50.098
2439,700.000,700.000,1400.000,43.330,-50.098
2440,700.000,700.000,1400.000,43.330,-50.098
2441,700.000,700.000,1400.000,43.330,-50.098
2442,700.000,700.000,1400.000,43.330,-50.098
2443,700.000,700.000,1400.000,43.330,-50.098
2444,700.000,700.000,1400.000,43.330,-50.098
2445,700.000,700.000,1400.000,43.330,-50.098
2446,700.000,700.000,1400.000,43.330,-50.098
2447,700.000,700.000,1400.000,43.330,-50.098
2448,700.000,700.000,1400.000,43.330,-50.098
2449,700.000,700.000,1400.000,43.330,-50.098
2450,700.000,700.000,1400.000,43.330,-50.098
2451,700.000,700.000,1400.000,43.330,-50.098
2452,700.000,700.000,1400.000,43.330,-50.098
2453,700.000,700.000,1400.000,43.330,-50.098
2454,700.000,700.000,1400.000,43.330,-50.098
2455,700.000,700.000,1400.000,43.330,-50.098
2456,700.000,700.000,1400.000,43.330,-50.098
2457,700.000,700.000,1400.000,43.330,-50.098
2458,700.000,700.000,1400.000,43.330,-50.098
2459,700.000,700.000,1400.000,43.330,-50.098
2460,700.000,700.000,1400.000,43.330,-50.098
2461,700.000,700.000,1400.000,43.330,-50.098
2462,700.000,700.000,1400.000,43.330,-50.098
2463,700.000,700.000,1400.000,43.330,-50.098
2464,700.000,700.000,1400.000,43.330,-50.098
2465,700.000,700.000,1400.000,43.330,-50.098
2466,700.000,700.000,1400.000,43.330,-50.098
2467,700.000,700.000,1400.000,43.330,-50.098
2468,700.000,700.000,1400.000,43.330,-50.098
2469,700.000,700.000,1400.000,43.330,-50.098
2470,700.000,700.000,1400.000,43.330,-50.098
2471,700.000,700.000,1400.000,43.330,-50.098
2472,700.000,700.000,1400.000,43.330,-50.098
2473,700.000,700.000,1400.000,43.330,-50.098
2474,700.000,700.000,1400.000,43.330,-50.098
2475,700.000,700.000,1400.000,43.330,-50.098
2476,700.000,700.000,1400.000,43.330,-50.098
2477,700.000,700.000,1400.000,43.330,-50.098
2478,700.000,700.000,1400.000,43.330,-50.098
2479,700.000,700.000,1400.000,43.330,-50.098
2480,700.000,700.000,1400.000,43.330,-50.098
2481,700.000,700.000,1400.000,43.330,-50.098
2482,700.000,700.000,1400.000,43.330,-50.098
2483,700.000,700.000,1400.000,43.330,-50.098
2484,700.000,700.000,1400.000,43.330,-50.098
2485,700.000,700.000,1400.000,43.330,-50.098
2486,700.000,700.000,1400.000,43.330,-50.098
2487,700.000,700.000,1400.000,43.330,-50.098
2488,700.000,700.000,1400.000,43.330,-50.098
2489,700.000,700.000,1400.000,43.330,-50.098
2490,700.000,700.000,1400.000,43.330,-50.098
2491,700.000,700.000,1400.000,43.330,-50.098
2492,700.000,700.000,1400.000,43.330,-50.098
2493,700.000,700.000,1400.000,43.330,-50.098
2494,700.000,700.000,1400.000,43.330,-50.098
2495,700.000,700.000,1400.000,43.330,-50.098
2496,700.000,700.000,1400.000,43.330,-50.098
2497,700.000,700.000,1400.000,43.330,-50.098
2498,700.000,700.000,1400.000,43.330,-50.098
2499,700.000,700.000,1400.000,43.330,-50.098
2500,700.000,700.000,1400.000,43.330,-50.098
2501,700.000,700.000,1400.000,43.330,-50.098
2502,700.000,700.000,1400.000,43.330,-50.098
2503,700.000,700.000,1400.000,43.330,-50.098
2504,700.000,700.000,1400.000,43.330,-50.098
2505,700.000,700.000,1400.000,43.330,-50.098
2506,700.000,700.000,1400.000,43.330,-50.098
2507,700.000,700.000,1400.000,43.330,-50.098
2508,700.000,700.000,1400.000,43.330,-50.098
2509,700.000,700.000,1400.000,43.330,-50.098
2510,700.000,700.000,1400.000,43.330,-50.098
2511,700.000,700.000,1400.000,43.330,-50.098
2512,700.000,700.000,1400.000,43.330,-50.098
2513,700.000,700.000,1400.000,43.330,-50.098
2514,700.000,700.000,1400.000,43.330,-50.098
2515,700.000,700.000,1400.000,43.330,-50.098
2516,700.000,700.000,1400.000,43.330,-50.098
2517,700.000,700.000,1400.000,43.330,-50.098
2518,700.000,700.000,1400.000,43.330,-50.098
2519,700.000,700.000,1400.000,43.330,-50.098
2520,700.000,700.000,1400.000,43.330,-50.098
2521,700.000,700.000,1400.000,43.330,-50.098
2522,700.000,700.000,1400.000,43.330,-50.098
2523,700.000,700.000,1400.000,43.330,-50.098
2524,700.000,700.000,1400.000,43.330,-50.098
2525,700.000,700.000,1400.000,43.330,-50.098
2526,700.000,700.000,1400.000,43.330,-50.098
2527,700.000,700.000,1400.000,43.330,-50.098
2528,700.000,700.000,1400.000,43.330,-50.098
2529,700.000,700.000,1400.000,43.330,-50.098
2530,700.000,700.000,1400.000,43.330,-50.098
2531,700.000,700.000,1400.000,43.330,-50.098
2532,700.000,700.000,1400.000,43.330,-50.098
2533,700.000,700.000,1400.000,43.330,-50.098
2534,700.000,700.000,1400.000,43.330,-50.098
2535,700.000,700.000,1400.000,43.330,-50.098
2536,700.000,700.000,1400.000,43.330,-50.098
2537,700.000,700.000,1400.000,43.330,-50.098
2538,700.000,700.000,1400.000,43.330,-50.098
2539,700.000,700.000,1400.000,43.330,-50.098
2540,700.000,700.000,1400.000,43.330,-50.098
2541,700.000,700.000,1400.000,43.330,-50.098
2542,700.000,700.000,1400.000,43.330,-50.098
2543,700.000,700.000,1400.000,43.330,-50.098
2544,700.000,700.000,1400.000,43.330,-50.098
2545,700.000,700.000,1400.000,43.330,-50.098
2546,700.000,700.000,1400.000,43.330,-50.098
2547,700.000,700.000,1400.000,43.330,-50.098
2548,700.000,700.000,1400.000,43.330,-50.098
2549,700.000,700.000,1400.000,43.330,-50.098
2550,700.000,700.000,1400.000,43.330,-50.098
2551,700.000,700.000,1400.000,43.330,-50.098
2552,700.000,700.000,1400.000,43.330,-50.098
2553,700.000,700.000,1400.000,43.330,-50.098
2554,700.000,700.000,1400.000,43.330,-50.098
2555,700.000,700.000,1400.000,43.330,-50.098
2556,700.000,700.000,1400.000,43.330,-50.098
2557,700.000,700.000,1400.000,43.330,-50.098
2558,700.000,700.000,1400.000,43.330,-50.098
2559,700.000,700.000,1400.000,43.330,-50.098
2560,700.000,700.000,1400.000,43.330,-50.098
2561,700.000,700.000,1400.000,43.330,-50.098
2562,700.000,700.000,1400.000,43.330,-50.098
2563,700.000,700.000,1400.000,43.330,-50.098
2564,700.000,700.000,1400.000,43.330,-50.098
2565,700.000,700.000,1400.000,43.330,-50.098
2566,700.000,700.000,1400.000,43.330,-50.098
2567,700.000,700.000,1400.000,43.330,-50.098
2568,700.000,700.000,1400.000,43.330,-50.098
2569,700.000,700.000,1400.000,43.330,-50.098
2570,700.000,700.000,1400.000,43.330,-50.098
2571,700.000,700.000,1400.000,43.330,-50.098
2572,700.000,700.000,1400.000,43.330,-50.098
2573,700.000,700.000,1400.000,43.330,-50.098
2574,700.000,700.000,1400.000,43.330,-50.098
2575,700.000,700.000,1400.000,43.330,-50.098
2576,700.000,700.000,1400.000,43.330,-50.098
2577,700.000,700.000,1400.000,43.330,-50.098
2578,700.000,700.000,1400.000,43.330,-50.098
2579,700.000,700.000,1400.000,43.330,-50.098
2580,700.000,700.000,1400.000,43.330,-50.098
2581,700.000,700.000,1400.000,43.330,-50.098
2582,700.000,700.000,1400.000,43.330,-50.098
2583,700.000,700.000,1400.000,43.330,-50.098
2584,700.000,700.000,1400.000,43.330,-50.098
2585,700.000,700.000,1400.000,43.330,-50.098
2586,700.000,700.000,1400.000,43.330,-50.098
2587,700.000,700.000,1400.000,43.330,-50.098
2588,700.000,700.000,1400.000,43.330,-50.098
2589,700.000,700.000,1400.000,43.330,-50.098
2590,700.000,700.000,1400.000,43.330,-50.098
2591,700.000,700.000,1400.000,43.330,-50.098
2592,700.000,700.000,1400.000,43.330,-50.098
2593,700.000,700.000,1400.000,43.330,-50.098
2594,700.000,700.000,1400.000,43.330,-50.098
2595,700.000,700.000,1400.000,43.330,-50.098
2596,700.000,700.000,1400.000,43.330,-50.098
2597,700.000,700.000,1400.000,43.330,-50.098
2598,700.000,700.000,1400.000,43.330,-50.098
2599,700.000,700.000,1400.000,43.330,-50.098
2600,700.000,700.000,1400.000,43.330,-50.098
2601,700.000,700.000,1400.000,43.330,-50.098
2602,700.000,700.000,1400.000,43.330,-50.098
2603,700.000,700.000,1400.000,43.330,-50.098
2604,700.000,700.000,1400.000,43.330,-50.098
2605,700.000,700.000,1400.000,43.330,-50.098
2606,700.000,700.000,1400.000,43.330,-50.098
2607,700.000,700.000,1400.000,43.330,-50.098
2608,700.000,700.000,1400.000,43.330,-50.098
2609,700.000,700.000,1400.000,43.330,-50.098
2610,700.000,700.000,1400.000,43.330,-50.098
2611,700.000,700.000,1400.000,43.330,-50.098
2612,700.000,700.000,1400.000,43.330,-50.098
2613,700.000,700.000,1400.000,43.330,-50.098
2614,700.000,700.000,1400.000,43.330,-50.098
2615,700.000,700.000,1400.000,43.330,-50.098
2616,700.000,700.000,1400.000,43.330,-50.098
2617,700.000,700.000,1400.000,43.330,-50.098
2618,700.000,700.000,1400.000,43.330,-50.098
2619,700.000,700.000,1400.000,43.330,-50.098
2620,700.000,700.000,1400.000,43.330,-50.098
2621,700.000,700.000,1400.000,43.330,-50.098
2622,700.000,700.000,1400.000,43.330,-50.098
2623,700.000,700.000,1400.000,43.330,-50.098
2624,700.000,700.000,1400.000,43.330,-50.098
2625,700.000,700.000,1400.000,43.330,-50.098
2626,700.000,700.000,1400.000,43.330,-50.098
2627,700.000,700.000,1400.000,43.330,-50.098
2628,700.000,700.000,1400.000,43.330,-50.098
2629,700.000,700.000,1400.000,43.330,-50.098
2630,700.000,700.000,1400.000,43.330,-50.098
2631,700.000,700.000,1400.000,43.330,-50.098
2632,700.000,700.000,1400.000,43.330,-50.098
2633,700.000,700.000,1400.000,43.330,-50.098
2634,700.000,700.000,1400.000,43.330,-50.098
2635,700.000,700.000,1400.000,43.330,-50.098
2636,700.000,700.000,1400.000,43.330,-50.098
2637,700.000,700.000,1400.000,43.330,-50.098
2638,700.000,700.000,1400.000,43.330,-50.098
2639,700.000,700.000,1400.000,43.330,-50.098
2640,700.000,700.000,1400.000,43.330,-50.098
2641,700.000,700.000,1400.000,43.330,-50.098
2642,700.000,700.000,1400.000,43.330,-50.098
2643,700.000,700.000,1400.000,43.330,-50.098
2644,700.000,700.000,1400.000,43.330,-50.098
2645,700.000,700.000,1400.000,43.330,-50.098
2646,700.000,700.000,1400.000,43.330,-50.098
2647,700.000,700.000,1400.000,43.330,-50.098
2648,700.000,700.000,1400.000,43.330,-50.098
2649,700.000,700.000,1400.000,43.330,-50.098
2650,700.000,700.000,1400.000,43.330,-50.098
2651,700.000,700.000,1400.000,43.330,-50.098
2652,700.000,700.000,1400.000,43.330,-50.098
2653,700.000,700.000,1400.000,43.330,-50.098
2654,700.000,700.000,1400.000,43.330,-50.098
2655,700.000,700.000,1400.000,43.330,-50.098
2656,700.000,700.000,1400.000,43.330,-50.098
2657,700.000,700.000,1400.000,43.330,-50.098
2658,700.000,700.000,1400.000,43.330,-50.098
2659,700.000,700.000,1400.000,43.330,-50.098
2660,700.000,700.000,1400.000,43.330,-50.098
2661,700.000,700.000,1400.000,43.330,-50.098
2662,700.000,700.000,1400.000,43.330,-50.098
2663,700.000,700.000,1400.000,43.330,-50.098
2664,700.000,700.000,1400.000,43.330,-50.098
2665,700.000,700.000,1400.000,43.330,-50.098
2666,700.000,700.000,1400.000,43.330,-50.098
2667,700.000,700.000,1400.000,43.330,-50.098
2668,700.000,700.000,1400.000,43.330,-50.098
2669,700.000,700.000,1400.000,43.330,-50.098
2670,700.000,700.000,1400.000,43.330,-50.098
2671,700.000,700.000,1400.000,43.330,-50.098
2672,700.000,700.000,1400.000,43.330,-50.098
2673,700.000,700.000,1400.000,43.330,-50.098
2674,700.000,700.000,1400.000,43.330,-50.098
2675,700.000,700.000,1400.000,43.330,-50.098
2676,700.000,700.000,1400.000,43.330,-50.098
2677,700.000,700.000,1400.000,43.330,-50.098
2678,700.000,700.000,1400.000,43.330,-50.098
2679,700.000,700.000,1400.000,43.330,-50.098
2680,700.000,700.000,1400.000,43.330,-50.098
2681,700.000,700.000,1400.000,43.330,-50.098
2682,700.000,700.000,1400.000,43.330,-50.098
2683,700.000,700.000,1400.000,43.330,-50.098
2684,700.000,700.000,1400.000,43.330,-50.098
2685,700.000,700.000,1400.000,43.330,-50.098
2686,700.000,700.000,1400.000,43.330,-50.098
2687,700.000,700.000,1400.000,43.330,-50.098
2688,700.000,700.000,1400.000,43.330,-50.098
2689,700.000,700.000,1400.000,43.330,-50.098
2690,700.000,700.000,1400.000,43.330,-50.098
2691,700.000,700.000,1400.000,43.330,-50.098
2692,700.000,700.000,1400.000,43.330,-50.098
2693,700.000,700.000,1400.000,43.330,-50.098
2694,700.000,700.000,1400.000,43.330,-50.098
2695,700.000,700.000,1400.000,43.330,-50.098
2696,700.000,700.000,1400.000,43.330,-50.098
2697,700.000,700.000,1400.000,43.330,-50.098
2698,700.000,700.000,1400.000,43.330,-50.098
2699,700.000,700.000,1400.000,43.330,-50.098
2700,700.000,700.000,1400.000,43.330,-50.098
2701,700.000,700.000,1400.000,43.330,-50.098
2702,700.000,700.000,1400.000,43.330,-50.098
2703,700.000,700.000,1400.000,43.330,-50.098
2704,700.000,700.000,1400.000,43.330,-50.098
2705,700.000,700.000,1400.000,43.330,-50.098
2706,700.000,700.000,1400.000,43.330,-50.098
2707,700.000,700.000,1400.000,43.330,-50.098
2708,700.000,700.000,1400.000,43.330,-50.098
2709,700.000,700.000,1400.000,43.330,-50.098
2710,700.000,700.000,1400.000,43.330,-50.098
2711,700.000,700.000,1400.000,43.330,-50.098
2712,700.000,700.000,1400.000,43.330,-50.098
2713,700.000,700.000,1400.000,43.330,-50.098
2714,700.000,700.000,1400.000,43.330,-50.098
2715,700.000,700.000,1400.000,43.330,-50.098
2716,700.000,700.000,1400.000,43.330,-50.098
2717,700.000,700.000,1400.000,43.330,-50.098
2718,700.000,700.000,1400.000,43.330,-50.098
2719,700.000,700.000,1400.000,43.330,-50.098
2720,700.000,700.000,1400.000,43.330,-50.098
2721,700.000,700.000,1400.000,43.330,-50.098
2722,700.000,700.000,1400.000,43.330,-50.098
2723,700.000,700.000,1400.000,43.330,-50.098
2724,700.000,700.000,1400.000,43.330,-50.098
2725,700.000,700.000,1400.000,43.330,-50.098
2726,700.000,700.000,1400.000,43.330,-50.098
2727,700.000,700.000,1400.000,43.330,-50.098
2728,700.000,700.000,1400.000,43.330,-50.098
2729,700.000,700.000,1400.000,43.330,-50.098
2730,700.000,700.000,1400.000,43.330,-50.098
2731,700.000,700.000,1400.000,43.330,-50.098
2732,700.000,700.000,1400.000,43.330,-50.098
2733,700.000,700.000,1400.000,43.330,-50.098
2734,700.000,700.000,1400.000,43.330,-50.098
2735,700.000,700.000,1400.000,43.330,-50.098
2736,700.000,700.000,1400.000,43.330,-50.098
2737,700.000,700.000,1400.000,43.330,-50.098
2738,700.000,700.000,1400.000,43.330,-50.098
2739,700.000,700.000,1400.000,43.330,-50.098
2740,700.000,700.000,1400.000,43.330,-50.098
2741,700.000,700.000,1400.000,43.330,-50.098
2742,700.000,700.000,1400.000,43.330,-50.098
2743,700.000,700.000,1400.000,43.330,-50.098
2744,700.000,700.000,1400.000,43.330,-50.098
2745,700.000,700.000,1400.000,43.330,-50.098
2746,700.000,700.000,1400.000,43.330,-50.098
2747,700.000,700.000,1400.000,43.330,-50.098
2748,700.000,700.000,1400.000,43.330,-50.098
2749,700.000,700.000,1400.000,43.330,-50.098
2750,700.000,700.000,1400.000,43.330,-50.098
2751,700.000,700.000,1400.000,43.330,-50.098
2752,700.000,700.000,1400.000,43.330,-50.098
2753,700.000,700.000,1400.000,43.330,-50.098
2754,700.000,700.000,1400.000,43.330,-50.098
2755,700.000,700.000,1400.000,43.330,-50.098
2756,700.000,700.000,1400.000,43.330,-50.098
2757,700.000,700.000,1400.000,43.330,-50.098
2758,700.000,700.000,1400.000,43.330,-50.098
2759,700.000,700.000,1400.000,43.330,-50.098
2760,700.000,700.000,1400.000,43.330,-50.098
2761,700.000,700.000,1400.000,43.330,-50.098
2762,700.000,700.000,1400.000,43.330,-50.098
2763,700.000,700.000,1400.000,43.330,-50.098
2764,700.000,700.000,1400.000,43.330,-50.098
2765,700.000,700.000,1400.000,43.330,-50.098
2766,700.000,700.000,1400.000,43.330,-50.098
2767,700.000,700.000,1400.000,43.330,-50.098
2768,700.000,700.000,1400.000,43.330,-50.098
2769,700.000,700.000,1400.000,43.330,-50.098
2770,700.000,700.000,1400.000,43.330,-50.098
2771,700.000,700.000,1400.000,43.330,-50.098
2772,700.000,700.000,1400.000,43.330,-50.098
2773,700.000,700.000,1400.000,43.330,-50.098
2774,700.000,700.000,1400.000,43.330,-50.098
2775,700.000,700.000,1400.000,43.330,-50.098
2776,700.000,700.000,1400.000,43.330,-50.098
2777,700.000,700.000,1400.000,43.330,-50.098
2778,700.000,700.000,1400.000,43.330,-50.098
2779,700.000,700.000,1400.000,43.330,-50.098
2780,700.000,700.000,1400.000,43.330,-50.098
2781,700.000,700.000,1400.000,43.330,-50.098
2782,700.000,700.000,1400.000,43.330,-50.098
2783,700.000,700.000,1400.000,43.330,-50.098
2784,700.000,700.000,1400.000,43.330,-50.098
2785,700.000,700.000,1400.000,43.330,-50.098
2786,700.000,700.000,1400.000,43.330,-50.098
2787,700.000,700.000,1400.000,43.330,-50.098
2788,700.000,700.000,1400.000,43.330,-50.098
2789,700.000,700.000,1400.000,43.330,-50.098
2790,700.000,700.000,1400.000,43.330,-50.098
2791,700.000,700.000,1400.000,43.330,-50.098
2792,700.000,700.000,1400.000,43.330,-50.098
2793,700.000,700.000,1400.000,43.330,-50.098
2794,700.000,700.000,1400.000,43.330,-50.098
2795,700.000,700.000,1400.000,43.330,-50.098
2796,700.000,700.000,1400.000,43.330,-50.098
2797,700.000,700.000,1400.000,43.330,-50.098
2798,700.000,700.000,1400.000,43.330,-50.098
2799,700.000,700.000,1400.000,43.330,-50.098
2800,700.000,700.000,1400.000,43.330,-50.098
2801,700.000,700.000,1400.000,43.330,-50.098
2802,700.000,700.000,1400.000,43.330,-50.098
2803,700.000,700.000,1400.000,43.330,-50.098
2804,700.000,700.000,1400.000,43.330,-50.098
2805,700.000,700.000,1400.000,43.330,-50.098
2806,700.000,700.000,1400.000,43.330,-50.098
2807,700.000,700.000,1400.000,43.330,-50.098
2808,700.000,700.000,1400.000,43.330,-50.098
2809,700.000,700.000,1400.000,43.330,-50.098
2810,700.000,700.000,1400.000,43.330,-50.098
2811,700.000,700.000,1400.000,43.330,-50.098
2812,700.000,700.000,1400.000,43.330,-50.098
2813,700.000,700.000,1400.000,43.330,-50.098
2814,700.000,700.000,1400.000,43.330,-50.098
2815,700.000,700.000,1400.000,43.330,-50.098
2816,700.000,700.000,1400.000,43.330,-50.098
2817,700.000,700.000,1400.000,43.330,-50.098
2818,700.000,700.000,1400.000,43.330,-50.098
2819,700.000,700.000,1400.000,43.330,-50.098
2820,700.000,700.000,1400.000,43.330,-50.098
2821,700.000,700.000,1400.000,43.330,-50.098
2822,700.000,700.000,1400.000,43.330,-50.098
2823,700.000,700.000,1400.000,43.330,-50.098
2824,700.000,700.000,1400.000,43.330,-50.098
2825,700.000,700.000,1400.000,43.330,-50.098
2826,700.000,700.000,1400.000,43.330,-50.098
2827,700.000,700.000,1400.000,43.330,-50.098
2828,700.000,700.000,1400.000,43.330,-50.098
2829,700.000,700.000,1400.000,43.330,-50.098
2830,700.000,700.000,1400.000,43.330,-50.098
2831,700.000,700.000,1400.000,43.330,-50.098
2832,700.000,700.000,1400.000,43.330,-50.098
2833,700.000,700.000,1400.000,43.330,-50.098
2834,700.000,700.000,1400.000,43.330,-50.098
2835,700.000,700.000,1400.000,43.330,-50.098
2836,700.000,700.000,1400.000,43.330,-50.098
2837,700.000,700.000,1400.000,43.330,-50.098
2838,700.000,700.000,1400.000,43.330,-50.098
2839,700.000,700.000,1400.000,43.330,-50.098
2840,700.000,700.000,1400.000,43.330,-50.098
2841,700.000,700.000,1400.000,43.330,-50.098
2842,700.000,700.000,1400.000,43.330,-50.098
2843,700.000,700.000,1400.000,43.330,-50.098
2844,700.000,700.000,1400.000,43.330,-50.098
2845,700.000,700.000,1400.000,43.330,-50.098
2846,700.000,700.000,1400.000,43.330,-50.098
2847,700.000,700.000,1400.000,43.330,-50.098
2848,700.000,700.000,1400.000,43.330,-50.098
2849,700.000,700.000,1400.000,43.330,-50.098
2850,700.000,700.000,1400.000,43.330,-50.098
2851,700.000,700.000,1400.000,43.330,-50.098
2852,700.000,700.000,1400.000,43.330,-50.098
2853,700.000,700.000,1400.000,43.330,-50.098
2854,700.000,700.000,1400.000,43.330,-50.098
2855,700.000,700.000,1400.000,43.330,-50.098
2856,700.000,700.000,1400.000,43.330,-50.098
2857,700.000,700.000,1400.000,43.330,-50.098
2858,700.000,700.000,1400.000,43.330,-50.098
2859,700.000,700.000,1400.000,43.330,-50.098
2860,700.000,700.000,1400.000,43.330,-50.098
2861,700.000,700.000,1400.000,43.330,-50.098
2862,700.000,700.000,1400.000,43.330,-50.098
2863,700.000,700.000,1400.000,43.330,-50.098
2864,700.000,700.000,1400.000,43.330,-50.098
2865,700.000,700.000,1400.000,43.330,-50.098
2866,700.000,700.000,1400.000,43.330,-50.098
2867,700.000,700.000,1400.000,43.330,-50.098
2868,700.000,700.000,1400.000,43.330,-50.098
2869,700.000,700.000,1400.000,43.330,-50.098
2870,700.000,700.000,1400.000,43.330,-50.098
2871,700.000,700.000,1400.000,43.330,-50.098
2872,700.000,700.000,1400.000,43.330,-50.098
2873,700.000,700.000,1400.000,43.330,-50.098
2874,700.000,700.000,1400.000,43.330,-50.098
2875,700.000,700.000,1400.000,43.330,-50.098
2876,700.000,700.000,1400.000,43.330,-50.098
2877,700.000,700.000,1400.000,43.330,-50.098
2878,700.000,700.000,1400.000,43.330,-50.098
2879,700.000,700.000,1400.000,43.330,-50.098
2880,700.000,700.000,1400.000,43.330,-50.098
2881,700.000,700.000,1400.000,43.330,-50.098
2882,700.000,700.000,1400.000,43.330,-50.098
2883,700.000,700.000,1400.000,43.330,-50.098
2884,700.000,700.000,1400.000,43.330,-50.098
2885,700.000,700.000,1400.000,43.330,-50.098
2886,700.000,700.000,1400.000,43.330,-50.098
2887,700.000,700.000,1400.000,43.330,-50.098
2888,700.000,700.000,1400.000,43.330,-50.098
2889,700.000,700.000,1400.000,43.330,-50.098
2890,700.000,700.000,1400.000,43.330,-50.098
2891,700.000,700.000,1400.000,43.330,-50.098
2892,700.000,700.000,1400.000,43.330,-50.098
2893,700.000,700.000,1400.000,43.330,-50.098
2894,700.000,700.000,1400.000,43.330,-50.098
2895,700.000,700.000,1400.000,43.330,-50.098
2896,700.000,700.000,1400.000,43.330,-50.098
2897,700.000,700.000,1400.000,43.330,-50.098
2898,700.000,700.000,1400.000,43.330,-50.098
2899,700.000,700.000,1400.000,43.330,-50.098
2900,700.000,700.000,1400.000,43.330,-50.098
2901,700.000,700.000,1400.000,43.330,-50.098
2902,700.000,700.000,1400.000,43.330,-50.098
2903,700.000,700.000,1400.000,43.330,-50.098
2904,700.000,700.000,1400.000,43.330,-50.098
2905,700.000,700.000,1400.000,43.330,-50.098
2906,700.000,700.000,1400.000,43.330,-50.098
2907,700.000,700.000,1400.000,43.330,-50.098
2908,700.000,700.000,1400.000,43.330,-50.098
2909,700.000,700.000,1400.000,43.330,-50.098
2910,700.000,700.000,1400.000,43.330,-50.098
2911,700.000,700.000,1400.000,43.330,-50.098
2912,700.000,700.000,1400.000,43.330,-50.098
2913,700.000,700.000,1400.000,43.330,-50.098
2914,700.000,700.000,1400.000,43.330,-50.098
2915,700.000,700.000,1400.000,43.330,-50.098
2916,700.000,700.000,1400.000,43.330,-50.098
2917,700.000,700.000,1400.000,43.330,-50.098
2918,700.000,700.000,1400.000,43.330,-50.098
2919,700.000,700.000,1400.000,43.330,-50.098
2920,700.000,700.000,1400.000,43.330,-50.098
2921,700.000,700.000,1400.000,43.330,-50.098
2922,700.000,700.000,1400.000,43.330,-50.098
2923,700.000,700.000,1400.000,43.330,-50.098
2924,700.000,700.000,1400.000,43.330,-50.098
2925,700.000,700.000,1400.000,43.330,-50.098
2926,700.000,700.000,1400.000,43.330,-50.098
2927,700.000,700.000,1400.000,43.330,-50.098
2928,700.000,700.000,1400.000,43.330,-50.098
2929,700.000,700.000,1400.000,43.330,-50.098
2930,700.000,700.000,1400.000,43.330,-50.098
2931,700.000,700.000,1400.000,43.330,-50.098
2932,700.000,700.000,1400.000,43.330,-50.098
2933,700.000,700.000,1400.000,43.330,-50.098
2934,700.000,700.000,1400.000,43.330,-50.098
2935,700.000,700.000,1400.000,43.330,-50.098
2936,700.000,700.000,1400.000,43.330,-50.098
2937,700.000,700.000,1400.000,43.330,-50.098
2938,700.000,700.000,1400.000,43.330,-50.098
2939,700.000,700.000,1400.000,43.330,-50.098
2940,700.000,700.000,1400.000,43.330,-50.098
2941,700.000,700.000,1400.000,43.330,-50.098
2942,700.000,700.000,1400.000,43.330,-50.098
2943,700.000,700.000,1400.000,43.330,-50.098
2944,700.000,700.000,1400.000,43.330,-50.098
2945,700.000,700.000,1400.000,43.330,-50.098
2946,700.000,700.000,1400.000,43.330,-50.098
2947,700.000,700.000,1400.000,43.330,-50.098
2948,700.000,700.000,1400.000,43.330,-50.098
2949,700.000,700.000,1400.000,43.330,-50.098
2950,700.000,700.000,1400.000,43.330,-50.098
2951,700.000,700.000,1400.000,43.330,-50.098
2952,700.000,700.000,1400.000,43.330,-50.098
2953,700.000,700.000,1400.000,43.330,-50.098
2954,700.000,700.000,1400.000,43.330,-50.098
2955,700.000,700.000,1400.000,43.330,-50.098
2956,700.000,700.000,1400.000,43.330,-50.098
2957,700.000,700.000,1400.000,43.330,-50.098
2958,700.000,700.000,1400.000,43.330,-50.098
2959,700.000,700.000,1400.000,43.330,-50.098
2960,700.000,700.000,1400.000,43.330,-50.098
2961,700.000,700.000,1400.000,43.330,-50.098
2962,700.000,700.000,1400.000,43.330,-50.098
2963,700.000,700.000,1400.000,43.330,-50.098
2964,700.000,700.000,1400.000,43.330,-50.098
2965,700.000,700.000,1400.000,43.330,-50.098
2966,700.000,700.000,1400.000,43.330,-50.098
2967,700.000,700.000,1400.000,43.330,-50.098
2968,700.000,700.000,1400.000,43.330,-50.098
2969,700.000,700.000,1400.000,43.330,-50.098
2970,700.000,700.000,1400.000,43.330,-50.098
2971,700.000,700.000,1400.000,43.330,-50.098
2972,700.000,700.000,1400.000,43.330,-50.098
2973,700.000,700.000,1400.000,43.330,-50.098
2974,700.000,700.000,1400.000,43.330,-50.098
2975,700.000,700.000,1400.000,43.330,-50.098
2976,700.000,700.000,1400.000,43.330,-50.098
2977,700.000,700.000,1400.000,43.330,-50.098
2978,700.000,700.000,1400.000,43.330,-50.098
2979,700.000,700.000,1400.000,43.330,-50.098
2980,700.000,700.000,1400.000,43.330,-50.098
2981,700.000,700.000,1400.000,43.330,-50.098
2982,700.000,700.000,1400.000,43.330,-50.098
2983,700.000,700.000,1400.000,43.330,-50.098
2984,700.000,700.000,1400.000,43.330,-50.098
2985,700.000,700.000,1400.000,43.330,-50.098
2986,700.000,700.000,1400.000,43.330,-50.098
2987,700.000,700.000,1400.000,43.330,-50.098
2988,700.000,700.000,1400.000,43.330,-50.098
2989,700.000,700.000,1400.000,43.330,-50.098
2990,700.000,700.000,1400.000,43.330,-50.098
2991,700.000,700.000,1400.000,43.330,-50.098
2992,700.000,700.000,1400.000,43.330,-50.098
2993,700.000,700.000,1400.000,43.330,-50.098
2994,700.000,700.000,1400.000,43.330,-50.098
2995,700.000,700.000,1400.000,43.330,-50.098
2996,700.000,700.000,1400.000,43.330,-50.098
2997,700.000,700.000,1400.000,43.330,-50.098
2998,700.000,700.000,1400.000,43.330,-50.098
2999,700.000,700.000,1400.000,43.330,-50.098
3000,700.000,700.000,1400.000,43.330,-50.098
3001,700.000,700.000,1400.000,43.330,-50.098
3002,700.000,700.000,1400.000,43.330,-50.098
3003,700.000,700.000,1400.000,43.330,-50.098
3004,700.000,700.000,1400.000,43.330,-50.098
3005,700.000,700.000,1400.000,43.330,-50.098
3006,700.000,700.000,1400.000,43.330,-50.098
3007,700.000,700.000,1400.000,43.330,-50.098
3008,700.000,700.000,1400.000,43.330,-50.098
3009,700.000,700.000,1400.000,43.330,-50.098
3010,700.000,700.000,1400.000,43.330,-50.098
3011,700.000,700.000,1400.000,43.330,-50.098
3012,700.000,700.000,1400.000,43.330,-50.098
3013,700.000,700.000,1400.000,43.330,-50.098
3014,700.000,700.000,1400.000,43.330,-50.098
3015,700.000,700.000,1400.000,43.330,-50.098
3016,700.000,700.000,1400.000,43.330,-50.098
3017,700.000,700.000,1400.000,43.330,-50.098
3018,700.000,700.000,1400.000,43.330,-50.098
3019,700.000,700.000,1400.000,43.330,-50.098
3020,700.000,700.000,1400.000,43.330,-50.098
3021,700.000,700.000,1400.000,43.330,-50.098
3022,700.000,700.000,1400.000,43.330,-50.098
3023,700.000,700.000,1400.000,43.330,-50.098
3024,700.000,700.000,1400.000,43.330,-50.098
3025,700.000,700.000,1400.000,43.330,-50.098
3026,700.000,700.000,1400.000,43.330,-50.098
3027,700.000,700.000,1400.000,43.330,-50.098
3028,700.000,700.000,1400.000,43.330,-50.098
3029,700.000,700.000,1400.000,43.330,-50.098
3030,700.000,700.000,1400.000,43.330,-50.098
3031,700.000,700.000,1400.000,43.330,-50.098
3032,700.000,700.000,1400.000,43.330,-50.098
3033,700.000,700.000,1400.000,43.330,-50.098
3034,700.000,700.000,1400.000,43.330,-50.098
3035,700.000,700.000,1400.000,43.330,-50.098
3036,700.000,700.000,1400.000,43.330,-50.098
3037,700.000,700.000,1400.000,43.330,-50.098
3038,700.000,700.000,1400.000,43.330,-50.098
3039,700.000,700.000,1400.000,43.330,-50.098
3040,700.000,700.000,1400.000,43.330,-50.098
3041,700.000,700.000,1400.000,43.330,-50.098
3042,700.000,700.000,1400.000,43.330,-50.098
3043,700.000,700.000,1400.000,43.330,-50.098
3044,700.000,700.000,1400.000,43.330,-50.098
3045,700.000,700.000,1400.000,43.330,-50.098
3046,700.000,700.000,1400.000,43.330,-50.098
3047,700.000,700.000,1400.000,43.330,-50.098
3048,700.000,700.000,1400.000,43.330,-50.098
3049,700.000,700.000,1400.000,43.330,-50.098
3050,700.000,700.000,1400.000,43.330,-50.098
3051,700.000,700.000,1400.000,43.330,-50.098
3052,700.000,700.000,1400.000,43.330,-50.098
3053,700.000,700.000,1400.000,43.330,-50.098
3054,700.000,700.000,1400.000,43.330,-50.098
3055,700.000,700.000,1400.000,43.330,-50.098
3056,700.000,700.000,1400.000,43.330,-50.098
3057,700.000,700.000,1400.000,43.330,-50.098
3058,700.000,700.000,1400.000,43.330,-50.098
3059,700.000,700.000,1400.000,43.330,-50.098
3060,700.000,700.000,1400.000,43.330,-50.098
3061,700.000,700.000,1400.000,43.330,-50.098
3062,700.000,700.000,1400.000,43.330,-50.098
3063,700.000,700.000,1400.000,43.330,-50.098
3064,700.000,700.000,1400.000,43.330,-50.098
3065,700.000,700.000,1400.000,43.330,-50.098
3066,700.000,700.000,1400.000,43.330,-50.098
3067,700.000,700.000,1400.000,43.330,-50.098
3068,700.000,700.000,1400.000,43.330,-50.098
3069,700.000,700.000,1400.000,43.330,-50.098
3070,700.000,700.000,1400.000,43.330,-50.098
3071,700.000,700.000,1400.000,43.330,-50.098
3072,700.000,700.000,1400.000,43.330,-50.098
3073,700.000,700.000,1400.000,43.330,-50.098
3074,700.000,700.000,1400.000,43.330,-50.098
3075,700.000,700.000,1400.000,43.330,-50.098
3076,700.000,700.000,1400.000,43.330,-50.098
3077,700.000,700.000,1400.000,43.330,-50.098
3078,700.000,700.000,1400.000,43.330,-50.098
3079,700.000,700.000,1400.000,43.330,-50.098
3080,700.000,700.000,1400.000,43.330,-50.098
3081,700.000,700.000,1400.000,43.330,-50.098
3082,700.000,700.000,1400.000,43.330,-50.098
3083,700.000,700.000,1400.000,43.330,-50.098
3084,700.000,700.000,1400.000,43.330,-50.098
3085,700.000,700.000,1400.000,43.330,-50.098
3086,700.000,700.000,1400.000,43.330,-50.098
3087,700.000,700.000,1400.000,43.330,-50.098
3088,700.000,700.000,1400.000,43.330,-50.098
3089,700.000,700.000,1400.000,43.330,-50.098
3090,700.000,700.000,1400.000,43.330,-50.098
3091,700.000,700.000,1400.000,43.330,-50.098
3092,700.000,700.000,1400.000,43.330,-50.098
3093,700.000,700.000,1400.000,43.330,-50.098
3094,700.000,700.000,1400.000,43.330,-50.098
3095,700.000,700.000,1400.000,43.330,-50.098
3096,700.000,700.000,1400.000,43.330,-50.098
3097,700.000,700.000,1400.000,43.330,-50.098
3098,700.000,700.000,1400.000,43.330,-50.098
3099,700.000,700.000,1400.000,43.330,-50.098
3100,700.000,700.000,1400.000,43.330,-50.098
3101,700.000,700.000,1400.000,43.330,-50.098
3102,700.000,700.000,1400.000,43.330,-50.098
3103,700.000,700.000,1400.000,43.330,-50.098
3104,700.000,700.000,1400.000,43.330,-50.098
3105,700.000,700.000,1400.000,43.330,-50.098
3106,700.000,700.000,1400.000,43.330,-50.098
3107,700.000,700.000,1400.000,43.330,-50.098
3108,700.000,700.000,1400.000,43.330,-50.098
3109,700.000,700.000,1400.000,43.330,-50.098
3110,700.000,700.000,1400.000,43.330,-50.098
3111,700.000,700.000,1400.000,43.330,-50.098
3112,700.000,700.000,1400.000,43.330,-50.098
3113,700.000,700.000,1400.000,43.330,-50.098
3114,700.000,700.000,1400.000,43.330,-50.098
3115,700.000,700.000,1400.000,43.330,-50.098
3116,700.000,700.000,1400.000,43.330,-50.098
3117,700.000,700.000,1400.000,43.330,-50.098
3118,700.000,700.000,1400.000,43.330,-50.098
3119,700.000,700.000,1400.000,43.330,-50.098
3120,700.000,700.000,1400.000,43.330,-50.098
3121,700.000,700.000,1400.000,43.330,-50.098
3122,700.000,700.000,1400.000,43.330,-50.098
3123,700.000,700.000,1400.000,43.330,-50.098
3124,700.000,700.000,1400.000,43.330,-50.098
3125,700.000,700.000,1400.000,43.330,-50.098
3126,700.000,700.000,1400.000,43.330,-50.098
3127,700.000,700.000,1400.000,43.330,-50.098
3128,700.000,700.000,1400.000,43.330,-50.098
3129,700.000,700.000,1400.000,43.330,-50.098
3130,700.000,700.000,1400.000,43.330,-50.098
3131,700.000,700.000,1400.000,43.330,-50.098
3132,700.000,700.000,1400.000,43.330,-50.098
3133,700.000,700.000,1400.000,43.330,-50.098
3134,700.000,700.000,1400.000,43.330,-50.098
3135,700.000,700.000,1400.000,43.330,-50.098
3136,700.000,700.000,1400.000,43.330,-50.098
3137,700.000,700.000,1400.000,43.330,-50.098
3138,700.000,700.000,1400.000,43.330,-50.098
3139,700.000,700.000,1400.000,43.330,-50.098
3140,700.000,700.000,1400.000,43.330,-50.098
3141,700.000,700.000,1400.000,43.330,-50.098
3142,700.000,700.000,1400.000,43.330,-50.098
3143,700.000,700.000,1400.000,43.330,-50.098
3144,700.000,700.000,1400.000,43.330,-50.098
3145,700.000,700.000,1400.000,43.330,-50.098
3146,700.000,700.000,1400.000,43.330,-50.098
3147,700.000,700.000,1400.000,43.330,-50.098
3148,700.000,700.000,1400.000,43.330,-50.098
3149,700.000,700.000,1400.000,43.330,-50.098
3150,700.000,700.000,1400.000,43.330,-50.098
3151,700.000,700.000,1400.000,43.330,-50.098
3152,700.000,700.000,1400.000,43.330,-50.098
3153,700.000,700.000,1400.000,43.330,-50.098
3154,700.000,700.000,1400.000,43.330,-50.098
3155,700.000,700.000,1400.000,43.330,-50.098
3156,700.000,700.000,1400.000,43.330,-50.098
3157,700.000,700.000,1400.000,43.330,-50.098
3158,700.000,700.000,1400.000,43.330,-50.098
3159,700.000,700.000,1400.000,43.330,-50.098
3160,700.000,700.000,1400.000,43.330,-50.098
3161,700.000,700.000,1400.000,43.330,-50.098
3162,700.000,700.000,1400.000,43.330,-50.098
3163,700.000,700.000,1400.000,43.330,-50.098
3164,700.000,700.000,1400.000,43.330,-50.098
3165,700.000,700.000,1400.000,43.330,-50.098
3166,700.000,700.000,1400.000,43.330,-50.098
3167,700.000,700.000,1400.000,43.330,-50.098
3168,700.000,700.000,1400.000,43.330,-50.098
3169,700.000,700.000,1400.000,43.330,-50.098
3170,700.000,700.000,1400.000,43.330,-50.098
3171,700.000,700.000,1400.000,43.330,-50.098
3172,700.000,700.000,1400.000,43.330,-50.098
3173,700.000,700.000,1400.000,43.330,-50.098
3174,700.000,700.000,1400.000,43.330,-50.098
3175,700.000,700.000,1400.000,43.330,-50.098
3176,700.000,700.000,1400.000,43.330,-50.098
3177,700.000,700.000,1400.000,43.330,-50.098
3178,700.000,700.000,1400.000,43.330,-50.098
3179,700.000,700.000,1400.000,43.330,-50.098
3180,700.000,700.000,1400.000,43.330,-50.098
3181,700.000,700.000,1400.000,43.330,-50.098
3182,700.000,700.000,1400.000,43.330,-50.098
3183,700.000,700.000,1400.000,43.330,-50.098
3184,700.000,700.000,1400.000,43.330,-50.098
3185,700.000,700.000,1400.000,43.330,-50.098
3186,700.000,700.000,1400.000,43.330,-50.098
3187,700.000,700.000,1400.000,43.330,-50.098
3188,700.000,700.000,1400.000,43.330,-50.098
3189,700.000,700.000,1400.000,43.330,-50.098
3190,700.000,700.000,1400.000,43.330,-50.098
3191,700.000,700.000,1400.000,43.330,-50.098
3192,700.000,700.000,1400.000,43.330,-50.098
3193,700.000,700.000,1400.000,43.330,-50.098
3194,700.000,700.000,1400.000,43.330,-50.098
3195,700.000,700.000,1400.000,43.330,-50.098
3196,700.000,700.000,1400.000,43.330,-50.098
3197,700.000,700.000,1400.000,43.330,-50.098
3198,700.000,700.000,1400.000,43.330,-50.098
3199,700.000,700.000,1400.000,43.330,-50.098
3200,700.000,700.000,1400.000,43.330,-50.098
3201,700.000,700.000,1400.000,43.330,-50.098
3202,700.000,700.000,1400.000,43.330,-50.098
3203,700.000,700.000,1400.000,43.330,-50.098
3204,700.000,700.000,1400.000,43.330,-50.098
3205,700.000,700.000,1400.000,43.330,-50.098
3206,700.000,700.000,1400.000,43.330,-50.098
3207,700.000,700.000,1400.000,43.330,-50.098
3208,700.000,700.000,1400.000,43.330,-50.098
3209,700.000,700.000,1400.000,43.330,-50.098
3210,700.000,700.000,1400.000,43.330,-50.098
3211,700.000,700.000,1400.000,43.330,-50.098
3212,700.000,700.000,1400.000,43.330,-50.098
3213,700.000,700.000,1400.000,43.330,-50.098
3214,700.000,700.000,1400.000,43.330,-50.098
3215,700.000,700.000,1400.000,43.330,-50.098
3216,700.000,700.000,1400.000,43.330,-50.098
3217,700.000,700.000,1400.000,43.330,-50.098
3218,700.000,700.000,1400.000,43.330,-50.098
3219,700.000,700.000,1400.000,43.330,-50.098
3220,700.000,700.000,1400.000,43.330,-50.098
3221,700.000,700.000,1400.000,43.330,-50.098
3222,700.000,700.000,1400.000,43.330,-50.098
3223,700.000,700.000,1400.000,43.330,-50.098
3224,700.000,700.000,1400.000,43.330,-50.098
3225,700.000,700.000,1400.000,43.330,-50.098
3226,700.000,700.000,1400.000,43.330,-50.098
3227,700.000,700.000,1400.000,43.330,-50.098
3228,700.000,700.000,1400.000,43.330,-50.098
3229,700.000,700.000,1400.000,43.330,-50.098
3230,700.000,700.000,1400.000,43.330,-50.098
3231,700.000,700.000,1400.000,43.330,-50.098
3232,700.000,700.000,1400.000,43.330,-50.098
3233,700.000,700.000,1400.000,43.330,-50.098
3234,700.000,700.000,1400.000,43.330,-50.098
3235,700.000,700.000,1400.000,43.330,-50.098
3236,700.000,700.000,1400.000,43.330,-50.098
3237,700.000,700.000,1400.000,43.330,-50.098
3238,700.000,700.000,1400.000,43.330,-50.098
3239,700.000,700.000,1400.000,43.330,-50.098
3240,700.000,700.000,1400.000,43.330,-50.098
3241,700.000,700.000,1400.000,43.330,-50.098
3242,700.000,700.000,1400.000,43.330,-50.098
3243,700.000,700.000,1400.000,43.330,-50.098
3244,700.000,700.000,1400.000,43.330,-50.098
3245,700.000,700.000,1400.000,43.330,-50.098
3246,700.000,700.000,1400.000,43.330,-50.098
3247,700.000,700.000,1400.000,43.330,-50.098
3248,700.000,700.000,1400.000,43.330,-50.098
3249,700.000,700.000,1400.000,43.330,-50.098
3250,700.000,700.000,1400.000,43.330,-50.098
3251,700.000,700.000,1400.000,43.330,-50.098
3252,700.000,700.000,1400.000,43.330,-50.098
3253,700.000,700.000,1400.000,43.330,-50.098
3254,700.000,700.000,1400.000,43.330,-50.098
3255,700.000,700.000,1400.000,43.330,-50.098
3256,700.000,700.000,1400.000,43.330,-50.098
3257,700.000,700.000,1400.000,43.330,-50.098
3258,700.000,700.000,1400.000,43.330,-50.098
3259,700.000,700.000,1400.000,43.330,-50.098
3260,700.000,700.000,1400.000,43.330,-50.098
3261,700.000,700.000,1400.000,43.330,-50.098
3262,700.000,700.000,1400.000,43.330,-50.098
3263,700.000,700.000,1400.000,43.330,-50.098
3264,700.000,700.000,1400.000,43.330,-50.098
3265,700.000,700.000,1400.000,43.330,-50.098
3266,700.000,700.000,1400.000,43.330,-50.098
3267,700.000,700.000,1400.000,43.330,-50.098
3268,700.000,700.000,1400.000,43.330,-50.098
3269,700.000,700.000,1400.000,43.330,-50.098
3270,700.000,700.000,1400.000,43.330,-50.098
3271,700.000,700.000,1400.000,43.330,-50.098
3272,700.000,700.000,1400.000,43.330,-50.098
3273,700.000,700.000,1400.000,43.330,-50.098
3274,700.000,700.000,1400.000,43.330,-50.098
3275,700.000,700.000,1400.000,43.330,-50.098
3276,700.000,700.000,1400.000,43.330,-50.098
3277,700.000,700.000,1400.000,43.330,-50.098
3278,700.000,700.000,1400.000,43.330,-50.098
3279,700.000,700.000,1400.000,43.330,-50.098
3280,700.000,700.000,1400.000,43.330,-50.098
3281,700.000,700.000,1400.000,43.330,-50.098
3282,700.000,700.000,1400.000,43.330,-50.098
3283,700.000,700.000,1400.000,43.330,-50.098
3284,700.000,700.000,1400.000,43.330,-50.098
3285,700.000,700.000,1400.000,43.330,-50.098
3286,700.000,700.000,1400.000,43.330,-50.098
3287,700.000,700.000,1400.000,43.330,-50.098
3288,700.000,700.000,1400.000,43.330,-50.098
3289,700.000,700.000,1400.000,43.330,-50.098
3290,700.000,700.000,1400.000,43.330,-50.098
3291,700.000,700.000,1400.000,43.330,-50.098
3292,700.000,700.000,1400.000,43.330,-50.098
3293,700.000,700.000,1400.000,43.330,-50.098
3294,700.000,700.000,1400.000,43.330,-50.098
3295,700.000,700.000,1400.000,43.330,-50.098
3296,700.000,700.000,1400.000,43.330,-50.098
3297,700.000,700.000,1400.000,43.330,-50.098
3298,700.000,700.000,1400.000,43.330,-50.098
3299,700.000,700.000,1400.000,43.330,-50.098
3300,700.000,700.000,1400.000,43.330,-50.098
3301,700.000,700.000,1400.000,43.330,-50.098
3302,700.000,700.000,1400.000,43.330,-50.098
3303,700.000,700.000,1400.000,43.330,-50.098
3304,700.000,700.000,1400.000,43.330,-50.098
3305,700.000,700.000,1400.000,43.330,-50.098
3306,700.000,700.000,1400.000,43.330,-50.098
3307,700.000,700.000,1400.000,43.330,-50.098
3308,700.000,700.000,1400.000,43.330,-50.098
3309,700.000,700.000,1400.000,43.330,-50.098
3310,700.000,700.000,1400.000,43.330,-50.098
3311,700.000,700.000,1400.000,43.330,-50.098
3312,700.000,700.000,1400.000,43.330,-50.098
3313,700.000,700.000,1400.000,43.330,-50.098
3314,700.000,700.000,1400.000,43.330,-50.098
3315,700.000,700.000,1400.000,43.330,-50.098
3316,700.000,700.000,1400.000,43.330,-50.098
3317,700.000,700.000,1400.000,43.330,-50.098
3318,700.000,700.000,1400.000,43.330,-50.098
3319,700.000,700.000,1400.000,43.330,-50.098
3320,700.000,700.000,1400.000,43.330,-50.098
3321,700.000,700.000,1400.000,43.330,-50.098
3322,700.000,700.000,1400.000,43.330,-50.098
3323,700.000,700.000,1400.000,43.330,-50.098
3324,700.000,700.000,1400.000,43.330,-50.098
3325,700.000,700.000,1400.000,43.330,-50.098
3326,700.000,700.000,1400.000,43.330,-50.098
3327,700.000,700.000,1400.000,43.330,-50.098
3328,700.000,700.000,1400.000,43.330,-50.098
3329,700.000,700.000,1400.000,43.330,-50.098
3330,700.000,700.000,1400.000,43.330,-50.098
3331,700.000,700.000,1400.000,43.330,-50.098
3332,700.000,700.000,1400.000,43.330,-50.098
3333,700.000,700.000,1400.000,43.330,-50.098
3334,700.000,700.000,1400.000,43.330,-50.098
3335,700.000,700.000,1400.000,43.330,-50.098
3336,700.000,700.000,1400.000,43.330,-50.098
3337,700.000,700.000,1400.000,43.330,-50.098
3338,700.000,700.000,1400.000,43.330,-50.098
3339,700.000,700.000,1400.000,43.330,-50.098
3340,700.000,700.000,1400.000,43.330,-50.098
3341,700.000,700.000,1400.000,43.330,-50.098
3342,700.000,700.000,1400.000,43.330,-50.098
3343,700.000,700.000,1400.000,43.330,-50.098
3344,700.000,700.000,1400.000,43.330,-50.098
3345,700.000,700.000,1400.000,43.330,-50.098
3346,700.000,700.000,1400.000,43.330,-50.098
3347,700.000,700.000,1400.000,43.330,-50.098
3348,700.000,700.000,1400.000,43.330,-50.098
3349,700.000,700.000,1400.000,43.330,-50.098
3350,700.000,700.000,1400.000,43.330,-50.098
3351,700.000,700.000,1400.000,43.330,-50.098
3352,700.000,700.000,1400.000,43.330,-50.098
3353,700.000,700.000,1400.000,43.330,-50.098
3354,700.000,700.000,1400.000,43.330,-50.098
3355,700.000,700.000,1400.000,43.330,-50.098
3356,700.000,700.000,1400.000,43.330,-50.098
3357,700.000,700.000,1400.000,43.330,-50.098
3358,700.000,700.000,1400.000,43.330,-50.098
3359,700.000,700.000,1400.000,43.330,-50.098
3360,700.000,700.000,1400.000,43.330,-50.098
3361,700.000,700.000,1400.000,43.330,-50.098
3362,700.000,700.000,1400.000,43.330,-50.098
3363,700.000,700.000,1400.000,43.330,-50.098
3364,700.000,700.000,1400.000,43.330,-50.098
3365,700.000,700.000,1400.000,43.330,-50.098
3366,700.000,700.000,1400.000,43.330,-50.098
3367,700.000,700.000,1400.000,43.330,-50.098
3368,700.000,700.000,1400.000,43.330,-50.098
3369,700.000,700.000,1400.000,43.330,-50.098
3370,700.000,700.000,1400.000,43.330,-50.098
3371,700.000,700.000,1400.000,43.330,-50.098
3372,700.000,700.000,1400.000,43.330,-50.098
3373,700.000,700.000,1400.000,43.330,-50.098
3374,700.000,700.000,1400.000,43.330,-50.098
3375,700.000,700.000,1400.000,43.330,-50.098
3376,700.000,700.000,1400.000,43.330,-50.098
3377,700.000,700.000,1400.000,43.330,-50.098
3378,700.000,700.000,1400.000,43.330,-50.098
3379,700.000,700.000,1400.000,43.330,-50.098
3380,700.000,700.000,1400.000,43.330,-50.098
3381,700.000,700.000,1400.000,43.330,-50.098
3382,700.000,700.000,1400.000,43.330,-50.098
3383,700.000,700.000,1400.000,43.330,-50.098
3384,700.000,700.000,1400.000,43.330,-50.098
3385,700.000,700.000,1400.000,43.330,-50.098
3386,700.000,700.000,1400.000,43.330,-50.098
3387,700.000,700.000,1400.000,43.330,-50.098
3388,700.000,700.000,1400.000,43.330,-50.098
3389,700.000,700.000,1400.000,43.330,-50.098
3390,700.000,700.000,1400.000,43.330,-50.098
3391,700.000,700.000,1400.000,43.330,-50.098
3392,700.000,700.000,1400.000,43.330,-50.098
3393,700.000,700.000,1400.000,43.330,-50.098
3394,700.000,700.000,1400.000,43.330,-50.098
3395,700.000,700.000,1400.000,43.330,-50.098
3396,700.000,700.000,1400.000,43.330,-50.098
3397,700.000,700.000,1400.000,43.330,-50.098
3398,700.000,700.000,1400.000,43.330,-50.098
3399,700.000,700.000,1400.000,43.330,-50.098
3400,700.000,700.000,1400.000,43.330,-50.098
3401,700.000,700.000,1400.000,43.330,-50.098
3402,700.000,700.000,1400.000,43.330,-50.098
3403,700.000,700.000,1400.000,43.330,-50.098
3404,700.000,700.000,1400.000,43.330,-50.098
3405,700.000,700.000,1400.000,43.330,-50.098
3406,700.000,700.000,1400.000,43.330,-50.098
3407,700.000,700.000,1400.000,43.330,-50.098
3408,700.000,700.000,1400.000,43.330,-50.098
3409,700.000,700.000,1400.000,43.330,-50.098
3410,700.000,700.000,1400.000,43.330,-50.098
3411,700.000,700.000,1400.000,43.330,-50.098
3412,700.000,700.000,1400.000,43.330,-50.098
3413,700.000,700.000,1400.000,43.330,-50.098
3414,700.000,700.000,1400.000,43.330,-50.098
3415,700.000,700.000,1400.000,43.330,-50.098
3416,700.000,700.000,1400.000,43.330,-50.098
3417,700.000,700.000,1400.000,43.330,-50.098
3418,700.000,700.000,1400.000,43.330,-50.098
3419,700.000,700.000,1400.000,43.330,-50.098
3420,700.000,700.000,1400.000,43.330,-50.098
3421,700.000,700.000,1400.000,43.330,-50.098
3422,700.000,700.000,1400.000,43.330,-50.098
3423,700.000,700.000,1400.000,43.330,-50.098
3424,700.000,700.000,1400.000,43.330,-50.098
3425,700.000,700.000,1400.000,43.330,-50.098
3426,700.000,700.000,1400.000,43.330,-50.098
3427,700.000,700.000,1400.000,43.330,-50.098
3428,700.000,700.000,1400.000,43.330,-50.098
3429,700.000,700.000,1400.000,43.330,-50.098
3430,700.000,700.000,1400.000,43.330,-50.098
3431,700.000,700.000,1400.000,43.330,-50.098
3432,700.000,700.000,1400.000,43.330,-50.098
3433,700.000,700.000,1400.000,43.330,-50.098
3434,700.000,700.000,1400.000,43.330,-50.098
3435,700.000,700.000,1400.000,43.330,-50.098
3436,700.000,700.000,1400.000,43.330,-50.098
3437,700.000,700.000,1400.000,43.330,-50.098
3438,700.000,700.000,1400.000,43.330,-50.098
3439,700.000,700.000,1400.000,43.330,-50.098
3440,700.000,700.000,1400.000,43.330,-50.098
3441,700.000,700.000,1400.000,43.330,-50.098
3442,700.000,700.000,1400.000,43.330,-50.098
3443,700.000,700.000,1400.000,43.330,-50.098
3444,700.000,700.000,1400.000,43.330,-50.098
3445,700.000,700.000,1400.000,43.330,-50.098
3446,700.000,700.000,1400.000,43.330,-50.098
3447,700.000,700.000,1400.000,43.330,-50.098
3448,700.000,700.000,1400.000,43.330,-50.098
3449,700.000,700.000,1400.000,43.330,-50.098
3450,700.000,700.000,1400.000,43.330,-50.098
3451,700.000,700.000,1400.000,43.330,-50.098
3452,700.000,700.000,1400.000,43.330,-50.098
3453,700.000,700.000,1400.000,43.330,-50.098
3454,700.000,700.000,1400.000,43.330,-50.098
3455,700.000,700.000,1400.000,43.330,-50.098
3456,700.000,700.000,1400.000,43.330,-50.098
3457,700.000,700.000,1400.000,43.330,-50.098
3458,700.000,700.000,1400.000,43.330,-50.098
3459,700.000,700.000,1400.000,43.330,-50.098
3460,700.000,700.000,1400.000,43.330,-50.098
3461,700.000,700.000,1400.000,43.330,-50.098
3462,700.000,700.000,1400.000,43.330,-50.098
3463,700.000,700.000,1400.000,43.330,-50.098
3464,700.000,700.000,1400.000,43.330,-50.098
3465,700.000,700.000,1400.000,43.330,-50.098
3466,700.000,700.000,1400.000,43.330,-50.098
3467,700.000,700.000,1400.000,43.330,-50.098
3468,700.000,700.000,1400.000,43.330,-50.098
3469,700.000,700.000,1400.000,43.330,-50.098
3470,700.000,700.000,1400.000,43.330,-50.098
3471,700.000,700.000,1400.000,43.330,-50.098
3472,700.000,700.000,1400.000,43.330,-50.098
3473,700.000,700.000,1400.000,43.330,-50.098
3474,700.000,700.000,1400.000,43.330,-50.098
3475,700.000,700.000,1400.000,43.330,-50.098
3476,700.000,700.000,1400.000,43.330,-50.098
3477,700.000,700.000,1400.000,43.330,-50.098
3478,700.000,700.000,1400.000,43.330,-50.098
3479,700.000,700.000,1400.000,43.330,-50.098
3480,700.000,700.000,1400.000,43.330,-50.098
3481,700.000,700.000,1400.000,43.330,-50.098
3482,700.000,700.000,1400.000,43.330,-50.098
3483,700.000,700.000,1400.000,43.330,-50.098
3484,700.000,700.000,1400.000,43.330,-50.098
3485,700.000,700.000,1400.000,43.330,-50.098
3486,700.000,700.000,1400.000,43.330,-50.098
3487,700.000,700.000,1400.000,43.330,-50.098
3488,700.000,700.000,1400.000,43.330,-50.098
3489,700.000,700.000,1400.000,43.330,-50.098
3490,700.000,700.000,1400.000,43.330,-50.098
3491,700.000,700.000,1400.000,43.330,-50.098
3492,700.000,700.000,1400.000,43.330,-50.098
3493,700.000,700.000,1400.000,43.330,-50.098
3494,700.000,700.000,1400.000,43.330,-50.098
3495,700.000,700.000,1400.000,43.330,-50.098
3496,700.000,700.000,1400.000,43.330,-50.098
3497,700.000,700.000,1400.000,43.330,-50.098
3498,700.000,700.000,1400.000,43.330,-50.098
3499,700.000,700.000,1400.000,43.330,-50.098
3500,700.000,700.000,1400.000,43.330,-50.098
3501,700.000,700.000,1400.000,43.330,-50.098
3502,700.000,700.000,1400.000,43.330,-50.098
3503,700.000,700.000,1400.000,43.330,-50.098
3504,700.000,700.000,1400.000,43.330,-50.098
3505,700.000,700.000,1400.000,43.330,-50.098
3506,700.000,700.000,1400.000,43.330,-50.098
3507,700.000,700.000,1400.000,43.330,-50.098
3508,700.000,700.000,1400.000,43.330,-50.098
3509,700.000,700.000,1400.000,43.330,-50.098
3510,700.000,700.000,1400.000,43.330,-50.098
3511,700.000,700.000,1400.000,43.330,-50.098
3512,700.000,700.000,1400.000,43.330,-50.098
3513,700.000,700.000,1400.000,43.330,-50.098
3514,700.000,700.000,1400.000,43.330,-50.098
3515,700.000,700.000,1400.000,43.330,-50.098
3516,700.000,700.000,1400.000,43.330,-50.098
3517,700.000,700.000,1400.000,43.330,-50.098
3518,700.000,700.000,1400.000,43.330,-50.098
3519,700.000,700.000,1400.000,43.330,-50.098
3520,700.000,700.000,1400.000,43.330,-50.098
3521,700.000,700.000,1400.000,43.330,-50.098
3522,700.000,700.000,1400.000,43.330,-50.098
3523,700.000,700.000,1400.000,43.330,-50.098
3524,700.000,700.000,1400.000,43.330,-50.098
3525,700.000,700.000,1400.000,43.330,-50.098
3526,700.000,700.000,1400.000,43.330,-50.098
3527,700.000,700.000,1400.000,43.330,-50.098
3528,700.000,700.000,1400.000,43.330,-50.098
3529,700.000,700.000,1400.000,43.330,-50.098
3530,700.000,700.000,1400.000,43.330,-50.098
3531,700.000,700.000,1400.000,43.330,-50.098
3532,700.000,700.000,1400.000,43.330,-50.098
3533,700.000,700.000,1400.000,43.330,-50.098
3534,700.000,700.000,1400.000,43.330,-50.098
3535,700.000,700.000,1400.000,43.330,-50.098
3536,700.000,700.000,1400.000,43.330,-50.098
3537,700.000,700.000,1400.000,43.330,-50.098
3538,700.000,700.000,1400.000,43.330,-50.098
3539,700.000,700.000,1400.000,43.330,-50.098
3540,700.000,700.000,1400.000,43.330,-50.098
3541,700.000,700.000,1400.000,43.330,-50.098
3542,700.000,700.000,1400.000,43.330,-50.098
3543,700.000,700.000,1400.000,43.330,-50.098
3544,700.000,700.000,1400.000,43.330,-50.098
3545,700.000,700.000,1400.000,43.330,-50.098
3546,700.000,700.000,1400.000,43.330,-50.098
3547,700.000,700.000,1400.000,43.330,-50.098
3548,700.000,700.000,1400.000,43.330,-50.098
3549,700.000,700.000,1400.000,43.330,-50.098
3550,700.000,700.000,1400.000,43.330,-50.098
3551,700.000,700.000,1400.000,43.330,-50.098
3552,700.000,700.000,1400.000,43.330,-50.098
3553,700.000,700.000,1400.000,43.330,-50.098
3554,700.000,700.000,1400.000,43.330,-50.098
3555,700.000,700.000,1400.000,43.330,-50.098
3556,700.000,700.000,1400.000,43.330,-50.098
3557,700.000,700.000,1400.000,43.330,-50.098
3558,700.000,700.000,1400.000,43.330,-50.098
3559,700.000,700.000,1400.000,43.330,-50.098
3560,700.000,700.000,1400.000,43.330,-50.098
3561,700.000,700.000,1400.000,43.330,-50.098
3562,700.000,700.000,1400.000,43.330,-50.098
3563,700.000,700.000,1400.000,43.330,-50.098
3564,700.000,700.000,1400.000,43.330,-50.098
3565,700.000,700.000,1400.000,43.330,-50.098
3566,700.000,700.000,1400.000,43.330,-50.098
3567,700.000,700.000,1400.000,43.330,-50.098
3568,700.000,700.000,1400.000,43.330,-50.098
3569,700.000,700.000,1400.000,43.330,-50.098
3570,700.000,700.000,1400.000,43.330,-50.098
3571,700.000,700.000,1400.000,43.330,-50.098
3572,700.000,700.000,1400.000,43.330,-50.098
3573,700.000,700.000,1400.000,43.330,-50.098
3574,700.000,700.000,1400.000,43.330,-50.098
3575,700.000,700.000,1400.000,43.330,-50.098
3576,700.000,700.000,1400.000,43.330,-50.098
3577,700.000,700.000,1400.000,43.330,-50.098
3578,700.000,700.000,1400.000,43.330,-50.098
3579,700.000,700.000,1400.000,43.330,-50.098
3580,700.000,700.000,1400.000,43.330,-50.098
3581,700.000,700.000,1400.000,43.330,-50.098
3582,700.000,700.000,1400.000,43.330,-50.098
3583,700.000,700.000,1400.000,43.330,-50.098
3584,700.000,700.000,1400.000,43.330,-50.098
3585,700.000,700.000,1400.000,43.330,-50.098
3586,700.000,700.000,1400.000,43.330,-50.098
3587,700.000,700.000,1400.000,43.330,-50.098
3588,700.000,700.000,1400.000,43.330,-50.098
3589,700.000,700.000,1400.000,43.330,-50.098
3590,700.000,700.000,1400.000,43.330,-50.098
3591,700.000,700.000,1400.000,43.330,-50.098
3592,700.000,700.000,1400.000,43.330,-50.098
3593,700.000,700.000,1400.000,43.330,-50.098
3594,700.000,700.000,1400.000,43.330,-50.098
3595,700.000,700.000,1400.000,43.330,-50.098
3596,700.000,700.000,1400.000,43.330,-50.098
3597,700.000,700.000,1400.000,43.330,-50.098
3598,700.000,700.000,1400.000,43.330,-50.098
3599,700.000,700.000,1400.000,43.330,-50.098
3600,700.000,700.000,1400.000,43.330,-50.098
3601,700.000,700.000,1400.000,43.330,-50.098
3602,700.000,700.000,1400.000,43.330,-50.098
3603,700.000,700.000,1400.000,43.330,-50.098
3604,700.000,700.000,1400.000,43.330,-50.098
3605,700.000,700.000,1400.000,43.330,-50.098
3606,700.000,700.000,1400.000,43.330,-50.098
3607,700.000,700.000,1400.000,43.330,-50.098
3608,700.000,700.000,1400.000,43.330,-50.098
3609,700.000,700.000,1400.000,43.330,-50.098
3610,700.000,700.000,1400.000,43.330,-50.098
3611,700.000,700.000,1400.000,43.330,-50.098
3612,700.000,700.000,1400.000,43.330,-50.098
3613,700.000,700.000,1400.000,43.330,-50.098
3614,700.000,700.000,1400.000,43.330,-50.098
3615,700.000,700.000,1400.000,43.330,-50.098
3616,700.000,700.000,1400.000,43.330,-50.098
3617,700.000,700.000,1400.000,43.330,-50.098
3618,700.000,700.000,1400.000,43.330,-50.098
3619,700.000,700.000,1400.000,43.330,-50.098
3620,700.000,700.000,1400.000,43.330,-50.098
3621,700.000,700.000,1400.000,43.330,-50.098
3622,700.000,700.000,1400.000,43.330,-50.098
3623,700.000,700.000,1400.000,43.330,-50.098
3624,700.000,700.000,1400.000,43.330,-50.098
3625,700.000,700.000,1400.000,43.330,-50.098
3626,700.000,700.000,1400.000,43.330,-50.098
3627,700.000,700.000,1400.000,43.330,-50.098
3628,700.000,700.000,1400.000,43.330,-50.098
3629,700.000,700.000,1400.000,43.330,-50.098
3630,700.000,700.000,1400.000,43.330,-50.098
3631,700.000,700.000,1400.000,43.330,-50.098
3632,700.000,700.000,1400.000,43.330,-50.098
3633,700.000,700.000,1400.000,43.330,-50.098
3634,700.000,700.000,1400.000,43.330,-50.098
3635,700.000,700.000,1400.000,43.330,-50.098
3636,700.000,700.000,1400.000,43.330,-50.098
3637,700.000,700.000,1400.000,43.330,-50.098
3638,700.000,700.000,1400.000,43.330,-50.098
3639,700.000,700.000,1400.000,43.330,-50.098
3640,700.000,700.000,1400.000,43.330,-50.098
3641,700.000,700.000,1400.000,43.330,-50.098
3642,700.000,700.000,1400.000,43.330,-50.098
3643,700.000,700.000,1400.000,43.330,-50.098
3644,700.000,700.000,1400.000,43.330,-50.098
3645,700.000,700.000,1400.000,43.330,-50.098
3646,700.000,700.000,1400.000,43.330,-50.098
3647,700.000,700.000,1400.000,43.330,-50.098
3648,700.000,700.000,1400.000,43.330,-50.098
3649,700.000,700.000,1400.000,43.330,-50.098
3650,700.000,700.000,1400.000,43.330,-50.098
3651,700.000,700.000,1400.000,43.330,-50.098
3652,700.000,700.000,1400.000,43.330,-50.098
3653,700.000,700.000,1400.000,43.330,-50.098
3654,700.000,700.000,1400.000,43.330,-50.098
3655,700.000,700.000,1400.000,43.330,-50.098
3656,700.000,700.000,1400.000,43.330,-50.098
3657,700.000,700.000,1400.000,43.330,-50.098
3658,700.000,700.000,1400.000,43.330,-50.098
3659,700.000,700.000,1400.000,43.330,-50.098
3660,700.000,700.000,1400.000,43.330,-50.098
3661,700.000,700.000,1400.000,43.330,-50.098
3662,700.000,700.000,1400.000,43.330,-50.098
3663,700.000,700.000,1400.000,43.330,-50.098
3664,700.000,700.000,1400.000,43.330,-50.098
3665,700.000,700.000,1400.000,43.330,-50.098
3666,700.000,700.000,1400.000,43.330,-50.098
3667,700.000,700.000,1400.000,43.330,-50.098
3668,700.000,700.000,1400.000,43.330,-50.098
3669,700.000,700.000,1400.000,43.330,-50.098
3670,700.000,700.000,1400.000,43.330,-50.098
3671,700.000,700.000,1400.000,43.330,-50.098
3672,700.000,700.000,1400.000,43.330,-50.098
3673,700.000,700.000,1400.000,43.330,-50.098
3674,700.000,700.000,1400.000,43.330,-50.098
3675,700.000,700.000,1400.000,43.330,-50.098
3676,700.000,700.000,1400.000,43.330,-50.098
3677,700.000,700.000,1400.000,43.330,-50.098
3678,700.000,700.000,1400.000,43.330,-50.098
3679,700.000,700.000,1400.000,43.330,-50.098
3680,700.000,700.000,1400.000,43.330,-50.098
3681,700.000,700.000,1400.000,43.330,-50.098
3682,700.000,700.000,1400.000,43.330,-50.098
3683,700.000,700.000,1400.000,43.330,-50.098
3684,700.000,700.000,1400.000,43.330,-50.098
3685,700.000,700.000,1400.000,43.330,-50.098
3686,700.000,700.000,1400.000,43.330,-50.098
3687,700.000,700.000,1400.000,43.330,-50.098
3688,700.000,700.000,1400.000,43.330,-50.098
3689,700.000,700.000,1400.000,43.330,-50.098
3690,700.000,700.000,1400.000,43.330,-50.098
3691,700.000,700.000,1400.000,43.330,-50.098
3692,700.000,700.000,1400.000,43.330,-50.098
3693,700.000,700.000,1400.000,43.330,-50.098
3694,700.000,700.000,1400.000,43.330,-50.098
3695,700.000,700.000,1400.000,43.330,-50.098
3696,700.000,700.000,1400.000,43.330,-50.098
3697,700.000,700.000,1400.000,43.330,-50.098
3698,700.000,700.000,1400.000,43.330,-50.098
3699,700.000,700.000,1400.000,43.330,-50.098
3700,700.000,700.000,1400.000,43.330,-50.098
3701,700.000,700.000,1400.000,43.330,-50.098
3702,700.000,700.000,1400.000,43.330,-50.098
3703,700.000,700.000,1400.000,43.330,-50.098
3704,700.000,700.000,1400.000,43.330,-50.098
3705,700.000,700.000,1400.000,43.330,-50.098
3706,700.000,700.000,1400.000,43.330,-50.098
3707,700.000,700.000,1400.000,43.330,-50.098
3708,700.000,700.000,1400.000,43.330,-50.098
3709,700.000,700.000,1400.000,43.330,-50.098
3710,700.000,700.000,1400.000,43.330,-50.098
3711,700.000,700.000,1400.000,43.330,-50.098
3712,700.000,700.000,1400.000,43.330,-50.098
3713,700.000,700.000,1400.000,43.330,-50.098
3714,700.000,700.000,1400.000,43.330,-50.098
3715,700.000,700.000,1400.000,43.330,-50.098
3716,700.000,700.000,1400.000,43.330,-50.098
3717,700.000,700.000,1400.000,43.330,-50.098
3718,700.000,700.000,1400.000,43.330,-50.098
3719,700.000,700.000,1400.000,43.330,-50.098
3720,700.000,700.000,1400.000,43.330,-50.098
3721,700.000,700.000,1400.000,43.330,-50.098
3722,700.000,700.000,1400.000,43.330,-50.098
3723,700.000,700.000,1400.000,43.330,-50.098
3724,700.000,700.000,1400.000,43.330,-50.098
3725,700.000,700.000,1400.000,43.330,-50.098
3726,700.000,700.000,1400.000,43.330,-50.098
3727,700.000,700.000,1400.000,43.330,-50.098
3728,700.000,700.000,1400.000,43.330,-50.098
3729,700.000,700.000,1400.000,43.330,-50.098
3730,700.000,700.000,1400.000,43.330,-50.098
3731,700.000,700.000,1400.000,43.330,-50.098
3732,700.000,700.000,1400.000,43.330,-50.098
3733,700.000,700.000,1400.000,43.330,-50.098
3734,700.000,700.000,1400.000,43.330,-50.098
3735,700.000,700.000,1400.000,43.330,-50.098
3736,700.000,700.000,1400.000,43.330,-50.098
3737,700.000,700.000,1400.000,43.330,-50.098
3738,700.000,700.000,1400.000,43.330,-50.098
3739,700.000,700.000,1400.000,43.330,-50.098
3740,700.000,700.000,1400.000,43.330,-50.098
3741,700.000,700.000,1400.000,43.330,-50.098
3742,700.000,700.000,1400.000,43.330,-50.098
3743,700.000,700.000,1400.000,43.330,-50.098
3744,700.000,700.000,1400.000,43.330,-50.098
3745,700.000,700.000,1400.000,43.330,-50.098
3746,700.000,700.000,1400.000,43.330,-50.098
3747,700.000,700.000,1400.000,43.330,-50.098
3748,700.000,700.000,1400.000,43.330,-50.098
3749,700.000,700.000,1400.000,43.330,-50.098
3750,700.000,700.000,1400.000,43.330,-50.098
3751,700.000,700.000,1400.000,43.330,-50.098
3752,700.000,700.000,1400.000,43.330,-50.098
3753,700.000,700.000,1400.000,43.330,-50.098
3754,700.000,700.000,1400.000,43.330,-50.098
3755,700.000,700.000,1400.000,43.330,-50.098
3756,700.000,700.000,1400.000,43.330,-50.098
3757,700.000,700.000,1400.000,43.330,-50.098
3758,700.000,700.000,1400.000,43.330,-50.098
3759,700.000,700.000,1400.000,43.330,-50.098
3760,700.000,700.000,1400.000,43.330,-50.098
3761,700.000,700.000,1400.000,43.330,-50.098
3762,700.000,700.000,1400.000,43.330,-50.098
3763,700.000,700.000,1400.000,43.330,-50.098
3764,700.000,700.000,1400.000,43.330,-50.098
3765,700.000,700.000,1400.000,43.330,-50.098
3766,700.000,700.000,1400.000,43.330,-50.098
3767,700.000,700.000,1400.000,43.330,-50.098
3768,700.000,700.000,1400.000,43.330,-50.098
3769,700.000,700.000,1400.000,43.330,-50.098
3770,700.000,700.000,1400.000,43.330,-50.098
3771,700.000,700.000,1400.000,43.330,-50.098
3772,700.000,700.000,1400.000,43.330,-50.098
3773,700.000,700.000,1400.000,43.330,-50.098
3774,700.000,700.000,1400.000,43.330,-50.098
3775,700.000,700.000,1400.000,43.330,-50.098
3776,700.000,700.000,1400.000,43.330,-50.098
3777,700.000,700.000,1400.000,43.330,-50.098
3778,700.000,700.000,1400.000,43.330,-50.098
3779,700.000,700.000,1400.000,43.330,-50.098
3780,700.000,700.000,1400.000,43.330,-50.098
3781,700.000,700.000,1400.000,43.330,-50.098
3782,700.000,700.000,1400.000,43.330,-50.098
3783,700.000,700.000,1400.000,43.330,-50.098
3784,700.000,700.000,1400.000,43.330,-50.098
3785,700.000,700.000,1400.000,43.330,-50.098
3786,700.000,700.000,1400.000,43.330,-50.098
3787,700.000,700.000,1400.000,43.330,-50.098
3788,700.000,700.000,1400.000,43.330,-50.098
3789,700.000,700.000,1400.000,43.330,-50.098
3790,700.000,700.000,1400.000,43.330,-50.098
3791,700.000,700.000,1400.000,43.330,-50.098
3792,700.000,700.000,1400.000,43.330,-50.098
3793,700.000,700.000,1400.000,43.330,-50.098
3794,700.000,700.000,1400.000,43.330,-50.098
3795,700.000,700.000,1400.000,43.330,-50.098
3796,700.000,700.000,1400.000,43.330,-50.098
3797,700.000,700.000,1400.000,43.330,-50.098
3798,700.000,700.000,1400.000,43.330,-50.098
3799,700.000,700.000,1400.000,43.330,-50.098
3800,700.000,700.000,1400.000,43.330,-50.098
3801,700.000,700.000,1400.000,43.330,-50.098
3802,700.000,700.000,1400.000,43.330,-50.098
3803,700.000,700.000,1400.000,43.330,-50.098
3804,700.000,700.000,1400.000,43.330,-50.098
3805,700.000,700.000,1400.000,43.330,-50.098
3806,700.000,700.000,1400.000,43.330,-50.098
3807,700.000,700.000,1400.000,43.330,-50.098
3808,700.000,700.000,1400.000,43.330,-50.098
3809,700.000,700.000,1400.000,43.330,-50.098
3810,700.000,700.000,1400.000,43.330,-50.098
3811,700.000,700.000,1400.000,43.330,-50.098
3812,700.000,700.000,1400.000,43.330,-50.098
3813,700.000,700.000,1400.000,43.330,-50.098
3814,700.000,700.000,1400.000,43.330,-50.098
3815,700.000,700.000,1400.000,43.330,-50.098
3816,700.000,700.000,1400.000,43.330,-50.098
3817,700.000,700.000,1400.000,43.330,-50.098
3818,700.000,700.000,1400.000,43.330,-50.098
3819,700.000,700.000,1400.000,43.330,-50.098
3820,700.000,700.000,1400.000,43.330,-50.098
3821,700.000,700.000,1400.000,43.330,-50.098
3822,700.000,700.000,1400.000,43.330,-50.098
3823,700.000,700.000,1400.000,43.330,-50.098
3824,700.000,700.000,1400.000,43.330,-50.098
3825,700.000,700.000,1400.000,43.330,-50.098
3826,700.000,700.000,1400.000,43.330,-50.098
3827,700.000,700.000,1400.000,43.330,-50.098
3828,700.000,700.000,1400.000,43.330,-50.098
3829,700.000,700.000,1400.000,43.330,-50.098
3830,700.000,700.000,1400.000,43.330,-50.098
3831,700.000,700.000,1400.000,43.330,-50.098
3832,700.000,700.000,1400.000,43.330,-50.098
3833,700.000,700.000,1400.000,43.330,-50.098
3834,700.000,700.000,1400.000,43.330,-50.098
3835,700.000,700.000,1400.000,43.330,-50.098
3836,700.000,700.000,1400.000,43.330,-50.098
3837,700.000,700.000,1400.000,43.330,-50.098
3838,700.000,700.000,1400.000,43.330,-50.098
3839,700.000,700.000,1400.000,43.330,-50.098
3840,700.000,700.000,1400.000,43.330,-50.098
3841,700.000,700.000,1400.000,43.330,-50.098
3842,700.000,700.000,1400.000,43.330,-50.098
3843,700.000,700.000,1400.000,43.330,-50.098
3844,700.000,700.000,1400.000,43.330,-50.098
3845,700.000,700.000,1400.000,43.330,-50.098
3846,700.000,700.000,1400.000,43.330,-50.098
3847,700.000,700.000,1400.000,43.330,-50.098
3848,700.000,700.000,1400.000,43.330,-50.098
3849,700.000,700.000,1400.000,43.330,-50.098
3850,700.000,700.000,1400.000,43.330,-50.098
3851,700.000,700.000,1400.000,43.330,-50.098
3852,700.000,700.000,1400.000,43.330,-50.098
3853,700.000,700.000,1400.000,43.330,-50.098
3854,700.000,700.000,1400.000,43.330,-50.098
3855,700.000,700.000,1400.000,43.330,-50.098
3856,700.000,700.000,1400.000,43.330,-50.098
3857,700.000,700.000,1400.000,43.330,-50.098
3858,700.000,700.000,1400.000,43.330,-50.098
3859,700.000,700.000,1400.000,43.330,-50.098
3860,700.000,700.000,1400.000,43.330,-50.098
3861,700.000,700.000,1400.000,43.330,-50.098
3862,700.000,700.000,1400.000,43.330,-50.098
3863,700.000,700.000,1400.000,43.330,-50.098
3864,700.000,700.000,1400.000,43.330,-50.098
3865,700.000,700.000,1400.000,43.330,-50.098
3866,700.000,700.000,1400.000,43.330,-50.098
3867,700.000,700.000,1400.000,43.330,-50.098
3868,700.000,700.000,1400.000,43.330,-50.098
3869,700.000,700.000,1400.000,43.330,-50.098
3870,700.000,700.000,1400.000,43.330,-50.098
3871,700.000,700.000,1400.000,43.330,-50.098
3872,700.000,700.000,1400.000,43.330,-50.098
3873,700.000,700.000,1400.000,43.330,-50.098
3874,700.000,700.000,1400.000,43.330,-50.098
3875,700.000,700.000,1400.000,43.330,-50.098
3876,700.000,700.000,1400.000,43.330,-50.098
3877,700.000,700.000,1400.000,43.330,-50.098
3878,700.000,700.000,1400.000,43.330,-50.098
3879,700.000,700.000,1400.000,43.330,-50.098
3880,700.000,700.000,1400.000,43.330,-50.098
3881,700.000,700.000,1400.000,43.330,-50.098
3882,700.000,700.000,1400.000,43.330,-50.098
3883,700.000,700.000,1400.000,43.330,-50.098
3884,700.000,700.000,1400.000,43.330,-50.098
3885,700.000,700.000,1400.000,43.330,-50.098
3886,700.000,700.000,1400.000,43.330,-50.098
3887,700.000,700.000,1400.000,43.330,-50.098
3888,700.000,700.000,1400.000,43.330,-50.098
3889,700.000,700.000,1400.000,43.330,-50.098
3890,700.000,700.000,1400.000,43.330,-50.098
3891,700.000,700.000,1400.000,43.330,-50.098
3892,700.000,700.000,1400.000,43.330,-50.098
3893,700.000,700.000,1400.000,43.330,-50.098
3894,700.000,700.000,1400.000,43.330,-50.098
3895,700.000,700.000,1400.000,43.330,-50.098
3896,700.000,700.000,1400.000,43.330,-50.098
3897,700.000,700.000,1400.000,43.330,-50.098
3898,700.000,700.000,1400.000,43.330,-50.098
3899,700.000,700.000,1400.000,43.330,-50.098
3900,700.000,700.000,1400.000,43.330,-50.098
3901,700.000,700.000,1400.000,43.330,-50.098
3902,700.000,700.000,1400.000,43.330,-50.098
3903,700.000,700.000,1400.000,43.330,-50.098
3904,700.000,700.000,1400.000,43.330,-50.098
3905,700.000,700.000,1400.000,43.330,-50.098
3906,700.000,700.000,1400.000,43.330,-50.098
3907,700.000,700.000,1400.000,43.330,-50.098
3908,700.000,700.000,1400.000,43.330,-50.098
3909,700.000,700.000,1400.000,43.330,-50.098
3910,700.000,700.000,1400.000,43.330,-50.098
3911,700.000,700.000,1400.000,43.330,-50.098
3912,700.000,700.000,1400.000,43.330,-50.098
3913,700.000,700.000,1400.000,43.330,-50.098
3914,700.000,700.000,1400.000,43.330,-50.098
3915,700.000,700.000,1400.000,43.330,-50.098
3916,700.000,700.000,1400.000,43.330,-50.098
3917,700.000,700.000,1400.000,43.330,-50.098
3918,700.000,700.000,1400.000,43.330,-50.098
3919,700.000,700.000,1400.000,43.330,-50.098
3920,700.000,700.000,1400.000,43.330,-50.098
3921,700.000,700.000,1400.000,43.330,-50.098
3922,700.000,700.000,1400.000,43.330,-50.098
3923,700.000,700.000,1400.000,43.330,-50.098
3924,700.000,700.000,1400.000,43.330,-50.098
3925,700.000,700.000,1400.000,43.330,-50.098
3926,700.000,700.000,1400.000,43.330,-50.098
3927,700.000,700.000,1400.000,43.330,-50.098
3928,700.000,700.000,1400.000,43.330,-50.098
3929,700.000,700.000,1400.000,43.330,-50.098
3930,700.000,700.000,1400.000,43.330,-50.098
3931,700.000,700.000,1400.000,43.330,-50.098
3932,700.000,700.000,1400.000,43.330,-50.098
3933,700.000,700.000,1400.000,43.330,-50.098
3934,700.000,700.000,1400.000,43.330,-50.098
3935,700.000,700.000,1400.000,43.330,-50.098
3936,700.000,700.000,1400.000,43.330,-50.098
3937,700.000,700.000,1400.000,43.330,-50.098
3938,700.000,700.000,1400.000,43.330,-50.098
3939,700.000,700.000,1400.000,43.330,-50.098
3940,700.000,700.000,1400.000,43.330,-50.098
3941,700.000,700.000,1400.000,43.330,-50.098
3942,700.000,700.000,1400.000,43.330,-50.098
3943,700.000,700.000,1400.000,43.330,-50.098
3944,700.000,700.000,1400.000,43.330,-50.098
3945,700.000,700.000,1400.000,43.330,-50.098
3946,700.000,700.000,1400.000,43.330,-50.098
3947,700.000,700.000,1400.000,43.330,-50.098
3948,700.000,700.000,1400.000,43.330,-50.098
3949,700.000,700.000,1400.000,43.330,-50.098
3950,700.000,700.000,1400.000,43.330,-50.098
3951,700.000,700.000,1400.000,43.330,-50.098
3952,700.000,700.000,1400.000,43.330,-50.098
3953,700.000,700.000,1400.000,43.330,-50.098
3954,700.000,700.000,1400.000,43.330,-50.098
3955,700.000,700.000,1400.000,43.330,-50.098
3956,700.000,700.000,1400.000,43.330,-50.098
3957,700.000,700.000,1400.000,43.330,-50.098
3958,700.000,700.000,1400.000,43.330,-50.098
3959,700.000,700.000,1400.000,43.330,-50.098
3960,700.000,700.000,1400.000,43.330,-50.098
3961,700.000,700.000,1400.000,43.330,-50.098
3962,700.000,700.000,1400.000,43.330,-50.098
3963,700.000,700.000,1400.000,43.330,-50.098
3964,700.000,700.000,1400.000,43.330,-50.098
3965,700.000,700.000,1400.000,43.330,-50.098
3966,700.000,700.000,1400.000,43.330,-50.098
3967,700.000,700.000,1400.000,43.330,-50.098
3968,700.000,700.000,1400.000,43.330,-50.098
3969,700.000,700.000,1400.000,43.330,-50.098
3970,700.000,700.000,1400.000,43.330,-50.098
3971,700.000,700.000,1400.000,43.330,-50.098
3972,700.000,700.000,1400.000,43.330,-50.098
3973,700.000,700.000,1400.000,43.330,-50.098
3974,700.000,700.000,1400.000,43.330,-50.098
3975,700.000,700.000,1400.000,43.330,-50.098
3976,700.000,700.000,1400.000,43.330,-50.098
3977,700.000,700.000,1400.000,43.330,-50.098
3978,700.000,700.000,1400.000,43.330,-50.098
3979,700.000,700.000,1400.000,43.330,-50.098
3980,700.000,700.000,1400.000,43.330,-50.098
3981,700.000,700.000,1400.000,43.330,-50.098
3982,700.000,700.000,1400.000,43.330,-50.098
3983,700.000,700.000,1400.000,43.330,-50.098
3984,700.000,700.000,1400.000,43.330,-50.098
3985,700.000,700.000,1400.000,43.330,-50.098
3986,700.000,700.000,1400.000,43.330,-50.098
3987,700.000,700.000,1400.000,43.330,-50.098
3988,700.000,700.000,1400.000,43.330,-50.098
3989,700.000,700.000,1400.000,43.330,-50.098
3990,700.000,700.000,1400.000,43.330,-50.098
3991,700.000,700.000,1400.000,43.330,-50.098
3992,700.000,700.000,1400.000,43.330,-50.098
3993,700.000,700.000,1400.000,43.330,-50.098
3994,700.000,700.000,1400.000,43.330,-50.098
3995,700.000,700.000,1400.000,43.330,-50.098
3996,700.000,700.000,1400.000,43.330,-50.098
3997,700.000,700.000,1400.000,43.330,-50.098
3998,700.000,700.000,1400.000,43.330,-50.098
3999,700.000,700.000,1400.000,43.330,-50.098
4000,700.000,700.000,1400.000,43.330,-50.098
4001,700.000,700.000,1400.000,43.330,-50.098
4002,700.000,700.000,1400.000,43.330,-50.098
4003,700.000,700.000,1400.000,43.330,-50.098
4004,700.000,700.000,1400.000,43.330,-50.098
4005,700.000,700.000,1400.000,43.330,-50.098
4006,700.000,700.000,1400.000,43.330,-50.098
4007,700.000,700.000,1400.000,43.330,-50.098
4008,700.000,700.000,1400.000,43.330,-50.098
4009,700.000,700.000,1400.000,43.330,-50.098
4010,700.000,700.000,1400.000,43.330,-50.098
4011,700.000,700.000,1400.000,43.330,-50.098
4012,700.000,700.000,1400.000,43.330,-50.098
4013,700.000,700.000,1400.000,43.330,-50.098
4014,700.000,700.000,1400.000,43.330,-50.098
4015,700.000,700.000,1400.000,43.330,-50.098
4016,700.000,700.000,1400.000,43.330,-50.098
4017,700.000,700.000,1400.000,43.330,-50.098
4018,700.000,700.000,1400.000,43.330,-50.098
4019,700.000,700.000,1400.000,43.330,-50.098
4020,700.000,700.000,1400.000,43.330,-50.098
4021,700.000,700.000,1400.000,43.330,-50.098
4022,700.000,700.000,1400.000,43.330,-50.098
4023,700.000,700.000,1400.000,43.330,-50.098
4024,700.000,700.000,1400.000,43.330,-50.098
4025,700.000,700.000,1400.000,43.330,-50.098
4026,700.000,700.000,1400.000,43.330,-50.098
4027,700.000,700.000,1400.000,43.330,-50.098
4028,700.000,700.000,1400.000,43.330,-50.098
4029,700.000,700.000,1400.000,43.330,-50.098
4030,700.000,700.000,1400.000,43.330,-50.098
4031,700.000,700.000,1400.000,43.330,-50.098
4032,700.000,700.000,1400.000,43.330,-50.098
4033,700.000,700.000,1400.000,43.330,-50.098
4034,700.000,700.000,1400.000,43.330,-50.098
4035,700.000,700.000,1400.000,43.330,-50.098
4036,700.000,700.000,1400.000,43.330,-50.098
4037,700.000,700.000,1400.000,43.330,-50.098
4038,700.000,700.000,1400.000,43.330,-50.098
4039,700.000,700.000,1400.000,43.330,-50.098
4040,700.000,700.000,1400.000,43.330,-50.098
4041,700.000,700.000,1400.000,43.330,-50.098
4042,700.000,700.000,1400.000,43.330,-50.098
4043,700.000,700.000,1400.000,43.330,-50.098
4044,700.000,700.000,1400.000,43.330,-50.098
4045,700.000,700.000,1400.000,43.330,-50.098
4046,700.000,700.000,1400.000,43.330,-50.098
4047,700.000,700.000,1400.000,43.330,-50.098
4048,700.000,700.000,1400.000,43.330,-50.098
4049,700.000,700.000,1400.000,43.330,-50.098
4050,700.000,700.000,1400.000,43.330,-50.098
4051,700.000,700.000,1400.000,43.330,-50.098
4052,700.000,700.000,1400.000,43.330,-50.098
4053,700.000,700.000,1400.000,43.330,-50.098
4054,700.000,700.000,1400.000,43.330,-50.098
4055,700.000,700.000,1400.000,43.330,-50.098
4056,700.000,700.000,1400.000,43.330,-50.098
4057,700.000,700.000,1400.000,43.330,-50.098
4058,700.000,700.000,1400.000,43.330,-50.098
4059,700.000,700.000,1400.000,43.330,-50.098
4060,700.000,700.000,1400.000,43.330,-50.098
4061,700.000,700.000,1400.000,43.330,-50.098
4062,700.000,700.000,1400.000,43.330,-50.098
4063,700.000,700.000,1400.000,43.330,-50.098
4064,700.000,700.000,1400.000,43.330,-50.098
4065,700.000,700.000,1400.000,43.330,-50.098
4066,700.000,700.000,1400.000,43.330,-50.098
4067,700.000,700.000,1400.000,43.330,-50.098
4068,700.000,700.000,1400.000,43.330,-50.098
4069,700.000,700.000,1400.000,43.330,-50.098
4070,700.000,700.000,1400.000,43.330,-50.098
4071,700.000,700.000,1400.000,43.330,-50.098
4072,700.000,700.000,1400.000,43.330,-50.098
4073,700.000,700.000,1400.000,43.330,-50.098
4074,700.000,700.000,1400.000,43.330,-50.098
4075,700.000,700.000,1400.000,43.330,-50.098
4076,700.000,700.000,1400.000,43.330,-50.098
4077,700.000,700.000,1400.000,43.330,-50.098
4078,700.000,700.000,1400.000,43.330,-50.098
4079,700.000,700.000,1400.000,43.330,-50.098
4080,700.000,700.000,1400.000,43.330,-50.098
4081,700.000,700.000,1400.000,43.330,-50.098
4082,700.000,700.000,1400.000,43.330,-50.098
4083,700.000,700.000,1400.000,43.330,-50.098
4084,700.000,700.000,1400.000,43.330,-50.098
4085,700.000,700.000,1400.000,43.330,-50.098
4086,700.000,700.000,1400.000,43.330,-50.098
4087,700.000,700.000,1400.000,43.330,-50.098
4088,700.000,700.000,1400.000,43.330,-50.098
4089,700.000,700.000,1400.000,43.330,-50.098
4090,700.000,700.000,1400.000,43.330,-50.098
4091,700.000,700.000,1400.000,43.330,-50.098
4092,700.000,700.000,1400.000,43.330,-50.098
4093,700.000,700.000,1400.000,43.330,-50.098
4094,700.000,700.000,1400.000,43.330,-50.098
4095,700.000,700.000,1400.000,43.330,-50.098
4096,700.000,700.000,1400.000,43.330,-50.098
4097,700.000,700.000,1400.000,43.330,-50.098
4098,700.000,700.000,1400.000,43.330,-50.098
4099,700.000,700.000,1400.000,43.330,-50.098
4100,700.000,700.000,1400.000,43.330,-50.098
4101,700.000,700.000,1400.000,43.330,-50.098
4102,700.000,700.000,1400.000,43.330,-50.098
4103,700.000,700.000,1400.000,43.330,-50.098
4104,700.000,700.000,1400.000,43.330,-50.098
4105,700.000,700.000,1400.000,43.330,-50.098
4106,700.000,700.000,1400.000,43.330,-50.098
4107,700.000,700.000,1400.000,43.330,-50.098
4108,700.000,700.000,1400.000,43.330,-50.098
4109,700.000,700.000,1400.000,43.330,-50.098
4110,700.000,700.000,1400.000,43.330,-50.098
4111,700.000,700.000,1400.000,43.330,-50.098
4112,700.000,700.000,1400.000,43.330,-50.098
4113,700.000,700.000,1400.000,43.330,-50.098
4114,700.000,700.000,1400.000,43.330,-50.098
4115,700.000,700.000,1400.000,43.330,-50.098
4116,700.000,700.000,1400.000,43.330,-50.098
4117,700.000,700.000,1400.000,43.330,-50.098
4118,700.000,700.000,1400.000,43.330,-50.098
4119,700.000,700.000,1400.000,43.330,-50.098
4120,700.000,700.000,1400.000,43.330,-50.098
4121,700.000,700.000,1400.000,43.330,-50.098
4122,700.000,700.000,1400.000,43.330,-50.098
4123,700.000,700.000,1400.000,43.330,-50.098
4124,700.000,700.000,1400.000,43.330,-50.098
4125,700.000,700.000,1400.000,43.330,-50.098
4126,700.000,700.000,1400.000,43.330,-50.098
4127,700.000,700.000,1400.000,43.330,-50.098
4128,700.000,700.000,1400.000,43.330,-50.098
4129,700.000,700.000,1400.000,43.330,-50.098
4130,700.000,700.000,1400.000,43.330,-50.098
4131,700.000,700.000,1400.000,43.330,-50.098
4132,700.000,700.000,1400.000,43.330,-50.098
4133,700.000,700.000,1400.000,43.330,-50.098
4134,700.000,700.000,1400.000,43.330,-50.098
4135,700.000,700.000,1400.000,43.330,-50.098
4136,700.000,700.000,1400.000,43.330,-50.098
4137,700.000,700.000,1400.000,43.330,-50.098
4138,700.000,700.000,1400.000,43.330,-50.098
4139,700.000,700.000,1400.000,43.330,-50.098
4140,700.000,700.000,1400.000,43.330,-50.098
4141,700.000,700.000,1400.000,43.330,-50.098
4142,700.000,700.000,1400.000,43.330,-50.098
4143,700.000,700.000,1400.000,43.330,-50.098
4144,700.000,700.000,1400.000,43.330,-50.098
4145,700.000,700.000,1400.000,43.330,-50.098
4146,700.000,700.000,1400.000,43.330,-50.098
4147,700.000,700.000,1400.000,43.330,-50.098
4148,700.000,700.000,1400.000,43.330,-50.098
4149,700.000,700.000,1400.000,43.330,-50.098
4150,700.000,700.000,1400.000,43.330,-50.098
4151,700.000,700.000,1400.000,43.330,-50.098
4152,700.000,700.000,1400.000,43.330,-50.098
4153,700.000,700.000,1400.000,43.330,-50.098
4154,700.000,700.000,1400.000,43.330,-50.098
4155,700.000,700.000,1400.000,43.330,-50.098
4156,700.000,700.000,1400.000,43.330,-50.098
4157,700.000,700.000,1400.000,43.330,-50.098
4158,700.000,700.000,1400.000,43.330,-50.098
4159,700.000,700.000,1400.000,43.330,-50.098
4160,700.000,700.000,1400.000,43.330,-50.098
4161,700.000,700.000,1400.000,43.330,-50.098
4162,700.000,700.000,1400.000,43.330,-50.098
4163,700.000,700.000,1400.000,43.330,-50.098
4164,700.000,700.000,1400.000,43.330,-50.098
4165,700.000,700.000,1400.000,43.330,-50.098
4166,700.000,700.000,1400.000,43.330,-50.098
4167,700.000,700.000,1400.000,43.330,-50.098
4168,700.000,700.000,1400.000,43.330,-50.098
4169,700.000,700.000,1400.000,43.330,-50.098
4170,700.000,700.000,1400.000,43.330,-50.098
4171,700.000,700.000,1400.000,43.330,-50.098
4172,700.000,700.000,1400.000,43.330,-50.098
4173,700.000,700.000,1400.000,43.330,-50.098
4174,700.000,700.000,1400.000,43.330,-50.098
4175,700.000,700.000,1400.000,43.330,-50.098
4176,700.000,700.000,1400.000,43.330,-50.098
4177,700.000,700.000,1400.000,43.330,-50.098
4178,700.000,700.000,1400.000,43.330,-50.098
4179,700.000,700.000,1400.000,43.330,-50.098
4180,700.000,700.000,1400.000,43.330,-50.098
4181,700.000,700.000,1400.000,43.330,-50.098
4182,700.000,700.000,1400.000,43.330,-50.098
4183,700.000,700.000,1400.000,43.330,-50.098
4184,700.000,700.000,1400.000,43.330,-50.098
4185,700.000,700.000,1400.000,43.330,-50.098
4186,700.000,700.000,1400.000,43.330,-50.098
4187,700.000,700.000,1400.000,43.330,-50.098
4188,700.000,700.000,1400.000,43.330,-50.098
4189,700.000,700.000,1400.000,43.330,-50.098
4190,700.000,700.000,1400.000,43.330,-50.098
4191,700.000,700.000,1400.000,43.330,-50.098
4192,700.000,700.000,1400.000,43.330,-50.098
4193,700.000,700.000,1400.000,43.330,-50.098
4194,700.000,700.000,1400.000,43.330,-50.098
4195,700.000,700.000,1400.000,43.330,-50.098
4196,700.000,700.000,1400.000,43.330,-50.098
4197,700.000,700.000,1400.000,43.330,-50.098
4198,700.000,700.000,1400.000,43.330,-50.098
4199,700.000,700.000,1400.000,43.330,-50.098
4200,700.000,700.000,1400.000,43.330,-50.098
4201,700.000,700.000,1400.000,43.330,-50.098
4202,700.000,700.000,1400.000,43.330,-50.098
4203,700.000,700.000,1400.000,43.330,-50.098
4204,700.000,700.000,1400.000,43.330,-50.098
4205,700.000,700.000,1400.000,43.330,-50.098
4206,700.000,700.000,1400.000,43.330,-50.098
4207,700.000,700.000,1400.000,43.330,-50.098
4208,700.000,700.000,1400.000,43.330,-50.098
4209,700.000,700.000,1400.000,43.330,-50.098
4210,700.000,700.000,1400.000,43.330,-50.098
4211,700.000,700.000,1400.000,43.330,-50.098
4212,700.000,700.000,1400.000,43.330,-50.098
4213,700.000,700.000,1400.000,43.330,-50.098
4214,700.000,700.000,1400.000,43.330,-50.098
4215,700.000,700.000,1400.000,43.330,-50.098
4216,700.000,700.000,1400.000,43.330,-50.098
4217,700.000,700.000,1400.000,43.330,-50.098
4218,700.000,700.000,1400.000,43.330,-50.098
4219,700.000,700.000,1400.000,43.330,-50.098
4220,700.000,700.000,1400.000,43.330,-50.098
4221,700.000,700.000,1400.000,43.330,-50.098
4222,700.000,700.000,1400.000,43.330,-50.098
4223,700.000,700.000,1400.000,43.330,-50.098
4224,700.000,700.000,1400.000,43.330,-50.098
4225,700.000,700.000,1400.000,43.330,-50.098
4226,700.000,700.000,1400.000,43.330,-50.098
4227,700.000,700.000,1400.000,43.330,-50.098
4228,700.000,700.000,1400.000,43.330,-50.098
4229,700.000,700.000,1400.000,43.330,-50.098
4230,700.000,700.000,1400.000,43.330,-50.098
4231,700.000,700.000,1400.000,43.330,-50.098
4232,700.000,700.000,1400.000,43.330,-50.098
4233,700.000,700.000,1400.000,43.330,-50.098
4234,700.000,700.000,1400.000,43.330,-50.098
4235,700.000,700.000,1400.000,43.330,-50.098
4236,700.000,700.000,1400.000,43.330,-50.098
4237,700.000,700.000,1400.000,43.330,-50.098
4238,700.000,700.000,1400.000,43.330,-50.098
4239,700.000,700.000,1400.000,43.330,-50.098
4240,700.000,700.000,1400.000,43.330,-50.098
4241,700.000,700.000,1400.000,43.330,-50.098
4242,700.000,700.000,1400.000,43.330,-50.098
4243,700.000,700.000,1400.000,43.330,-50.098
4244,700.000,700.000,1400.000,43.330,-50.098
4245,700.000,700.000,1400.000,43.330,-50.098
4246,700.000,700.000,1400.000,43.330,-50.098
4247,700.000,700.000,1400.000,43.330,-50.098
4248,700.000,700.000,1400.000,43.330,-50.098
4249,700.000,700.000,1400.000,43.330,-50.098
4250,700.000,700.000,1400.000,43.330,-50.098
4251,700.000,700.000,1400.000,43.330,-50.098
4252,700.000,700.000,1400.000,43.330,-50.098
4253,700.000,700.000,1400.000,43.330,-50.098
4254,700.000,700.000,1400.000,43.330,-50.098
4255,700.000,700.000,1400.000,43.330,-50.098
4256,700.000,700.000,1400.000,43.330,-50.098
4257,700.000,700.000,1400.000,43.330,-50.098
4258,700.000,700.000,1400.000,43.330,-50.098
4259,700.000,700.000,1400.000,43.330,-50.098
4260,700.000,700.000,1400.000,43.330,-50.098
4261,700.000,700.000,1400.000,43.330,-50.098
4262,700.000,700.000,1400.000,43.330,-50.098
4263,700.000,700.000,1400.000,43.330,-50.098
4264,700.000,700.000,1400.000,43.330,-50.098
4265,700.000,700.000,1400.000,43.330,-50.098
4266,700.000,700.000,1400.000,43.330,-50.098
4267,700.000,700.000,1400.000,43.330,-50.098
4268,700.000,700.000,1400.000,43.330,-50.098
4269,700.000,700.000,1400.000,43.330,-50.098
4270,700.000,700.000,1400.000,43.330,-50.098
4271,700.000,700.000,1400.000,43.330,-50.098
4272,700.000,700.000,1400.000,43.330,-50.098
4273,700.000,700.000,1400.000,43.330,-50.098
4274,700.000,700.000,1400.000,43.330,-50.098
4275,700.000,700.000,1400.000,43.330,-50.098
4276,700.000,700.000,1400.000,43.330,-50.098
4277,700.000,700.000,1400.000,43.330,-50.098
4278,700.000,700.000,1400.000,43.330,-50.098
4279,700.000,700.000,1400.000,43.330,-50.098
4280,700.000,700.000,1400.000,43.330,-50.098
4281,700.000,700.000,1400.000,43.330,-50.098
4282,700.000,700.000,1400.000,43.330,-50.098
4283,700.000,700.000,1400.000,43.330,-50.098
4284,700.000,700.000,1400.000,43.330,-50.098
4285,700.000,700.000,1400.000,43.330,-50.098
4286,700.000,700.000,1400.000,43.330,-50.098
4287,700.000,700.000,1400.000,43.330,-50.098
4288,700.000,700.000,1400.000,43.330,-50.098
4289,700.000,700.000,1400.000,43.330,-50.098
4290,700.000,700.000,1400.000,43.330,-50.098
4291,700.000,700.000,1400.000,43.330,-50.098
4292,700.000,700.000,1400.000,43.330,-50.098
4293,700.000,700.000,1400.000,43.330,-50.098
4294,700.000,700.000,1400.000,43.330,-50.098
4295,700.000,700.000,1400.000,43.330,-50.098
4296,700.000,700.000,1400.000,43.330,-50.098
4297,700.000,700.000,1400.000,43.330,-50.098
4298,700.000,700.000,1400.000,43.330,-50.098
4299,700.000,700.000,1400.000,43.330,-50.098
4300,700.000,700.000,1400.000,43.330,-50.098
4301,700.000,700.000,1400.000,43.330,-50.098
4302,700.000,700.000,1400.000,43.330,-50.098
4303,700.000,700.000,1400.000,43.330,-50.098
4304,700.000,700.000,1400.000,43.330,-50.098
4305,700.000,700.000,1400.000,43.330,-50.098
4306,700.000,700.000,1400.000,43.330,-50.098
4307,700.000,700.000,1400.000,43.330,-50.098
4308,700.000,700.000,1400.000,43.330,-50.098
4309,700.000,700.000,1400.000,43.330,-50.098
4310,700.000,700.000,1400.000,43.330,-50.098
4311,700.000,700.000,1400.000,43.330,-50.098
4312,700.000,700.000,1400.000,43.330,-50.098
4313,700.000,700.000,1400.000,43.330,-50.098
4314,700.000,700.000,1400.000,43.330,-50.098
4315,700.000,700.000,1400.000,43.330,-50.098
4316,700.000,700.000,1400.000,43.330,-50.098
4317,700.000,700.000,1400.000,43.330,-50.098
4318,700.000,700.000,1400.000,43.330,-50.098
4319,700.000,700.000,1400.000,43.330,-50.098
4320,700.000,700.000,1400.000,43.330,-50.098
4321,700.000,700.000,1400.000,43.330,-50.098
4322,700.000,700.000,1400.000,43.330,-50.098
4323,700.000,700.000,1400.000,43.330,-50.098
4324,700.000,700.000,1400.000,43.330,-50.098
4325,700.000,700.000,1400.000,43.330,-50.098
4326,700.000,700.000,1400.000,43.330,-50.098
4327,700.000,700.000,1400.000,43.330,-50.098
4328,700.000,700.000,1400.000,43.330,-50.098
4329,700.000,700.000,1400.000,43.330,-50.098
4330,700.000,700.000,1400.000,43.330,-50.098
4331,700.000,700.000,1400.000,43.330,-50.098
4332,700.000,700.000,1400.000,43.330,-50.098
4333,700.000,700.000,1400.000,43.330,-50.098
4334,700.000,700.000,1400.000,43.330,-50.098
4335,700.000,700.000,1400.000,43.330,-50.098
4336,700.000,700.000,1400.000,43.330,-50.098
4337,700.000,700.000,1400.000,43.330,-50.098
4338,700.000,700.000,1400.000,43.330,-50.098
4339,700.000,700.000,1400.000,43.330,-50.098
4340,700.000,700.000,1400.000,43.330,-50.098
4341,700.000,700.000,1400.000,43.330,-50.098
4342,700.000,700.000,1400.000,43.330,-50.098
4343,700.000,700.000,1400.000,43.330,-50.098
4344,700.000,700.000,1400.000,43.330,-50.098
4345,700.000,700.000,1400.000,43.330,-50.098
4346,700.000,700.000,1400.000,43.330,-50.098
4347,700.000,700.000,1400.000,43.330,-50.098
4348,700.000,700.000,1400.000,43.330,-50.098
4349,700.000,700.000,1400.000,43.330,-50.098
4350,700.000,700.000,1400.000,43.330,-50.098
4351,700.000,700.000,1400.000,43.330,-50.098
4352,700.000,700.000,1400.000,43.330,-50.098
4353,700.000,700.000,1400.000,43.330,-50.098
4354,700.000,700.000,1400.000,43.330,-50.098
4355,700.000,700.000,1400.000,43.330,-50.098
4356,700.000,700.000,1400.000,43.330,-50.098
4357,700.000,700.000,1400.000,43.330,-50.098
4358,700.000,700.000,1400.000,43.330,-50.098
4359,700.000,700.000,1400.000,43.330,-50.098
4360,700.000,700.000,1400.000,43.330,-50.098
4361,700.000,700.000,1400.000,43.330,-50.098
4362,700.000,700.000,1400.000,43.330,-50.098
4363,700.000,700.000,1400.000,43.330,-50.098
4364,700.000,700.000,1400.000,43.330,-50.098
4365,700.000,700.000,1400.000,43.330,-50.098
4366,700.000,700.000,1400.000,43.330,-50.098
4367,700.000,700.000,1400.000,43.330,-50.098
4368,700.000,700.000,1400.000,43.330,-50.098
4369,700.000,700.000,1400.000,43.330,-50.098
4370,700.000,700.000,1400.000,43.330,-50.098
4371,700.000,700.000,1400.000,43.330,-50.098
4372,700.000,700.000,1400.000,43.330,-50.098
4373,700.000,700.000,1400.000,43.330,-50.098
4374,700.000,700.000,1400.000,43.330,-50.098
4375,700.000,700.000,1400.000,43.330,-50.098
4376,700.000,700.000,1400.000,43.330,-50.098
4377,700.000,700.000,1400.000,43.330,-50.098
4378,700.000,700.000,1400.000,43.330,-50.098
4379,700.000,700.000,1400.000,43.330,-50.098
4380,700.000,700.000,1400.000,43.330,-50.098
4381,700.000,700.000,1400.000,43.330,-50.098
4382,700.000,700.000,1400.000,43.330,-50.098
4383,700.000,700.000,1400.000,43.330,-50.098
4384,700.000,700.000,1400.000,43.330,-50.098
4385,700.000,700.000,1400.000,43.330,-50.098
4386,700.000,700.000,1400.000,43.330,-50.098
4387,700.000,700.000,1400.000,43.330,-50.098
4388,700.000,700.000,1400.000,43.330,-50.098
4389,700.000,700.000,1400.000,43.330,-50.098
4390,700.000,700.000,1400.000,43.330,-50.098
4391,700.000,700.000,1400.000,43.330,-50.098
4392,700.000,700.000,1400.000,43.330,-50.098
4393,700.000,700.000,1400.000,43.330,-50.098
4394,700.000,700.000,1400.000,43.330,-50.098
4395,700.000,700.000,1400.000,43.330,-50.098
4396,700.000,700.000,1400.000,43.330,-50.098
4397,700.000,700.000,1400.000,43.330,-50.098
4398,700.000,700.000,1400.000,43.330,-50.098
4399,700.000,700.000,1400.000,43.330,-50.098
4400,700.000,700.000,1400.000,43.330,-50.098
4401,700.000,700.000,1400.000,43.330,-50.098
4402,700.000,700.000,1400.000,43.330,-50.098
4403,700.000,700.000,1400.000,43.330,-50.098
4404,700.000,700.000,1400.000,43.330,-50.098
4405,700.000,700.000,1400.000,43.330,-50.098
4406,700.000,700.000,1400.000,43.330,-50.098
4407,700.000,700.000,1400.000,43.330,-50.098
4408,700.000,700.000,1400.000,43.330,-50.098
4409,700.000,700.000,1400.000,43.330,-50.098
4410,700.000,700.000,1400.000,43.330,-50.098
4411,700.000,700.000,1400.000,43.330,-50.098
4412,700.000,700.000,1400.000,43.330,-50.098
4413,700.000,700.000,1400.000,43.330,-50.098
4414,700.000,700.000,1400.000,43.330,-50.098
4415,700.000,700.000,1400.000,43.330,-50.098
4416,700.000,700.000,1400.000,43.330,-50.098
4417,700.000,700.000,1400.000,43.330,-50.098
4418,700.000,700.000,1400.000,43.330,-50.098
4419,700.000,700.000,1400.000,43.330,-50.098
4420,700.000,700.000,1400.000,43.330,-50.098
4421,700.000,700.000,1400.000,43.330,-50.098
4422,700.000,700.000,1400.000,43.330,-50.098
4423,700.000,700.000,1400.000,43.330,-50.098
4424,700.000,700.000,1400.000,43.330,-50.098
4425,700.000,700.000,1400.000,43.330,-50.098
4426,700.000,700.000,1400.000,43.330,-50.098
4427,700.000,700.000,1400.000,43.330,-50.098
4428,700.000,700.000,1400.000,43.330,-50.098
4429,700.000,700.000,1400.000,43.330,-50.098
4430,700.000,700.000,1400.000,43.330,-50.098
4431,700.000,700.000,1400.000,43.330,-50.098
4432,700.000,700.000,1400.000,43.330,-50.098
4433,700.000,700.000,1400.000,43.330,-50.098
4434,700.000,700.000,1400.000,43.330,-50.098
4435,700.000,700.000,1400.000,43.330,-50.098
4436,700.000,700.000,1400.000,43.330,-50.098
4437,700.000,700.000,1400.000,43.330,-50.098
4438,700.000,700.000,1400.000,43.330,-50.098
4439,700.000,700.000,1400.000,43.330,-50.098
4440,700.000,700.000,1400.000,43.330,-50.098
4441,700.000,700.000,1400.000,43.330,-50.098
4442,700.000,700.000,1400.000,43.330,-50.098
4443,700.000,700.000,1400.000,43.330,-50.098
4444,700.000,700.000,1400.000,43.330,-50.098
4445,700.000,700.000,1400.000,43.330,-50.098
4446,700.000,700.000,1400.000,43.330,-50.098
4447,700.000,700.000,1400.000,43.330,-50.098
4448,700.000,700.000,1400.000,43.330,-50.098
4449,700.000,700.000,1400.000,43.330,-50.098
4450,700.000,700.000,1400.000,43.330,-50.098
4451,700.000,700.000,1400.000,43.330,-50.098
4452,700.000,700.000,1400.000,43.330,-50.098
4453,700.000,700.000,1400.000,43.330,-50.098
4454,700.000,700.000,1400.000,43.330,-50.098
4455,700.000,700.000,1400.000,43.330,-50.098
4456,700.000,700.000,1400.000,43.330,-50.098
4457,700.000,700.000,1400.000,43.330,-50.098
4458,700.000,700.000,1400.000,43.330,-50.098
4459,700.000,700.000,1400.000,43.330,-50.098
4460,700.000,700.000,1400.000,43.330,-50.098
4461,700.000,700.000,1400.000,43.330,-50.098
4462,700.000,700.000,1400.000,43.330,-50.098
4463,700.000,700.000,1400.000,43.330,-50.098
4464,700.000,700.000,1400.000,43.330,-50.098
4465,700.000,700.000,1400.000,43.330,-50.098
4466,700.000,700.000,1400.000,43.330,-50.098
4467,700.000,700.000,1400.000,43.330,-50.098
4468,700.000,700.000,1400.000,43.330,-50.098
4469,700.000,700.000,1400.000,43.330,-50.098
4470,700.000,700.000,1400.000,43.330,-50.098
4471,700.000,700.000,1400.000,43.330,-50.098
4472,700.000,700.000,1400.000,43.330,-50.098
4473,700.000,700.000,1400.000,43.330,-50.098
4474,700.000,700.000,1400.000,43.330,-50.098
4475,700.000,700.000,1400.000,43.330,-50.098
4476,700.000,700.000,1400.000,43.330,-50.098
4477,700.000,700.000,1400.000,43.330,-50.098
4478,700.000,700.000,1400.000,43.330,-50.098
4479,700.000,700.000,1400.000,43.330,-50.098
4480,700.000,700.000,1400.000,43.330,-50.098
4481,700.000,700.000,1400.000,43.330,-50.098
4482,700.000,700.000,1400.000,43.330,-50.098
4483,700.000,700.000,1400.000,43.330,-50.098
4484,700.000,700.000,1400.000,43.330,-50.098
4485,700.000,700.000,1400.000,43.330,-50.098
4486,700.000,700.000,1400.000,43.330,-50.098
4487,700.000,700.000,1400.000,43.330,-50.098
4488,700.000,700.000,1400.000,43.330,-50.098
4489,700.000,700.000,1400.000,43.330,-50.098
4490,700.000,700.000,1400.000,43.330,-50.098
4491,700.000,700.000,1400.000,43.330,-50.098
4492,700.000,700.000,1400.000,43.330,-50.098
4493,700.000,700.000,1400.000,43.330,-50.098
4494,700.000,700.000,1400.000,43.330,-50.098
4495,700.000,700.000,1400.000,43.330,-50.098
4496,700.000,700.000,1400.000,43.330,-50.098
4497,700.000,700.000,1400.000,43.330,-50.098
4498,700.000,700.000,1400.000,43.330,-50.098
4499,700.000,700.000,1400.000,43.330,-50.098
4500,700.000,700.000,1400.000,43.330,-50.098
4501,700.000,700.000,1400.000,43.330,-50.098
4502,700.000,700.000,1400.000,43.330,-50.098
4503,700.000,700.000,1400.000,43.330,-50.098
4504,700.000,700.000,1400.000,43.330,-50.098
4505,700.000,700.000,1400.000,43.330,-50.098
4506,700.000,700.000,1400.000,43.330,-50.098
4507,700.000,700.000,1400.000,43.330,-50.098
4508,700.000,700.000,1400.000,43.330,-50.098
4509,700.000,700.000,1400.000,43.330,-50.098
4510,700.000,700.000,1400.000,43.330,-50.098
4511,700.000,700.000,1400.000,43.330,-50.098
4512,700.000,700.000,1400.000,43.330,-50.098
4513,700.000,700.000,1400.000,43.330,-50.098
4514,700.000,700.000,1400.000,43.330,-50.098
4515,700.000,700.000,1400.000,43.330,-50.098
4516,700.000,700.000,1400.000,43.330,-50.098
4517,700.000,700.000,1400.000,43.330,-50.098
4518,700.000,700.000,1400.000,43.330,-50.098
4519,700.000,700.000,1400.000,43.330,-50.098
4520,700.000,700.000,1400.000,43.330,-50.098
4521,700.000,700.000,1400.000,43.330,-50.098
4522,700.000,700.000,1400.000,43.330,-50.098
4523,700.000,700.000,1400.000,43.330,-50.098
4524,700.000,700.000,1400.000,43.330,-50.098
4525,700.000,700.000,1400.000,43.330,-50.098
4526,700.000,700.000,1400.000,43.330,-50.098
4527,700.000,700.000,1400.000,43.330,-50.098
4528,700.000,700.000,1400.000,43.330,-50.098
4529,700.000,700.000,1400.000,43.330,-50.098
4530,700.000,700.000,1400.000,43.330,-50.098
4531,700.000,700.000,1400.000,43.330,-50.098
4532,700.000,700.000,1400.000,43.330,-50.098
4533,700.000,700.000,1400.000,43.330,-50.098
4534,700.000,700.000,1400.000,43.330,-50.098
4535,700.000,700.000,1400.000,43.330,-50.098
4536,700.000,700.000,1400.000,43.330,-50.098
4537,700.000,700.000,1400.000,43.330,-50.098
4538,700.000,700.000,1400.000,43.330,-50.098
4539,700.000,700.000,1400.000,43.330,-50.098
4540,700.000,700.000,1400.000,43.330,-50.098
4541,700.000,700.000,1400.000,43.330,-50.098
4542,700.000,700.000,1400.000,43.330,-50.098
4543,700.000,700.000,1400.000,43.330,-50.098
4544,700.000,700.000,1400.000,43.330,-50.098
4545,700.000,700.000,1400.000,43.330,-50.098
4546,700.000,700.000,1400.000,43.330,-50.098
4547,700.000,700.000,1400.000,43.330,-50.098
4548,700.000,700.000,1400.000,43.330,-50.098
4549,700.000,700.000,1400.000,43.330,-50.098
4550,700.000,700.000,1400.000,43.330,-50.098
4551,700.000,700.000,1400.000,43.330,-50.098
4552,700.000,700.000,1400.000,43.330,-50.098
4553,700.000,700.000,1400.000,43.330,-50.098
4554,700.000,700.000,1400.000,43.330,-50.098
4555,700.000,700.000,1400.000,43.330,-50.098
4556,700.000,700.000,1400.000,43.330,-50.098
4557,700.000,700.000,1400.000,43.330,-50.098
4558,700.000,700.000,1400.000,43.330,-50.098
4559,700.000,700.000,1400.000,43.330,-50.098
4560,700.000,700.000,1400.000,43.330,-50.098
4561,700.000,700.000,1400.000,43.330,-50.098
4562,700.000,700.000,1400.000,43.330,-50.098
4563,700.000,700.000,1400.000,43.330,-50.098
4564,700.000,700.000,1400.000,43.330,-50.098
4565,700.000,700.000,1400.000,43.330,-50.098
4566,700.000,700.000,1400.000,43.330,-50.098
4567,700.000,700.000,1400.000,43.330,-50.098
4568,700.000,700.000,1400.000,43.330,-50.098
4569,700.000,700.000,1400.000,43.330,-50.098
4570,700.000,700.000,1400.000,43.330,-50.098
4571,700.000,700.000,1400.000,43.330,-50.098
4572,700.000,700.000,1400.000,43.330,-50.098
4573,700.000,700.000,1400.000,43.330,-50.098
4574,700.000,700.000,1400.000,43.330,-50.098
4575,700.000,700.000,1400.000,43.330,-50.098
4576,700.000,700.000,1400.000,43.330,-50.098
4577,700.000,700.000,1400.000,43.330,-50.098
4578,700.000,700.000,1400.000,43.330,-50.098
4579,700.000,700.000,1400.000,43.330,-50.098
4580,700.000,700.000,1400.000,43.330,-50.098
4581,700.000,700.000,1400.000,43.330,-50.098
4582,700.000,700.000,1400.000,43.330,-50.098
4583,700.000,700.000,1400.000,43.330,-50.098
4584,700.000,700.000,1400.000,43.330,-50.098
4585,700.000,700.000,1400.000,43.330,-50.098
4586,700.000,700.000,1400.000,43.330,-50.098
4587,700.000,700.000,1400.000,43.330,-50.098
4588,700.000,700.000,1400.000,43.330,-50.098
4589,700.000,700.000,1400.000,43.330,-50.098
4590,700.000,700.000,1400.000,43.330,-50.098
4591,700.000,700.000,1400.000,43.330,-50.098
4592,700.000,700.000,1400.000,43.330,-50.098
4593,700.000,700.000,1400.000,43.330,-50.098
4594,700.000,700.000,1400.000,43.330,-50.098
4595,700.000,700.000,1400.000,43.330,-50.098
4596,700.000,700.000,1400.000,43.330,-50.098
4597,700.000,700.000,1400.000,43.330,-50.098
4598,700.000,700.000,1400.000,43.330,-50.098
4599,700.000,700.000,1400.000,43.330,-50.098
4600,700.000,700.000,1400.000,43.330,-50.098
4601,700.000,700.000,1400.000,43.330,-50.098
4602,700.000,700.000,1400.000,43.330,-50.098
4603,700.000,700.000,1400.000,43.330,-50.098
4604,700.000,700.000,1400.000,43.330,-50.098
4605,700.000,700.000,1400.000,43.330,-50.098
4606,700.000,700.000,1400.000,43.330,-50.098
4607,700.000,700.000,1400.000,43.330,-50.098
4608,700.000,700.000,1400.000,43.330,-50.098
4609,700.000,700.000,1400.000,43.330,-50.098
4610,700.000,700.000,1400.000,43.330,-50.098
4611,700.000,700.000,1400.000,43.330,-50.098
4612,700.000,700.000,1400.000,43.330,-50.098
4613,700.000,700.000,1400.000,43.330,-50.098
4614,700.000,700.000,1400.000,43.330,-50.098
4615,700.000,700.000,1400.000,43.330,-50.098
4616,700.000,700.000,1400.000,43.330,-50.098
4617,700.000,700.000,1400.000,43.330,-50.098
4618,700.000,700.000,1400.000,43.330,-50.098
4619,700.000,700.000,1400.000,43.330,-50.098
4620,700.000,700.000,1400.000,43.330,-50.098
4621,700.000,700.000,1400.000,43.330,-50.098
4622,700.000,700.000,1400.000,43.330,-50.098
4623,700.000,700.000,1400.000,43.330,-50.098
4624,700.000,700.000,1400.000,43.330,-50.098
4625,700.000,700.000,1400.000,43.330,-50.098
4626,700.000,700.000,1400.000,43.330,-50.098
4627,700.000,700.000,1400.000,43.330,-50.098
4628,700.000,700.000,1400.000,43.330,-50.098
4629,700.000,700.000,1400.000,43.330,-50.098
4630,700.000,700.000,1400.000,43.330,-50.098
4631,700.000,700.000,1400.000,43.330,-50.098
4632,700.000,700.000,1400.000,43.330,-50.098
4633,700.000,700.000,1400.000,43.330,-50.098
4634,700.000,700.000,1400.000,43.330,-50.098
4635,700.000,700.000,1400.000,43.330,-50.098
4636,700.000,700.000,1400.000,43.330,-50.098
4637,700.000,700.000,1400.000,43.330,-50.098
4638,700.000,700.000,1400.000,43.330,-50.098
4639,700.000,700.000,1400.000,43.330,-50.098
4640,700.000,700.000,1400.000,43.330,-50.098
4641,700.000,700.000,1400.000,43.330,-50.098
4642,700.000,700.000,1400.000,43.330,-50.098
4643,700.000,700.000,1400.000,43.330,-50.098
4644,700.000,700.000,1400.000,43.330,-50.098
4645,700.000,700.000,1400.000,43.330,-50.098
4646,700.000,700.000,1400.000,43.330,-50.098
4647,700.000,700.000,1400.000,43.330,-50.098
4648,700.000,700.000,1400.000,43.330,-50.098
4649,700.000,700.000,1400.000,43.330,-50.098
4650,700.000,700.000,1400.000,43.330,-50.098
4651,700.000,700.000,1400.000,43.330,-50.098
4652,700.000,700.000,1400.000,43.330,-50.098
4653,700.000,700.000,1400.000,43.330,-50.098
4654,700.000,700.000,1400.000,43.330,-50.098
4655,700.000,700.000,1400.000,43.330,-50.098
4656,700.000,700.000,1400.000,43.330,-50.098
4657,700.000,700.000,1400.000,43.330,-50.098
4658,700.000,700.000,1400.000,43.330,-50.098
4659,700.000,700.000,1400.000,43.330,-50.098
4660,700.000,700.000,1400.000,43.330,-50.098
4661,700.000,700.000,1400.000,43.330,-50.098
4662,700.000,700.000,1400.000,43.330,-50.098
4663,700.000,700.000,1400.000,43.330,-50.098
4664,700.000,700.000,1400.000,43.330,-50.098
4665,700.000,700.000,1400.000,43.330,-50.098
4666,700.000,700.000,1400.000,43.330,-50.098
4667,700.000,700.000,1400.000,43.330,-50.098
4668,700.000,700.000,1400.000,43.330,-50.098
4669,700.000,700.000,1400.000,43.330,-50.098
4670,700.000,700.000,1400.000,43.330,-50.098
4671,700.000,700.000,1400.000,43.330,-50.098
4672,700.000,700.000,1400.000,43.330,-50.098
4673,700.000,700.000,1400.000,43.330,-50.098
4674,700.000,700.000,1400.000,43.330,-50.098
4675,700.000,700.000,1400.000,43.330,-50.098
4676,700.000,700.000,1400.000,43.330,-50.098
4677,700.000,700.000,1400.000,43.330,-50.098
4678,700.000,700.000,1400.000,43.330,-50.098
4679,700.000,700.000,1400.000,43.330,-50.098
4680,700.000,700.000,1400.000,43.330,-50.098
4681,700.000,700.000,1400.000,43.330,-50.098
4682,700.000,700.000,1400.000,43.330,-50.098
4683,700.000,700.000,1400.000,43.330,-50.098
4684,700.000,700.000,1400.000,43.330,-50.098
4685,700.000,700.000,1400.000,43.330,-50.098
4686,700.000,700.000,1400.000,43.330,-50.098
4687,700.000,700.000,1400.000,43.330,-50.098
4688,700.000,700.000,1400.000,43.330,-50.098
4689,700.000,700.000,1400.000,43.330,-50.098
4690,700.000,700.000,1400.000,43.330,-50.098
4691,700.000,700.000,1400.000,43.330,-50.098
4692,700.000,700.000,1400.000,43.330,-50.098
4693,700.000,700.000,1400.000,43.330,-50.098
4694,700.000,700.000,1400.000,43.330,-50.098
4695,700.000,700.000,1400.000,43.330,-50.098
4696,700.000,700.000,1400.000,43.330,-50.098
4697,700.000,700.000,1400.000,43.330,-50.098
4698,700.000,700.000,1400.000,43.330,-50.098
4699,700.000,700.000,1400.000,43.330,-50.098
4700,700.000,700.000,1400.000,43.330,-50.098
4701,700.000,700.000,1400.000,43.330,-50.098
4702,700.000,700.000,1400.000,43.330,-50.098
4703,700.000,700.000,1400.000,43.330,-50.098
4704,700.000,700.000,1400.000,43.330,-50.098
4705,700.000,700.000,1400.000,43.330,-50.098
4706,700.000,700.000,1400.000,43.330,-50.098
4707,700.000,700.000,1400.000,43.330,-50.098
4708,700.000,700.000,1400.000,43.330,-50.098
4709,700.000,700.000,1400.000,43.330,-50.098
4710,700.000,700.000,1400.000,43.330,-50.098
4711,700.000,700.000,1400.000,43.330,-50.098
4712,700.000,700.000,1400.000,43.330,-50.098
4713,700.000,700.000,1400.000,43.330,-50.098
4714,700.000,700.000,1400.000,43.330,-50.098
4715,700.000,700.000,1400.000,43.330,-50.098
4716,700.000,700.000,1400.000,43.330,-50.098
4717,700.000,700.000,1400.000,43.330,-50.098
4718,700.000,700.000,1400.000,43.330,-50.098
4719,700.000,700.000,1400.000,43.330,-50.098
4720,700.000,700.000,1400.000,43.330,-50.098
4721,700.000,700.000,1400.000,43.330,-50.098
4722,700.000,700.000,1400.000,43.330,-50.098
4723,700.000,700.000,1400.000,43.330,-50.098
4724,700.000,700.000,1400.000,43.330,-50.098
4725,700.000,700.000,1400.000,43.330,-50.098
4726,700.000,700.000,1400.000,43.330,-50.098
4727,700.000,700.000,1400.000,43.330,-50.098
4728,700.000,700.000,1400.000,43.330,-50.098
4729,700.000,700.000,1400.000,43.330,-50.098
4730,700.000,700.000,1400.000,43.330,-50.098
4731,700.000,700.000,1400.000,43.330,-50.098
4732,700.000,700.000,1400.000,43.330,-50.098
4733,700.000,700.000,1400.000,43.330,-50.098
4734,700.000,700.000,1400.000,43.330,-50.098
4735,700.000,700.000,1400.000,43.330,-50.098
4736,700.000,700.000,1400.000,43.330,-50.098
4737,700.000,700.000,1400.000,43.330,-50.098
4738,700.000,700.000,1400.000,43.330,-50.098
4739,700.000,700.000,1400.000,43.330,-50.098
4740,700.000,700.000,1400.000,43.330,-50.098
4741,700.000,700.000,1400.000,43.330,-50.098
4742,700.000,700.000,1400.000,43.330,-50.098
4743,700.000,700.000,1400.000,43.330,-50.098
4744,700.000,700.000,1400.000,43.330,-50.098
4745,700.000,700.000,1400.000,43.330,-50.098
4746,700.000,700.000,1400.000,43.330,-50.098
4747,700.000,700.000,1400.000,43.330,-50.098
4748,700.000,700.000,1400.000,43.330,-50.098
4749,700.000,700.000,1400.000,43.330,-50.098
4750,700.000,700.000,1400.000,43.330,-50.098
4751,700.000,700.000,1400.000,43.330,-50.098
4752,700.000,700.000,1400.000,43.330,-50.098
4753,700.000,700.000,1400.000,43.330,-50.098
4754,700.000,700.000,1400.000,43.330,-50.098
4755,700.000,700.000,1400.000,43.330,-50.098
4756,700.000,700.000,1400.000,43.330,-50.098
4757,700.000,700.000,1400.000,43.330,-50.098
4758,700.000,700.000,1400.000,43.330,-50.098
4759,700.000,700.000,1400.000,43.330,-50.098
4760,700.000,700.000,1400.000,43.330,-50.098
4761,700.000,700.000,1400.000,43.330,-50.098
4762,700.000,700.000,1400.000,43.330,-50.098
4763,700.000,700.000,1400.000,43.330,-50.098
4764,700.000,700.000,1400.000,43.330,-50.098
4765,700.000,700.000,1400.000,43.330,-50.098
4766,700.000,700.000,1400.000,43.330,-50.098
4767,700.000,700.000,1400.000,43.330,-50.098
4768,700.000,700.000,1400.000,43.330,-50.098
4769,700.000,700.000,1400.000,43.330,-50.098
4770,700.000,700.000,1400.000,43.330,-50.098
4771,700.000,700.000,1400.000,43.330,-50.098
4772,700.000,700.000,1400.000,43.330,-50.098
4773,700.000,700.000,1400.000,43.330,-50.098
4774,700.000,700.000,1400.000,43.330,-50.098
4775,700.000,700.000,1400.000,43.330,-50.098
4776,700.000,700.000,1400.000,43.330,-50.098
4777,700.000,700.000,1400.000,43.330,-50.098
4778,700.000,700.000,1400.000,43.330,-50.098
4779,700.000,700.000,1400.000,43.330,-50.098
4780,700.000,700.000,1400.000,43.330,-50.098
4781,700.000,700.000,1400.000,43.330,-50.098
4782,700.000,700.000,1400.000,43.330,-50.098
4783,700.000,700.000,1400.000,43.330,-50.098
4784,700.000,700.000,1400.000,43.330,-50.098
4785,700.000,700.000,1400.000,43.330,-50.098
4786,700.000,700.000,1400.000,43.330,-50.098
4787,700.000,700.000,1400.000,43.330,-50.098
4788,700.000,700.000,1400.000,43.330,-50.098
4789,700.000,700.000,1400.000,43.330,-50.098
4790,700.000,700.000,1400.000,43.330,-50.098
4791,700.000,700.000,1400.000,43.330,-50.098
4792,700.000,700.000,1400.000,43.330,-50.098
4793,700.000,700.000,1400.000,43.330,-50.098
4794,700.000,700.000,1400.000,43.330,-50.098
4795,700.000,700.000,1400.000,43.330,-50.098
4796,700.000,700.000,1400.000,43.330,-50.098
4797,700.000,700.000,1400.000,43.330,-50.098
4798,700.000,700.000,1400.000,43.330,-50.098
4799,700.000,700.000,1400.000,43.330,-50.098
4800,700.000,700.000,1400.000,43.330,-50.098
4801,700.000,700.000,1400.000,43.330,-50.098
4802,700.000,700.000,1400.000,43.330,-50.098
4803,700.000,700.000,1400.000,43.330,-50.098
4804,700.000,700.000,1400.000,43.330,-50.098
4805,700.000,700.000,1400.000,43.330,-50.098
4806,700.000,700.000,1400.000,43.330,-50.098
4807,700.000,700.000,1400.000,43.330,-50.098
4808,700.000,700.000,1400.000,43.330,-50.098
4809,700.000,700.000,1400.000,43.330,-50.098
4810,700.000,700.000,1400.000,43.330,-50.098
4811,700.000,700.000,1400.000,43.330,-50.098
4812,700.000,700.000,1400.000,43.330,-50.098
4813,700.000,700.000,1400.000,43.330,-50.098
4814,700.000,700.000,1400.000,43.330,-50.098
4815,700.000,700.000,1400.000,43.330,-50.098
4816,700.000,700.000,1400.000,43.330,-50.098
4817,700.000,700.000,1400.000,43.330,-50.098
4818,700.000,700.000,1400.000,43.330,-50.098
4819,700.000,700.000,1400.000,43.330,-50.098
4820,700.000,700.000,1400.000,43.330,-50.098
4821,700.000,700.000,1400.000,43.330,-50.098
4822,700.000,700.000,1400.000,43.330,-50.098
4823,700.000,700.000,1400.000,43.330,-50.098
4824,700.000,700.000,1400.000,43.330,-50.098
4825,700.000,700.000,1400.000,43.330,-50.098
4826,700.000,700.000,1400.000,43.330,-50.098
4827,700.000,700.000,1400.000,43.330,-50.098
4828,700.000,700.000,1400.000,43.330,-50.098
4829,700.000,700.000,1400.000,43.330,-50.098
4830,700.000,700.000,1400.000,43.330,-50.098
4831,700.000,700.000,1400.000,43.330,-50.098
4832,700.000,700.000,1400.000,43.330,-50.098
4833,700.000,700.000,1400.000,43.330,-50.098
4834,700.000,700.000,1400.000,43.330,-50.098
4835,700.000,700.000,1400.000,43.330,-50.098
4836,700.000,700.000,1400.000,43.330,-50.098
4837,700.000,700.000,1400.000,43.330,-50.098
4838,700.000,700.000,1400.000,43.330,-50.098
4839,700.000,700.000,1400.000,43.330,-50.098
4840,700.000,700.000,1400.000,43.330,-50.098
4841,700.000,700.000,1400.000,43.330,-50.098
4842,700.000,700.000,1400.000,43.330,-50.098
4843,700.000,700.000,1400.000,43.330,-50.098
4844,700.000,700.000,1400.000,43.330,-50.098
4845,700.000,700.000,1400.000,43.330,-50.098
4846,700.000,700.000,1400.000,43.330,-50.098
4847,700.000,700.000,1400.000,43.330,-50.098
4848,700.000,700.000,1400.000,43.330,-50.098
4849,700.000,700.000,1400.000,43.330,-50.098
4850,700.000,700.000,1400.000,43.330,-50.098
4851,700.000,700.000,1400.000,43.330,-50.098
4852,700.000,700.000,1400.000,43.330,-50.098
4853,700.000,700.000,1400.000,43.330,-50.098
4854,700.000,700.000,1400.000,43.330,-50.098
4855,700.000,700.000,1400.000,43.330,-50.098
4856,700.000,700.000,1400.000,43.330,-50.098
4857,700.000,700.000,1400.000,43.330,-50.098
4858,700.000,700.000,1400.000,43.330,-50.098
4859,700.000,700.000,1400.000,43.330,-50.098
4860,700.000,700.000,1400.000,43.330,-50.098
4861,700.000,700.000,1400.000,43.330,-50.098
4862,700.000,700.000,1400.000,43.330,-50.098
4863,700.000,700.000,1400.000,43.330,-50.098
4864,700.000,700.000,1400.000,43.330,-50.098
4865,700.000,700.000,1400.000,43.330,-50.098
4866,700.000,700.000,1400.000,43.330,-50.098
4867,700.000,700.000,1400.000,43.330,-50.098
4868,700.000,700.000,1400.000,43.330,-50.098
4869,700.000,700.000,1400.000,43.330,-50.098
4870,700.000,700.000,1400.000,43.330,-50.098
4871,700.000,700.000,1400.000,43.330,-50.098
4872,700.000,700.000,1400.000,43.330,-50.098
4873,700.000,700.000,1400.000,43.330,-50.098
4874,700.000,700.000,1400.000,43.330,-50.098
4875,700.000,700.000,1400.000,43.330,-50.098
4876,700.000,700.000,1400.000,43.330,-50.098
4877,700.000,700.000,1400.000,43.330,-50.098
4878,700.000,700.000,1400.000,43.330,-50.098
4879,700.000,700.000,1400.000,43.330,-50.098
4880,700.000,700.000,1400.000,43.330,-50.098
4881,700.000,700.000,1400.000,43.330,-50.098
4882,700.000,700.000,1400.000,43.330,-50.098
4883,700.000,700.000,1400.000,43.330,-50.098
4884,700.000,700.000,1400.000,43.330,-50.098
4885,700.000,700.000,1400.000,43.330,-50.098
4886,700.000,700.000,1400.000,43.330,-50.098
4887,700.000,700.000,1400.000,43.330,-50.098
4888,700.000,700.000,1400.000,43.330,-50.098
4889,700.000,700.000,1400.000,43.330,-50.098
4890,700.000,700.000,1400.000,43.330,-50.098
4891,700.000,700.000,1400.000,43.330,-50.098
4892,700.000,700.000,1400.000,43.330,-50.098
4893,700.000,700.000,1400.000,43.330,-50.098
4894,700.000,700.000,1400.000,43.330,-50.098
4895,700.000,700.000,1400.000,43.330,-50.098
4896,700.000,700.000,1400.000,43.330,-50.098
4897,700.000,700.000,1400.000,43.330,-50.098
4898,700.000,700.000,1400.000,43.330,-50.098
4899,700.000,700.000,1400.000,43.330,-50.098
4900,700.000,700.000,1400.000,43.330,-50.098
4901,700.000,700.000,1400.000,43.330,-50.098
4902,700.000,700.000,1400.000,43.330,-50.098
4903,700.000,700.000,1400.000,43.330,-50.098
4904,700.000,700.000,1400.000,43.330,-50.098
4905,700.000,700.000,1400.000,43.330,-50.098
4906,700.000,700.000,1400.000,43.330,-50.098
4907,700.000,700.000,1400.000,43.330,-50.098
4908,700.000,700.000,1400.000,43.330,-50.098
4909,700.000,700.000,1400.000,43.330,-50.098
4910,700.000,700.000,1400.000,43.330,-50.098
4911,700.000,700.000,1400.000,43.330,-50.098
4912,700.000,700.000,1400.000,43.330,-50.098
4913,700.000,700.000,1400.000,43.330,-50.098
4914,700.000,700.000,1400.000,43.330,-50.098
4915,700.000,700.000,1400.000,43.330,-50.098
4916,700.000,700.000,1400.000,43.330,-50.098
4917,700.000,700.000,1400.000,43.330,-50.098
4918,700.000,700.000,1400.000,43.330,-50.098
4919,700.000,700.000,1400.000,43.330,-50.098
4920,700.000,700.000,1400.000,43.330,-50.098
4921,700.000,700.000,1400.000,43.330,-50.098
4922,700.000,700.000,1400.000,43.330,-50.098
4923,700.000,700.000,1400.000,43.330,-50.098
4924,700.000,700.000,1400.000,43.330,-50.098
4925,700.000,700.000,1400.000,43.330,-50.098
4926,700.000,700.000,1400.000,43.330,-50.098
4927,700.000,700.000,1400.000,43.330,-50.098
4928,700.000,700.000,1400.000,43.330,-50.098
4929,700.000,700.000,1400.000,43.330,-50.098
4930,700.000,700.000,1400.000,43.330,-50.098
4931,700.000,700.000,1400.000,43.330,-50.098
4932,700.000,700.000,1400.000,43.330,-50.098
4933,700.000,700.000,1400.000,43.330,-50.098
4934,700.000,700.000,1400.000,43.330,-50.098
4935,700.000,700.000,1400.000,43.330,-50.098
4936,700.000,700.000,1400.000,43.330,-50.098
4937,700.000,700.000,1400.000,43.330,-50.098
4938,700.000,700.000,1400.000,43.330,-50.098
4939,700.000,700.000,1400.000,43.330,-50.098
4940,700.000,700.000,1400.000,43.330,-50.098
4941,700.000,700.000,1400.000,43.330,-50.098
4942,700.000,700.000,1400.000,43.330,-50.098
4943,700.000,700.000,1400.000,43.330,-50.098
4944,700.000,700.000,1400.000,43.330,-50.098
4945,700.000,700.000,1400.000,43.330,-50.098
4946,700.000,700.000,1400.000,43.330,-50.098
4947,700.000,700.000,1400.000,43.330,-50.098
4948,700.000,700.000,1400.000,43.330,-50.098
4949,700.000,700.000,1400.000,43.330,-50.098
4950,700.000,700.000,1400.000,43.330,-50.098
4951,700.000,700.000,1400.000,43.330,-50.098
4952,700.000,700.000,1400.000,43.330,-50.098
4953,700.000,700.000,1400.000,43.330,-50.098
4954,700.000,700.000,1400.000,43.330,-50.098
4955,700.000,700.000,1400.000,43.330,-50.098
4956,700.000,700.000,1400.000,43.330,-50.098
4957,700.000,700.000,1400.000,43.330,-50.098
4958,700.000,700.000,1400.000,43.330,-50.098
4959,700.000,700.000,1400.000,43.330,-50.098
4960,700.000,700.000,1400.000,43.330,-50.098
4961,700.000,700.000,1400.000,43.330,-50.098
4962,700.000,700.000,1400.000,43.330,-50.098
4963,700.000,700.000,1400.000,43.330,-50.098
4964,700.000,700.000,1400.000,43.330,-50.098
4965,700.000,700.000,1400.000,43.330,-50.098
4966,700.000,700.000,1400.000,43.330,-50.098
4967,700.000,700.000,1400.000,43.330,-50.098
4968,700.000,700.000,1400.000,43.330,-50.098
4969,700.000,700.000,1400.000,43.330,-50.098
4970,700.000,700.000,1400.000,43.330,-50.098
4971,700.000,700.000,1400.000,43.330,-50.098
4972,700.000,700.000,1400.000,43.330,-50.098
4973,700.000,700.000,1400.000,43.330,-50.098
4974,700.000,700.000,1400.000,43.330,-50.098
4975,700.000,700.000,1400.000,43.330,-50.098
4976,700.000,700.000,1400.000,43.330,-50.098
4977,700.000,700.000,1400.000,43.330,-50.098
4978,700.000,700.000,1400.000,43.330,-50.098
4979,700.000,700.000,1400.000,43.330,-50.098
4980,700.000,700.000,1400.000,43.330,-50.098
4981,700.000,700.000,1400.000,43.330,-50.098
4982,700.000,700.000,1400.000,43.330,-50.098
4983,700.000,700.000,1400.000,43.330,-50.098
4984,700.000,700.000,1400.000,43.330,-50.098
4985,700.000,700.000,1400.000,43.330,-50.098
4986,700.000,700.000,1400.000,43.330,-50.098
4987,700.000,700.000,1400.000,43.330,-50.098
4988,700.000,700.000,1400.000,43.330,-50.098
4989,700.000,700.000,1400.000,43.330,-50.098
4990,700.000,700.000,1400.000,43.330,-50.098
4991,700.000,700.000,1400.000,43.330,-50.098
4992,700.000,700.000,1400.000,43.330,-50.098
4993,700.000,700.000,1400.000,43.330,-50.098
4994,700.000,700.000,1400.000,43.330,-50.098
4995,700.000,700.000,1400.000,43.330,-50.098
4996,700.000,700.000,1400.000,43.330,-50.098
4997,700.000,700.000,1400.000,43.330,-50.098
4998,700.000,700.000,1400.000,43.330,-50.098
4999,700.000,700.000,1400.000,43.330,-50.098
5000,700.000,700.000,1400.000,43.330,-50.098
5001,700.000,700.000,1400.000,43.330,-50.098
5002,700.000,700.000,1400.000,43.330,-50.098
5003,700.000,700.000,1400.000,43.330,-50.098
5004,700.000,700.000,1400.000,43.330,-50.098
5005,700.000,700.000,1400.000,43.330,-50.098
5006,700.000,700.000,1400.000,43.330,-50.098
5007,700.000,700.000,1400.000,43.330,-50.098
5008,700.000,700.000,1400.000,43.330,-50.098
5009,700.000,700.000,1400.000,43.330,-50.098
5010,700.000,700.000,1400.000,43.330,-50.098
5011,700.000,700.000,1400.000,43.330,-50.098
5012,700.000,700.000,1400.000,43.330,-50.098
5013,700.000,700.000,1400.000,43.330,-50.098
5014,700.000,700.000,1400.000,43.330,-50.098
5015,700.000,700.000,1400.000,43.330,-50.098
5016,700.000,700.000,1400.000,43.330,-50.098
5017,700.000,700.000,1400.000,43.330,-50.098
5018,700.000,700.000,1400.000,43.330,-50.098
5019,700.000,700.000,1400.000,43.330,-50.098
5020,700.000,700.000,1400.000,43.330,-50.098
5021,700.000,700.000,1400.000,43.330,-50.098
5022,700.000,700.000,1400.000,43.330,-50.098
5023,700.000,700.000,1400.000,43.330,-50.098
5024,700.000,700.000,1400.000,43.330,-50.098
5025,700.000,700.000,1400.000,43.330,-50.098
5026,700.000,700.000,1400.000,43.330,-50.098
5027,700.000,700.000,1400.000,43.330,-50.098
5028,700.000,700.000,1400.000,43.330,-50.098
5029,700.000,700.000,1400.000,43.330,-50.098
5030,700.000,700.000,1400.000,43.330,-50.098
5031,700.000,700.000,1400.000,43.330,-50.098
5032,700.000,700.000,1400.000,43.330,-50.098
5033,700.000,700.000,1400.000,43.330,-50.098
5034,700.000,700.000,1400.000,43.330,-50.098
5035,700.000,700.000,1400.000,43.330,-50.098
5036,700.000,700.000,1400.000,43.330,-50.098
5037,700.000,700.000,1400.000,43.330,-50.098
5038,700.000,700.000,1400.000,43.330,-50.098
5039,700.000,700.000,1400.000,43.330,-50.098
5040,700.000,700.000,1400.000,43.330,-50.098
5041,700.000,700.000,1400.000,43.330,-50.098
5042,700.000,700.000,1400.000,43.330,-50.098
5043,700.000,700.000,1400.000,43.330,-50.098
5044,700.000,700.000,1400.000,43.330,-50.098
5045,700.000,700.000,1400.000,43.330,-50.098
5046,700.000,700.000,1400.000,43.330,-50.098
5047,700.000,700.000,1400.000,43.330,-50.098
5048,700.000,700.000,1400.000,43.330,-50.098
5049,700.000,700.000,1400.000,43.330,-50.098
5050,700.000,700.000,1400.000,43.330,-50.098
5051,700.000,700.000,1400.000,43.330,-50.098
5052,700.000,700.000,1400.000,43.330,-50.098
5053,700.000,700.000,1400.000,43.330,-50.098
5054,700.000,700.000,1400.000,43.330,-50.098
5055,700.000,700.000,1400.000,43.330,-50.098
5056,700.000,700.000,1400.000,43.330,-50.098
5057,700.000,700.000,1400.000,43.330,-50.098
5058,700.000,700.000,1400.000,43.330,-50.098
5059,700.000,700.000,1400.000,43.330,-50.098
5060,700.000,700.000,1400.000,43.330,-50.098
5061,700.000,700.000,1400.000,43.330,-50.098
5062,700.000,700.000,1400.000,43.330,-50.098
5063,700.000,700.000,1400.000,43.330,-50.098
5064,700.000,700.000,1400.000,43.330,-50.098
5065,700.000,700.000,1400.000,43.330,-50.098
5066,700.000,700.000,1400.000,43.330,-50.098
5067,700.000,700.000,1400.000,43.330,-50.098
5068,700.000,700.000,1400.000,43.330,-50.098
5069,700.000,700.000,1400.000,43.330,-50.098
5070,700.000,700.000,1400.000,43.330,-50.098
5071,700.000,700.000,1400.000,43.330,-50.098
5072,700.000,700.000,1400.000,43.330,-50.098
5073,700.000,700.000,1400.000,43.330,-50.098
5074,700.000,700.000,1400.000,43.330,-50.098
5075,700.000,700.000,1400.000,43.330,-50.098
5076,700.000,700.000,1400.000,43.330,-50.098
5077,700.000,700.000,1400.000,43.330,-50.098
5078,700.000,700.000,1400.000,43.330,-50.098
5079,700.000,700.000,1400.000,43.330,-50.098
5080,700.000,700.000,1400.000,43.330,-50.098
5081,700.000,700.000,1400.000,43.330,-50.098
5082,700.000,700.000,1400.000,43.330,-50.098
5083,700.000,700.000,1400.000,43.330,-50.098
5084,700.000,700.000,1400.000,43.330,-50.098
5085,700.000,700.000,1400.000,43.330,-50.098
5086,700.000,700.000,1400.000,43.330,-50.098
5087,700.000,700.000,1400.000,43.330,-50.098
5088,700.000,700.000,1400.000,43.330,-50.098
5089,700.000,700.000,1400.000,43.330,-50.098
5090,700.000,700.000,1400.000,43.330,-50.098
5091,700.000,700.000,1400.000,43.330,-50.098
5092,700.000,700.000,1400.000,43.330,-50.098
5093,700.000,700.000,1400.000,43.330,-50.098
5094,700.000,700.000,1400.000,43.330,-50.098
5095,700.000,700.000,1400.000,43.330,-50.098
5096,700.000,700.000,1400.000,43.330,-50.098
5097,700.000,700.000,1400.000,43.330,-50.098
5098,700.000,700.000,1400.000,43.330,-50.098
5099,700.000,700.000,1400.000,43.330,-50.098
5100,700.000,700.000,1400.000,43.330,-50.098
5101,700.000,700.000,1400.000,43.330,-50.098
5102,700.000,700.000,1400.000,43.330,-50.098
5103,700.000,700.000,1400.000,43.330,-50.098
5104,700.000,700.000,1400.000,43.330,-50.098
5105,700.000,700.000,1400.000,43.330,-50.098
5106,700.000,700.000,1400.000,43.330,-50.098
5107,700.000,700.000,1400.000,43.330,-50.098
5108,700.000,700.000,1400.000,43.330,-50.098
5109,700.000,700.000,1400.000,43.330,-50.098
5110,700.000,700.000,1400.000,43.330,-50.098
5111,700.000,700.000,1400.000,43.330,-50.098
5112,700.000,700.000,1400.000,43.330,-50.098
5113,700.000,700.000,1400.000,43.330,-50.098
5114,700.000,700.000,1400.000,43.330,-50.098
5115,700.000,700.000,1400.000,43.330,-50.098
5116,700.000,700.000,1400.000,43.330,-50.098
5117,700.000,700.000,1400.000,43.330,-50.098
5118,700.000,700.000,1400.000,43.330,-50.098
5119,700.000,700.000,1400.000,43.330,-50.098
5120,700.000,700.000,1400.000,43.330,-50.098
5121,700.000,700.000,1400.000,43.330,-50.098
5122,700.000,700.000,1400.000,43.330,-50.098
5123,700.000,700.000,1400.000,43.330,-50.098
5124,700.000,700.000,1400.000,43.330,-50.098
5125,700.000,700.000,1400.000,43.330,-50.098
5126,700.000,700.000,1400.000,43.330,-50.098
5127,700.000,700.000,1400.000,43.330,-50.098
5128,700.000,700.000,1400.000,43.330,-50.098
5129,700.000,700.000,1400.000,43.330,-50.098
5130,700.000,700.000,1400.000,43.330,-50.098
5131,700.000,700.000,1400.000,43.330,-50.098
5132,700.000,700.000,1400.000,43.330,-50.098
5133,700.000,700.000,1400.000,43.330,-50.098
5134,700.000,700.000,1400.000,43.330,-50.098
5135,700.000,700.000,1400.000,43.330,-50.098
5136,700.000,700.000,1400.000,43.330,-50.098
5137,700.000,700.000,1400.000,43.330,-50.098
5138,700.000,700.000,1400.000,43.330,-50.098
5139,700.000,700.000,1400.000,43.330,-50.098
5140,700.000,700.000,1400.000,43.330,-50.098
5141,700.000,700.000,1400.000,43.330,-50.098
5142,700.000,700.000,1400.000,43.330,-50.098
5143,700.000,700.000,1400.000,43.330,-50.098
5144,700.000,700.000,1400.000,43.330,-50.098
5145,700.000,700.000,1400.000,43.330,-50.098
5146,700.000,700.000,1400.000,43.330,-50.098
5147,700.000,700.000,1400.000,43.330,-50.098
5148,700.000,700.000,1400.000,43.330,-50.098
5149,700.000,700.000,1400.000,43.330,-50.098
5150,700.000,700.000,1400.000,43.330,-50.098
5151,700.000,700.000,1400.000,43.330,-50.098
5152,700.000,700.000,1400.000,43.330,-50.098
5153,700.000,700.000,1400.000,43.330,-50.098
5154,700.000,700.000,1400.000,43.330,-50.098
5155,700.000,700.000,1400.000,43.330,-50.098
5156,700.000,700.000,1400.000,43.330,-50.098
5157,700.000,700.000,1400.000,43.330,-50.098
5158,700.000,700.000,1400.000,43.330,-50.098
5159,700.000,700.000,1400.000,43.330,-50.098
5160,700.000,700.000,1400.000,43.330,-50.098
5161,700.000,700.000,1400.000,43.330,-50.098
5162,700.000,700.000,1400.000,43.330,-50.098
5163,700.000,700.000,1400.000,43.330,-50.098
5164,700.000,700.000,1400.000,43.330,-50.098
5165,700.000,700.000,1400.000,43.330,-50.098
5166,700.000,700.000,1400.000,43.330,-50.098
5167,700.000,700.000,1400.000,43.330,-50.098
5168,700.000,700.000,1400.000,43.330,-50.098
5169,700.000,700.000,1400.000,43.330,-50.098
5170,700.000,700.000,1400.000,43.330,-50.098
5171,700.000,700.000,1400.000,43.330,-50.098
5172,700.000,700.000,1400.000,43.330,-50.098
5173,700.000,700.000,1400.000,43.330,-50.098
5174,700.000,700.000,1400.000,43.330,-50.098
5175,700.000,700.000,1400.000,43.330,-50.098
5176,700.000,700.000,1400.000,43.330,-50.098
5177,700.000,700.000,1400.000,43.330,-50.098
5178,700.000,700.000,1400.000,43.330,-50.098
5179,700.000,700.000,1400.000,43.330,-50.098
5180,700.000,700.000,1400.000,43.330,-50.098
5181,700.000,700.000,1400.000,43.330,-50.098
5182,700.000,700.000,1400.000,43.330,-50.098
5183,700.000,700.000,1400.000,43.330,-50.098
5184,700.000,700.000,1400.000,43.330,-50.098
5185,700.000,700.000,1400.000,43.330,-50.098
5186,700.000,700.000,1400.000,43.330,-50.098
5187,700.000,700.000,1400.000,43.330,-50.098
5188,700.000,700.000,1400.000,43.330,-50.098
5189,700.000,700.000,1400.000,43.330,-50.098
5190,700.000,700.000,1400.000,43.330,-50.098
5191,700.000,700.000,1400.000,43.330,-50.098
5192,700.000,700.000,1400.000,43.330,-50.098
5193,700.000,700.000,1400.000,43.330,-50.098
5194,700.000,700.000,1400.000,43.330,-50.098
5195,700.000,700.000,1400.000,43.330,-50.098
5196,700.000,700.000,1400.000,43.330,-50.098
5197,700.000,700.000,1400.000,43.330,-50.098
5198,700.000,700.000,1400.000,43.330,-50.098
5199,700.000,700.000,1400.000,43.330,-50.098
5200,700.000,700.000,1400.000,43.330,-50.098
5201,700.000,700.000,1400.000,43.330,-50.098
5202,700.000,700.000,1400.000,43.330,-50.098
5203,700.000,700.000,1400.000,43.330,-50.098
5204,700.000,700.000,1400.000,43.330,-50.098
5205,700.000,700.000,1400.000,43.330,-50.098
5206,700.000,700.000,1400.000,43.330,-50.098
5207,700.000,700.000,1400.000,43.330,-50.098
5208,700.000,700.000,1400.000,43.330,-50.098
5209,700.000,700.000,1400.000,43.330,-50.098
5210,700.000,700.000,1400.000,43.330,-50.098
5211,700.000,700.000,1400.000,43.330,-50.098
5212,700.000,700.000,1400.000,43.330,-50.098
5213,700.000,700.000,1400.000,43.330,-50.098
5214,700.000,700.000,1400.000,43.330,-50.098
5215,700.000,700.000,1400.000,43.330,-50.098
5216,700.000,700.000,1400.000,43.330,-50.098
5217,700.000,700.000,1400.000,43.330,-50.098
5218,700.000,700.000,1400.000,43.330,-50.098
5219,700.000,700.000,1400.000,43.330,-50.098
5220,700.000,700.000,1400.000,43.330,-50.098
5221,700.000,700.000,1400.000,43.330,-50.098
5222,700.000,700.000,1400.000,43.330,-50.098
5223,700.000,700.000,1400.000,43.330,-50.098
5224,700.000,700.000,1400.000,43.330,-50.098
5225,700.000,700.000,1400.000,43.330,-50.098
5226,700.000,700.000,1400.000,43.330,-50.098
5227,700.000,700.000,1400.000,43.330,-50.098
5228,700.000,700.000,1400.000,43.330,-50.098
5229,700.000,700.000,1400.000,43.330,-50.098
5230,700.000,700.000,1400.000,43.330,-50.098
5231,700.000,700.000,1400.000,43.330,-50.098
5232,700.000,700.000,1400.000,43.330,-50.098
5233,700.000,700.000,1400.000,43.330,-50.098
5234,700.000,700.000,1400.000,43.330,-50.098
5235,700.000,700.000,1400.000,43.330,-50.098
5236,700.000,700.000,1400.000,43.330,-50.098
5237,700.000,700.000,1400.000,43.330,-50.098
5238,700.000,700.000,1400.000,43.330,-50.098
5239,700.000,700.000,1400.000,43.330,-50.098
5240,700.000,700.000,1400.000,43.330,-50.098
5241,700.000,700.000,1400.000,43.330,-50.098
5242,700.000,700.000,1400.000,43.330,-50.098
5243,700.000,700.000,1400.000,43.330,-50.098
5244,700.000,700.000,1400.000,43.330,-50.098
5245,700.000,700.000,1400.000,43.330,-50.098
5246,700.000,700.000,1400.000,43.330,-50.098
5247,700.000,700.000,1400.000,43.330,-50.098
5248,700.000,700.000,1400.000,43.330,-50.098
5249,700.000,700.000,1400.000,43.330,-50.098
5250,700.000,700.000,1400.000,43.330,-50.098
5251,700.000,700.000,1400.000,43.330,-50.098
5252,700.000,700.000,1400.000,43.330,-50.098
5253,700.000,700.000,1400.000,43.330,-50.098
5254,700.000,700.000,1400.000,43.330,-50.098
5255,700.000,700.000,1400.000,43.330,-50.098
5256,700.000,700.000,1400.000,43.330,-50.098
5257,700.000,700.000,1400.000,43.330,-50.098
5258,700.000,700.000,1400.000,43.330,-50.098
5259,700.000,700.000,1400.000,43.330,-50.098
5260,700.000,700.000,1400.000,43.330,-50.098
5261,700.000,700.000,1400.000,43.330,-50.098
5262,700.000,700.000,1400.000,43.330,-50.098
5263,700.000,700.000,1400.000,43.330,-50.098
5264,700.000,700.000,1400.000,43.330,-50.098
5265,700.000,700.000,1400.000,43.330,-50.098
5266,700.000,700.000,1400.000,43.330,-50.098
5267,700.000,700.000,1400.000,43.330,-50.098
5268,700.000,700.000,1400.000,43.330,-50.098
5269,700.000,700.000,1400.000,43.330,-50.098
5270,700.000,700.000,1400.000,43.330,-50.098
5271,700.000,700.000,1400.000,43.330,-50.098
5272,700.000,700.000,1400.000,43.330,-50.098
5273,700.000,700.000,1400.000,43.330,-50.098
5274,700.000,700.000,1400.000,43.330,-50.098
5275,700.000,700.000,1400.000,43.330,-50.098
5276,700.000,700.000,1400.000,43.330,-50.098
5277,700.000,700.000,1400.000,43.330,-50.098
5278,700.000,700.000,1400.000,43.330,-50.098
5279,700.000,700.000,1400.000,43.330,-50.098
5280,700.000,700.000,1400.000,43.330,-50.098
5281,700.000,700.000,1400.000,43.330,-50.098
5282,700.000,700.000,1400.000,43.330,-50.098
5283,700.000,700.000,1400.000,43.330,-50.098
5284,700.000,700.000,1400.000,43.330,-50.098
5285,700.000,700.000,1400.000,43.330,-50.098
5286,700.000,700.000,1400.000,43.330,-50.098
5287,700.000,700.000,1400.000,43.330,-50.098
5288,700.000,700.000,1400.000,43.330,-50.098
5289,700.000,700.000,1400.000,43.330,-50.098
5290,700.000,700.000,1400.000,43.330,-50.098
5291,700.000,700.000,1400.000,43.330,-50.098
5292,700.000,700.000,1400.000,43.330,-50.098
5293,700.000,700.000,1400.000,43.330,-50.098
5294,700.000,700.000,1400.000,43.330,-50.098
5295,700.000,700.000,1400.000,43.330,-50.098
5296,700.000,700.000,1400.000,43.330,-50.098
5297,700.000,700.000,1400.000,43.330,-50.098
5298,700.000,700.000,1400.000,43.330,-50.098
5299,700.000,700.000,1400.000,43.330,-50.098
5300,700.000,700.000,1400.000,43.330,-50.098
5301,700.000,700.000,1400.000,43.330,-50.098
5302,700.000,700.000,1400.000,43.330,-50.098
5303,700.000,700.000,1400.000,43.330,-50.098
5304,700.000,700.000,1400.000,43.330,-50.098
5305,700.000,700.000,1400.000,43.330,-50.098
5306,700.000,700.000,1400.000,43.330,-50.098
5307,700.000,700.000,1400.000,43.330,-50.098
5308,700.000,700.000,1400.000,43.330,-50.098
5309,700.000,700.000,1400.000,43.330,-50.098
5310,700.000,700.000,1400.000,43.330,-50.098
5311,700.000,700.000,1400.000,43.330,-50.098
5312,700.000,700.000,1400.000,43.330,-50.098
5313,700.000,700.000,1400.000,43.330,-50.098
5314,700.000,700.000,1400.000,43.330,-50.098
5315,700.000,700.000,1400.000,43.330,-50.098
5316,700.000,700.000,1400.000,43.330,-50.098
5317,700.000,700.000,1400.000,43.330,-50.098
5318,700.000,700.000,1400.000,43.330,-50.098
5319,700.000,700.000,1400.000,43.330,-50.098
5320,700.000,700.000,1400.000,43.330,-50.098
5321,700.000,700.000,1400.000,43.330,-50.098
5322,700.000,700.000,1400.000,43.330,-50.098
5323,700.000,700.000,1400.000,43.330,-50.098
5324,700.000,700.000,1400.000,43.330,-50.098
5325,700.000,700.000,1400.000,43.330,-50.098
5326,700.000,700.000,1400.000,43.330,-50.098
5327,700.000,700.000,1400.000,43.330,-50.098
5328,700.000,700.000,1400.000,43.330,-50.098
5329,700.000,700.000,1400.000,43.330,-50.098
5330,700.000,700.000,1400.000,43.330,-50.098
5331,700.000,700.000,1400.000,43.330,-50.098
5332,700.000,700.000,1400.000,43.330,-50.098
5333,700.000,700.000,1400.000,43.330,-50.098
5334,700.000,700.000,1400.000,43.330,-50.098
5335,700.000,700.000,1400.000,43.330,-50.098
5336,700.000,700.000,1400.000,43.330,-50.098
5337,700.000,700.000,1400.000,43.330,-50.098
5338,700.000,700.000,1400.000,43.330,-50.098
5339,700.000,700.000,1400.000,43.330,-50.098
5340,700.000,700.000,1400.000,43.330,-50.098
5341,700.000,700.000,1400.000,43.330,-50.098
5342,700.000,700.000,1400.000,43.330,-50.098
5343,700.000,700.000,1400.000,43.330,-50.098
5344,700.000,700.000,1400.000,43.330,-50.098
5345,700.000,700.000,1400.000,43.330,-50.098
5346,700.000,700.000,1400.000,43.330,-50.098
5347,700.000,700.000,1400.000,43.330,-50.098
5348,700.000,700.000,1400.000,43.330,-50.098
5349,700.000,700.000,1400.000,43.330,-50.098
5350,700.000,700.000,1400.000,43.330,-50.098
5351,700.000,700.000,1400.000,43.330,-50.098
5352,700.000,700.000,1400.000,43.330,-50.098
5353,700.000,700.000,1400.000,43.330,-50.098
5354,700.000,700.000,1400.000,43.330,-50.098
5355,700.000,700.000,1400.000,43.330,-50.098
5356,700.000,700.000,1400.000,43.330,-50.098
5357,700.000,700.000,1400.000,43.330,-50.098
5358,700.000,700.000,1400.000,43.330,-50.098
5359,700.000,700.000,1400.000,43.330,-50.098
5360,700.000,700.000,1400.000,43.330,-50.098
5361,700.000,700.000,1400.000,43.330,-50.098
5362,700.000,700.000,1400.000,43.330,-50.098
5363,700.000,700.000,1400.000,43.330,-50.098
5364,700.000,700.000,1400.000,43.330,-50.098
5365,700.000,700.000,1400.000,43.330,-50.098
5366,700.000,700.000,1400.000,43.330,-50.098
5367,700.000,700.000,1400.000,43.330,-50.098
5368,700.000,700.000,1400.000,43.330,-50.098
5369,700.000,700.000,1400.000,43.330,-50.098
5370,700.000,700.000,1400.000,43.330,-50.098
5371,700.000,700.000,1400.000,43.330,-50.098
5372,700.000,700.000,1400.000,43.330,-50.098
5373,700.000,700.000,1400.000,43.330,-50.098
5374,700.000,700.000,1400.000,43.330,-50.098
5375,700.000,700.000,1400.000,43.330,-50.098
5376,700.000,700.000,1400.000,43.330,-50.098
5377,700.000,700.000,1400.000,43.330,-50.098
5378,700.000,700.000,1400.000,43.330,-50.098
5379,700.000,700.000,1400.000,43.330,-50.098
5380,700.000,700.000,1400.000,43.330,-50.098
5381,700.000,700.000,1400.000,43.330,-50.098
5382,700.000,700.000,1400.000,43.330,-50.098
5383,700.000,700.000,1400.000,43.330,-50.098
5384,700.000,700.000,1400.000,43.330,-50.098
5385,700.000,700.000,1400.000,43.330,-50.098
5386,700.000,700.000,1400.000,43.330,-50.098
5387,700.000,700.000,1400.000,43.330,-50.098
5388,700.000,700.000,1400.000,43.330,-50.098
5389,700.000,700.000,1400.000,43.330,-50.098
5390,700.000,700.000,1400.000,43.330,-50.098
5391,700.000,700.000,1400.000,43.330,-50.098
5392,700.000,700.000,1400.000,43.330,-50.098
5393,700.000,700.000,1400.000,43.330,-50.098
5394,700.000,700.000,1400.000,43.330,-50.098
5395,700.000,700.000,1400.000,43.330,-50.098
5396,700.000,700.000,1400.000,43.330,-50.098
5397,700.000,700.000,1400.000,43.330,-50.098
5398,700.000,700.000,1400.000,43.330,-50.098
5399,700.000,700.000,1400.000,43.330,-50.098
5400,700.000,700.000,1400.000,43.330,-50.098
5401,700.000,700.000,1400.000,43.330,-50.098
5402,700.000,700.000,1400.000,43.330,-50.098
5403,700.000,700.000,1400.000,43.330,-50.098
5404,700.000,700.000,1400.000,43.330,-50.098
5405,700.000,700.000,1400.000,43.330,-50.098
5406,700.000,700.000,1400.000,43.330,-50.098
5407,700.000,700.000,1400.000,43.330,-50.098
5408,700.000,700.000,1400.000,43.330,-50.098
5409,700.000,700.000,1400.000,43.330,-50.098
5410,700.000,700.000,1400.000,43.330,-50.098
5411,700.000,700.000,1400.000,43.330,-50.098
5412,700.000,700.000,1400.000,43.330,-50.098
5413,700.000,700.000,1400.000,43.330,-50.098
5414,700.000,700.000,1400.000,43.330,-50.098
5415,700.000,700.000,1400.000,43.330,-50.098
5416,700.000,700.000,1400.000,43.330,-50.098
5417,700.000,700.000,1400.000,43.330,-50.098
5418,700.000,700.000,1400.000,43.330,-50.098
5419,700.000,700.000,1400.000,43.330,-50.098
5420,700.000,700.000,1400.000,43.330,-50.098
5421,700.000,700.000,1400.000,43.330,-50.098
5422,700.000,700.000,1400.000,43.330,-50.098
5423,700.000,700.000,1400.000,43.330,-50.098
5424,700.000,700.000,1400.000,43.330,-50.098
5425,700.000,700.000,1400.000,43.330,-50.098
5426,700.000,700.000,1400.000,43.330,-50.098
5427,700.000,700.000,1400.000,43.330,-50.098
5428,700.000,700.000,1400.000,43.330,-50.098
5429,700.000,700.000,1400.000,43.330,-50.098
5430,700.000,700.000,1400.000,43.330,-50.098
5431,700.000,700.000,1400.000,43.330,-50.098
5432,700.000,700.000,1400.000,43.330,-50.098
5433,700.000,700.000,1400.000,43.330,-50.098
5434,700.000,700.000,1400.000,43.330,-50.098
5435,700.000,700.000,1400.000,43.330,-50.098
5436,700.000,700.000,1400.000,43.330,-50.098
5437,700.000,700.000,1400.000,43.330,-50.098
5438,700.000,700.000,1400.000,43.330,-50.098
5439,700.000,700.000,1400.000,43.330,-50.098
5440,700.000,700.000,1400.000,43.330,-50.098
5441,700.000,700.000,1400.000,43.330,-50.098
5442,700.000,700.000,1400.000,43.330,-50.098
5443,700.000,700.000,1400.000,43.330,-50.098
5444,700.000,700.000,1400.000,43.330,-50.098
5445,700.000,700.000,1400.000,43.330,-50.098
5446,700.000,700.000,1400.000,43.330,-50.098
5447,700.000,700.000,1400.000,43.330,-50.098
5448,700.000,700.000,1400.000,43.330,-50.098
5449,700.000,700.000,1400.000,43.330,-50.098
5450,700.000,700.000,1400.000,43.330,-50.098
5451,700.000,700.000,1400.000,43.330,-50.098
5452,700.000,700.000,1400.000,43.330,-50.098
5453,700.000,700.000,1400.000,43.330,-50.098
5454,700.000,700.000,1400.000,43.330,-50.098
5455,700.000,700.000,1400.000,43.330,-50.098
5456,700.000,700.000,1400.000,43.330,-50.098
5457,700.000,700.000,1400.000,43.330,-50.098
5458,700.000,700.000,1400.000,43.330,-50.098
5459,700.000,700.000,1400.000,43.330,-50.098
5460,700.000,700.000,1400.000,43.330,-50.098
5461,700.000,700.000,1400.000,43.330,-50.098
5462,700.000,700.000,1400.000,43.330,-50.098
5463,700.000,700.000,1400.000,43.330,-50.098
5464,700.000,700.000,1400.000,43.330,-50.098
5465,700.000,700.000,1400.000,43.330,-50.098
5466,700.000,700.000,1400.000,43.330,-50.098
5467,700.000,700.000,1400.000,43.330,-50.098
5468,700.000,700.000,1400.000,43.330,-50.098
5469,700.000,700.000,1400.000,43.330,-50.098
5470,700.000,700.000,1400.000,43.330,-50.098
5471,700.000,700.000,1400.000,43.330,-50.098
5472,700.000,700.000,1400.000,43.330,-50.098
5473,700.000,700.000,1400.000,43.330,-50.098
5474,700.000,700.000,1400.000,43.330,-50.098
5475,700.000,700.000,1400.000,43.330,-50.098
5476,700.000,700.000,1400.000,43.330,-50.098
5477,700.000,700.000,1400.000,43.330,-50.098
5478,700.000,700.000,1400.000,43.330,-50.098
5479,700.000,700.000,1400.000,43.330,-50.098
5480,700.000,700.000,1400.000,43.330,-50.098
5481,700.000,700.000,1400.000,43.330,-50.098
5482,700.000,700.000,1400.000,43.330,-50.098
5483,700.000,700.000,1400.000,43.330,-50.098
5484,700.000,700.000,1400.000,43.330,-50.098
5485,700.000,700.000,1400.000,43.330,-50.098
5486,700.000,700.000,1400.000,43.330,-50.098
5487,700.000,700.000,1400.000,43.330,-50.098
5488,700.000,700.000,1400.000,43.330,-50.098
5489,700.000,700.000,1400.000,43.330,-50.098
5490,700.000,700.000,1400.000,43.330,-50.098
5491,700.000,700.000,1400.000,43.330,-50.098
5492,700.000,700.000,1400.000,43.330,-50.098
5493,700.000,700.000,1400.000,43.330,-50.098
5494,700.000,700.000,1400.000,43.330,-50.098
5495,700.000,700.000,1400.000,43.330,-50.098
5496,700.000,700.000,1400.000,43.330,-50.098
5497,700.000,700.000,1400.000,43.330,-50.098
5498,700.000,700.000,1400.000,43.330,-50.098
5499,700.000,700.000,1400.000,43.330,-50.098
5500,700.000,700.000,1400.000,43.330,-50.098
5501,700.000,700.000,1400.000,43.330,-50.098
5502,700.000,700.000,1400.000,43.330,-50.098
5503,700.000,700.000,1400.000,43.330,-50.098
5504,700.000,700.000,1400.000,43.330,-50.098
5505,700.000,700.000,1400.000,43.330,-50.098
5506,700.000,700.000,1400.000,43.330,-50.098
5507,700.000,700.000,1400.000,43.330,-50.098
5508,700.000,700.000,1400.000,43.330,-50.098
5509,700.000,700.000,1400.000,43.330,-50.098
5510,700.000,700.000,1400.000,43.330,-50.098
5511,700.000,700.000,1400.000,43.330,-50.098
5512,700.000,700.000,1400.000,43.330,-50.098
5513,700.000,700.000,1400.000,43.330,-50.098
5514,700.000,700.000,1400.000,43.330,-50.098
5515,700.000,700.000,1400.000,43.330,-50.098
5516,700.000,700.000,1400.000,43.330,-50.098
5517,700.000,700.000,1400.000,43.330,-50.098
5518,700.000,700.000,1400.000,43.330,-50.098
5519,700.000,700.000,1400.000,43.330,-50.098
5520,700.000,700.000,1400.000,43.330,-50.098
5521,700.000,700.000,1400.000,43.330,-50.098
5522,700.000,700.000,1400.000,43.330,-50.098
5523,700.000,700.000,1400.000,43.330,-50.098
5524,700.000,700.000,1400.000,43.330,-50.098
5525,700.000,700.000,1400.000,43.330,-50.098
5526,700.000,700.000,1400.000,43.330,-50.098
5527,700.000,700.000,1400.000,43.330,-50.098
5528,700.000,700.000,1400.000,43.330,-50.098
5529,700.000,700.000,1400.000,43.330,-50.098
5530,700.000,700.000,1400.000,43.330,-50.098
5531,700.000,700.000,1400.000,43.330,-50.098
5532,700.000,700.000,1400.000,43.330,-50.098
5533,700.000,700.000,1400.000,43.330,-50.098
5534,700.000,700.000,1400.000,43.330,-50.098
5535,700.000,700.000,1400.000,43.330,-50.098
5536,700.000,700.000,1400.000,43.330,-50.098
5537,700.000,700.000,1400.000,43.330,-50.098
5538,700.000,700.000,1400.000,43.330,-50.098
5539,700.000,700.000,1400.000,43.330,-50.098
5540,700.000,700.000,1400.000,43.330,-50.098
5541,700.000,700.000,1400.000,43.330,-50.098
5542,700.000,700.000,1400.000,43.330,-50.098
5543,700.000,700.000,1400.000,43.330,-50.098
5544,700.000,700.000,1400.000,43.330,-50.098
5545,700.000,700.000,1400.000,43.330,-50.098
5546,700.000,700.000,1400.000,43.330,-50.098
5547,700.000,700.000,1400.000,43.330,-50.098
5548,700.000,700.000,1400.000,43.330,-50.098
5549,700.000,700.000,1400.000,43.330,-50.098
5550,700.000,700.000,1400.000,43.330,-50.098
5551,700.000,700.000,1400.000,43.330,-50.098
5552,700.000,700.000,1400.000,43.330,-50.098
5553,700.000,700.000,1400.000,43.330,-50.098
5554,700.000,700.000,1400.000,43.330,-50.098
5555,700.000,700.000,1400.000,43.330,-50.098
5556,700.000,700.000,1400.000,43.330,-50.098
5557,700.000,700.000,1400.000,43.330,-50.098
5558,700.000,700.000,1400.000,43.330,-50.098
5559,700.000,700.000,1400.000,43.330,-50.098
5560,700.000,700.000,1400.000,43.330,-50.098
5561,700.000,700.000,1400.000,43.330,-50.098
5562,700.000,700.000,1400.000,43.330,-50.098
5563,700.000,700.000,1400.000,43.330,-50.098
5564,700.000,700.000,1400.000,43.330,-50.098
5565,700.000,700.000,1400.000,43.330,-50.098
5566,700.000,700.000,1400.000,43.330,-50.098
5567,700.000,700.000,1400.000,43.330,-50.098
5568,700.000,700.000,1400.000,43.330,-50.098
5569,700.000,700.000,1400.000,43.330,-50.098
5570,700.000,700.000,1400.000,43.330,-50.098
5571,700.000,700.000,1400.000,43.330,-50.098
5572,700.000,700.000,1400.000,43.330,-50.098
5573,700.000,700.000,1400.000,43.330,-50.098
5574,700.000,700.000,1400.000,43.330,-50.098
5575,700.000,700.000,1400.000,43.330,-50.098
5576,700.000,700.000,1400.000,43.330,-50.098
5577,700.000,700.000,1400.000,43.330,-50.098
5578,700.000,700.000,1400.000,43.330,-50.098
5579,700.000,700.000,1400.000,43.330,-50.098
5580,700.000,700.000,1400.000,43.330,-50.098
5581,700.000,700.000,1400.000,43.330,-50.098
5582,700.000,700.000,1400.000,43.330,-50.098
5583,700.000,700.000,1400.000,43.330,-50.098
5584,700.000,700.000,1400.000,43.330,-50.098
5585,700.000,700.000,1400.000,43.330,-50.098
5586,700.000,700.000,1400.000,43.330,-50.098
5587,700.000,700.000,1400.000,43.330,-50.098
5588,700.000,700.000,1400.000,43.330,-50.098
5589,700.000,700.000,1400.000,43.330,-50.098
5590,700.000,700.000,1400.000,43.330,-50.098
5591,700.000,700.000,1400.000,43.330,-50.098
5592,700.000,700.000,1400.000,43.330,-50.098
5593,700.000,700.000,1400.000,43.330,-50.098
5594,700.000,700.000,1400.000,43.330,-50.098
5595,700.000,700.000,1400.000,43.330,-50.098
5596,700.000,700.000,1400.000,43.330,-50.098
5597,700.000,700.000,1400.000,43.330,-50.098
5598,700.000,700.000,1400.000,43.330,-50.098
5599,700.000,700.000,1400.000,43.330,-50.098
5600,700.000,700.000,1400.000,43.330,-50.098
5601,700.000,700.000,1400.000,43.330,-50.098
5602,700.000,700.000,1400.000,43.330,-50.098
5603,700.000,700.000,1400.000,43.330,-50.098
5604,700.000,700.000,1400.000,43.330,-50.098
5605,700.000,700.000,1400.000,43.330,-50.098
5606,700.000,700.000,1400.000,43.330,-50.098
5607,700.000,700.000,1400.000,43.330,-50.098
5608,700.000,700.000,1400.000,43.330,-50.098
5609,700.000,700.000,1400.000,43.330,-50.098
5610,700.000,700.000,1400.000,43.330,-50.098
5611,700.000,700.000,1400.000,43.330,-50.098
5612,700.000,700.000,1400.000,43.330,-50.098
5613,700.000,700.000,1400.000,43.330,-50.098
5614,700.000,700.000,1400.000,43.330,-50.098
5615,700.000,700.000,1400.000,43.330,-50.098
5616,700.000,700.000,1400.000,43.330,-50.098
5617,700.000,700.000,1400.000,43.330,-50.098
5618,700.000,700.000,1400.000,43.330,-50.098
5619,700.000,700.000,1400.000,43.330,-50.098
5620,700.000,700.000,1400.000,43.330,-50.098
5621,700.000,700.000,1400.000,43.330,-50.098
5622,700.000,700.000,1400.000,43.330,-50.098
5623,700.000,700.000,1400.000,43.330,-50.098
5624,700.000,700.000,1400.000,43.330,-50.098
5625,700.000,700.000,1400.000,43.330,-50.098
5626,700.000,700.000,1400.000,43.330,-50.098
5627,700.000,700.000,1400.000,43.330,-50.098
5628,700.000,700.000,1400.000,43.330,-50.098
5629,700.000,700.000,1400.000,43.330,-50.098
5630,700.000,700.000,1400.000,43.330,-50.098
5631,700.000,700.000,1400.000,43.330,-50.098
5632,700.000,700.000,1400.000,43.330,-50.098
5633,700.000,700.000,1400.000,43.330,-50.098
5634,700.000,700.000,1400.000,43.330,-50.098
5635,700.000,700.000,1400.000,43.330,-50.098
5636,700.000,700.000,1400.000,43.330,-50.098
5637,700.000,700.000,1400.000,43.330,-50.098
5638,700.000,700.000,1400.000,43.330,-50.098
5639,700.000,700.000,1400.000,43.330,-50.098
5640,700.000,700.000,1400.000,43.330,-50.098
5641,700.000,700.000,1400.000,43.330,-50.098
5642,700.000,700.000,1400.000,43.330,-50.098
5643,700.000,700.000,1400.000,43.330,-50.098
5644,700.000,700.000,1400.000,43.330,-50.098
5645,700.000,700.000,1400.000,43.330,-50.098
5646,700.000,700.000,1400.000,43.330,-50.098
5647,700.000,700.000,1400.000,43.330,-50.098
5648,700.000,700.000,1400.000,43.330,-50.098
5649,700.000,700.000,1400.000,43.330,-50.098
5650,700.000,700.000,1400.000,43.330,-50.098
5651,700.000,700.000,1400.000,43.330,-50.098
5652,700.000,700.000,1400.000,43.330,-50.098
5653,700.000,700.000,1400.000,43.330,-50.098
5654,700.000,700.000,1400.000,43.330,-50.098
5655,700.000,700.000,1400.000,43.330,-50.098
5656,700.000,700.000,1400.000,43.330,-50.098
5657,700.000,700.000,1400.000,43.330,-50.098
5658,700.000,700.000,1400.000,43.330,-50.098
5659,700.000,700.000,1400.000,43.330,-50.098
5660,700.000,700.000,1400.000,43.330,-50.098
5661,700.000,700.000,1400.000,43.330,-50.098
5662,700.000,700.000,1400.000,43.330,-50.098
5663,700.000,700.000,1400.000,43.330,-50.098
5664,700.000,700.000,1400.000,43.330,-50.098
5665,700.000,700.000,1400.000,43.330,-50.098
5666,700.000,700.000,1400.000,43.330,-50.098
5667,700.000,700.000,1400.000,43.330,-50.098
5668,700.000,700.000,1400.000,43.330,-50.098
5669,700.000,700.000,1400.000,43.330,-50.098
5670,700.000,700.000,1400.000,43.330,-50.098
5671,700.000,700.000,1400.000,43.330,-50.098
5672,700.000,700.000,1400.000,43.330,-50.098
5673,700.000,700.000,1400.000,43.330,-50.098
5674,700.000,700.000,1400.000,43.330,-50.098
5675,700.000,700.000,1400.000,43.330,-50.098
5676,700.000,700.000,1400.000,43.330,-50.098
5677,700.000,700.000,1400.000,43.330,-50.098
5678,700.000,700.000,1400.000,43.330,-50.098
5679,700.000,700.000,1400.000,43.330,-50.098
5680,700.000,700.000,1400.000,43.330,-50.098
5681,700.000,700.000,1400.000,43.330,-50.098
5682,700.000,700.000,1400.000,43.330,-50.098
5683,700.000,700.000,1400.000,43.330,-50.098
5684,700.000,700.000,1400.000,43.330,-50.098
5685,700.000,700.000,1400.000,43.330,-50.098
5686,700.000,700.000,1400.000,43.330,-50.098
5687,700.000,700.000,1400.000,43.330,-50.098
5688,700.000,700.000,1400.000,43.330,-50.098
5689,700.000,700.000,1400.000,43.330,-50.098
5690,700.000,700.000,1400.000,43.330,-50.098
5691,700.000,700.000,1400.000,43.330,-50.098
5692,700.000,700.000,1400.000,43.330,-50.098
5693,700.000,700.000,1400.000,43.330,-50.098
5694,700.000,700.000,1400.000,43.330,-50.098
5695,700.000,700.000,1400.000,43.330,-50.098
5696,700.000,700.000,1400.000,43.330,-50.098
5697,700.000,700.000,1400.000,43.330,-50.098
5698,700.000,700.000,1400.000,43.330,-50.098
5699,700.000,700.000,1400.000,43.330,-50.098
5700,700.000,700.000,1400.000,43.330,-50.098
5701,700.000,700.000,1400.000,43.330,-50.098
5702,700.000,700.000,1400.000,43.330,-50.098
5703,700.000,700.000,1400.000,43.330,-50.098
5704,700.000,700.000,1400.000,43.330,-50.098
5705,700.000,700.000,1400.000,43.330,-50.098
5706,700.000,700.000,1400.000,43.330,-50.098
5707,700.000,700.000,1400.000,43.330,-50.098
5708,700.000,700.000,1400.000,43.330,-50.098
5709,700.000,700.000,1400.000,43.330,-50.098
5710,700.000,700.000,1400.000,43.330,-50.098
5711,700.000,700.000,1400.000,43.330,-50.098
5712,700.000,700.000,1400.000,43.330,-50.098
5713,700.000,700.000,1400.000,43.330,-50.098
5714,700.000,700.000,1400.000,43.330,-50.098
5715,700.000,700.000,1400.000,43.330,-50.098
5716,700.000,700.000,1400.000,43.330,-50.098
5717,700.000,700.000,1400.000,43.330,-50.098
5718,700.000,700.000,1400.000,43.330,-50.098
5719,700.000,700.000,1400.000,43.330,-50.098
5720,700.000,700.000,1400.000,43.330,-50.098
5721,700.000,700.000,1400.000,43.330,-50.098
5722,700.000,700.000,1400.000,43.330,-50.098
5723,700.000,700.000,1400.000,43.330,-50.098
5724,700.000,700.000,1400.000,43.330,-50.098
5725,700.000,700.000,1400.000,43.330,-50.098
5726,700.000,700.000,1400.000,43.330,-50.098
5727,700.000,700.000,1400.000,43.330,-50.098
5728,700.000,700.000,1400.000,43.330,-50.098
5729,700.000,700.000,1400.000,43.330,-50.098
5730,700.000,700.000,1400.000,43.330,-50.098
5731,700.000,700.000,1400.000,43.330,-50.098
5732,700.000,700.000,1400.000,43.330,-50.098
5733,700.000,700.000,1400.000,43.330,-50.098
5734,700.000,700.000,1400.000,43.330,-50.098
5735,700.000,700.000,1400.000,43.330,-50.098
5736,700.000,700.000,1400.000,43.330,-50.098
5737,700.000,700.000,1400.000,43.330,-50.098
5738,700.000,700.000,1400.000,43.330,-50.098
5739,700.000,700.000,1400.000,43.330,-50.098
5740,700.000,700.000,1400.000,43.330,-50.098
5741,700.000,700.000,1400.000,43.330,-50.098
5742,700.000,700.000,1400.000,43.330,-50.098
5743,700.000,700.000,1400.000,43.330,-50.098
5744,700.000,700.000,1400.000,43.330,-50.098
5745,700.000,700.000,1400.000,43.330,-50.098
5746,700.000,700.000,1400.000,43.330,-50.098
5747,700.000,700.000,1400.000,43.330,-50.098
5748,700.000,700.000,1400.000,43.330,-50.098
5749,700.000,700.000,1400.000,43.330,-50.098
5750,700.000,700.000,1400.000,43.330,-50.098
5751,700.000,700.000,1400.000,43.330,-50.098
5752,700.000,700.000,1400.000,43.330,-50.098
5753,700.000,700.000,1400.000,43.330,-50.098
5754,700.000,700.000,1400.000,43.330,-50.098
5755,700.000,700.000,1400.000,43.330,-50.098
5756,700.000,700.000,1400.000,43.330,-50.098
5757,700.000,700.000,1400.000,43.330,-50.098
5758,700.000,700.000,1400.000,43.330,-50.098
5759,700.000,700.000,1400.000,43.330,-50.098
5760,700.000,700.000,1400.000,43.330,-50.098
5761,700.000,700.000,1400.000,43.330,-50.098
5762,700.000,700.000,1400.000,43.330,-50.098
5763,700.000,700.000,1400.000,43.330,-50.098
5764,700.000,700.000,1400.000,43.330,-50.098
5765,700.000,700.000,1400.000,43.330,-50.098
5766,700.000,700.000,1400.000,43.330,-50.098
5767,700.000,700.000,1400.000,43.330,-50.098
5768,700.000,700.000,1400.000,43.330,-50.098
5769,700.000,700.000,1400.000,43.330,-50.098
5770,700.000,700.000,1400.000,43.330,-50.098
5771,700.000,700.000,1400.000,43.330,-50.098
5772,700.000,700.000,1400.000,43.330,-50.098
5773,700.000,700.000,1400.000,43.330,-50.098
5774,700.000,700.000,1400.000,43.330,-50.098
5775,700.000,700.000,1400.000,43.330,-50.098
5776,700.000,700.000,1400.000,43.330,-50.098
5777,700.000,700.000,1400.000,43.330,-50.098
5778,700.000,700.000,1400.000,43.330,-50.098
5779,700.000,700.000,1400.000,43.330,-50.098
5780,700.000,700.000,1400.000,43.330,-50.098
5781,700.000,700.000,1400.000,43.330,-50.098
5782,700.000,700.000,1400.000,43.330,-50.098
5783,700.000,700.000,1400.000,43.330,-50.098
5784,700.000,700.000,1400.000,43.330,-50.098
5785,700.000,700.000,1400.000,43.330,-50.098
5786,700.000,700.000,1400.000,43.330,-50.098
5787,700.000,700.000,1400.000,43.330,-50.098
5788,700.000,700.000,1400.000,43.330,-50.098
5789,700.000,700.000,1400.000,43.330,-50.098
5790,700.000,700.000,1400.000,43.330,-50.098
5791,700.000,700.000,1400.000,43.330,-50.098
5792,700.000,700.000,1400.000,43.330,-50.098
5793,700.000,700.000,1400.000,43.330,-50.098
5794,700.000,700.000,1400.000,43.330,-50.098
5795,700.000,700.000,1400.000,43.330,-50.098
5796,700.000,700.000,1400.000,43.330,-50.098
5797,700.000,700.000,1400.000,43.330,-50.098
5798,700.000,700.000,1400.000,43.330,-50.098
5799,700.000,700.000,1400.000,43.330,-50.098
5800,700.000,700.000,1400.000,43.330,-50.098
5801,700.000,700.000,1400.000,43.330,-50.098
5802,700.000,700.000,1400.000,43.330,-50.098
5803,700.000,700.000,1400.000,43.330,-50.098
5804,700.000,700.000,1400.000,43.330,-50.098
5805,700.000,700.000,1400.000,43.330,-50.098
5806,700.000,700.000,1400.000,43.330,-50.098
5807,700.000,700.000,1400.000,43.330,-50.098
5808,700.000,700.000,1400.000,43.330,-50.098
5809,700.000,700.000,1400.000,43.330,-50.098
5810,700.000,700.000,1400.000,43.330,-50.098
5811,700.000,700.000,1400.000,43.330,-50.098
5812,700.000,700.000,1400.000,43.330,-50.098
5813,700.000,700.000,1400.000,43.330,-50.098
5814,700.000,700.000,1400.000,43.330,-50.098
5815,700.000,700.000,1400.000,43.330,-50.098
5816,700.000,700.000,1400.000,43.330,-50.098
5817,700.000,700.000,1400.000,43.330,-50.098
5818,700.000,700.000,1400.000,43.330,-50.098
5819,700.000,700.000,1400.000,43.330,-50.098
5820,700.000,700.000,1400.000,43.330,-50.098
5821,700.000,700.000,1400.000,43.330,-50.098
5822,700.000,700.000,1400.000,43.330,-50.098
5823,700.000,700.000,1400.000,43.330,-50.098
5824,700.000,700.000,1400.000,43.330,-50.098
5825,700.000,700.000,1400.000,43.330,-50.098
5826,700.000,700.000,1400.000,43.330,-50.098
5827,700.000,700.000,1400.000,43.330,-50.098
5828,700.000,700.000,1400.000,43.330,-50.098
5829,700.000,700.000,1400.000,43.330,-50.098
5830,700.000,700.000,1400.000,43.330,-50.098
5831,700.000,700.000,1400.000,43.330,-50.098
5832,700.000,700.000,1400.000,43.330,-50.098
5833,700.000,700.000,1400.000,43.330,-50.098
5834,700.000,700.000,1400.000,43.330,-50.098
5835,700.000,700.000,1400.000,43.330,-50.098
5836,700.000,700.000,1400.000,43.330,-50.098
5837,700.000,700.000,1400.000,43.330,-50.098
5838,700.000,700.000,1400.000,43.330,-50.098
5839,700.000,700.000,1400.000,43.330,-50.098
5840,700.000,700.000,1400.000,43.330,-50.098
5841,700.000,700.000,1400.000,43.330,-50.098
5842,700.000,700.000,1400.000,43.330,-50.098
5843,700.000,700.000,1400.000,43.330,-50.098
5844,700.000,700.000,1400.000,43.330,-50.098
5845,700.000,700.000,1400.000,43.330,-50.098
5846,700.000,700.000,1400.000,43.330,-50.098
5847,700.000,700.000,1400.000,43.330,-50.098
5848,700.000,700.000,1400.000,43.330,-50.098
5849,700.000,700.000,1400.000,43.330,-50.098
5850,700.000,700.000,1400.000,43.330,-50.098
5851,700.000,700.000,1400.000,43.330,-50.098
5852,700.000,700.000,1400.000,43.330,-50.098
5853,700.000,700.000,1400.000,43.330,-50.098
5854,700.000,700.000,1400.000,43.330,-50.098
5855,700.000,700.000,1400.000,43.330,-50.098
5856,700.000,700.000,1400.000,43.330,-50.098
5857,700.000,700.000,1400.000,43.330,-50.098
5858,700.000,700.000,1400.000,43.330,-50.098
5859,700.000,700.000,1400.000,43.330,-50.098
5860,700.000,700.000,1400.000,43.330,-50.098
5861,700.000,700.000,1400.000,43.330,-50.098
5862,700.000,700.000,1400.000,43.330,-50.098
5863,700.000,700.000,1400.000,43.330,-50.098
5864,700.000,700.000,1400.000,43.330,-50.098
5865,700.000,700.000,1400.000,43.330,-50.098
5866,700.000,700.000,1400.000,43.330,-50.098
5867,700.000,700.000,1400.000,43.330,-50.098
5868,700.000,700.000,1400.000,43.330,-50.098
5869,700.000,700.000,1400.000,43.330,-50.098
5870,700.000,700.000,1400.000,43.330,-50.098
5871,700.000,700.000,1400.000,43.330,-50.098
5872,700.000,700.000,1400.000,43.330,-50.098
5873,700.000,700.000,1400.000,43.330,-50.098
5874,700.000,700.000,1400.000,43.330,-50.098
5875,700.000,700.000,1400.000,43.330,-50.098
5876,700.000,700.000,1400.000,43.330,-50.098
5877,700.000,700.000,1400.000,43.330,-50.098
5878,700.000,700.000,1400.000,43.330,-50.098
5879,700.000,700.000,1400.000,43.330,-50.098
5880,700.000,700.000,1400.000,43.330,-50.098
5881,700.000,700.000,1400.000,43.330,-50.098
5882,700.000,700.000,1400.000,43.330,-50.098
5883,700.000,700.000,1400.000,43.330,-50.098
5884,700.000,700.000,1400.000,43.330,-50.098
5885,700.000,700.000,1400.000,43.330,-50.098
5886,700.000,700.000,1400.000,43.330,-50.098
5887,700.000,700.000,1400.000,43.330,-50.098
5888,700.000,700.000,1400.000,43.330,-50.098
5889,700.000,700.000,1400.000,43.330,-50.098
5890,700.000,700.000,1400.000,43.330,-50.098
5891,700.000,700.000,1400.000,43.330,-50.098
5892,700.000,700.000,1400.000,43.330,-50.098
5893,700.000,700.000,1400.000,43.330,-50.098
5894,700.000,700.000,1400.000,43.330,-50.098
5895,700.000,700.000,1400.000,43.330,-50.098
5896,700.000,700.000,1400.000,43.330,-50.098
5897,700.000,700.000,1400.000,43.330,-50.098
5898,700.000,700.000,1400.000,43.330,-50.098
5899,700.000,700.000,1400.000,43.330,-50.098
5900,700.000,700.000,1400.000,43.330,-50.098
5901,700.000,700.000,1400.000,43.330,-50.098
5902,700.000,700.000,1400.000,43.330,-50.098
5903,700.000,700.000,1400.000,43.330,-50.098
5904,700.000,700.000,1400.000,43.330,-50.098
5905,700.000,700.000,1400.000,43.330,-50.098
5906,700.000,700.000,1400.000,43.330,-50.098
5907,700.000,700.000,1400.000,43.330,-50.098
5908,700.000,700.000,1400.000,43.330,-50.098
5909,700.000,700.000,1400.000,43.330,-50.098
5910,700.000,700.000,1400.000,43.330,-50.098
5911,700.000,700.000,1400.000,43.330,-50.098
5912,700.000,700.000,1400.000,43.330,-50.098
5913,700.000,700.000,1400.000,43.330,-50.098
5914,700.000,700.000,1400.000,43.330,-50.098
5915,700.000,700.000,1400.000,43.330,-50.098
5916,700.000,700.000,1400.000,43.330,-50.098
5917,700.000,700.000,1400.000,43.330,-50.098
5918,700.000,700.000,1400.000,43.330,-50.098
5919,700.000,700.000,1400.000,43.330,-50.098
5920,700.000,700.000,1400.000,43.330,-50.098
5921,700.000,700.000,1400.000,43.330,-50.098
5922,700.000,700.000,1400.000,43.330,-50.098
5923,700.000,700.000,1400.000,43.330,-50.098
5924,700.000,700.000,1400.000,43.330,-50.098
5925,700.000,700.000,1400.000,43.330,-50.098
5926,700.000,700.000,1400.000,43.330,-50.098
5927,700.000,700.000,1400.000,43.330,-50.098
5928,700.000,700.000,1400.000,43.330,-50.098
5929,700.000,700.000,1400.000,43.330,-50.098
5930,700.000,700.000,1400.000,43.330,-50.098
5931,700.000,700.000,1400.000,43.330,-50.098
5932,700.000,700.000,1400.000,43.330,-50.098
5933,700.000,700.000,1400.000,43.330,-50.098
5934,700.000,700.000,1400.000,43.330,-50.098
5935,700.000,700.000,1400.000,43.330,-50.098
5936,700.000,700.000,1400.000,43.330,-50.098
5937,700.000,700.000,1400.000,43.330,-50.098
5938,700.000,700.000,1400.000,43.330,-50.098
5939,700.000,700.000,1400.000,43.330,-50.098
5940,700.000,700.000,1400.000,43.330,-50.098
5941,700.000,700.000,1400.000,43.330,-50.098
5942,700.000,700.000,1400.000,43.330,-50.098
5943,700.000,700.000,1400.000,43.330,-50.098
5944,700.000,700.000,1400.000,43.330,-50.098
5945,700.000,700.000,1400.000,43.330,-50.098
5946,700.000,700.000,1400.000,43.330,-50.098
5947,700.000,700.000,1400.000,43.330,-50.098
5948,700.000,700.000,1400.000,43.330,-50.098
5949,700.000,700.000,1400.000,43.330,-50.098
5950,700.000,700.000,1400.000,43.330,-50.098
5951,700.000,700.000,1400.000,43.330,-50.098
5952,700.000,700.000,1400.000,43.330,-50.098
5953,700.000,700.000,1400.000,43.330,-50.098
5954,700.000,700.000,1400.000,43.330,-50.098
5955,700.000,700.000,1400.000,43.330,-50.098
5956,700.000,700.000,1400.000,43.330,-50.098
5957,700.000,700.000,1400.000,43.330,-50.098
5958,700.000,700.000,1400.000,43.330,-50.098
5959,700.000,700.000,1400.000,43.330,-50.098
5960,700.000,700.000,1400.000,43.330,-50.098
5961,700.000,700.000,1400.000,43.330,-50.098
5962,700.000,700.000,1400.000,43.330,-50.098
5963,700.000,700.000,1400.000,43.330,-50.098
5964,700.000,700.000,1400.000,43.330,-50.098
5965,700.000,700.000,1400.000,43.330,-50.098
5966,700.000,700.000,1400.000,43.330,-50.098
5967,700.000,700.000,1400.000,43.330,-50.098
5968,700.000,700.000,1400.000,43.330,-50.098
5969,700.000,700.000,1400.000,43.330,-50.098
5970,700.000,700.000,1400.000,43.330,-50.098
5971,700.000,700.000,1400.000,43.330,-50.098
5972,700.000,700.000,1400.000,43.330,-50.098
5973,700.000,700.000,1400.000,43.330,-50.098
5974,700.000,700.000,1400.000,43.330,-50.098
5975,700.000,700.000,1400.000,43.330,-50.098
5976,700.000,700.000,1400.000,43.330,-50.098
5977,700.000,700.000,1400.000,43.330,-50.098
5978,700.000,700.000,1400.000,43.330,-50.098
5979,700.000,700.000,1400.000,43.330,-50.098
5980,700.000,700.000,1400.000,43.330,-50.098
5981,700.000,700.000,1400.000,43.330,-50.098
5982,700.000,700.000,1400.000,43.330,-50.098
5983,700.000,700.000,1400.000,43.330,-50.098
5984,700.000,700.000,1400.000,43.330,-50.098
5985,700.000,700.000,1400.000,43.330,-50.098
5986,700.000,700.000,1400.000,43.330,-50.098
5987,700.000,700.000,1400.000,43.330,-50.098
5988,700.000,700.000,1400.000,43.330,-50.098
5989,700.000,700.000,1400.000,43.330,-50.098
5990,700.000,700.000,1400.000,43.330,-50.098
5991,700.000,700.000,1400.000,43.330,-50.098
5992,700.000,700.000,1400.000,43.330,-50.098
5993,700.000,700.000,1400.000,43.330,-50.098
5994,700.000,700.000,1400.000,43.330,-50.098
5995,700.000,700.000,1400.000,43.330,-50.098
5996,700.000,700.000,1400.000,43.330,-50.098
5997,700.000,700.000,1400.000,43.330,-50.098
5998,700.000,700.000,1400.000,43.330,-50.098
5999,700.000,700.000,1400.000,43.330,-50.098
6000,700.000,700.000,1400.000,43.330,-50.098
6001,700.000,700.000,1400.000,43.330,-50.098
6002,700.000,700.000,1400.000,43.330,-50.098
6003,700.000,700.000,1400.000,43.330,-50.098
6004,700.000,700.000,1400.000,43.330,-50.098
6005,700.000,700.000,1400.000,43.330,-50.098
6006,700.000,700.000,1400.000,43.330,-50.098
6007,700.000,700.000,1400.000,43.330,-50.098
6008,700.000,700.000,1400.000,43.330,-50.098
6009,700.000,700.000,1400.000,43.330,-50.098
6010,700.000,700.000,1400.000,43.330,-50.098
6011,700.000,700.000,1400.000,43.330,-50.098
6012,700.000,700.000,1400.000,43.330,-50.098
6013,700.000,700.000,1400.000,43.330,-50.098
6014,700.000,700.000,1400.000,43.330,-50.098
6015,700.000,700.000,1400.000,43.330,-50.098
6016,700.000,700.000,1400.000,43.330,-50.098
6017,700.000,700.000,1400.000,43.330,-50.098
6018,700.000,700.000,1400.000,43.330,-50.098
6019,700.000,700.000,1400.000,43.330,-50.098
6020,700.000,700.000,1400.000,43.330,-50.098
6021,700.000,700.000,1400.000,43.330,-50.098
6022,700.000,700.000,1400.000,43.330,-50.098
6023,700.000,700.000,1400.000,43.330,-50.098
6024,700.000,700.000,1400.000,43.330,-50.098
6025,700.000,700.000,1400.000,43.330,-50.098
6026,700.000,700.000,1400.000,43.330,-50.098
6027,700.000,700.000,1400.000,43.330,-50.098
6028,700.000,700.000,1400.000,43.330,-50.098
6029,700.000,700.000,1400.000,43.330,-50.098
6030,700.000,700.000,1400.000,43.330,-50.098
6031,700.000,700.000,1400.000,43.330,-50.098
6032,700.000,700.000,1400.000,43.330,-50.098
6033,700.000,700.000,1400.000,43.330,-50.098
6034,700.000,700.000,1400.000,43.330,-50.098
6035,700.000,700.000,1400.000,43.330,-50.098
6036,700.000,700.000,1400.000,43.330,-50.098
6037,700.000,700.000,1400.000,43.330,-50.098
6038,700.000,700.000,1400.000,43.330,-50.098
6039,700.000,700.000,1400.000,43.330,-50.098
6040,700.000,700.000,1400.000,43.330,-50.098
6041,700.000,700.000,1400.000,43.330,-50.098
6042,700.000,700.000,1400.000,43.330,-50.098
6043,700.000,700.000,1400.000,43.330,-50.098
6044,700.000,700.000,1400.000,43.330,-50.098
6045,700.000,700.000,1400.000,43.330,-50.098
6046,700.000,700.000,1400.000,43.330,-50.098
6047,700.000,700.000,1400.000,43.330,-50.098
6048,700.000,700.000,1400.000,43.330,-50.098
6049,700.000,700.000,1400.000,43.330,-50.098
6050,700.000,700.000,1400.000,43.330,-50.098
6051,700.000,700.000,1400.000,43.330,-50.098
6052,700.000,700.000,1400.000,43.330,-50.098
6053,700.000,700.000,1400.000,43.330,-50.098
6054,700.000,700.000,1400.000,43.330,-50.098
6055,700.000,700.000,1400.000,43.330,-50.098
6056,700.000,700.000,1400.000,43.330,-50.098
6057,700.000,700.000,1400.000,43.330,-50.098
6058,700.000,700.000,1400.000,43.330,-50.098
6059,700.000,700.000,1400.000,43.330,-50.098
6060,700.000,700.000,1400.000,43.330,-50.098
6061,700.000,700.000,1400.000,43.330,-50.098
6062,700.000,700.000,1400.000,43.330,-50.098
6063,700.000,700.000,1400.000,43.330,-50.098
6064,700.000,700.000,1400.000,43.330,-50.098
6065,700.000,700.000,1400.000,43.330,-50.098
6066,700.000,700.000,1400.000,43.330,-50.098
6067,700.000,700.000,1400.000,43.330,-50.098
6068,700.000,700.000,1400.000,43.330,-50.098
6069,700.000,700.000,1400.000,43.330,-50.098
6070,700.000,700.000,1400.000,43.330,-50.098
6071,700.000,700.000,1400.000,43.330,-50.098
6072,700.000,700.000,1400.000,43.330,-50.098
6073,700.000,700.000,1400.000,43.330,-50.098
6074,700.000,700.000,1400.000,43.330,-50.098
6075,700.000,700.000,1400.000,43.330,-50.098
6076,700.000,700.000,1400.000,43.330,-50.098
6077,700.000,700.000,1400.000,43.330,-50.098
6078,700.000,700.000,1400.000,43.330,-50.098
6079,700.000,700.000,1400.000,43.330,-50.098
6080,700.000,700.000,1400.000,43.330,-50.098
6081,700.000,700.000,1400.000,43.330,-50.098
6082,700.000,700.000,1400.000,43.330,-50.098
6083,700.000,700.000,1400.000,43.330,-50.098
6084,700.000,700.000,1400.000,43.330,-50.098
6085,700.000,700.000,1400.000,43.330,-50.098
6086,700.000,700.000,1400.000,43.330,-50.098
6087,700.000,700.000,1400.000,43.330,-50.098
6088,700.000,700.000,1400.000,43.330,-50.098
6089,700.000,700.000,1400.000,43.330,-50.098
6090,700.000,700.000,1400.000,43.330,-50.098
6091,700.000,700.000,1400.000,43.330,-50.098
6092,700.000,700.000,1400.000,43.330,-50.098
6093,700.000,700.000,1400.000,43.330,-50.098
6094,700.000,700.000,1400.000,43.330,-50.098
6095,700.000,700.000,1400.000,43.330,-50.098
6096,700.000,700.000,1400.000,43.330,-50.098
6097,700.000,700.000,1400.000,43.330,-50.098
6098,700.000,700.000,1400.000,43.330,-50.098
6099,700.000,700.000,1400.000,43.330,-50.098
6100,700.000,700.000,1400.000,43.330,-50.098
6101,700.000,700.000,1400.000,43.330,-50.098
6102,700.000,700.000,1400.000,43.330,-50.098
6103,700.000,700.000,1400.000,43.330,-50.098
6104,700.000,700.000,1400.000,43.330,-50.098
6105,700.000,700.000,1400.000,43.330,-50.098
6106,700.000,700.000,1400.000,43.330,-50.098
6107,700.000,700.000,1400.000,43.330,-50.098
6108,700.000,700.000,1400.000,43.330,-50.098
6109,700.000,700.000,1400.000,43.330,-50.098
6110,700.000,700.000,1400.000,43.330,-50.098
6111,700.000,700.000,1400.000,43.330,-50.098
6112,700.000,700.000,1400.000,43.330,-50.098
6113,700.000,700.000,1400.000,43.330,-50.098
6114,700.000,700.000,1400.000,43.330,-50.098
6115,700.000,700.000,1400.000,43.330,-50.098
6116,700.000,700.000,1400.000,43.330,-50.098
6117,700.000,700.000,1400.000,43.330,-50.098
6118,700.000,700.000,1400.000,43.330,-50.098
6119,700.000,700.000,1400.000,43.330,-50.098
6120,700.000,700.000,1400.000,43.330,-50.098
6121,700.000,700.000,1400.000,43.330,-50.098
6122,700.000,700.000,1400.000,43.330,-50.098
6123,700.000,700.000,1400.000,43.330,-50.098
6124,700.000,700.000,1400.000,43.330,-50.098
6125,700.000,700.000,1400.000,43.330,-50.098
6126,700.000,700.000,1400.000,43.330,-50.098
6127,700.000,700.000,1400.000,43.330,-50.098
6128,700.000,700.000,1400.000,43.330,-50.098
6129,700.000,700.000,1400.000,43.330,-50.098
6130,700.000,700.000,1400.000,43.330,-50.098
6131,700.000,700.000,1400.000,43.330,-50.098
6132,700.000,700.000,1400.000,43.330,-50.098
6133,700.000,700.000,1400.000,43.330,-50.098
6134,700.000,700.000,1400.000,43.330,-50.098
6135,700.000,700.000,1400.000,43.330,-50.098
6136,700.000,700.000,1400.000,43.330,-50.098
6137,700.000,700.000,1400.000,43.330,-50.098
6138,700.000,700.000,1400.000,43.330,-50.098
6139,700.000,700.000,1400.000,43.330,-50.098
6140,700.000,700.000,1400.000,43.330,-50.098
6141,700.000,700.000,1400.000,43.330,-50.098
6142,700.000,700.000,1400.000,43.330,-50.098
6143,700.000,700.000,1400.000,43.330,-50.098
6144,700.000,700.000,1400.000,43.330,-50.098
6145,700.000,700.000,1400.000,43.330,-50.098
6146,700.000,700.000,1400.000,43.330,-50.098
6147,700.000,700.000,1400.000,43.330,-50.098
6148,700.000,700.000,1400.000,43.330,-50.098
6149,700.000,700.000,1400.000,43.330,-50.098
6150,700.000,700.000,1400.000,43.330,-50.098
6151,700.000,700.000,1400.000,43.330,-50.098
6152,700.000,700.000,1400.000,43.330,-50.098
6153,700.000,700.000,1400.000,43.330,-50.098
6154,700.000,700.000,1400.000,43.330,-50.098
6155,700.000,700.000,1400.000,43.330,-50.098
6156,700.000,700.000,1400.000,43.330,-50.098
6157,700.000,700.000,1400.000,43.330,-50.098
6158,700.000,700.000,1400.000,43.330,-50.098
6159,700.000,700.000,1400.000,43.330,-50.098
6160,700.000,700.000,1400.000,43.330,-50.098
6161,700.000,700.000,1400.000,43.330,-50.098
6162,700.000,700.000,1400.000,43.330,-50.098
6163,700.000,700.000,1400.000,43.330,-50.098
6164,700.000,700.000,1400.000,43.330,-50.098
6165,700.000,700.000,1400.000,43.330,-50.098
6166,700.000,700.000,1400.000,43.330,-50.098
6167,700.000,700.000,1400.000,43.330,-50.098
6168,700.000,700.000,1400.000,43.330,-50.098
6169,700.000,700.000,1400.000,43.330,-50.098
6170,700.000,700.000,1400.000,43.330,-50.098
6171,700.000,700.000,1400.000,43.330,-50.098
6172,700.000,700.000,1400.000,43.330,-50.098
6173,700.000,700.000,1400.000,43.330,-50.098
6174,700.000,700.000,1400.000,43.330,-50.098
6175,700.000,700.000,1400.000,43.330,-50.098
6176,700.000,700.000,1400.000,43.330,-50.098
6177,700.000,700.000,1400.000,43.330,-50.098
6178,700.000,700.000,1400.000,43.330,-50.098
6179,700.000,700.000,1400.000,43.330,-50.098
6180,700.000,700.000,1400.000,43.330,-50.098
6181,700.000,700.000,1400.000,43.330,-50.098
6182,700.000,700.000,1400.000,43.330,-50.098
6183,700.000,700.000,1400.000,43.330,-50.098
6184,700.000,700.000,1400.000,43.330,-50.098
6185,700.000,700.000,1400.000,43.330,-50.098
6186,700.000,700.000,1400.000,43.330,-50.098
6187,700.000,700.000,1400.000,43.330,-50.098
6188,700.000,700.000,1400.000,43.330,-50.098
6189,700.000,700.000,1400.000,43.330,-50.098
6190,700.000,700.000,1400.000,43.330,-50.098
6191,700.000,700.000,1400.000,43.330,-50.098
6192,700.000,700.000,1400.000,43.330,-50.098
6193,700.000,700.000,1400.000,43.330,-50.098
6194,700.000,700.000,1400.000,43.330,-50.098
6195,700.000,700.000,1400.000,43.330,-50.098
6196,700.000,700.000,1400.000,43.330,-50.098
6197,700.000,700.000,1400.000,43.330,-50.098
6198,700.000,700.000,1400.000,43.330,-50.098
6199,700.000,700.000,1400.000,43.330,-50.098
6200,700.000,700.000,1400.000,43.330,-50.098
6201,700.000,700.000,1400.000,43.330,-50.098
6202,700.000,700.000,1400.000,43.330,-50.098
6203,700.000,700.000,1400.000,43.330,-50.098
6204,700.000,700.000,1400.000,43.330,-50.098
6205,700.000,700.000,1400.000,43.330,-50.098
6206,700.000,700.000,1400.000,43.330,-50.098
6207,700.000,700.000,1400.000,43.330,-50.098
6208,700.000,700.000,1400.000,43.330,-50.098
6209,700.000,700.000,1400.000,43.330,-50.098
6210,700.000,700.000,1400.000,43.330,-50.098
6211,700.000,700.000,1400.000,43.330,-50.098
6212,700.000,700.000,1400.000,43.330,-50.098
6213,700.000,700.000,1400.000,43.330,-50.098
6214,700.000,700.000,1400.000,43.330,-50.098
6215,700.000,700.000,1400.000,43.330,-50.098
6216,700.000,700.000,1400.000,43.330,-50.098
6217,700.000,700.000,1400.000,43.330,-50.098
6218,700.000,700.000,1400.000,43.330,-50.098
6219,700.000,700.000,1400.000,43.330,-50.098
6220,700.000,700.000,1400.000,43.330,-50.098
6221,700.000,700.000,1400.000,43.330,-50.098
6222,700.000,700.000,1400.000,43.330,-50.098
6223,700.000,700.000,1400.000,43.330,-50.098
6224,700.000,700.000,1400.000,43.330,-50.098
6225,700.000,700.000,1400.000,43.330,-50.098
6226,700.000,700.000,1400.000,43.330,-50.098
6227,700.000,700.000,1400.000,43.330,-50.098
6228,700.000,700.000,1400.000,43.330,-50.098
6229,700.000,700.000,1400.000,43.330,-50.098
6230,700.000,700.000,1400.000,43.330,-50.098
6231,700.000,700.000,1400.000,43.330,-50.098
6232,700.000,700.000,1400.000,43.330,-50.098
6233,700.000,700.000,1400.000,43.330,-50.098
6234,700.000,700.000,1400.000,43.330,-50.098
6235,700.000,700.000,1400.000,43.330,-50.098
6236,700.000,700.000,1400.000,43.330,-50.098
6237,700.000,700.000,1400.000,43.330,-50.098
6238,700.000,700.000,1400.000,43.330,-50.098
6239,700.000,700.000,1400.000,43.330,-50.098
6240,700.000,700.000,1400.000,43.330,-50.098
6241,700.000,700.000,1400.000,43.330,-50.098
6242,700.000,700.000,1400.000,43.330,-50.098
6243,700.000,700.000,1400.000,43.330,-50.098
6244,700.000,700.000,1400.000,43.330,-50.098
6245,700.000,700.000,1400.000,43.330,-50.098
6246,700.000,700.000,1400.000,43.330,-50.098
6247,700.000,700.000,1400.000,43.330,-50.098
6248,700.000,700.000,1400.000,43.330,-50.098
6249,700.000,700.000,1400.000,43.330,-50.098
6250,700.000,700.000,1400.000,43.330,-50.098
6251,700.000,700.000,1400.000,43.330,-50.098
6252,700.000,700.000,1400.000,43.330,-50.098
6253,700.000,700.000,1400.000,43.330,-50.098
6254,700.000,700.000,1400.000,43.330,-50.098
6255,700.000,700.000,1400.000,43.330,-50.098
6256,700.000,700.000,1400.000,43.330,-50.098
6257,700.000,700.000,1400.000,43.330,-50.098
6258,700.000,700.000,1400.000,43.330,-50.098
6259,700.000,700.000,1400.000,43.330,-50.098
6260,700.000,700.000,1400.000,43.330,-50.098
6261,700.000,700.000,1400.000,43.330,-50.098
6262,700.000,700.000,1400.000,43.330,-50.098
6263,700.000,700.000,1400.000,43.330,-50.098
6264,700.000,700.000,1400.000,43.330,-50.098
6265,700.000,700.000,1400.000,43.330,-50.098
6266,700.000,700.000,1400.000,43.330,-50.098
6267,700.000,700.000,1400.000,43.330,-50.098
6268,700.000,700.000,1400.000,43.330,-50.098
6269,700.000,700.000,1400.000,43.330,-50.098
6270,700.000,700.000,1400.000,43.330,-50.098
6271,700.000,700.000,1400.000,43.330,-50.098
6272,700.000,700.000,1400.000,43.330,-50.098
6273,700.000,700.000,1400.000,43.330,-50.098
6274,700.000,700.000,1400.000,43.330,-50.098
6275,700.000,700.000,1400.000,43.330,-50.098
6276,700.000,700.000,1400.000,43.330,-50.098
6277,700.000,700.000,1400.000,43.330,-50.098
6278,700.000,700.000,1400.000,43.330,-50.098
6279,700.000,700.000,1400.000,43.330,-50.098
6280,700.000,700.000,1400.000,43.330,-50.098
6281,700.000,700.000,1400.000,43.330,-50.098
6282,700.000,700.000,1400.000,43.330,-50.098
6283,700.000,700.000,1400.000,43.330,-50.098
6284,700.000,700.000,1400.000,43.330,-50.098
6285,700.000,700.000,1400.000,43.330,-50.098
6286,700.000,700.000,1400.000,43.330,-50.098
6287,700.000,700.000,1400.000,43.330,-50.098
6288,700.000,700.000,1400.000,43.330,-50.098
6289,700.000,700.000,1400.000,43.330,-50.098
6290,700.000,700.000,1400.000,43.330,-50.098
6291,700.000,700.000,1400.000,43.330,-50.098
6292,700.000,700.000,1400.000,43.330,-50.098
6293,700.000,700.000,1400.000,43.330,-50.098
6294,700.000,700.000,1400.000,43.330,-50.098
6295,700.000,700.000,1400.000,43.330,-50.098
6296,700.000,700.000,1400.000,43.330,-50.098
6297,700.000,700.000,1400.000,43.330,-50.098
6298,700.000,700.000,1400.000,43.330,-50.098
6299,700.000,700.000,1400.000,43.330,-50.098
6300,700.000,700.000,1400.000,43.330,-50.098
6301,700.000,700.000,1400.000,43.330,-50.098
6302,700.000,700.000,1400.000,43.330,-50.098
6303,700.000,700.000,1400.000,43.330,-50.098
6304,700.000,700.000,1400.000,43.330,-50.098
6305,700.000,700.000,1400.000,43.330,-50.098
6306,700.000,700.000,1400.000,43.330,-50.098
6307,700.000,700.000,1400.000,43.330,-50.098
6308,700.000,700.000,1400.000,43.330,-50.098
6309,700.000,700.000,1400.000,43.330,-50.098
6310,700.000,700.000,1400.000,43.330,-50.098
6311,700.000,700.000,1400.000,43.330,-50.098
6312,700.000,700.000,1400.000,43.330,-50.098
6313,700.000,700.000,1400.000,43.330,-50.098
6314,700.000,700.000,1400.000,43.330,-50.098
6315,700.000,700.000,1400.000,43.330,-50.098
6316,700.000,700.000,1400.000,43.330,-50.098
6317,700.000,700.000,1400.000,43.330,-50.098
6318,700.000,700.000,1400.000,43.330,-50.098
6319,700.000,700.000,1400.000,43.330,-50.098
6320,700.000,700.000,1400.000,43.330,-50.098
6321,700.000,700.000,1400.000,43.330,-50.098
6322,700.000,700.000,1400.000,43.330,-50.098
6323,700.000,700.000,1400.000,43.330,-50.098
6324,700.000,700.000,1400.000,43.330,-50.098
6325,700.000,700.000,1400.000,43.330,-50.098
6326,700.000,700.000,1400.000,43.330,-50.098
6327,700.000,700.000,1400.000,43.330,-50.098
6328,700.000,700.000,1400.000,43.330,-50.098
6329,700.000,700.000,1400.000,43.330,-50.098
6330,700.000,700.000,1400.000,43.330,-50.098
6331,700.000,700.000,1400.000,43.330,-50.098
6332,700.000,700.000,1400.000,43.330,-50.098
6333,700.000,700.000,1400.000,43.330,-50.098
6334,700.000,700.000,1400.000,43.330,-50.098
6335,700.000,700.000,1400.000,43.330,-50.098
6336,700.000,700.000,1400.000,43.330,-50.098
6337,700.000,700.000,1400.000,43.330,-50.098
6338,700.000,700.000,1400.000,43.330,-50.098
6339,700.000,700.000,1400.000,43.330,-50.098
6340,700.000,700.000,1400.000,43.330,-50.098
6341,700.000,700.000,1400.000,43.330,-50.098
6342,700.000,700.000,1400.000,43.330,-50.098
6343,700.000,700.000,1400.000,43.330,-50.098
6344,700.000,700.000,1400.000,43.330,-50.098
6345,700.000,700.000,1400.000,43.330,-50.098
6346,700.000,700.000,1400.000,43.330,-50.098
6347,700.000,700.000,1400.000,43.330,-50.098
6348,700.000,700.000,1400.000,43.330,-50.098
6349,700.000,700.000,1400.000,43.330,-50.098
6350,700.000,700.000,1400.000,43.330,-50.098
6351,700.000,700.000,1400.000,43.330,-50.098
6352,700.000,700.000,1400.000,43.330,-50.098
6353,700.000,700.000,1400.000,43.330,-50.098
6354,700.000,700.000,1400.000,43.330,-50.098
6355,700.000,700.000,1400.000,43.330,-50.098
6356,700.000,700.000,1400.000,43.330,-50.098
6357,700.000,700.000,1400.000,43.330,-50.098
6358,700.000,700.000,1400.000,43.330,-50.098
6359,700.000,700.000,1400.000,43.330,-50.098
6360,700.000,700.000,1400.000,43.330,-50.098
6361,700.000,700.000,1400.000,43.330,-50.098
6362,700.000,700.000,1400.000,43.330,-50.098
6363,700.000,700.000,1400.000,43.330,-50.098
6364,700.000,700.000,1400.000,43.330,-50.098
6365,700.000,700.000,1400.000,43.330,-50.098
6366,700.000,700.000,1400.000,43.330,-50.098
6367,700.000,700.000,1400.000,43.330,-50.098
6368,700.000,700.000,1400.000,43.330,-50.098
6369,700.000,700.000,1400.000,43.330,-50.098
6370,700.000,700.000,1400.000,43.330,-50.098
6371,700.000,700.000,1400.000,43.330,-50.098
6372,700.000,700.000,1400.000,43.330,-50.098
6373,700.000,700.000,1400.000,43.330,-50.098
6374,700.000,700.000,1400.000,43.330,-50.098
6375,700.000,700.000,1400.000,43.330,-50.098
6376,700.000,700.000,1400.000,43.330,-50.098
6377,700.000,700.000,1400.000,43.330,-50.098
6378,700.000,700.000,1400.000,43.330,-50.098
6379,700.000,700.000,1400.000,43.330,-50.098
6380,700.000,700.000,1400.000,43.330,-50.098
6381,700.000,700.000,1400.000,43.330,-50.098
6382,700.000,700.000,1400.000,43.330,-50.098
6383,700.000,700.000,1400.000,43.330,-50.098
6384,700.000,700.000,1400.000,43.330,-50.098
6385,700.000,700.000,1400.000,43.330,-50.098
6386,700.000,700.000,1400.000,43.330,-50.098
6387,700.000,700.000,1400.000,43.330,-50.098
6388,700.000,700.000,1400.000,43.330,-50.098
6389,700.000,700.000,1400.000,43.330,-50.098
6390,700.000,700.000,1400.000,43.330,-50.098
6391,700.000,700.000,1400.000,43.330,-50.098
6392,700.000,700.000,1400.000,43.330,-50.098
6393,700.000,700.000,1400.000,43.330,-50.098
6394,700.000,700.000,1400.000,43.330,-50.098
6395,700.000,700.000,1400.000,43.330,-50.098
6396,700.000,700.000,1400.000,43.330,-50.098
6397,700.000,700.000,1400.000,43.330,-50.098
6398,700.000,700.000,1400.000,43.330,-50.098
6399,700.000,700.000,1400.000,43.330,-50.098
6400,700.000,700.000,1400.000,43.330,-50.098
6401,700.000,700.000,1400.000,43.330,-50.098
6402,700.000,700.000,1400.000,43.330,-50.098
6403,700.000,700.000,1400.000,43.330,-50.098
6404,700.000,700.000,1400.000,43.330,-50.098
6405,700.000,700.000,1400.000,43.330,-50.098
6406,700.000,700.000,1400.000,43.330,-50.098
6407,700.000,700.000,1400.000,43.330,-50.098
6408,700.000,700.000,1400.000,43.330,-50.098
6409,700.000,700.000,1400.000,43.330,-50.098
6410,700.000,700.000,1400.000,43.330,-50.098
6411,700.000,700.000,1400.000,43.330,-50.098
6412,700.000,700.000,1400.000,43.330,-50.098
6413,700.000,700.000,1400.000,43.330,-50.098
6414,700.000,700.000,1400.000,43.330,-50.098
6415,700.000,700.000,1400.000,43.330,-50.098
6416,700.000,700.000,1400.000,43.330,-50.098
6417,700.000,700.000,1400.000,43.330,-50.098
6418,700.000,700.000,1400.000,43.330,-50.098
6419,700.000,700.000,1400.000,43.330,-50.098
6420,700.000,700.000,1400.000,43.330,-50.098
6421,700.000,700.000,1400.000,43.330,-50.098
6422,700.000,700.000,1400.000,43.330,-50.098
6423,700.000,700.000,1400.000,43.330,-50.098
6424,700.000,700.000,1400.000,43.330,-50.098
6425,700.000,700.000,1400.000,43.330,-50.098
6426,700.000,700.000,1400.000,43.330,-50.098
6427,700.000,700.000,1400.000,43.330,-50.098
6428,700.000,700.000,1400.000,43.330,-50.098
6429,700.000,700.000,1400.000,43.330,-50.098
6430,700.000,700.000,1400.000,43.330,-50.098
6431,700.000,700.000,1400.000,43.330,-50.098
6432,700.000,700.000,1400.000,43.330,-50.098
6433,700.000,700.000,1400.000,43.330,-50.098
6434,700.000,700.000,1400.000,43.330,-50.098
6435,700.000,700.000,1400.000,43.330,-50.098
6436,700.000,700.000,1400.000,43.330,-50.098
6437,700.000,700.000,1400.000,43.330,-50.098
6438,700.000,700.000,1400.000,43.330,-50.098
6439,700.000,700.000,1400.000,43.330,-50.098
6440,700.000,700.000,1400.000,43.330,-50.098
6441,700.000,700.000,1400.000,43.330,-50.098
6442,700.000,700.000,1400.000,43.330,-50.098
6443,700.000,700.000,1400.000,43.330,-50.098
6444,700.000,700.000,1400.000,43.330,-50.098
6445,700.000,700.000,1400.000,43.330,-50.098
6446,700.000,700.000,1400.000,43.330,-50.098
6447,700.000,700.000,1400.000,43.330,-50.098
6448,700.000,700.000,1400.000,43.330,-50.098
6449,700.000,700.000,1400.000,43.330,-50.098
6450,700.000,700.000,1400.000,43.330,-50.098
6451,700.000,700.000,1400.000,43.330,-50.098
6452,700.000,700.000,1400.000,43.330,-50.098
6453,700.000,700.000,1400.000,43.330,-50.098
6454,700.000,700.000,1400.000,43.330,-50.098
6455,700.000,700.000,1400.000,43.330,-50.098
6456,700.000,700.000,1400.000,43.330,-50.098
6457,700.000,700.000,1400.000,43.330,-50.098
6458,700.000,700.000,1400.000,43.330,-50.098
6459,700.000,700.000,1400.000,43.330,-50.098
6460,700.000,700.000,1400.000,43.330,-50.098
6461,700.000,700.000,1400.000,43.330,-50.098
6462,700.000,700.000,1400.000,43.330,-50.098
6463,700.000,700.000,1400.000,43.330,-50.098
6464,700.000,700.000,1400.000,43.330,-50.098
6465,700.000,700.000,1400.000,43.330,-50.098
6466,700.000,700.000,1400.000,43.330,-50.098
6467,700.000,700.000,1400.000,43.330,-50.098
6468,700.000,700.000,1400.000,43.330,-50.098
6469,700.000,700.000,1400.000,43.330,-50.098
6470,700.000,700.000,1400.000,43.330,-50.098
6471,700.000,700.000,1400.000,43.330,-50.098
6472,700.000,700.000,1400.000,43.330,-50.098
6473,700.000,700.000,1400.000,43.330,-50.098
6474,700.000,700.000,1400.000,43.330,-50.098
6475,700.000,700.000,1400.000,43.330,-50.098
6476,700.000,700.000,1400.000,43.330,-50.098
6477,700.000,700.000,1400.000,43.330,-50.098
6478,700.000,700.000,1400.000,43.330,-50.098
6479,700.000,700.000,1400.000,43.330,-50.098
6480,700.000,700.000,1400.000,43.330,-50.098
6481,700.000,700.000,1400.000,43.330,-50.098
6482,700.000,700.000,1400.000,43.330,-50.098
6483,700.000,700.000,1400.000,43.330,-50.098
6484,700.000,700.000,1400.000,43.330,-50.098
6485,700.000,700.000,1400.000,43.330,-50.098
6486,700.000,700.000,1400.000,43.330,-50.098
6487,700.000,700.000,1400.000,43.330,-50.098
6488,700.000,700.000,1400.000,43.330,-50.098
6489,700.000,700.000,1400.000,43.330,-50.098
6490,700.000,700.000,1400.000,43.330,-50.098
6491,700.000,700.000,1400.000,43.330,-50.098
6492,700.000,700.000,1400.000,43.330,-50.098
6493,700.000,700.000,1400.000,43.330,-50.098
6494,700.000,700.000,1400.000,43.330,-50.098
6495,700.000,700.000,1400.000,43.330,-50.098
6496,0.000,0.000,0.000,43.330,-50.098
6497,0.000,0.000,0.000,43.330,-50.098
6498,0.000,0.000,0.000,43.330,-50.098
6499,0.000,0.000,0.000,43.418,-50.098
6500,0.000,0.000,0.000,43.506,-50.098
6501,0.000,0.000,0.000,43.594,-50.098
6502,0.000,0.000,0.000,43.594,-50.098
6503,0.000,0.000,0.000,43.594,-50.098
6504,0.000,0.000,0.000,43.506,-50.098
6505,0.000,0.000,0.000,43.418,-50.098
6506,0.000,0.000,0.000,43.418,-50.098
6507,0.000,0.000,0.000,43.330,-50.098
6508,0.000,0.000,0.000,43.330,-50.098
6509,0.000,0.000,0.000,43.242,-50.098
6510,0.000,0.000,0.000,43.154,-50.098
6511,0.000,0.000,0.000,43.154,-50.098
6512,0.000,0.000,0.000,43.154,-50.098
6513,0.000,0.000,0.000,43.154,-50.098
6514,0.000,0.000,0.000,43.154,-50.098
6515,0.000,0.000,0.000,43.154,-50.010
6516,0.000,0.000,0.000,43.154,-50.010
6517,0.000,0.000,0.000,43.066,-49.922
6518,0.000,0.000,0.000,43.066,-49.922
6519,0.000,0.000,0.000,42.979,-49.922
6520,0.000,0.000,0.000,42.979,-49.834
6521,0.000,0.000,0.000,42.979,-49.834
6522,0.000,0.000,0.000,42.803,-49.746
6523,0.000,0.000,0.000,42.715,-49.746
6524,0.000,0.000,0.000,42.627,-49.658
6525,0.000,0.000,0.000,42.539,-49.658
6526,0.000,0.000,0.000,42.539,-49.570
6527,0.000,0.000,0.000,42.539,-49.482
6528,0.000,0.000,0.000,42.539,-49.482
6529,0.000,0.000,0.000,42.451,-49.307
6530,0.000,0.000,0.000,42.275,-49.307
6531,0.000,0.000,0.000,42.275,-49.307
6532,0.000,0.000,0.000,42.275,-49.219
6533,0.000,0.000,0.000,42.188,-49.131
6534,0.000,0.000,0.000,42.100,-49.131
6535,0.000,0.000,0.000,42.100,-48.955
6536,0.000,0.000,0.000,42.100,-48.955
6537,0.000,0.000,0.000,41.924,-48.955
6538,0.000,0.000,0.000,41.924,-48.867
6539,0.000,0.000,0.000,41.836,-48.779
6540,0.000,0.000,0.000,41.748,-48.691
6541,0.000,0.000,0.000,41.660,-48.516
6542,0.000,0.000,0.000,41.572,-48.516
6543,0.000,0.000,0.000,41.484,-48.428
6544,0.000,0.000,0.000,41.309,-48.340
6545,0.000,0.000,0.000,41.309,-48.340
6546,0.000,0.000,0.000,41.221,-48.252
6547,0.000,0.000,0.000,41.133,-48.164
6548,0.000,0.000,0.000,41.045,-48.076
6549,0.000,0.000,0.000,40.957,-47.988
6550,0.000,0.000,0.000,40.781,-47.900
6551,0.000,0.000,0.000,40.693,-47.813
6552,0.000,0.000,0.000,40.605,-47.637
6553,0.000,0.000,0.000,40.518,-47.637
6554,0.000,0.000,0.000,40.430,-47.461
6555,0.000,0.000,0.000,40.342,-47.373
6556,0.000,0.000,0.000,40.254,-47.285
6557,0.000,0.000,0.000,40.166,-47.197
6558,0.000,0.000,0.000,40.166,-47.197
6559,0.000,0.000,0.000,40.078,-47.021
6560,0.000,0.000,0.000,39.902,-46.934
6561,0.000,0.000,0.000,39.902,-46.846
6562,0.000,0.000,0.000,39.814,-46.758
6563,0.000,0.000,0.000,39.727,-46.582
6564,0.000,0.000,0.000,39.639,-46.582
6565,0.000,0.000,0.000,39.639,-46.406
6566,0.000,0.000,0.000,39.463,-46.318
6567,0.000,0.000,0.000,39.463,-46.143
6568,0.000,0.000,0.000,39.375,-46.055
6569,0.000,0.000,0.000,39.199,-45.967
6570,0.000,0.000,0.000,39.199,-45.791
6571,0.000,0.000,0.000,39.111,-45.791
6572,0.000,0.000,0.000,39.023,-45.703
6573,0.000,0.000,0.000,39.023,-45.527
6574,0.000,0.000,0.000,38.848,-45.439
6575,0.000,0.000,0.000,38.760,-45.352
6576,0.000,0.000,0.000,38.672,-45.176
6577,0.000,0.000,0.000,38.584,-45.088
6578,0.000,0.000,0.000,38.496,-45.000
6579,0.000,0.000,0.000,38.320,-44.824
6580,0.000,0.000,0.000,38.320,-44.736
6581,0.000,0.000,0.000,38.145,-44.648
6582,0.000,0.000,0.000,38.057,-44.473
6583,0.000,0.000,0.000,37.969,-44.385
6584,0.000,0.000,0.000,37.881,-44.209
6585,0.000,0.000,0.000,37.793,-44.121
6586,0.000,0.000,0.000,37.705,-44.033
6587,0.000,0.000,0.000,37.617,-43.857
6588,0.000,0.000,0.000,37.529,-43.770
6589,0.000,0.000,0.000,37.441,-43.506
6590,0.000,0.000,0.000,37.441,-43.506
6591,0.000,0.000,0.000,37.266,-43.418
6592,0.000,0.000,0.000,37.178,-43.242
6593,0.000,0.000,0.000,37.002,-43.154
6594,0.000,0.000,0.000,37.002,-42.891
6595,0.000,0.000,0.000,36.738,-42.803
6596,0.000,0.000,0.000,36.738,-42.715
6597,0.000,0.000,0.000,36.650,-42.539
6598,0.000,0.000,0.000,36.475,-42.451
6599,0.000,0.000,0.000,36.387,-42.275
6600,0.000,0.000,0.000,36.387,-42.188
6601,0.000,0.000,0.000,36.211,-41.924
6602,0.000,0.000,0.000,36.123,-41.660
6603,0.000,0.000,0.000,36.035,-41.660
6604,0.000,0.000,0.000,35.771,-41.572
6605,0.000,0.000,0.000,35.771,-41.484
6606,0.000,0.000,0.000,35.596,-41.309
6607,0.000,0.000,0.000,35.420,-41.045
6608,0.000,0.000,0.000,35.420,-41.045
6609,0.000,0.000,0.000,35.244,-40.781
6610,0.000,0.000,0.000,35.244,-40.693
6611,0.000,0.000,0.000,35.068,-40.605
6612,0.000,0.000,0.000,34.893,-40.342
6613,0.000,0.000,0.000,34.805,-40.254
6614,0.000,0.000,0.000,34.717,-40.078
6615,0.000,0.000,0.000,34.541,-39.902
6616,0.000,0.000,0.000,34.453,-39.727
6617,0.000,0.000,0.000,34.365,-39.551
6618,0.000,0.000,0.000,34.189,-39.463
6619,0.000,0.000,0.000,34.102,-39.375
6620,0.000,0.000,0.000,33.926,-39.111
6621,0.000,0.000,0.000,33.838,-38.936
6622,0.000,0.000,0.000,33.750,-38.848
6623,0.000,0.000,0.000,33.574,-38.672
6624,0.000,0.000,0.000,33.486,-38.584
6625,0.000,0.000,0.000,33.311,-38.408
6626,0.000,0.000,0.000,33.223,-38.232
6627,0.000,0.000,0.000,33.135,-38.057
6628,0.000,0.000,0.000,32.959,-37.969
6629,0.000,0.000,0.000,32.871,-37.705
6630,0.000,0.000,0.000,32.783,-37.617
6631,0.000,0.000,0.000,32.607,-37.441
6632,0.000,0.000,0.000,32.520,-37.354
6633,0.000,0.000,0.000,32.344,-37.090
6634,0.000,0.000,0.000,32.344,-37.002
6635,0.000,0.000,0.000,32.080,-36.738
6636,0.000,0.000,0.000,32.080,-36.650
6637,0.000,0.000,0.000,31.992,-36.387
6638,0.000,0.000,0.000,31.816,-36.211
6639,0.000,0.000,0.000,31.729,-36.123
6640,0.000,0.000,0.000,31.553,-35.947
6641,0.000,0.000,0.000,31.465,-35.859
6642,0.000,0.000,0.000,31.377,-35.596
6643,0.000,0.000,0.000,31.201,-35.420
6644,0.000,0.000,0.000,31.113,-35.244
6645,0.000,0.000,0.000,31.025,-35.068
6646,0.000,0.000,0.000,30.850,-34.893
6647,0.000,0.000,0.000,30.762,-34.717
6648,0.000,0.000,0.000,30.586,-34.629
6649,0.000,0.000,0.000,30.410,-34.365
6650,0.000,0.000,0.000,30.322,-34.189
6651,0.000,0.000,0.000,30.234,-34.014
6652,0.000,0.000,0.000,30.059,-33.838
6653,0.000,0.000,0.000,29.883,-33.662
6654,0.000,0.000,0.000,29.883,-33.486
6655,0.000,0.000,0.000,29.707,-33.398
6656,0.000,0.000,0.000,29.531,-33.223
6657,0.000,0.000,0.000,29.355,-33.047
6658,0.000,0.000,0.000,29.268,-32.783
6659,0.000,0.000,0.000,29.180,-32.607
6660,0.000,0.000,0.000,28.916,-32.432
6661,0.000,0.000,0.000,28.740,-32.256
6662,0.000,0.000,0.000,28.740,-32.080
6663,0.000,0.000,0.000,28.564,-31.904
6664,0.000,0.000,0.000,28.389,-31.729
6665,0.000,0.000,0.000,28.213,-31.641
6666,0.000,0.000,0.000,28.125,-31.377
6667,0.000,0.000,0.000,28.037,-31.201
6668,0.000,0.000,0.000,27.949,-31.025
6669,0.000,0.000,0.000,27.686,-30.850
6670,0.000,0.000,0.000,27.598,-30.586
6671,0.000,0.000,0.000,27.510,-30.498
6672,0.000,0.000,0.000,27.334,-30.234
6673,0.000,0.000,0.000,27.246,-30.146
6674,0.000,0.000,0.000,26.982,-29.883
6675,0.000,0.000,0.000,26.982,-29.795
6676,0.000,0.000,0.000,26.807,-29.531
6677,0.000,0.000,0.000,26.631,-29.355
6678,0.000,0.000,0.000,26.543,-29.180
6679,0.000,0.000,0.000,26.367,-29.004
6680,0.000,0.000,0.000,26.279,-28.828
6681,0.000,0.000,0.000,26.191,-28.564
6682,0.000,0.000,0.000,26.016,-28.389
6683,0.000,0.000,0.000,25.840,-28.213
6684,0.000,0.000,0.000,25.664,-28.037
6685,0.000,0.000,0.000,25.576,-27.861
6686,0.000,0.000,0.000,25.400,-27.686
6687,0.000,0.000,0.000,25.225,-27.510
6688,0.000,0.000,0.000,25.225,-27.334
6689,0.000,0.000,0.000,25.049,-27.158
6690,0.000,0.000,0.000,24.961,-26.982
6691,0.000,0.000,0.000,24.785,-26.719
6692,0.000,0.000,0.000,24.609,-26.543
6693,0.000,0.000,0.000,24.521,-26.367
6694,0.000,0.000,0.000,24.346,-26.191
6695,0.000,0.000,0.000,24.346,-26.016
6696,0.000,0.000,0.000,24.170,-25.752
6697,0.000,0.000,0.000,24.082,-25.664
6698,0.000,0.000,0.000,23.818,-25.400
6699,0.000,0.000,0.000,23.730,-25.225
6700,0.000,0.000,0.000,23.643,-25.049
6701,0.000,0.000,0.000,23.467,-24.785
6702,0.000,0.000,0.000,23.379,-24.609
6703,0.000,0.000,0.000,23.203,-24.434
6704,0.000,0.000,0.000,23.115,-24.258
6705,0.000,0.000,0.000,22.939,-24.082
6706,0.000,0.000,0.000,22.764,-23.818
6707,0.000,0.000,0.000,22.676,-23.643
6708,0.000,0.000,0.000,22.500,-23.379
6709,0.000,0.000,0.000,22.324,-23.291
6710,0.000,0.000,0.000,22.236,-23.115
6711,0.000,0.000,0.000,21.973,-22.939
6712,0.000,0.000,0.000,21.973,-22.676
6713,0.000,0.000,0.000,21.797,-22.588
6714,0.000,0.000,0.000,21.621,-22.324
6715,0.000,0.000,0.000,21.445,-22.148
6716,0.000,0.000,0.000,21.357,-21.973
6717,0.000,0.000,0.000,21.270,-21.709
6718,0.000,0.000,0.000,21.094,-21.533
6719,0.000,0.000,0.000,20.918,-21.357
6720,0.000,0.000,0.000,20.742,-21.182
6721,0.000,0.000,0.000,20.742,-21.006
6722,0.000,0.000,0.000,20.479,-20.742
6723,0.000,0.000,0.000,20.391,-20.566
6724,0.000,0.000,0.000,20.215,-20.391
6725,0.000,0.000,0.000,20.127,-20.127
6726,0.000,0.000,0.000,19.951,-20.039
6727,0.000,0.000,0.000,19.775,-19.775
6728,0.000,0.000,0.000,19.687,-19.600
6729,0.000,0.000,0.000,19.512,-19.424
6730,0.000,0.000,0.000,19.424,-19.160
6731,0.000,0.000,0.000,19.336,-18.984
6732,0.000,0.000,0.000,19.160,-18.721
6733,0.000,0.000,0.000,18.984,-18.633
6734,0.000,0.000,0.000,18.896,-18.457
6735,0.000,0.000,0.000,18.721,-18.193
6736,0.000,0.000,0.000,18.633,-18.018
6737,0.000,0.000,0.000,18.457,-17.842
6738,0.000,0.000,0.000,18.281,-17.666
6739,0.000,0.000,0.000,18.193,-17.490
6740,0.000,0.000,0.000,18.018,-17.227
6741,0.000,0.000,0.000,17.930,-17.139
6742,0.000,0.000,0.000,17.754,-16.875
6743,0.000,0.000,0.000,17.666,-16.611
6744,0.000,0.000,0.000,17.402,-16.523
6745,0.000,0.000,0.000,17.402,-16.260
6746,0.000,0.000,0.000,17.227,-16.084
6747,0.000,0.000,0.000,17.051,-15.996
6748,0.000,0.000,0.000,16.963,-15.732
6749,0.000,0.000,0.000,16.875,-15.557
6750,0.000,0.000,0.000,16.699,-15.381
6751,0.000,0.000,0.000,16.523,-15.205
6752,0.000,0.000,0.000,16.436,-14.854
6753,0.000,0.000,0.000,16.260,-14.766
6754,0.000,0.000,0.000,16.084,-14.590
6755,0.000,0.000,0.000,16.084,-14.414
6756,0.000,0.000,0.000,15.820,-14.238
6757,0.000,0.000,0.000,15.732,-14.150
6758,0.000,0.000,0.000,15.557,-13.887
6759,0.000,0.000,0.000,15.469,-13.711
6760,0.000,0.000,0.000,15.205,-13.447
6761,0.000,0.000,0.000,15.205,-13.359
6762,0.000,0.000,0.000,15.117,-13.096
6763,0.000,0.000,0.000,14.854,-12.920
6764,0.000,0.000,0.000,14.766,-12.744
6765,0.000,0.000,0.000,14.678,-12.568
6766,0.000,0.000,0.000,14.414,-12.393
6767,0.000,0.000,0.000,14.326,-12.217
6768,0.000,0.000,0.000,14.238,-12.041
6769,0.000,0.000,0.000,14.063,-11.777
6770,0.000,0.000,0.000,13.975,-11.602
6771,0.000,0.000,0.000,13.799,-11.514
6772,0.000,0.000,0.000,13.711,-11.250
6773,0.000,0.000,0.000,13.535,-11.162
6774,0.000,0.000,0.000,13.447,-10.986
6775,0.000,0.000,0.000,13.271,-10.723
6776,0.000,0.000,0.000,13.271,-10.547
6777,0.000,0.000,0.000,13.008,-10.459
6778,0.000,0.000,0.000,12.832,-10.195
6779,0.000,0.000,0.000,12.744,-10.107
6780,0.000,0.000,0.000,12.568,-9.580
6781,0.000,0.000,0.000,12.480,-9.580
6782,0.000,0.000,0.000,12.393,-9.492
6783,0.000,0.000,0.000,12.217,-9.404
6784,0.000,0.000,0.000,12.129,-9.229
6785,0.000,0.000,0.000,12.041,-8.965
6786,0.000,0.000,0.000,11.777,-8.789
6787,0.000,0.000,0.000,11.689,-8.613
6788,0.000,0.000,0.000,11.602,-8.438
6789,0.000,0.000,0.000,11.426,-8.262
6790,0.000,0.000,0.000,11.250,-8.174
6791,0.000,0.000,0.000,11.162,-7.998
6792,0.000,0.000,0.000,10.986,-7.734
6793,0.000,0.000,0.000,10.898,-7.646
6794,0.000,0.000,0.000,10.811,-7.471
6795,0.000,0.000,0.000,10.635,-7.295
6796,0.000,0.000,0.000,10.547,-7.119
6797,0.000,0.000,0.000,10.371,-6.943
6798,0.000,0.000,0.000,10.283,-6.768
6799,0.000,0.000,0.000,10.107,-6.592
6800,0.000,0.000,0.000,10.020,-6.416
6801,0.000,0.000,0.000,9.932,-6.328
6802,0.000,0.000,0.000,9.756,-6.152
6803,0.000,0.000,0.000,9.580,-5.977
6804,0.000,0.000,0.000,9.492,-5.889
6805,0.000,0.000,0.000,9.316,-5.625
6806,0.000,0.000,0.000,9.229,-5.537
6807,0.000,0.000,0.000,9.053,-5.361
6808,0.000,0.000,0.000,8.965,-5.186
6809,0.000,0.000,0.000,8.789,-5.098
6810,0.000,0.000,0.000,8.701,-4.922
6811,0.000,0.000,0.000,8.525,-4.746
6812,0.000,0.000,0.000,8.438,-4.658
6813,0.000,0.000,0.000,8.350,-4.395
6814,0.000,0.000,0.000,8.262,-4.307
6815,0.000,0.000,0.000,8.174,-4.131
6816,0.000,0.000,0.000,7.998,-4.043
6817,0.000,0.000,0.000,7.910,-3.867
6818,0.000,0.000,0.000,7.646,-3.691
6819,0.000,0.000,0.000,7.559,-3.516
6820,0.000,0.000,0.000,7.383,-3.428
6821,0.000,0.000,0.000,7.383,-3.252
6822,0.000,0.000,0.000,7.207,-3.076
6823,0.000,0.000,0.000,7.119,-2.988
6824,0.000,0.000,0.000,7.031,-2.813
6825,0.000,0.000,0.000,6.855,-2.637
6826,0.000,0.000,0.000,6.768,-2.549
6827,0.000,0.000,0.000,6.592,-2.373
6828,0.000,0.000,0.000,6.504,-2.285
6829,0.000,0.000,0.000,6.328,-2.197
6830,0.000,0.000,0.000,6.240,-2.021
6831,0.000,0.000,0.000,6.152,-1.846
6832,0.000,0.000,0.000,6.064,-1.670
6833,0.000,0.000,0.000,5.801,-1.582
6834,0.000,0.000,0.000,5.801,-1.494
6835,0.000,0.000,0.000,5.625,-1.318
6836,0.000,0.000,0.000,5.537,-1.143
6837,0.000,0.000,0.000,5.449,-1.055
6838,0.000,0.000,0.000,5.361,-0.967
6839,0.000,0.000,0.000,5.098,-0.791
6840,0.000,0.000,0.000,5.098,-0.703
6841,0.000,0.000,0.000,4.922,-0.527
6842,0.000,0.000,0.000,4.834,-0.439
6843,0.000,0.000,0.000,4.746,-0.352
6844,0.000,0.000,0.000,4.570,-0.176
6845,0.000,0.000,0.000,4.482,-0.088
6846,0.000,0.000,0.000,4.395,0.088
6847,0.000,0.000,0.000,4.307,0.176
6848,0.000,0.000,0.000,4.131,0.352
6849,0.000,0.000,0.000,4.043,0.352
6850,0.000,0.000,0.000,3.867,0.615
6851,0.000,0.000,0.000,3.867,0.615
6852,0.000,0.000,0.000,3.691,0.791
6853,0.000,0.000,0.000,3.604,0.967
6854,0.000,0.000,0.000,3.516,1.055
6855,0.000,0.000,0.000,3.428,1.143
6856,0.000,0.000,0.000,3.252,1.230
6857,0.000,0.000,0.000,3.164,1.318
6858,0.000,0.000,0.000,2.900,1.406
6859,0.000,0.000,0.000,2.813,1.582
6860,0.000,0.000,0.000,2.813,1.670
6861,0.000,0.000,0.000,2.637,1.758
6862,0.000,0.000,0.000,2.549,1.846
6863,0.000,0.000,0.000,2.461,2.021
6864,0.000,0.000,0.000,2.285,2.197
6865,0.000,0.000,0.000,2.109,2.285
6866,0.000,0.000,0.000,2.021,2.285
6867,0.000,0.000,0.000,1.934,2.461
6868,0.000,0.000,0.000,1.846,2.461
6869,0.000,0.000,0.000,1.758,2.549
6870,0.000,0.000,0.000,1.670,2.725
6871,0.000,0.000,0.000,1.582,2.813
6872,0.000,0.000,0.000,1.406,2.900
6873,0.000,0.000,0.000,1.318,3.076
6874,0.000,0.000,0.000,1.230,3.076
6875,0.000,0.000,0.000,1.055,3.164
6876,0.000,0.000,0.000,0.967,3.252
6877,0.000,0.000,0.000,0.879,3.428
6878,0.000,0.000,0.000,0.703,3.428
6879,0.000,0.000,0.000,0.615,3.516
6880,0.000,0.000,0.000,0.615,3.691
6881,0.000,0.000,0.000,0.439,3.779
6882,0.000,0.000,0.000,0.352,3.779
6883,0.000,0.000,0.000,0.264,3.867
6884,0.000,0.000,0.000,0.088,4.043
6885,0.000,0.000,0.000,0.000,4.043
6886,0.000,0.000,0.000,0.000,4.219
6887,0.000,0.000,0.000,-0.088,4.307
6888,0.000,0.000,0.000,-0.264,4.395
6889,0.000,0.000,0.000,-0.439,4.395
6890,0.000,0.000,0.000,-0.439,4.570
6891,0.000,0.000,0.000,-0.615,4.658
6892,0.000,0.000,0.000,-0.703,4.746
6893,0.000,0.000,0.000,-0.879,4.746
6894,0.000,0.000,0.000,-0.879,4.834
6895,0.000,0.000,0.000,-0.967,5.010
6896,0.000,0.000,0.000,-1.143,5.098
6897,0.000,0.000,0.000,-1.230,5.098
6898,0.000,0.000,0.000,-1.230,5.186
6899,0.000,0.000,0.000,-1.406,5.273
6900,0.000,0.000,0.000,-1.582,5.361
6901,0.000,0.000,0.000,-1.582,5.361
6902,0.000,0.000,0.000,-1.758,5.449
6903,0.000,0.000,0.000,-1.846,5.537
6904,0.000,0.000,0.000,-1.934,5.625
6905,0.000,0.000,0.000,-2.021,5.713
6906,0.000,0.000,0.000,-2.109,5.713
6907,0.000,0.000,0.000,-2.197,5.801
6908,0.000,0.000,0.000,-2.285,5.889
6909,0.000,0.000,0.000,-2.373,5.977
6910,0.000,0.000,0.000,-2.549,5.977
6911,0.000,0.000,0.000,-2.549,6.064
6912,0.000,0.000,0.000,-2.725,6.064
6913,0.000,0.000,0.000,-2.813,6.152
6914,0.000,0.000,0.000,-2.900,6.240
6915,0.000,0.000,0.000,-3.076,6.240
6916,0.000,0.000,0.000,-3.076,6.328
6917,0.000,0.000,0.000,-3.252,6.416
6918,0.000,0.000,0.000,-3.340,6.504
6919,0.000,0.000,0.000,-3.428,6.504
6920,0.000,0.000,0.000,-3.516,6.504
6921,0.000,0.000,0.000,-3.604,6.592
6922,0.000,0.000,0.000,-3.604,6.680
6923,0.000,0.000,0.000,-3.779,6.768
6924,0.000,0.000,0.000,-3.867,6.768
6925,0.000,0.000,0.000,-3.955,6.855
6926,0.000,0.000,0.000,-4.043,6.855
6927,0.000,0.000,0.000,-4.219,6.943
6928,0.000,0.000,0.000,-4.307,6.943
6929,0.000,0.000,0.000,-4.395,6.943
6930,0.000,0.000,0.000,-4.482,7.031
6931,0.000,0.000,0.000,-4.570,7.119
6932,0.000,0.000,0.000,-4.570,7.119
6933,0.000,0.000,0.000,-4.746,7.119
6934,0.000,0.000,0.000,-4.834,7.207
6935,0.000,0.000,0.000,-4.922,7.207
6936,0.000,0.000,0.000,-5.098,7.295
6937,0.000,0.000,0.000,-5.098,7.295
6938,0.000,0.000,0.000,-5.273,7.383
6939,0.000,0.000,0.000,-5.273,7.383
6940,0.000,0.000,0.000,-5.361,7.471
6941,0.000,0.000,0.000,-5.449,7.471
6942,0.000,0.000,0.000,-5.537,7.471
6943,0.000,0.000,0.000,-5.625,7.559
6944,0.000,0.000,0.000,-5.801,7.559
6945,0.000,0.000,0.000,-5.801,7.559
6946,0.000,0.000,0.000,-5.977,7.646
6947,0.000,0.000,0.000,-5.977,7.646
6948,0.000,0.000,0.000,-6.064,7.734
6949,0.000,0.000,0.000,-6.240,7.734
6950,0.000,0.000,0.000,-6.416,7.734
6951,0.000,0.000,0.000,-6.416,7.734
6952,0.000,0.000,0.000,-6.504,7.822
6953,0.000,0.000,0.000,-6.592,7.822
6954,0.000,0.000,0.000,-6.680,7.822
6955,0.000,0.000,0.000,-6.768,7.822
6956,0.000,0.000,0.000,-6.855,7.822
6957,0.000,0.000,0.000,-6.943,7.822
6958,0.000,0.000,0.000,-6.943,7.822
6959,0.000,0.000,0.000,-7.119,7.910
6960,0.000,0.000,0.000,-7.207,7.998
6961,0.000,0.000,0.000,-7.295,7.998
6962,0.000,0.000,0.000,-7.383,7.998
6963,0.000,0.000,0.000,-7.471,7.998
6964,0.000,0.000,0.000,-7.471,7.998
6965,0.000,0.000,0.000,-7.646,7.998
6966,0.000,0.000,0.000,-7.734,7.998
6967,0.000,0.000,0.000,-7.822,7.998
6968,0.000,0.000,0.000,-7.910,8.086
6969,0.000,0.000,0.000,-7.998,8.086
6970,0.000,0.000,0.000,-7.998,8.086
6971,0.000,0.000,0.000,-8.086,8.086
6972,0.000,0.000,0.000,-8.262,8.086
6973,0.000,0.000,0.000,-8.350,8.086
6974,0.000,0.000,0.000,-8.438,8.086
6975,0.000,0.000,0.000,-8.525,8.086
6976,0.000,0.000,0.000,-8.613,8.086
6977,0.000,0.000,0.000,-8.701,8.086
6978,0.000,0.000,0.000,-8.789,8.086
6979,0.000,0.000,0.000,-8.789,8.086
6980,0.000,0.000,0.000,-8.877,8.086
6981,0.000,0.000,0.000,-8.965,8.086
6982,0.000,0.000,0.000,-9.053,8.086
6983,0.000,0.000,0.000,-9.141,8.086
6984,0.000,0.000,0.000,-9.316,8.086
6985,0.000,0.000,0.000,-9.316,8.086
6986,0.000,0.000,0.000,-9.404,8.086
6987,0.000,0.000,0.000,-9.492,8.086
6988,0.000,0.000,0.000,-9.580,8.086
6989,0.000,0.000,0.000,-9.668,8.086
6990,0.000,0.000,0.000,-9.668,8.086
6991,0.000,0.000,0.000,-9.844,8.086
6992,0.000,0.000,0.000,-9.844,8.086
6993,0.000,0.000,0.000,-10.020,8.086
6994,0.000,0.000,0.000,-10.020,8.086
6995,0.000,0.000,0.000,-10.195,8.086
6996,0.000,0.000,0.000,-10.195,8.086
6997,0.000,0.000,0.000,-10.283,8.086
6998,0.000,0.000,0.000,-10.371,8.086
6999,0.000,0.000,0.000,-10.459,8.086
7000,0.000,0.000,0.000,-10.459,8.086
7001,0.000,0.000,0.000,-10.635,8.086
7002,0.000,0.000,0.000,-10.723,8.086
7003,0.000,0.000,0.000,-10.811,8.086
7004,0.000,0.000,0.000,-10.811,8.086
7005,0.000,0.000,0.000,-10.898,8.086
7006,0.000,0.000,0.000,-10.986,8.086
7007,0.000,0.000,0.000,-11.074,8.086
7008,0.000,0.000,0.000,-11.162,8.086
7009,0.000,0.000,0.000,-11.162,7.998
7010,0.000,0.000,0.000,-11.250,7.998
7011,0.000,0.000,0.000,-11.338,7.910
7012,0.000,0.000,0.000,-11.426,7.910
7013,0.000,0.000,0.000,-11.514,7.910
7014,0.000,0.000,0.000,-11.602,7.910
7015,0.000,0.000,0.000,-11.602,7.822
7016,0.000,0.000,0.000,-11.777,7.822
7017,0.000,0.000,0.000,-11.865,7.822
7018,0.000,0.000,0.000,-11.865,7.822
7019,0.000,0.000,0.000,-11.953,7.646
7020,0.000,0.000,0.000,-12.041,7.646
7021,0.000,0.000,0.000,-12.041,7.646
7022,0.000,0.000,0.000,-12.217,7.646
7023,0.000,0.000,0.000,-12.217,7.559
7024,0.000,0.000,0.000,-12.305,7.471
7025,0.000,0.000,0.000,-12.393,7.471
7026,0.000,0.000,0.000,-12.480,7.471
7027,0.000,0.000,0.000,-12.568,7.383
7028,0.000,0.000,0.000,-12.656,7.383
7029,0.000,0.000,0.000,-12.656,7.383
7030,0.000,0.000,0.000,-12.744,7.295
7031,0.000,0.000,0.000,-12.832,7.295
7032,0.000,0.000,0.000,-12.832,7.207
7033,0.000,0.000,0.000,-12.920,7.119
7034,0.000,0.000,0.000,-13.008,7.031
7035,0.000,0.000,0.000,-13.096,7.031
7036,0.000,0.000,0.000,-13.096,6.943
7037,0.000,0.000,0.000,-13.184,6.943
7038,0.000,0.000,0.000,-13.271,6.855
7039,0.000,0.000,0.000,-13.359,6.768
7040,0.000,0.000,0.000,-13.359,6.680
7041,0.000,0.000,0.000,-13.535,6.680
7042,0.000,0.000,0.000,-13.535,6.592
7043,0.000,0.000,0.000,-13.623,6.592
7044,0.000,0.000,0.000,-13.711,6.504
7045,0.000,0.000,0.000,-13.711,6.504
7046,0.000,0.000,0.000,-13.711,6.328
7047,0.000,0.000,0.000,-13.887,6.240
7048,0.000,0.000,0.000,-13.887,6.240
7049,0.000,0.000,0.000,-13.975,6.152
7050,0.000,0.000,0.000,-14.063,6.064
7051,0.000,0.000,0.000,-14.063,6.064
7052,0.000,0.000,0.000,-14.150,5.977
7053,0.000,0.000,0.000,-14.238,5.977
7054,0.000,0.000,0.000,-14.326,5.801
7055,0.000,0.000,0.000,-14.326,5.801
7056,0.000,0.000,0.000,-14.414,5.713
7057,0.000,0.000,0.000,-14.414,5.625
7058,0.000,0.000,0.000,-14.590,5.537
7059,0.000,0.000,0.000,-14.590,5.449
7060,0.000,0.000,0.000,-14.590,5.361
7061,0.000,0.000,0.000,-14.766,5.273
7062,0.000,0.000,0.000,-14.766,5.186
7063,0.000,0.000,0.000,-14.766,5.098
7064,0.000,0.000,0.000,-14.854,5.010
7065,0.000,0.000,0.000,-14.941,4.834
7066,0.000,0.000,0.000,-15.029,4.746
7067,0.000,0.000,0.000,-15.029,4.746
7068,0.000,0.000,0.000,-15.117,4.658
7069,0.000,0.000,0.000,-15.205,4.570
7070,0.000,0.000,0.000,-15.205,4.482
7071,0.000,0.000,0.000,-15.293,4.219
7072,0.000,0.000,0.000,-15.293,4.219
7073,0.000,0.000,0.000,-15.381,4.131
7074,0.000,0.000,0.000,-15.381,4.043
7075,0.000,0.000,0.000,-15.469,3.867
7076,0.000,0.000,0.000,-15.557,3.779
7077,0.000,0.000,0.000,-15.557,3.691
7078,0.000,0.000,0.000,-15.557,3.516
7079,0.000,0.000,0.000,-15.645,3.428
7080,0.000,0.000,0.000,-15.645,3.340
7081,0.000,0.000,0.000,-15.732,3.252
7082,0.000,0.000,0.000,-15.732,3.164
7083,0.000,0.000,0.000,-15.732,2.988
7084,0.000,0.000,0.000,-15.820,2.813
7085,0.000,0.000,0.000,-15.908,2.725
7086,0.000,0.000,0.000,-15.996,2.549
7087,0.000,0.000,0.000,-15.996,2.461
7088,0.000,0.000,0.000,-15.996,2.373
7089,0.000,0.000,0.000,-16.084,2.285
7090,0.000,0.000,0.000,-16.172,2.021
7091,0.000,0.000,0.000,-16.172,1.846
7092,0.000,0.000,0.000,-16.260,1.846
7093,0.000,0.000,0.000,-16.260,1.582
7094,0.000,0.000,0.000,-16.260,1.494
7095,0.000,0.000,0.000,-16.348,1.406
7096,0.000,0.000,0.000,-16.436,1.230
7097,0.000,0.000,0.000,-16.436,1.055
7098,0.000,0.000,0.000,-16.436,0.879
7099,0.000,0.000,0.000,-16.436,0.703
7100,0.000,0.000,0.000,-16.436,0.527
7101,0.000,0.000,0.000,-16.523,0.352
7102,0.000,0.000,0.000,-16.523,0.264
7103,0.000,0.000,0.000,-16.611,0.176
7104,0.000,0.000,0.000,-16.611,0.000
7105,0.000,0.000,0.000,-16.699,-0.264
7106,0.000,0.000,0.000,-16.699,-0.352
7107,0.000,0.000,0.000,-16.699,-0.527
7108,0.000,0.000,0.000,-16.787,-0.703
7109,0.000,0.000,0.000,-16.787,-0.879
7110,0.000,0.000,0.000,-16.787,-1.055
7111,0.000,0.000,0.000,-16.875,-1.230
7112,0.000,0.000,0.000,-16.875,-1.406
7113,0.000,0.000,0.000,-16.875,-1.582
7114,0.000,0.000,0.000,-16.963,-1.758
7115,0.000,0.000,0.000,-16.963,-1.934
7116,0.000,0.000,0.000,-16.963,-2.109
7117,0.000,0.000,0.000,-17.051,-2.285
7118,0.000,0.000,0.000,-17.051,-2.461
7119,0.000,0.000,0.000,-17.051,-2.725
7120,0.000,0.000,0.000,-17.051,-2.900
7121,0.000,0.000,0.000,-17.139,-3.076
7122,0.000,0.000,0.000,-17.227,-3.252
7123,0.000,0.000,0.000,-17.227,-3.428
7124,0.000,0.000,0.000,-17.227,-3.691
7125,0.000,0.000,0.000,-17.227,-3.867
7126,0.000,0.000,0.000,-17.227,-4.043
7127,0.000,0.000,0.000,-17.227,-4.307
7128,0.000,0.000,0.000,-17.227,-4.395
7129,0.000,0.000,0.000,-17.227,-4.746
7130,0.000,0.000,0.000,-17.227,-4.922
7131,0.000,0.000,0.000,-17.227,-5.010
7132,0.000,0.000,0.000,-17.314,-5.273
7133,0.000,0.000,0.000,-17.314,-5.537
7134,0.000,0.000,0.000,-17.402,-5.713
7135,0.000,0.000,0.000,-17.402,-5.889
7136,0.000,0.000,0.000,-17.402,-6.152
7137,0.000,0.000,0.000,-17.402,-6.416
7138,0.000,0.000,0.000,-17.402,-6.680
7139,0.000,0.000,0.000,-17.402,-6.855
7140,0.000,0.000,0.000,-17.402,-7.031
7141,0.000,0.000,0.000,-17.402,-7.295
7142,0.000,0.000,0.000,-17.402,-7.559
7143,0.000,0.000,0.000,-17.490,-7.734
7144,0.000,0.000,0.000,-17.490,-7.998
7145,0.000,0.000,0.000,-17.490,-8.174
7146,0.000,0.000,0.000,-17.490,-8.438
7147,0.000,0.000,0.000,-17.490,-8.613
7148,0.000,0.000,0.000,-17.490,-8.877
7149,0.000,0.000,0.000,-17.578,-9.141
7150,0.000,0.000,0.000,-17.578,-9.404
7151,0.000,0.000,0.000,-17.578,-9.580
7152,0.000,0.000,0.000,-17.578,-9.844
7153,0.000,0.000,0.000,-17.578,-10.020
7154,0.000,0.000,0.000,-17.578,-10.283
7155,0.000,0.000,0.000,-17.578,-10.635
7156,0.000,0.000,0.000,-17.578,-10.811
7157,0.000,0.000,0.000,-17.578,-11.074
7158,0.000,0.000,0.000,-17.666,-11.338
7159,0.000,0.000,0.000,-17.666,-11.602
7160,0.000,0.000,0.000,-17.666,-11.689
7161,0.000,0.000,0.000,-17.666,-12.041
7162,0.000,0.000,0.000,-17.666,-12.305
7163,0.000,0.000,0.000,-17.666,-12.568
7164,0.000,0.000,0.000,-17.666,-12.832
7165,0.000,0.000,0.000,-17.666,-13.096
7166,0.000,0.000,0.000,-17.666,-13.359
7167,0.000,0.000,0.000,-17.666,-13.623
7168,0.000,0.000,0.000,-17.666,-13.887
7169,0.000,0.000,0.000,-17.666,-14.150
7170,0.000,0.000,0.000,-17.666,-14.326
7171,0.000,0.000,0.000,-17.666,-14.678
7172,0.000,0.000,0.000,-17.666,-14.941
7173,0.000,0.000,0.000,-17.666,-15.117
7174,0.000,0.000,0.000,-17.666,-15.381
7175,0.000,0.000,0.000,-17.666,-15.645
7176,0.000,0.000,0.000,-17.666,-15.996
7177,0.000,0.000,0.000,-17.666,-16.260
7178,0.000,0.000,0.000,-17.666,-16.436
7179,0.000,0.000,0.000,-17.666,-16.699
7180,0.000,0.000,0.000,-17.666,-17.051
7181,0.000,0.000,0.000,-17.666,-17.314
7182,0.000,0.000,0.000,-17.666,-17.490
7183,0.000,0.000,0.000,-17.666,-17.842
7184,0.000,0.000,0.000,-17.666,-18.105
7185,0.000,0.000,0.000,-17.666,-18.369
7186,0.000,0.000,0.000,-17.666,-18.633
7187,0.000,0.000,0.000,-17.666,-18.896
7188,0.000,0.000,0.000,-17.666,-19.160
7189,0.000,0.000,0.000,-17.666,-19.512
7190,0.000,0.000,0.000,-17.666,-19.687
7191,0.000,0.000,0.000,-17.666,-19.951
7192,0.000,0.000,0.000,-17.666,-20.303
7193,0.000,0.000,0.000,-17.666,-20.566
7194,0.000,0.000,0.000,-17.666,-20.742
7195,0.000,0.000,0.000,-17.666,-21.094
7196,0.000,0.000,0.000,-17.666,-21.270
7197,0.000,0.000,0.000,-17.666,-21.533
7198,0.000,0.000,0.000,-17.666,-21.885
7199,0.000,0.000,0.000,-17.666,-22.061
7200,0.000,0.000,0.000,-17.666,-22.324
7201,0.000,0.000,0.000,-17.666,-22.676
7202,0.000,0.000,0.000,-17.666,-22.939
7203,0.000,0.000,0.000,-17.666,-23.203
7204,0.000,0.000,0.000,-17.666,-23.467
7205,0.000,0.000,0.000,-17.666,-23.730
7206,0.000,0.000,0.000,-17.666,-23.994
7207,0.000,0.000,0.000,-17.666,-24.170
7208,0.000,0.000,0.000,-17.666,-24.521
7209,0.000,0.000,0.000,-17.666,-24.785
7210,0.000,0.000,0.000,-17.666,-25.049
7211,0.000,0.000,0.000,-17.666,-25.225
7212,0.000,0.000,0.000,-17.666,-25.576
7213,0.000,0.000,0.000,-17.666,-25.840
7214,0.000,0.000,0.000,-17.666,-26.104
7215,0.000,0.000,0.000,-17.666,-26.367
7216,0.000,0.000,0.000,-17.666,-26.631
7217,0.000,0.000,0.000,-17.666,-26.895
7218,0.000,0.000,0.000,-17.666,-27.158
7219,0.000,0.000,0.000,-17.666,-27.334
7220,0.000,0.000,0.000,-17.666,-27.686
7221,0.000,0.000,0.000,-17.666,-27.861
7222,0.000,0.000,0.000,-17.666,-28.125
7223,0.000,0.000,0.000,-17.666,-28.389
7224,0.000,0.000,0.000,-17.666,-28.652
7225,0.000,0.000,0.000,-17.666,-29.004
7226,0.000,0.000,0.000,-17.666,-29.180
7227,0.000,0.000,0.000,-17.666,-29.531
7228,0.000,0.000,0.000,-17.666,-29.707
7229,0.000,0.000,0.000,-17.666,-29.971
7230,0.000,0.000,0.000,-17.666,-30.234
7231,0.000,0.000,0.000,-17.666,-30.586
7232,0.000,0.000,0.000,-17.666,-30.850
7233,0.000,0.000,0.000,-17.666,-31.025
7234,0.000,0.000,0.000,-17.666,-31.289
7235,0.000,0.000,0.000,-17.666,-31.465
7236,0.000,0.000,0.000,-17.666,-31.816
7237,0.000,0.000,0.000,-17.666,-31.992
7238,0.000,0.000,0.000,-17.666,-32.344
7239,0.000,0.000,0.000,-17.666,-32.607
7240,0.000,0.000,0.000,-17.666,-32.871
7241,0.000,0.000,0.000,-17.666,-33.135
7242,0.000,0.000,0.000,-17.666,-33.311
7243,0.000,0.000,0.000,-17.578,-33.574
7244,0.000,0.000,0.000,-17.578,-33.838
7245,0.000,0.000,0.000,-17.578,-34.102
7246,0.000,0.000,0.000,-17.578,-34.277
7247,0.000,0.000,0.000,-17.578,-34.541
7248,0.000,0.000,0.000,-17.578,-34.893
7249,0.000,0.000,0.000,-17.578,-35.068
7250,0.000,0.000,0.000,-17.578,-35.244
7251,0.000,0.000,0.000,-17.578,-35.508
7252,0.000,0.000,0.000,-17.578,-35.771
7253,0.000,0.000,0.000,-17.578,-36.035
7254,0.000,0.000,0.000,-17.578,-36.299
7255,0.000,0.000,0.000,-17.578,-36.563
7256,0.000,0.000,0.000,-17.490,-36.738
7257,0.000,0.000,0.000,-17.490,-37.002
7258,0.000,0.000,0.000,-17.490,-37.266
7259,0.000,0.000,0.000,-17.490,-37.529
7260,0.000,0.000,0.000,-17.490,-37.793
7261,0.000,0.000,0.000,-17.490,-37.969
7262,0.000,0.000,0.000,-17.490,-38.232
7263,0.000,0.000,0.000,-17.490,-38.408
7264,0.000,0.000,0.000,-17.490,-38.672
7265,0.000,0.000,0.000,-17.490,-38.848
7266,0.000,0.000,0.000,-17.490,-39.199
7267,0.000,0.000,0.000,-17.490,-39.463
7268,0.000,0.000,0.000,-17.490,-39.551
7269,0.000,0.000,0.000,-17.490,-39.814
7270,0.000,0.000,0.000,-17.402,-40.078
7271,0.000,0.000,0.000,-17.402,-40.254
7272,0.000,0.000,0.000,-17.402,-40.518
7273,0.000,0.000,0.000,-17.402,-40.693
7274,0.000,0.000,0.000,-17.402,-40.957
7275,0.000,0.000,0.000,-17.402,-41.221
7276,0.000,0.000,0.000,-17.402,-41.484
7277,0.000,0.000,0.000,-17.402,-41.748
7278,0.000,0.000,0.000,-17.402,-41.924
7279,0.000,0.000,0.000,-17.402,-42.100
7280,0.000,0.000,0.000,-17.402,-42.275
7281,0.000,0.000,0.000,-17.402,-42.539
7282,0.000,0.000,0.000,-17.402,-42.803
7283,0.000,0.000,0.000,-17.402,-42.979
7284,0.000,0.000,0.000,-17.402,-43.242
7285,0.000,0.000,0.000,-17.314,-43.506
7286,0.000,0.000,0.000,-17.314,-43.682
7287,0.000,0.000,0.000,-17.314,-43.857
7288,0.000,0.000,0.000,-17.314,-44.121
7289,0.000,0.000,0.000,-17.314,-44.297
7290,0.000,0.000,0.000,-17.314,-44.473
7291,0.000,0.000,0.000,-17.314,-44.824
7292,0.000,0.000,0.000,-17.314,-45.000
7293,0.000,0.000,0.000,-17.314,-45.176
7294,0.000,0.000,0.000,-17.314,-45.439
7295,0.000,0.000,0.000,-17.314,-45.703
7296,0.000,0.000,0.000,-17.314,-45.879
7297,0.000,0.000,0.000,-17.314,-46.055
7298,0.000,0.000,0.000,-17.314,-46.230
7299,0.000,0.000,0.000,-17.314,-46.406
7300,0.000,0.000,0.000,-17.314,-46.670
7301,0.000,0.000,0.000,-17.314,-46.934
7302,0.000,0.000,0.000,-17.314,-47.109
7303,0.000,0.000,0.000,-17.314,-47.285
7304,0.000,0.000,0.000,-17.314,-47.549
7305,0.000,0.000,0.000,-17.314,-47.725
7306,0.000,0.000,0.000,-17.314,-47.900
7307,0.000,0.000,0.000,-17.227,-48.164
7308,0.000,0.000,0.000,-17.227,-48.428
7309,0.000,0.000,0.000,-17.227,-48.516
7310,0.000,0.000,0.000,-17.227,-48.691
7311,0.000,0.000,0.000,-17.227,-48.955
7312,0.000,0.000,0.000,-17.227,-49.131
7313,0.000,0.000,0.000,-17.227,-49.307
7314,0.000,0.000,0.000,-17.227,-49.482
7315,0.000,0.000,0.000,-17.227,-49.746
7316,0.000,0.000,0.000,-17.227,-49.922
7317,0.000,0.000,0.000,-17.227,-50.186
7318,0.000,0.000,0.000,-17.227,-50.361
7319,0.000,0.000,0.000,-17.227,-50.537
7320,0.000,0.000,0.000,-17.227,-50.801
7321,0.000,0.000,0.000,-17.227,-50.889
7322,0.000,0.000,0.000,-17.227,-51.064
7323,0.000,0.000,0.000,-17.227,-51.328
7324,0.000,0.000,0.000,-17.227,-51.504
7325,0.000,0.000,0.000,-17.227,-51.680
7326,0.000,0.000,0.000,-17.227,-51.855
7327,0.000,0.000,0.000,-17.227,-52.031
7328,0.000,0.000,0.000,-17.227,-52.207
7329,0.000,0.000,0.000,-17.227,-52.383
7330,0.000,0.000,0.000,-17.227,-52.646
7331,0.000,0.000,0.000,-17.227,-52.822
7332,0.000,0.000,0.000,-17.227,-52.998
7333,0.000,0.000,0.000,-17.227,-53.174
7334,0.000,0.000,0.000,-17.227,-53.350
7335,0.000,0.000,0.000,-17.227,-53.525
7336,0.000,0.000,0.000,-17.227,-53.701
7337,0.000,0.000,0.000,-17.227,-53.965
7338,0.000,0.000,0.000,-17.227,-54.141
7339,0.000,0.000,0.000,-17.227,-54.316
7340,0.000,0.000,0.000,-17.227,-54.404
7341,0.000,0.000,0.000,-17.227,-54.668
7342,0.000,0.000,0.000,-17.139,-54.756
7343,0.000,0.000,0.000,-17.139,-55.020
7344,0.000,0.000,0.000,-17.139,-55.195
7345,0.000,0.000,0.000,-17.139,-55.283
7346,0.000,0.000,0.000,-17.139,-55.547
7347,0.000,0.000,0.000,-17.139,-55.723
7348,0.000,0.000,0.000,-17.139,-55.898
7349,0.000,0.000,0.000,-17.139,-55.986
7350,0.000,0.000,0.000,-17.139,-56.162
7351,0.000,0.000,0.000,-17.139,-56.426
7352,0.000,0.000,0.000,-17.139,-56.602
7353,0.000,0.000,0.000,-17.139,-56.689
7354,0.000,0.000,0.000,-17.139,-56.865
7355,0.000,0.000,0.000,-17.139,-57.041
7356,0.000,0.000,0.000,-17.139,-57.217
7357,0.000,0.000,0.000,-17.139,-57.393
7358,0.000,0.000,0.000,-17.139,-57.568
7359,0.000,0.000,0.000,-17.139,-57.744
7360,0.000,0.000,0.000,-17.139,-57.920
7361,0.000,0.000,0.000,-17.139,-58.096
7362,0.000,0.000,0.000,-17.139,-58.271
7363,0.000,0.000,0.000,-17.139,-58.447
7364,0.000,0.000,0.000,-17.139,-58.535
7365,0.000,0.000,0.000,-17.139,-58.711
7366,0.000,0.000,0.000,-17.139,-58.887
7367,0.000,0.000,0.000,-17.139,-59.063
7368,0.000,0.000,0.000,-17.139,-59.150
7369,0.000,0.000,0.000,-17.139,-59.326
7370,0.000,0.000,0.000,-17.139,-59.502
7371,0.000,0.000,0.000,-17.139,-59.678
7372,0.000,0.000,0.000,-17.139,-59.854
7373,0.000,0.000,0.000,-17.139,-60.029
7374,0.000,0.000,0.000,-17.139,-60.117
7375,0.000,0.000,0.000,-17.139,-60.293
7376,0.000,0.000,0.000,-17.139,-60.469
7377,0.000,0.000,0.000,-17.139,-60.645
7378,0.000,0.000,0.000,-17.051,-60.820
7379,0.000,0.000,0.000,-17.051,-60.908
7380,0.000,0.000,0.000,-17.051,-61.084
7381,0.000,0.000,0.000,-17.051,-61.260
7382,0.000,0.000,0.000,-17.051,-61.348
7383,0.000,0.000,0.000,-17.051,-61.523
7384,0.000,0.000,0.000,-17.051,-61.699
7385,0.000,0.000,0.000,-17.051,-61.875
7386,0.000,0.000,0.000,-17.051,-61.963
7387,0.000,0.000,0.000,-17.051,-62.051
7388,0.000,0.000,0.000,-17.051,-62.314
7389,0.000,0.000,0.000,-17.051,-62.402
7390,0.000,0.000,0.000,-17.051,-62.490
7391,0.000,0.000,0.000,-17.051,-62.666
7392,0.000,0.000,0.000,-17.051,-62.842
7393,0.000,0.000,0.000,-17.051,-63.018
7394,0.000,0.000,0.000,-17.051,-63.105
7395,0.000,0.000,0.000,-17.051,-63.281
7396,0.000,0.000,0.000,-17.051,-63.369
7397,0.000,0.000,0.000,-17.051,-63.545
7398,0.000,0.000,0.000,-17.051,-63.633
7399,0.000,0.000,0.000,-17.051,-63.809
7400,0.000,0.000,0.000,-17.051,-63.984
7401,0.000,0.000,0.000,-17.051,-64.160
7402,0.000,0.000,0.000,-17.051,-64.248
7403,0.000,0.000,0.000,-17.051,-64.424
7404,0.000,0.000,0.000,-17.051,-64.512
7405,0.000,0.000,0.000,-17.051,-64.600
7406,0.000,0.000,0.000,-17.051,-64.775
7407,0.000,0.000,0.000,-17.051,-64.951
7408,0.000,0.000,0.000,-17.051,-65.039
7409,0.000,0.000,0.000,-17.051,-65.215
7410,0.000,0.000,0.000,-16.963,-65.303
7411,0.000,0.000,0.000,-16.963,-65.391
7412,0.000,0.000,0.000,-16.963,-65.566
7413,0.000,0.000,0.000,-16.963,-65.654
7414,0.000,0.000,0.000,-16.963,-65.830
7415,0.000,0.000,0.000,-16.963,-65.918
7416,0.000,0.000,0.000,-16.963,-66.094
7417,0.000,0.000,0.000,-16.963,-66.182
7418,0.000,0.000,0.000,-16.963,-66.357
7419,0.000,0.000,0.000,-16.963,-66.445
7420,0.000,0.000,0.000,-16.963,-66.621
7421,0.000,0.000,0.000,-16.963,-66.709
7422,0.000,0.000,0.000,-16.963,-66.885
7423,0.000,0.000,0.000,-16.963,-66.973
7424,0.000,0.000,0.000,-16.963,-67.061
7425,0.000,0.000,0.000,-16.963,-67.148
7426,0.000,0.000,0.000,-16.963,-67.324
7427,0.000,0.000,0.000,-16.963,-67.412
7428,0.000,0.000,0.000,-16.963,-67.588
7429,0.000,0.000,0.000,-16.963,-67.676
7430,0.000,0.000,0.000,-16.963,-67.852
7431,0.000,0.000,0.000,-16.963,-68.027
7432,0.000,0.000,0.000,-16.963,-68.027
7433,0.000,0.000,0.000,-16.963,-68.203
7434,0.000,0.000,0.000,-16.963,-68.291
7435,0.000,0.000,0.000,-16.963,-68.379
7436,0.000,0.000,0.000,-16.963,-68.467
7437,0.000,0.000,0.000,-16.963,-68.643
7438,0.000,0.000,0.000,-16.963,-68.730
7439,0.000,0.000,0.000,-16.963,-68.818
7440,0.000,0.000,0.000,-16.963,-68.994
7441,0.000,0.000,0.000,-16.963,-69.082
7442,0.000,0.000,0.000,-16.963,-69.170
7443,0.000,0.000,0.000,-16.963,-69.258
7444,0.000,0.000,0.000,-16.963,-69.434
7445,0.000,0.000,0.000,-16.963,-69.521
7446,0.000,0.000,0.000,-16.963,-69.697
7447,0.000,0.000,0.000,-16.963,-69.785
7448,0.000,0.000,0.000,-16.963,-69.873
7449,0.000,0.000,0.000,-16.963,-69.961
7450,0.000,0.000,0.000,-16.963,-70.049
7451,0.000,0.000,0.000,-16.963,-70.137
7452,0.000,0.000,0.000,-16.963,-70.225
7453,0.000,0.000,0.000,-16.963,-70.400
7454,0.000,0.000,0.000,-16.963,-70.488
7455,0.000,0.000,0.000,-16.963,-70.576
7456,0.000,0.000,0.000,-16.963,-70.752
7457,0.000,0.000,0.000,-16.963,-70.840
7458,0.000,0.000,0.000,-16.963,-70.840
7459,0.000,0.000,0.000,-16.963,-71.016
7460,0.000,0.000,0.000,-16.963,-71.104
7461,0.000,0.000,0.000,-16.963,-71.191
7462,0.000,0.000,0.000,-16.963,-71.279
7463,0.000,0.000,0.000,-16.963,-71.367
7464,0.000,0.000,0.000,-16.963,-71.455
7465,0.000,0.000,0.000,-16.963,-71.543
7466,0.000,0.000,0.000,-16.963,-71.719
7467,0.000,0.000,0.000,-16.963,-71.807
7468,0.000,0.000,0.000,-16.963,-71.895
7469,0.000,0.000,0.000,-16.963,-71.982
7470,0.000,0.000,0.000,-16.963,-72.158
7471,0.000,0.000,0.000,-16.963,-72.158
7472,0.000,0.000,0.000,-16.963,-72.334
7473,0.000,0.000,0.000,-16.963,-72.334
7474,0.000,0.000,0.000,-16.963,-72.510
7475,0.000,0.000,0.000,-16.963,-72.598
7476,0.000,0.000,0.000,-16.963,-72.686
7477,0.000,0.000,0.000,-16.963,-72.686
7478,0.000,0.000,0.000,-16.963,-72.773
7479,0.000,0.000,0.000,-16.963,-72.861
7480,0.000,0.000,0.000,-16.963,-72.949
7481,0.000,0.000,0.000,-16.963,-73.037
7482,0.000,0.000,0.000,-16.963,-73.213
7483,0.000,0.000,0.000,-16.963,-73.213
7484,0.000,0.000,0.000,-16.963,-73.389
7485,0.000,0.000,0.000,-16.963,-73.389
7486,0.000,0.000,0.000,-16.963,-73.477
7487,0.000,0.000,0.000,-16.963,-73.564
7488,0.000,0.000,0.000,-16.963,-73.652
7489,0.000,0.000,0.000,-16.963,-73.740
7490,0.000,0.000,0.000,-16.963,-73.828
7491,0.000,0.000,0.000,-16.963,-73.916
7492,0.000,0.000,0.000,-16.963,-74.004
7493,0.000,0.000,0.000,-16.963,-74.092
7494,0.000,0.000,0.000,-16.963,-74.092
7495,0.000,0.000,0.000,-16.963,-74.180
7496,0.000,0.000,0.000,-16.963,-74.268
7497,0.000,0.000,0.000,-16.963,-74.355
7498,0.000,0.000,0.000,-16.963,-74.443
7499,0.000,0.000,0.000,-16.963,-74.531
7500,0.000,0.000,0.000,-16.963,-74.531
7501,0.000,0.000,0.000,-16.963,-74.619
7502,0.000,0.000,0.000,-16.963,-74.707
7503,0.000,0.000,0.000,-16.963,-74.795
7504,0.000,0.000,0.000,-16.963,-74.883
7505,0.000,0.000,0.000,-16.963,-74.971
7506,0.000,0.000,0.000,-16.963,-75.059
7507,0.000,0.000,0.000,-16.963,-75.146
7508,0.000,0.000,0.000,-16.963,-75.146
7509,0.000,0.000,0.000,-16.963,-75.322
7510,0.000,0.000,0.000,-16.963,-75.322
7511,0.000,0.000,0.000,-16.963,-75.410
7512,0.000,0.000,0.000,-16.963,-75.498
7513,0.000,0.000,0.000,-16.963,-75.498
7514,0.000,0.000,0.000,-16.963,-75.586
7515,0.000,0.000,0.000,-16.963,-75.674
7516,0.000,0.000,0.000,-16.963,-75.762
7517,0.000,0.000,0.000,-16.963,-75.762
7518,0.000,0.000,0.000,-16.963,-75.850
7519,0.000,0.000,0.000,-16.963,-75.938
7520,0.000,0.000,0.000,-16.875,-76.025
7521,0.000,0.000,0.000,-16.875,-76.025
7522,0.000,0.000,0.000,-16.875,-76.113
7523,0.000,0.000,0.000,-16.875,-76.201
7524,0.000,0.000,0.000,-16.875,-76.201
7525,0.000,0.000,0.000,-16.875,-76.289
7526,0.000,0.000,0.000,-16.875,-76.377
7527,0.000,0.000,0.000,-16.875,-76.377
7528,0.000,0.000,0.000,-16.875,-76.465
7529,0.000,0.000,0.000,-16.875,-76.553
7530,0.000,0.000,0.000,-16.875,-76.553
7531,0.000,0.000,0.000,-16.875,-76.641
7532,0.000,0.000,0.000,-16.875,-76.729
7533,0.000,0.000,0.000,-16.875,-76.729
7534,0.000,0.000,0.000,-16.875,-76.816
7535,0.000,0.000,0.000,-16.875,-76.904
7536,0.000,0.000,0.000,-16.875,-76.904
7537,0.000,0.000,0.000,-16.875,-76.992
7538,0.000,0.000,0.000,-16.875,-77.080
7539,0.000,0.000,0.000,-16.875,-77.080
7540,0.000,0.000,0.000,-16.875,-77.168
7541,0.000,0.000,0.000,-16.875,-77.168
7542,0.000,0.000,0.000,-16.875,-77.256
7543,0.000,0.000,0.000,-16.875,-77.256
7544,0.000,0.000,0.000,-16.875,-77.344
7545,0.000,0.000,0.000,-16.875,-77.432
7546,0.000,0.000,0.000,-16.875,-77.432
7547,0.000,0.000,0.000,-16.875,-77.520
7548,0.000,0.000,0.000,-16.787,-77.520
7549,0.000,0.000,0.000,-16.787,-77.607
7550,0.000,0.000,0.000,-16.787,-77.607
7551,0.000,0.000,0.000,-16.787,-77.695
7552,0.000,0.000,0.000,-16.787,-77.783
7553,0.000,0.000,0.000,-16.787,-77.783
7554,0.000,0.000,0.000,-16.787,-77.871
7555,0.000,0.000,0.000,-16.787,-77.871
7556,0.000,0.000,0.000,-16.787,-77.959
7557,0.000,0.000,0.000,-16.787,-77.959
7558,0.000,0.000,0.000,-16.787,-78.047
7559,0.000,0.000,0.000,-16.787,-78.047
7560,0.000,0.000,0.000,-16.787,-78.047
7561,0.000,0.000,0.000,-16.787,-78.135
7562,0.000,0.000,0.000,-16.787,-78.223
7563,0.000,0.000,0.000,-16.787,-78.223
7564,0.000,0.000,0.000,-16.787,-78.223
7565,0.000,0.000,0.000,-16.787,-78.311
7566,0.000,0.000,0.000,-16.787,-78.311
7567,0.000,0.000,0.000,-16.787,-78.311
7568,0.000,0.000,0.000,-16.787,-78.398
7569,0.000,0.000,0.000,-16.787,-78.486
7570,0.000,0.000,0.000,-16.787,-78.486
7571,0.000,0.000,0.000,-16.787,-78.486
7572,0.000,0.000,0.000,-16.787,-78.574
7573,0.000,0.000,0.000,-16.787,-78.574
7574,0.000,0.000,0.000,-16.787,-78.662
7575,0.000,0.000,0.000,-16.787,-78.662
7576,0.000,0.000,0.000,-16.787,-78.662
7577,0.000,0.000,0.000,-16.787,-78.750
7578,0.000,0.000,0.000,-16.787,-78.750
7579,0.000,0.000,0.000,-16.787,-78.750
7580,0.000,0.000,0.000,-16.699,-78.838
7581,0.000,0.000,0.000,-16.699,-78.838
7582,0.000,0.000,0.000,-16.699,-78.838
7583,0.000,0.000,0.000,-16.699,-78.926
7584,0.000,0.000,0.000,-16.699,-78.926
7585,0.000,0.000,0.000,-16.699,-79.014
7586,0.000,0.000,0.000,-16.699,-79.014
7587,0.000,0.000,0.000,-16.699,-79.014
7588,0.000,0.000,0.000,-16.699,-79.014
7589,0.000,0.000,0.000,-16.699,-79.102
7590,0.000,0.000,0.000,-16.699,-79.189
7591,0.000,0.000,0.000,-16.699,-79.189
7592,0.000,0.000,0.000,-16.699,-79.189
7593,0.000,0.000,0.000,-16.699,-79.189
7594,0.000,0.000,0.000,-16.699,-79.277
7595,0.000,0.000,0.000,-16.611,-79.277
7596,0.000,0.000,0.000,-16.611,-79.277
7597,0.000,0.000,0.000,-16.611,-79.277
7598,0.000,0.000,0.000,-16.611,-79.277
7599,0.000,0.000,0.000,-16.611,-79.365
7600,0.000,0.000,0.000,-16.611,-79.365
7601,0.000,0.000,0.000,-16.611,-79.365
7602,0.000,0.000,0.000,-16.611,-79.365
7603,0.000,0.000,0.000,-16.611,-79.365
7604,0.000,0.000,0.000,-16.611,-79.453
7605,0.000,0.000,0.000,-16.611,-79.453
7606,0.000,0.000,0.000,-16.611,-79.453
7607,0.000,0.000,0.000,-16.611,-79.453
7608,0.000,0.000,0.000,-16.611,-79.453
7609,0.000,0.000,0.000,-16.611,-79.541
7610,0.000,0.000,0.000,-16.611,-79.541
7611,0.000,0.000,0.000,-16.611,-79.541
7612,0.000,0.000,0.000,-16.611,-79.541
7613,0.000,0.000,0.000,-16.523,-79.541
7614,0.000,0.000,0.000,-16.523,-79.541
7615,0.000,0.000,0.000,-16.523,-79.541
7616,0.000,0.000,0.000,-16.523,-79.629
7617,0.000,0.000,0.000,-16.523,-79.629
7618,0.000,0.000,0.000,-16.523,-79.629
7619,0.000,0.000,0.000,-16.523,-79.629
7620,0.000,0.000,0.000,-16.523,-79.629
7621,0.000,0.000,0.000,-16.523,-79.629
7622,0.000,0.000,0.000,-16.523,-79.629
7623,0.000,0.000,0.000,-16.523,-79.629
7624,0.000,0.000,0.000,-16.523,-79.717
7625,0.000,0.000,0.000,-16.523,-79.717
7626,0.000,0.000,0.000,-16.523,-79.717
7627,0.000,0.000,0.000,-16.523,-79.717
7628,0.000,0.000,0.000,-16.523,-79.717
7629,0.000,0.000,0.000,-16.523,-79.717
7630,0.000,0.000,0.000,-16.523,-79.717
7631,0.000,0.000,0.000,-16.523,-79.717
7632,0.000,0.000,0.000,-16.523,-79.717
7633,0.000,0.000,0.000,-16.523,-79.717
7634,0.000,0.000,0.000,-16.523,-79.717
7635,0.000,0.000,0.000,-16.523,-79.717
7636,0.000,0.000,0.000,-16.523,-79.717
7637,0.000,0.000,0.000,-16.436,-79.717
7638,0.000,0.000,0.000,-16.436,-79.717
7639,0.000,0.000,0.000,-16.436,-79.717
7640,0.000,0.000,0.000,-16.436,-79.717
7641,0.000,0.000,0.000,-16.436,-79.717
7642,0.000,0.000,0.000,-16.436,-79.717
7643,0.000,0.000,0.000,-16.436,-79.717
7644,0.000,0.000,0.000,-16.436,-79.717
7645,0.000,0.000,0.000,-16.436,-79.717
7646,0.000,0.000,0.000,-16.436,-79.717
7647,0.000,0.000,0.000,-16.436,-79.717
7648,0.000,0.000,0.000,-16.436,-79.717
7649,0.000,0.000,0.000,-16.436,-79.717
7650,0.000,0.000,0.000,-16.436,-79.717
7651,0.000,0.000,0.000,-16.436,-79.717
7652,0.000,0.000,0.000,-16.436,-79.717
7653,0.000,0.000,0.000,-16.436,-79.717
7654,0.000,0.000,0.000,-16.436,-79.717
7655,0.000,0.000,0.000,-16.436,-79.717
7656,0.000,0.000,0.000,-16.436,-79.717
7657,0.000,0.000,0.000,-16.436,-79.717
7658,0.000,0.000,0.000,-16.348,-79.717
7659,0.000,0.000,0.000,-16.348,-79.717
7660,0.000,0.000,0.000,-16.348,-79.717
7661,0.000,0.000,0.000,-16.348,-79.717
7662,0.000,0.000,0.000,-16.348,-79.717
7663,0.000,0.000,0.000,-16.348,-79.717
7664,0.000,0.000,0.000,-16.348,-79.717
7665,0.000,0.000,0.000,-16.348,-79.717
7666,0.000,0.000,0.000,-16.348,-79.717
7667,0.000,0.000,0.000,-16.348,-79.717
7668,0.000,0.000,0.000,-16.348,-79.717
7669,0.000,0.000,0.000,-16.260,-79.717
7670,0.000,0.000,0.000,-16.260,-79.717
7671,0.000,0.000,0.000,-16.260,-79.717
7672,0.000,0.000,0.000,-16.260,-79.717
7673,0.000,0.000,0.000,-16.260,-79.717
7674,0.000,0.000,0.000,-16.260,-79.717
7675,0.000,0.000,0.000,-16.260,-79.717
7676,0.000,0.000,0.000,-16.260,-79.717
7677,0.000,0.000,0.000,-16.260,-79.717
7678,0.000,0.000,0.000,-16.260,-79.717
7679,0.000,0.000,0.000,-16.260,-79.717
7680,0.000,0.000,0.000,-16.260,-79.717
7681,0.000,0.000,0.000,-16.172,-79.629
7682,0.000,0.000,0.000,-16.172,-79.629
7683,0.000,0.000,0.000,-16.172,-79.629
7684,0.000,0.000,0.000,-16.172,-79.629
7685,0.000,0.000,0.000,-16.172,-79.629
7686,0.000,0.000,0.000,-16.172,-79.629
7687,0.000,0.000,0.000,-16.172,-79.541
7688,0.000,0.000,0.000,-16.172,-79.541
7689,0.000,0.000,0.000,-16.172,-79.541
7690,0.000,0.000,0.000,-16.172,-79.541
7691,0.000,0.000,0.000,-16.172,-79.453
7692,0.000,0.000,0.000,-16.172,-79.453
7693,0.000,0.000,0.000,-16.084,-79.365
7694,0.000,0.000,0.000,-16.084,-79.365
7695,0.000,0.000,0.000,-16.084,-79.365
7696,0.000,0.000,0.000,-16.084,-79.365
7697,0.000,0.000,0.000,-16.084,-79.277
7698,0.000,0.000,0.000,-16.084,-79.277
7699,0.000,0.000,0.000,-16.084,-79.277
7700,0.000,0.000,0.000,-16.084,-79.277
7701,0.000,0.000,0.000,-16.084,-79.189
7702,0.000,0.000,0.000,-16.084,-79.189
7703,0.000,0.000,0.000,-16.084,-79.189
7704,0.000,0.000,0.000,-16.084,-79.102
7705,0.000,0.000,0.000,-15.996,-79.102
7706,0.000,0.000,0.000,-15.996,-79.102
7707,0.000,0.000,0.000,-15.996,-79.102
7708,0.000,0.000,0.000,-15.996,-79.014
7709,0.000,0.000,0.000,-15.996,-79.014
7710,0.000,0.000,0.000,-15.996,-79.014
7711,0.000,0.000,0.000,-15.996,-78.926
7712,0.000,0.000,0.000,-15.996,-78.926
7713,0.000,0.000,0.000,-15.996,-78.838
7714,0.000,0.000,0.000,-15.996,-78.838
7715,0.000,0.000,0.000,-15.996,-78.750
7716,0.000,0.000,0.000,-15.996,-78.750
7717,0.000,0.000,0.000,-15.996,-78.750
7718,0.000,0.000,0.000,-15.996,-78.662
7719,0.000,0.000,0.000,-15.996,-78.662
7720,0.000,0.000,0.000,-15.996,-78.574
7721,0.000,0.000,0.000,-15.996,-78.574
7722,0.000,0.000,0.000,-15.996,-78.574
7723,0.000,0.000,0.000,-15.996,-78.574
7724,0.000,0.000,0.000,-15.996,-78.574
7725,0.000,0.000,0.000,-15.996,-78.486
7726,0.000,0.000,0.000,-15.996,-78.398
7727,0.000,0.000,0.000,-15.908,-78.398
7728,0.000,0.000,0.000,-15.908,-78.398
7729,0.000,0.000,0.000,-15.908,-78.311
7730,0.000,0.000,0.000,-15.908,-78.223
7731,0.000,0.000,0.000,-15.908,-78.223
7732,0.000,0.000,0.000,-15.908,-78.223
7733,0.000,0.000,0.000,-15.908,-78.223
7734,0.000,0.000,0.000,-15.908,-78.135
7735,0.000,0.000,0.000,-15.908,-78.047
7736,0.000,0.000,0.000,-15.908,-78.047
7737,0.000,0.000,0.000,-15.908,-78.047
7738,0.000,0.000,0.000,-15.908,-77.959
7739,0.000,0.000,0.000,-15.908,-77.959
7740,0.000,0.000,0.000,-15.908,-77.871
7741,0.000,0.000,0.000,-15.908,-77.871
7742,0.000,0.000,0.000,-15.908,-77.783
7743,0.000,0.000,0.000,-15.908,-77.783
7744,0.000,0.000,0.000,-15.908,-77.783
7745,0.000,0.000,0.000,-15.908,-77.695
7746,0.000,0.000,0.000,-15.820,-77.695
7747,0.000,0.000,0.000,-15.820,-77.607
7748,0.000,0.000,0.000,-15.820,-77.607
7749,0.000,0.000,0.000,-15.820,-77.520
7750,0.000,0.000,0.000,-15.820,-77.432
7751,0.000,0.000,0.000,-15.820,-77.432
7752,0.000,0.000,0.000,-15.820,-77.344
7753,0.000,0.000,0.000,-15.820,-77.344
7754,0.000,0.000,0.000,-15.820,-77.256
7755,0.000,0.000,0.000,-15.820,-77.256
7756,0.000,0.000,0.000,-15.820,-77.256
7757,0.000,0.000,0.000,-15.820,-77.168
7758,0.000,0.000,0.000,-15.820,-77.168
7759,0.000,0.000,0.000,-15.820,-77.080
7760,0.000,0.000,0.000,-15.820,-77.080
7761,0.000,0.000,0.000,-15.732,-76.992
7762,0.000,0.000,0.000,-15.732,-76.992
7763,0.000,0.000,0.000,-15.732,-76.904
7764,0.000,0.000,0.000,-15.732,-76.904
7765,0.000,0.000,0.000,-15.732,-76.816
7766,0.000,0.000,0.000,-15.732,-76.729
7767,0.000,0.000,0.000,-15.732,-76.729
7768,0.000,0.000,0.000,-15.732,-76.641
7769,0.000,0.000,0.000,-15.732,-76.641
7770,0.000,0.000,0.000,-15.732,-76.641
7771,0.000,0.000,0.000,-15.732,-76.553
7772,0.000,0.000,0.000,-15.732,-76.465
7773,0.000,0.000,0.000,-15.732,-76.465
7774,0.000,0.000,0.000,-15.732,-76.377
7775,0.000,0.000,0.000,-15.732,-76.377
7776,0.000,0.000,0.000,-15.732,-76.289
7777,0.000,0.000,0.000,-15.732,-76.201
7778,0.000,0.000,0.000,-15.732,-76.201
7779,0.000,0.000,0.000,-15.732,-76.113
7780,0.000,0.000,0.000,-15.645,-76.113
7781,0.000,0.000,0.000,-15.645,-76.025
7782,0.000,0.000,0.000,-15.645,-75.938
7783,0.000,0.000,0.000,-15.645,-75.938
7784,0.000,0.000,0.000,-15.645,-75.850
7785,0.000,0.000,0.000,-15.645,-75.850
7786,0.000,0.000,0.000,-15.645,-75.762
7787,0.000,0.000,0.000,-15.645,-75.762
7788,0.000,0.000,0.000,-15.645,-75.674
7789,0.000,0.000,0.000,-15.645,-75.674
7790,0.000,0.000,0.000,-15.645,-75.586
7791,0.000,0.000,0.000,-15.645,-75.498
7792,0.000,0.000,0.000,-15.645,-75.498
7793,0.000,0.000,0.000,-15.557,-75.410
7794,0.000,0.000,0.000,-15.557,-75.410
7795,0.000,0.000,0.000,-15.557,-75.234
7796,0.000,0.000,0.000,-15.557,-75.234
7797,0.000,0.000,0.000,-15.557,-75.234
7798,0.000,0.000,0.000,-15.557,-75.146
7799,0.000,0.000,0.000,-15.557,-75.059
7800,0.000,0.000,0.000,-15.557,-74.971
7801,0.000,0.000,0.000,-15.557,-74.971
7802,0.000,0.000,0.000,-15.557,-74.883
7803,0.000,0.000,0.000,-15.557,-74.883
7804,0.000,0.000,0.000,-15.557,-74.795
7805,0.000,0.000,0.000,-15.557,-74.707
7806,0.000,0.000,0.000,-15.557,-74.619
7807,0.000,0.000,0.000,-15.557,-74.531
7808,0.000,0.000,0.000,-15.557,-74.531
7809,0.000,0.000,0.000,-15.557,-74.443
7810,0.000,0.000,0.000,-15.557,-74.443
7811,0.000,0.000,0.000,-15.557,-74.355
7812,0.000,0.000,0.000,-15.557,-74.355
7813,0.000,0.000,0.000,-15.557,-74.268
7814,0.000,0.000,0.000,-15.557,-74.180
7815,0.000,0.000,0.000,-15.557,-74.180
7816,0.000,0.000,0.000,-15.469,-74.092
7817,0.000,0.000,0.000,-15.469,-74.004
7818,0.000,0.000,0.000,-15.469,-74.004
7819,0.000,0.000,0.000,-15.469,-73.916
7820,0.000,0.000,0.000,-15.469,-73.828
7821,0.000,0.000,0.000,-15.469,-73.740
7822,0.000,0.000,0.000,-15.469,-73.652
7823,0.000,0.000,0.000,-15.469,-73.652
7824,0.000,0.000,0.000,-15.469,-73.652
7825,0.000,0.000,0.000,-15.469,-73.564
7826,0.000,0.000,0.000,-15.469,-73.477
7827,0.000,0.000,0.000,-15.469,-73.477
7828,0.000,0.000,0.000,-15.469,-73.389
7829,0.000,0.000,0.000,-15.469,-73.301
7830,0.000,0.000,0.000,-15.469,-73.213
7831,0.000,0.000,0.000,-15.469,-73.125
7832,0.000,0.000,0.000,-15.469,-73.125
7833,0.000,0.000,0.000,-15.469,-73.037
7834,0.000,0.000,0.000,-15.469,-72.949
7835,0.000,0.000,0.000,-15.469,-72.861
7836,0.000,0.000,0.000,-15.469,-72.773
7837,0.000,0.000,0.000,-15.469,-72.773
7838,0.000,0.000,0.000,-15.469,-72.598
7839,0.000,0.000,0.000,-15.469,-72.598
7840,0.000,0.000,0.000,-15.469,-72.598
7841,0.000,0.000,0.000,-15.469,-72.510
7842,0.000,0.000,0.000,-15.381,-72.422
7843,0.000,0.000,0.000,-15.381,-72.422
7844,0.000,0.000,0.000,-15.381,-72.334
7845,0.000,0.000,0.000,-15.381,-72.246
7846,0.000,0.000,0.000,-15.381,-72.070
7847,0.000,0.000,0.000,-15.381,-72.070
7848,0.000,0.000,0.000,-15.381,-72.070
7849,0.000,0.000,0.000,-15.381,-71.982
7850,0.000,0.000,0.000,-15.381,-71.982
7851,0.000,0.000,0.000,-15.381,-71.807
7852,0.000,0.000,0.000,-15.381,-71.807
7853,0.000,0.000,0.000,-15.381,-71.719
7854,0.000,0.000,0.000,-15.381,-71.631
7855,0.000,0.000,0.000,-15.381,-71.631
7856,0.000,0.000,0.000,-15.381,-71.543
7857,0.000,0.000,0.000,-15.381,-71.455
7858,0.000,0.000,0.000,-15.381,-71.367
7859,0.000,0.000,0.000,-15.381,-71.367
7860,0.000,0.000,0.000,-15.381,-71.279
7861,0.000,0.000,0.000,-15.293,-71.191
7862,0.000,0.000,0.000,-15.293,-71.104
7863,0.000,0.000,0.000,-15.293,-70.928
7864,0.000,0.000,0.000,-15.293,-70.928
7865,0.000,0.000,0.000,-15.293,-70.928
7866,0.000,0.000,0.000,-15.293,-70.840
7867,0.000,0.000,0.000,-15.293,-70.752
7868,0.000,0.000,0.000,-15.293,-70.664
7869,0.000,0.000,0.000,-15.293,-70.664
7870,0.000,0.000,0.000,-15.293,-70.576
7871,0.000,0.000,0.000,-15.293,-70.488
7872,0.000,0.000,0.000,-15.293,-70.400
7873,0.000,0.000,0.000,-15.293,-70.313
7874,0.000,0.000,0.000,-15.293,-70.225
7875,0.000,0.000,0.000,-15.293,-70.137
7876,0.000,0.000,0.000,-15.293,-70.049
7877,0.000,0.000,0.000,-15.293,-70.049
7878,0.000,0.000,0.000,-15.293,-69.961
7879,0.000,0.000,0.000,-15.293,-69.961
7880,0.000,0.000,0.000,-15.293,-69.873
7881,0.000,0.000,0.000,-15.293,-69.697
7882,0.000,0.000,0.000,-15.293,-69.697
7883,0.000,0.000,0.000,-15.293,-69.521
7884,0.000,0.000,0.000,-15.293,-69.521
7885,0.000,0.000,0.000,-15.293,-69.434
7886,0.000,0.000,0.000,-15.293,-69.346
7887,0.000,0.000,0.000,-15.205,-69.346
7888,0.000,0.000,0.000,-15.205,-69.170
7889,0.000,0.000,0.000,-15.205,-69.082
7890,0.000,0.000,0.000,-15.205,-69.082
7891,0.000,0.000,0.000,-15.205,-69.082
7892,0.000,0.000,0.000,-15.205,-68.994
7893,0.000,0.000,0.000,-15.205,-68.906
7894,0.000,0.000,0.000,-15.205,-68.818
7895,0.000,0.000,0.000,-15.205,-68.643
7896,0.000,0.000,0.000,-15.205,-68.643
7897,0.000,0.000,0.000,-15.205,-68.555
7898,0.000,0.000,0.000,-15.205,-68.467
7899,0.000,0.000,0.000,-15.205,-68.379
7900,0.000,0.000,0.000,-15.205,-68.379
7901,0.000,0.000,0.000,-15.205,-68.203
7902,0.000,0.000,0.000,-15.205,-68.203
7903,0.000,0.000,0.000,-15.205,-68.115
7904,0.000,0.000,0.000,-15.205,-68.115
7905,0.000,0.000,0.000,-15.205,-68.027
7906,0.000,0.000,0.000,-15.205,-67.852
7907,0.000,0.000,0.000,-15.205,-67.852
7908,0.000,0.000,0.000,-15.205,-67.676
7909,0.000,0.000,0.000,-15.205,-67.676
7910,0.000,0.000,0.000,-15.205,-67.588
7911,0.000,0.000,0.000,-15.205,-67.412
7912,0.000,0.000,0.000,-15.205,-67.412
7913,0.000,0.000,0.000,-15.205,-67.324
7914,0.000,0.000,0.000,-15.205,-67.236
7915,0.000,0.000,0.000,-15.205,-67.148
7916,0.000,0.000,0.000,-15.205,-67.148
7917,0.000,0.000,0.000,-15.205,-67.061
7918,0.000,0.000,0.000,-15.205,-66.973
7919,0.000,0.000,0.000,-15.205,-66.885
7920,0.000,0.000,0.000,-15.205,-66.797
7921,0.000,0.000,0.000,-15.205,-66.709
7922,0.000,0.000,0.000,-15.117,-66.621
7923,0.000,0.000,0.000,-15.117,-66.533
7924,0.000,0.000,0.000,-15.117,-66.445
7925,0.000,0.000,0.000,-15.117,-66.270
7926,0.000,0.000,0.000,-15.117,-66.270
7927,0.000,0.000,0.000,-15.117,-66.182
7928,0.000,0.000,0.000,-15.117,-66.182
7929,0.000,0.000,0.000,-15.117,-66.006
7930,0.000,0.000,0.000,-15.117,-66.006
7931,0.000,0.000,0.000,-15.117,-65.918
7932,0.000,0.000,0.000,-15.117,-65.830
7933,0.000,0.000,0.000,-15.117,-65.742
7934,0.000,0.000,0.000,-15.117,-65.654
7935,0.000,0.000,0.000,-15.117,-65.566
7936,0.000,0.000,0.000,-15.117,-65.479
7937,0.000,0.000,0.000,-15.117,-65.479
7938,0.000,0.000,0.000,-15.117,-65.303
7939,0.000,0.000,0.000,-15.117,-65.215
7940,0.000,0.000,0.000,-15.117,-65.127
7941,0.000,0.000,0.000,-15.117,-65.039
7942,0.000,0.000,0.000,-15.117,-65.039
7943,0.000,0.000,0.000,-15.117,-64.951
7944,0.000,0.000,0.000,-15.117,-64.775
7945,0.000,0.000,0.000,-15.117,-64.775
7946,0.000,0.000,0.000,-15.117,-64.688
7947,0.000,0.000,0.000,-15.117,-64.512
7948,0.000,0.000,0.000,-15.117,-64.512
7949,0.000,0.000,0.000,-15.117,-64.424
7950,0.000,0.000,0.000,-15.117,-64.336
7951,0.000,0.000,0.000,-15.117,-64.336
7952,0.000,0.000,0.000,-15.117,-64.160
7953,0.000,0.000,0.000,-15.117,-64.072
7954,0.000,0.000,0.000,-15.117,-63.984
7955,0.000,0.000,0.000,-15.117,-63.896
7956,0.000,0.000,0.000,-15.117,-63.896
7957,0.000,0.000,0.000,-15.117,-63.809
7958,0.000,0.000,0.000,-15.117,-63.721
7959,0.000,0.000,0.000,-15.117,-63.633
7960,0.000,0.000,0.000,-15.117,-63.545
7961,0.000,0.000,0.000,-15.117,-63.457
7962,0.000,0.000,0.000,-15.117,-63.369
7963,0.000,0.000,0.000,-15.117,-63.281
7964,0.000,0.000,0.000,-15.117,-63.193
7965,0.000,0.000,0.000,-15.117,-63.105
7966,0.000,0.000,0.000,-15.117,-63.018
7967,0.000,0.000,0.000,-15.117,-62.930
7968,0.000,0.000,0.000,-15.117,-62.842
7969,0.000,0.000,0.000,-15.117,-62.754
7970,0.000,0.000,0.000,-15.117,-62.666
7971,0.000,0.000,0.000,-15.117,-62.578
7972,0.000,0.000,0.000,-15.117,-62.490
7973,0.000,0.000,0.000,-15.117,-62.490
7974,0.000,0.000,0.000,-15.117,-62.314
7975,0.000,0.000,0.000,-15.117,-62.227
7976,0.000,0.000,0.000,-15.117,-62.227
7977,0.000,0.000,0.000,-15.117,-62.139
7978,0.000,0.000,0.000,-15.117,-62.051
7979,0.000,0.000,0.000,-15.117,-61.963
7980,0.000,0.000,0.000,-15.117,-61.787
7981,0.000,0.000,0.000,-15.029,-61.787
7982,0.000,0.000,0.000,-15.029,-61.699
7983,0.000,0.000,0.000,-15.029,-61.611
7984,0.000,0.000,0.000,-15.029,-61.523
7985,0.000,0.000,0.000,-15.029,-61.436
7986,0.000,0.000,0.000,-15.029,-61.348
7987,0.000,0.000,0.000,-15.029,-61.172
7988,0.000,0.000,0.000,-15.029,-61.084
7989,0.000,0.000,0.000,-15.029,-61.084
7990,0.000,0.000,0.000,-15.029,-60.996
7991,0.000,0.000,0.000,-15.029,-60.908
7992,0.000,0.000,0.000,-15.029,-60.820
7993,0.000,0.000,0.000,-15.029,-60.820
7994,0.000,0.000,0.000,-15.029,-60.645
7995,0.000,0.000,0.000,-15.029,-60.557
7996,0.000,0.000,0.000,-15.029,-60.557
7997,0.000,0.000,0.000,-15.029,-60.469
7998,0.000,0.000,0.000,-15.029,-60.293
7999,0.000,0.000,0.000,-15.029,-60.205
8000,0.000,0.000,0.000,-15.029,-60.205
8001,0.000,0.000,0.000,-15.029,-60.029
8002,0.000,0.000,0.000,-15.029,-59.941
8003,0.000,0.000,0.000,-15.029,-59.941
8004,0.000,0.000,0.000,-15.029,-59.854
8005,0.000,0.000,0.000,-15.029,-59.766
8006,0.000,0.000,0.000,-15.029,-59.590
8007,0.000,0.000,0.000,-15.029,-59.590
8008,0.000,0.000,0.000,-15.029,-59.502
8009,0.000,0.000,0.000,-15.029,-59.414
8010,0.000,0.000,0.000,-15.029,-59.326
8011,0.000,0.000,0.000,-15.029,-59.238
8012,0.000,0.000,0.000,-15.029,-59.150
8013,0.000,0.000,0.000,-15.029,-59.063
8014,0.000,0.000,0.000,-15.029,-58.975
8015,0.000,0.000,0.000,-15.029,-58.887
8016,0.000,0.000,0.000,-15.029,-58.799
8017,0.000,0.000,0.000,-15.029,-58.799
8018,0.000,0.000,0.000,-15.029,-58.623
8019,0.000,0.000,0.000,-15.029,-58.535
8020,0.000,0.000,0.000,-15.029,-58.447
8021,0.000,0.000,0.000,-15.029,-58.359
8022,0.000,0.000,0.000,-15.029,-58.271
8023,0.000,0.000,0.000,-15.029,-58.184
8024,0.000,0.000,0.000,-15.029,-58.096
8025,0.000,0.000,0.000,-15.029,-58.096
8026,0.000,0.000,0.000,-15.029,-57.920
8027,0.000,0.000,0.000,-15.029,-57.832
8028,0.000,0.000,0.000,-15.029,-57.832
8029,0.000,0.000,0.000,-15.029,-57.744
8030,0.000,0.000,0.000,-15.029,-57.656
8031,0.000,0.000,0.000,-15.029,-57.480
8032,0.000,0.000,0.000,-15.029,-57.393
8033,0.000,0.000,0.000,-15.029,-57.393
8034,0.000,0.000,0.000,-15.029,-57.305
8035,0.000,0.000,0.000,-15.029,-57.129
8036,0.000,0.000,0.000,-15.029,-57.129
8037,0.000,0.000,0.000,-15.029,-57.041
8038,0.000,0.000,0.000,-15.029,-56.953
8039,0.000,0.000,0.000,-15.029,-56.865
8040,0.000,0.000,0.000,-15.029,-56.777
8041,0.000,0.000,0.000,-15.029,-56.689
8042,0.000,0.000,0.000,-15.029,-56.514
8043,0.000,0.000,0.000,-15.029,-56.514
8044,0.000,0.000,0.000,-15.029,-56.426
8045,0.000,0.000,0.000,-15.029,-56.338
8046,0.000,0.000,0.000,-15.029,-56.250
8047,0.000,0.000,0.000,-15.029,-56.250
8048,0.000,0.000,0.000,-15.029,-56.162
8049,0.000,0.000,0.000,-15.029,-55.986
8050,0.000,0.000,0.000,-15.029,-55.986
8051,0.000,0.000,0.000,-15.029,-55.898
8052,0.000,0.000,0.000,-15.029,-55.811
8053,0.000,0.000,0.000,-15.029,-55.635
8054,0.000,0.000,0.000,-15.029,-55.635
8055,0.000,0.000,0.000,-15.029,-55.459
8056,0.000,0.000,0.000,-15.029,-55.371
8057,0.000,0.000,0.000,-15.029,-55.371
8058,0.000,0.000,0.000,-15.029,-55.283
8059,0.000,0.000,0.000,-15.029,-55.195
8060,0.000,0.000,0.000,-15.029,-55.107
8061,0.000,0.000,0.000,-15.029,-55.020
8062,0.000,0.000,0.000,-15.029,-54.932
8063,0.000,0.000,0.000,-15.029,-54.844
8064,0.000,0.000,0.000,-15.029,-54.756
8065,0.000,0.000,0.000,-15.029,-54.668
8066,0.000,0.000,0.000,-15.029,-54.580
8067,0.000,0.000,0.000,-15.029,-54.580
8068,0.000,0.000,0.000,-15.029,-54.492
8069,0.000,0.000,0.000,-15.029,-54.316
8070,0.000,0.000,0.000,-15.029,-54.316
8071,0.000,0.000,0.000,-15.029,-54.229
8072,0.000,0.000,0.000,-15.029,-54.141
8073,0.000,0.000,0.000,-15.029,-54.053
8074,0.000,0.000,0.000,-15.029,-53.965
8075,0.000,0.000,0.000,-15.029,-53.877
8076,0.000,0.000,0.000,-15.029,-53.789
8077,0.000,0.000,0.000,-15.029,-53.701
8078,0.000,0.000,0.000,-15.029,-53.613
8079,0.000,0.000,0.000,-15.029,-53.525
8080,0.000,0.000,0.000,-15.029,-53.438
8081,0.000,0.000,0.000,-15.029,-53.438
8082,0.000,0.000,0.000,-15.029,-53.350
8083,0.000,0.000,0.000,-15.029,-53.262
8084,0.000,0.000,0.000,-15.029,-53.086
8085,0.000,0.000,0.000,-15.029,-53.086
8086,0.000,0.000,0.000,-15.029,-52.998
8087,0.000,0.000,0.000,-15.029,-52.910
8088,0.000,0.000,0.000,-15.029,-52.910
8089,0.000,0.000,0.000,-15.029,-52.822
8090,0.000,0.000,0.000,-15.029,-52.646
8091,0.000,0.000,0.000,-15.029,-52.646
8092,0.000,0.000,0.000,-15.029,-52.559
8093,0.000,0.000,0.000,-15.029,-52.471
8094,0.000,0.000,0.000,-15.029,-52.383
8095,0.000,0.000,0.000,-15.029,-52.295
8096,0.000,0.000,0.000,-15.029,-52.207
8097,0.000,0.000,0.000,-15.029,-52.119
8098,0.000,0.000,0.000,-15.029,-51.943
8099,0.000,0.000,0.000,-15.029,-51.943
8100,0.000,0.000,0.000,-15.029,-51.855
8101,0.000,0.000,0.000,-15.029,-51.768
8102,0.000,0.000,0.000,-15.029,-51.768
8103,0.000,0.000,0.000,-15.029,-51.592
8104,0.000,0.000,0.000,-14.941,-51.592
8105,0.000,0.000,0.000,-14.941,-51.504
8106,0.000,0.000,0.000,-14.941,-51.504
8107,0.000,0.000,0.000,-14.941,-51.328
8108,0.000,0.000,0.000,-14.941,-51.328
8109,0.000,0.000,0.000,-14.941,-51.240
8110,0.000,0.000,0.000,-14.941,-51.152
8111,0.000,0.000,0.000,-14.941,-51.064
8112,0.000,0.000,0.000,-14.941,-50.977
8113,0.000,0.000,0.000,-14.941,-50.801
8114,0.000,0.000,0.000,-14.941,-50.801
8115,0.000,0.000,0.000,-14.941,-50.713
8116,0.000,0.000,0.000,-14.941,-50.625
8117,0.000,0.000,0.000,-14.941,-50.537
8118,0.000,0.000,0.000,-14.941,-50.449
8119,0.000,0.000,0.000,-14.941,-50.449
8120,0.000,0.000,0.000,-14.941,-50.273
8121,0.000,0.000,0.000,-14.941,-50.273
8122,0.000,0.000,0.000,-14.941,-50.186
8123,0.000,0.000,0.000,-14.941,-50.098
8124,0.000,0.000,0.000,-14.941,-50.098
8125,0.000,0.000,0.000,-14.941,-50.010
8126,0.000,0.000,0.000,-14.941,-49.922
8127,0.000,0.000,0.000,-14.941,-49.834
8128,0.000,0.000,0.000,-14.941,-49.746
8129,0.000,0.000,0.000,-14.941,-49.658
8130,0.000,0.000,0.000,-14.941,-49.658
8131,0.000,0.000,0.000,-14.941,-49.482
8132,0.000,0.000,0.000,-14.941,-49.482
8133,0.000,0.000,0.000,-14.941,-49.395
8134,0.000,0.000,0.000,-14.941,-49.307
8135,0.000,0.000,0.000,-14.941,-49.219
8136,0.000,0.000,0.000,-14.941,-49.131
8137,0.000,0.000,0.000,-14.941,-49.043
8138,0.000,0.000,0.000,-14.941,-49.043
8139,0.000,0.000,0.000,-14.941,-48.955
8140,0.000,0.000,0.000,-14.941,-48.867
8141,0.000,0.000,0.000,-14.941,-48.779
8142,0.000,0.000,0.000,-14.941,-48.691
8143,0.000,0.000,0.000,-14.941,-48.691
8144,0.000,0.000,0.000,-14.941,-48.604
8145,0.000,0.000,0.000,-14.941,-48.516
8146,0.000,0.000,0.000,-14.941,-48.428
8147,0.000,0.000,0.000,-14.941,-48.428
8148,0.000,0.000,0.000,-14.941,-48.252
8149,0.000,0.000,0.000,-14.941,-48.252
8150,0.000,0.000,0.000,-14.941,-48.164
8151,0.000,0.000,0.000,-14.941,-48.076
8152,0.000,0.000,0.000,-14.941,-48.076
8153,0.000,0.000,0.000,-14.941,-47.988
8154,0.000,0.000,0.000,-14.941,-47.900
8155,0.000,0.000,0.000,-14.854,-47.813
8156,0.000,0.000,0.000,-14.854,-47.725
8157,0.000,0.000,0.000,-14.854,-47.725
8158,0.000,0.000,0.000,-14.854,-47.637
8159,0.000,0.000,0.000,-14.854,-47.549
8160,0.000,0.000,0.000,-14.854,-47.461
8161,0.000,0.000,0.000,-14.854,-47.373
8162,0.000,0.000,0.000,-14.854,-47.285
8163,0.000,0.000,0.000,-14.854,-47.285
8164,0.000,0.000,0.000,-14.854,-47.197
8165,0.000,0.000,0.000,-14.854,-47.109
8166,0.000,0.000,0.000,-14.854,-47.109
8167,0.000,0.000,0.000,-14.854,-46.934
8168,0.000,0.000,0.000,-14.854,-46.934
8169,0.000,0.000,0.000,-14.854,-46.934
8170,0.000,0.000,0.000,-14.854,-46.758
8171,0.000,0.000,0.000,-14.854,-46.758
8172,0.000,0.000,0.000,-14.854,-46.670
8173,0.000,0.000,0.000,-14.854,-46.582
8174,0.000,0.000,0.000,-14.854,-46.494
8175,0.000,0.000,0.000,-14.766,-46.406
8176,0.000,0.000,0.000,-14.766,-46.406
8177,0.000,0.000,0.000,-14.766,-46.318
8178,0.000,0.000,0.000,-14.766,-46.230
8179,0.000,0.000,0.000,-14.766,-46.143
8180,0.000,0.000,0.000,-14.766,-46.143
8181,0.000,0.000,0.000,-14.766,-46.055
8182,0.000,0.000,0.000,-14.766,-45.967
8183,0.000,0.000,0.000,-14.766,-45.967
8184,0.000,0.000,0.000,-14.766,-45.879
8185,0.000,0.000,0.000,-14.766,-45.791
8186,0.000,0.000,0.000,-14.766,-45.703
8187,0.000,0.000,0.000,-14.766,-45.703
8188,0.000,0.000,0.000,-14.766,-45.615
8189,0.000,0.000,0.000,-14.766,-45.615
8190,0.000,0.000,0.000,-14.766,-45.527
8191,0.000,0.000,0.000,-14.766,-45.439
8192,0.000,0.000,0.000,-14.766,-45.352
8193,0.000,0.000,0.000,-14.766,-45.264
8194,0.000,0.000,0.000,-14.766,-45.264
8195,0.000,0.000,0.000,-14.766,-45.176
8196,0.000,0.000,0.000,-14.766,-45.176
8197,0.000,0.000,0.000,-14.766,-45.000
8198,0.000,0.000,0.000,-14.766,-45.000
8199,0.000,0.000,0.000,-14.766,-45.000
8200,0.000,0.000,0.000,-14.766,-44.824
8201,0.000,0.000,0.000,-14.766,-44.824
8202,0.000,0.000,0.000,-14.766,-44.824
8203,0.000,0.000,0.000,-14.766,-44.736
8204,0.000,0.000,0.000,-14.766,-44.648
8205,0.000,0.000,0.000,-14.766,-44.561
8206,0.000,0.000,0.000,-14.766,-44.561
8207,0.000,0.000,0.000,-14.766,-44.473
8208,0.000,0.000,0.000,-14.766,-44.385
8209,0.000,0.000,0.000,-14.766,-44.385
8210,0.000,0.000,0.000,-14.766,-44.297
8211,0.000,0.000,0.000,-14.766,-44.209
8212,0.000,0.000,0.000,-14.678,-44.209
8213,0.000,0.000,0.000,-14.678,-44.121
8214,0.000,0.000,0.000,-14.678,-44.033
8215,0.000,0.000,0.000,-14.678,-44.033
8216,0.000,0.000,0.000,-14.678,-43.945
8217,0.000,0.000,0.000,-14.678,-43.945
8218,0.000,0.000,0.000,-14.678,-43.857
8219,0.000,0.000,0.000,-14.678,-43.770
8220,0.000,0.000,0.000,-14.678,-43.682
8221,0.000,0.000,0.000,-14.678,-43.682
8222,0.000,0.000,0.000,-14.678,-43.594
8223,0.000,0.000,0.000,-14.678,-43.594
8224,0.000,0.000,0.000,-14.678,-43.506
8225,0.000,0.000,0.000,-14.678,-43.418
8226,0.000,0.000,0.000,-14.678,-43.418
8227,0.000,0.000,0.000,-14.678,-43.330
8228,0.000,0.000,0.000,-14.590,-43.242
8229,0.000,0.000,0.000,-14.590,-43.242
8230,0.000,0.000,0.000,-14.590,-43.154
8231,0.000,0.000,0.000,-14.590,-43.066
8232,0.000,0.000,0.000,-14.590,-43.066
8233,0.000,0.000,0.000,-14.590,-42.979
8234,0.000,0.000,0.000,-14.590,-42.891
8235,0.000,0.000,0.000,-14.590,-42.891
8236,0.000,0.000,0.000,-14.590,-42.891
8237,0.000,0.000,0.000,-14.590,-42.803
8238,0.000,0.000,0.000,-14.590,-42.715
8239,0.000,0.000,0.000,-14.590,-42.627
8240,0.000,0.000,0.000,-14.590,-42.627
8241,0.000,0.000,0.000,-14.590,-42.627
8242,0.000,0.000,0.000,-14.502,-42.539
8243,0.000,0.000,0.000,-14.502,-42.539
8244,0.000,0.000,0.000,-14.502,-42.451
8245,0.000,0.000,0.000,-14.502,-42.363
8246,0.000,0.000,0.000,-14.502,-42.363
8247,0.000,0.000,0.000,-14.502,-42.275
8248,0.000,0.000,0.000,-14.502,-42.275
8249,0.000,0.000,0.000,-14.502,-42.188
8250,0.000,0.000,0.000,-14.502,-42.188
8251,0.000,0.000,0.000,-14.502,-42.100
8252,0.000,0.000,0.000,-14.502,-42.012
8253,0.000,0.000,0.000,-14.502,-42.012
8254,0.000,0.000,0.000,-14.502,-41.924
8255,0.000,0.000,0.000,-14.502,-41.836
8256,0.000,0.000,0.000,-14.502,-41.836
8257,0.000,0.000,0.000,-14.502,-41.836
8258,0.000,0.000,0.000,-14.502,-41.748
8259,0.000,0.000,0.000,-14.502,-41.748
8260,0.000,0.000,0.000,-14.502,-41.660
8261,0.000,0.000,0.000,-14.502,-41.660
8262,0.000,0.000,0.000,-14.502,-41.572
8263,0.000,0.000,0.000,-14.414,-41.572
8264,0.000,0.000,0.000,-14.414,-41.484
8265,0.000,0.000,0.000,-14.414,-41.396
8266,0.000,0.000,0.000,-14.414,-41.396
8267,0.000,0.000,0.000,-14.414,-41.309
8268,0.000,0.000,0.000,-14.414,-41.309
8269,0.000,0.000,0.000,-14.414,-41.309
8270,0.000,0.000,0.000,-14.414,-41.221
8271,0.000,0.000,0.000,-14.414,-41.221
8272,0.000,0.000,0.000,-14.414,-41.133
8273,0.000,0.000,0.000,-14.414,-41.133
8274,0.000,0.000,0.000,-14.414,-41.045
8275,0.000,0.000,0.000,-14.414,-40.957
8276,0.000,0.000,0.000,-14.414,-40.957
8277,0.000,0.000,0.000,-14.414,-40.869
8278,0.000,0.000,0.000,-14.414,-40.869
8279,0.000,0.000,0.000,-14.414,-40.781
8280,0.000,0.000,0.000,-14.414,-40.693
8281,0.000,0.000,0.000,-14.326,-40.693
8282,0.000,0.000,0.000,-14.326,-40.693
8283,0.000,0.000,0.000,-14.326,-40.693
8284,0.000,0.000,0.000,-14.326,-40.605
8285,0.000,0.000,0.000,-14.326,-40.518
8286,0.000,0.000,0.000,-14.326,-40.518
8287,0.000,0.000,0.000,-14.326,-40.518
8288,0.000,0.000,0.000,-14.326,-40.430
8289,0.000,0.000,0.000,-14.326,-40.430
8290,0.000,0.000,0.000,-14.326,-40.342
8291,0.000,0.000,0.000,-14.326,-40.342
8292,0.000,0.000,0.000,-14.326,-40.254
8293,0.000,0.000,0.000,-14.326,-40.254
8294,0.000,0.000,0.000,-14.238,-40.254
8295,0.000,0.000,0.000,-14.238,-40.166
8296,0.000,0.000,0.000,-14.238,-40.078
8297,0.000,0.000,0.000,-14.238,-40.078
8298,0.000,0.000,0.000,-14.238,-40.078
8299,0.000,0.000,0.000,-14.238,-39.990
8300,0.000,0.000,0.000,-14.238,-39.990
8301,0.000,0.000,0.000,-14.238,-39.902
8302,0.000,0.000,0.000,-14.238,-39.902
8303,0.000,0.000,0.000,-14.238,-39.814
8304,0.000,0.000,0.000,-14.150,-39.814
8305,0.000,0.000,0.000,-14.150,-39.727
8306,0.000,0.000,0.000,-14.150,-39.727
8307,0.000,0.000,0.000,-14.150,-39.727
8308,0.000,0.000,0.000,-14.150,-39.727
8309,0.000,0.000,0.000,-14.150,-39.639
8310,0.000,0.000,0.000,-14.150,-39.639
8311,0.000,0.000,0.000,-14.150,-39.551
8312,0.000,0.000,0.000,-14.150,-39.463
8313,0.000,0.000,0.000,-14.150,-39.463
8314,0.000,0.000,0.000,-14.150,-39.375
8315,0.000,0.000,0.000,-14.150,-39.375
8316,0.000,0.000,0.000,-14.150,-39.375
8317,0.000,0.000,0.000,-14.150,-39.287
8318,0.000,0.000,0.000,-14.150,-39.287
8319,0.000,0.000,0.000,-14.150,-39.287
8320,0.000,0.000,0.000,-14.150,-39.287
8321,0.000,0.000,0.000,-14.063,-39.199
8322,0.000,0.000,0.000,-14.063,-39.111
8323,0.000,0.000,0.000,-14.063,-39.111
8324,0.000,0.000,0.000,-14.063,-39.111
8325,0.000,0.000,0.000,-14.063,-39.111
8326,0.000,0.000,0.000,-14.063,-39.023
8327,0.000,0.000,0.000,-14.063,-39.023
8328,0.000,0.000,0.000,-13.975,-38.936
8329,0.000,0.000,0.000,-13.975,-38.936
8330,0.000,0.000,0.000,-13.975,-38.936
8331,0.000,0.000,0.000,-13.975,-38.848
8332,0.000,0.000,0.000,-13.975,-38.848
8333,0.000,0.000,0.000,-13.975,-38.848
8334,0.000,0.000,0.000,-13.975,-38.848
8335,0.000,0.000,0.000,-13.975,-38.760
8336,0.000,0.000,0.000,-13.975,-38.760
8337,0.000,0.000,0.000,-13.975,-38.760
8338,0.000,0.000,0.000,-13.975,-38.672
8339,0.000,0.000,0.000,-13.975,-38.672
8340,0.000,0.000,0.000,-13.975,-38.672
8341,0.000,0.000,0.000,-13.975,-38.584
8342,0.000,0.000,0.000,-13.975,-38.584
8343,0.000,0.000,0.000,-13.887,-38.496
8344,0.000,0.000,0.000,-13.887,-38.496
8345,0.000,0.000,0.000,-13.887,-38.496
8346,0.000,0.000,0.000,-13.887,-38.408
8347,0.000,0.000,0.000,-13.887,-38.408
8348,0.000,0.000,0.000,-13.887,-38.408
8349,0.000,0.000,0.000,-13.887,-38.320
8350,0.000,0.000,0.000,-13.887,-38.320
8351,0.000,0.000,0.000,-13.887,-38.320
8352,0.000,0.000,0.000,-13.887,-38.232
8353,0.000,0.000,0.000,-13.887,-38.232
8354,0.000,0.000,0.000,-13.799,-38.232
8355,0.000,0.000,0.000,-13.799,-38.145
8356,0.000,0.000,0.000,-13.799,-38.145
8357,0.000,0.000,0.000,-13.799,-38.145
8358,0.000,0.000,0.000,-13.799,-38.145
8359,0.000,0.000,0.000,-13.799,-38.057
8360,0.000,0.000,0.000,-13.799,-38.057
8361,0.000,0.000,0.000,-13.799,-38.057
8362,0.000,0.000,0.000,-13.799,-37.969
8363,0.000,0.000,0.000,-13.799,-37.969
8364,0.000,0.000,0.000,-13.799,-37.969
8365,0.000,0.000,0.000,-13.799,-37.969
8366,0.000,0.000,0.000,-13.711,-37.881
8367,0.000,0.000,0.000,-13.711,-37.881
8368,0.000,0.000,0.000,-13.711,-37.881
8369,0.000,0.000,0.000,-13.711,-37.881
8370,0.000,0.000,0.000,-13.711,-37.793
8371,0.000,0.000,0.000,-13.711,-37.793
8372,0.000,0.000,0.000,-13.711,-37.793
8373,0.000,0.000,0.000,-13.711,-37.793
8374,0.000,0.000,0.000,-13.711,-37.705
8375,0.000,0.000,0.000,-13.711,-37.705
8376,0.000,0.000,0.000,-13.711,-37.705
8377,0.000,0.000,0.000,-13.711,-37.617
8378,0.000,0.000,0.000,-13.711,-37.617
8379,0.000,0.000,0.000,-13.711,-37.617
8380,0.000,0.000,0.000,-13.711,-37.617
8381,0.000,0.000,0.000,-13.711,-37.529
8382,0.000,0.000,0.000,-13.623,-37.529
8383,0.000,0.000,0.000,-13.623,-37.529
8384,0.000,0.000,0.000,-13.623,-37.529
8385,0.000,0.000,0.000,-13.623,-37.441
8386,0.000,0.000,0.000,-13.623,-37.441
8387,0.000,0.000,0.000,-13.623,-37.441
8388,0.000,0.000,0.000,-13.623,-37.441
8389,0.000,0.000,0.000,-13.623,-37.441
8390,0.000,0.000,0.000,-13.623,-37.266
8391,0.000,0.000,0.000,-13.623,-37.266
8392,0.000,0.000,0.000,-13.623,-37.266
8393,0.000,0.000,0.000,-13.623,-37.266
8394,0.000,0.000,0.000,-13.535,-37.266
8395,0.000,0.000,0.000,-13.535,-37.266
8396,0.000,0.000,0.000,-13.535,-37.266
8397,0.000,0.000,0.000,-13.535,-37.178
8398,0.000,0.000,0.000,-13.535,-37.178
8399,0.000,0.000,0.000,-13.535,-37.178
8400,0.000,0.000,0.000,-13.535,-37.178
8401,0.000,0.000,0.000,-13.535,-37.090
8402,0.000,0.000,0.000,-13.535,-37.090
8403,0.000,0.000,0.000,-13.535,-37.090
8404,0.000,0.000,0.000,-13.535,-37.090
8405,0.000,0.000,0.000,-13.535,-37.002
8406,0.000,0.000,0.000,-13.535,-37.002
8407,0.000,0.000,0.000,-13.447,-37.002
8408,0.000,0.000,0.000,-13.447,-37.002
8409,0.000,0.000,0.000,-13.447,-36.914
8410,0.000,0.000,0.000,-13.447,-36.914
8411,0.000,0.000,0.000,-13.447,-36.914
8412,0.000,0.000,0.000,-13.447,-36.914
8413,0.000,0.000,0.000,-13.447,-36.914
8414,0.000,0.000,0.000,-13.447,-36.826
8415,0.000,0.000,0.000,-13.447,-36.826
8416,0.000,0.000,0.000,-13.447,-36.826
8417,0.000,0.000,0.000,-13.447,-36.826
8418,0.000,0.000,0.000,-13.447,-36.826
8419,0.000,0.000,0.000,-13.447,-36.826
8420,0.000,0.000,0.000,-13.447,-36.738
8421,0.000,0.000,0.000,-13.447,-36.738
8422,0.000,0.000,0.000,-13.447,-36.738
8423,0.000,0.000,0.000,-13.359,-36.738
8424,0.000,0.000,0.000,-13.359,-36.738
8425,0.000,0.000,0.000,-13.359,-36.738
8426,0.000,0.000,0.000,-13.359,-36.738
8427,0.000,0.000,0.000,-13.359,-36.650
8428,0.000,0.000,0.000,-13.359,-36.650
8429,0.000,0.000,0.000,-13.359,-36.650
8430,0.000,0.000,0.000,-13.359,-36.563
8431,0.000,0.000,0.000,-13.271,-36.563
8432,0.000,0.000,0.000,-13.271,-36.563
8433,0.000,0.000,0.000,-13.271,-36.563
8434,0.000,0.000,0.000,-13.271,-36.563
8435,0.000,0.000,0.000,-13.271,-36.563
8436,0.000,0.000,0.000,-13.271,-36.563
8437,0.000,0.000,0.000,-13.271,-36.475
8438,0.000,0.000,0.000,-13.271,-36.475
8439,0.000,0.000,0.000,-13.271,-36.475
8440,0.000,0.000,0.000,-13.271,-36.475
8441,0.000,0.000,0.000,-13.271,-36.475
8442,0.000,0.000,0.000,-13.271,-36.475
8443,0.000,0.000,0.000,-13.271,-36.475
8444,0.000,0.000,0.000,-13.271,-36.387
8445,0.000,0.000,0.000,-13.271,-36.387
8446,0.000,0.000,0.000,-13.271,-36.387
8447,0.000,0.000,0.000,-13.271,-36.387
8448,0.000,0.000,0.000,-13.271,-36.387
8449,0.000,0.000,0.000,-13.271,-36.387
8450,0.000,0.000,0.000,-13.184,-36.299
8451,0.000,0.000,0.000,-13.184,-36.299
8452,0.000,0.000,0.000,-13.184,-36.299
8453,0.000,0.000,0.000,-13.184,-36.299
8454,0.000,0.000,0.000,-13.184,-36.211
8455,0.000,0.000,0.000,-13.184,-36.211
8456,0.000,0.000,0.000,-13.184,-36.211
8457,0.000,0.000,0.000,-13.184,-36.211
8458,0.000,0.000,0.000,-13.184,-36.211
8459,0.000,0.000,0.000,-13.184,-36.211
8460,0.000,0.000,0.000,-13.096,-36.211
8461,0.000,0.000,0.000,-13.096,-36.211
8462,0.000,0.000,0.000,-13.096,-36.123
8463,0.000,0.000,0.000,-13.096,-36.123
8464,0.000,0.000,0.000,-13.096,-36.123
8465,0.000,0.000,0.000,-13.096,-36.123
8466,0.000,0.000,0.000,-13.096,-36.123
8467,0.000,0.000,0.000,-13.096,-36.123
8468,0.000,0.000,0.000,-13.096,-36.123
8469,0.000,0.000,0.000,-13.096,-36.123
8470,0.000,0.000,0.000,-13.096,-36.123
8471,0.000,0.000,0.000,-13.096,-36.123
8472,0.000,0.000,0.000,-13.096,-36.123
8473,0.000,0.000,0.000,-13.096,-36.123
8474,0.000,0.000,0.000,-13.096,-36.035
8475,0.000,0.000,0.000,-13.096,-36.035
8476,0.000,0.000,0.000,-13.008,-36.035
8477,0.000,0.000,0.000,-13.008,-36.035
8478,0.000,0.000,0.000,-13.008,-36.035
8479,0.000,0.000,0.000,-13.008,-36.035
8480,0.000,0.000,0.000,-13.008,-36.035
8481,0.000,0.000,0.000,-13.008,-36.035
8482,0.000,0.000,0.000,-13.008,-35.947
8483,0.000,0.000,0.000,-13.008,-35.947
8484,0.000,0.000,0.000,-13.008,-35.947
8485,0.000,0.000,0.000,-13.008,-35.947
8486,0.000,0.000,0.000,-13.008,-35.947
8487,0.000,0.000,0.000,-12.920,-35.947
8488,0.000,0.000,0.000,-12.920,-35.947
8489,0.000,0.000,0.000,-12.920,-35.859
8490,0.000,0.000,0.000,-12.920,-35.859
8491,0.000,0.000,0.000,-12.920,-35.859
8492,0.000,0.000,0.000,-12.920,-35.859
8493,0.000,0.000,0.000,-12.920,-35.859
8494,0.000,0.000,0.000,-12.920,-35.859
8495,0.000,0.000,0.000,-12.920,-35.859
8496,0.000,0.000,0.000,-12.920,-35.859
8497,0.000,0.000,0.000,-12.920,-35.859
8498,0.000,0.000,0.000,-12.920,-35.859
8499,0.000,0.000,0.000,-12.920,-35.859
8500,0.000,0.000,0.000,-12.920,-35.859
8501,0.000,0.000,0.000,-12.920,-35.859
8502,0.000,0.000,0.000,-12.920,-35.859
8503,0.000,0.000,0.000,-12.832,-35.859
8504,0.000,0.000,0.000,-12.832,-35.859
8505,0.000,0.000,0.000,-12.832,-35.859
8506,0.000,0.000,0.000,-12.832,-35.859
8507,0.000,0.000,0.000,-12.832,-35.859
8508,0.000,0.000,0.000,-12.832,-35.859
8509,0.000,0.000,0.000,-12.832,-35.859
8510,0.000,0.000,0.000,-12.832,-35.859
8511,0.000,0.000,0.000,-12.832,-35.859
8512,0.000,0.000,0.000,-12.832,-35.859
8513,0.000,0.000,0.000,-12.832,-35.859
8514,0.000,0.000,0.000,-12.832,-35.859
8515,0.000,0.000,0.000,-12.832,-35.859
8516,0.000,0.000,0.000,-12.832,-35.859
8517,0.000,0.000,0.000,-12.744,-35.859
8518,0.000,0.000,0.000,-12.744,-35.859
8519,0.000,0.000,0.000,-12.744,-35.859
8520,0.000,0.000,0.000,-12.744,-35.771
8521,0.000,0.000,0.000,-12.744,-35.771
8522,0.000,0.000,0.000,-12.744,-35.771
8523,0.000,0.000,0.000,-12.744,-35.771
8524,0.000,0.000,0.000,-12.744,-35.771
8525,0.000,0.000,0.000,-12.744,-35.771
8526,0.000,0.000,0.000,-12.744,-35.771
8527,0.000,0.000,0.000,-12.744,-35.771
8528,0.000,0.000,0.000,-12.744,-35.771
8529,0.000,0.000,0.000,-12.744,-35.771
8530,0.000,0.000,0.000,-12.744,-35.771
8531,0.000,0.000,0.000,-12.744,-35.771
8532,0.000,0.000,0.000,-12.656,-35.771
8533,0.000,0.000,0.000,-12.656,-35.771
8534,0.000,0.000,0.000,-12.656,-35.771
8535,0.000,0.000,0.000,-12.656,-35.771
8536,0.000,0.000,0.000,-12.656,-35.771
8537,0.000,0.000,0.000,-12.656,-35.771
8538,0.000,0.000,0.000,-12.656,-35.771
8539,0.000,0.000,0.000,-12.656,-35.771
8540,0.000,0.000,0.000,-12.656,-35.771
8541,0.000,0.000,0.000,-12.656,-35.771
8542,0.000,0.000,0.000,-12.656,-35.771
8543,0.000,0.000,0.000,-12.656,-35.771
8544,0.000,0.000,0.000,-12.656,-35.771
8545,0.000,0.000,0.000,-12.656,-35.771
8546,0.000,0.000,0.000,-12.656,-35.771
8547,0.000,0.000,0.000,-12.568,-35.771
8548,0.000,0.000,0.000,-12.568,-35.771
8549,0.000,0.000,0.000,-12.568,-35.771
8550,0.000,0.000,0.000,-12.568,-35.771
8551,0.000,0.000,0.000,-12.480,-35.771
8552,0.000,0.000,0.000,-12.480,-35.771
8553,0.000,0.000,0.000,-12.480,-35.771
8554,0.000,0.000,0.000,-12.480,-35.771
8555,0.000,0.000,0.000,-12.480,-35.771
8556,0.000,0.000,0.000,-12.480,-35.771
8557,0.000,0.000,0.000,-12.480,-35.771
8558,0.000,0.000,0.000,-12.480,-35.771
8559,0.000,0.000,0.000,-12.480,-35.771
8560,0.000,0.000,0.000,-12.480,-35.771
8561,0.000,0.000,0.000,-12.480,-35.771
8562,0.000,0.000,0.000,-12.393,-35.771
8563,0.000,0.000,0.000,-12.393,-35.771
8564,0.000,0.000,0.000,-12.393,-35.771
8565,0.000,0.000,0.000,-12.393,-35.771
8566,0.000,0.000,0.000,-12.393,-35.771
8567,0.000,0.000,0.000,-12.393,-35.771
8568,0.000,0.000,0.000,-12.393,-35.771
8569,0.000,0.000,0.000,-12.393,-35.771
8570,0.000,0.000,0.000,-12.393,-35.771
8571,0.000,0.000,0.000,-12.393,-35.771
8572,0.000,0.000,0.000,-12.393,-35.771
8573,0.000,0.000,0.000,-12.393,-35.771
8574,0.000,0.000,0.000,-12.393,-35.771
8575,0.000,0.000,0.000,-12.393,-35.771
8576,0.000,0.000,0.000,-12.393,-35.771
8577,0.000,0.000,0.000,-12.393,-35.771
8578,0.000,0.000,0.000,-12.305,-35.771
8579,0.000,0.000,0.000,-12.305,-35.771
8580,0.000,0.000,0.000,-12.305,-35.771
8581,0.000,0.000,0.000,-12.305,-35.771
8582,0.000,0.000,0.000,-12.305,-35.771
8583,0.000,0.000,0.000,-12.305,-35.771
8584,0.000,0.000,0.000,-12.305,-35.771
8585,0.000,0.000,0.000,-12.305,-35.771
8586,0.000,0.000,0.000,-12.305,-35.771
8587,0.000,0.000,0.000,-12.305,-35.771
8588,0.000,0.000,0.000,-12.305,-35.771
8589,0.000,0.000,0.000,-12.305,-35.771
8590,0.000,0.000,0.000,-12.305,-35.771
8591,0.000,0.000,0.000,-12.305,-35.771
8592,0.000,0.000,0.000,-12.217,-35.771
8593,0.000,0.000,0.000,-12.217,-35.771
8594,0.000,0.000,0.000,-12.217,-35.771
8595,0.000,0.000,0.000,-12.217,-35.771
8596,0.000,0.000,0.000,-12.217,-35.771
8597,0.000,0.000,0.000,-12.217,-35.771
8598,0.000,0.000,0.000,-12.217,-35.771
8599,0.000,0.000,0.000,-12.217,-35.859
8600,0.000,0.000,0.000,-12.217,-35.859
8601,0.000,0.000,0.000,-12.217,-35.859
8602,0.000,0.000,0.000,-12.217,-35.859
8603,0.000,0.000,0.000,-12.129,-35.859
8604,0.000,0.000,0.000,-12.129,-35.859
8605,0.000,0.000,0.000,-12.129,-35.859
8606,0.000,0.000,0.000,-12.129,-35.947
8607,0.000,0.000,0.000,-12.129,-35.947
8608,0.000,0.000,0.000,-12.129,-35.947
8609,0.000,0.000,0.000,-12.129,-35.947
8610,0.000,0.000,0.000,-12.129,-35.947
8611,0.000,0.000,0.000,-12.129,-35.947
8612,0.000,0.000,0.000,-12.041,-35.947
8613,0.000,0.000,0.000,-12.041,-35.947
8614,0.000,0.000,0.000,-12.041,-35.947
8615,0.000,0.000,0.000,-12.041,-35.947
8616,0.000,0.000,0.000,-12.041,-35.947
8617,0.000,0.000,0.000,-12.041,-35.947
8618,0.000,0.000,0.000,-12.041,-36.035
8619,0.000,0.000,0.000,-12.041,-36.035
8620,0.000,0.000,0.000,-12.041,-36.035
8621,0.000,0.000,0.000,-12.041,-36.035
8622,0.000,0.000,0.000,-12.041,-36.035
8623,0.000,0.000,0.000,-12.041,-36.035
8624,0.000,0.000,0.000,-12.041,-36.035
8625,0.000,0.000,0.000,-11.953,-36.035
8626,0.000,0.000,0.000,-11.953,-36.035
8627,0.000,0.000,0.000,-11.953,-36.123
8628,0.000,0.000,0.000,-11.953,-36.123
8629,0.000,0.000,0.000,-11.953,-36.123
8630,0.000,0.000,0.000,-11.953,-36.123
8631,0.000,0.000,0.000,-11.953,-36.123
8632,0.000,0.000,0.000,-11.953,-36.123
8633,0.000,0.000,0.000,-11.953,-36.123
8634,0.000,0.000,0.000,-11.953,-36.123
8635,0.000,0.000,0.000,-11.953,-36.211
8636,0.000,0.000,0.000,-11.953,-36.211
8637,0.000,0.000,0.000,-11.953,-36.211
8638,0.000,0.000,0.000,-11.953,-36.211
8639,0.000,0.000,0.000,-11.953,-36.299
8640,0.000,0.000,0.000,-11.865,-36.299
8641,0.000,0.000,0.000,-11.865,-36.299
8642,0.000,0.000,0.000,-11.865,-36.299
8643,0.000,0.000,0.000,-11.865,-36.299
8644,0.000,0.000,0.000,-11.865,-36.299
8645,0.000,0.000,0.000,-11.865,-36.299
8646,0.000,0.000,0.000,-11.865,-36.299
8647,0.000,0.000,0.000,-11.865,-36.299
8648,0.000,0.000,0.000,-11.865,-36.299
8649,0.000,0.000,0.000,-11.865,-36.299
8650,0.000,0.000,0.000,-11.777,-36.387
8651,0.000,0.000,0.000,-11.777,-36.387
8652,0.000,0.000,0.000,-11.777,-36.475
8653,0.000,0.000,0.000,-11.777,-36.475
8654,0.000,0.000,0.000,-11.777,-36.475
8655,0.000,0.000,0.000,-11.689,-36.475
8656,0.000,0.000,0.000,-11.689,-36.475
8657,0.000,0.000,0.000,-11.689,-36.475
8658,0.000,0.000,0.000,-11.689,-36.475
8659,0.000,0.000,0.000,-11.689,-36.475
8660,0.000,0.000,0.000,-11.689,-36.563
8661,0.000,0.000,0.000,-11.689,-36.563
8662,0.000,0.000,0.000,-11.689,-36.563
8663,0.000,0.000,0.000,-11.689,-36.563
8664,0.000,0.000,0.000,-11.689,-36.563
8665,0.000,0.000,0.000,-11.689,-36.563
8666,0.000,0.000,0.000,-11.689,-36.563
8667,0.000,0.000,0.000,-11.689,-36.563
8668,0.000,0.000,0.000,-11.689,-36.563
8669,0.000,0.000,0.000,-11.689,-36.563
8670,0.000,0.000,0.000,-11.689,-36.650
8671,0.000,0.000,0.000,-11.689,-36.650
8672,0.000,0.000,0.000,-11.689,-36.650
8673,0.000,0.000,0.000,-11.689,-36.650
8674,0.000,0.000,0.000,-11.689,-36.650
8675,0.000,0.000,0.000,-11.602,-36.650
8676,0.000,0.000,0.000,-11.602,-36.650
8677,0.000,0.000,0.000,-11.602,-36.650
8678,0.000,0.000,0.000,-11.602,-36.738
8679,0.000,0.000,0.000,-11.602,-36.738
8680,0.000,0.000,0.000,-11.602,-36.738
8681,0.000,0.000,0.000,-11.514,-36.738
8682,0.000,0.000,0.000,-11.514,-36.738
8683,0.000,0.000,0.000,-11.514,-36.738
8684,0.000,0.000,0.000,-11.514,-36.738
8685,0.000,0.000,0.000,-11.514,-36.826
8686,0.000,0.000,0.000,-11.514,-36.826
8687,0.000,0.000,0.000,-11.514,-36.826
8688,0.000,0.000,0.000,-11.514,-36.826
8689,0.000,0.000,0.000,-11.514,-36.826
8690,0.000,0.000,0.000,-11.426,-36.826
8691,0.000,0.000,0.000,-11.426,-36.826
8692,0.000,0.000,0.000,-11.426,-36.826
8693,0.000,0.000,0.000,-11.426,-36.914
8694,0.000,0.000,0.000,-11.426,-36.914
8695,0.000,0.000,0.000,-11.426,-36.914
8696,0.000,0.000,0.000,-11.426,-36.914
8697,0.000,0.000,0.000,-11.426,-36.914
8698,0.000,0.000,0.000,-11.426,-36.914
8699,0.000,0.000,0.000,-11.426,-36.914
8700,0.000,0.000,0.000,-11.426,-37.002
8701,0.000,0.000,0.000,-11.338,-37.002
8702,0.000,0.000,0.000,-11.338,-37.002
8703,0.000,0.000,0.000,-11.338,-37.002
8704,0.000,0.000,0.000,-11.338,-37.002
8705,0.000,0.000,0.000,-11.338,-37.002
8706,0.000,0.000,0.000,-11.338,-37.002
8707,0.000,0.000,0.000,-11.338,-37.002
8708,0.000,0.000,0.000,-11.338,-37.002
8709,0.000,0.000,0.000,-11.338,-37.002
8710,0.000,0.000,0.000,-11.338,-37.002
8711,0.000,0.000,0.000,-11.338,-37.002
8712,0.000,0.000,0.000,-11.338,-37.090
8713,0.000,0.000,0.000,-11.338,-37.090
8714,0.000,0.000,0.000,-11.338,-37.090
8715,0.000,0.000,0.000,-11.338,-37.090
8716,0.000,0.000,0.000,-11.338,-37.090
8717,0.000,0.000,0.000,-11.338,-37.090
8718,0.000,0.000,0.000,-11.338,-37.090
8719,0.000,0.000,0.000,-11.250,-37.178
8720,0.000,0.000,0.000,-11.250,-37.178
8721,0.000,0.000,0.000,-11.250,-37.178
8722,0.000,0.000,0.000,-11.250,-37.178
8723,0.000,0.000,0.000,-11.250,-37.178
8724,0.000,0.000,0.000,-11.250,-37.178
8725,0.000,0.000,0.000,-11.250,-37.178
8726,0.000,0.000,0.000,-11.250,-37.178
8727,0.000,0.000,0.000,-11.162,-37.178
8728,0.000,0.000,0.000,-11.162,-37.266
8729,0.000,0.000,0.000,-11.162,-37.266
8730,0.000,0.000,0.000,-11.162,-37.266
8731,0.000,0.000,0.000,-11.162,-37.266
8732,0.000,0.000,0.000,-11.162,-37.266
8733,0.000,0.000,0.000,-11.162,-37.266
8734,0.000,0.000,0.000,-11.074,-37.266
8735,0.000,0.000,0.000,-11.074,-37.266
8736,0.000,0.000,0.000,-11.074,-37.266
8737,0.000,0.000,0.000,-11.074,-37.266
8738,0.000,0.000,0.000,-11.074,-37.266
8739,0.000,0.000,0.000,-11.074,-37.266
8740,0.000,0.000,0.000,-11.074,-37.354
8741,0.000,0.000,0.000,-11.074,-37.354
8742,0.000,0.000,0.000,-11.074,-37.354
8743,0.000,0.000,0.000,-11.074,-37.354
8744,0.000,0.000,0.000,-11.074,-37.354
8745,0.000,0.000,0.000,-11.074,-37.354
8746,0.000,0.000,0.000,-11.074,-37.354
8747,0.000,0.000,0.000,-11.074,-37.354
8748,0.000,0.000,0.000,-11.074,-37.354
8749,0.000,0.000,0.000,-10.986,-37.354
8750,0.000,0.000,0.000,-10.986,-37.441
8751,0.000,0.000,0.000,-10.986,-37.441
8752,0.000,0.000,0.000,-10.986,-37.441
8753,0.000,0.000,0.000,-10.986,-37.441
8754,0.000,0.000,0.000,-10.986,-37.441
8755,0.000,0.000,0.000,-10.986,-37.529
8756,0.000,0.000,0.000,-10.986,-37.529
8757,0.000,0.000,0.000,-10.986,-37.529
8758,0.000,0.000,0.000,-10.986,-37.529
8759,0.000,0.000,0.000,-10.986,-37.529
8760,0.000,0.000,0.000,-10.986,-37.529
8761,0.000,0.000,0.000,-10.986,-37.529
8762,0.000,0.000,0.000,-10.986,-37.529
8763,0.000,0.000,0.000,-10.986,-37.529
8764,0.000,0.000,0.000,-10.986,-37.529
8765,0.000,0.000,0.000,-10.898,-37.529
8766,0.000,0.000,0.000,-10.898,-37.529
8767,0.000,0.000,0.000,-10.898,-37.529
8768,0.000,0.000,0.000,-10.898,-37.529
8769,0.000,0.000,0.000,-10.898,-37.529
8770,0.000,0.000,0.000,-10.898,-37.529
8771,0.000,0.000,0.000,-10.898,-37.529
8772,0.000,0.000,0.000,-10.898,-37.529
8773,0.000,0.000,0.000,-10.898,-37.529
8774,0.000,0.000,0.000,-10.898,-37.529
8775,0.000,0.000,0.000,-10.898,-37.529
8776,0.000,0.000,0.000,-10.898,-37.529
8777,0.000,0.000,0.000,-10.898,-37.529
8778,0.000,0.000,0.000,-10.898,-37.529
8779,0.000,0.000,0.000,-10.898,-37.617
8780,0.000,0.000,0.000,-10.898,-37.617
8781,0.000,0.000,0.000,-10.898,-37.617
8782,0.000,0.000,0.000,-10.811,-37.617
8783,0.000,0.000,0.000,-10.811,-37.617
8784,0.000,0.000,0.000,-10.811,-37.617
8785,0.000,0.000,0.000,-10.811,-37.617
8786,0.000,0.000,0.000,-10.811,-37.617
8787,0.000,0.000,0.000,-10.811,-37.617
8788,0.000,0.000,0.000,-10.811,-37.617
8789,0.000,0.000,0.000,-10.811,-37.617
8790,0.000,0.000,0.000,-10.811,-37.617
8791,0.000,0.000,0.000,-10.811,-37.617
8792,0.000,0.000,0.000,-10.811,-37.617
8793,0.000,0.000,0.000,-10.811,-37.705
8794,0.000,0.000,0.000,-10.811,-37.705
8795,0.000,0.000,0.000,-10.811,-37.705
8796,0.000,0.000,0.000,-10.811,-37.705
8797,0.000,0.000,0.000,-10.811,-37.705
8798,0.000,0.000,0.000,-10.723,-37.705
8799,0.000,0.000,0.000,-10.723,-37.705
8800,0.000,0.000,0.000,-10.723,-37.705
8801,0.000,0.000,0.000,-10.635,-37.705
8802,0.000,0.000,0.000,-10.635,-37.705
8803,0.000,0.000,0.000,-10.635,-37.705
8804,0.000,0.000,0.000,-10.635,-37.705
8805,0.000,0.000,0.000,-10.635,-37.705
8806,0.000,0.000,0.000,-10.635,-37.705
8807,0.000,0.000,0.000,-10.635,-37.705
8808,0.000,0.000,0.000,-10.635,-37.705
8809,0.000,0.000,0.000,-10.635,-37.705
8810,0.000,0.000,0.000,-10.635,-37.705
8811,0.000,0.000,0.000,-10.635,-37.705
8812,0.000,0.000,0.000,-10.635,-37.705
8813,0.000,0.000,0.000,-10.635,-37.705
8814,0.000,0.000,0.000,-10.635,-37.705
8815,0.000,0.000,0.000,-10.635,-37.793
8816,0.000,0.000,0.000,-10.635,-37.793
8817,0.000,0.000,0.000,-10.635,-37.793
8818,0.000,0.000,0.000,-10.635,-37.793
8819,0.000,0.000,0.000,-10.635,-37.793
8820,0.000,0.000,0.000,-10.635,-37.793
8821,0.000,0.000,0.000,-10.635,-37.793
8822,0.000,0.000,0.000,-10.635,-37.793
8823,0.000,0.000,0.000,-10.635,-37.793
8824,0.000,0.000,0.000,-10.635,-37.793
8825,0.000,0.000,0.000,-10.635,-37.793
8826,0.000,0.000,0.000,-10.635,-37.793
8827,0.000,0.000,0.000,-10.635,-37.793
8828,0.000,0.000,0.000,-10.635,-37.793
8829,0.000,0.000,0.000,-10.635,-37.793
8830,0.000,0.000,0.000,-10.547,-37.793
8831,0.000,0.000,0.000,-10.547,-37.793
8832,0.000,0.000,0.000,-10.547,-37.793
8833,0.000,0.000,0.000,-10.547,-37.793
8834,0.000,0.000,0.000,-10.547,-37.881
8835,0.000,0.000,0.000,-10.547,-37.881
8836,0.000,0.000,0.000,-10.547,-37.881
8837,0.000,0.000,0.000,-10.547,-37.881
8838,0.000,0.000,0.000,-10.547,-37.881
8839,0.000,0.000,0.000,-10.547,-37.881
8840,0.000,0.000,0.000,-10.547,-37.881
8841,0.000,0.000,0.000,-10.547,-37.881
8842,0.000,0.000,0.000,-10.547,-37.881
8843,0.000,0.000,0.000,-10.547,-37.881
8844,0.000,0.000,0.000,-10.547,-37.881
8845,0.000,0.000,0.000,-10.547,-37.881
8846,0.000,0.000,0.000,-10.547,-37.881
8847,0.000,0.000,0.000,-10.547,-37.881
8848,0.000,0.000,0.000,-10.547,-37.881
8849,0.000,0.000,0.000,-10.459,-37.881
8850,0.000,0.000,0.000,-10.459,-37.881
8851,0.000,0.000,0.000,-10.459,-37.881
8852,0.000,0.000,0.000,-10.459,-37.881
8853,0.000,0.000,0.000,-10.459,-37.881
8854,0.000,0.000,0.000,-10.459,-37.881
8855,0.000,0.000,0.000,-10.459,-37.881
8856,0.000,0.000,0.000,-10.459,-37.881
8857,0.000,0.000,0.000,-10.459,-37.881
8858,0.000,0.000,0.000,-10.459,-37.881
8859,0.000,0.000,0.000,-10.459,-37.881
8860,0.000,0.000,0.000,-10.459,-37.881
8861,0.000,0.000,0.000,-10.459,-37.881
8862,0.000,0.000,0.000,-10.459,-37.881
8863,0.000,0.000,0.000,-10.371,-37.881
8864,0.000,0.000,0.000,-10.371,-37.881
8865,0.000,0.000,0.000,-10.371,-37.881
8866,0.000,0.000,0.000,-10.371,-37.881
8867,0.000,0.000,0.000,-10.371,-37.881
8868,0.000,0.000,0.000,-10.371,-37.881
8869,0.000,0.000,0.000,-10.371,-37.881
8870,0.000,0.000,0.000,-10.371,-37.881
8871,0.000,0.000,0.000,-10.371,-37.881
8872,0.000,0.000,0.000,-10.371,-37.881
8873,0.000,0.000,0.000,-10.371,-37.881
8874,0.000,0.000,0.000,-10.371,-37.881
8875,0.000,0.000,0.000,-10.283,-37.969
8876,0.000,0.000,0.000,-10.283,-37.969
8877,0.000,0.000,0.000,-10.283,-37.969
8878,0.000,0.000,0.000,-10.283,-37.969
8879,0.000,0.000,0.000,-10.283,-37.969
8880,0.000,0.000,0.000,-10.283,-37.969
8881,0.000,0.000,0.000,-10.283,-37.969
8882,0.000,0.000,0.000,-10.283,-37.969
8883,0.000,0.000,0.000,-10.283,-37.969
8884,0.000,0.000,0.000,-10.283,-37.969
8885,0.000,0.000,0.000,-10.283,-37.969
8886,0.000,0.000,0.000,-10.283,-37.969
8887,0.000,0.000,0.000,-10.283,-37.969
8888,0.000,0.000,0.000,-10.283,-37.969
8889,0.000,0.000,0.000,-10.283,-37.969
8890,0.000,0.000,0.000,-10.283,-37.969
8891,0.000,0.000,0.000,-10.283,-37.969
8892,0.000,0.000,0.000,-10.283,-37.969
8893,0.000,0.000,0.000,-10.283,-37.969
8894,0.000,0.000,0.000,-10.283,-37.969
8895,0.000,0.000,0.000,-10.283,-37.969
8896,0.000,0.000,0.000,-10.283,-37.969
8897,0.000,0.000,0.000,-10.283,-37.969
8898,0.000,0.000,0.000,-10.283,-37.969
8899,0.000,0.000,0.000,-10.283,-37.969
8900,0.000,0.000,0.000,-10.283,-37.969
8901,0.000,0.000,0.000,-10.195,-37.969
8902,0.000,0.000,0.000,-10.195,-37.969
8903,0.000,0.000,0.000,-10.195,-37.969
8904,0.000,0.000,0.000,-10.195,-37.969
8905,0.000,0.000,0.000,-10.195,-37.969
8906,0.000,0.000,0.000,-10.195,-37.969
8907,0.000,0.000,0.000,-10.195,-37.969
8908,0.000,0.000,0.000,-10.195,-37.969
8909,0.000,0.000,0.000,-10.195,-37.969
8910,0.000,0.000,0.000,-10.195,-37.969
8911,0.000,0.000,0.000,-10.195,-37.969
8912,0.000,0.000,0.000,-10.195,-37.969
8913,0.000,0.000,0.000,-10.195,-37.969
8914,0.000,0.000,0.000,-10.195,-37.969
8915,0.000,0.000,0.000,-10.195,-37.969
8916,0.000,0.000,0.000,-10.195,-37.969
8917,0.000,0.000,0.000,-10.195,-37.969
8918,0.000,0.000,0.000,-10.195,-37.969
8919,0.000,0.000,0.000,-10.195,-37.969
8920,0.000,0.000,0.000,-10.195,-37.969
8921,0.000,0.000,0.000,-10.195,-37.969
8922,0.000,0.000,0.000,-10.195,-37.969
8923,0.000,0.000,0.000,-10.195,-37.969
8924,0.000,0.000,0.000,-10.195,-37.969
8925,0.000,0.000,0.000,-10.195,-37.969
8926,0.000,0.000,0.000,-10.195,-37.969
8927,0.000,0.000,0.000,-10.107,-37.969
8928,0.000,0.000,0.000,-10.107,-37.969
8929,0.000,0.000,0.000,-10.107,-37.969
8930,0.000,0.000,0.000,-10.107,-37.969
8931,0.000,0.000,0.000,-10.107,-37.969
8932,0.000,0.000,0.000,-10.107,-37.969
8933,0.000,0.000,0.000,-10.107,-37.969
8934,0.000,0.000,0.000,-10.107,-37.969
8935,0.000,0.000,0.000,-10.107,-37.969
8936,0.000,0.000,0.000,-10.107,-37.969
8937,0.000,0.000,0.000,-10.107,-37.969
8938,0.000,0.000,0.000,-10.107,-37.969
8939,0.000,0.000,0.000,-10.107,-37.969
8940,0.000,0.000,0.000,-10.107,-37.969
8941,0.000,0.000,0.000,-10.107,-37.969
8942,0.000,0.000,0.000,-10.107,-37.969
8943,0.000,0.000,0.000,-10.107,-37.969
8944,0.000,0.000,0.000,-10.107,-37.969
8945,0.000,0.000,0.000,-10.107,-37.969
8946,0.000,0.000,0.000,-10.107,-37.969
8947,0.000,0.000,0.000,-10.107,-37.969
8948,0.000,0.000,0.000,-10.107,-37.969
8949,0.000,0.000,0.000,-10.107,-37.969
8950,0.000,0.000,0.000,-10.020,-37.969
8951,0.000,0.000,0.000,-10.020,-37.969
8952,0.000,0.000,0.000,-10.020,-37.969
8953,0.000,0.000,0.000,-10.020,-37.969
8954,0.000,0.000,0.000,-10.020,-37.969
8955,0.000,0.000,0.000,-10.020,-37.969
8956,0.000,0.000,0.000,-10.020,-37.969
8957,0.000,0.000,0.000,-10.020,-37.969
8958,0.000,0.000,0.000,-10.020,-37.969
8959,0.000,0.000,0.000,-10.020,-37.969
8960,0.000,0.000,0.000,-10.020,-37.969
8961,0.000,0.000,0.000,-10.020,-37.969
8962,0.000,0.000,0.000,-10.020,-37.969
8963,0.000,0.000,0.000,-10.020,-37.969
8964,0.000,0.000,0.000,-10.020,-37.969
8965,0.000,0.000,0.000,-10.020,-37.969
8966,0.000,0.000,0.000,-10.020,-37.969
8967,0.000,0.000,0.000,-10.020,-37.969
8968,0.000,0.000,0.000,-10.020,-37.969
8969,0.000,0.000,0.000,-10.020,-37.969
8970,0.000,0.000,0.000,-10.020,-37.969
8971,0.000,0.000,0.000,-10.020,-37.969
8972,0.000,0.000,0.000,-10.020,-37.969
8973,0.000,0.000,0.000,-10.020,-37.969
8974,0.000,0.000,0.000,-10.020,-37.969
8975,0.000,0.000,0.000,-10.020,-37.969
8976,0.000,0.000,0.000,-10.020,-37.969
8977,0.000,0.000,0.000,-10.020,-37.969
8978,0.000,0.000,0.000,-9.932,-37.969
8979,0.000,0.000,0.000,-9.932,-37.969
8980,0.000,0.000,0.000,-9.932,-37.969
8981,0.000,0.000,0.000,-9.932,-37.969
8982,0.000,0.000,0.000,-9.932,-37.969
8983,0.000,0.000,0.000,-9.932,-37.969
8984,0.000,0.000,0.000,-9.932,-37.969
8985,0.000,0.000,0.000,-9.932,-37.969
8986,0.000,0.000,0.000,-9.932,-37.969
8987,0.000,0.000,0.000,-9.932,-37.969
8988,0.000,0.000,0.000,-9.932,-37.969
8989,0.000,0.000,0.000,-9.932,-37.969
8990,0.000,0.000,0.000,-9.932,-37.969
8991,0.000,0.000,0.000,-9.932,-37.969
8992,0.000,0.000,0.000,-9.932,-37.969
8993,0.000,0.000,0.000,-9.932,-37.969
8994,0.000,0.000,0.000,-9.932,-37.969
8995,0.000,0.000,0.000,-9.932,-37.969
8996,0.000,0.000,0.000,-9.932,-37.969
8997,0.000,0.000,0.000,-9.932,-37.969
8998,0.000,0.000,0.000,-9.932,-37.969
8999,0.000,0.000,0.000,-9.932,-37.969
9000,0.000,0.000,0.000,-9.932,-37.969
9001,0.000,0.000,0.000,-9.932,-37.969
9002,0.000,0.000,0.000,-9.932,-37.969
9003,0.000,0.000,0.000,-9.932,-37.969
9004,0.000,0.000,0.000,-9.932,-37.969
9005,0.000,0.000,0.000,-9.932,-37.969
9006,0.000,0.000,0.000,-9.932,-37.969
9007,0.000,0.000,0.000,-9.932,-37.969
9008,0.000,0.000,0.000,-9.932,-37.969
9009,0.000,0.000,0.000,-9.932,-37.969
9010,0.000,0.000,0.000,-9.932,-37.969
9011,0.000,0.000,0.000,-9.932,-37.969
9012,0.000,0.000,0.000,-9.932,-37.969
9013,0.000,0.000,0.000,-9.932,-37.969
9014,0.000,0.000,0.000,-9.932,-37.969
9015,0.000,0.000,0.000,-9.932,-37.969
9016,0.000,0.000,0.000,-9.932,-37.969
9017,0.000,0.000,0.000,-9.932,-37.969
9018,0.000,0.000,0.000,-9.932,-37.969
9019,0.000,0.000,0.000,-9.932,-37.969
9020,0.000,0.000,0.000,-9.932,-37.969
9021,0.000,0.000,0.000,-9.844,-37.969
9022,0.000,0.000,0.000,-9.844,-37.969
9023,0.000,0.000,0.000,-9.844,-37.969
9024,0.000,0.000,0.000,-9.844,-37.969
9025,0.000,0.000,0.000,-9.844,-37.969
9026,0.000,0.000,0.000,-9.844,-37.969
9027,0.000,0.000,0.000,-9.844,-37.969
9028,0.000,0.000,0.000,-9.844,-37.969
9029,0.000,0.000,0.000,-9.844,-37.969
9030,0.000,0.000,0.000,-9.844,-37.969
9031,0.000,0.000,0.000,-9.756,-37.969
9032,0.000,0.000,0.000,-9.756,-37.969
9033,0.000,0.000,0.000,-9.756,-37.969
9034,0.000,0.000,0.000,-9.756,-37.969
9035,0.000,0.000,0.000,-9.756,-37.969
9036,0.000,0.000,0.000,-9.756,-37.969
9037,0.000,0.000,0.000,-9.756,-37.969
9038,0.000,0.000,0.000,-9.756,-37.969
9039,0.000,0.000,0.000,-9.756,-37.969
9040,0.000,0.000,0.000,-9.756,-37.969
9041,0.000,0.000,0.000,-9.756,-37.969
9042,0.000,0.000,0.000,-9.756,-37.969
9043,0.000,0.000,0.000,-9.756,-37.969
9044,0.000,0.000,0.000,-9.756,-37.969
9045,0.000,0.000,0.000,-9.756,-37.969
9046,0.000,0.000,0.000,-9.756,-37.969
9047,0.000,0.000,0.000,-9.756,-37.969
9048,0.000,0.000,0.000,-9.756,-37.969
9049,0.000,0.000,0.000,-9.756,-37.969
9050,0.000,0.000,0.000,-9.756,-37.969
9051,0.000,0.000,0.000,-9.756,-37.969
9052,0.000,0.000,0.000,-9.756,-37.969
9053,0.000,0.000,0.000,-9.756,-37.969
9054,0.000,0.000,0.000,-9.756,-37.969
9055,0.000,0.000,0.000,-9.756,-37.969
9056,0.000,0.000,0.000,-9.756,-37.969
9057,0.000,0.000,0.000,-9.756,-37.969
9058,0.000,0.000,0.000,-9.756,-37.969
9059,0.000,0.000,0.000,-9.756,-37.969
9060,0.000,0.000,0.000,-9.756,-37.969
9061,0.000,0.000,0.000,-9.756,-37.969
9062,0.000,0.000,0.000,-9.756,-37.969
9063,0.000,0.000,0.000,-9.756,-37.969
9064,0.000,0.000,0.000,-9.756,-37.969
9065,0.000,0.000,0.000,-9.756,-37.969
9066,0.000,0.000,0.000,-9.756,-37.969
9067,0.000,0.000,0.000,-9.756,-37.969
9068,0.000,0.000,0.000,-9.756,-37.969
9069,0.000,0.000,0.000,-9.756,-37.969
9070,0.000,0.000,0.000,-9.756,-37.969
9071,0.000,0.000,0.000,-9.756,-37.969
9072,0.000,0.000,0.000,-9.756,-37.969
9073,0.000,0.000,0.000,-9.756,-37.969
9074,0.000,0.000,0.000,-9.756,-37.969
9075,0.000,0.000,0.000,-9.756,-37.969
9076,0.000,0.000,0.000,-9.756,-37.969
9077,0.000,0.000,0.000,-9.756,-37.969
9078,0.000,0.000,0.000,-9.668,-37.969
9079,0.000,0.000,0.000,-9.668,-37.969
9080,0.000,0.000,0.000,-9.668,-37.969
9081,0.000,0.000,0.000,-9.668,-37.969
9082,0.000,0.000,0.000,-9.580,-37.969
9083,0.000,0.000,0.000,-9.580,-37.969
9084,0.000,0.000,0.000,-9.580,-37.969
9085,0.000,0.000,0.000,-9.580,-37.969
9086,0.000,0.000,0.000,-9.580,-37.969
9087,0.000,0.000,0.000,-9.580,-37.969
9088,0.000,0.000,0.000,-9.580,-37.969
9089,0.000,0.000,0.000,-9.580,-37.969
9090,0.000,0.000,0.000,-9.580,-37.969
9091,0.000,0.000,0.000,-9.580,-37.969
9092,0.000,0.000,0.000,-9.580,-37.969
9093,0.000,0.000,0.000,-9.580,-37.969
9094,0.000,0.000,0.000,-9.580,-37.969
9095,0.000,0.000,0.000,-9.580,-37.969
9096,0.000,0.000,0.000,-9.580,-37.969
9097,0.000,0.000,0.000,-9.580,-37.969
9098,0.000,0.000,0.000,-9.580,-37.969
9099,0.000,0.000,0.000,-9.580,-37.969
9100,0.000,0.000,0.000,-9.580,-37.969
9101,0.000,0.000,0.000,-9.580,-37.969
9102,0.000,0.000,0.000,-9.580,-37.969
9103,0.000,0.000,0.000,-9.580,-37.969
9104,0.000,0.000,0.000,-9.580,-37.969
9105,0.000,0.000,0.000,-9.580,-37.969
9106,0.000,0.000,0.000,-9.580,-37.969
9107,0.000,0.000,0.000,-9.580,-37.969
9108,0.000,0.000,0.000,-9.580,-37.969
9109,0.000,0.000,0.000,-9.580,-37.969
9110,0.000,0.000,0.000,-9.580,-37.969
9111,0.000,0.000,0.000,-9.580,-37.969
9112,0.000,0.000,0.000,-9.580,-37.969
9113,0.000,0.000,0.000,-9.580,-37.969
9114,0.000,0.000,0.000,-9.580,-37.969
9115,0.000,0.000,0.000,-9.580,-37.969
9116,0.000,0.000,0.000,-9.580,-37.969
9117,0.000,0.000,0.000,-9.580,-37.969
9118,0.000,0.000,0.000,-9.580,-37.969
9119,0.000,0.000,0.000,-9.580,-37.969
9120,0.000,0.000,0.000,-9.580,-37.969
9121,0.000,0.000,0.000,-9.580,-37.969
9122,0.000,0.000,0.000,-9.580,-37.969
9123,0.000,0.000,0.000,-9.580,-37.969
9124,0.000,0.000,0.000,-9.580,-37.969
9125,0.000,0.000,0.000,-9.580,-37.969
9126,0.000,0.000,0.000,-9.580,-37.969
9127,0.000,0.000,0.000,-9.580,-37.969
9128,0.000,0.000,0.000,-9.580,-37.969
9129,0.000,0.000,0.000,-9.580,-37.969
9130,0.000,0.000,0.000,-9.580,-37.969
9131,0.000,0.000,0.000,-9.580,-37.969
9132,0.000,0.000,0.000,-9.580,-37.969
9133,0.000,0.000,0.000,-9.580,-37.969
9134,0.000,0.000,0.000,-9.580,-37.969
9135,0.000,0.000,0.000,-9.580,-37.969
9136,0.000,0.000,0.000,-9.580,-37.969
9137,0.000,0.000,0.000,-9.580,-37.969
9138,0.000,0.000,0.000,-9.580,-37.969
9139,0.000,0.000,0.000,-9.580,-37.969
9140,0.000,0.000,0.000,-9.580,-37.969
9141,0.000,0.000,0.000,-9.580,-37.969
9142,0.000,0.000,0.000,-9.580,-37.969
9143,0.000,0.000,0.000,-9.580,-37.969
9144,0.000,0.000,0.000,-9.580,-37.969
9145,0.000,0.000,0.000,-9.580,-37.969
9146,0.000,0.000,0.000,-9.580,-37.969
9147,0.000,0.000,0.000,-9.580,-37.969
9148,0.000,0.000,0.000,-9.580,-37.969
9149,0.000,0.000,0.000,-9.580,-37.969
9150,0.000,0.000,0.000,-9.580,-37.969
9151,0.000,0.000,0.000,-9.580,-37.969
9152,0.000,0.000,0.000,-9.580,-37.969
9153,0.000,0.000,0.000,-9.580,-37.969
9154,0.000,0.000,0.000,-9.580,-37.969
9155,0.000,0.000,0.000,-9.580,-37.969
9156,0.000,0.000,0.000,-9.580,-37.969
9157,0.000,0.000,0.000,-9.580,-37.969
9158,0.000,0.000,0.000,-9.580,-37.969
9159,0.000,0.000,0.000,-9.492,-37.969
9160,0.000,0.000,0.000,-9.492,-37.969
9161,0.000,0.000,0.000,-9.492,-37.969
9162,0.000,0.000,0.000,-9.492,-37.969
9163,0.000,0.000,0.000,-9.492,-37.969
9164,0.000,0.000,0.000,-9.492,-37.969
9165,0.000,0.000,0.000,-9.492,-37.969
9166,0.000,0.000,0.000,-9.492,-37.969
9167,0.000,0.000,0.000,-9.492,-37.969
9168,0.000,0.000,0.000,-9.492,-37.969
9169,0.000,0.000,0.000,-9.492,-37.969
9170,0.000,0.000,0.000,-9.492,-37.969
9171,0.000,0.000,0.000,-9.492,-37.969
9172,0.000,0.000,0.000,-9.492,-37.969
9173,0.000,0.000,0.000,-9.492,-37.969
9174,0.000,0.000,0.000,-9.492,-37.969
9175,0.000,0.000,0.000,-9.492,-37.969
9176,0.000,0.000,0.000,-9.492,-37.969
9177,0.000,0.000,0.000,-9.492,-37.969
9178,0.000,0.000,0.000,-9.492,-37.969
9179,0.000,0.000,0.000,-9.492,-37.969
9180,0.000,0.000,0.000,-9.492,-37.969
9181,0.000,0.000,0.000,-9.492,-37.969
9182,0.000,0.000,0.000,-9.492,-37.969
9183,0.000,0.000,0.000,-9.492,-37.969
9184,0.000,0.000,0.000,-9.492,-37.969
9185,0.000,0.000,0.000,-9.492,-37.969
9186,0.000,0.000,0.000,-9.492,-37.969
9187,0.000,0.000,0.000,-9.492,-37.969
9188,0.000,0.000,0.000,-9.492,-37.969
9189,0.000,0.000,0.000,-9.492,-37.969
9190,0.000,0.000,0.000,-9.492,-37.969
9191,0.000,0.000,0.000,-9.492,-37.969
9192,0.000,0.000,0.000,-9.492,-37.969
9193,0.000,0.000,0.000,-9.492,-37.969
9194,0.000,0.000,0.000,-9.492,-37.969
9195,0.000,0.000,0.000,-9.492,-37.969
9196,0.000,0.000,0.000,-9.492,-37.969
9197,0.000,0.000,0.000,-9.404,-37.969
9198,0.000,0.000,0.000,-9.404,-37.969
9199,0.000,0.000,0.000,-9.404,-37.969
9200,0.000,0.000,0.000,-9.404,-37.969
9201,0.000,0.000,0.000,-9.404,-37.969
9202,0.000,0.000,0.000,-9.404,-37.969
9203,0.000,0.000,0.000,-9.404,-37.969
9204,0.000,0.000,0.000,-9.404,-37.969
9205,0.000,0.000,0.000,-9.404,-37.969
9206,0.000,0.000,0.000,-9.404,-37.969
9207,0.000,0.000,0.000,-9.404,-37.969
9208,0.000,0.000,0.000,-9.404,-37.969
9209,0.000,0.000,0.000,-9.404,-37.969
9210,0.000,0.000,0.000,-9.404,-37.969
9211,0.000,0.000,0.000,-9.404,-37.969
9212,0.000,0.000,0.000,-9.404,-37.969
9213,0.000,0.000,0.000,-9.404,-37.969
9214,0.000,0.000,0.000,-9.404,-37.969
9215,0.000,0.000,0.000,-9.404,-37.969
9216,0.000,0.000,0.000,-9.404,-37.969
9217,0.000,0.000,0.000,-9.404,-37.969
9218,0.000,0.000,0.000,-9.404,-37.969
9219,0.000,0.000,0.000,-9.404,-37.969
9220,0.000,0.000,0.000,-9.404,-37.969
9221,0.000,0.000,0.000,-9.404,-37.969
9222,0.000,0.000,0.000,-9.404,-37.969
9223,0.000,0.000,0.000,-9.404,-37.969
9224,0.000,0.000,0.000,-9.404,-37.969
9225,0.000,0.000,0.000,-9.404,-37.969
9226,0.000,0.000,0.000,-9.404,-37.969
9227,0.000,0.000,0.000,-9.404,-37.969
9228,0.000,0.000,0.000,-9.404,-37.969
9229,0.000,0.000,0.000,-9.404,-37.969
9230,0.000,0.000,0.000,-9.404,-37.969
9231,0.000,0.000,0.000,-9.404,-37.969
9232,0.000,0.000,0.000,-9.404,-37.969
9233,0.000,0.000,0.000,-9.404,-37.969
9234,0.000,0.000,0.000,-9.404,-37.969
9235,0.000,0.000,0.000,-9.404,-37.969
9236,0.000,0.000,0.000,-9.404,-37.969
9237,0.000,0.000,0.000,-9.404,-37.969
9238,0.000,0.000,0.000,-9.404,-37.969
9239,0.000,0.000,0.000,-9.404,-37.969
9240,0.000,0.000,0.000,-9.404,-37.969
9241,0.000,0.000,0.000,-9.404,-37.969
9242,0.000,0.000,0.000,-9.404,-37.969
9243,0.000,0.000,0.000,-9.404,-37.969
9244,0.000,0.000,0.000,-9.404,-37.969
9245,0.000,0.000,0.000,-9.404,-37.969
9246,0.000,0.000,0.000,-9.404,-37.969
9247,0.000,0.000,0.000,-9.404,-37.969
9248,0.000,0.000,0.000,-9.404,-37.969
9249,0.000,0.000,0.000,-9.404,-37.969
9250,0.000,0.000,0.000,-9.404,-37.969
9251,0.000,0.000,0.000,-9.404,-37.969
9252,0.000,0.000,0.000,-9.404,-37.969
9253,0.000,0.000,0.000,-9.404,-37.969
9254,0.000,0.000,0.000,-9.404,-37.969
9255,0.000,0.000,0.000,-9.404,-37.969
9256,0.000,0.000,0.000,-9.404,-37.969
9257,0.000,0.000,0.000,-9.404,-37.969
9258,0.000,0.000,0.000,-9.404,-37.969
9259,0.000,0.000,0.000,-9.404,-37.969
9260,0.000,0.000,0.000,-9.404,-37.969
9261,0.000,0.000,0.000,-9.404,-37.969
9262,0.000,0.000,0.000,-9.404,-37.969
9263,0.000,0.000,0.000,-9.316,-37.969
9264,0.000,0.000,0.000,-9.316,-37.969
9265,0.000,0.000,0.000,-9.316,-37.969
9266,0.000,0.000,0.000,-9.316,-37.969
9267,0.000,0.000,0.000,-9.316,-37.969
9268,0.000,0.000,0.000,-9.316,-37.969
9269,0.000,0.000,0.000,-9.316,-37.969
9270,0.000,0.000,0.000,-9.316,-37.969
9271,0.000,0.000,0.000,-9.316,-37.969
9272,0.000,0.000,0.000,-9.316,-37.969
9273,0.000,0.000,0.000,-9.316,-37.969
9274,0.000,0.000,0.000,-9.316,-37.969
9275,0.000,0.000,0.000,-9.316,-37.969
9276,0.000,0.000,0.000,-9.316,-37.969
9277,0.000,0.000,0.000,-9.316,-37.969
9278,0.000,0.000,0.000,-9.316,-37.969
9279,0.000,0.000,0.000,-9.316,-37.969
9280,0.000,0.000,0.000,-9.316,-37.969
9281,0.000,0.000,0.000,-9.316,-37.969
9282,0.000,0.000,0.000,-9.316,-37.969
9283,0.000,0.000,0.000,-9.316,-37.969
9284,0.000,0.000,0.000,-9.316,-37.969
9285,0.000,0.000,0.000,-9.316,-37.969
9286,0.000,0.000,0.000,-9.316,-37.969
9287,0.000,0.000,0.000,-9.316,-37.969
9288,0.000,0.000,0.000,-9.316,-37.969
9289,0.000,0.000,0.000,-9.316,-37.969
9290,0.000,0.000,0.000,-9.316,-37.969
9291,0.000,0.000,0.000,-9.316,-37.969
9292,0.000,0.000,0.000,-9.316,-37.969
9293,0.000,0.000,0.000,-9.316,-37.969
9294,0.000,0.000,0.000,-9.316,-37.969
9295,0.000,0.000,0.000,-9.316,-37.969
9296,0.000,0.000,0.000,-9.316,-37.969
9297,0.000,0.000,0.000,-9.316,-37.969
9298,0.000,0.000,0.000,-9.316,-37.969
9299,0.000,0.000,0.000,-9.316,-37.969
9300,0.000,0.000,0.000,-9.316,-37.969
9301,0.000,0.000,0.000,-9.316,-37.969
9302,0.000,0.000,0.000,-9.316,-37.969
9303,0.000,0.000,0.000,-9.316,-37.969
9304,0.000,0.000,0.000,-9.316,-37.969
9305,0.000,0.000,0.000,-9.316,-37.969
9306,0.000,0.000,0.000,-9.316,-37.969
9307,0.000,0.000,0.000,-9.316,-37.969
9308,0.000,0.000,0.000,-9.316,-37.969
9309,0.000,0.000,0.000,-9.316,-37.969
9310,0.000,0.000,0.000,-9.316,-37.969
9311,0.000,0.000,0.000,-9.316,-37.969
9312,0.000,0.000,0.000,-9.316,-37.969
9313,0.000,0.000,0.000,-9.316,-37.969
9314,0.000,0.000,0.000,-9.316,-37.969
9315,0.000,0.000,0.000,-9.316,-37.969
9316,0.000,0.000,0.000,-9.316,-37.969
9317,0.000,0.000,0.000,-9.316,-37.969
9318,0.000,0.000,0.000,-9.316,-37.969
9319,0.000,0.000,0.000,-9.316,-37.969
9320,0.000,0.000,0.000,-9.316,-37.969
9321,0.000,0.000,0.000,-9.316,-37.969
9322,0.000,0.000,0.000,-9.316,-37.969
9323,0.000,0.000,0.000,-9.316,-37.969
9324,0.000,0.000,0.000,-9.316,-37.969
9325,0.000,0.000,0.000,-9.316,-37.969
9326,0.000,0.000,0.000,-9.316,-37.969
9327,0.000,0.000,0.000,-9.316,-37.969
9328,0.000,0.000,0.000,-9.316,-37.969
9329,0.000,0.000,0.000,-9.316,-37.969
9330,0.000,0.000,0.000,-9.316,-37.969
9331,0.000,0.000,0.000,-9.316,-37.969
9332,0.000,0.000,0.000,-9.316,-37.969
9333,0.000,0.000,0.000,-9.316,-37.969
9334,0.000,0.000,0.000,-9.316,-37.969
9335,0.000,0.000,0.000,-9.316,-37.969
9336,0.000,0.000,0.000,-9.316,-37.969
9337,0.000,0.000,0.000,-9.316,-37.969
9338,0.000,0.000,0.000,-9.316,-37.969
9339,0.000,0.000,0.000,-9.316,-37.969
9340,0.000,0.000,0.000,-9.316,-37.969
9341,0.000,0.000,0.000,-9.316,-37.969
9342,0.000,0.000,0.000,-9.316,-37.969
9343,0.000,0.000,0.000,-9.316,-37.969
9344,0.000,0.000,0.000,-9.316,-37.969
9345,0.000,0.000,0.000,-9.316,-37.969
9346,0.000,0.000,0.000,-9.316,-37.969
9347,0.000,0.000,0.000,-9.316,-37.969
9348,0.000,0.000,0.000,-9.316,-37.969
9349,0.000,0.000,0.000,-9.316,-37.969
9350,0.000,0.000,0.000,-9.316,-37.969
9351,0.000,0.000,0.000,-9.316,-37.969
9352,0.000,0.000,0.000,-9.316,-37.969
9353,0.000,0.000,0.000,-9.316,-37.969
9354,0.000,0.000,0.000,-9.316,-37.969
9355,0.000,0.000,0.000,-9.316,-37.969
9356,0.000,0.000,0.000,-9.316,-37.969
9357,0.000,0.000,0.000,-9.316,-37.969
9358,0.000,0.000,0.000,-9.316,-37.969
9359,0.000,0.000,0.000,-9.316,-37.969
9360,0.000,0.000,0.000,-9.316,-37.969
9361,0.000,0.000,0.000,-9.316,-38.057
9362,0.000,0.000,0.000,-9.316,-38.057
9363,0.000,0.000,0.000,-9.316,-38.057
9364,0.000,0.000,0.000,-9.316,-38.057
9365,0.000,0.000,0.000,-9.316,-38.057
9366,0.000,0.000,0.000,-9.316,-38.057
9367,0.000,0.000,0.000,-9.316,-38.057
9368,0.000,0.000,0.000,-9.316,-38.057
9369,0.000,0.000,0.000,-9.316,-38.057
9370,0.000,0.000,0.000,-9.316,-38.057
9371,0.000,0.000,0.000,-9.316,-38.057
9372,0.000,0.000,0.000,-9.316,-38.057
9373,0.000,0.000,0.000,-9.316,-38.057
9374,0.000,0.000,0.000,-9.316,-38.057
9375,0.000,0.000,0.000,-9.316,-38.057
9376,0.000,0.000,0.000,-9.316,-38.057
9377,0.000,0.000,0.000,-9.316,-38.057
9378,0.000,0.000,0.000,-9.316,-38.057
9379,0.000,0.000,0.000,-9.316,-38.057
9380,0.000,0.000,0.000,-9.316,-38.057
9381,0.000,0.000,0.000,-9.316,-38.057
9382,0.000,0.000,0.000,-9.316,-38.057
9383,0.000,0.000,0.000,-9.316,-38.057
9384,0.000,0.000,0.000,-9.316,-38.057
9385,0.000,0.000,0.000,-9.316,-38.057
9386,0.000,0.000,0.000,-9.316,-38.057
9387,0.000,0.000,0.000,-9.316,-38.057
9388,0.000,0.000,0.000,-9.316,-38.057
9389,0.000,0.000,0.000,-9.316,-38.057
9390,0.000,0.000,0.000,-9.316,-38.057
9391,0.000,0.000,0.000,-9.316,-38.057
9392,0.000,0.000,0.000,-9.316,-38.057
9393,0.000,0.000,0.000,-9.316,-38.057
9394,0.000,0.000,0.000,-9.316,-38.057
9395,0.000,0.000,0.000,-9.316,-38.057
9396,0.000,0.000,0.000,-9.316,-38.057
9397,0.000,0.000,0.000,-9.316,-38.057
9398,0.000,0.000,0.000,-9.316,-38.057
9399,0.000,0.000,0.000,-9.316,-38.057
9400,0.000,0.000,0.000,-9.316,-38.057
9401,0.000,0.000,0.000,-9.316,-38.057
9402,0.000,0.000,0.000,-9.316,-38.057
9403,0.000,0.000,0.000,-9.316,-38.057
9404,0.000,0.000,0.000,-9.316,-38.057
9405,0.000,0.000,0.000,-9.316,-38.057
9406,0.000,0.000,0.000,-9.316,-38.057
9407,0.000,0.000,0.000,-9.316,-38.057
9408,0.000,0.000,0.000,-9.316,-38.057
9409,0.000,0.000,0.000,-9.316,-38.057
9410,0.000,0.000,0.000,-9.316,-38.057
9411,0.000,0.000,0.000,-9.316,-38.057
9412,0.000,0.000,0.000,-9.316,-38.057
9413,0.000,0.000,0.000,-9.316,-38.057
9414,0.000,0.000,0.000,-9.316,-38.057
9415,0.000,0.000,0.000,-9.316,-38.057
9416,0.000,0.000,0.000,-9.316,-38.057
9417,0.000,0.000,0.000,-9.316,-38.057
9418,0.000,0.000,0.000,-9.316,-38.057
9419,0.000,0.000,0.000,-9.316,-38.057
9420,0.000,0.000,0.000,-9.316,-38.057
9421,0.000,0.000,0.000,-9.316,-38.057
9422,0.000,0.000,0.000,-9.316,-38.057
9423,0.000,0.000,0.000,-9.316,-38.057
9424,0.000,0.000,0.000,-9.316,-38.057
9425,0.000,0.000,0.000,-9.316,-38.057
9426,0.000,0.000,0.000,-9.316,-38.057
9427,0.000,0.000,0.000,-9.316,-38.057
9428,0.000,0.000,0.000,-9.316,-38.057
9429,0.000,0.000,0.000,-9.316,-38.057
9430,0.000,0.000,0.000,-9.316,-38.057
9431,0.000,0.000,0.000,-9.316,-38.057
9432,0.000,0.000,0.000,-9.316,-38.057
9433,0.000,0.000,0.000,-9.316,-38.057
9434,0.000,0.000,0.000,-9.316,-38.057
9435,0.000,0.000,0.000,-9.316,-38.057
9436,0.000,0.000,0.000,-9.316,-38.057
9437,0.000,0.000,0.000,-9.316,-38.057
9438,0.000,0.000,0.000,-9.316,-38.057
9439,0.000,0.000,0.000,-9.316,-38.057
9440,0.000,0.000,0.000,-9.316,-38.057
9441,0.000,0.000,0.000,-9.316,-38.057
9442,0.000,0.000,0.000,-9.316,-38.057
9443,0.000,0.000,0.000,-9.316,-38.057
9444,0.000,0.000,0.000,-9.316,-38.057
9445,0.000,0.000,0.000,-9.316,-38.057
9446,0.000,0.000,0.000,-9.316,-38.057
9447,0.000,0.000,0.000,-9.316,-38.057
9448,0.000,0.000,0.000,-9.316,-38.057
9449,0.000,0.000,0.000,-9.316,-38.057
9450,0.000,0.000,0.000,-9.316,-38.057
9451,0.000,0.000,0.000,-9.316,-38.057
9452,0.000,0.000,0.000,-9.316,-38.057
9453,0.000,0.000,0.000,-9.316,-38.057
9454,0.000,0.000,0.000,-9.316,-38.057
9455,0.000,0.000,0.000,-9.316,-38.057
9456,0.000,0.000,0.000,-9.316,-38.057
9457,0.000,0.000,0.000,-9.316,-38.057
9458,0.000,0.000,0.000,-9.316,-38.057
9459,0.000,0.000,0.000,-9.316,-38.057
9460,0.000,0.000,0.000,-9.316,-38.057
9461,0.000,0.000,0.000,-9.316,-38.057
9462,0.000,0.000,0.000,-9.316,-38.057
9463,0.000,0.000,0.000,-9.316,-38.057
9464,0.000,0.000,0.000,-9.316,-38.057
9465,0.000,0.000,0.000,-9.316,-38.057
9466,0.000,0.000,0.000,-9.316,-38.057
9467,0.000,0.000,0.000,-9.316,-38.057
9468,0.000,0.000,0.000,-9.316,-38.057
9469,0.000,0.000,0.000,-9.316,-38.057
9470,0.000,0.000,0.000,-9.316,-38.057
9471,0.000,0.000,0.000,-9.316,-38.057
9472,0.000,0.000,0.000,-9.316,-38.057
9473,0.000,0.000,0.000,-9.316,-38.057
9474,0.000,0.000,0.000,-9.316,-38.057
9475,0.000,0.000,0.000,-9.316,-38.057
9476,0.000,0.000,0.000,-9.316,-38.057
9477,0.000,0.000,0.000,-9.316,-38.057
9478,0.000,0.000,0.000,-9.316,-38.057
9479,0.000,0.000,0.000,-9.316,-38.057
9480,0.000,0.000,0.000,-9.316,-38.057
9481,0.000,0.000,0.000,-9.316,-38.057
9482,0.000,0.000,0.000,-9.316,-38.057
9483,0.000,0.000,0.000,-9.316,-38.057
9484,0.000,0.000,0.000,-9.316,-38.057
9485,0.000,0.000,0.000,-9.316,-38.057
9486,0.000,0.000,0.000,-9.316,-38.057
9487,0.000,0.000,0.000,-9.316,-38.057
9488,0.000,0.000,0.000,-9.316,-38.057
9489,0.000,0.000,0.000,-9.316,-38.057
9490,0.000,0.000,0.000,-9.316,-38.057
9491,0.000,0.000,0.000,-9.316,-38.057
9492,0.000,0.000,0.000,-9.316,-38.057
9493,0.000,0.000,0.000,-9.316,-38.057
9494,0.000,0.000,0.000,-9.316,-38.057
9495,0.000,0.000,0.000,-9.316,-38.057
9496,0.000,0.000,0.000,-9.316,-38.057
9497,0.000,0.000,0.000,-9.316,-38.057
9498,0.000,0.000,0.000,-9.316,-38.057
9499,0.000,0.000,0.000,-9.316,-38.057
9500,0.000,0.000,0.000,-9.316,-38.057
9501,0.000,0.000,0.000,-9.316,-38.057
9502,0.000,0.000,0.000,-9.316,-38.057
9503,0.000,0.000,0.000,-9.316,-38.057
9504,0.000,0.000,0.000,-9.316,-38.057
9505,0.000,0.000,0.000,-9.316,-38.057
9506,0.000,0.000,0.000,-9.316,-38.057
9507,0.000,0.000,0.000,-9.316,-38.057
9508,0.000,0.000,0.000,-9.316,-38.057
9509,0.000,0.000,0.000,-9.316,-38.057
9510,0.000,0.000,0.000,-9.316,-38.057
9511,0.000,0.000,0.000,-9.316,-38.057
9512,0.000,0.000,0.000,-9.316,-38.057
9513,0.000,0.000,0.000,-9.316,-38.057
9514,0.000,0.000,0.000,-9.316,-38.057
9515,0.000,0.000,0.000,-9.316,-38.057
9516,0.000,0.000,0.000,-9.316,-38.057
9517,0.000,0.000,0.000,-9.316,-38.057
9518,0.000,0.000,0.000,-9.316,-38.057
9519,0.000,0.000,0.000,-9.316,-38.057
9520,0.000,0.000,0.000,-9.316,-38.057
9521,0.000,0.000,0.000,-9.316,-38.057
9522,0.000,0.000,0.000,-9.316,-38.057
9523,0.000,0.000,0.000,-9.316,-38.057
9524,0.000,0.000,0.000,-9.316,-38.057
9525,0.000,0.000,0.000,-9.316,-38.057
9526,0.000,0.000,0.000,-9.316,-38.057
9527,0.000,0.000,0.000,-9.316,-38.057
9528,0.000,0.000,0.000,-9.316,-38.057
9529,0.000,0.000,0.000,-9.316,-38.057
9530,0.000,0.000,0.000,-9.316,-38.057
9531,0.000,0.000,0.000,-9.316,-38.057
9532,0.000,0.000,0.000,-9.316,-38.057
9533,0.000,0.000,0.000,-9.316,-38.057
9534,0.000,0.000,0.000,-9.316,-38.057
9535,0.000,0.000,0.000,-9.316,-38.057
9536,0.000,0.000,0.000,-9.316,-38.057
9537,0.000,0.000,0.000,-9.316,-38.057
9538,0.000,0.000,0.000,-9.316,-38.057
9539,0.000,0.000,0.000,-9.316,-38.057
9540,0.000,0.000,0.000,-9.316,-38.057
9541,0.000,0.000,0.000,-9.316,-38.057
9542,0.000,0.000,0.000,-9.316,-38.057
9543,0.000,0.000,0.000,-9.316,-38.057
9544,0.000,0.000,0.000,-9.316,-38.057
9545,0.000,0.000,0.000,-9.316,-38.057
9546,0.000,0.000,0.000,-9.316,-38.057
9547,0.000,0.000,0.000,-9.316,-38.057
9548,0.000,0.000,0.000,-9.316,-38.057
9549,0.000,0.000,0.000,-9.316,-38.057
9550,0.000,0.000,0.000,-9.316,-38.057
9551,0.000,0.000,0.000,-9.316,-38.057
9552,0.000,0.000,0.000,-9.316,-38.057
9553,0.000,0.000,0.000,-9.316,-38.057
9554,0.000,0.000,0.000,-9.316,-38.057
9555,0.000,0.000,0.000,-9.316,-38.057
9556,0.000,0.000,0.000,-9.316,-38.057
9557,0.000,0.000,0.000,-9.316,-38.057
9558,0.000,0.000,0.000,-9.316,-38.057
9559,0.000,0.000,0.000,-9.316,-38.057
9560,0.000,0.000,0.000,-9.316,-38.057
9561,0.000,0.000,0.000,-9.316,-38.057
9562,0.000,0.000,0.000,-9.229,-38.057
9563,0.000,0.000,0.000,-9.229,-38.057
9564,0.000,0.000,0.000,-9.229,-38.057
9565,0.000,0.000,0.000,-9.229,-38.057
9566,0.000,0.000,0.000,-9.229,-38.057
9567,0.000,0.000,0.000,-9.229,-38.057
9568,0.000,0.000,0.000,-9.229,-38.057
9569,0.000,0.000,0.000,-9.229,-38.057
9570,0.000,0.000,0.000,-9.229,-38.057
9571,0.000,0.000,0.000,-9.229,-38.057
9572,0.000,0.000,0.000,-9.229,-38.057
9573,0.000,0.000,0.000,-9.229,-38.057
9574,0.000,0.000,0.000,-9.229,-38.057
9575,0.000,0.000,0.000,-9.229,-38.057
9576,0.000,0.000,0.000,-9.229,-38.057
9577,0.000,0.000,0.000,-9.229,-38.057
9578,0.000,0.000,0.000,-9.229,-38.057
9579,0.000,0.000,0.000,-9.229,-38.057
9580,0.000,0.000,0.000,-9.229,-38.057
9581,0.000,0.000,0.000,-9.229,-38.057
9582,0.000,0.000,0.000,-9.229,-38.057
9583,0.000,0.000,0.000,-9.229,-38.057
9584,0.000,0.000,0.000,-9.229,-38.057
9585,0.000,0.000,0.000,-9.229,-38.057
9586,0.000,0.000,0.000,-9.229,-38.057
9587,0.000,0.000,0.000,-9.229,-38.057
9588,0.000,0.000,0.000,-9.229,-38.057
9589,0.000,0.000,0.000,-9.229,-38.057
9590,0.000,0.000,0.000,-9.229,-38.057
9591,0.000,0.000,0.000,-9.229,-38.057
9592,0.000,0.000,0.000,-9.229,-38.057
9593,0.000,0.000,0.000,-9.229,-38.057
9594,0.000,0.000,0.000,-9.229,-38.057
9595,0.000,0.000,0.000,-9.229,-38.057
9596,0.000,0.000,0.000,-9.229,-38.057
9597,0.000,0.000,0.000,-9.229,-38.057
9598,0.000,0.000,0.000,-9.229,-38.057
9599,0.000,0.000,0.000,-9.229,-38.057
9600,0.000,0.000,0.000,-9.229,-38.057
9601,0.000,0.000,0.000,-9.229,-38.057
9602,0.000,0.000,0.000,-9.229,-38.057
9603,0.000,0.000,0.000,-9.229,-38.057
9604,0.000,0.000,0.000,-9.229,-38.057
9605,0.000,0.000,0.000,-9.229,-38.057
9606,0.000,0.000,0.000,-9.229,-38.057
9607,0.000,0.000,0.000,-9.229,-38.057
9608,0.000,0.000,0.000,-9.229,-38.057
9609,0.000,0.000,0.000,-9.229,-38.057
9610,0.000,0.000,0.000,-9.229,-38.057
9611,0.000,0.000,0.000,-9.229,-38.057
9612,0.000,0.000,0.000,-9.229,-38.057
9613,0.000,0.000,0.000,-9.229,-38.057
9614,0.000,0.000,0.000,-9.229,-38.057
9615,0.000,0.000,0.000,-9.229,-38.057
9616,0.000,0.000,0.000,-9.229,-38.057
9617,0.000,0.000,0.000,-9.229,-38.057
9618,0.000,0.000,0.000,-9.229,-38.057
9619,0.000,0.000,0.000,-9.229,-38.057
9620,0.000,0.000,0.000,-9.229,-38.057
9621,0.000,0.000,0.000,-9.229,-38.057
9622,0.000,0.000,0.000,-9.229,-38.057
9623,0.000,0.000,0.000,-9.229,-38.057
9624,0.000,0.000,0.000,-9.229,-38.057
9625,0.000,0.000,0.000,-9.229,-38.057
9626,0.000,0.000,0.000,-9.229,-38.057
9627,0.000,0.000,0.000,-9.229,-38.057
9628,0.000,0.000,0.000,-9.229,-38.057
9629,0.000,0.000,0.000,-9.229,-38.057
9630,0.000,0.000,0.000,-9.229,-38.057
9631,0.000,0.000,0.000,-9.229,-38.057
9632,0.000,0.000,0.000,-9.229,-38.057
9633,0.000,0.000,0.000,-9.229,-38.057
9634,0.000,0.000,0.000,-9.229,-38.057
9635,0.000,0.000,0.000,-9.229,-38.057
9636,0.000,0.000,0.000,-9.229,-38.057
9637,0.000,0.000,0.000,-9.229,-38.057
9638,0.000,0.000,0.000,-9.229,-38.057
9639,0.000,0.000,0.000,-9.229,-38.057
9640,0.000,0.000,0.000,-9.229,-38.057
9641,0.000,0.000,0.000,-9.229,-38.057
9642,0.000,0.000,0.000,-9.229,-38.057
9643,0.000,0.000,0.000,-9.229,-38.057
9644,0.000,0.000,0.000,-9.229,-38.057
9645,0.000,0.000,0.000,-9.229,-38.057
9646,0.000,0.000,0.000,-9.229,-38.057
9647,0.000,0.000,0.000,-9.229,-38.057
9648,0.000,0.000,0.000,-9.229,-38.057
9649,0.000,0.000,0.000,-9.229,-38.057
9650,0.000,0.000,0.000,-9.229,-38.057
9651,0.000,0.000,0.000,-9.229,-38.057
9652,0.000,0.000,0.000,-9.229,-38.057
9653,0.000,0.000,0.000,-9.229,-38.057
9654,0.000,0.000,0.000,-9.229,-38.057
9655,0.000,0.000,0.000,-9.229,-38.057
9656,0.000,0.000,0.000,-9.229,-38.057
9657,0.000,0.000,0.000,-9.229,-38.057
9658,0.000,0.000,0.000,-9.229,-38.057
9659,0.000,0.000,0.000,-9.229,-38.057
9660,0.000,0.000,0.000,-9.229,-38.057
9661,0.000,0.000,0.000,-9.229,-38.057
9662,0.000,0.000,0.000,-9.229,-38.057
9663,0.000,0.000,0.000,-9.229,-38.057
9664,0.000,0.000,0.000,-9.229,-38.057
9665,0.000,0.000,0.000,-9.229,-38.057
9666,0.000,0.000,0.000,-9.229,-38.057
9667,0.000,0.000,0.000,-9.229,-38.057
9668,0.000,0.000,0.000,-9.229,-38.057
9669,0.000,0.000,0.000,-9.229,-38.057
9670,0.000,0.000,0.000,-9.229,-38.057
9671,0.000,0.000,0.000,-9.229,-38.057
9672,0.000,0.000,0.000,-9.229,-38.057
9673,0.000,0.000,0.000,-9.229,-38.145
9674,0.000,0.000,0.000,-9.229,-38.145
9675,0.000,0.000,0.000,-9.229,-38.145
9676,0.000,0.000,0.000,-9.229,-38.145
9677,0.000,0.000,0.000,-9.229,-38.145
9678,0.000,0.000,0.000,-9.229,-38.145
9679,0.000,0.000,0.000,-9.229,-38.145
9680,0.000,0.000,0.000,-9.229,-38.145
9681,0.000,0.000,0.000,-9.229,-38.145
9682,0.000,0.000,0.000,-9.229,-38.145
9683,0.000,0.000,0.000,-9.229,-38.145
9684,0.000,0.000,0.000,-9.229,-38.145
9685,0.000,0.000,0.000,-9.229,-38.145
9686,0.000,0.000,0.000,-9.229,-38.145
9687,0.000,0.000,0.000,-9.229,-38.145
9688,0.000,0.000,0.000,-9.229,-38.145
9689,0.000,0.000,0.000,-9.229,-38.145
9690,0.000,0.000,0.000,-9.229,-38.145
9691,0.000,0.000,0.000,-9.229,-38.145
9692,0.000,0.000,0.000,-9.229,-38.145
9693,0.000,0.000,0.000,-9.229,-38.145
9694,0.000,0.000,0.000,-9.229,-38.145
9695,0.000,0.000,0.000,-9.229,-38.145
9696,0.000,0.000,0.000,-9.229,-38.145
9697,0.000,0.000,0.000,-9.229,-38.145
9698,0.000,0.000,0.000,-9.229,-38.145
9699,0.000,0.000,0.000,-9.229,-38.145
9700,0.000,0.000,0.000,-9.229,-38.145
9701,0.000,0.000,0.000,-9.229,-38.145
9702,0.000,0.000,0.000,-9.229,-38.145
9703,0.000,0.000,0.000,-9.229,-38.145
9704,0.000,0.000,0.000,-9.229,-38.145
9705,0.000,0.000,0.000,-9.229,-38.145
9706,0.000,0.000,0.000,-9.229,-38.145
9707,0.000,0.000,0.000,-9.229,-38.145
9708,0.000,0.000,0.000,-9.229,-38.145
9709,0.000,0.000,0.000,-9.229,-38.145
9710,0.000,0.000,0.000,-9.229,-38.145
9711,0.000,0.000,0.000,-9.229,-38.145
9712,0.000,0.000,0.000,-9.229,-38.145
9713,0.000,0.000,0.000,-9.229,-38.145
9714,0.000,0.000,0.000,-9.229,-38.145
9715,0.000,0.000,0.000,-9.229,-38.145
9716,0.000,0.000,0.000,-9.229,-38.145
9717,0.000,0.000,0.000,-9.229,-38.145
9718,0.000,0.000,0.000,-9.229,-38.145
9719,0.000,0.000,0.000,-9.229,-38.145
9720,0.000,0.000,0.000,-9.229,-38.145
9721,0.000,0.000,0.000,-9.229,-38.145
9722,0.000,0.000,0.000,-9.229,-38.145
9723,0.000,0.000,0.000,-9.229,-38.145
9724,0.000,0.000,0.000,-9.229,-38.145
9725,0.000,0.000,0.000,-9.229,-38.145
9726,0.000,0.000,0.000,-9.229,-38.145
9727,0.000,0.000,0.000,-9.229,-38.145
9728,0.000,0.000,0.000,-9.229,-38.145
9729,0.000,0.000,0.000,-9.229,-38.145
9730,0.000,0.000,0.000,-9.229,-38.145
9731,0.000,0.000,0.000,-9.229,-38.145
9732,0.000,0.000,0.000,-9.229,-38.145
9733,0.000,0.000,0.000,-9.229,-38.145
9734,0.000,0.000,0.000,-9.229,-38.145
9735,0.000,0.000,0.000,-9.229,-38.145
9736,0.000,0.000,0.000,-9.229,-38.145
9737,0.000,0.000,0.000,-9.229,-38.145
9738,0.000,0.000,0.000,-9.229,-38.145
9739,0.000,0.000,0.000,-9.229,-38.145
9740,0.000,0.000,0.000,-9.229,-38.145
9741,0.000,0.000,0.000,-9.229,-38.145
9742,0.000,0.000,0.000,-9.229,-38.145
9743,0.000,0.000,0.000,-9.229,-38.145
9744,0.000,0.000,0.000,-9.229,-38.145
9745,0.000,0.000,0.000,-9.229,-38.145
9746,0.000,0.000,0.000,-9.229,-38.145
9747,0.000,0.000,0.000,-9.229,-38.145
9748,0.000,0.000,0.000,-9.229,-38.145
9749,0.000,0.000,0.000,-9.229,-38.145
9750,0.000,0.000,0.000,-9.229,-38.145
9751,0.000,0.000,0.000,-9.229,-38.145
9752,0.000,0.000,0.000,-9.229,-38.145
9753,0.000,0.000,0.000,-9.229,-38.145
9754,0.000,0.000,0.000,-9.229,-38.145
9755,0.000,0.000,0.000,-9.229,-38.145
9756,0.000,0.000,0.000,-9.229,-38.145
9757,0.000,0.000,0.000,-9.229,-38.145
9758,0.000,0.000,0.000,-9.229,-38.145
9759,0.000,0.000,0.000,-9.141,-38.145
9760,0.000,0.000,0.000,-9.141,-38.145
9761,0.000,0.000,0.000,-9.141,-38.145
9762,0.000,0.000,0.000,-9.141,-38.145
9763,0.000,0.000,0.000,-9.141,-38.145
9764,0.000,0.000,0.000,-9.141,-38.145
9765,0.000,0.000,0.000,-9.141,-38.145
9766,0.000,0.000,0.000,-9.141,-38.145
9767,0.000,0.000,0.000,-9.141,-38.145
9768,0.000,0.000,0.000,-9.141,-38.145
9769,0.000,0.000,0.000,-9.141,-38.145
9770,0.000,0.000,0.000,-9.141,-38.145
9771,0.000,0.000,0.000,-9.141,-38.145
9772,0.000,0.000,0.000,-9.141,-38.145
9773,0.000,0.000,0.000,-9.141,-38.145
9774,0.000,0.000,0.000,-9.141,-38.145
9775,0.000,0.000,0.000,-9.141,-38.145
9776,0.000,0.000,0.000,-9.141,-38.145
9777,0.000,0.000,0.000,-9.141,-38.145
9778,0.000,0.000,0.000,-9.141,-38.145
9779,0.000,0.000,0.000,-9.141,-38.145
9780,0.000,0.000,0.000,-9.141,-38.145
9781,0.000,0.000,0.000,-9.141,-38.145
9782,0.000,0.000,0.000,-9.141,-38.145
9783,0.000,0.000,0.000,-9.141,-38.145
9784,0.000,0.000,0.000,-9.141,-38.145
9785,0.000,0.000,0.000,-9.141,-38.145
9786,0.000,0.000,0.000,-9.141,-38.145
9787,0.000,0.000,0.000,-9.141,-38.145
9788,0.000,0.000,0.000,-9.141,-38.145
9789,0.000,0.000,0.000,-9.141,-38.145
9790,0.000,0.000,0.000,-9.141,-38.145
9791,0.000,0.000,0.000,-9.141,-38.145
9792,0.000,0.000,0.000,-9.141,-38.145
9793,0.000,0.000,0.000,-9.141,-38.145
9794,0.000,0.000,0.000,-9.141,-38.145
9795,0.000,0.000,0.000,-9.141,-38.145
9796,0.000,0.000,0.000,-9.141,-38.145
9797,0.000,0.000,0.000,-9.141,-38.145
9798,0.000,0.000,0.000,-9.141,-38.145
9799,0.000,0.000,0.000,-9.141,-38.145
9800,0.000,0.000,0.000,-9.141,-38.145
9801,0.000,0.000,0.000,-9.141,-38.145
9802,0.000,0.000,0.000,-9.141,-38.145
9803,0.000,0.000,0.000,-9.141,-38.145
9804,0.000,0.000,0.000,-9.141,-38.145
9805,0.000,0.000,0.000,-9.141,-38.145
9806,0.000,0.000,0.000,-9.141,-38.145
9807,0.000,0.000,0.000,-9.141,-38.145
9808,0.000,0.000,0.000,-9.141,-38.145
9809,0.000,0.000,0.000,-9.141,-38.145
9810,0.000,0.000,0.000,-9.141,-38.145
9811,0.000,0.000,0.000,-9.141,-38.145
9812,0.000,0.000,0.000,-9.141,-38.145
9813,0.000,0.000,0.000,-9.141,-38.145
9814,0.000,0.000,0.000,-9.141,-38.145
9815,0.000,0.000,0.000,-9.141,-38.145
9816,0.000,0.000,0.000,-9.141,-38.145
9817,0.000,0.000,0.000,-9.141,-38.145
9818,0.000,0.000,0.000,-9.141,-38.145
9819,0.000,0.000,0.000,-9.141,-38.145
9820,0.000,0.000,0.000,-9.141,-38.145
9821,0.000,0.000,0.000,-9.141,-38.145
9822,0.000,0.000,0.000,-9.141,-38.145
9823,0.000,0.000,0.000,-9.141,-38.145
9824,0.000,0.000,0.000,-9.141,-38.145
9825,0.000,0.000,0.000,-9.141,-38.145
9826,0.000,0.000,0.000,-9.141,-38.145
9827,0.000,0.000,0.000,-9.141,-38.145
9828,0.000,0.000,0.000,-9.141,-38.145
9829,0.000,0.000,0.000,-9.141,-38.145
9830,0.000,0.000,0.000,-9.141,-38.145
9831,0.000,0.000,0.000,-9.141,-38.145
9832,0.000,0.000,0.000,-9.141,-38.145
9833,0.000,0.000,0.000,-9.141,-38.145
9834,0.000,0.000,0.000,-9.141,-38.145
9835,0.000,0.000,0.000,-9.141,-38.145
9836,0.000,0.000,0.000,-9.141,-38.145
9837,0.000,0.000,0.000,-9.141,-38.145
9838,0.000,0.000,0.000,-9.141,-38.145
9839,0.000,0.000,0.000,-9.141,-38.145
9840,0.000,0.000,0.000,-9.141,-38.145
9841,0.000,0.000,0.000,-9.141,-38.145
9842,0.000,0.000,0.000,-9.141,-38.145
9843,0.000,0.000,0.000,-9.141,-38.145
9844,0.000,0.000,0.000,-9.141,-38.145
9845,0.000,0.000,0.000,-9.141,-38.145
9846,0.000,0.000,0.000,-9.141,-38.145
9847,0.000,0.000,0.000,-9.141,-38.145
9848,0.000,0.000,0.000,-9.141,-38.145
9849,0.000,0.000,0.000,-9.141,-38.145
9850,0.000,0.000,0.000,-9.141,-38.145
9851,0.000,0.000,0.000,-9.141,-38.145
9852,0.000,0.000,0.000,-9.141,-38.145
9853,0.000,0.000,0.000,-9.141,-38.145
9854,0.000,0.000,0.000,-9.141,-38.145
9855,0.000,0.000,0.000,-9.141,-38.145
9856,0.000,0.000,0.000,-9.141,-38.145
9857,0.000,0.000,0.000,-9.141,-38.145
9858,0.000,0.000,0.000,-9.141,-38.145
9859,0.000,0.000,0.000,-9.141,-38.145
9860,0.000,0.000,0.000,-9.141,-38.145
9861,0.000,0.000,0.000,-9.141,-38.145
9862,0.000,0.000,0.000,-9.141,-38.145
9863,0.000,0.000,0.000,-9.141,-38.145
9864,0.000,0.000,0.000,-9.141,-38.145
9865,0.000,0.000,0.000,-9.141,-38.145
9866,0.000,0.000,0.000,-9.141,-38.145
9867,0.000,0.000,0.000,-9.141,-38.145
9868,0.000,0.000,0.000,-9.141,-38.145
9869,0.000,0.000,0.000,-9.141,-38.145
9870,0.000,0.000,0.000,-9.141,-38.145
9871,0.000,0.000,0.000,-9.141,-38.145
9872,0.000,0.000,0.000,-9.141,-38.145
9873,0.000,0.000,0.000,-9.141,-38.145
9874,0.000,0.000,0.000,-9.141,-38.145
9875,0.000,0.000,0.000,-9.141,-38.145
9876,0.000,0.000,0.000,-9.141,-38.145
9877,0.000,0.000,0.000,-9.141,-38.145
9878,0.000,0.000,0.000,-9.141,-38.145
9879,0.000,0.000,0.000,-9.141,-38.145
9880,0.000,0.000,0.000,-9.141,-38.145
9881,0.000,0.000,0.000,-9.141,-38.145
9882,0.000,0.000,0.000,-9.141,-38.145
9883,0.000,0.000,0.000,-9.141,-38.145
9884,0.000,0.000,0.000,-9.141,-38.145
9885,0.000,0.000,0.000,-9.141,-38.145
9886,0.000,0.000,0.000,-9.141,-38.145
9887,0.000,0.000,0.000,-9.141,-38.145
9888,0.000,0.000,0.000,-9.141,-38.145
9889,0.000,0.000,0.000,-9.141,-38.145
9890,0.000,0.000,0.000,-9.141,-38.145
9891,0.000,0.000,0.000,-9.141,-38.145
9892,0.000,0.000,0.000,-9.141,-38.145
9893,0.000,0.000,0.000,-9.141,-38.145
9894,0.000,0.000,0.000,-9.141,-38.145
9895,0.000,0.000,0.000,-9.141,-38.145
9896,0.000,0.000,0.000,-9.141,-38.145
9897,0.000,0.000,0.000,-9.141,-38.145
9898,0.000,0.000,0.000,-9.141,-38.145
9899,0.000,0.000,0.000,-9.141,-38.145
9900,0.000,0.000,0.000,-9.141,-38.145
9901,0.000,0.000,0.000,-9.141,-38.145
9902,0.000,0.000,0.000,-9.141,-38.145
9903,0.000,0.000,0.000,-9.141,-38.145
9904,0.000,0.000,0.000,-9.141,-38.145
9905,0.000,0.000,0.000,-9.141,-38.145
9906,0.000,0.000,0.000,-9.141,-38.145
9907,0.000,0.000,0.000,-9.141,-38.145
9908,0.000,0.000,0.000,-9.141,-38.145
9909,0.000,0.000,0.000,-9.141,-38.145
9910,0.000,0.000,0.000,-9.141,-38.145
9911,0.000,0.000,0.000,-9.141,-38.145
9912,0.000,0.000,0.000,-9.141,-38.145
9913,0.000,0.000,0.000,-9.141,-38.145
9914,0.000,0.000,0.000,-9.141,-38.145
9915,0.000,0.000,0.000,-9.141,-38.145
9916,0.000,0.000,0.000,-9.141,-38.145
9917,0.000,0.000,0.000,-9.141,-38.145
9918,0.000,0.000,0.000,-9.141,-38.145
9919,0.000,0.000,0.000,-9.141,-38.145
9920,0.000,0.000,0.000,-9.141,-38.145
9921,0.000,0.000,0.000,-9.141,-38.145
9922,0.000,0.000,0.000,-9.141,-38.145
9923,0.000,0.000,0.000,-9.141,-38.145
9924,0.000,0.000,0.000,-9.141,-38.145
9925,0.000,0.000,0.000,-9.141,-38.145
9926,0.000,0.000,0.000,-9.141,-38.145
9927,0.000,0.000,0.000,-9.141,-38.145
9928,0.000,0.000,0.000,-9.141,-38.145
9929,0.000,0.000,0.000,-9.141,-38.145
9930,0.000,0.000,0.000,-9.141,-38.145
9931,0.000,0.000,0.000,-9.141,-38.145
9932,0.000,0.000,0.000,-9.141,-38.145
9933,0.000,0.000,0.000,-9.141,-38.145
9934,0.000,0.000,0.000,-9.141,-38.145
9935,0.000,0.000,0.000,-9.141,-38.145
9936,0.000,0.000,0.000,-9.141,-38.145
9937,0.000,0.000,0.000,-9.141,-38.145
9938,0.000,0.000,0.000,-9.141,-38.145
9939,0.000,0.000,0.000,-9.141,-38.145
9940,0.000,0.000,0.000,-9.141,-38.145
9941,0.000,0.000,0.000,-9.141,-38.145
9942,0.000,0.000,0.000,-9.141,-38.145
9943,0.000,0.000,0.000,-9.141,-38.145
9944,0.000,0.000,0.000,-9.141,-38.145
9945,0.000,0.000,0.000,-9.141,-38.145
9946,0.000,0.000,0.000,-9.141,-38.145
9947,0.000,0.000,0.000,-9.141,-38.145
9948,0.000,0.000,0.000,-9.141,-38.145
9949,0.000,0.000,0.000,-9.141,-38.145
9950,0.000,0.000,0.000,-9.141,-38.145
9951,0.000,0.000,0.000,-9.141,-38.145
9952,0.000,0.000,0.000,-9.141,-38.145
9953,0.000,0.000,0.000,-9.141,-38.145
9954,0.000,0.000,0.000,-9.141,-38.145
9955,0.000,0.000,0.000,-9.141,-38.145
9956,0.000,0.000,0.000,-9.141,-38.145
9957,0.000,0.000,0.000,-9.141,-38.145
9958,0.000,0.000,0.000,-9.141,-38.145
9959,0.000,0.000,0.000,-9.141,-38.145
9960,0.000,0.000,0.000,-9.141,-38.145
9961,0.000,0.000,0.000,-9.141,-38.145
9962,0.000,0.000,0.000,-9.141,-38.145
9963,0.000,0.000,0.000,-9.141,-38.145
9964,0.000,0.000,0.000,-9.141,-38.145
9965,0.000,0.000,0.000,-9.141,-38.145
9966,0.000,0.000,0.000,-9.141,-38.145
9967,0.000,0.000,0.000,-9.141,-38.145
9968,0.000,0.000,0.000,-9.141,-38.145
9969,0.000,0.000,0.000,-9.141,-38.145
9970,0.000,0.000,0.000,-9.141,-38.145
9971,0.000,0.000,0.000,-9.141,-38.145
9972,0.000,0.000,0.000,-9.141,-38.145
9973,0.000,0.000,0.000,-9.141,-38.145
9974,0.000,0.000,0.000,-9.141,-38.145
9975,0.000,0.000,0.000,-9.141,-38.145
9976,0.000,0.000,0.000,-9.141,-38.145
9977,0.000,0.000,0.000,-9.141,-38.145
9978,0.000,0.000,0.000,-9.141,-38.145
9979,0.000,0.000,0.000,-9.141,-38.145
9980,0.000,0.000,0.000,-9.141,-38.145
9981,0.000,0.000,0.000,-9.141,-38.145
9982,0.000,0.000,0.000,-9.141,-38.145
9983,0.000,0.000,0.000,-9.141,-38.145
9984,0.000,0.000,0.000,-9.141,-38.145
9985,0.000,0.000,0.000,-9.141,-38.145
9986,0.000,0.000,0.000,-9.141,-38.145
9987,0.000,0.000,0.000,-9.141,-38.145
9988,0.000,0.000,0.000,-9.141,-38.145
9989,0.000,0.000,0.000,-9.141,-38.145
9990,0.000,0.000,0.000,-9.141,-38.145
9991,0.000,0.000,0.000,-9.141,-38.145
9992,0.000,0.000,0.000,-9.141,-38.145
9993,0.000,0.000,0.000,-9.141,-38.145
9994,0.000,0.000,0.000,-9.141,-38.145
9995,0.000,0.000,0.000,-9.141,-38.145
9996,0.000,0.000,0.000,-9.141,-38.145
9997,0.000,0.000,0.000,-9.141,-38.145
9998,0.000,0.000,0.000,-9.141,-38.145
9999,0.000,0.000,0.000,-9.141,-38.145
10000,0.000,0.000,0.000,-9.141,-38.145
10001,0.000,0.000,0.000,-9.141,-38.145
10002,0.000,0.000,0.000,-9.141,-38.145
10003,0.000,0.000,0.000,-9.141,-38.145
10004,0.000,0.000,0.000,-9.141,-38.145
10005,0.000,0.000,0.000,-9.141,-38.145
10006,0.000,0.000,0.000,-9.141,-38.145
10007,0.000,0.000,0.000,-9.141,-38.145
10008,0.000,0.000,0.000,-9.141,-38.145
10009,0.000,0.000,0.000,-9.141,-38.145
10010,0.000,0.000,0.000,-9.141,-38.145
10011,0.000,0.000,0.000,-9.141,-38.145
10012,0.000,0.000,0.000,-9.141,-38.145
10013,0.000,0.000,0.000,-9.141,-38.145
10014,0.000,0.000,0.000,-9.141,-38.145
10015,0.000,0.000,0.000,-9.141,-38.145
10016,0.000,0.000,0.000,-9.141,-38.145
10017,0.000,0.000,0.000,-9.141,-38.145
10018,0.000,0.000,0.000,-9.141,-38.145
10019,0.000,0.000,0.000,-9.141,-38.145
10020,0.000,0.000,0.000,-9.141,-38.145
10021,0.000,0.000,0.000,-9.141,-38.145
10022,0.000,0.000,0.000,-9.141,-38.145
10023,0.000,0.000,0.000,-9.141,-38.145
10024,0.000,0.000,0.000,-9.141,-38.145
10025,0.000,0.000,0.000,-9.141,-38.145
10026,0.000,0.000,0.000,-9.141,-38.145
10027,0.000,0.000,0.000,-9.053,-38.145
10028,0.000,0.000,0.000,-9.053,-38.145
10029,0.000,0.000,0.000,-9.053,-38.145
10030,0.000,0.000,0.000,-9.053,-38.145
10031,0.000,0.000,0.000,-9.053,-38.145
10032,0.000,0.000,0.000,-9.053,-38.145
10033,0.000,0.000,0.000,-9.053,-38.145
10034,0.000,0.000,0.000,-9.053,-38.145
10035,0.000,0.000,0.000,-9.053,-38.145
10036,0.000,0.000,0.000,-9.053,-38.232
10037,0.000,0.000,0.000,-8.965,-38.232
10038,0.000,0.000,0.000,-8.965,-38.232
10039,0.000,0.000,0.000,-8.965,-38.232
10040,0.000,0.000,0.000,-8.965,-38.232
10041,0.000,0.000,0.000,-8.965,-38.232
10042,0.000,0.000,0.000,-8.965,-38.232
10043,0.000,0.000,0.000,-8.965,-38.232
10044,0.000,0.000,0.000,-8.965,-38.232
10045,0.000,0.000,0.000,-8.965,-38.232
10046,0.000,0.000,0.000,-8.965,-38.232
10047,0.000,0.000,0.000,-8.965,-38.232
10048,0.000,0.000,0.000,-8.965,-38.232
10049,0.000,0.000,0.000,-8.965,-38.232
10050,0.000,0.000,0.000,-8.965,-38.232
10051,0.000,0.000,0.000,-8.965,-38.232
10052,0.000,0.000,0.000,-8.965,-38.232
10053,0.000,0.000,0.000,-8.965,-38.232
10054,0.000,0.000,0.000,-8.965,-38.232
10055,0.000,0.000,0.000,-8.965,-38.232
10056,0.000,0.000,0.000,-8.965,-38.232
10057,0.000,0.000,0.000,-8.965,-38.232
10058,0.000,0.000,0.000,-8.965,-38.232
10059,0.000,0.000,0.000,-8.965,-38.232
10060,0.000,0.000,0.000,-8.965,-38.232
10061,0.000,0.000,0.000,-8.965,-38.232
10062,0.000,0.000,0.000,-8.965,-38.232
10063,0.000,0.000,0.000,-8.965,-38.232
10064,0.000,0.000,0.000,-8.965,-38.232
10065,0.000,0.000,0.000,-8.965,-38.232
10066,0.000,0.000,0.000,-8.965,-38.232
10067,0.000,0.000,0.000,-8.965,-38.232
10068,0.000,0.000,0.000,-8.965,-38.232
10069,0.000,0.000,0.000,-8.965,-38.232
10070,0.000,0.000,0.000,-8.965,-38.232
10071,0.000,0.000,0.000,-8.965,-38.232
10072,0.000,0.000,0.000,-8.965,-38.232
10073,0.000,0.000,0.000,-8.965,-38.232
10074,0.000,0.000,0.000,-8.965,-38.232
10075,0.000,0.000,0.000,-8.965,-38.232
10076,0.000,0.000,0.000,-8.965,-38.232
10077,0.000,0.000,0.000,-8.965,-38.232
10078,0.000,0.000,0.000,-8.965,-38.232
10079,0.000,0.000,0.000,-8.965,-38.232
10080,0.000,0.000,0.000,-8.965,-38.232
10081,0.000,0.000,0.000,-8.965,-38.232
10082,0.000,0.000,0.000,-8.965,-38.232
10083,0.000,0.000,0.000,-8.965,-38.232
10084,0.000,0.000,0.000,-8.965,-38.232
10085,0.000,0.000,0.000,-8.965,-38.232
10086,0.000,0.000,0.000,-8.965,-38.232
10087,0.000,0.000,0.000,-8.965,-38.232
10088,0.000,0.000,0.000,-8.965,-38.232
10089,0.000,0.000,0.000,-8.965,-38.232
10090,0.000,0.000,0.000,-8.965,-38.232
10091,0.000,0.000,0.000,-8.965,-38.232
10092,0.000,0.000,0.000,-8.965,-38.232
10093,0.000,0.000,0.000,-8.965,-38.232
10094,0.000,0.000,0.000,-8.965,-38.232
10095,0.000,0.000,0.000,-8.965,-38.232
10096,0.000,0.000,0.000,-8.965,-38.232
10097,0.000,0.000,0.000,-8.965,-38.232
10098,0.000,0.000,0.000,-8.965,-38.232
10099,0.000,0.000,0.000,-8.965,-38.232
10100,0.000,0.000,0.000,-8.965,-38.232
10101,0.000,0.000,0.000,-8.965,-38.232
10102,0.000,0.000,0.000,-8.965,-38.232
10103,0.000,0.000,0.000,-8.965,-38.232
10104,0.000,0.000,0.000,-8.965,-38.232
10105,0.000,0.000,0.000,-8.965,-38.232
10106,0.000,0.000,0.000,-8.965,-38.232
10107,0.000,0.000,0.000,-8.965,-38.232
10108,0.000,0.000,0.000,-8.965,-38.232
10109,0.000,0.000,0.000,-8.965,-38.232
10110,0.000,0.000,0.000,-8.965,-38.232
10111,0.000,0.000,0.000,-8.965,-38.232
10112,0.000,0.000,0.000,-8.965,-38.232
10113,0.000,0.000,0.000,-8.965,-38.232
10114,0.000,0.000,0.000,-8.965,-38.232
10115,0.000,0.000,0.000,-8.965,-38.232
10116,0.000,0.000,0.000,-8.965,-38.232
10117,0.000,0.000,0.000,-8.965,-38.232
10118,0.000,0.000,0.000,-8.965,-38.232
10119,0.000,0.000,0.000,-8.965,-38.232
10120,0.000,0.000,0.000,-8.965,-38.232
10121,0.000,0.000,0.000,-8.965,-38.232
10122,0.000,0.000,0.000,-8.965,-38.232
10123,0.000,0.000,0.000,-8.965,-38.232
10124,0.000,0.000,0.000,-8.965,-38.232
10125,0.000,0.000,0.000,-8.965,-38.232
10126,0.000,0.000,0.000,-8.965,-38.232
10127,0.000,0.000,0.000,-8.965,-38.232
10128,0.000,0.000,0.000,-8.965,-38.232
10129,0.000,0.000,0.000,-8.965,-38.232
10130,0.000,0.000,0.000,-8.965,-38.232
10131,0.000,0.000,0.000,-8.965,-38.232
10132,0.000,0.000,0.000,-8.965,-38.232
10133,0.000,0.000,0.000,-8.965,-38.232
10134,0.000,0.000,0.000,-8.965,-38.232
10135,0.000,0.000,0.000,-8.965,-38.232
10136,0.000,0.000,0.000,-8.965,-38.232
10137,0.000,0.000,0.000,-8.965,-38.232
10138,0.000,0.000,0.000,-8.965,-38.232
10139,0.000,0.000,0.000,-8.965,-38.232
10140,0.000,0.000,0.000,-8.965,-38.232
10141,0.000,0.000,0.000,-8.965,-38.232
10142,0.000,0.000,0.000,-8.965,-38.232
10143,0.000,0.000,0.000,-8.965,-38.232
10144,0.000,0.000,0.000,-8.965,-38.232
10145,0.000,0.000,0.000,-8.965,-38.232
10146,0.000,0.000,0.000,-8.965,-38.232
10147,0.000,0.000,0.000,-8.965,-38.232
10148,0.000,0.000,0.000,-8.965,-38.232
10149,0.000,0.000,0.000,-8.965,-38.232
10150,0.000,0.000,0.000,-8.965,-38.232
10151,0.000,0.000,0.000,-8.965,-38.232
10152,0.000,0.000,0.000,-8.965,-38.232
10153,0.000,0.000,0.000,-8.965,-38.232
10154,0.000,0.000,0.000,-8.965,-38.232
10155,0.000,0.000,0.000,-8.965,-38.232
10156,0.000,0.000,0.000,-8.965,-38.232
10157,0.000,0.000,0.000,-8.965,-38.232
10158,0.000,0.000,0.000,-8.965,-38.232
10159,0.000,0.000,0.000,-8.965,-38.232
10160,0.000,0.000,0.000,-8.965,-38.232
10161,0.000,0.000,0.000,-8.965,-38.232
10162,0.000,0.000,0.000,-8.965,-38.232
10163,0.000,0.000,0.000,-8.965,-38.232
10164,0.000,0.000,0.000,-8.965,-38.232
10165,0.000,0.000,0.000,-8.965,-38.232
10166,0.000,0.000,0.000,-8.965,-38.232
10167,0.000,0.000,0.000,-8.965,-38.232
10168,0.000,0.000,0.000,-8.965,-38.232
10169,0.000,0.000,0.000,-8.965,-38.232
10170,0.000,0.000,0.000,-8.965,-38.232
10171,0.000,0.000,0.000,-8.965,-38.232
10172,0.000,0.000,0.000,-8.965,-38.232
10173,0.000,0.000,0.000,-8.965,-38.232
10174,0.000,0.000,0.000,-8.965,-38.232
10175,0.000,0.000,0.000,-8.965,-38.232
10176,0.000,0.000,0.000,-8.965,-38.232
10177,0.000,0.000,0.000,-8.965,-38.232
10178,0.000,0.000,0.000,-8.965,-38.232
10179,0.000,0.000,0.000,-8.965,-38.232
10180,0.000,0.000,0.000,-8.965,-38.232
10181,0.000,0.000,0.000,-8.965,-38.232
10182,0.000,0.000,0.000,-8.965,-38.232
10183,0.000,0.000,0.000,-8.965,-38.232
10184,0.000,0.000,0.000,-8.965,-38.232
10185,0.000,0.000,0.000,-8.965,-38.232
10186,0.000,0.000,0.000,-8.965,-38.232
10187,0.000,0.000,0.000,-8.965,-38.232
10188,0.000,0.000,0.000,-8.965,-38.232
10189,0.000,0.000,0.000,-8.965,-38.232
10190,0.000,0.000,0.000,-8.965,-38.232
10191,0.000,0.000,0.000,-8.965,-38.232
10192,0.000,0.000,0.000,-8.965,-38.232
10193,0.000,0.000,0.000,-8.965,-38.232
10194,0.000,0.000,0.000,-8.965,-38.232
10195,0.000,0.000,0.000,-8.965,-38.232
10196,0.000,0.000,0.000,-8.965,-38.232
10197,0.000,0.000,0.000,-8.965,-38.232
10198,0.000,0.000,0.000,-8.965,-38.232
10199,0.000,0.000,0.000,-8.965,-38.232
10200,0.000,0.000,0.000,-8.965,-38.232
10201,0.000,0.000,0.000,-8.965,-38.232
10202,0.000,0.000,0.000,-8.965,-38.232
10203,0.000,0.000,0.000,-8.965,-38.232
10204,0.000,0.000,0.000,-8.965,-38.232
10205,0.000,0.000,0.000,-8.965,-38.232
10206,0.000,0.000,0.000,-8.965,-38.232
10207,0.000,0.000,0.000,-8.965,-38.232
10208,0.000,0.000,0.000,-8.877,-38.232
10209,0.000,0.000,0.000,-8.877,-38.232
10210,0.000,0.000,0.000,-8.877,-38.232
10211,0.000,0.000,0.000,-8.877,-38.232
10212,0.000,0.000,0.000,-8.877,-38.232
10213,0.000,0.000,0.000,-8.877,-38.232
10214,0.000,0.000,0.000,-8.877,-38.232
10215,0.000,0.000,0.000,-8.877,-38.232
10216,0.000,0.000,0.000,-8.877,-38.232
10217,0.000,0.000,0.000,-8.877,-38.232
10218,0.000,0.000,0.000,-8.877,-38.232
10219,0.000,0.000,0.000,-8.877,-38.232
10220,0.000,0.000,0.000,-8.877,-38.232
10221,0.000,0.000,0.000,-8.877,-38.232
10222,0.000,0.000,0.000,-8.877,-38.232
10223,0.000,0.000,0.000,-8.877,-38.232
10224,0.000,0.000,0.000,-8.877,-38.232
10225,0.000,0.000,0.000,-8.877,-38.232
10226,0.000,0.000,0.000,-8.877,-38.232
10227,0.000,0.000,0.000,-8.877,-38.232
10228,0.000,0.000,0.000,-8.877,-38.232
10229,0.000,0.000,0.000,-8.877,-38.232
10230,0.000,0.000,0.000,-8.877,-38.232
10231,0.000,0.000,0.000,-8.877,-38.232
10232,0.000,0.000,0.000,-8.877,-38.232
10233,0.000,0.000,0.000,-8.877,-38.232
10234,0.000,0.000,0.000,-8.877,-38.232
10235,0.000,0.000,0.000,-8.877,-38.232
10236,0.000,0.000,0.000,-8.877,-38.232
10237,0.000,0.000,0.000,-8.877,-38.232
10238,0.000,0.000,0.000,-8.877,-38.232
10239,0.000,0.000,0.000,-8.877,-38.232
10240,0.000,0.000,0.000,-8.877,-38.232
10241,0.000,0.000,0.000,-8.877,-38.232
10242,0.000,0.000,0.000,-8.877,-38.232
10243,0.000,0.000,0.000,-8.877,-38.232
10244,0.000,0.000,0.000,-8.789,-38.232
10245,0.000,0.000,0.000,-8.789,-38.232
10246,0.000,0.000,0.000,-8.789,-38.232
10247,0.000,0.000,0.000,-8.789,-38.232
10248,0.000,0.000,0.000,-8.789,-38.232
10249,0.000,0.000,0.000,-8.789,-38.232
10250,0.000,0.000,0.000,-8.789,-38.232
10251,0.000,0.000,0.000,-8.789,-38.232
10252,0.000,0.000,0.000,-8.789,-38.232
10253,0.000,0.000,0.000,-8.789,-38.232
10254,0.000,0.000,0.000,-8.789,-38.232
10255,0.000,0.000,0.000,-8.789,-38.232
10256,0.000,0.000,0.000,-8.789,-38.232
10257,0.000,0.000,0.000,-8.789,-38.232
10258,0.000,0.000,0.000,-8.789,-38.232
10259,0.000,0.000,0.000,-8.789,-38.232
10260,0.000,0.000,0.000,-8.789,-38.232
10261,0.000,0.000,0.000,-8.789,-38.232
10262,0.000,0.000,0.000,-8.789,-38.232
10263,0.000,0.000,0.000,-8.789,-38.232
10264,0.000,0.000,0.000,-8.789,-38.232
10265,0.000,0.000,0.000,-8.789,-38.232
10266,0.000,0.000,0.000,-8.789,-38.232
10267,0.000,0.000,0.000,-8.789,-38.232
10268,0.000,0.000,0.000,-8.789,-38.232
10269,0.000,0.000,0.000,-8.789,-38.232
10270,0.000,0.000,0.000,-8.789,-38.232
10271,0.000,0.000,0.000,-8.789,-38.232
10272,0.000,0.000,0.000,-8.789,-38.232
10273,0.000,0.000,0.000,-8.789,-38.232
10274,0.000,0.000,0.000,-8.789,-38.232
10275,0.000,0.000,0.000,-8.789,-38.232
10276,0.000,0.000,0.000,-8.789,-38.232
10277,0.000,0.000,0.000,-8.789,-38.232
10278,0.000,0.000,0.000,-8.789,-38.232
10279,0.000,0.000,0.000,-8.789,-38.232
10280,0.000,0.000,0.000,-8.789,-38.232
10281,0.000,0.000,0.000,-8.789,-38.232
10282,0.000,0.000,0.000,-8.789,-38.232
10283,0.000,0.000,0.000,-8.789,-38.232
10284,0.000,0.000,0.000,-8.789,-38.232
10285,0.000,0.000,0.000,-8.789,-38.232
10286,0.000,0.000,0.000,-8.789,-38.232
10287,0.000,0.000,0.000,-8.789,-38.232
10288,0.000,0.000,0.000,-8.789,-38.232
10289,0.000,0.000,0.000,-8.789,-38.232
10290,0.000,0.000,0.000,-8.789,-38.232
10291,0.000,0.000,0.000,-8.789,-38.232
10292,0.000,0.000,0.000,-8.789,-38.232
10293,0.000,0.000,0.000,-8.789,-38.232
10294,0.000,0.000,0.000,-8.789,-38.232
10295,0.000,0.000,0.000,-8.789,-38.232
10296,0.000,0.000,0.000,-8.789,-38.232
10297,0.000,0.000,0.000,-8.789,-38.232
10298,0.000,0.000,0.000,-8.789,-38.232
10299,0.000,0.000,0.000,-8.789,-38.232
10300,0.000,0.000,0.000,-8.789,-38.232
10301,0.000,0.000,0.000,-8.789,-38.232
10302,0.000,0.000,0.000,-8.789,-38.232
10303,0.000,0.000,0.000,-8.789,-38.232
10304,0.000,0.000,0.000,-8.789,-38.232
10305,0.000,0.000,0.000,-8.789,-38.232
10306,0.000,0.000,0.000,-8.789,-38.232
10307,0.000,0.000,0.000,-8.789,-38.232
10308,0.000,0.000,0.000,-8.789,-38.232
10309,0.000,0.000,0.000,-8.789,-38.232
10310,0.000,0.000,0.000,-8.789,-38.232
10311,0.000,0.000,0.000,-8.789,-38.232
10312,0.000,0.000,0.000,-8.789,-38.232
10313,0.000,0.000,0.000,-8.789,-38.232
10314,0.000,0.000,0.000,-8.789,-38.232
10315,0.000,0.000,0.000,-8.789,-38.232
10316,0.000,0.000,0.000,-8.789,-38.232
10317,0.000,0.000,0.000,-8.789,-38.232
10318,0.000,0.000,0.000,-8.789,-38.232
10319,0.000,0.000,0.000,-8.789,-38.232
10320,0.000,0.000,0.000,-8.789,-38.232
10321,0.000,0.000,0.000,-8.789,-38.232
10322,0.000,0.000,0.000,-8.789,-38.232
10323,0.000,0.000,0.000,-8.789,-38.232
10324,0.000,0.000,0.000,-8.789,-38.232
10325,0.000,0.000,0.000,-8.789,-38.232
10326,0.000,0.000,0.000,-8.789,-38.232
10327,0.000,0.000,0.000,-8.789,-38.232
10328,0.000,0.000,0.000,-8.789,-38.232
10329,0.000,0.000,0.000,-8.789,-38.232
10330,0.000,0.000,0.000,-8.789,-38.232
10331,0.000,0.000,0.000,-8.789,-38.232
10332,0.000,0.000,0.000,-8.789,-38.232
10333,0.000,0.000,0.000,-8.789,-38.232
10334,0.000,0.000,0.000,-8.789,-38.232
10335,0.000,0.000,0.000,-8.789,-38.232
10336,0.000,0.000,0.000,-8.789,-38.232
10337,0.000,0.000,0.000,-8.789,-38.232
10338,0.000,0.000,0.000,-8.789,-38.232
10339,0.000,0.000,0.000,-8.789,-38.232
10340,0.000,0.000,0.000,-8.789,-38.232
10341,0.000,0.000,0.000,-8.789,-38.232
10342,0.000,0.000,0.000,-8.789,-38.232
10343,0.000,0.000,0.000,-8.789,-38.232
10344,0.000,0.000,0.000,-8.789,-38.232
10345,0.000,0.000,0.000,-8.789,-38.232
10346,0.000,0.000,0.000,-8.789,-38.232
10347,0.000,0.000,0.000,-8.789,-38.232
10348,0.000,0.000,0.000,-8.789,-38.232
10349,0.000,0.000,0.000,-8.701,-38.232
10350,0.000,0.000,0.000,-8.701,-38.232
10351,0.000,0.000,0.000,-8.701,-38.232
10352,0.000,0.000,0.000,-8.701,-38.232
10353,0.000,0.000,0.000,-8.701,-38.232
10354,0.000,0.000,0.000,-8.701,-38.232
10355,0.000,0.000,0.000,-8.701,-38.232
10356,0.000,0.000,0.000,-8.701,-38.232
10357,0.000,0.000,0.000,-8.701,-38.232
10358,0.000,0.000,0.000,-8.701,-38.232
10359,0.000,0.000,0.000,-8.701,-38.232
10360,0.000,0.000,0.000,-8.701,-38.232
10361,0.000,0.000,0.000,-8.701,-38.232
10362,0.000,0.000,0.000,-8.701,-38.232
10363,0.000,0.000,0.000,-8.701,-38.232
10364,0.000,0.000,0.000,-8.701,-38.232
10365,0.000,0.000,0.000,-8.701,-38.232
10366,0.000,0.000,0.000,-8.701,-38.232
10367,0.000,0.000,0.000,-8.701,-38.232
10368,0.000,0.000,0.000,-8.701,-38.232
10369,0.000,0.000,0.000,-8.701,-38.232
10370,0.000,0.000,0.000,-8.701,-38.232
10371,0.000,0.000,0.000,-8.701,-38.232
10372,0.000,0.000,0.000,-8.701,-38.232
10373,0.000,0.000,0.000,-8.701,-38.232
10374,0.000,0.000,0.000,-8.701,-38.232
10375,0.000,0.000,0.000,-8.701,-38.232
10376,0.000,0.000,0.000,-8.701,-38.232
10377,0.000,0.000,0.000,-8.701,-38.232
10378,0.000,0.000,0.000,-8.701,-38.232
10379,0.000,0.000,0.000,-8.701,-38.232
10380,0.000,0.000,0.000,-8.701,-38.232
10381,0.000,0.000,0.000,-8.701,-38.232
10382,0.000,0.000,0.000,-8.701,-38.232
10383,0.000,0.000,0.000,-8.701,-38.232
10384,0.000,0.000,0.000,-8.701,-38.232
10385,0.000,0.000,0.000,-8.701,-38.232
10386,0.000,0.000,0.000,-8.701,-38.232
10387,0.000,0.000,0.000,-8.701,-38.232
10388,0.000,0.000,0.000,-8.701,-38.232
10389,0.000,0.000,0.000,-8.701,-38.232
10390,0.000,0.000,0.000,-8.701,-38.232
10391,0.000,0.000,0.000,-8.701,-38.232
10392,0.000,0.000,0.000,-8.701,-38.232
10393,0.000,0.000,0.000,-8.701,-38.232
10394,0.000,0.000,0.000,-8.701,-38.232
10395,0.000,0.000,0.000,-8.701,-38.232
10396,0.000,0.000,0.000,-8.701,-38.232
10397,0.000,0.000,0.000,-8.701,-38.232
10398,0.000,0.000,0.000,-8.701,-38.232
10399,0.000,0.000,0.000,-8.701,-38.232
10400,0.000,0.000,0.000,-8.701,-38.232
10401,0.000,0.000,0.000,-8.701,-38.232
10402,0.000,0.000,0.000,-8.701,-38.232
10403,0.000,0.000,0.000,-8.701,-38.232
10404,0.000,0.000,0.000,-8.701,-38.232
10405,0.000,0.000,0.000,-8.701,-38.232
10406,0.000,0.000,0.000,-8.701,-38.232
10407,0.000,0.000,0.000,-8.701,-38.232
10408,0.000,0.000,0.000,-8.701,-38.232
10409,0.000,0.000,0.000,-8.701,-38.232
10410,0.000,0.000,0.000,-8.701,-38.232
10411,0.000,0.000,0.000,-8.701,-38.232
10412,0.000,0.000,0.000,-8.701,-38.232
10413,0.000,0.000,0.000,-8.701,-38.232
10414,0.000,0.000,0.000,-8.701,-38.232
10415,0.000,0.000,0.000,-8.701,-38.232
10416,0.000,0.000,0.000,-8.701,-38.232
10417,0.000,0.000,0.000,-8.701,-38.232
10418,0.000,0.000,0.000,-8.701,-38.232
10419,0.000,0.000,0.000,-8.701,-38.232
10420,0.000,0.000,0.000,-8.613,-38.232
10421,0.000,0.000,0.000,-8.613,-38.232
10422,0.000,0.000,0.000,-8.613,-38.232
10423,0.000,0.000,0.000,-8.613,-38.232
10424,0.000,0.000,0.000,-8.613,-38.232
10425,0.000,0.000,0.000,-8.613,-38.232
10426,0.000,0.000,0.000,-8.613,-38.232
10427,0.000,0.000,0.000,-8.613,-38.232
10428,0.000,0.000,0.000,-8.613,-38.232
10429,0.000,0.000,0.000,-8.613,-38.232
10430,0.000,0.000,0.000,-8.613,-38.232
10431,0.000,0.000,0.000,-8.613,-38.232
10432,0.000,0.000,0.000,-8.613,-38.232
10433,0.000,0.000,0.000,-8.613,-38.232
10434,0.000,0.000,0.000,-8.613,-38.232
10435,0.000,0.000,0.000,-8.613,-38.232
10436,0.000,0.000,0.000,-8.613,-38.232
10437,0.000,0.000,0.000,-8.613,-38.232
10438,0.000,0.000,0.000,-8.613,-38.232
10439,0.000,0.000,0.000,-8.613,-38.232
10440,0.000,0.000,0.000,-8.613,-38.232
10441,0.000,0.000,0.000,-8.613,-38.232
10442,0.000,0.000,0.000,-8.613,-38.232
10443,0.000,0.000,0.000,-8.613,-38.232
10444,0.000,0.000,0.000,-8.613,-38.232
10445,0.000,0.000,0.000,-8.613,-38.232
10446,0.000,0.000,0.000,-8.613,-38.232
10447,0.000,0.000,0.000,-8.613,-38.232
10448,0.000,0.000,0.000,-8.613,-38.232
10449,0.000,0.000,0.000,-8.613,-38.232
10450,0.000,0.000,0.000,-8.613,-38.232
10451,0.000,0.000,0.000,-8.613,-38.232
10452,0.000,0.000,0.000,-8.613,-38.232
10453,0.000,0.000,0.000,-8.613,-38.232
10454,0.000,0.000,0.000,-8.613,-38.232
10455,0.000,0.000,0.000,-8.613,-38.232
10456,0.000,0.000,0.000,-8.613,-38.232
10457,0.000,0.000,0.000,-8.613,-38.232
10458,0.000,0.000,0.000,-8.613,-38.232
10459,0.000,0.000,0.000,-8.613,-38.232
10460,0.000,0.000,0.000,-8.613,-38.232
10461,0.000,0.000,0.000,-8.613,-38.232
10462,0.000,0.000,0.000,-8.613,-38.232
10463,0.000,0.000,0.000,-8.613,-38.232
10464,0.000,0.000,0.000,-8.613,-38.232
10465,0.000,0.000,0.000,-8.613,-38.232
10466,0.000,0.000,0.000,-8.613,-38.232
10467,0.000,0.000,0.000,-8.613,-38.232
10468,0.000,0.000,0.000,-8.613,-38.232
10469,0.000,0.000,0.000,-8.613,-38.232
10470,0.000,0.000,0.000,-8.613,-38.232
10471,0.000,0.000,0.000,-8.613,-38.232
10472,0.000,0.000,0.000,-8.613,-38.232
10473,0.000,0.000,0.000,-8.613,-38.232
10474,0.000,0.000,0.000,-8.613,-38.232
10475,0.000,0.000,0.000,-8.613,-38.232
10476,0.000,0.000,0.000,-8.613,-38.232
10477,0.000,0.000,0.000,-8.613,-38.232
10478,0.000,0.000,0.000,-8.613,-38.232
10479,0.000,0.000,0.000,-8.613,-38.232
10480,0.000,0.000,0.000,-8.525,-38.232
10481,0.000,0.000,0.000,-8.525,-38.232
10482,0.000,0.000,0.000,-8.525,-38.232
10483,0.000,0.000,0.000,-8.525,-38.232
10484,0.000,0.000,0.000,-8.525,-38.232
10485,0.000,0.000,0.000,-8.525,-38.232
10486,0.000,0.000,0.000,-8.525,-38.232
10487,0.000,0.000,0.000,-8.525,-38.232
10488,0.000,0.000,0.000,-8.525,-38.232
10489,0.000,0.000,0.000,-8.525,-38.232
10490,0.000,0.000,0.000,-8.525,-38.232
10491,0.000,0.000,0.000,-8.525,-38.232
10492,0.000,0.000,0.000,-8.525,-38.232
10493,0.000,0.000,0.000,-8.525,-38.232
10494,0.000,0.000,0.000,-8.525,-38.232
10495,0.000,0.000,0.000,-8.525,-38.232
10496,0.000,0.000,0.000,-8.525,-38.232
10497,0.000,0.000,0.000,-8.525,-38.232
10498,0.000,0.000,0.000,-8.525,-38.232
10499,0.000,0.000,0.000,-8.525,-38.232
10500,0.000,0.000,0.000,-8.525,-38.232
10501,0.000,0.000,0.000,-8.525,-38.232
10502,0.000,0.000,0.000,-8.525,-38.232
10503,0.000,0.000,0.000,-8.525,-38.232
10504,0.000,0.000,0.000,-8.525,-38.232
10505,0.000,0.000,0.000,-8.525,-38.232
10506,0.000,0.000,0.000,-8.525,-38.232
10507,0.000,0.000,0.000,-8.525,-38.232
10508,0.000,0.000,0.000,-8.525,-38.232
10509,0.000,0.000,0.000,-8.525,-38.232
10510,0.000,0.000,0.000,-8.525,-38.232
10511,0.000,0.000,0.000,-8.525,-38.232
10512,0.000,0.000,0.000,-8.525,-38.232
10513,0.000,0.000,0.000,-8.525,-38.232
10514,0.000,0.000,0.000,-8.525,-38.232
10515,0.000,0.000,0.000,-8.525,-38.232
10516,0.000,0.000,0.000,-8.525,-38.232
10517,0.000,0.000,0.000,-8.525,-38.232
10518,0.000,0.000,0.000,-8.525,-38.232
10519,0.000,0.000,0.000,-8.525,-38.232
10520,0.000,0.000,0.000,-8.525,-38.232
10521,0.000,0.000,0.000,-8.525,-38.232
10522,0.000,0.000,0.000,-8.525,-38.232
10523,0.000,0.000,0.000,-8.525,-38.232
10524,0.000,0.000,0.000,-8.525,-38.232
10525,0.000,0.000,0.000,-8.525,-38.232
10526,0.000,0.000,0.000,-8.525,-38.232
10527,0.000,0.000,0.000,-8.525,-38.232
10528,0.000,0.000,0.000,-8.525,-38.232
10529,0.000,0.000,0.000,-8.525,-38.232
10530,0.000,0.000,0.000,-8.525,-38.232
10531,0.000,0.000,0.000,-8.525,-38.232
10532,0.000,0.000,0.000,-8.525,-38.232
10533,0.000,0.000,0.000,-8.525,-38.232
10534,0.000,0.000,0.000,-8.525,-38.232
10535,0.000,0.000,0.000,-8.525,-38.232
10536,0.000,0.000,0.000,-8.525,-38.232
10537,0.000,0.000,0.000,-8.525,-38.232
10538,0.000,0.000,0.000,-8.525,-38.232
10539,0.000,0.000,0.000,-8.525,-38.232
10540,0.000,0.000,0.000,-8.525,-38.232
10541,0.000,0.000,0.000,-8.525,-38.232
10542,0.000,0.000,0.000,-8.525,-38.232
10543,0.000,0.000,0.000,-8.525,-38.232
10544,0.000,0.000,0.000,-8.525,-38.232
10545,0.000,0.000,0.000,-8.438,-38.232
10546,0.000,0.000,0.000,-8.438,-38.232
10547,0.000,0.000,0.000,-8.438,-38.232
10548,0.000,0.000,0.000,-8.438,-38.232
10549,0.000,0.000,0.000,-8.438,-38.232
10550,0.000,0.000,0.000,-8.438,-38.232
10551,0.000,0.000,0.000,-8.438,-38.232
10552,0.000,0.000,0.000,-8.438,-38.232
10553,0.000,0.000,0.000,-8.438,-38.232
10554,0.000,0.000,0.000,-8.438,-38.232
10555,0.000,0.000,0.000,-8.438,-38.232
10556,0.000,0.000,0.000,-8.438,-38.232
10557,0.000,0.000,0.000,-8.438,-38.232
10558,0.000,0.000,0.000,-8.438,-38.232
10559,0.000,0.000,0.000,-8.438,-38.232
10560,0.000,0.000,0.000,-8.438,-38.232
10561,0.000,0.000,0.000,-8.438,-38.232
10562,0.000,0.000,0.000,-8.438,-38.232
10563,0.000,0.000,0.000,-8.438,-38.232
10564,0.000,0.000,0.000,-8.438,-38.232
10565,0.000,0.000,0.000,-8.438,-38.232
10566,0.000,0.000,0.000,-8.438,-38.232
10567,0.000,0.000,0.000,-8.438,-38.232
10568,0.000,0.000,0.000,-8.438,-38.232
10569,0.000,0.000,0.000,-8.350,-38.232
10570,0.000,0.000,0.000,-8.350,-38.232
10571,0.000,0.000,0.000,-8.350,-38.232
10572,0.000,0.000,0.000,-8.350,-38.232
10573,0.000,0.000,0.000,-8.350,-38.232
10574,0.000,0.000,0.000,-8.350,-38.232
10575,0.000,0.000,0.000,-8.350,-38.232
10576,0.000,0.000,0.000,-8.350,-38.232
10577,0.000,0.000,0.000,-8.350,-38.232
10578,0.000,0.000,0.000,-8.350,-38.232
10579,0.000,0.000,0.000,-8.350,-38.232
10580,0.000,0.000,0.000,-8.350,-38.232
10581,0.000,0.000,0.000,-8.350,-38.232
10582,0.000,0.000,0.000,-8.350,-38.232
10583,0.000,0.000,0.000,-8.350,-38.232
10584,0.000,0.000,0.000,-8.350,-38.232
10585,0.000,0.000,0.000,-8.350,-38.232
10586,0.000,0.000,0.000,-8.350,-38.232
10587,0.000,0.000,0.000,-8.350,-38.232
10588,0.000,0.000,0.000,-8.350,-38.232
10589,0.000,0.000,0.000,-8.350,-38.232
10590,0.000,0.000,0.000,-8.350,-38.232
10591,0.000,0.000,0.000,-8.350,-38.232
10592,0.000,0.000,0.000,-8.350,-38.232
10593,0.000,0.000,0.000,-8.350,-38.232
10594,0.000,0.000,0.000,-8.350,-38.232
10595,0.000,0.000,0.000,-8.350,-38.232
10596,0.000,0.000,0.000,-8.350,-38.232
10597,0.000,0.000,0.000,-8.350,-38.232
10598,0.000,0.000,0.000,-8.350,-38.232
10599,0.000,0.000,0.000,-8.350,-38.232
10600,0.000,0.000,0.000,-8.350,-38.232
10601,0.000,0.000,0.000,-8.350,-38.232
10602,0.000,0.000,0.000,-8.350,-38.232
10603,0.000,0.000,0.000,-8.350,-38.232
10604,0.000,0.000,0.000,-8.350,-38.232
10605,0.000,0.000,0.000,-8.350,-38.232
10606,0.000,0.000,0.000,-8.350,-38.232
10607,0.000,0.000,0.000,-8.350,-38.232
10608,0.000,0.000,0.000,-8.350,-38.232
10609,0.000,0.000,0.000,-8.350,-38.232
10610,0.000,0.000,0.000,-8.350,-38.232
10611,0.000,0.000,0.000,-8.350,-38.232
10612,0.000,0.000,0.000,-8.350,-38.232
10613,0.000,0.000,0.000,-8.350,-38.232
10614,0.000,0.000,0.000,-8.350,-38.232
10615,0.000,0.000,0.000,-8.350,-38.232
10616,0.000,0.000,0.000,-8.262,-38.232
10617,0.000,0.000,0.000,-8.262,-38.232
10618,0.000,0.000,0.000,-8.262,-38.232
10619,0.000,0.000,0.000,-8.262,-38.232
10620,0.000,0.000,0.000,-8.262,-38.232
10621,0.000,0.000,0.000,-8.262,-38.232
10622,0.000,0.000,0.000,-8.262,-38.232
10623,0.000,0.000,0.000,-8.262,-38.232
10624,0.000,0.000,0.000,-8.262,-38.232
10625,0.000,0.000,0.000,-8.262,-38.232
10626,0.000,0.000,0.000,-8.262,-38.232
10627,0.000,0.000,0.000,-8.262,-38.232
10628,0.000,0.000,0.000,-8.262,-38.232
10629,0.000,0.000,0.000,-8.262,-38.232
10630,0.000,0.000,0.000,-8.262,-38.232
10631,0.000,0.000,0.000,-8.262,-38.232
10632,0.000,0.000,0.000,-8.262,-38.232
10633,0.000,0.000,0.000,-8.262,-38.232
10634,0.000,0.000,0.000,-8.262,-38.232
10635,0.000,0.000,0.000,-8.262,-38.232
10636,0.000,0.000,0.000,-8.262,-38.232
10637,0.000,0.000,0.000,-8.262,-38.232
10638,0.000,0.000,0.000,-8.262,-38.232
10639,0.000,0.000,0.000,-8.262,-38.232
10640,0.000,0.000,0.000,-8.262,-38.232
10641,0.000,0.000,0.000,-8.262,-38.232
10642,0.000,0.000,0.000,-8.262,-38.232
10643,0.000,0.000,0.000,-8.262,-38.232
10644,0.000,0.000,0.000,-8.262,-38.232
10645,0.000,0.000,0.000,-8.262,-38.232
10646,0.000,0.000,0.000,-8.262,-38.232
10647,0.000,0.000,0.000,-8.262,-38.232
10648,0.000,0.000,0.000,-8.262,-38.232
10649,0.000,0.000,0.000,-8.262,-38.232
10650,0.000,0.000,0.000,-8.262,-38.232
10651,0.000,0.000,0.000,-8.262,-38.232
10652,0.000,0.000,0.000,-8.262,-38.232
10653,0.000,0.000,0.000,-8.262,-38.232
10654,0.000,0.000,0.000,-8.262,-38.232
10655,0.000,0.000,0.000,-8.262,-38.232
10656,0.000,0.000,0.000,-8.262,-38.232
10657,0.000,0.000,0.000,-8.262,-38.232
10658,0.000,0.000,0.000,-8.262,-38.232
10659,0.000,0.000,0.000,-8.262,-38.232
10660,0.000,0.000,0.000,-8.262,-38.232
10661,0.000,0.000,0.000,-8.262,-38.232
10662,0.000,0.000,0.000,-8.262,-38.232
10663,0.000,0.000,0.000,-8.262,-38.232
10664,0.000,0.000,0.000,-8.262,-38.232
10665,0.000,0.000,0.000,-8.262,-38.232
10666,0.000,0.000,0.000,-8.262,-38.232
10667,0.000,0.000,0.000,-8.262,-38.232
10668,0.000,0.000,0.000,-8.262,-38.232
10669,0.000,0.000,0.000,-8.262,-38.232
10670,0.000,0.000,0.000,-8.262,-38.232
10671,0.000,0.000,0.000,-8.262,-38.232
10672,0.000,0.000,0.000,-8.262,-38.232
10673,0.000,0.000,0.000,-8.262,-38.232
10674,0.000,0.000,0.000,-8.262,-38.232
10675,0.000,0.000,0.000,-8.262,-38.232
10676,0.000,0.000,0.000,-8.262,-38.232
10677,0.000,0.000,0.000,-8.262,-38.232
10678,0.000,0.000,0.000,-8.262,-38.232
10679,0.000,0.000,0.000,-8.262,-38.232
10680,0.000,0.000,0.000,-8.262,-38.232
10681,0.000,0.000,0.000,-8.262,-38.232
10682,0.000,0.000,0.000,-8.262,-38.232
10683,0.000,0.000,0.000,-8.262,-38.232
10684,0.000,0.000,0.000,-8.262,-38.232
10685,0.000,0.000,0.000,-8.262,-38.232
10686,0.000,0.000,0.000,-8.262,-38.232
10687,0.000,0.000,0.000,-8.262,-38.232
10688,0.000,0.000,0.000,-8.262,-38.232
10689,0.000,0.000,0.000,-8.262,-38.232
10690,0.000,0.000,0.000,-8.262,-38.232
10691,0.000,0.000,0.000,-8.262,-38.232
10692,0.000,0.000,0.000,-8.262,-38.232
10693,0.000,0.000,0.000,-8.262,-38.232
10694,0.000,0.000,0.000,-8.262,-38.232
10695,0.000,0.000,0.000,-8.262,-38.232
10696,0.000,0.000,0.000,-8.262,-38.232
10697,0.000,0.000,0.000,-8.262,-38.232
10698,0.000,0.000,0.000,-8.262,-38.232
10699,0.000,0.000,0.000,-8.262,-38.232
10700,0.000,0.000,0.000,-8.262,-38.232
10701,0.000,0.000,0.000,-8.174,-38.232
10702,0.000,0.000,0.000,-8.174,-38.232
10703,0.000,0.000,0.000,-8.174,-38.232
10704,0.000,0.000,0.000,-8.174,-38.232
10705,0.000,0.000,0.000,-8.174,-38.232
10706,0.000,0.000,0.000,-8.174,-38.232
10707,0.000,0.000,0.000,-8.174,-38.232
10708,0.000,0.000,0.000,-8.174,-38.232
10709,0.000,0.000,0.000,-8.174,-38.232
10710,0.000,0.000,0.000,-8.174,-38.232
10711,0.000,0.000,0.000,-8.174,-38.232
10712,0.000,0.000,0.000,-8.174,-38.232
10713,0.000,0.000,0.000,-8.174,-38.232
10714,0.000,0.000,0.000,-8.174,-38.232
10715,0.000,0.000,0.000,-8.174,-38.232
10716,0.000,0.000,0.000,-8.174,-38.232
10717,0.000,0.000,0.000,-8.174,-38.232
10718,0.000,0.000,0.000,-8.174,-38.232
10719,0.000,0.000,0.000,-8.174,-38.232
10720,0.000,0.000,0.000,-8.174,-38.232
10721,0.000,0.000,0.000,-8.174,-38.232
10722,0.000,0.000,0.000,-8.174,-38.232
10723,0.000,0.000,0.000,-8.174,-38.232
10724,0.000,0.000,0.000,-8.174,-38.232
10725,0.000,0.000,0.000,-8.174,-38.232
10726,0.000,0.000,0.000,-8.174,-38.232
10727,0.000,0.000,0.000,-8.174,-38.232
10728,0.000,0.000,0.000,-8.174,-38.232
10729,0.000,0.000,0.000,-8.174,-38.232
10730,0.000,0.000,0.000,-8.174,-38.232
10731,0.000,0.000,0.000,-8.174,-38.232
10732,0.000,0.000,0.000,-8.174,-38.232
10733,0.000,0.000,0.000,-8.174,-38.232
10734,0.000,0.000,0.000,-8.174,-38.232
10735,0.000,0.000,0.000,-8.174,-38.232
10736,0.000,0.000,0.000,-8.174,-38.232
10737,0.000,0.000,0.000,-8.174,-38.232
10738,0.000,0.000,0.000,-8.174,-38.232
10739,0.000,0.000,0.000,-8.174,-38.232
10740,0.000,0.000,0.000,-8.174,-38.232
10741,0.000,0.000,0.000,-8.174,-38.232
10742,0.000,0.000,0.000,-8.174,-38.232
10743,0.000,0.000,0.000,-8.174,-38.232
10744,0.000,0.000,0.000,-8.174,-38.232
10745,0.000,0.000,0.000,-8.174,-38.232
10746,0.000,0.000,0.000,-8.174,-38.232
10747,0.000,0.000,0.000,-8.174,-38.232
10748,0.000,0.000,0.000,-8.174,-38.232
10749,0.000,0.000,0.000,-8.174,-38.232
10750,0.000,0.000,0.000,-8.174,-38.232
10751,0.000,0.000,0.000,-8.174,-38.232
10752,0.000,0.000,0.000,-8.174,-38.232
10753,0.000,0.000,0.000,-8.174,-38.232
10754,0.000,0.000,0.000,-8.174,-38.232
10755,0.000,0.000,0.000,-8.174,-38.232
10756,0.000,0.000,0.000,-8.174,-38.232
10757,0.000,0.000,0.000,-8.174,-38.232
10758,0.000,0.000,0.000,-8.174,-38.232
10759,0.000,0.000,0.000,-8.174,-38.232
10760,0.000,0.000,0.000,-8.174,-38.232
10761,0.000,0.000,0.000,-8.174,-38.232
10762,0.000,0.000,0.000,-8.174,-38.232
10763,0.000,0.000,0.000,-8.174,-38.232
10764,0.000,0.000,0.000,-8.174,-38.232
10765,0.000,0.000,0.000,-8.174,-38.232
10766,0.000,0.000,0.000,-8.174,-38.232
10767,0.000,0.000,0.000,-8.174,-38.232
10768,0.000,0.000,0.000,-8.174,-38.232
10769,0.000,0.000,0.000,-8.174,-38.232
10770,0.000,0.000,0.000,-8.174,-38.232
10771,0.000,0.000,0.000,-8.086,-38.232
10772,0.000,0.000,0.000,-8.086,-38.232
10773,0.000,0.000,0.000,-8.086,-38.232
10774,0.000,0.000,0.000,-8.086,-38.232
10775,0.000,0.000,0.000,-8.086,-38.232
10776,0.000,0.000,0.000,-8.086,-38.232
10777,0.000,0.000,0.000,-8.086,-38.232
10778,0.000,0.000,0.000,-8.086,-38.232
10779,0.000,0.000,0.000,-8.086,-38.232
10780,0.000,0.000,0.000,-8.086,-38.232
10781,0.000,0.000,0.000,-8.086,-38.232
10782,0.000,0.000,0.000,-8.086,-38.232
10783,0.000,0.000,0.000,-8.086,-38.232
10784,0.000,0.000,0.000,-8.086,-38.232
10785,0.000,0.000,0.000,-8.086,-38.232
10786,0.000,0.000,0.000,-8.086,-38.232
10787,0.000,0.000,0.000,-8.086,-38.232
10788,0.000,0.000,0.000,-8.086,-38.232
10789,0.000,0.000,0.000,-8.086,-38.232
10790,0.000,0.000,0.000,-8.086,-38.232
10791,0.000,0.000,0.000,-8.086,-38.232
10792,0.000,0.000,0.000,-8.086,-38.232
10793,0.000,0.000,0.000,-8.086,-38.232
10794,0.000,0.000,0.000,-8.086,-38.232
10795,0.000,0.000,0.000,-8.086,-38.232
10796,0.000,0.000,0.000,-8.086,-38.232
10797,0.000,0.000,0.000,-8.086,-38.232
10798,0.000,0.000,0.000,-8.086,-38.232
10799,0.000,0.000,0.000,-8.086,-38.232
10800,0.000,0.000,0.000,-8.086,-38.232
10801,0.000,0.000,0.000,-8.086,-38.232
10802,0.000,0.000,0.000,-8.086,-38.232
10803,0.000,0.000,0.000,-8.086,-38.232
10804,0.000,0.000,0.000,-8.086,-38.232
10805,0.000,0.000,0.000,-8.086,-38.232
10806,0.000,0.000,0.000,-8.086,-38.232
10807,0.000,0.000,0.000,-8.086,-38.232
10808,0.000,0.000,0.000,-8.086,-38.232
10809,0.000,0.000,0.000,-8.086,-38.232
10810,0.000,0.000,0.000,-8.086,-38.232
10811,0.000,0.000,0.000,-8.086,-38.232
10812,0.000,0.000,0.000,-8.086,-38.232
10813,0.000,0.000,0.000,-8.086,-38.232
10814,0.000,0.000,0.000,-8.086,-38.232
10815,0.000,0.000,0.000,-8.086,-38.232
10816,0.000,0.000,0.000,-8.086,-38.232
10817,0.000,0.000,0.000,-8.086,-38.232
10818,0.000,0.000,0.000,-8.086,-38.232
10819,0.000,0.000,0.000,-8.086,-38.232
10820,0.000,0.000,0.000,-8.086,-38.232
10821,0.000,0.000,0.000,-8.086,-38.232
10822,0.000,0.000,0.000,-8.086,-38.232
10823,0.000,0.000,0.000,-8.086,-38.232
10824,0.000,0.000,0.000,-8.086,-38.232
10825,0.000,0.000,0.000,-8.086,-38.232
10826,0.000,0.000,0.000,-8.086,-38.232
10827,0.000,0.000,0.000,-8.086,-38.232
10828,0.000,0.000,0.000,-7.998,-38.232
10829,0.000,0.000,0.000,-7.998,-38.232
10830,0.000,0.000,0.000,-7.998,-38.232
10831,0.000,0.000,0.000,-7.998,-38.232
10832,0.000,0.000,0.000,-7.998,-38.232
10833,0.000,0.000,0.000,-7.998,-38.232
10834,0.000,0.000,0.000,-7.998,-38.232
10835,0.000,0.000,0.000,-7.998,-38.232
10836,0.000,0.000,0.000,-7.998,-38.232
10837,0.000,0.000,0.000,-7.998,-38.232
10838,0.000,0.000,0.000,-7.998,-38.232
10839,0.000,0.000,0.000,-7.998,-38.232
10840,0.000,0.000,0.000,-7.998,-38.232
10841,0.000,0.000,0.000,-7.998,-38.232
10842,0.000,0.000,0.000,-7.998,-38.232
10843,0.000,0.000,0.000,-7.998,-38.232
10844,0.000,0.000,0.000,-7.998,-38.232
10845,0.000,0.000,0.000,-7.998,-38.232
10846,0.000,0.000,0.000,-7.998,-38.232
10847,0.000,0.000,0.000,-7.998,-38.232
10848,0.000,0.000,0.000,-7.998,-38.232
10849,0.000,0.000,0.000,-7.998,-38.232
10850,0.000,0.000,0.000,-7.998,-38.232
10851,0.000,0.000,0.000,-7.998,-38.232
10852,0.000,0.000,0.000,-7.998,-38.232
10853,0.000,0.000,0.000,-7.998,-38.232
10854,0.000,0.000,0.000,-7.998,-38.232
10855,0.000,0.000,0.000,-7.998,-38.232
10856,0.000,0.000,0.000,-7.998,-38.232
10857,0.000,0.000,0.000,-7.998,-38.232
10858,0.000,0.000,0.000,-7.998,-38.232
10859,0.000,0.000,0.000,-7.998,-38.232
10860,0.000,0.000,0.000,-7.998,-38.232
10861,0.000,0.000,0.000,-7.998,-38.232
10862,0.000,0.000,0.000,-7.998,-38.232
10863,0.000,0.000,0.000,-7.998,-38.232
10864,0.000,0.000,0.000,-7.998,-38.232
10865,0.000,0.000,0.000,-7.998,-38.232
10866,0.000,0.000,0.000,-7.998,-38.232
10867,0.000,0.000,0.000,-7.998,-38.232
10868,0.000,0.000,0.000,-7.998,-38.232
10869,0.000,0.000,0.000,-7.998,-38.232
10870,0.000,0.000,0.000,-7.998,-38.232
10871,0.000,0.000,0.000,-7.998,-38.232
10872,0.000,0.000,0.000,-7.998,-38.232
10873,0.000,0.000,0.000,-7.998,-38.232
10874,0.000,0.000,0.000,-7.998,-38.232
10875,0.000,0.000,0.000,-7.998,-38.232
10876,0.000,0.000,0.000,-7.998,-38.232
10877,0.000,0.000,0.000,-7.998,-38.232
10878,0.000,0.000,0.000,-7.998,-38.232
10879,0.000,0.000,0.000,-7.998,-38.232
10880,0.000,0.000,0.000,-7.998,-38.232
10881,0.000,0.000,0.000,-7.998,-38.232
10882,0.000,0.000,0.000,-7.998,-38.232
10883,0.000,0.000,0.000,-7.998,-38.232
10884,0.000,0.000,0.000,-7.998,-38.232
10885,0.000,0.000,0.000,-7.998,-38.232
10886,0.000,0.000,0.000,-7.998,-38.232
10887,0.000,0.000,0.000,-7.998,-38.232
10888,0.000,0.000,0.000,-7.998,-38.232
10889,0.000,0.000,0.000,-7.998,-38.232
10890,0.000,0.000,0.000,-7.998,-38.232
10891,0.000,0.000,0.000,-7.998,-38.232
10892,0.000,0.000,0.000,-7.998,-38.232
10893,0.000,0.000,0.000,-7.998,-38.232
10894,0.000,0.000,0.000,-7.998,-38.232
10895,0.000,0.000,0.000,-7.998,-38.232
10896,0.000,0.000,0.000,-7.998,-38.232
10897,0.000,0.000,0.000,-7.998,-38.232
10898,0.000,0.000,0.000,-7.998,-38.232
10899,0.000,0.000,0.000,-7.910,-38.232
10900,0.000,0.000,0.000,-7.910,-38.232
10901,0.000,0.000,0.000,-7.910,-38.232
10902,0.000,0.000,0.000,-7.910,-38.232
10903,0.000,0.000,0.000,-7.910,-38.232
10904,0.000,0.000,0.000,-7.910,-38.232
10905,0.000,0.000,0.000,-7.910,-38.232
10906,0.000,0.000,0.000,-7.910,-38.232
10907,0.000,0.000,0.000,-7.910,-38.232
10908,0.000,0.000,0.000,-7.910,-38.232
10909,0.000,0.000,0.000,-7.910,-38.232
10910,0.000,0.000,0.000,-7.910,-38.232
10911,0.000,0.000,0.000,-7.910,-38.232
10912,0.000,0.000,0.000,-7.910,-38.232
10913,0.000,0.000,0.000,-7.910,-38.232
10914,0.000,0.000,0.000,-7.910,-38.232
10915,0.000,0.000,0.000,-7.910,-38.232
10916,0.000,0.000,0.000,-7.910,-38.232
10917,0.000,0.000,0.000,-7.910,-38.232
10918,0.000,0.000,0.000,-7.910,-38.232
10919,0.000,0.000,0.000,-7.910,-38.232
10920,0.000,0.000,0.000,-7.910,-38.232
10921,0.000,0.000,0.000,-7.910,-38.232
10922,0.000,0.000,0.000,-7.910,-38.232
10923,0.000,0.000,0.000,-7.910,-38.232
10924,0.000,0.000,0.000,-7.910,-38.232
10925,0.000,0.000,0.000,-7.910,-38.232
10926,0.000,0.000,0.000,-7.910,-38.232
10927,0.000,0.000,0.000,-7.910,-38.232
10928,0.000,0.000,0.000,-7.910,-38.232
10929,0.000,0.000,0.000,-7.910,-38.232
10930,0.000,0.000,0.000,-7.910,-38.232
10931,0.000,0.000,0.000,-7.910,-38.232
10932,0.000,0.000,0.000,-7.910,-38.232
10933,0.000,0.000,0.000,-7.910,-38.232
10934,0.000,0.000,0.000,-7.910,-38.232
10935,0.000,0.000,0.000,-7.910,-38.232
10936,0.000,0.000,0.000,-7.910,-38.232
10937,0.000,0.000,0.000,-7.910,-38.232
10938,0.000,0.000,0.000,-7.910,-38.232
10939,0.000,0.000,0.000,-7.910,-38.232
10940,0.000,0.000,0.000,-7.910,-38.232
10941,0.000,0.000,0.000,-7.910,-38.232
10942,0.000,0.000,0.000,-7.910,-38.232
10943,0.000,0.000,0.000,-7.910,-38.232
10944,0.000,0.000,0.000,-7.910,-38.232
10945,0.000,0.000,0.000,-7.910,-38.232
10946,0.000,0.000,0.000,-7.910,-38.232
10947,0.000,0.000,0.000,-7.910,-38.232
10948,0.000,0.000,0.000,-7.822,-38.232
10949,0.000,0.000,0.000,-7.822,-38.232
10950,0.000,0.000,0.000,-7.822,-38.232
10951,0.000,0.000,0.000,-7.822,-38.232
10952,0.000,0.000,0.000,-7.822,-38.232
10953,0.000,0.000,0.000,-7.822,-38.232
10954,0.000,0.000,0.000,-7.822,-38.232
10955,0.000,0.000,0.000,-7.822,-38.232
10956,0.000,0.000,0.000,-7.822,-38.232
10957,0.000,0.000,0.000,-7.822,-38.232
10958,0.000,0.000,0.000,-7.822,-38.232
10959,0.000,0.000,0.000,-7.822,-38.232
10960,0.000,0.000,0.000,-7.822,-38.232
10961,0.000,0.000,0.000,-7.822,-38.232
10962,0.000,0.000,0.000,-7.822,-38.232
10963,0.000,0.000,0.000,-7.822,-38.232
10964,0.000,0.000,0.000,-7.822,-38.232
10965,0.000,0.000,0.000,-7.822,-38.232
10966,0.000,0.000,0.000,-7.822,-38.232
10967,0.000,0.000,0.000,-7.822,-38.232
10968,0.000,0.000,0.000,-7.822,-38.232
10969,0.000,0.000,0.000,-7.822,-38.232
10970,0.000,0.000,0.000,-7.822,-38.232
10971,0.000,0.000,0.000,-7.822,-38.232
10972,0.000,0.000,0.000,-7.822,-38.232
10973,0.000,0.000,0.000,-7.822,-38.232
10974,0.000,0.000,0.000,-7.822,-38.232
10975,0.000,0.000,0.000,-7.822,-38.232
10976,0.000,0.000,0.000,-7.822,-38.232
10977,0.000,0.000,0.000,-7.822,-38.232
10978,0.000,0.000,0.000,-7.822,-38.232
10979,0.000,0.000,0.000,-7.822,-38.232
10980,0.000,0.000,0.000,-7.822,-38.232
10981,0.000,0.000,0.000,-7.822,-38.232
10982,0.000,0.000,0.000,-7.822,-38.232
10983,0.000,0.000,0.000,-7.822,-38.232
10984,0.000,0.000,0.000,-7.822,-38.232
10985,0.000,0.000,0.000,-7.822,-38.232
10986,0.000,0.000,0.000,-7.822,-38.232
10987,0.000,0.000,0.000,-7.822,-38.232
10988,0.000,0.000,0.000,-7.822,-38.232
10989,0.000,0.000,0.000,-7.822,-38.232
10990,0.000,0.000,0.000,-7.822,-38.232
10991,0.000,0.000,0.000,-7.822,-38.232
10992,0.000,0.000,0.000,-7.822,-38.232
10993,0.000,0.000,0.000,-7.822,-38.232
10994,0.000,0.000,0.000,-7.822,-38.232
10995,0.000,0.000,0.000,-7.822,-38.232
10996,0.000,0.000,0.000,-7.822,-38.232
10997,0.000,0.000,0.000,-7.822,-38.232
10998,0.000,0.000,0.000,-7.822,-38.232
10999,0.000,0.000,0.000,-7.822,-38.232
11000,0.000,0.000,0.000,-7.822,-38.232
11001,0.000,0.000,0.000,-7.822,-38.232
11002,0.000,0.000,0.000,-7.822,-38.232
11003,0.000,0.000,0.000,-7.822,-38.232
11004,0.000,0.000,0.000,-7.822,-38.232
11005,0.000,0.000,0.000,-7.822,-38.232
11006,0.000,0.000,0.000,-7.822,-38.232
11007,0.000,0.000,0.000,-7.822,-38.232
11008,0.000,0.000,0.000,-7.822,-38.232
11009,0.000,0.000,0.000,-7.822,-38.232
11010,0.000,0.000,0.000,-7.822,-38.232
11011,0.000,0.000,0.000,-7.822,-38.232
11012,0.000,0.000,0.000,-7.822,-38.232
11013,0.000,0.000,0.000,-7.822,-38.232
11014,0.000,0.000,0.000,-7.822,-38.232
11015,0.000,0.000,0.000,-7.822,-38.232
11016,0.000,0.000,0.000,-7.822,-38.232
11017,0.000,0.000,0.000,-7.822,-38.232
11018,0.000,0.000,0.000,-7.822,-38.232
11019,0.000,0.000,0.000,-7.822,-38.232
11020,0.000,0.000,0.000,-7.822,-38.232
11021,0.000,0.000,0.000,-7.822,-38.232
11022,0.000,0.000,0.000,-7.822,-38.232
11023,0.000,0.000,0.000,-7.822,-38.232
11024,0.000,0.000,0.000,-7.822,-38.232
11025,0.000,0.000,0.000,-7.822,-38.232
11026,0.000,0.000,0.000,-7.822,-38.232
11027,0.000,0.000,0.000,-7.822,-38.232
11028,0.000,0.000,0.000,-7.822,-38.232
11029,0.000,0.000,0.000,-7.822,-38.232
11030,0.000,0.000,0.000,-7.822,-38.232
11031,0.000,0.000,0.000,-7.822,-38.232
11032,0.000,0.000,0.000,-7.822,-38.232
11033,0.000,0.000,0.000,-7.822,-38.232
11034,0.000,0.000,0.000,-7.822,-38.232
11035,0.000,0.000,0.000,-7.822,-38.232
11036,0.000,0.000,0.000,-7.822,-38.232
11037,0.000,0.000,0.000,-7.822,-38.232
11038,0.000,0.000,0.000,-7.822,-38.232
11039,0.000,0.000,0.000,-7.822,-38.232
11040,0.000,0.000,0.000,-7.822,-38.232
11041,0.000,0.000,0.000,-7.822,-38.232
11042,0.000,0.000,0.000,-7.822,-38.232
11043,0.000,0.000,0.000,-7.822,-38.232
11044,0.000,0.000,0.000,-7.822,-38.232
11045,0.000,0.000,0.000,-7.822,-38.232
11046,0.000,0.000,0.000,-7.822,-38.232
11047,0.000,0.000,0.000,-7.822,-38.232
11048,0.000,0.000,0.000,-7.822,-38.232
11049,0.000,0.000,0.000,-7.822,-38.232
11050,0.000,0.000,0.000,-7.822,-38.232
11051,0.000,0.000,0.000,-7.734,-38.232
11052,0.000,0.000,0.000,-7.734,-38.232
11053,0.000,0.000,0.000,-7.734,-38.232
11054,0.000,0.000,0.000,-7.734,-38.232
11055,0.000,0.000,0.000,-7.734,-38.232
11056,0.000,0.000,0.000,-7.734,-38.232
11057,0.000,0.000,0.000,-7.734,-38.232
11058,0.000,0.000,0.000,-7.734,-38.232
11059,0.000,0.000,0.000,-7.734,-38.232
11060,0.000,0.000,0.000,-7.734,-38.232
11061,0.000,0.000,0.000,-7.734,-38.232
11062,0.000,0.000,0.000,-7.734,-38.232
11063,0.000,0.000,0.000,-7.734,-38.232
11064,0.000,0.000,0.000,-7.734,-38.232
11065,0.000,0.000,0.000,-7.734,-38.232
11066,0.000,0.000,0.000,-7.734,-38.232
11067,0.000,0.000,0.000,-7.734,-38.232
11068,0.000,0.000,0.000,-7.734,-38.232
11069,0.000,0.000,0.000,-7.734,-38.232
11070,0.000,0.000,0.000,-7.734,-38.232
11071,0.000,0.000,0.000,-7.734,-38.232
11072,0.000,0.000,0.000,-7.734,-38.232
11073,0.000,0.000,0.000,-7.734,-38.232
11074,0.000,0.000,0.000,-7.734,-38.232
11075,0.000,0.000,0.000,-7.734,-38.232
11076,0.000,0.000,0.000,-7.734,-38.232
11077,0.000,0.000,0.000,-7.734,-38.232
11078,0.000,0.000,0.000,-7.734,-38.232
11079,0.000,0.000,0.000,-7.734,-38.232
11080,0.000,0.000,0.000,-7.734,-38.232
11081,0.000,0.000,0.000,-7.734,-38.232
11082,0.000,0.000,0.000,-7.734,-38.232
11083,0.000,0.000,0.000,-7.734,-38.232
11084,0.000,0.000,0.000,-7.734,-38.232
11085,0.000,0.000,0.000,-7.734,-38.232
11086,0.000,0.000,0.000,-7.734,-38.232
11087,0.000,0.000,0.000,-7.734,-38.232
11088,0.000,0.000,0.000,-7.734,-38.232
11089,0.000,0.000,0.000,-7.734,-38.232
11090,0.000,0.000,0.000,-7.734,-38.232
11091,0.000,0.000,0.000,-7.734,-38.232
11092,0.000,0.000,0.000,-7.734,-38.232
11093,0.000,0.000,0.000,-7.734,-38.232
11094,0.000,0.000,0.000,-7.734,-38.232
11095,0.000,0.000,0.000,-7.734,-38.232
11096,0.000,0.000,0.000,-7.734,-38.232
11097,0.000,0.000,0.000,-7.734,-38.232
11098,0.000,0.000,0.000,-7.734,-38.232
11099,0.000,0.000,0.000,-7.734,-38.232
11100,0.000,0.000,0.000,-7.734,-38.232
11101,0.000,0.000,0.000,-7.734,-38.232
11102,0.000,0.000,0.000,-7.734,-38.232
11103,0.000,0.000,0.000,-7.734,-38.232
11104,0.000,0.000,0.000,-7.734,-38.232
11105,0.000,0.000,0.000,-7.734,-38.232
11106,0.000,0.000,0.000,-7.734,-38.232
11107,0.000,0.000,0.000,-7.734,-38.232
11108,0.000,0.000,0.000,-7.734,-38.232
11109,0.000,0.000,0.000,-7.734,-38.232
11110,0.000,0.000,0.000,-7.734,-38.232
11111,0.000,0.000,0.000,-7.734,-38.232
11112,0.000,0.000,0.000,-7.734,-38.232
11113,0.000,0.000,0.000,-7.734,-38.232
11114,0.000,0.000,0.000,-7.734,-38.232
11115,0.000,0.000,0.000,-7.734,-38.232
11116,0.000,0.000,0.000,-7.734,-38.232
11117,0.000,0.000,0.000,-7.734,-38.232
11118,0.000,0.000,0.000,-7.734,-38.232
11119,0.000,0.000,0.000,-7.734,-38.232
11120,0.000,0.000,0.000,-7.734,-38.232
11121,0.000,0.000,0.000,-7.734,-38.232
11122,0.000,0.000,0.000,-7.734,-38.232
11123,0.000,0.000,0.000,-7.734,-38.232
11124,0.000,0.000,0.000,-7.734,-38.232
11125,0.000,0.000,0.000,-7.734,-38.232
11126,0.000,0.000,0.000,-7.734,-38.232
11127,0.000,0.000,0.000,-7.734,-38.232
11128,0.000,0.000,0.000,-7.734,-38.232
11129,0.000,0.000,0.000,-7.734,-38.232
11130,0.000,0.000,0.000,-7.734,-38.232
11131,0.000,0.000,0.000,-7.734,-38.232
11132,0.000,0.000,0.000,-7.734,-38.232
11133,0.000,0.000,0.000,-7.734,-38.232
11134,0.000,0.000,0.000,-7.734,-38.232
11135,0.000,0.000,0.000,-7.734,-38.232
11136,0.000,0.000,0.000,-7.646,-38.232
11137,0.000,0.000,0.000,-7.646,-38.232
11138,0.000,0.000,0.000,-7.646,-38.232
11139,0.000,0.000,0.000,-7.646,-38.232
11140,0.000,0.000,0.000,-7.646,-38.232
11141,0.000,0.000,0.000,-7.646,-38.232
11142,0.000,0.000,0.000,-7.646,-38.232
11143,0.000,0.000,0.000,-7.646,-38.232
11144,0.000,0.000,0.000,-7.646,-38.232
11145,0.000,0.000,0.000,-7.646,-38.232
11146,0.000,0.000,0.000,-7.646,-38.232
11147,0.000,0.000,0.000,-7.646,-38.232
11148,0.000,0.000,0.000,-7.646,-38.232
11149,0.000,0.000,0.000,-7.646,-38.232
11150,0.000,0.000,0.000,-7.646,-38.232
11151,0.000,0.000,0.000,-7.646,-38.232
11152,0.000,0.000,0.000,-7.646,-38.232
11153,0.000,0.000,0.000,-7.646,-38.232
11154,0.000,0.000,0.000,-7.646,-38.232
11155,0.000,0.000,0.000,-7.646,-38.232
11156,0.000,0.000,0.000,-7.646,-38.232
11157,0.000,0.000,0.000,-7.646,-38.232
11158,0.000,0.000,0.000,-7.646,-38.232
11159,0.000,0.000,0.000,-7.646,-38.232
11160,0.000,0.000,0.000,-7.646,-38.232
11161,0.000,0.000,0.000,-7.646,-38.232
11162,0.000,0.000,0.000,-7.646,-38.232
11163,0.000,0.000,0.000,-7.646,-38.232
11164,0.000,0.000,0.000,-7.646,-38.232
11165,0.000,0.000,0.000,-7.646,-38.232
11166,0.000,0.000,0.000,-7.646,-38.232
11167,0.000,0.000,0.000,-7.646,-38.232
11168,0.000,0.000,0.000,-7.646,-38.232
11169,0.000,0.000,0.000,-7.646,-38.232
11170,0.000,0.000,0.000,-7.646,-38.232
11171,0.000,0.000,0.000,-7.646,-38.232
11172,0.000,0.000,0.000,-7.646,-38.232
11173,0.000,0.000,0.000,-7.646,-38.232
11174,0.000,0.000,0.000,-7.646,-38.232
11175,0.000,0.000,0.000,-7.646,-38.232
11176,0.000,0.000,0.000,-7.646,-38.232
11177,0.000,0.000,0.000,-7.646,-38.232
11178,0.000,0.000,0.000,-7.646,-38.232
11179,0.000,0.000,0.000,-7.646,-38.232
11180,0.000,0.000,0.000,-7.646,-38.232
11181,0.000,0.000,0.000,-7.646,-38.232
11182,0.000,0.000,0.000,-7.646,-38.232
11183,0.000,0.000,0.000,-7.646,-38.232
11184,0.000,0.000,0.000,-7.646,-38.232
11185,0.000,0.000,0.000,-7.646,-38.232
11186,0.000,0.000,0.000,-7.646,-38.232
11187,0.000,0.000,0.000,-7.646,-38.232
11188,0.000,0.000,0.000,-7.646,-38.232
11189,0.000,0.000,0.000,-7.646,-38.232
11190,0.000,0.000,0.000,-7.646,-38.232
11191,0.000,0.000,0.000,-7.646,-38.232
11192,0.000,0.000,0.000,-7.646,-38.232
11193,0.000,0.000,0.000,-7.646,-38.232
11194,0.000,0.000,0.000,-7.646,-38.232
11195,0.000,0.000,0.000,-7.646,-38.232
11196,0.000,0.000,0.000,-7.646,-38.232
11197,0.000,0.000,0.000,-7.646,-38.232
11198,0.000,0.000,0.000,-7.646,-38.232
11199,0.000,0.000,0.000,-7.646,-38.232
11200,0.000,0.000,0.000,-7.646,-38.232
11201,0.000,0.000,0.000,-7.646,-38.232
11202,0.000,0.000,0.000,-7.646,-38.232
11203,0.000,0.000,0.000,-7.646,-38.232
11204,0.000,0.000,0.000,-7.646,-38.232
11205,0.000,0.000,0.000,-7.646,-38.232
11206,0.000,0.000,0.000,-7.646,-38.232
11207,0.000,0.000,0.000,-7.646,-38.232
11208,0.000,0.000,0.000,-7.646,-38.232
11209,0.000,0.000,0.000,-7.646,-38.232
11210,0.000,0.000,0.000,-7.646,-38.232
11211,0.000,0.000,0.000,-7.646,-38.232
11212,0.000,0.000,0.000,-7.646,-38.232
11213,0.000,0.000,0.000,-7.646,-38.232
11214,0.000,0.000,0.000,-7.646,-38.232
11215,0.000,0.000,0.000,-7.646,-38.232
11216,0.000,0.000,0.000,-7.646,-38.232
11217,0.000,0.000,0.000,-7.646,-38.232
11218,0.000,0.000,0.000,-7.646,-38.232
11219,0.000,0.000,0.000,-7.646,-38.232
11220,0.000,0.000,0.000,-7.646,-38.232
11221,0.000,0.000,0.000,-7.646,-38.232
11222,0.000,0.000,0.000,-7.646,-38.232
11223,0.000,0.000,0.000,-7.646,-38.232
11224,0.000,0.000,0.000,-7.646,-38.232
11225,0.000,0.000,0.000,-7.646,-38.232
11226,0.000,0.000,0.000,-7.646,-38.232
11227,0.000,0.000,0.000,-7.646,-38.232
11228,0.000,0.000,0.000,-7.646,-38.232
11229,0.000,0.000,0.000,-7.646,-38.232
11230,0.000,0.000,0.000,-7.646,-38.232
11231,0.000,0.000,0.000,-7.646,-38.232
11232,0.000,0.000,0.000,-7.646,-38.232
11233,0.000,0.000,0.000,-7.646,-38.232
11234,0.000,0.000,0.000,-7.646,-38.232
11235,0.000,0.000,0.000,-7.646,-38.232
11236,0.000,0.000,0.000,-7.646,-38.232
11237,0.000,0.000,0.000,-7.646,-38.232
11238,0.000,0.000,0.000,-7.646,-38.232
11239,0.000,0.000,0.000,-7.646,-38.232
11240,0.000,0.000,0.000,-7.646,-38.232
11241,0.000,0.000,0.000,-7.646,-38.232
11242,0.000,0.000,0.000,-7.646,-38.232
11243,0.000,0.000,0.000,-7.646,-38.232
11244,0.000,0.000,0.000,-7.646,-38.232
11245,0.000,0.000,0.000,-7.646,-38.232
11246,0.000,0.000,0.000,-7.646,-38.232
11247,0.000,0.000,0.000,-7.646,-38.232
11248,0.000,0.000,0.000,-7.646,-38.232
11249,0.000,0.000,0.000,-7.646,-38.232
11250,0.000,0.000,0.000,-7.646,-38.232
11251,0.000,0.000,0.000,-7.559,-38.232
11252,0.000,0.000,0.000,-7.559,-38.232
11253,0.000,0.000,0.000,-7.559,-38.232
11254,0.000,0.000,0.000,-7.559,-38.232
11255,0.000,0.000,0.000,-7.559,-38.232
11256,0.000,0.000,0.000,-7.559,-38.232
11257,0.000,0.000,0.000,-7.559,-38.232
11258,0.000,0.000,0.000,-7.559,-38.232
11259,0.000,0.000,0.000,-7.559,-38.232
11260,0.000,0.000,0.000,-7.559,-38.232
11261,0.000,0.000,0.000,-7.559,-38.232
11262,0.000,0.000,0.000,-7.559,-38.232
11263,0.000,0.000,0.000,-7.559,-38.232
11264,0.000,0.000,0.000,-7.559,-38.232
11265,0.000,0.000,0.000,-7.559,-38.232
11266,0.000,0.000,0.000,-7.559,-38.232
11267,0.000,0.000,0.000,-7.559,-38.232
11268,0.000,0.000,0.000,-7.559,-38.232
11269,0.000,0.000,0.000,-7.559,-38.232
11270,0.000,0.000,0.000,-7.559,-38.232
11271,0.000,0.000,0.000,-7.559,-38.232
11272,0.000,0.000,0.000,-7.559,-38.232
11273,0.000,0.000,0.000,-7.559,-38.232
11274,0.000,0.000,0.000,-7.559,-38.232
11275,0.000,0.000,0.000,-7.559,-38.232
11276,0.000,0.000,0.000,-7.559,-38.232
11277,0.000,0.000,0.000,-7.559,-38.232
11278,0.000,0.000,0.000,-7.559,-38.232
11279,0.000,0.000,0.000,-7.559,-38.232
11280,0.000,0.000,0.000,-7.559,-38.232
11281,0.000,0.000,0.000,-7.559,-38.232
11282,0.000,0.000,0.000,-7.559,-38.232
11283,0.000,0.000,0.000,-7.559,-38.232
11284,0.000,0.000,0.000,-7.559,-38.232
11285,0.000,0.000,0.000,-7.559,-38.232
11286,0.000,0.000,0.000,-7.559,-38.232
11287,0.000,0.000,0.000,-7.559,-38.232
11288,0.000,0.000,0.000,-7.559,-38.232
11289,0.000,0.000,0.000,-7.559,-38.232
11290,0.000,0.000,0.000,-7.559,-38.232
11291,0.000,0.000,0.000,-7.559,-38.232
11292,0.000,0.000,0.000,-7.559,-38.232
11293,0.000,0.000,0.000,-7.559,-38.232
11294,0.000,0.000,0.000,-7.559,-38.232
11295,0.000,0.000,0.000,-7.559,-38.232
11296,0.000,0.000,0.000,-7.559,-38.232
11297,0.000,0.000,0.000,-7.559,-38.232
11298,0.000,0.000,0.000,-7.559,-38.232
11299,0.000,0.000,0.000,-7.559,-38.232
11300,0.000,0.000,0.000,-7.559,-38.232
11301,0.000,0.000,0.000,-7.559,-38.232
11302,0.000,0.000,0.000,-7.559,-38.232
11303,0.000,0.000,0.000,-7.559,-38.232
11304,0.000,0.000,0.000,-7.559,-38.232
11305,0.000,0.000,0.000,-7.559,-38.232
11306,0.000,0.000,0.000,-7.559,-38.232
11307,0.000,0.000,0.000,-7.559,-38.232
11308,0.000,0.000,0.000,-7.559,-38.232
11309,0.000,0.000,0.000,-7.559,-38.232
11310,0.000,0.000,0.000,-7.559,-38.232
11311,0.000,0.000,0.000,-7.559,-38.232
11312,0.000,0.000,0.000,-7.559,-38.232
11313,0.000,0.000,0.000,-7.559,-38.232
11314,0.000,0.000,0.000,-7.559,-38.232
11315,0.000,0.000,0.000,-7.559,-38.232
11316,0.000,0.000,0.000,-7.559,-38.232
11317,0.000,0.000,0.000,-7.559,-38.232
11318,0.000,0.000,0.000,-7.559,-38.232
11319,0.000,0.000,0.000,-7.559,-38.232
11320,0.000,0.000,0.000,-7.559,-38.232
11321,0.000,0.000,0.000,-7.559,-38.232
11322,0.000,0.000,0.000,-7.559,-38.232
11323,0.000,0.000,0.000,-7.559,-38.232
11324,0.000,0.000,0.000,-7.559,-38.232
11325,0.000,0.000,0.000,-7.559,-38.232
11326,0.000,0.000,0.000,-7.559,-38.232
11327,0.000,0.000,0.000,-7.559,-38.232
11328,0.000,0.000,0.000,-7.559,-38.232
11329,0.000,0.000,0.000,-7.559,-38.232
11330,0.000,0.000,0.000,-7.559,-38.232
11331,0.000,0.000,0.000,-7.559,-38.232
11332,0.000,0.000,0.000,-7.559,-38.232
11333,0.000,0.000,0.000,-7.559,-38.232
11334,0.000,0.000,0.000,-7.559,-38.232
11335,0.000,0.000,0.000,-7.559,-38.232
11336,0.000,0.000,0.000,-7.559,-38.232
11337,0.000,0.000,0.000,-7.559,-38.232
11338,0.000,0.000,0.000,-7.559,-38.232
11339,0.000,0.000,0.000,-7.559,-38.232
11340,0.000,0.000,0.000,-7.559,-38.232
11341,0.000,0.000,0.000,-7.559,-38.232
11342,0.000,0.000,0.000,-7.559,-38.232
11343,0.000,0.000,0.000,-7.559,-38.232
11344,0.000,0.000,0.000,-7.559,-38.232
11345,0.000,0.000,0.000,-7.559,-38.232
11346,0.000,0.000,0.000,-7.559,-38.232
11347,0.000,0.000,0.000,-7.559,-38.232
11348,0.000,0.000,0.000,-7.559,-38.232
11349,0.000,0.000,0.000,-7.559,-38.232
11350,0.000,0.000,0.000,-7.559,-38.232
11351,0.000,0.000,0.000,-7.559,-38.232
11352,0.000,0.000,0.000,-7.559,-38.232
11353,0.000,0.000,0.000,-7.559,-38.232
11354,0.000,0.000,0.000,-7.559,-38.232
11355,0.000,0.000,0.000,-7.559,-38.232
11356,0.000,0.000,0.000,-7.559,-38.232
11357,0.000,0.000,0.000,-7.559,-38.232
11358,0.000,0.000,0.000,-7.559,-38.232
11359,0.000,0.000,0.000,-7.559,-38.232
11360,0.000,0.000,0.000,-7.559,-38.232
11361,0.000,0.000,0.000,-7.559,-38.232
11362,0.000,0.000,0.000,-7.559,-38.232
11363,0.000,0.000,0.000,-7.559,-38.232
11364,0.000,0.000,0.000,-7.559,-38.232
11365,0.000,0.000,0.000,-7.559,-38.232
11366,0.000,0.000,0.000,-7.559,-38.232
11367,0.000,0.000,0.000,-7.559,-38.232
11368,0.000,0.000,0.000,-7.559,-38.232
11369,0.000,0.000,0.000,-7.559,-38.232
11370,0.000,0.000,0.000,-7.559,-38.232
11371,0.000,0.000,0.000,-7.471,-38.232
11372,0.000,0.000,0.000,-7.471,-38.232
11373,0.000,0.000,0.000,-7.471,-38.232
11374,0.000,0.000,0.000,-7.471,-38.232
11375,0.000,0.000,0.000,-7.471,-38.232
11376,0.000,0.000,0.000,-7.471,-38.232
11377,0.000,0.000,0.000,-7.471,-38.232
11378,0.000,0.000,0.000,-7.471,-38.232
11379,0.000,0.000,0.000,-7.471,-38.232
11380,0.000,0.000,0.000,-7.471,-38.232
11381,0.000,0.000,0.000,-7.471,-38.232
11382,0.000,0.000,0.000,-7.471,-38.232
11383,0.000,0.000,0.000,-7.471,-38.232
11384,0.000,0.000,0.000,-7.471,-38.232
11385,0.000,0.000,0.000,-7.471,-38.232
11386,0.000,0.000,0.000,-7.471,-38.232
11387,0.000,0.000,0.000,-7.471,-38.232
11388,0.000,0.000,0.000,-7.471,-38.232
11389,0.000,0.000,0.000,-7.471,-38.232
11390,0.000,0.000,0.000,-7.471,-38.232
11391,0.000,0.000,0.000,-7.471,-38.232
11392,0.000,0.000,0.000,-7.471,-38.232
11393,0.000,0.000,0.000,-7.471,-38.232
11394,0.000,0.000,0.000,-7.471,-38.232
11395,0.000,0.000,0.000,-7.471,-38.232
11396,0.000,0.000,0.000,-7.471,-38.232
11397,0.000,0.000,0.000,-7.471,-38.232
11398,0.000,0.000,0.000,-7.471,-38.232
11399,0.000,0.000,0.000,-7.471,-38.232
11400,0.000,0.000,0.000,-7.471,-38.232
11401,0.000,0.000,0.000,-7.471,-38.232
11402,0.000,0.000,0.000,-7.471,-38.232
11403,0.000,0.000,0.000,-7.471,-38.232
11404,0.000,0.000,0.000,-7.471,-38.232
11405,0.000,0.000,0.000,-7.471,-38.232
11406,0.000,0.000,0.000,-7.471,-38.232
11407,0.000,0.000,0.000,-7.471,-38.232
11408,0.000,0.000,0.000,-7.471,-38.232
11409,0.000,0.000,0.000,-7.471,-38.232
11410,0.000,0.000,0.000,-7.471,-38.232
11411,0.000,0.000,0.000,-7.471,-38.232
11412,0.000,0.000,0.000,-7.471,-38.232
11413,0.000,0.000,0.000,-7.471,-38.232
11414,0.000,0.000,0.000,-7.471,-38.232
11415,0.000,0.000,0.000,-7.471,-38.232
11416,0.000,0.000,0.000,-7.471,-38.232
11417,0.000,0.000,0.000,-7.471,-38.232
11418,0.000,0.000,0.000,-7.471,-38.232
11419,0.000,0.000,0.000,-7.471,-38.232
11420,0.000,0.000,0.000,-7.471,-38.232
11421,0.000,0.000,0.000,-7.471,-38.232
11422,0.000,0.000,0.000,-7.471,-38.232
11423,0.000,0.000,0.000,-7.471,-38.232
11424,0.000,0.000,0.000,-7.471,-38.232
11425,0.000,0.000,0.000,-7.471,-38.232
11426,0.000,0.000,0.000,-7.471,-38.232
11427,0.000,0.000,0.000,-7.471,-38.232
11428,0.000,0.000,0.000,-7.471,-38.232
11429,0.000,0.000,0.000,-7.471,-38.232
11430,0.000,0.000,0.000,-7.471,-38.232
11431,0.000,0.000,0.000,-7.471,-38.232
11432,0.000,0.000,0.000,-7.471,-38.232
11433,0.000,0.000,0.000,-7.471,-38.232
11434,0.000,0.000,0.000,-7.471,-38.232
11435,0.000,0.000,0.000,-7.471,-38.232
11436,0.000,0.000,0.000,-7.471,-38.232
11437,0.000,0.000,0.000,-7.471,-38.232
11438,0.000,0.000,0.000,-7.471,-38.232
11439,0.000,0.000,0.000,-7.471,-38.232
11440,0.000,0.000,0.000,-7.471,-38.232
11441,0.000,0.000,0.000,-7.471,-38.232
11442,0.000,0.000,0.000,-7.471,-38.232
11443,0.000,0.000,0.000,-7.471,-38.232
11444,0.000,0.000,0.000,-7.471,-38.232
11445,0.000,0.000,0.000,-7.471,-38.232
11446,0.000,0.000,0.000,-7.471,-38.232
11447,0.000,0.000,0.000,-7.471,-38.232
11448,0.000,0.000,0.000,-7.471,-38.232
11449,0.000,0.000,0.000,-7.471,-38.232
11450,0.000,0.000,0.000,-7.471,-38.232
11451,0.000,0.000,0.000,-7.471,-38.232
11452,0.000,0.000,0.000,-7.471,-38.232
11453,0.000,0.000,0.000,-7.471,-38.232
11454,0.000,0.000,0.000,-7.471,-38.232
11455,0.000,0.000,0.000,-7.471,-38.232
11456,0.000,0.000,0.000,-7.471,-38.232
11457,0.000,0.000,0.000,-7.471,-38.232
11458,0.000,0.000,0.000,-7.471,-38.232
11459,0.000,0.000,0.000,-7.471,-38.232
11460,0.000,0.000,0.000,-7.471,-38.232
11461,0.000,0.000,0.000,-7.471,-38.232
11462,0.000,0.000,0.000,-7.471,-38.232
11463,0.000,0.000,0.000,-7.471,-38.232
11464,0.000,0.000,0.000,-7.471,-38.232
11465,0.000,0.000,0.000,-7.471,-38.232
11466,0.000,0.000,0.000,-7.471,-38.232
11467,0.000,0.000,0.000,-7.471,-38.232
11468,0.000,0.000,0.000,-7.471,-38.232
11469,0.000,0.000,0.000,-7.471,-38.232
11470,0.000,0.000,0.000,-7.471,-38.232
11471,0.000,0.000,0.000,-7.471,-38.232
11472,0.000,0.000,0.000,-7.471,-38.232
11473,0.000,0.000,0.000,-7.471,-38.232
11474,0.000,0.000,0.000,-7.471,-38.232
11475,0.000,0.000,0.000,-7.471,-38.232
11476,0.000,0.000,0.000,-7.471,-38.232
11477,0.000,0.000,0.000,-7.471,-38.232
11478,0.000,0.000,0.000,-7.471,-38.232
11479,0.000,0.000,0.000,-7.471,-38.232
11480,0.000,0.000,0.000,-7.471,-38.232
11481,0.000,0.000,0.000,-7.471,-38.232
11482,0.000,0.000,0.000,-7.471,-38.232
11483,0.000,0.000,0.000,-7.471,-38.232
11484,0.000,0.000,0.000,-7.471,-38.232
11485,0.000,0.000,0.000,-7.471,-38.232
11486,0.000,0.000,0.000,-7.471,-38.232
11487,0.000,0.000,0.000,-7.471,-38.232
11488,0.000,0.000,0.000,-7.471,-38.232
11489,0.000,0.000,0.000,-7.471,-38.232
11490,0.000,0.000,0.000,-7.471,-38.232
11491,0.000,0.000,0.000,-7.471,-38.232
11492,0.000,0.000,0.000,-7.471,-38.232
11493,0.000,0.000,0.000,-7.471,-38.232
11494,0.000,0.000,0.000,-7.471,-38.232
11495,0.000,0.000,0.000,-7.471,-38.232
11496,0.000,0.000,0.000,-7.471,-38.232
11497,0.000,0.000,0.000,-7.471,-38.232
11498,0.000,0.000,0.000,-7.471,-38.232
11499,0.000,0.000,0.000,-7.471,-38.232
11500,0.000,0.000,0.000,-7.471,-38.232
11501,0.000,0.000,0.000,-7.471,-38.232
11502,0.000,0.000,0.000,-7.471,-38.232
11503,0.000,0.000,0.000,-7.471,-38.232
11504,0.000,0.000,0.000,-7.471,-38.232
11505,0.000,0.000,0.000,-7.471,-38.232
11506,0.000,0.000,0.000,-7.471,-38.232
11507,0.000,0.000,0.000,-7.471,-38.232
11508,0.000,0.000,0.000,-7.471,-38.232
11509,0.000,0.000,0.000,-7.471,-38.232
11510,0.000,0.000,0.000,-7.471,-38.232
11511,0.000,0.000,0.000,-7.471,-38.232
11512,0.000,0.000,0.000,-7.471,-38.232
11513,0.000,0.000,0.000,-7.471,-38.232
11514,0.000,0.000,0.000,-7.471,-38.232
11515,0.000,0.000,0.000,-7.471,-38.232
11516,0.000,0.000,0.000,-7.471,-38.232
11517,0.000,0.000,0.000,-7.471,-38.232
11518,0.000,0.000,0.000,-7.471,-38.232
11519,0.000,0.000,0.000,-7.471,-38.232
11520,0.000,0.000,0.000,-7.471,-38.232
11521,0.000,0.000,0.000,-7.471,-38.232
11522,0.000,0.000,0.000,-7.471,-38.232
11523,0.000,0.000,0.000,-7.471,-38.232
11524,0.000,0.000,0.000,-7.471,-38.232
11525,0.000,0.000,0.000,-7.471,-38.232
11526,0.000,0.000,0.000,-7.471,-38.232
11527,0.000,0.000,0.000,-7.471,-38.232
11528,0.000,0.000,0.000,-7.471,-38.232
11529,0.000,0.000,0.000,-7.471,-38.232
11530,0.000,0.000,0.000,-7.471,-38.232
11531,0.000,0.000,0.000,-7.471,-38.232
11532,0.000,0.000,0.000,-7.471,-38.232
11533,0.000,0.000,0.000,-7.471,-38.232
11534,0.000,0.000,0.000,-7.471,-38.232
11535,0.000,0.000,0.000,-7.471,-38.232
11536,0.000,0.000,0.000,-7.471,-38.232
11537,0.000,0.000,0.000,-7.471,-38.232
11538,0.000,0.000,0.000,-7.471,-38.232
11539,0.000,0.000,0.000,-7.471,-38.232
11540,0.000,0.000,0.000,-7.471,-38.232
11541,0.000,0.000,0.000,-7.471,-38.232
11542,0.000,0.000,0.000,-7.471,-38.232
11543,0.000,0.000,0.000,-7.471,-38.232
11544,0.000,0.000,0.000,-7.471,-38.232
11545,0.000,0.000,0.000,-7.471,-38.232
11546,0.000,0.000,0.000,-7.471,-38.232
11547,0.000,0.000,0.000,-7.471,-38.232
11548,0.000,0.000,0.000,-7.471,-38.232
11549,0.000,0.000,0.000,-7.471,-38.232
11550,0.000,0.000,0.000,-7.471,-38.232
11551,0.000,0.000,0.000,-7.471,-38.232
11552,0.000,0.000,0.000,-7.471,-38.232
11553,0.000,0.000,0.000,-7.383,-38.232
11554,0.000,0.000,0.000,-7.383,-38.232
11555,0.000,0.000,0.000,-7.383,-38.232
11556,0.000,0.000,0.000,-7.383,-38.232
11557,0.000,0.000,0.000,-7.383,-38.232
11558,0.000,0.000,0.000,-7.383,-38.232
11559,0.000,0.000,0.000,-7.383,-38.232
11560,0.000,0.000,0.000,-7.383,-38.232
11561,0.000,0.000,0.000,-7.383,-38.232
11562,0.000,0.000,0.000,-7.383,-38.232
11563,0.000,0.000,0.000,-7.383,-38.232
11564,0.000,0.000,0.000,-7.383,-38.232
11565,0.000,0.000,0.000,-7.383,-38.232
11566,0.000,0.000,0.000,-7.383,-38.232
11567,0.000,0.000,0.000,-7.383,-38.232
11568,0.000,0.000,0.000,-7.383,-38.232
11569,0.000,0.000,0.000,-7.383,-38.232
11570,0.000,0.000,0.000,-7.383,-38.232
11571,0.000,0.000,0.000,-7.383,-38.232
11572,0.000,0.000,0.000,-7.383,-38.232
11573,0.000,0.000,0.000,-7.383,-38.232
11574,0.000,0.000,0.000,-7.383,-38.232
11575,0.000,0.000,0.000,-7.383,-38.232
11576,0.000,0.000,0.000,-7.383,-38.232
11577,0.000,0.000,0.000,-7.383,-38.232
11578,0.000,0.000,0.000,-7.383,-38.232
11579,0.000,0.000,0.000,-7.383,-38.232
11580,0.000,0.000,0.000,-7.383,-38.232
11581,0.000,0.000,0.000,-7.383,-38.232
11582,0.000,0.000,0.000,-7.383,-38.232
11583,0.000,0.000,0.000,-7.383,-38.232
11584,0.000,0.000,0.000,-7.383,-38.232
11585,0.000,0.000,0.000,-7.383,-38.232
11586,0.000,0.000,0.000,-7.383,-38.232
11587,0.000,0.000,0.000,-7.383,-38.232
11588,0.000,0.000,0.000,-7.383,-38.232
11589,0.000,0.000,0.000,-7.383,-38.232
11590,0.000,0.000,0.000,-7.383,-38.232
11591,0.000,0.000,0.000,-7.383,-38.232
11592,0.000,0.000,0.000,-7.383,-38.232
11593,0.000,0.000,0.000,-7.383,-38.232
11594,0.000,0.000,0.000,-7.383,-38.232
11595,0.000,0.000,0.000,-7.383,-38.232
11596,0.000,0.000,0.000,-7.383,-38.232
11597,0.000,0.000,0.000,-7.383,-38.232
11598,0.000,0.000,0.000,-7.383,-38.232
11599,0.000,0.000,0.000,-7.383,-38.232
11600,0.000,0.000,0.000,-7.383,-38.232
11601,0.000,0.000,0.000,-7.383,-38.232
11602,0.000,0.000,0.000,-7.383,-38.232
11603,0.000,0.000,0.000,-7.383,-38.232
11604,0.000,0.000,0.000,-7.383,-38.232
11605,0.000,0.000,0.000,-7.383,-38.232
11606,0.000,0.000,0.000,-7.383,-38.232
11607,0.000,0.000,0.000,-7.383,-38.232
11608,0.000,0.000,0.000,-7.383,-38.232
11609,0.000,0.000,0.000,-7.383,-38.232
11610,0.000,0.000,0.000,-7.383,-38.232
11611,0.000,0.000,0.000,-7.383,-38.232
11612,0.000,0.000,0.000,-7.383,-38.232
11613,0.000,0.000,0.000,-7.383,-38.232
11614,0.000,0.000,0.000,-7.383,-38.232
11615,0.000,0.000,0.000,-7.383,-38.232
11616,0.000,0.000,0.000,-7.383,-38.232
11617,0.000,0.000,0.000,-7.383,-38.232
11618,0.000,0.000,0.000,-7.383,-38.232
11619,0.000,0.000,0.000,-7.383,-38.232
11620,0.000,0.000,0.000,-7.383,-38.232
11621,0.000,0.000,0.000,-7.383,-38.232
11622,0.000,0.000,0.000,-7.383,-38.232
11623,0.000,0.000,0.000,-7.383,-38.232
11624,0.000,0.000,0.000,-7.383,-38.232
11625,0.000,0.000,0.000,-7.383,-38.232
11626,0.000,0.000,0.000,-7.383,-38.232
11627,0.000,0.000,0.000,-7.383,-38.232
11628,0.000,0.000,0.000,-7.383,-38.232
11629,0.000,0.000,0.000,-7.383,-38.232
11630,0.000,0.000,0.000,-7.383,-38.232
11631,0.000,0.000,0.000,-7.383,-38.232
11632,0.000,0.000,0.000,-7.383,-38.232
11633,0.000,0.000,0.000,-7.383,-38.232
11634,0.000,0.000,0.000,-7.383,-38.232
11635,0.000,0.000,0.000,-7.383,-38.232
11636,0.000,0.000,0.000,-7.383,-38.232
11637,0.000,0.000,0.000,-7.383,-38.232
11638,0.000,0.000,0.000,-7.383,-38.232
11639,0.000,0.000,0.000,-7.383,-38.232
11640,0.000,0.000,0.000,-7.383,-38.232
11641,0.000,0.000,0.000,-7.383,-38.232
11642,0.000,0.000,0.000,-7.383,-38.232
11643,0.000,0.000,0.000,-7.383,-38.232
11644,0.000,0.000,0.000,-7.383,-38.232
11645,0.000,0.000,0.000,-7.383,-38.232
11646,0.000,0.000,0.000,-7.383,-38.232
11647,0.000,0.000,0.000,-7.383,-38.232
11648,0.000,0.000,0.000,-7.383,-38.232
11649,0.000,0.000,0.000,-7.383,-38.232
11650,0.000,0.000,0.000,-7.383,-38.232
11651,0.000,0.000,0.000,-7.383,-38.232
11652,0.000,0.000,0.000,-7.383,-38.232
11653,0.000,0.000,0.000,-7.383,-38.232
11654,0.000,0.000,0.000,-7.383,-38.232
11655,0.000,0.000,0.000,-7.383,-38.232
11656,0.000,0.000,0.000,-7.383,-38.232
11657,0.000,0.000,0.000,-7.383,-38.232
11658,0.000,0.000,0.000,-7.383,-38.232
11659,0.000,0.000,0.000,-7.383,-38.232
11660,0.000,0.000,0.000,-7.383,-38.232
11661,0.000,0.000,0.000,-7.383,-38.232
11662,0.000,0.000,0.000,-7.383,-38.232
11663,0.000,0.000,0.000,-7.383,-38.232
11664,0.000,0.000,0.000,-7.383,-38.232
11665,0.000,0.000,0.000,-7.383,-38.232
11666,0.000,0.000,0.000,-7.383,-38.232
11667,0.000,0.000,0.000,-7.383,-38.232
11668,0.000,0.000,0.000,-7.383,-38.232
11669,0.000,0.000,0.000,-7.383,-38.232
11670,0.000,0.000,0.000,-7.383,-38.232
11671,0.000,0.000,0.000,-7.383,-38.232
11672,0.000,0.000,0.000,-7.383,-38.232
11673,0.000,0.000,0.000,-7.383,-38.232
11674,0.000,0.000,0.000,-7.383,-38.232
11675,0.000,0.000,0.000,-7.383,-38.232
11676,0.000,0.000,0.000,-7.383,-38.232
11677,0.000,0.000,0.000,-7.383,-38.232
11678,0.000,0.000,0.000,-7.383,-38.232
11679,0.000,0.000,0.000,-7.383,-38.232
11680,0.000,0.000,0.000,-7.295,-38.232
11681,0.000,0.000,0.000,-7.295,-38.232
11682,0.000,0.000,0.000,-7.295,-38.232
11683,0.000,0.000,0.000,-7.295,-38.232
11684,0.000,0.000,0.000,-7.295,-38.232
11685,0.000,0.000,0.000,-7.295,-38.232
11686,0.000,0.000,0.000,-7.295,-38.232
11687,0.000,0.000,0.000,-7.295,-38.232
11688,0.000,0.000,0.000,-7.295,-38.232
11689,0.000,0.000,0.000,-7.295,-38.232
11690,0.000,0.000,0.000,-7.295,-38.232
11691,0.000,0.000,0.000,-7.295,-38.232
11692,0.000,0.000,0.000,-7.295,-38.232
11693,0.000,0.000,0.000,-7.295,-38.232
11694,0.000,0.000,0.000,-7.295,-38.232
11695,0.000,0.000,0.000,-7.295,-38.232
11696,0.000,0.000,0.000,-7.295,-38.232
11697,0.000,0.000,0.000,-7.295,-38.232
11698,0.000,0.000,0.000,-7.295,-38.232
11699,0.000,0.000,0.000,-7.295,-38.232
11700,0.000,0.000,0.000,-7.295,-38.232
11701,0.000,0.000,0.000,-7.295,-38.232
11702,0.000,0.000,0.000,-7.295,-38.232
11703,0.000,0.000,0.000,-7.295,-38.232
11704,0.000,0.000,0.000,-7.295,-38.232
11705,0.000,0.000,0.000,-7.295,-38.232
11706,0.000,0.000,0.000,-7.295,-38.232
11707,0.000,0.000,0.000,-7.295,-38.232
11708,0.000,0.000,0.000,-7.295,-38.232
11709,0.000,0.000,0.000,-7.295,-38.232
11710,0.000,0.000,0.000,-7.295,-38.232
11711,0.000,0.000,0.000,-7.295,-38.232
11712,0.000,0.000,0.000,-7.295,-38.232
11713,0.000,0.000,0.000,-7.295,-38.232
11714,0.000,0.000,0.000,-7.295,-38.232
11715,0.000,0.000,0.000,-7.295,-38.232
11716,0.000,0.000,0.000,-7.295,-38.232
11717,0.000,0.000,0.000,-7.295,-38.232
11718,0.000,0.000,0.000,-7.295,-38.232
11719,0.000,0.000,0.000,-7.295,-38.232
11720,0.000,0.000,0.000,-7.295,-38.232
11721,0.000,0.000,0.000,-7.295,-38.232
11722,0.000,0.000,0.000,-7.295,-38.232
11723,0.000,0.000,0.000,-7.295,-38.232
11724,0.000,0.000,0.000,-7.295,-38.232
11725,0.000,0.000,0.000,-7.295,-38.232
11726,0.000,0.000,0.000,-7.295,-38.232
11727,0.000,0.000,0.000,-7.295,-38.232
11728,0.000,0.000,0.000,-7.295,-38.232
11729,0.000,0.000,0.000,-7.295,-38.232
11730,0.000,0.000,0.000,-7.295,-38.232
11731,0.000,0.000,0.000,-7.295,-38.232
11732,0.000,0.000,0.000,-7.295,-38.232
11733,0.000,0.000,0.000,-7.295,-38.232
11734,0.000,0.000,0.000,-7.295,-38.232
11735,0.000,0.000,0.000,-7.295,-38.232
11736,0.000,0.000,0.000,-7.295,-38.232
11737,0.000,0.000,0.000,-7.295,-38.232
11738,0.000,0.000,0.000,-7.295,-38.232
11739,0.000,0.000,0.000,-7.295,-38.232
11740,0.000,0.000,0.000,-7.295,-38.232
11741,0.000,0.000,0.000,-7.295,-38.232
11742,0.000,0.000,0.000,-7.295,-38.232
11743,0.000,0.000,0.000,-7.295,-38.232
11744,0.000,0.000,0.000,-7.295,-38.232
11745,0.000,0.000,0.000,-7.295,-38.232
11746,0.000,0.000,0.000,-7.295,-38.232
11747,0.000,0.000,0.000,-7.295,-38.232
11748,0.000,0.000,0.000,-7.295,-38.232
11749,0.000,0.000,0.000,-7.295,-38.232
11750,0.000,0.000,0.000,-7.295,-38.232
11751,0.000,0.000,0.000,-7.295,-38.232
11752,0.000,0.000,0.000,-7.295,-38.232
11753,0.000,0.000,0.000,-7.295,-38.232
11754,0.000,0.000,0.000,-7.295,-38.232
11755,0.000,0.000,0.000,-7.295,-38.232
11756,0.000,0.000,0.000,-7.295,-38.232
11757,0.000,0.000,0.000,-7.295,-38.232
11758,0.000,0.000,0.000,-7.295,-38.232
11759,0.000,0.000,0.000,-7.295,-38.232
11760,0.000,0.000,0.000,-7.295,-38.232
11761,0.000,0.000,0.000,-7.295,-38.232
11762,0.000,0.000,0.000,-7.295,-38.232
11763,0.000,0.000,0.000,-7.295,-38.232
11764,0.000,0.000,0.000,-7.295,-38.232
11765,0.000,0.000,0.000,-7.295,-38.232
11766,0.000,0.000,0.000,-7.295,-38.232
11767,0.000,0.000,0.000,-7.295,-38.232
11768,0.000,0.000,0.000,-7.295,-38.232
11769,0.000,0.000,0.000,-7.295,-38.232
11770,0.000,0.000,0.000,-7.295,-38.232
11771,0.000,0.000,0.000,-7.295,-38.232
11772,0.000,0.000,0.000,-7.295,-38.232
11773,0.000,0.000,0.000,-7.295,-38.232
11774,0.000,0.000,0.000,-7.295,-38.232
11775,0.000,0.000,0.000,-7.295,-38.232
11776,0.000,0.000,0.000,-7.295,-38.232
11777,0.000,0.000,0.000,-7.295,-38.232
11778,0.000,0.000,0.000,-7.295,-38.232
11779,0.000,0.000,0.000,-7.295,-38.232
11780,0.000,0.000,0.000,-7.295,-38.232
11781,0.000,0.000,0.000,-7.295,-38.232
11782,0.000,0.000,0.000,-7.295,-38.232
11783,0.000,0.000,0.000,-7.295,-38.232
11784,0.000,0.000,0.000,-7.295,-38.232
11785,0.000,0.000,0.000,-7.295,-38.232
11786,0.000,0.000,0.000,-7.295,-38.232
11787,0.000,0.000,0.000,-7.295,-38.232
11788,0.000,0.000,0.000,-7.295,-38.232
11789,0.000,0.000,0.000,-7.295,-38.232
11790,0.000,0.000,0.000,-7.295,-38.232
11791,0.000,0.000,0.000,-7.295,-38.232
11792,0.000,0.000,0.000,-7.295,-38.232
11793,0.000,0.000,0.000,-7.295,-38.232
11794,0.000,0.000,0.000,-7.295,-38.232
11795,0.000,0.000,0.000,-7.295,-38.232
11796,0.000,0.000,0.000,-7.295,-38.232
11797,0.000,0.000,0.000,-7.295,-38.232
11798,0.000,0.000,0.000,-7.295,-38.232
11799,0.000,0.000,0.000,-7.295,-38.232
11800,0.000,0.000,0.000,-7.295,-38.232
11801,0.000,0.000,0.000,-7.295,-38.232
11802,0.000,0.000,0.000,-7.295,-38.232
11803,0.000,0.000,0.000,-7.295,-38.232
11804,0.000,0.000,0.000,-7.295,-38.232
11805,0.000,0.000,0.000,-7.295,-38.232
11806,0.000,0.000,0.000,-7.295,-38.232
11807,0.000,0.000,0.000,-7.295,-38.232
11808,0.000,0.000,0.000,-7.295,-38.232
11809,0.000,0.000,0.000,-7.295,-38.232
11810,0.000,0.000,0.000,-7.295,-38.232
11811,0.000,0.000,0.000,-7.295,-38.232
11812,0.000,0.000,0.000,-7.295,-38.232
11813,0.000,0.000,0.000,-7.295,-38.232
11814,0.000,0.000,0.000,-7.295,-38.232
11815,0.000,0.000,0.000,-7.295,-38.232
11816,0.000,0.000,0.000,-7.295,-38.232
11817,0.000,0.000,0.000,-7.295,-38.232
11818,0.000,0.000,0.000,-7.295,-38.232
11819,0.000,0.000,0.000,-7.295,-38.232
11820,0.000,0.000,0.000,-7.295,-38.232
11821,0.000,0.000,0.000,-7.295,-38.232
11822,0.000,0.000,0.000,-7.295,-38.232
11823,0.000,0.000,0.000,-7.295,-38.232
11824,0.000,0.000,0.000,-7.295,-38.232
11825,0.000,0.000,0.000,-7.295,-38.232
11826,0.000,0.000,0.000,-7.295,-38.232
11827,0.000,0.000,0.000,-7.295,-38.232
11828,0.000,0.000,0.000,-7.295,-38.232
11829,0.000,0.000,0.000,-7.295,-38.232
11830,0.000,0.000,0.000,-7.295,-38.232
11831,0.000,0.000,0.000,-7.295,-38.232
11832,0.000,0.000,0.000,-7.295,-38.232
11833,0.000,0.000,0.000,-7.295,-38.232
11834,0.000,0.000,0.000,-7.295,-38.232
11835,0.000,0.000,0.000,-7.295,-38.232
11836,0.000,0.000,0.000,-7.295,-38.232
11837,0.000,0.000,0.000,-7.295,-38.232
11838,0.000,0.000,0.000,-7.295,-38.232
11839,0.000,0.000,0.000,-7.295,-38.232
11840,0.000,0.000,0.000,-7.295,-38.232
11841,0.000,0.000,0.000,-7.295,-38.232
11842,0.000,0.000,0.000,-7.295,-38.232
11843,0.000,0.000,0.000,-7.295,-38.232
11844,0.000,0.000,0.000,-7.295,-38.232
11845,0.000,0.000,0.000,-7.295,-38.232
11846,0.000,0.000,0.000,-7.295,-38.232
11847,0.000,0.000,0.000,-7.295,-38.232
11848,0.000,0.000,0.000,-7.295,-38.232
11849,0.000,0.000,0.000,-7.295,-38.232
11850,0.000,0.000,0.000,-7.295,-38.232
11851,0.000,0.000,0.000,-7.295,-38.232
11852,0.000,0.000,0.000,-7.295,-38.232
11853,0.000,0.000,0.000,-7.295,-38.232
11854,0.000,0.000,0.000,-7.295,-38.232
11855,0.000,0.000,0.000,-7.295,-38.232
11856,0.000,0.000,0.000,-7.295,-38.232
11857,0.000,0.000,0.000,-7.295,-38.232
11858,0.000,0.000,0.000,-7.295,-38.232
11859,0.000,0.000,0.000,-7.295,-38.232
11860,0.000,0.000,0.000,-7.295,-38.232
11861,0.000,0.000,0.000,-7.295,-38.232
11862,0.000,0.000,0.000,-7.295,-38.232
11863,0.000,0.000,0.000,-7.295,-38.232
11864,0.000,0.000,0.000,-7.295,-38.232
11865,0.000,0.000,0.000,-7.295,-38.232
11866,0.000,0.000,0.000,-7.295,-38.232
11867,0.000,0.000,0.000,-7.295,-38.232
11868,0.000,0.000,0.000,-7.295,-38.232
11869,0.000,0.000,0.000,-7.295,-38.232
11870,0.000,0.000,0.000,-7.295,-38.232
11871,0.000,0.000,0.000,-7.295,-38.232
11872,0.000,0.000,0.000,-7.295,-38.232
11873,0.000,0.000,0.000,-7.295,-38.232
11874,0.000,0.000,0.000,-7.295,-38.232
11875,0.000,0.000,0.000,-7.295,-38.232
11876,0.000,0.000,0.000,-7.295,-38.232
11877,0.000,0.000,0.000,-7.295,-38.232
11878,0.000,0.000,0.000,-7.295,-38.232
11879,0.000,0.000,0.000,-7.295,-38.232
11880,0.000,0.000,0.000,-7.295,-38.232
11881,0.000,0.000,0.000,-7.295,-38.232
11882,0.000,0.000,0.000,-7.295,-38.232
11883,0.000,0.000,0.000,-7.295,-38.232
11884,0.000,0.000,0.000,-7.295,-38.232
11885,0.000,0.000,0.000,-7.295,-38.232
11886,0.000,0.000,0.000,-7.295,-38.232
11887,0.000,0.000,0.000,-7.295,-38.232
11888,0.000,0.000,0.000,-7.295,-38.232
11889,0.000,0.000,0.000,-7.295,-38.232
11890,0.000,0.000,0.000,-7.295,-38.232
11891,0.000,0.000,0.000,-7.295,-38.232
11892,0.000,0.000,0.000,-7.295,-38.232
11893,0.000,0.000,0.000,-7.295,-38.232
11894,0.000,0.000,0.000,-7.295,-38.232
11895,0.000,0.000,0.000,-7.295,-38.232
11896,0.000,0.000,0.000,-7.295,-38.232
11897,0.000,0.000,0.000,-7.295,-38.232
11898,0.000,0.000,0.000,-7.295,-38.232
11899,0.000,0.000,0.000,-7.295,-38.232
11900,0.000,0.000,0.000,-7.295,-38.232
11901,0.000,0.000,0.000,-7.295,-38.232
11902,0.000,0.000,0.000,-7.295,-38.232
11903,0.000,0.000,0.000,-7.295,-38.232
11904,0.000,0.000,0.000,-7.295,-38.232
11905,0.000,0.000,0.000,-7.295,-38.232
11906,0.000,0.000,0.000,-7.295,-38.232
11907,0.000,0.000,0.000,-7.295,-38.232
11908,0.000,0.000,0.000,-7.295,-38.232
11909,0.000,0.000,0.000,-7.295,-38.232
11910,0.000,0.000,0.000,-7.295,-38.232
11911,0.000,0.000,0.000,-7.295,-38.232
11912,0.000,0.000,0.000,-7.295,-38.232
11913,0.000,0.000,0.000,-7.295,-38.232
11914,0.000,0.000,0.000,-7.295,-38.232
11915,0.000,0.000,0.000,-7.295,-38.232
11916,0.000,0.000,0.000,-7.295,-38.232
11917,0.000,0.000,0.000,-7.295,-38.232
11918,0.000,0.000,0.000,-7.295,-38.232
11919,0.000,0.000,0.000,-7.295,-38.232
11920,0.000,0.000,0.000,-7.295,-38.232
11921,0.000,0.000,0.000,-7.295,-38.232
11922,0.000,0.000,0.000,-7.295,-38.232
11923,0.000,0.000,0.000,-7.295,-38.232
11924,0.000,0.000,0.000,-7.295,-38.232
11925,0.000,0.000,0.000,-7.295,-38.232
11926,0.000,0.000,0.000,-7.295,-38.232
11927,0.000,0.000,0.000,-7.295,-38.232
11928,0.000,0.000,0.000,-7.295,-38.232
11929,0.000,0.000,0.000,-7.295,-38.232
11930,0.000,0.000,0.000,-7.295,-38.232
11931,0.000,0.000,0.000,-7.295,-38.232
11932,0.000,0.000,0.000,-7.295,-38.232
11933,0.000,0.000,0.000,-7.295,-38.232
11934,0.000,0.000,0.000,-7.295,-38.232
11935,0.000,0.000,0.000,-7.295,-38.232
11936,0.000,0.000,0.000,-7.295,-38.232
11937,0.000,0.000,0.000,-7.295,-38.232
11938,0.000,0.000,0.000,-7.295,-38.232
11939,0.000,0.000,0.000,-7.295,-38.232
11940,0.000,0.000,0.000,-7.295,-38.232
11941,0.000,0.000,0.000,-7.295,-38.232
11942,0.000,0.000,0.000,-7.207,-38.232
11943,0.000,0.000,0.000,-7.207,-38.232
11944,0.000,0.000,0.000,-7.207,-38.232
11945,0.000,0.000,0.000,-7.207,-38.232
11946,0.000,0.000,0.000,-7.207,-38.232
11947,0.000,0.000,0.000,-7.207,-38.232
11948,0.000,0.000,0.000,-7.207,-38.232
11949,0.000,0.000,0.000,-7.207,-38.232
11950,0.000,0.000,0.000,-7.207,-38.232
11951,0.000,0.000,0.000,-7.207,-38.232
11952,0.000,0.000,0.000,-7.207,-38.232
11953,0.000,0.000,0.000,-7.207,-38.232
11954,0.000,0.000,0.000,-7.207,-38.232
11955,0.000,0.000,0.000,-7.207,-38.232
11956,0.000,0.000,0.000,-7.207,-38.232
11957,0.000,0.000,0.000,-7.207,-38.232
11958,0.000,0.000,0.000,-7.207,-38.232
11959,0.000,0.000,0.000,-7.207,-38.232
11960,0.000,0.000,0.000,-7.207,-38.232
11961,0.000,0.000,0.000,-7.207,-38.232
11962,0.000,0.000,0.000,-7.207,-38.232
11963,0.000,0.000,0.000,-7.207,-38.232
11964,0.000,0.000,0.000,-7.207,-38.232
11965,0.000,0.000,0.000,-7.207,-38.232
11966,0.000,0.000,0.000,-7.207,-38.232
11967,0.000,0.000,0.000,-7.207,-38.232
11968,0.000,0.000,0.000,-7.207,-38.232
11969,0.000,0.000,0.000,-7.207,-38.232
11970,0.000,0.000,0.000,-7.207,-38.232
11971,0.000,0.000,0.000,-7.207,-38.232
11972,0.000,0.000,0.000,-7.207,-38.232
11973,0.000,0.000,0.000,-7.207,-38.232
11974,0.000,0.000,0.000,-7.207,-38.232
11975,0.000,0.000,0.000,-7.207,-38.232
11976,0.000,0.000,0.000,-7.207,-38.232
11977,0.000,0.000,0.000,-7.207,-38.232
11978,0.000,0.000,0.000,-7.207,-38.232
11979,0.000,0.000,0.000,-7.207,-38.232
11980,0.000,0.000,0.000,-7.207,-38.232
11981,0.000,0.000,0.000,-7.207,-38.232
11982,0.000,0.000,0.000,-7.207,-38.232
11983,0.000,0.000,0.000,-7.207,-38.232
11984,0.000,0.000,0.000,-7.207,-38.232
11985,0.000,0.000,0.000,-7.207,-38.232
11986,0.000,0.000,0.000,-7.207,-38.232
11987,0.000,0.000,0.000,-7.207,-38.232
11988,0.000,0.000,0.000,-7.207,-38.232
11989,0.000,0.000,0.000,-7.207,-38.232
11990,0.000,0.000,0.000,-7.207,-38.232
11991,0.000,0.000,0.000,-7.207,-38.232
11992,0.000,0.000,0.000,-7.207,-38.232
11993,0.000,0.000,0.000,-7.207,-38.232
11994,0.000,0.000,0.000,-7.207,-38.232
11995,0.000,0.000,0.000,-7.207,-38.232
11996,0.000,0.000,0.000,-7.207,-38.232
11997,0.000,0.000,0.000,-7.207,-38.232
11998,0.000,0.000,0.000,-7.207,-38.232
11999,0.000,0.000,0.000,-7.207,-38.232
12000,0.000,0.000,0.000,-7.207,-38.232
12001,0.000,0.000,0.000,-7.207,-38.232
12002,0.000,0.000,0.000,-7.207,-38.232
12003,0.000,0.000,0.000,-7.207,-38.232
12004,0.000,0.000,0.000,-7.207,-38.232
12005,0.000,0.000,0.000,-7.207,-38.232
12006,0.000,0.000,0.000,-7.207,-38.232
12007,0.000,0.000,0.000,-7.207,-38.232
12008,0.000,0.000,0.000,-7.207,-38.232
12009,0.000,0.000,0.000,-7.207,-38.232
12010,0.000,0.000,0.000,-7.207,-38.232
12011,0.000,0.000,0.000,-7.207,-38.232
12012,0.000,0.000,0.000,-7.207,-38.232
12013,0.000,0.000,0.000,-7.207,-38.232
12014,0.000,0.000,0.000,-7.207,-38.232
12015,0.000,0.000,0.000,-7.207,-38.232
12016,0.000,0.000,0.000,-7.207,-38.232
12017,0.000,0.000,0.000,-7.207,-38.232
12018,0.000,0.000,0.000,-7.207,-38.232
12019,0.000,0.000,0.000,-7.207,-38.232
12020,0.000,0.000,0.000,-7.207,-38.232
12021,0.000,0.000,0.000,-7.207,-38.232
12022,0.000,0.000,0.000,-7.207,-38.232
12023,0.000,0.000,0.000,-7.207,-38.232
12024,0.000,0.000,0.000,-7.207,-38.232
12025,0.000,0.000,0.000,-7.207,-38.232
12026,0.000,0.000,0.000,-7.207,-38.232
12027,0.000,0.000,0.000,-7.207,-38.232
12028,0.000,0.000,0.000,-7.207,-38.232
12029,0.000,0.000,0.000,-7.207,-38.232
12030,0.000,0.000,0.000,-7.207,-38.232
12031,0.000,0.000,0.000,-7.207,-38.232
12032,0.000,0.000,0.000,-7.207,-38.232
12033,0.000,0.000,0.000,-7.207,-38.232
12034,0.000,0.000,0.000,-7.207,-38.232
12035,0.000,0.000,0.000,-7.207,-38.232
12036,0.000,0.000,0.000,-7.207,-38.232
12037,0.000,0.000,0.000,-7.207,-38.232
12038,0.000,0.000,0.000,-7.207,-38.232
12039,0.000,0.000,0.000,-7.207,-38.232
12040,0.000,0.000,0.000,-7.207,-38.232
12041,0.000,0.000,0.000,-7.207,-38.232
12042,0.000,0.000,0.000,-7.207,-38.232
12043,0.000,0.000,0.000,-7.207,-38.232
12044,0.000,0.000,0.000,-7.207,-38.232
12045,0.000,0.000,0.000,-7.207,-38.232
12046,0.000,0.000,0.000,-7.207,-38.232
12047,0.000,0.000,0.000,-7.207,-38.232
12048,0.000,0.000,0.000,-7.207,-38.232
12049,0.000,0.000,0.000,-7.207,-38.232
12050,0.000,0.000,0.000,-7.207,-38.232
12051,0.000,0.000,0.000,-7.207,-38.232
12052,0.000,0.000,0.000,-7.207,-38.232
12053,0.000,0.000,0.000,-7.207,-38.232
12054,0.000,0.000,0.000,-7.207,-38.232
12055,0.000,0.000,0.000,-7.207,-38.232
12056,0.000,0.000,0.000,-7.207,-38.232
12057,0.000,0.000,0.000,-7.207,-38.232
12058,0.000,0.000,0.000,-7.207,-38.232
12059,0.000,0.000,0.000,-7.207,-38.232
12060,0.000,0.000,0.000,-7.207,-38.232
12061,0.000,0.000,0.000,-7.207,-38.232
12062,0.000,0.000,0.000,-7.207,-38.232
12063,0.000,0.000,0.000,-7.207,-38.232
12064,0.000,0.000,0.000,-7.207,-38.232
12065,0.000,0.000,0.000,-7.207,-38.232
12066,0.000,0.000,0.000,-7.207,-38.232
12067,0.000,0.000,0.000,-7.207,-38.232
12068,0.000,0.000,0.000,-7.207,-38.232
12069,0.000,0.000,0.000,-7.207,-38.232
12070,0.000,0.000,0.000,-7.207,-38.232
12071,0.000,0.000,0.000,-7.207,-38.232
12072,0.000,0.000,0.000,-7.207,-38.232
12073,0.000,0.000,0.000,-7.207,-38.232
12074,0.000,0.000,0.000,-7.207,-38.232
12075,0.000,0.000,0.000,-7.207,-38.232
12076,0.000,0.000,0.000,-7.207,-38.232
12077,0.000,0.000,0.000,-7.207,-38.232
12078,0.000,0.000,0.000,-7.207,-38.232
12079,0.000,0.000,0.000,-7.207,-38.232
12080,0.000,0.000,0.000,-7.207,-38.232
12081,0.000,0.000,0.000,-7.207,-38.232
12082,0.000,0.000,0.000,-7.207,-38.232
12083,0.000,0.000,0.000,-7.207,-38.232
12084,0.000,0.000,0.000,-7.207,-38.232
12085,0.000,0.000,0.000,-7.207,-38.232
12086,0.000,0.000,0.000,-7.207,-38.232
12087,0.000,0.000,0.000,-7.207,-38.232
12088,0.000,0.000,0.000,-7.207,-38.232
12089,0.000,0.000,0.000,-7.207,-38.232
12090,0.000,0.000,0.000,-7.207,-38.232
12091,0.000,0.000,0.000,-7.207,-38.232
12092,0.000,0.000,0.000,-7.207,-38.232
12093,0.000,0.000,0.000,-7.207,-38.232
12094,0.000,0.000,0.000,-7.207,-38.232
12095,0.000,0.000,0.000,-7.207,-38.232
12096,0.000,0.000,0.000,-7.207,-38.232
12097,0.000,0.000,0.000,-7.207,-38.232
12098,0.000,0.000,0.000,-7.207,-38.232
12099,0.000,0.000,0.000,-7.207,-38.232
12100,0.000,0.000,0.000,-7.207,-38.232
12101,0.000,0.000,0.000,-7.207,-38.232
12102,0.000,0.000,0.000,-7.207,-38.232
12103,0.000,0.000,0.000,-7.207,-38.232
12104,0.000,0.000,0.000,-7.207,-38.232
12105,0.000,0.000,0.000,-7.207,-38.232
12106,0.000,0.000,0.000,-7.207,-38.232
12107,0.000,0.000,0.000,-7.207,-38.232
12108,0.000,0.000,0.000,-7.207,-38.232
12109,0.000,0.000,0.000,-7.207,-38.232
12110,0.000,0.000,0.000,-7.207,-38.232
12111,0.000,0.000,0.000,-7.207,-38.232
12112,0.000,0.000,0.000,-7.207,-38.232
12113,0.000,0.000,0.000,-7.207,-38.232
12114,0.000,0.000,0.000,-7.207,-38.232
12115,0.000,0.000,0.000,-7.207,-38.232
12116,0.000,0.000,0.000,-7.207,-38.232
12117,0.000,0.000,0.000,-7.207,-38.232
12118,0.000,0.000,0.000,-7.207,-38.232
12119,0.000,0.000,0.000,-7.207,-38.232
12120,0.000,0.000,0.000,-7.207,-38.232
12121,0.000,0.000,0.000,-7.207,-38.232
12122,0.000,0.000,0.000,-7.207,-38.232
12123,0.000,0.000,0.000,-7.207,-38.232
12124,0.000,0.000,0.000,-7.207,-38.232
12125,0.000,0.000,0.000,-7.207,-38.232
12126,0.000,0.000,0.000,-7.207,-38.232
12127,0.000,0.000,0.000,-7.207,-38.232
12128,0.000,0.000,0.000,-7.207,-38.232
12129,0.000,0.000,0.000,-7.207,-38.232
12130,0.000,0.000,0.000,-7.207,-38.232
12131,0.000,0.000,0.000,-7.207,-38.232
12132,0.000,0.000,0.000,-7.207,-38.232
12133,0.000,0.000,0.000,-7.207,-38.232
12134,0.000,0.000,0.000,-7.207,-38.232
12135,0.000,0.000,0.000,-7.207,-38.232
12136,0.000,0.000,0.000,-7.207,-38.232
12137,0.000,0.000,0.000,-7.207,-38.232
12138,0.000,0.000,0.000,-7.207,-38.232
12139,0.000,0.000,0.000,-7.207,-38.232
12140,0.000,0.000,0.000,-7.207,-38.232
12141,0.000,0.000,0.000,-7.207,-38.232
12142,0.000,0.000,0.000,-7.207,-38.232
12143,0.000,0.000,0.000,-7.207,-38.232
12144,0.000,0.000,0.000,-7.207,-38.232
12145,0.000,0.000,0.000,-7.207,-38.232
12146,0.000,0.000,0.000,-7.207,-38.232
12147,0.000,0.000,0.000,-7.207,-38.232
12148,0.000,0.000,0.000,-7.207,-38.232
12149,0.000,0.000,0.000,-7.207,-38.232
12150,0.000,0.000,0.000,-7.207,-38.232
12151,0.000,0.000,0.000,-7.207,-38.232
12152,0.000,0.000,0.000,-7.207,-38.232
12153,0.000,0.000,0.000,-7.207,-38.232
12154,0.000,0.000,0.000,-7.207,-38.232
12155,0.000,0.000,0.000,-7.207,-38.232
12156,0.000,0.000,0.000,-7.207,-38.232
12157,0.000,0.000,0.000,-7.207,-38.232
12158,0.000,0.000,0.000,-7.207,-38.232
12159,0.000,0.000,0.000,-7.207,-38.232
12160,0.000,0.000,0.000,-7.207,-38.232
12161,0.000,0.000,0.000,-7.207,-38.232
12162,0.000,0.000,0.000,-7.119,-38.232
12163,0.000,0.000,0.000,-7.119,-38.232
12164,0.000,0.000,0.000,-7.119,-38.232
12165,0.000,0.000,0.000,-7.119,-38.232
12166,0.000,0.000,0.000,-7.119,-38.232
12167,0.000,0.000,0.000,-7.119,-38.232
12168,0.000,0.000,0.000,-7.119,-38.232
12169,0.000,0.000,0.000,-7.119,-38.232
12170,0.000,0.000,0.000,-7.119,-38.232
12171,0.000,0.000,0.000,-7.119,-38.232
12172,0.000,0.000,0.000,-7.119,-38.232
12173,0.000,0.000,0.000,-7.119,-38.232
12174,0.000,0.000,0.000,-7.119,-38.232
12175,0.000,0.000,0.000,-7.119,-38.232
12176,0.000,0.000,0.000,-7.119,-38.232
12177,0.000,0.000,0.000,-7.119,-38.232
12178,0.000,0.000,0.000,-7.119,-38.232
12179,0.000,0.000,0.000,-7.119,-38.232
12180,0.000,0.000,0.000,-7.119,-38.232
12181,0.000,0.000,0.000,-7.119,-38.232
12182,0.000,0.000,0.000,-7.119,-38.232
12183,0.000,0.000,0.000,-7.119,-38.232
12184,0.000,0.000,0.000,-7.119,-38.232
12185,0.000,0.000,0.000,-7.119,-38.232
12186,0.000,0.000,0.000,-7.119,-38.232
12187,0.000,0.000,0.000,-7.119,-38.232
12188,0.000,0.000,0.000,-7.119,-38.232
12189,0.000,0.000,0.000,-7.119,-38.232
12190,0.000,0.000,0.000,-7.119,-38.232
12191,0.000,0.000,0.000,-7.119,-38.232
12192,0.000,0.000,0.000,-7.119,-38.232
12193,0.000,0.000,0.000,-7.119,-38.232
12194,0.000,0.000,0.000,-7.119,-38.232
12195,0.000,0.000,0.000,-7.119,-38.232
12196,0.000,0.000,0.000,-7.119,-38.232
12197,0.000,0.000,0.000,-7.119,-38.232
12198,0.000,0.000,0.000,-7.119,-38.232
12199,0.000,0.000,0.000,-7.119,-38.232
12200,0.000,0.000,0.000,-7.119,-38.232
12201,0.000,0.000,0.000,-7.119,-38.232
12202,0.000,0.000,0.000,-7.119,-38.232
12203,0.000,0.000,0.000,-7.119,-38.232
12204,0.000,0.000,0.000,-7.119,-38.232
12205,0.000,0.000,0.000,-7.119,-38.232
12206,0.000,0.000,0.000,-7.119,-38.232
12207,0.000,0.000,0.000,-7.119,-38.232
12208,0.000,0.000,0.000,-7.119,-38.232
12209,0.000,0.000,0.000,-7.119,-38.232
12210,0.000,0.000,0.000,-7.119,-38.232
12211,0.000,0.000,0.000,-7.119,-38.232
12212,0.000,0.000,0.000,-7.119,-38.232
12213,0.000,0.000,0.000,-7.119,-38.232
12214,0.000,0.000,0.000,-7.119,-38.232
12215,0.000,0.000,0.000,-7.119,-38.232
12216,0.000,0.000,0.000,-7.119,-38.232
12217,0.000,0.000,0.000,-7.119,-38.232
12218,0.000,0.000,0.000,-7.119,-38.232
12219,0.000,0.000,0.000,-7.119,-38.232
12220,0.000,0.000,0.000,-7.119,-38.232
12221,0.000,0.000,0.000,-7.119,-38.232
12222,0.000,0.000,0.000,-7.119,-38.232
12223,0.000,0.000,0.000,-7.119,-38.232
12224,0.000,0.000,0.000,-7.119,-38.232
12225,0.000,0.000,0.000,-7.119,-38.232
12226,0.000,0.000,0.000,-7.119,-38.232
12227,0.000,0.000,0.000,-7.119,-38.232
12228,0.000,0.000,0.000,-7.119,-38.232
12229,0.000,0.000,0.000,-7.119,-38.232
12230,0.000,0.000,0.000,-7.119,-38.232
12231,0.000,0.000,0.000,-7.119,-38.232
12232,0.000,0.000,0.000,-7.119,-38.232
12233,0.000,0.000,0.000,-7.119,-38.232
12234,0.000,0.000,0.000,-7.119,-38.232
12235,0.000,0.000,0.000,-7.119,-38.232
12236,0.000,0.000,0.000,-7.119,-38.232
12237,0.000,0.000,0.000,-7.119,-38.232
12238,0.000,0.000,0.000,-7.119,-38.232
12239,0.000,0.000,0.000,-7.119,-38.232
12240,0.000,0.000,0.000,-7.119,-38.232
12241,0.000,0.000,0.000,-7.119,-38.232
12242,0.000,0.000,0.000,-7.119,-38.232
12243,0.000,0.000,0.000,-7.119,-38.232
12244,0.000,0.000,0.000,-7.119,-38.232
12245,0.000,0.000,0.000,-7.119,-38.232
12246,0.000,0.000,0.000,-7.119,-38.232
12247,0.000,0.000,0.000,-7.119,-38.232
12248,0.000,0.000,0.000,-7.119,-38.232
12249,0.000,0.000,0.000,-7.119,-38.232
12250,0.000,0.000,0.000,-7.119,-38.232
12251,0.000,0.000,0.000,-7.119,-38.232
12252,0.000,0.000,0.000,-7.119,-38.232
12253,0.000,0.000,0.000,-7.119,-38.232
12254,0.000,0.000,0.000,-7.119,-38.232
12255,0.000,0.000,0.000,-7.119,-38.232
12256,0.000,0.000,0.000,-7.119,-38.232
12257,0.000,0.000,0.000,-7.119,-38.232
12258,0.000,0.000,0.000,-7.119,-38.232
12259,0.000,0.000,0.000,-7.119,-38.232
12260,0.000,0.000,0.000,-7.119,-38.232
12261,0.000,0.000,0.000,-7.119,-38.232
12262,0.000,0.000,0.000,-7.119,-38.232
12263,0.000,0.000,0.000,-7.119,-38.232
12264,0.000,0.000,0.000,-7.119,-38.232
12265,0.000,0.000,0.000,-7.119,-38.232
12266,0.000,0.000,0.000,-7.119,-38.232
12267,0.000,0.000,0.000,-7.119,-38.232
12268,0.000,0.000,0.000,-7.119,-38.232
12269,0.000,0.000,0.000,-7.119,-38.232
12270,0.000,0.000,0.000,-7.119,-38.232
12271,0.000,0.000,0.000,-7.119,-38.232
12272,0.000,0.000,0.000,-7.119,-38.232
12273,0.000,0.000,0.000,-7.119,-38.232
12274,0.000,0.000,0.000,-7.119,-38.232
12275,0.000,0.000,0.000,-7.119,-38.232
12276,0.000,0.000,0.000,-7.119,-38.232
12277,0.000,0.000,0.000,-7.119,-38.232
12278,0.000,0.000,0.000,-7.119,-38.232
12279,0.000,0.000,0.000,-7.119,-38.232
12280,0.000,0.000,0.000,-7.119,-38.232
12281,0.000,0.000,0.000,-7.119,-38.232
12282,0.000,0.000,0.000,-7.119,-38.232
12283,0.000,0.000,0.000,-7.119,-38.232
12284,0.000,0.000,0.000,-7.119,-38.232
12285,0.000,0.000,0.000,-7.119,-38.232
12286,0.000,0.000,0.000,-7.119,-38.232
12287,0.000,0.000,0.000,-7.119,-38.232
12288,0.000,0.000,0.000,-7.119,-38.232
12289,0.000,0.000,0.000,-7.119,-38.232
12290,0.000,0.000,0.000,-7.119,-38.232
12291,0.000,0.000,0.000,-7.119,-38.232
12292,0.000,0.000,0.000,-7.119,-38.232
12293,0.000,0.000,0.000,-7.119,-38.232
12294,0.000,0.000,0.000,-7.119,-38.232
12295,0.000,0.000,0.000,-7.119,-38.232
12296,0.000,0.000,0.000,-7.119,-38.232
12297,0.000,0.000,0.000,-7.119,-38.232
12298,0.000,0.000,0.000,-7.119,-38.232
12299,0.000,0.000,0.000,-7.119,-38.232
12300,0.000,0.000,0.000,-7.119,-38.232
12301,0.000,0.000,0.000,-7.119,-38.232
12302,0.000,0.000,0.000,-7.119,-38.232
12303,0.000,0.000,0.000,-7.119,-38.232
12304,0.000,0.000,0.000,-7.119,-38.232
12305,0.000,0.000,0.000,-7.119,-38.232
12306,0.000,0.000,0.000,-7.119,-38.232
12307,0.000,0.000,0.000,-7.119,-38.232
12308,0.000,0.000,0.000,-7.119,-38.232
12309,0.000,0.000,0.000,-7.119,-38.232
12310,0.000,0.000,0.000,-7.119,-38.232
12311,0.000,0.000,0.000,-7.119,-38.232
12312,0.000,0.000,0.000,-7.119,-38.232
12313,0.000,0.000,0.000,-7.119,-38.232
12314,0.000,0.000,0.000,-7.119,-38.232
12315,0.000,0.000,0.000,-7.119,-38.232
12316,0.000,0.000,0.000,-7.119,-38.232
12317,0.000,0.000,0.000,-7.119,-38.232
12318,0.000,0.000,0.000,-7.119,-38.232
12319,0.000,0.000,0.000,-7.119,-38.232
12320,0.000,0.000,0.000,-7.119,-38.232
12321,0.000,0.000,0.000,-7.119,-38.232
12322,0.000,0.000,0.000,-7.119,-38.232
12323,0.000,0.000,0.000,-7.119,-38.232
12324,0.000,0.000,0.000,-7.119,-38.232
12325,0.000,0.000,0.000,-7.119,-38.232
12326,0.000,0.000,0.000,-7.119,-38.232
12327,0.000,0.000,0.000,-7.119,-38.232
12328,0.000,0.000,0.000,-7.119,-38.232
12329,0.000,0.000,0.000,-7.119,-38.232
12330,0.000,0.000,0.000,-7.119,-38.232
12331,0.000,0.000,0.000,-7.119,-38.232
12332,0.000,0.000,0.000,-7.119,-38.232
12333,0.000,0.000,0.000,-7.119,-38.232
12334,0.000,0.000,0.000,-7.119,-38.232
12335,0.000,0.000,0.000,-7.119,-38.232
12336,0.000,0.000,0.000,-7.119,-38.232
12337,0.000,0.000,0.000,-7.119,-38.232
12338,0.000,0.000,0.000,-7.119,-38.232
12339,0.000,0.000,0.000,-7.119,-38.232
12340,0.000,0.000,0.000,-7.119,-38.232
12341,0.000,0.000,0.000,-7.119,-38.232
12342,0.000,0.000,0.000,-7.119,-38.232
12343,0.000,0.000,0.000,-7.119,-38.232
12344,0.000,0.000,0.000,-7.119,-38.232
12345,0.000,0.000,0.000,-7.119,-38.232
12346,0.000,0.000,0.000,-7.119,-38.232
12347,0.000,0.000,0.000,-7.119,-38.232
12348,0.000,0.000,0.000,-7.119,-38.232
12349,0.000,0.000,0.000,-7.119,-38.232
12350,0.000,0.000,0.000,-7.119,-38.232
12351,0.000,0.000,0.000,-7.119,-38.232
12352,0.000,0.000,0.000,-7.119,-38.232
12353,0.000,0.000,0.000,-7.119,-38.232
12354,0.000,0.000,0.000,-7.119,-38.232
12355,0.000,0.000,0.000,-7.119,-38.232
12356,0.000,0.000,0.000,-7.119,-38.232
12357,0.000,0.000,0.000,-7.119,-38.232
12358,0.000,0.000,0.000,-7.119,-38.232
12359,0.000,0.000,0.000,-7.119,-38.232
12360,0.000,0.000,0.000,-7.119,-38.232
12361,0.000,0.000,0.000,-7.119,-38.232
12362,0.000,0.000,0.000,-7.119,-38.232
12363,0.000,0.000,0.000,-7.119,-38.232
12364,0.000,0.000,0.000,-7.119,-38.232
12365,0.000,0.000,0.000,-7.119,-38.232
12366,0.000,0.000,0.000,-7.119,-38.232
12367,0.000,0.000,0.000,-7.119,-38.232
12368,0.000,0.000,0.000,-7.119,-38.232
12369,0.000,0.000,0.000,-7.119,-38.232
12370,0.000,0.000,0.000,-7.119,-38.232
12371,0.000,0.000,0.000,-7.119,-38.232
12372,0.000,0.000,0.000,-7.119,-38.232
12373,0.000,0.000,0.000,-7.119,-38.232
12374,0.000,0.000,0.000,-7.119,-38.232
12375,0.000,0.000,0.000,-7.119,-38.232
12376,0.000,0.000,0.000,-7.119,-38.232
12377,0.000,0.000,0.000,-7.119,-38.232
12378,0.000,0.000,0.000,-7.119,-38.232
12379,0.000,0.000,0.000,-7.119,-38.232
12380,0.000,0.000,0.000,-7.119,-38.232
12381,0.000,0.000,0.000,-7.119,-38.232
12382,0.000,0.000,0.000,-7.119,-38.232
12383,0.000,0.000,0.000,-7.119,-38.232
12384,0.000,0.000,0.000,-7.119,-38.232
12385,0.000,0.000,0.000,-7.119,-38.232
12386,0.000,0.000,0.000,-7.119,-38.232
12387,0.000,0.000,0.000,-7.119,-38.232
12388,0.000,0.000,0.000,-7.119,-38.232
12389,0.000,0.000,0.000,-7.119,-38.232
12390,0.000,0.000,0.000,-7.119,-38.232
12391,0.000,0.000,0.000,-7.119,-38.232
12392,0.000,0.000,0.000,-7.119,-38.232
12393,0.000,0.000,0.000,-7.119,-38.232
12394,0.000,0.000,0.000,-7.119,-38.232
12395,0.000,0.000,0.000,-7.119,-38.232
12396,0.000,0.000,0.000,-7.119,-38.232
12397,0.000,0.000,0.000,-7.119,-38.232
12398,0.000,0.000,0.000,-7.119,-38.232
12399,0.000,0.000,0.000,-7.119,-38.232
12400,0.000,0.000,0.000,-7.119,-38.232
12401,0.000,0.000,0.000,-7.119,-38.232
12402,0.000,0.000,0.000,-7.119,-38.232
12403,0.000,0.000,0.000,-7.119,-38.232
12404,0.000,0.000,0.000,-7.119,-38.232
12405,0.000,0.000,0.000,-7.119,-38.232
12406,0.000,0.000,0.000,-7.119,-38.232
12407,0.000,0.000,0.000,-7.119,-38.232
12408,0.000,0.000,0.000,-7.119,-38.232
12409,0.000,0.000,0.000,-7.119,-38.232
12410,0.000,0.000,0.000,-7.119,-38.232
12411,0.000,0.000,0.000,-7.119,-38.232
12412,0.000,0.000,0.000,-7.119,-38.232
12413,0.000,0.000,0.000,-7.119,-38.232
12414,0.000,0.000,0.000,-7.119,-38.232
12415,0.000,0.000,0.000,-7.119,-38.232
12416,0.000,0.000,0.000,-7.119,-38.232
12417,0.000,0.000,0.000,-7.119,-38.232
12418,0.000,0.000,0.000,-7.119,-38.232
12419,0.000,0.000,0.000,-7.119,-38.232
12420,0.000,0.000,0.000,-7.119,-38.232
12421,0.000,0.000,0.000,-7.119,-38.232
12422,0.000,0.000,0.000,-7.119,-38.232
12423,0.000,0.000,0.000,-7.119,-38.232
12424,0.000,0.000,0.000,-7.119,-38.232
12425,0.000,0.000,0.000,-7.119,-38.232
12426,0.000,0.000,0.000,-7.119,-38.232
12427,0.000,0.000,0.000,-7.119,-38.232
12428,0.000,0.000,0.000,-7.119,-38.232
12429,0.000,0.000,0.000,-7.119,-38.232
12430,0.000,0.000,0.000,-7.119,-38.232
12431,0.000,0.000,0.000,-7.119,-38.232
12432,0.000,0.000,0.000,-7.119,-38.232
12433,0.000,0.000,0.000,-7.119,-38.232
12434,0.000,0.000,0.000,-7.119,-38.232
12435,0.000,0.000,0.000,-7.119,-38.232
12436,0.000,0.000,0.000,-7.119,-38.232
12437,0.000,0.000,0.000,-7.119,-38.232
12438,0.000,0.000,0.000,-7.119,-38.232
12439,0.000,0.000,0.000,-7.119,-38.232
12440,0.000,0.000,0.000,-7.119,-38.232
12441,0.000,0.000,0.000,-7.119,-38.232
12442,0.000,0.000,0.000,-7.119,-38.232
12443,0.000,0.000,0.000,-7.119,-38.232
12444,0.000,0.000,0.000,-7.119,-38.232
12445,0.000,0.000,0.000,-7.119,-38.232
12446,0.000,0.000,0.000,-7.119,-38.232
12447,0.000,0.000,0.000,-7.119,-38.232
12448,0.000,0.000,0.000,-7.119,-38.232
12449,0.000,0.000,0.000,-7.119,-38.232
12450,0.000,0.000,0.000,-7.119,-38.232
12451,0.000,0.000,0.000,-7.119,-38.232
12452,0.000,0.000,0.000,-7.119,-38.232
12453,0.000,0.000,0.000,-7.119,-38.232
12454,0.000,0.000,0.000,-7.119,-38.232
12455,0.000,0.000,0.000,-7.119,-38.232
12456,0.000,0.000,0.000,-7.119,-38.232
12457,0.000,0.000,0.000,-7.119,-38.232
12458,0.000,0.000,0.000,-7.119,-38.232
12459,0.000,0.000,0.000,-7.119,-38.232
12460,0.000,0.000,0.000,-7.119,-38.232
12461,0.000,0.000,0.000,-7.119,-38.232
12462,0.000,0.000,0.000,-7.119,-38.232
12463,0.000,0.000,0.000,-7.119,-38.232
12464,0.000,0.000,0.000,-7.119,-38.232
12465,0.000,0.000,0.000,-7.119,-38.232
12466,0.000,0.000,0.000,-7.119,-38.232
12467,0.000,0.000,0.000,-7.119,-38.232
12468,0.000,0.000,0.000,-7.119,-38.232
12469,0.000,0.000,0.000,-7.119,-38.232
12470,0.000,0.000,0.000,-7.119,-38.232
12471,0.000,0.000,0.000,-7.119,-38.232
12472,0.000,0.000,0.000,-7.119,-38.232
12473,0.000,0.000,0.000,-7.119,-38.232
12474,0.000,0.000,0.000,-7.119,-38.232
12475,0.000,0.000,0.000,-7.119,-38.232
12476,0.000,0.000,0.000,-7.119,-38.232
12477,0.000,0.000,0.000,-7.119,-38.232
12478,0.000,0.000,0.000,-7.119,-38.232
12479,0.000,0.000,0.000,-7.119,-38.232
12480,0.000,0.000,0.000,-7.119,-38.232
12481,0.000,0.000,0.000,-7.119,-38.232
12482,0.000,0.000,0.000,-7.119,-38.232
12483,0.000,0.000,0.000,-7.119,-38.232
12484,0.000,0.000,0.000,-7.119,-38.232
12485,0.000,0.000,0.000,-7.119,-38.232
12486,0.000,0.000,0.000,-7.119,-38.232
12487,0.000,0.000,0.000,-7.119,-38.232
12488,0.000,0.000,0.000,-7.119,-38.232
12489,0.000,0.000,0.000,-7.119,-38.232
12490,0.000,0.000,0.000,-7.119,-38.232
12491,0.000,0.000,0.000,-7.119,-38.232
12492,0.000,0.000,0.000,-7.119,-38.232
12493,0.000,0.000,0.000,-7.119,-38.232
12494,0.000,0.000,0.000,-7.119,-38.232
12495,0.000,0.000,0.000,-7.119,-38.232
12496,0.000,0.000,0.000,-7.119,-38.232
12497,0.000,0.000,0.000,-7.119,-38.232
12498,0.000,0.000,0.000,-7.119,-38.232
12499,0.000,0.000,0.000,-7.119,-38.232
12500,0.000,0.000,0.000,-7.119,-38.232
12501,0.000,0.000,0.000,-7.119,-38.232
12502,0.000,0.000,0.000,-7.119,-38.232
12503,0.000,0.000,0.000,-7.119,-38.232
12504,0.000,0.000,0.000,-7.119,-38.232
12505,0.000,0.000,0.000,-7.119,-38.232
12506,0.000,0.000,0.000,-7.119,-38.232
12507,0.000,0.000,0.000,-7.119,-38.232
12508,0.000,0.000,0.000,-7.119,-38.232
12509,0.000,0.000,0.000,-7.119,-38.232
12510,0.000,0.000,0.000,-7.119,-38.232
12511,0.000,0.000,0.000,-7.119,-38.232
12512,0.000,0.000,0.000,-7.119,-38.232
12513,0.000,0.000,0.000,-7.119,-38.232
12514,0.000,0.000,0.000,-7.119,-38.232
12515,0.000,0.000,0.000,-7.119,-38.232
12516,0.000,0.000,0.000,-7.119,-38.232
12517,0.000,0.000,0.000,-7.119,-38.232
12518,0.000,0.000,0.000,-7.119,-38.232
12519,0.000,0.000,0.000,-7.119,-38.232
12520,0.000,0.000,0.000,-7.119,-38.232
12521,0.000,0.000,0.000,-7.119,-38.232
12522,0.000,0.000,0.000,-7.119,-38.232
12523,0.000,0.000,0.000,-7.119,-38.232
12524,0.000,0.000,0.000,-7.119,-38.232
12525,0.000,0.000,0.000,-7.119,-38.232
12526,0.000,0.000,0.000,-7.119,-38.232
12527,0.000,0.000,0.000,-7.119,-38.232
12528,0.000,0.000,0.000,-7.119,-38.232
12529,0.000,0.000,0.000,-7.119,-38.232
12530,0.000,0.000,0.000,-7.119,-38.232
12531,0.000,0.000,0.000,-7.119,-38.232
12532,0.000,0.000,0.000,-7.119,-38.232
12533,0.000,0.000,0.000,-7.119,-38.232
12534,0.000,0.000,0.000,-7.119,-38.232
12535,0.000,0.000,0.000,-7.119,-38.232
12536,0.000,0.000,0.000,-7.119,-38.232
12537,0.000,0.000,0.000,-7.119,-38.232
12538,0.000,0.000,0.000,-7.119,-38.232
12539,0.000,0.000,0.000,-7.119,-38.232
12540,0.000,0.000,0.000,-7.119,-38.232
12541,0.000,0.000,0.000,-7.119,-38.232
12542,0.000,0.000,0.000,-7.119,-38.232
12543,0.000,0.000,0.000,-7.119,-38.232
12544,0.000,0.000,0.000,-7.119,-38.232
12545,0.000,0.000,0.000,-7.119,-38.232
12546,0.000,0.000,0.000,-7.119,-38.232
12547,0.000,0.000,0.000,-7.119,-38.232
12548,0.000,0.000,0.000,-7.119,-38.232
12549,0.000,0.000,0.000,-7.119,-38.232
12550,0.000,0.000,0.000,-7.119,-38.232
12551,0.000,0.000,0.000,-7.119,-38.232
12552,0.000,0.000,0.000,-7.119,-38.232
12553,0.000,0.000,0.000,-7.119,-38.232
12554,0.000,0.000,0.000,-7.119,-38.232
12555,0.000,0.000,0.000,-7.119,-38.232
12556,0.000,0.000,0.000,-7.119,-38.232
12557,0.000,0.000,0.000,-7.119,-38.232
12558,0.000,0.000,0.000,-7.119,-38.232
12559,0.000,0.000,0.000,-7.119,-38.232
12560,0.000,0.000,0.000,-7.119,-38.232
12561,0.000,0.000,0.000,-7.031,-38.232
12562,0.000,0.000,0.000,-7.031,-38.232
12563,0.000,0.000,0.000,-7.031,-38.232
12564,0.000,0.000,0.000,-7.031,-38.232
12565,0.000,0.000,0.000,-7.031,-38.232
12566,0.000,0.000,0.000,-7.031,-38.232
12567,0.000,0.000,0.000,-7.031,-38.232
12568,0.000,0.000,0.000,-7.031,-38.232
12569,0.000,0.000,0.000,-7.031,-38.232
12570,0.000,0.000,0.000,-7.031,-38.232
12571,0.000,0.000,0.000,-7.031,-38.232
12572,0.000,0.000,0.000,-7.031,-38.232
12573,0.000,0.000,0.000,-7.031,-38.232
12574,0.000,0.000,0.000,-7.031,-38.232
12575,0.000,0.000,0.000,-7.031,-38.232
12576,0.000,0.000,0.000,-7.031,-38.232
12577,0.000,0.000,0.000,-7.031,-38.232
12578,0.000,0.000,0.000,-7.031,-38.232
12579,0.000,0.000,0.000,-7.031,-38.232
12580,0.000,0.000,0.000,-7.031,-38.232
12581,0.000,0.000,0.000,-7.031,-38.232
12582,0.000,0.000,0.000,-7.031,-38.232
12583,0.000,0.000,0.000,-7.031,-38.232
12584,0.000,0.000,0.000,-7.031,-38.232
12585,0.000,0.000,0.000,-7.031,-38.232
12586,0.000,0.000,0.000,-7.031,-38.232
12587,0.000,0.000,0.000,-7.031,-38.232
12588,0.000,0.000,0.000,-7.031,-38.232
12589,0.000,0.000,0.000,-7.031,-38.232
12590,0.000,0.000,0.000,-7.031,-38.232
12591,0.000,0.000,0.000,-7.031,-38.232
12592,0.000,0.000,0.000,-7.031,-38.232
12593,0.000,0.000,0.000,-7.031,-38.232
12594,0.000,0.000,0.000,-7.031,-38.232
12595,0.000,0.000,0.000,-7.031,-38.232
12596,0.000,0.000,0.000,-7.031,-38.232
12597,0.000,0.000,0.000,-7.031,-38.232
12598,0.000,0.000,0.000,-7.031,-38.232
12599,0.000,0.000,0.000,-7.031,-38.232
12600,0.000,0.000,0.000,-7.031,-38.232
12601,0.000,0.000,0.000,-7.031,-38.232
12602,0.000,0.000,0.000,-7.031,-38.232
12603,0.000,0.000,0.000,-7.031,-38.232
12604,0.000,0.000,0.000,-7.031,-38.232
12605,0.000,0.000,0.000,-7.031,-38.232
12606,0.000,0.000,0.000,-7.031,-38.232
12607,0.000,0.000,0.000,-7.031,-38.232
12608,0.000,0.000,0.000,-7.031,-38.232
12609,0.000,0.000,0.000,-7.031,-38.232
12610,0.000,0.000,0.000,-7.031,-38.232
12611,0.000,0.000,0.000,-7.031,-38.232
12612,0.000,0.000,0.000,-7.031,-38.232
12613,0.000,0.000,0.000,-7.031,-38.232
12614,0.000,0.000,0.000,-7.031,-38.232
12615,0.000,0.000,0.000,-7.031,-38.232
12616,0.000,0.000,0.000,-7.031,-38.232
12617,0.000,0.000,0.000,-7.031,-38.232
12618,0.000,0.000,0.000,-7.031,-38.232
12619,0.000,0.000,0.000,-7.031,-38.232
12620,0.000,0.000,0.000,-7.031,-38.232
12621,0.000,0.000,0.000,-7.031,-38.232
12622,0.000,0.000,0.000,-7.031,-38.232
12623,0.000,0.000,0.000,-7.031,-38.232
12624,0.000,0.000,0.000,-7.031,-38.232
12625,0.000,0.000,0.000,-7.031,-38.232
12626,0.000,0.000,0.000,-7.031,-38.232
12627,0.000,0.000,0.000,-7.031,-38.232
12628,0.000,0.000,0.000,-7.031,-38.232
12629,0.000,0.000,0.000,-7.031,-38.232
12630,0.000,0.000,0.000,-7.031,-38.232
12631,0.000,0.000,0.000,-7.031,-38.232
12632,0.000,0.000,0.000,-7.031,-38.232
12633,0.000,0.000,0.000,-7.031,-38.232
12634,0.000,0.000,0.000,-7.031,-38.232
12635,0.000,0.000,0.000,-7.031,-38.232
12636,0.000,0.000,0.000,-7.031,-38.232
12637,0.000,0.000,0.000,-7.031,-38.232
12638,0.000,0.000,0.000,-7.031,-38.232
12639,0.000,0.000,0.000,-7.031,-38.232
12640,0.000,0.000,0.000,-7.031,-38.232
12641,0.000,0.000,0.000,-7.031,-38.232
12642,0.000,0.000,0.000,-7.031,-38.232
12643,0.000,0.000,0.000,-7.031,-38.232
12644,0.000,0.000,0.000,-7.031,-38.232
12645,0.000,0.000,0.000,-7.031,-38.232
12646,0.000,0.000,0.000,-7.031,-38.232
12647,0.000,0.000,0.000,-7.031,-38.232
12648,0.000,0.000,0.000,-7.031,-38.232
12649,0.000,0.000,0.000,-7.031,-38.232
12650,0.000,0.000,0.000,-7.031,-38.232
12651,0.000,0.000,0.000,-7.031,-38.232
12652,0.000,0.000,0.000,-7.031,-38.232
12653,0.000,0.000,0.000,-7.031,-38.232
12654,0.000,0.000,0.000,-7.031,-38.232
12655,0.000,0.000,0.000,-7.031,-38.232
12656,0.000,0.000,0.000,-7.031,-38.232
12657,0.000,0.000,0.000,-7.031,-38.232
12658,0.000,0.000,0.000,-7.031,-38.232
12659,0.000,0.000,0.000,-7.031,-38.232
12660,0.000,0.000,0.000,-7.031,-38.232
12661,0.000,0.000,0.000,-7.031,-38.232
12662,0.000,0.000,0.000,-7.031,-38.232
12663,0.000,0.000,0.000,-7.031,-38.232
12664,0.000,0.000,0.000,-7.031,-38.232
12665,0.000,0.000,0.000,-7.031,-38.232
12666,0.000,0.000,0.000,-7.031,-38.232
12667,0.000,0.000,0.000,-7.031,-38.232
12668,0.000,0.000,0.000,-7.031,-38.232
12669,0.000,0.000,0.000,-7.031,-38.232
12670,0.000,0.000,0.000,-7.031,-38.232
12671,0.000,0.000,0.000,-7.031,-38.232
12672,0.000,0.000,0.000,-7.031,-38.232
12673,0.000,0.000,0.000,-7.031,-38.232
12674,0.000,0.000,0.000,-7.031,-38.232
12675,0.000,0.000,0.000,-7.031,-38.232
12676,0.000,0.000,0.000,-7.031,-38.232
12677,0.000,0.000,0.000,-7.031,-38.232
12678,0.000,0.000,0.000,-7.031,-38.232
12679,0.000,0.000,0.000,-7.031,-38.232
12680,0.000,0.000,0.000,-7.031,-38.232
12681,0.000,0.000,0.000,-7.031,-38.232
12682,0.000,0.000,0.000,-7.031,-38.232
12683,0.000,0.000,0.000,-7.031,-38.232
12684,0.000,0.000,0.000,-7.031,-38.232
12685,0.000,0.000,0.000,-7.031,-38.232
12686,0.000,0.000,0.000,-7.031,-38.232
12687,0.000,0.000,0.000,-7.031,-38.232
12688,0.000,0.000,0.000,-7.031,-38.232
12689,0.000,0.000,0.000,-7.031,-38.232
12690,0.000,0.000,0.000,-7.031,-38.232
12691,0.000,0.000,0.000,-7.031,-38.232
12692,0.000,0.000,0.000,-7.031,-38.232
12693,0.000,0.000,0.000,-7.031,-38.232
12694,0.000,0.000,0.000,-7.031,-38.232
12695,0.000,0.000,0.000,-7.031,-38.232
12696,0.000,0.000,0.000,-7.031,-38.232
12697,0.000,0.000,0.000,-7.031,-38.232
12698,0.000,0.000,0.000,-7.031,-38.232
12699,0.000,0.000,0.000,-7.031,-38.232
12700,0.000,0.000,0.000,-7.031,-38.232
12701,0.000,0.000,0.000,-7.031,-38.232
12702,0.000,0.000,0.000,-7.031,-38.232
12703,0.000,0.000,0.000,-7.031,-38.232
12704,0.000,0.000,0.000,-7.031,-38.232
12705,0.000,0.000,0.000,-7.031,-38.232
12706,0.000,0.000,0.000,-7.031,-38.232
12707,0.000,0.000,0.000,-7.031,-38.232
12708,0.000,0.000,0.000,-7.031,-38.232
12709,0.000,0.000,0.000,-7.031,-38.232
12710,0.000,0.000,0.000,-7.031,-38.232
12711,0.000,0.000,0.000,-7.031,-38.232
12712,0.000,0.000,0.000,-7.031,-38.232
12713,0.000,0.000,0.000,-7.031,-38.232
12714,0.000,0.000,0.000,-7.031,-38.232
12715,0.000,0.000,0.000,-7.031,-38.232
12716,0.000,0.000,0.000,-7.031,-38.232
12717,0.000,0.000,0.000,-7.031,-38.145
12718,0.000,0.000,0.000,-7.031,-38.145
12719,0.000,0.000,0.000,-7.031,-38.145
12720,0.000,0.000,0.000,-7.031,-38.145
12721,0.000,0.000,0.000,-7.031,-38.145
12722,0.000,0.000,0.000,-7.031,-38.145
12723,0.000,0.000,0.000,-7.031,-38.145
12724,0.000,0.000,0.000,-7.031,-38.145
12725,0.000,0.000,0.000,-7.031,-38.145
12726,0.000,0.000,0.000,-7.031,-38.145
12727,0.000,0.000,0.000,-7.031,-38.145
12728,0.000,0.000,0.000,-7.031,-38.145
12729,0.000,0.000,0.000,-7.031,-38.145
12730,0.000,0.000,0.000,-7.031,-38.145
12731,0.000,0.000,0.000,-7.031,-38.145
12732,0.000,0.000,0.000,-7.031,-38.145
12733,0.000,0.000,0.000,-7.031,-38.145
12734,0.000,0.000,0.000,-7.031,-38.145
12735,0.000,0.000,0.000,-7.031,-38.145
12736,0.000,0.000,0.000,-7.031,-38.145
12737,0.000,0.000,0.000,-7.031,-38.145
12738,0.000,0.000,0.000,-7.031,-38.145
12739,0.000,0.000,0.000,-7.031,-38.145
12740,0.000,0.000,0.000,-7.031,-38.145
12741,0.000,0.000,0.000,-7.031,-38.145
12742,0.000,0.000,0.000,-7.031,-38.145
12743,0.000,0.000,0.000,-7.031,-38.145
12744,0.000,0.000,0.000,-7.031,-38.145
12745,0.000,0.000,0.000,-7.031,-38.145
12746,0.000,0.000,0.000,-7.031,-38.145
12747,0.000,0.000,0.000,-7.031,-38.145
12748,0.000,0.000,0.000,-7.031,-38.145
12749,0.000,0.000,0.000,-7.031,-38.145
12750,0.000,0.000,0.000,-7.031,-38.145
12751,0.000,0.000,0.000,-7.031,-38.145
12752,0.000,0.000,0.000,-7.031,-38.145
12753,0.000,0.000,0.000,-7.031,-38.145
12754,0.000,0.000,0.000,-7.031,-38.145
12755,0.000,0.000,0.000,-7.031,-38.145
12756,0.000,0.000,0.000,-7.031,-38.145
12757,0.000,0.000,0.000,-7.031,-38.145
12758,0.000,0.000,0.000,-7.031,-38.145
12759,0.000,0.000,0.000,-7.031,-38.145
12760,0.000,0.000,0.000,-7.031,-38.145
12761,0.000,0.000,0.000,-7.031,-38.145
12762,0.000,0.000,0.000,-7.031,-38.145
12763,0.000,0.000,0.000,-7.031,-38.145
12764,0.000,0.000,0.000,-7.031,-38.145
12765,0.000,0.000,0.000,-7.031,-38.145
12766,0.000,0.000,0.000,-7.031,-38.145
12767,0.000,0.000,0.000,-7.031,-38.145
12768,0.000,0.000,0.000,-7.031,-38.145
12769,0.000,0.000,0.000,-7.031,-38.145
12770,0.000,0.000,0.000,-7.031,-38.145
12771,0.000,0.000,0.000,-7.031,-38.145
12772,0.000,0.000,0.000,-7.031,-38.145
12773,0.000,0.000,0.000,-7.031,-38.145
12774,0.000,0.000,0.000,-7.031,-38.145
12775,0.000,0.000,0.000,-7.031,-38.145
12776,0.000,0.000,0.000,-7.031,-38.145
12777,0.000,0.000,0.000,-7.031,-38.145
12778,0.000,0.000,0.000,-7.031,-38.145
12779,0.000,0.000,0.000,-7.031,-38.145
12780,0.000,0.000,0.000,-7.031,-38.145
12781,0.000,0.000,0.000,-7.031,-38.145
12782,0.000,0.000,0.000,-7.031,-38.145
12783,0.000,0.000,0.000,-7.031,-38.145
12784,0.000,0.000,0.000,-7.031,-38.145
12785,0.000,0.000,0.000,-7.031,-38.145
12786,0.000,0.000,0.000,-7.031,-38.145
12787,0.000,0.000,0.000,-7.031,-38.145
12788,0.000,0.000,0.000,-7.031,-38.145
12789,0.000,0.000,0.000,-7.031,-38.145
12790,0.000,0.000,0.000,-7.031,-38.145
12791,0.000,0.000,0.000,-7.031,-38.145
12792,0.000,0.000,0.000,-7.031,-38.145
12793,0.000,0.000,0.000,-7.031,-38.145
12794,0.000,0.000,0.000,-7.031,-38.145
12795,0.000,0.000,0.000,-7.031,-38.145
12796,0.000,0.000,0.000,-7.031,-38.145
12797,0.000,0.000,0.000,-7.031,-38.145
12798,0.000,0.000,0.000,-7.031,-38.145
12799,0.000,0.000,0.000,-7.031,-38.145
12800,0.000,0.000,0.000,-7.031,-38.145
12801,0.000,0.000,0.000,-7.031,-38.145
12802,0.000,0.000,0.000,-7.031,-38.145
12803,0.000,0.000,0.000,-7.031,-38.145
12804,0.000,0.000,0.000,-7.031,-38.145
12805,0.000,0.000,0.000,-7.031,-38.145
12806,0.000,0.000,0.000,-7.031,-38.145
12807,0.000,0.000,0.000,-7.031,-38.145
12808,0.000,0.000,0.000,-7.031,-38.145
12809,0.000,0.000,0.000,-7.031,-38.145
12810,0.000,0.000,0.000,-7.031,-38.145
12811,0.000,0.000,0.000,-7.031,-38.145
12812,0.000,0.000,0.000,-7.031,-38.145
12813,0.000,0.000,0.000,-7.031,-38.145
12814,0.000,0.000,0.000,-7.031,-38.145
12815,0.000,0.000,0.000,-7.031,-38.145
12816,0.000,0.000,0.000,-7.031,-38.145
12817,0.000,0.000,0.000,-7.031,-38.145
12818,0.000,0.000,0.000,-7.031,-38.145
12819,0.000,0.000,0.000,-7.031,-38.145
12820,0.000,0.000,0.000,-7.031,-38.145
12821,0.000,0.000,0.000,-7.031,-38.145
12822,0.000,0.000,0.000,-7.031,-38.145
12823,0.000,0.000,0.000,-7.031,-38.145
12824,0.000,0.000,0.000,-7.031,-38.145
12825,0.000,0.000,0.000,-7.031,-38.145
12826,0.000,0.000,0.000,-7.031,-38.145
12827,0.000,0.000,0.000,-7.031,-38.145
12828,0.000,0.000,0.000,-7.031,-38.145
12829,0.000,0.000,0.000,-7.031,-38.145
12830,0.000,0.000,0.000,-7.031,-38.145
12831,0.000,0.000,0.000,-7.031,-38.145
12832,0.000,0.000,0.000,-7.031,-38.145
12833,0.000,0.000,0.000,-7.031,-38.145
12834,0.000,0.000,0.000,-7.031,-38.145
12835,0.000,0.000,0.000,-7.031,-38.145
12836,0.000,0.000,0.000,-7.031,-38.145
12837,0.000,0.000,0.000,-7.031,-38.145
12838,0.000,0.000,0.000,-7.031,-38.145
12839,0.000,0.000,0.000,-7.031,-38.145
12840,0.000,0.000,0.000,-7.031,-38.145
12841,0.000,0.000,0.000,-7.031,-38.145
12842,0.000,0.000,0.000,-7.031,-38.145
12843,0.000,0.000,0.000,-7.031,-38.145
12844,0.000,0.000,0.000,-7.031,-38.145
12845,0.000,0.000,0.000,-7.031,-38.145
12846,0.000,0.000,0.000,-7.031,-38.145
12847,0.000,0.000,0.000,-7.031,-38.145
12848,0.000,0.000,0.000,-7.031,-38.145
12849,0.000,0.000,0.000,-7.031,-38.145
12850,0.000,0.000,0.000,-7.031,-38.145
12851,0.000,0.000,0.000,-7.031,-38.145
12852,0.000,0.000,0.000,-7.031,-38.145
12853,0.000,0.000,0.000,-7.031,-38.145
12854,0.000,0.000,0.000,-7.031,-38.145
12855,0.000,0.000,0.000,-7.031,-38.145
12856,0.000,0.000,0.000,-7.031,-38.145
12857,0.000,0.000,0.000,-7.031,-38.145
12858,0.000,0.000,0.000,-7.031,-38.145
12859,0.000,0.000,0.000,-7.031,-38.145
12860,0.000,0.000,0.000,-7.031,-38.145
12861,0.000,0.000,0.000,-7.031,-38.145
12862,0.000,0.000,0.000,-7.031,-38.145
12863,0.000,0.000,0.000,-7.031,-38.145
12864,0.000,0.000,0.000,-7.031,-38.145
12865,0.000,0.000,0.000,-7.031,-38.145
12866,0.000,0.000,0.000,-7.031,-38.145
12867,0.000,0.000,0.000,-7.031,-38.145
12868,0.000,0.000,0.000,-7.031,-38.145
12869,0.000,0.000,0.000,-7.031,-38.145
12870,0.000,0.000,0.000,-7.031,-38.145
12871,0.000,0.000,0.000,-7.031,-38.145
12872,0.000,0.000,0.000,-7.031,-38.145
12873,0.000,0.000,0.000,-7.031,-38.145
12874,0.000,0.000,0.000,-7.031,-38.145
12875,0.000,0.000,0.000,-7.031,-38.145
12876,0.000,0.000,0.000,-7.031,-38.145
12877,0.000,0.000,0.000,-7.031,-38.145
12878,0.000,0.000,0.000,-7.031,-38.145
12879,0.000,0.000,0.000,-7.031,-38.145
12880,0.000,0.000,0.000,-7.031,-38.145
12881,0.000,0.000,0.000,-7.031,-38.145
12882,0.000,0.000,0.000,-7.031,-38.145
12883,0.000,0.000,0.000,-7.031,-38.145
12884,0.000,0.000,0.000,-7.031,-38.145
12885,0.000,0.000,0.000,-7.031,-38.145
12886,0.000,0.000,0.000,-7.031,-38.145
12887,0.000,0.000,0.000,-7.031,-38.145
12888,0.000,0.000,0.000,-7.031,-38.145
12889,0.000,0.000,0.000,-7.031,-38.145
12890,0.000,0.000,0.000,-7.031,-38.145
12891,0.000,0.000,0.000,-7.031,-38.145
12892,0.000,0.000,0.000,-7.031,-38.145
12893,0.000,0.000,0.000,-7.031,-38.145
12894,0.000,0.000,0.000,-7.031,-38.145
12895,0.000,0.000,0.000,-7.031,-38.145
12896,0.000,0.000,0.000,-7.031,-38.145
12897,0.000,0.000,0.000,-7.031,-38.145
12898,0.000,0.000,0.000,-7.031,-38.145
12899,0.000,0.000,0.000,-7.031,-38.145
12900,0.000,0.000,0.000,-7.031,-38.145
12901,0.000,0.000,0.000,-7.031,-38.145
12902,0.000,0.000,0.000,-7.031,-38.145
12903,0.000,0.000,0.000,-7.031,-38.145
12904,0.000,0.000,0.000,-7.031,-38.145
12905,0.000,0.000,0.000,-7.031,-38.145
12906,0.000,0.000,0.000,-7.031,-38.145
12907,0.000,0.000,0.000,-7.031,-38.145
12908,0.000,0.000,0.000,-7.031,-38.145
12909,0.000,0.000,0.000,-7.031,-38.145
12910,0.000,0.000,0.000,-7.031,-38.145
12911,0.000,0.000,0.000,-7.031,-38.145
12912,0.000,0.000,0.000,-7.031,-38.145
12913,0.000,0.000,0.000,-7.031,-38.145
12914,0.000,0.000,0.000,-7.031,-38.145
12915,0.000,0.000,0.000,-7.031,-38.145
12916,0.000,0.000,0.000,-7.031,-38.145
12917,0.000,0.000,0.000,-7.031,-38.145
12918,0.000,0.000,0.000,-7.031,-38.145
12919,0.000,0.000,0.000,-7.031,-38.145
12920,0.000,0.000,0.000,-7.031,-38.145
12921,0.000,0.000,0.000,-7.031,-38.145
12922,0.000,0.000,0.000,-7.031,-38.145
12923,0.000,0.000,0.000,-7.031,-38.145
12924,0.000,0.000,0.000,-7.031,-38.145
12925,0.000,0.000,0.000,-7.031,-38.145
12926,0.000,0.000,0.000,-7.031,-38.145
12927,0.000,0.000,0.000,-7.031,-38.145
12928,0.000,0.000,0.000,-7.031,-38.145
12929,0.000,0.000,0.000,-7.031,-38.145
12930,0.000,0.000,0.000,-7.031,-38.145
12931,0.000,0.000,0.000,-7.031,-38.145
12932,0.000,0.000,0.000,-7.031,-38.145
12933,0.000,0.000,0.000,-7.031,-38.145
12934,0.000,0.000,0.000,-7.031,-38.145
12935,0.000,0.000,0.000,-7.031,-38.145
12936,0.000,0.000,0.000,-7.031,-38.145
12937,0.000,0.000,0.000,-7.031,-38.145
12938,0.000,0.000,0.000,-7.031,-38.145
12939,0.000,0.000,0.000,-7.031,-38.145
12940,0.000,0.000,0.000,-7.031,-38.145
12941,0.000,0.000,0.000,-7.031,-38.145
12942,0.000,0.000,0.000,-7.031,-38.145
12943,0.000,0.000,0.000,-7.031,-38.145
12944,0.000,0.000,0.000,-7.031,-38.145
12945,0.000,0.000,0.000,-7.031,-38.145
12946,0.000,0.000,0.000,-7.031,-38.145
12947,0.000,0.000,0.000,-7.031,-38.145
12948,0.000,0.000,0.000,-7.031,-38.145
12949,0.000,0.000,0.000,-7.031,-38.145
12950,0.000,0.000,0.000,-7.031,-38.145
12951,0.000,0.000,0.000,-7.031,-38.145
12952,0.000,0.000,0.000,-7.031,-38.145
12953,0.000,0.000,0.000,-7.031,-38.145
12954,0.000,0.000,0.000,-7.031,-38.145
12955,0.000,0.000,0.000,-7.031,-38.145
12956,0.000,0.000,0.000,-7.031,-38.145
12957,0.000,0.000,0.000,-7.031,-38.145
12958,0.000,0.000,0.000,-7.031,-38.145
12959,0.000,0.000,0.000,-7.031,-38.145
12960,0.000,0.000,0.000,-7.031,-38.145
12961,0.000,0.000,0.000,-7.031,-38.145
12962,0.000,0.000,0.000,-7.031,-38.145
12963,0.000,0.000,0.000,-7.031,-38.145
12964,0.000,0.000,0.000,-7.031,-38.145
12965,0.000,0.000,0.000,-7.031,-38.145
12966,0.000,0.000,0.000,-7.031,-38.145
12967,0.000,0.000,0.000,-7.031,-38.145
12968,0.000,0.000,0.000,-7.031,-38.145
12969,0.000,0.000,0.000,-7.031,-38.145
12970,0.000,0.000,0.000,-7.031,-38.145
12971,0.000,0.000,0.000,-7.031,-38.145
12972,0.000,0.000,0.000,-7.031,-38.145
12973,0.000,0.000,0.000,-7.031,-38.145
12974,0.000,0.000,0.000,-7.031,-38.145
12975,0.000,0.000,0.000,-7.031,-38.145
12976,0.000,0.000,0.000,-7.031,-38.145
12977,0.000,0.000,0.000,-7.031,-38.145
12978,0.000,0.000,0.000,-7.031,-38.145
12979,0.000,0.000,0.000,-7.031,-38.145
12980,0.000,0.000,0.000,-7.031,-38.145
12981,0.000,0.000,0.000,-7.031,-38.145
12982,0.000,0.000,0.000,-7.031,-38.145
12983,0.000,0.000,0.000,-7.031,-38.145
12984,0.000,0.000,0.000,-7.031,-38.145
12985,0.000,0.000,0.000,-7.031,-38.145
12986,0.000,0.000,0.000,-7.031,-38.145
12987,0.000,0.000,0.000,-7.031,-38.145
12988,0.000,0.000,0.000,-7.031,-38.145
12989,0.000,0.000,0.000,-7.031,-38.145
12990,0.000,0.000,0.000,-7.031,-38.145
12991,0.000,0.000,0.000,-7.031,-38.145
12992,0.000,0.000,0.000,-6.943,-38.145
12993,0.000,0.000,0.000,-6.943,-38.145
12994,0.000,0.000,0.000,-6.943,-38.145
12995,0.000,0.000,0.000,-6.943,-38.145
12996,0.000,0.000,0.000,-6.943,-38.145
12997,0.000,0.000,0.000,-6.943,-38.145
12998,0.000,0.000,0.000,-6.943,-38.145
12999,0.000,0.000,0.000,-6.943,-38.145
13000,0.000,0.000,0.000,-6.943,-38.145
13001,0.000,0.000,0.000,-6.943,-38.145
13002,0.000,0.000,0.000,-6.943,-38.145
13003,0.000,0.000,0.000,-6.943,-38.145
13004,0.000,0.000,0.000,-6.943,-38.145
13005,0.000,0.000,0.000,-6.943,-38.145
13006,0.000,0.000,0.000,-6.943,-38.145
13007,0.000,0.000,0.000,-6.943,-38.145
13008,0.000,0.000,0.000,-6.943,-38.145
13009,0.000,0.000,0.000,-6.943,-38.145
13010,0.000,0.000,0.000,-6.943,-38.145
13011,0.000,0.000,0.000,-6.943,-38.145
13012,0.000,0.000,0.000,-6.943,-38.145
13013,0.000,0.000,0.000,-6.943,-38.145
13014,0.000,0.000,0.000,-6.943,-38.145
13015,0.000,0.000,0.000,-6.943,-38.145
13016,0.000,0.000,0.000,-6.943,-38.145
13017,0.000,0.000,0.000,-6.943,-38.145
13018,0.000,0.000,0.000,-6.943,-38.145
13019,0.000,0.000,0.000,-6.943,-38.145
13020,0.000,0.000,0.000,-6.943,-38.145
13021,0.000,0.000,0.000,-6.943,-38.145
13022,0.000,0.000,0.000,-6.943,-38.145
13023,0.000,0.000,0.000,-6.943,-38.145
13024,0.000,0.000,0.000,-6.943,-38.145
13025,0.000,0.000,0.000,-6.943,-38.145
13026,0.000,0.000,0.000,-6.943,-38.145
13027,0.000,0.000,0.000,-6.943,-38.145
13028,0.000,0.000,0.000,-6.943,-38.145
13029,0.000,0.000,0.000,-6.943,-38.145
13030,0.000,0.000,0.000,-6.943,-38.145
13031,0.000,0.000,0.000,-6.943,-38.145
13032,0.000,0.000,0.000,-6.943,-38.145
13033,0.000,0.000,0.000,-6.943,-38.145
13034,0.000,0.000,0.000,-6.943,-38.145
13035,0.000,0.000,0.000,-6.943,-38.145
13036,0.000,0.000,0.000,-6.943,-38.145
13037,0.000,0.000,0.000,-6.943,-38.145
13038,0.000,0.000,0.000,-6.943,-38.145
13039,0.000,0.000,0.000,-6.943,-38.145
13040,0.000,0.000,0.000,-6.943,-38.145
13041,0.000,0.000,0.000,-6.943,-38.145
13042,0.000,0.000,0.000,-6.943,-38.145
13043,0.000,0.000,0.000,-6.943,-38.145
13044,0.000,0.000,0.000,-6.943,-38.145
13045,0.000,0.000,0.000,-6.943,-38.145
13046,0.000,0.000,0.000,-6.943,-38.145
13047,0.000,0.000,0.000,-6.943,-38.145
13048,0.000,0.000,0.000,-6.943,-38.145
13049,0.000,0.000,0.000,-6.943,-38.145
13050,0.000,0.000,0.000,-6.943,-38.145
13051,0.000,0.000,0.000,-6.943,-38.145
13052,0.000,0.000,0.000,-6.943,-38.145
13053,0.000,0.000,0.000,-6.943,-38.145
13054,0.000,0.000,0.000,-6.943,-38.145
13055,0.000,0.000,0.000,-6.943,-38.145
13056,0.000,0.000,0.000,-6.943,-38.145
13057,0.000,0.000,0.000,-6.943,-38.145
13058,0.000,0.000,0.000,-6.943,-38.145
13059,0.000,0.000,0.000,-6.943,-38.145
13060,0.000,0.000,0.000,-6.943,-38.145
13061,0.000,0.000,0.000,-6.943,-38.145
13062,0.000,0.000,0.000,-6.943,-38.145
13063,0.000,0.000,0.000,-6.943,-38.145
13064,0.000,0.000,0.000,-6.943,-38.145
13065,0.000,0.000,0.000,-6.943,-38.145
13066,0.000,0.000,0.000,-6.943,-38.145
13067,0.000,0.000,0.000,-6.943,-38.145
13068,0.000,0.000,0.000,-6.943,-38.145
13069,0.000,0.000,0.000,-6.943,-38.145
13070,0.000,0.000,0.000,-6.943,-38.145
13071,0.000,0.000,0.000,-6.943,-38.145
13072,0.000,0.000,0.000,-6.943,-38.145
13073,0.000,0.000,0.000,-6.943,-38.145
13074,0.000,0.000,0.000,-6.943,-38.145
13075,0.000,0.000,0.000,-6.943,-38.145
13076,0.000,0.000,0.000,-6.943,-38.145
13077,0.000,0.000,0.000,-6.943,-38.145
13078,0.000,0.000,0.000,-6.943,-38.145
13079,0.000,0.000,0.000,-6.943,-38.145
13080,0.000,0.000,0.000,-6.943,-38.145
13081,0.000,0.000,0.000,-6.943,-38.145
13082,0.000,0.000,0.000,-6.943,-38.145
13083,0.000,0.000,0.000,-6.943,-38.145
13084,0.000,0.000,0.000,-6.943,-38.145
13085,0.000,0.000,0.000,-6.943,-38.145
13086,0.000,0.000,0.000,-6.943,-38.145
13087,0.000,0.000,0.000,-6.943,-38.145
13088,0.000,0.000,0.000,-6.943,-38.145
13089,0.000,0.000,0.000,-6.943,-38.145
13090,0.000,0.000,0.000,-6.943,-38.145
13091,0.000,0.000,0.000,-6.943,-38.145
13092,0.000,0.000,0.000,-6.943,-38.057
13093,0.000,0.000,0.000,-6.943,-38.057
13094,0.000,0.000,0.000,-6.943,-38.057
13095,0.000,0.000,0.000,-6.943,-38.057
13096,0.000,0.000,0.000,-6.943,-38.057
13097,0.000,0.000,0.000,-6.943,-38.057
13098,0.000,0.000,0.000,-6.943,-38.057
13099,0.000,0.000,0.000,-6.943,-38.057
13100,0.000,0.000,0.000,-6.943,-38.057
13101,0.000,0.000,0.000,-6.943,-38.057
13102,0.000,0.000,0.000,-6.943,-38.057
13103,0.000,0.000,0.000,-6.943,-38.057
13104,0.000,0.000,0.000,-6.943,-38.057
13105,0.000,0.000,0.000,-6.943,-38.057
13106,0.000,0.000,0.000,-6.943,-38.057
13107,0.000,0.000,0.000,-6.943,-38.057
13108,0.000,0.000,0.000,-6.943,-38.057
13109,0.000,0.000,0.000,-6.943,-38.057
13110,0.000,0.000,0.000,-6.943,-38.057
13111,0.000,0.000,0.000,-6.943,-38.057
13112,0.000,0.000,0.000,-6.943,-38.057
13113,0.000,0.000,0.000,-6.943,-38.057
13114,0.000,0.000,0.000,-6.943,-38.057
13115,0.000,0.000,0.000,-6.943,-38.057
13116,0.000,0.000,0.000,-6.943,-38.057
13117,0.000,0.000,0.000,-6.943,-38.057
13118,0.000,0.000,0.000,-6.943,-38.057
13119,0.000,0.000,0.000,-6.943,-38.057
13120,0.000,0.000,0.000,-6.943,-38.057
13121,0.000,0.000,0.000,-6.943,-38.057
13122,0.000,0.000,0.000,-6.943,-38.057
13123,0.000,0.000,0.000,-6.943,-38.057
13124,0.000,0.000,0.000,-6.943,-38.057
13125,0.000,0.000,0.000,-6.943,-38.057
13126,0.000,0.000,0.000,-6.943,-38.057
13127,0.000,0.000,0.000,-6.943,-38.057
13128,0.000,0.000,0.000,-6.943,-38.057
13129,0.000,0.000,0.000,-6.943,-38.057
13130,0.000,0.000,0.000,-6.943,-38.057
13131,0.000,0.000,0.000,-6.943,-38.057
13132,0.000,0.000,0.000,-6.943,-38.057
13133,0.000,0.000,0.000,-6.943,-38.057
13134,0.000,0.000,0.000,-6.943,-38.057
13135,0.000,0.000,0.000,-6.943,-38.057
13136,0.000,0.000,0.000,-6.943,-38.057
13137,0.000,0.000,0.000,-6.943,-38.057
13138,0.000,0.000,0.000,-6.943,-38.057
13139,0.000,0.000,0.000,-6.943,-38.057
13140,0.000,0.000,0.000,-6.943,-38.057
13141,0.000,0.000,0.000,-6.943,-38.057
13142,0.000,0.000,0.000,-6.943,-38.057
13143,0.000,0.000,0.000,-6.943,-38.057
13144,0.000,0.000,0.000,-6.943,-38.057
13145,0.000,0.000,0.000,-6.943,-38.057
13146,0.000,0.000,0.000,-6.943,-38.057
13147,0.000,0.000,0.000,-6.943,-38.057
13148,0.000,0.000,0.000,-6.943,-38.057
13149,0.000,0.000,0.000,-6.943,-38.057
13150,0.000,0.000,0.000,-6.943,-38.057
13151,0.000,0.000,0.000,-6.943,-38.057
13152,0.000,0.000,0.000,-6.943,-38.057
13153,0.000,0.000,0.000,-6.943,-38.057
13154,0.000,0.000,0.000,-6.943,-38.057
13155,0.000,0.000,0.000,-6.943,-38.057
13156,0.000,0.000,0.000,-6.943,-38.057
13157,0.000,0.000,0.000,-6.943,-38.057
13158,0.000,0.000,0.000,-6.943,-38.057
13159,0.000,0.000,0.000,-6.943,-38.057
13160,0.000,0.000,0.000,-6.943,-38.057
13161,0.000,0.000,0.000,-6.943,-38.057
13162,0.000,0.000,0.000,-6.943,-38.057
13163,0.000,0.000,0.000,-6.943,-38.057
13164,0.000,0.000,0.000,-6.943,-38.057
13165,0.000,0.000,0.000,-6.943,-38.057
13166,0.000,0.000,0.000,-6.943,-38.057
13167,0.000,0.000,0.000,-6.943,-38.057
13168,0.000,0.000,0.000,-6.943,-38.057
13169,0.000,0.000,0.000,-6.943,-38.057
13170,0.000,0.000,0.000,-6.943,-38.057
13171,0.000,0.000,0.000,-6.943,-38.057
13172,0.000,0.000,0.000,-6.943,-38.057
13173,0.000,0.000,0.000,-6.943,-38.057
13174,0.000,0.000,0.000,-6.943,-38.057
13175,0.000,0.000,0.000,-6.943,-38.057
13176,0.000,0.000,0.000,-6.943,-38.057
13177,0.000,0.000,0.000,-6.943,-38.057
13178,0.000,0.000,0.000,-6.943,-38.057
13179,0.000,0.000,0.000,-6.943,-38.057
13180,0.000,0.000,0.000,-6.943,-38.057
13181,0.000,0.000,0.000,-6.943,-38.057
13182,0.000,0.000,0.000,-6.943,-38.057
13183,0.000,0.000,0.000,-6.943,-38.057
13184,0.000,0.000,0.000,-6.943,-38.057
13185,0.000,0.000,0.000,-6.943,-38.057
13186,0.000,0.000,0.000,-6.943,-38.057
13187,0.000,0.000,0.000,-6.943,-38.057
13188,0.000,0.000,0.000,-6.943,-38.057
13189,0.000,0.000,0.000,-6.943,-38.057
13190,0.000,0.000,0.000,-6.943,-38.057
13191,0.000,0.000,0.000,-6.943,-38.057
13192,0.000,0.000,0.000,-6.943,-38.057
13193,0.000,0.000,0.000,-6.943,-38.057
13194,0.000,0.000,0.000,-6.943,-38.057
13195,0.000,0.000,0.000,-6.943,-38.057
13196,0.000,0.000,0.000,-6.943,-38.057
13197,0.000,0.000,0.000,-6.943,-38.057
13198,0.000,0.000,0.000,-6.943,-38.057
13199,0.000,0.000,0.000,-6.943,-38.057
13200,0.000,0.000,0.000,-6.943,-38.057
13201,0.000,0.000,0.000,-6.943,-38.057
13202,0.000,0.000,0.000,-6.943,-38.057
13203,0.000,0.000,0.000,-6.943,-38.057
13204,0.000,0.000,0.000,-6.943,-38.057
13205,0.000,0.000,0.000,-6.943,-38.057
13206,0.000,0.000,0.000,-6.943,-38.057
13207,0.000,0.000,0.000,-6.943,-38.057
13208,0.000,0.000,0.000,-6.943,-38.057
13209,0.000,0.000,0.000,-6.943,-38.057
13210,0.000,0.000,0.000,-6.943,-38.057
13211,0.000,0.000,0.000,-6.943,-38.057
13212,0.000,0.000,0.000,-6.943,-38.057
13213,0.000,0.000,0.000,-6.943,-38.057
13214,0.000,0.000,0.000,-6.943,-38.057
13215,0.000,0.000,0.000,-6.943,-38.057
13216,0.000,0.000,0.000,-6.943,-38.057
13217,0.000,0.000,0.000,-6.943,-38.057
13218,0.000,0.000,0.000,-6.943,-38.057
13219,0.000,0.000,0.000,-6.943,-38.057
13220,0.000,0.000,0.000,-6.943,-38.057
13221,0.000,0.000,0.000,-6.943,-38.057
13222,0.000,0.000,0.000,-6.943,-38.057
13223,0.000,0.000,0.000,-6.943,-38.057
13224,0.000,0.000,0.000,-6.943,-38.057
13225,0.000,0.000,0.000,-6.943,-38.057
13226,0.000,0.000,0.000,-6.943,-38.057
13227,0.000,0.000,0.000,-6.943,-38.057
13228,0.000,0.000,0.000,-6.943,-38.057
13229,0.000,0.000,0.000,-6.943,-38.057
13230,0.000,0.000,0.000,-6.943,-38.057
13231,0.000,0.000,0.000,-6.943,-38.057
13232,0.000,0.000,0.000,-6.943,-38.057
13233,0.000,0.000,0.000,-6.943,-38.057
13234,0.000,0.000,0.000,-6.943,-38.057
13235,0.000,0.000,0.000,-6.943,-38.057
13236,0.000,0.000,0.000,-6.943,-38.057
13237,0.000,0.000,0.000,-6.943,-38.057
13238,0.000,0.000,0.000,-6.943,-38.057
13239,0.000,0.000,0.000,-6.943,-38.057
13240,0.000,0.000,0.000,-6.943,-38.057
13241,0.000,0.000,0.000,-6.943,-38.057
13242,0.000,0.000,0.000,-6.943,-38.057
13243,0.000,0.000,0.000,-6.943,-38.057
13244,0.000,0.000,0.000,-6.943,-38.057
13245,0.000,0.000,0.000,-6.943,-38.057
13246,0.000,0.000,0.000,-6.943,-38.057
13247,0.000,0.000,0.000,-6.943,-38.057
13248,0.000,0.000,0.000,-6.943,-38.057
13249,0.000,0.000,0.000,-6.943,-38.057
13250,0.000,0.000,0.000,-6.943,-38.057
13251,0.000,0.000,0.000,-6.943,-38.057
13252,0.000,0.000,0.000,-6.943,-38.057
13253,0.000,0.000,0.000,-6.943,-38.057
13254,0.000,0.000,0.000,-6.943,-38.057
13255,0.000,0.000,0.000,-6.943,-38.057
13256,0.000,0.000,0.000,-6.943,-38.057
13257,0.000,0.000,0.000,-6.943,-38.057
13258,0.000,0.000,0.000,-6.943,-38.057
13259,0.000,0.000,0.000,-6.943,-38.057
13260,0.000,0.000,0.000,-6.943,-38.057
13261,0.000,0.000,0.000,-6.943,-38.057
13262,0.000,0.000,0.000,-6.943,-38.057
13263,0.000,0.000,0.000,-6.943,-38.057
13264,0.000,0.000,0.000,-6.943,-38.057
13265,0.000,0.000,0.000,-6.943,-38.057
13266,0.000,0.000,0.000,-6.943,-38.057
13267,0.000,0.000,0.000,-6.943,-38.057
13268,0.000,0.000,0.000,-6.943,-38.057
13269,0.000,0.000,0.000,-6.943,-38.057
13270,0.000,0.000,0.000,-6.943,-38.057
13271,0.000,0.000,0.000,-6.943,-38.057
13272,0.000,0.000,0.000,-6.943,-38.057
13273,0.000,0.000,0.000,-6.943,-38.057
13274,0.000,0.000,0.000,-6.943,-38.057
13275,0.000,0.000,0.000,-6.943,-38.057
13276,0.000,0.000,0.000,-6.943,-38.057
13277,0.000,0.000,0.000,-6.943,-38.057
13278,0.000,0.000,0.000,-6.943,-38.057
13279,0.000,0.000,0.000,-6.943,-38.057
13280,0.000,0.000,0.000,-6.943,-38.057
13281,0.000,0.000,0.000,-6.943,-38.057
13282,0.000,0.000,0.000,-6.943,-38.057
13283,0.000,0.000,0.000,-6.943,-38.057
13284,0.000,0.000,0.000,-6.943,-38.057
13285,0.000,0.000,0.000,-6.943,-38.057
13286,0.000,0.000,0.000,-6.943,-38.057
13287,0.000,0.000,0.000,-6.943,-38.057
13288,0.000,0.000,0.000,-6.943,-38.057
13289,0.000,0.000,0.000,-6.943,-38.057
13290,0.000,0.000,0.000,-6.943,-38.057
13291,0.000,0.000,0.000,-6.943,-38.057
13292,0.000,0.000,0.000,-6.943,-38.057
13293,0.000,0.000,0.000,-6.943,-38.057
13294,0.000,0.000,0.000,-6.943,-38.057
13295,0.000,0.000,0.000,-6.943,-38.057
13296,0.000,0.000,0.000,-6.943,-38.057
13297,0.000,0.000,0.000,-6.943,-38.057
13298,0.000,0.000,0.000,-6.943,-38.057
13299,0.000,0.000,0.000,-6.943,-38.057
13300,0.000,0.000,0.000,-6.943,-38.057
13301,0.000,0.000,0.000,-6.943,-38.057
13302,0.000,0.000,0.000,-6.943,-38.057
13303,0.000,0.000,0.000,-6.943,-38.057
13304,0.000,0.000,0.000,-6.943,-38.057
13305,0.000,0.000,0.000,-6.943,-38.057
13306,0.000,0.000,0.000,-6.943,-38.057
13307,0.000,0.000,0.000,-6.943,-38.057
13308,0.000,0.000,0.000,-6.943,-38.057
13309,0.000,0.000,0.000,-6.943,-38.057
13310,0.000,0.000,0.000,-6.943,-38.057
13311,0.000,0.000,0.000,-6.943,-38.057
13312,0.000,0.000,0.000,-6.943,-38.057
13313,0.000,0.000,0.000,-6.943,-38.057
13314,0.000,0.000,0.000,-6.943,-38.057
13315,0.000,0.000,0.000,-6.943,-38.057
13316,0.000,0.000,0.000,-6.943,-38.057
13317,0.000,0.000,0.000,-6.943,-38.057
13318,0.000,0.000,0.000,-6.943,-38.057
13319,0.000,0.000,0.000,-6.943,-38.057
13320,0.000,0.000,0.000,-6.943,-38.057
13321,0.000,0.000,0.000,-6.943,-38.057
13322,0.000,0.000,0.000,-6.943,-38.057
13323,0.000,0.000,0.000,-6.943,-38.057
13324,0.000,0.000,0.000,-6.943,-38.057
13325,0.000,0.000,0.000,-6.943,-38.057
13326,0.000,0.000,0.000,-6.943,-38.057
13327,0.000,0.000,0.000,-6.943,-38.057
13328,0.000,0.000,0.000,-6.943,-38.057
13329,0.000,0.000,0.000,-6.943,-38.057
13330,0.000,0.000,0.000,-6.943,-38.057
13331,0.000,0.000,0.000,-6.943,-38.057
13332,0.000,0.000,0.000,-6.943,-38.057
13333,0.000,0.000,0.000,-6.943,-38.057
13334,0.000,0.000,0.000,-6.943,-38.057
13335,0.000,0.000,0.000,-6.943,-38.057
13336,0.000,0.000,0.000,-6.943,-38.057
13337,0.000,0.000,0.000,-6.943,-38.057
13338,0.000,0.000,0.000,-6.943,-38.057
13339,0.000,0.000,0.000,-6.943,-38.057
13340,0.000,0.000,0.000,-6.943,-38.057
13341,0.000,0.000,0.000,-6.943,-38.057
13342,0.000,0.000,0.000,-6.943,-38.057
13343,0.000,0.000,0.000,-6.943,-38.057
13344,0.000,0.000,0.000,-6.943,-38.057
13345,0.000,0.000,0.000,-6.943,-38.057
13346,0.000,0.000,0.000,-6.943,-38.057
13347,0.000,0.000,0.000,-6.943,-38.057
13348,0.000,0.000,0.000,-6.943,-38.057
13349,0.000,0.000,0.000,-6.943,-38.057
13350,0.000,0.000,0.000,-6.943,-38.057
13351,0.000,0.000,0.000,-6.943,-38.057
13352,0.000,0.000,0.000,-6.943,-38.057
13353,0.000,0.000,0.000,-6.943,-38.057
13354,0.000,0.000,0.000,-6.943,-38.057
13355,0.000,0.000,0.000,-6.943,-38.057
13356,0.000,0.000,0.000,-6.943,-38.057
13357,0.000,0.000,0.000,-6.943,-38.057
13358,0.000,0.000,0.000,-6.943,-38.057
13359,0.000,0.000,0.000,-6.943,-38.057
13360,0.000,0.000,0.000,-6.943,-38.057
13361,0.000,0.000,0.000,-6.943,-38.057
13362,0.000,0.000,0.000,-6.943,-38.057
13363,0.000,0.000,0.000,-6.943,-38.057
13364,0.000,0.000,0.000,-6.943,-38.057
13365,0.000,0.000,0.000,-6.943,-38.057
13366,0.000,0.000,0.000,-6.943,-38.057
13367,0.000,0.000,0.000,-6.943,-38.057
13368,0.000,0.000,0.000,-6.943,-38.057
13369,0.000,0.000,0.000,-6.943,-38.057
13370,0.000,0.000,0.000,-6.943,-38.057
13371,0.000,0.000,0.000,-6.943,-38.057
13372,0.000,0.000,0.000,-6.943,-38.057
13373,0.000,0.000,0.000,-6.943,-38.057
13374,0.000,0.000,0.000,-6.943,-38.057
13375,0.000,0.000,0.000,-6.943,-38.057
13376,0.000,0.000,0.000,-6.943,-38.057
13377,0.000,0.000,0.000,-6.943,-38.057
13378,0.000,0.000,0.000,-6.943,-38.057
13379,0.000,0.000,0.000,-6.943,-38.057
13380,0.000,0.000,0.000,-6.943,-38.057
13381,0.000,0.000,0.000,-6.943,-38.057
13382,0.000,0.000,0.000,-6.943,-38.057
13383,0.000,0.000,0.000,-6.943,-38.057
13384,0.000,0.000,0.000,-6.943,-38.057
13385,0.000,0.000,0.000,-6.943,-38.057
13386,0.000,0.000,0.000,-6.943,-38.057
13387,0.000,0.000,0.000,-6.943,-38.057
13388,0.000,0.000,0.000,-6.943,-38.057
13389,0.000,0.000,0.000,-6.943,-38.057
13390,0.000,0.000,0.000,-6.943,-38.057
13391,0.000,0.000,0.000,-6.943,-38.057
13392,0.000,0.000,0.000,-6.943,-38.057
13393,0.000,0.000,0.000,-6.943,-38.057
13394,0.000,0.000,0.000,-6.943,-38.057
13395,0.000,0.000,0.000,-6.943,-38.057
13396,0.000,0.000,0.000,-6.943,-38.057
13397,0.000,0.000,0.000,-6.943,-38.057
13398,0.000,0.000,0.000,-6.943,-38.057
13399,0.000,0.000,0.000,-6.943,-38.057
13400,0.000,0.000,0.000,-6.943,-38.057
13401,0.000,0.000,0.000,-6.943,-38.057
13402,0.000,0.000,0.000,-6.943,-38.057
13403,0.000,0.000,0.000,-6.943,-38.057
13404,0.000,0.000,0.000,-6.943,-38.057
13405,0.000,0.000,0.000,-6.943,-38.057
13406,0.000,0.000,0.000,-6.943,-38.057
13407,0.000,0.000,0.000,-6.943,-38.057
13408,0.000,0.000,0.000,-6.943,-38.057
13409,0.000,0.000,0.000,-6.943,-38.057
13410,0.000,0.000,0.000,-6.943,-38.057
13411,0.000,0.000,0.000,-6.943,-38.057
13412,0.000,0.000,0.000,-6.943,-38.057
13413,0.000,0.000,0.000,-6.943,-38.057
13414,0.000,0.000,0.000,-6.943,-38.057
13415,0.000,0.000,0.000,-6.943,-38.057
13416,0.000,0.000,0.000,-6.943,-38.057
13417,0.000,0.000,0.000,-6.943,-38.057
13418,0.000,0.000,0.000,-6.943,-38.057
13419,0.000,0.000,0.000,-6.943,-38.057
13420,0.000,0.000,0.000,-6.943,-38.057
13421,0.000,0.000,0.000,-6.943,-38.057
13422,0.000,0.000,0.000,-6.943,-38.057
13423,0.000,0.000,0.000,-6.943,-38.057
13424,0.000,0.000,0.000,-6.943,-38.057
13425,0.000,0.000,0.000,-6.943,-38.057
13426,0.000,0.000,0.000,-6.943,-38.057
13427,0.000,0.000,0.000,-6.943,-38.057
13428,0.000,0.000,0.000,-6.943,-38.057
13429,0.000,0.000,0.000,-6.943,-38.057
13430,0.000,0.000,0.000,-6.943,-38.057
13431,0.000,0.000,0.000,-6.943,-38.057
13432,0.000,0.000,0.000,-6.943,-38.057
13433,0.000,0.000,0.000,-6.943,-38.057
13434,0.000,0.000,0.000,-6.943,-38.057
13435,0.000,0.000,0.000,-6.943,-38.057
13436,0.000,0.000,0.000,-6.943,-38.057
13437,0.000,0.000,0.000,-6.943,-38.057
13438,0.000,0.000,0.000,-6.943,-38.057
13439,0.000,0.000,0.000,-6.943,-38.057
13440,0.000,0.000,0.000,-6.943,-38.057
13441,0.000,0.000,0.000,-6.943,-38.057
13442,0.000,0.000,0.000,-6.943,-38.057
13443,0.000,0.000,0.000,-6.943,-38.057
13444,0.000,0.000,0.000,-6.943,-38.057
13445,0.000,0.000,0.000,-6.943,-38.057
13446,0.000,0.000,0.000,-6.943,-38.057
13447,0.000,0.000,0.000,-6.943,-38.057
13448,0.000,0.000,0.000,-6.943,-38.057
13449,0.000,0.000,0.000,-6.943,-38.057
13450,0.000,0.000,0.000,-6.943,-38.057
13451,0.000,0.000,0.000,-6.943,-38.057
13452,0.000,0.000,0.000,-6.943,-38.057
13453,0.000,0.000,0.000,-6.943,-38.057
13454,0.000,0.000,0.000,-6.943,-38.057
13455,0.000,0.000,0.000,-6.943,-38.057
13456,0.000,0.000,0.000,-6.943,-38.057
13457,0.000,0.000,0.000,-6.943,-38.057
13458,0.000,0.000,0.000,-6.943,-38.057
13459,0.000,0.000,0.000,-6.943,-38.057
13460,0.000,0.000,0.000,-6.943,-38.057
13461,0.000,0.000,0.000,-6.943,-38.057
13462,0.000,0.000,0.000,-6.943,-38.057
13463,0.000,0.000,0.000,-6.943,-38.057
13464,0.000,0.000,0.000,-6.943,-38.057
13465,0.000,0.000,0.000,-6.943,-38.057
13466,0.000,0.000,0.000,-6.943,-38.057
13467,0.000,0.000,0.000,-6.943,-38.057
13468,0.000,0.000,0.000,-6.943,-38.057
13469,0.000,0.000,0.000,-6.943,-38.057
13470,0.000,0.000,0.000,-6.943,-38.057
13471,0.000,0.000,0.000,-6.943,-38.057
13472,0.000,0.000,0.000,-6.943,-38.057
13473,0.000,0.000,0.000,-6.943,-38.057
13474,0.000,0.000,0.000,-6.943,-38.057
13475,0.000,0.000,0.000,-6.943,-38.057
13476,0.000,0.000,0.000,-6.943,-38.057
13477,0.000,0.000,0.000,-6.943,-38.057
13478,0.000,0.000,0.000,-6.943,-38.057
13479,0.000,0.000,0.000,-6.943,-38.057
13480,0.000,0.000,0.000,-6.943,-38.057
13481,0.000,0.000,0.000,-6.943,-38.057
13482,0.000,0.000,0.000,-6.943,-38.057
13483,0.000,0.000,0.000,-6.943,-38.057
13484,0.000,0.000,0.000,-6.943,-38.057
13485,0.000,0.000,0.000,-6.943,-38.057
13486,0.000,0.000,0.000,-6.943,-38.057
13487,0.000,0.000,0.000,-6.943,-38.057
13488,0.000,0.000,0.000,-6.943,-38.057
13489,0.000,0.000,0.000,-6.943,-38.057
13490,0.000,0.000,0.000,-6.943,-38.057
13491,0.000,0.000,0.000,-6.943,-38.057
13492,0.000,0.000,0.000,-6.943,-38.057
13493,0.000,0.000,0.000,-6.943,-38.057
13494,0.000,0.000,0.000,-6.943,-38.057
13495,0.000,0.000,0.000,-6.943,-38.057
13496,0.000,0.000,0.000,-6.943,-38.057
13497,0.000,0.000,0.000,-6.943,-38.057
13498,0.000,0.000,0.000,-6.943,-38.057
13499,0.000,0.000,0.000,-6.943,-38.057
13500,0.000,0.000,0.000,-6.943,-38.057
13501,0.000,0.000,0.000,-6.943,-38.057
13502,0.000,0.000,0.000,-6.943,-38.057
13503,0.000,0.000,0.000,-6.943,-38.057
13504,0.000,0.000,0.000,-6.943,-38.057
13505,0.000,0.000,0.000,-6.943,-38.057
13506,0.000,0.000,0.000,-6.943,-38.057
13507,0.000,0.000,0.000,-6.943,-38.057
13508,0.000,0.000,0.000,-6.943,-38.057
13509,0.000,0.000,0.000,-6.943,-38.057
13510,0.000,0.000,0.000,-6.943,-38.057
13511,0.000,0.000,0.000,-6.943,-38.057
13512,0.000,0.000,0.000,-6.943,-38.057
13513,0.000,0.000,0.000,-6.943,-38.057
13514,0.000,0.000,0.000,-6.943,-38.057
13515,0.000,0.000,0.000,-6.943,-38.057
13516,0.000,0.000,0.000,-6.943,-38.057
13517,0.000,0.000,0.000,-6.943,-38.057
13518,0.000,0.000,0.000,-6.943,-38.057
13519,0.000,0.000,0.000,-6.943,-38.057
13520,0.000,0.000,0.000,-6.943,-38.057
13521,0.000,0.000,0.000,-6.943,-38.057
13522,0.000,0.000,0.000,-6.943,-38.057
13523,0.000,0.000,0.000,-6.943,-38.057
13524,0.000,0.000,0.000,-6.943,-38.057
13525,0.000,0.000,0.000,-6.943,-38.057
13526,0.000,0.000,0.000,-6.943,-38.057
13527,0.000,0.000,0.000,-6.943,-38.057
13528,0.000,0.000,0.000,-6.943,-38.057
13529,0.000,0.000,0.000,-6.943,-38.057
13530,0.000,0.000,0.000,-6.943,-38.057
13531,0.000,0.000,0.000,-6.943,-38.057
13532,0.000,0.000,0.000,-6.943,-38.057
13533,0.000,0.000,0.000,-6.943,-38.057
13534,0.000,0.000,0.000,-6.943,-38.057
13535,0.000,0.000,0.000,-6.943,-38.057
13536,0.000,0.000,0.000,-6.943,-38.057
13537,0.000,0.000,0.000,-6.943,-38.057
13538,0.000,0.000,0.000,-6.943,-38.057
13539,0.000,0.000,0.000,-6.943,-38.057
13540,0.000,0.000,0.000,-6.943,-38.057
13541,0.000,0.000,0.000,-6.943,-38.057
13542,0.000,0.000,0.000,-6.943,-38.057
13543,0.000,0.000,0.000,-6.943,-38.057
13544,0.000,0.000,0.000,-6.943,-38.057
13545,0.000,0.000,0.000,-6.943,-38.057
13546,0.000,0.000,0.000,-6.943,-38.057
13547,0.000,0.000,0.000,-6.943,-38.057
13548,0.000,0.000,0.000,-6.943,-38.057
13549,0.000,0.000,0.000,-6.943,-38.057
13550,0.000,0.000,0.000,-6.943,-38.057
13551,0.000,0.000,0.000,-6.943,-38.057
13552,0.000,0.000,0.000,-6.943,-38.057
13553,0.000,0.000,0.000,-6.943,-38.057
13554,0.000,0.000,0.000,-6.943,-38.057
13555,0.000,0.000,0.000,-6.943,-38.057
13556,0.000,0.000,0.000,-6.943,-38.057
13557,0.000,0.000,0.000,-6.943,-38.057
13558,0.000,0.000,0.000,-6.943,-38.057
13559,0.000,0.000,0.000,-6.943,-38.057
13560,0.000,0.000,0.000,-6.943,-38.057
13561,0.000,0.000,0.000,-6.943,-38.057
13562,0.000,0.000,0.000,-6.943,-38.057
13563,0.000,0.000,0.000,-6.943,-38.057
13564,0.000,0.000,0.000,-6.943,-38.057
13565,0.000,0.000,0.000,-6.943,-38.057
13566,0.000,0.000,0.000,-6.943,-38.057
13567,0.000,0.000,0.000,-6.943,-38.057
13568,0.000,0.000,0.000,-6.943,-38.057
13569,0.000,0.000,0.000,-6.943,-38.057
13570,0.000,0.000,0.000,-6.943,-38.057
13571,0.000,0.000,0.000,-6.943,-38.057
13572,0.000,0.000,0.000,-6.943,-38.057
13573,0.000,0.000,0.000,-6.943,-38.057
13574,0.000,0.000,0.000,-6.943,-38.057
13575,0.000,0.000,0.000,-6.943,-38.057
13576,0.000,0.000,0.000,-6.943,-38.057
13577,0.000,0.000,0.000,-6.943,-38.057
13578,0.000,0.000,0.000,-6.943,-38.057
13579,0.000,0.000,0.000,-6.943,-38.057
13580,0.000,0.000,0.000,-6.943,-38.057
13581,0.000,0.000,0.000,-6.943,-38.057
13582,0.000,0.000,0.000,-6.943,-38.057
13583,0.000,0.000,0.000,-6.943,-38.057
13584,0.000,0.000,0.000,-6.943,-38.057
13585,0.000,0.000,0.000,-6.943,-38.057
13586,0.000,0.000,0.000,-6.943,-38.057
13587,0.000,0.000,0.000,-6.943,-38.057
13588,0.000,0.000,0.000,-6.943,-38.057
13589,0.000,0.000,0.000,-6.943,-38.057
13590,0.000,0.000,0.000,-6.943,-38.057
13591,0.000,0.000,0.000,-6.943,-38.057
13592,0.000,0.000,0.000,-6.943,-38.057
13593,0.000,0.000,0.000,-6.943,-38.057
13594,0.000,0.000,0.000,-6.943,-38.057
13595,0.000,0.000,0.000,-6.943,-38.057
13596,0.000,0.000,0.000,-6.943,-38.057
13597,0.000,0.000,0.000,-6.943,-38.057
13598,0.000,0.000,0.000,-6.943,-38.057
13599,0.000,0.000,0.000,-6.943,-38.057
13600,0.000,0.000,0.000,-6.943,-38.057
13601,0.000,0.000,0.000,-6.943,-38.057
13602,0.000,0.000,0.000,-6.943,-38.057
13603,0.000,0.000,0.000,-6.943,-38.057
13604,0.000,0.000,0.000,-6.943,-38.057
13605,0.000,0.000,0.000,-6.943,-38.057
13606,0.000,0.000,0.000,-6.943,-38.057
13607,0.000,0.000,0.000,-6.943,-38.057
13608,0.000,0.000,0.000,-6.943,-38.057
13609,0.000,0.000,0.000,-6.943,-38.057
13610,0.000,0.000,0.000,-6.943,-38.057
13611,0.000,0.000,0.000,-6.943,-38.057
13612,0.000,0.000,0.000,-6.943,-38.057
13613,0.000,0.000,0.000,-6.943,-38.057
13614,0.000,0.000,0.000,-6.943,-38.057
13615,0.000,0.000,0.000,-6.943,-38.057
13616,0.000,0.000,0.000,-6.943,-38.057
13617,0.000,0.000,0.000,-6.943,-38.057
13618,0.000,0.000,0.000,-6.943,-38.057
13619,0.000,0.000,0.000,-6.943,-38.057
13620,0.000,0.000,0.000,-6.943,-38.057
13621,0.000,0.000,0.000,-6.943,-38.057
13622,0.000,0.000,0.000,-6.943,-38.057
13623,0.000,0.000,0.000,-6.943,-38.057
13624,0.000,0.000,0.000,-6.943,-38.057
13625,0.000,0.000,0.000,-6.943,-38.057
13626,0.000,0.000,0.000,-6.943,-38.057
13627,0.000,0.000,0.000,-6.943,-38.057
13628,0.000,0.000,0.000,-6.943,-38.057
13629,0.000,0.000,0.000,-6.943,-38.057
13630,0.000,0.000,0.000,-6.943,-38.057
13631,0.000,0.000,0.000,-6.943,-38.057
13632,0.000,0.000,0.000,-6.943,-38.057
13633,0.000,0.000,0.000,-6.943,-38.057
13634,0.000,0.000,0.000,-6.943,-38.057
13635,0.000,0.000,0.000,-6.943,-38.057
13636,0.000,0.000,0.000,-6.943,-38.057
13637,0.000,0.000,0.000,-6.943,-38.057
13638,0.000,0.000,0.000,-6.943,-38.057
13639,0.000,0.000,0.000,-6.943,-38.057
13640,0.000,0.000,0.000,-6.943,-38.057
13641,0.000,0.000,0.000,-6.943,-38.057
13642,0.000,0.000,0.000,-6.943,-38.057
13643,0.000,0.000,0.000,-6.943,-38.057
13644,0.000,0.000,0.000,-6.943,-38.057
13645,0.000,0.000,0.000,-6.943,-38.057
13646,0.000,0.000,0.000,-6.943,-38.057
13647,0.000,0.000,0.000,-6.943,-38.057
13648,0.000,0.000,0.000,-6.943,-38.057
13649,0.000,0.000,0.000,-6.943,-38.057
13650,0.000,0.000,0.000,-6.943,-38.057
13651,0.000,0.000,0.000,-6.943,-38.057
13652,0.000,0.000,0.000,-6.943,-38.057
13653,0.000,0.000,0.000,-6.943,-38.057
13654,0.000,0.000,0.000,-6.943,-38.057
13655,0.000,0.000,0.000,-6.943,-38.057
13656,0.000,0.000,0.000,-6.943,-38.057
13657,0.000,0.000,0.000,-6.943,-38.057
13658,0.000,0.000,0.000,-6.943,-38.057
13659,0.000,0.000,0.000,-6.943,-38.057
13660,0.000,0.000,0.000,-6.943,-38.057
13661,0.000,0.000,0.000,-6.943,-38.057
13662,0.000,0.000,0.000,-6.943,-38.057
13663,0.000,0.000,0.000,-6.943,-38.057
13664,0.000,0.000,0.000,-6.943,-38.057
13665,0.000,0.000,0.000,-6.943,-38.057
13666,0.000,0.000,0.000,-6.943,-38.057
13667,0.000,0.000,0.000,-6.943,-38.057
13668,0.000,0.000,0.000,-6.943,-38.057
13669,0.000,0.000,0.000,-6.943,-38.057
13670,0.000,0.000,0.000,-6.943,-38.057
13671,0.000,0.000,0.000,-6.943,-38.057
13672,0.000,0.000,0.000,-6.943,-38.057
13673,0.000,0.000,0.000,-6.943,-38.057
13674,0.000,0.000,0.000,-6.943,-38.057
13675,0.000,0.000,0.000,-6.943,-38.057
13676,0.000,0.000,0.000,-6.943,-38.057
13677,0.000,0.000,0.000,-6.943,-38.057
13678,0.000,0.000,0.000,-6.943,-38.057
13679,0.000,0.000,0.000,-6.943,-38.057
13680,0.000,0.000,0.000,-6.943,-38.057
13681,0.000,0.000,0.000,-6.943,-38.057
13682,0.000,0.000,0.000,-6.943,-38.057
13683,0.000,0.000,0.000,-6.943,-38.057
13684,0.000,0.000,0.000,-6.943,-38.057
13685,0.000,0.000,0.000,-6.943,-38.057
13686,0.000,0.000,0.000,-6.943,-38.057
13687,0.000,0.000,0.000,-6.943,-38.057
13688,0.000,0.000,0.000,-6.943,-38.057
13689,0.000,0.000,0.000,-6.943,-38.057
13690,0.000,0.000,0.000,-6.943,-38.057
13691,0.000,0.000,0.000,-6.943,-38.057
13692,0.000,0.000,0.000,-6.943,-38.057
13693,0.000,0.000,0.000,-6.943,-38.057
13694,0.000,0.000,0.000,-6.943,-38.057
13695,0.000,0.000,0.000,-6.943,-38.057
13696,0.000,0.000,0.000,-6.943,-38.057
13697,0.000,0.000,0.000,-6.943,-38.057
13698,0.000,0.000,0.000,-6.943,-38.057
13699,0.000,0.000,0.000,-6.943,-38.057
13700,0.000,0.000,0.000,-6.943,-38.057
13701,0.000,0.000,0.000,-6.943,-38.057
13702,0.000,0.000,0.000,-6.943,-38.057
13703,0.000,0.000,0.000,-6.943,-38.057
13704,0.000,0.000,0.000,-6.943,-38.057
13705,0.000,0.000,0.000,-6.943,-38.057
13706,0.000,0.000,0.000,-6.943,-38.057
13707,0.000,0.000,0.000,-6.943,-38.057
13708,0.000,0.000,0.000,-6.943,-38.057
13709,0.000,0.000,0.000,-6.943,-38.057
13710,0.000,0.000,0.000,-6.943,-38.057
13711,0.000,0.000,0.000,-6.943,-38.057
13712,0.000,0.000,0.000,-6.943,-38.057
13713,0.000,0.000,0.000,-6.943,-38.057
13714,0.000,0.000,0.000,-6.943,-38.057
13715,0.000,0.000,0.000,-6.943,-38.057
13716,0.000,0.000,0.000,-6.943,-38.057
13717,0.000,0.000,0.000,-6.943,-38.057
13718,0.000,0.000,0.000,-6.943,-38.057
13719,0.000,0.000,0.000,-6.943,-38.057
13720,0.000,0.000,0.000,-6.943,-38.057
13721,0.000,0.000,0.000,-6.943,-38.057
13722,0.000,0.000,0.000,-6.943,-38.057
13723,0.000,0.000,0.000,-6.943,-38.057
13724,0.000,0.000,0.000,-6.943,-38.057
13725,0.000,0.000,0.000,-6.943,-38.057
13726,0.000,0.000,0.000,-6.943,-38.057
13727,0.000,0.000,0.000,-6.943,-38.057
13728,0.000,0.000,0.000,-6.943,-38.057
13729,0.000,0.000,0.000,-6.943,-38.057
13730,0.000,0.000,0.000,-6.943,-38.057
13731,0.000,0.000,0.000,-6.943,-38.057
13732,0.000,0.000,0.000,-6.943,-38.057
13733,0.000,0.000,0.000,-6.943,-38.057
13734,0.000,0.000,0.000,-6.943,-38.057
13735,0.000,0.000,0.000,-6.943,-38.057
13736,0.000,0.000,0.000,-6.943,-38.057
13737,0.000,0.000,0.000,-6.943,-38.057
13738,0.000,0.000,0.000,-6.943,-38.057
13739,0.000,0.000,0.000,-6.943,-38.057
13740,0.000,0.000,0.000,-6.943,-38.057
13741,0.000,0.000,0.000,-6.943,-38.057
13742,0.000,0.000,0.000,-6.943,-38.057
13743,0.000,0.000,0.000,-6.943,-38.057
13744,0.000,0.000,0.000,-6.943,-38.057
13745,0.000,0.000,0.000,-6.943,-38.057
13746,0.000,0.000,0.000,-6.943,-38.057
13747,0.000,0.000,0.000,-6.943,-38.057
13748,0.000,0.000,0.000,-6.943,-38.057
13749,0.000,0.000,0.000,-6.943,-38.057
13750,0.000,0.000,0.000,-6.943,-38.057
13751,0.000,0.000,0.000,-6.943,-38.057
13752,0.000,0.000,0.000,-6.943,-38.057
13753,0.000,0.000,0.000,-6.943,-38.057
13754,0.000,0.000,0.000,-6.943,-38.057
13755,0.000,0.000,0.000,-6.943,-38.057
13756,0.000,0.000,0.000,-6.943,-38.057
13757,0.000,0.000,0.000,-6.943,-38.057
13758,0.000,0.000,0.000,-6.943,-38.057
13759,0.000,0.000,0.000,-6.943,-38.057
13760,0.000,0.000,0.000,-6.943,-38.057
13761,0.000,0.000,0.000,-6.943,-38.057
13762,0.000,0.000,0.000,-6.943,-38.057
13763,0.000,0.000,0.000,-6.943,-38.057
13764,0.000,0.000,0.000,-6.943,-38.057
13765,0.000,0.000,0.000,-6.943,-38.057
13766,0.000,0.000,0.000,-6.943,-38.057
13767,0.000,0.000,0.000,-6.943,-38.057
13768,0.000,0.000,0.000,-6.943,-38.057
13769,0.000,0.000,0.000,-6.943,-38.057
13770,0.000,0.000,0.000,-6.943,-38.057
13771,0.000,0.000,0.000,-6.943,-38.057
13772,0.000,0.000,0.000,-6.943,-38.057
13773,0.000,0.000,0.000,-6.943,-38.057
13774,0.000,0.000,0.000,-6.943,-38.057
13775,0.000,0.000,0.000,-6.943,-38.057
13776,0.000,0.000,0.000,-6.943,-38.057
13777,0.000,0.000,0.000,-6.943,-38.057
13778,0.000,0.000,0.000,-6.943,-38.057
13779,0.000,0.000,0.000,-6.943,-38.057
13780,0.000,0.000,0.000,-6.943,-38.057
13781,0.000,0.000,0.000,-6.943,-38.057
13782,0.000,0.000,0.000,-6.943,-38.057
13783,0.000,0.000,0.000,-6.943,-38.057
13784,0.000,0.000,0.000,-6.943,-38.057
13785,0.000,0.000,0.000,-6.943,-38.057
13786,0.000,0.000,0.000,-6.943,-38.057
13787,0.000,0.000,0.000,-6.943,-38.057
13788,0.000,0.000,0.000,-6.943,-38.057
13789,0.000,0.000,0.000,-6.943,-38.057
13790,0.000,0.000,0.000,-6.943,-38.057
13791,0.000,0.000,0.000,-6.943,-38.057
13792,0.000,0.000,0.000,-6.943,-38.057
13793,0.000,0.000,0.000,-6.943,-38.057
13794,0.000,0.000,0.000,-6.943,-38.057
13795,0.000,0.000,0.000,-6.943,-38.057
13796,0.000,0.000,0.000,-6.943,-38.057
13797,0.000,0.000,0.000,-6.943,-38.057
13798,0.000,0.000,0.000,-6.943,-38.057
13799,0.000,0.000,0.000,-6.943,-38.057
13800,0.000,0.000,0.000,-6.943,-38.057
13801,0.000,0.000,0.000,-6.943,-38.057
13802,0.000,0.000,0.000,-6.943,-38.057
13803,0.000,0.000,0.000,-6.943,-38.057
13804,0.000,0.000,0.000,-6.943,-38.057
13805,0.000,0.000,0.000,-6.943,-38.057
13806,0.000,0.000,0.000,-6.943,-38.057
13807,0.000,0.000,0.000,-6.943,-38.057
13808,0.000,0.000,0.000,-6.943,-38.057
13809,0.000,0.000,0.000,-6.943,-38.057
13810,0.000,0.000,0.000,-6.943,-38.057
13811,0.000,0.000,0.000,-6.943,-38.057
13812,0.000,0.000,0.000,-6.943,-38.057
13813,0.000,0.000,0.000,-6.943,-38.057
13814,0.000,0.000,0.000,-6.943,-38.057
13815,0.000,0.000,0.000,-6.943,-38.057
13816,0.000,0.000,0.000,-6.943,-38.057
13817,0.000,0.000,0.000,-6.943,-38.057
13818,0.000,0.000,0.000,-6.943,-38.057
13819,0.000,0.000,0.000,-6.943,-38.057
13820,0.000,0.000,0.000,-6.943,-38.057
13821,0.000,0.000,0.000,-6.943,-38.057
13822,0.000,0.000,0.000,-6.943,-38.057
13823,0.000,0.000,0.000,-6.943,-38.057
13824,0.000,0.000,0.000,-6.943,-38.057
13825,0.000,0.000,0.000,-6.943,-38.057
13826,0.000,0.000,0.000,-6.943,-38.057
13827,0.000,0.000,0.000,-6.943,-38.057
13828,0.000,0.000,0.000,-6.943,-38.057
13829,0.000,0.000,0.000,-6.943,-38.057
13830,0.000,0.000,0.000,-6.943,-38.057
13831,0.000,0.000,0.000,-6.943,-38.057
13832,0.000,0.000,0.000,-6.943,-38.057
13833,0.000,0.000,0.000,-6.943,-38.057
13834,0.000,0.000,0.000,-6.943,-38.057
13835,0.000,0.000,0.000,-6.943,-38.057
13836,0.000,0.000,0.000,-6.943,-38.057
13837,0.000,0.000,0.000,-6.943,-38.057
13838,0.000,0.000,0.000,-6.943,-38.057
13839,0.000,0.000,0.000,-6.943,-38.057
13840,0.000,0.000,0.000,-6.943,-38.057
13841,0.000,0.000,0.000,-6.943,-38.057
13842,0.000,0.000,0.000,-6.943,-38.057
13843,0.000,0.000,0.000,-6.943,-38.057
13844,0.000,0.000,0.000,-6.943,-38.057
13845,0.000,0.000,0.000,-6.943,-38.057
13846,0.000,0.000,0.000,-6.943,-38.057
13847,0.000,0.000,0.000,-6.943,-38.057
13848,0.000,0.000,0.000,-6.943,-38.057
13849,0.000,0.000,0.000,-6.943,-38.057
13850,0.000,0.000,0.000,-6.943,-38.057
13851,0.000,0.000,0.000,-6.943,-38.057
13852,0.000,0.000,0.000,-6.943,-38.057
13853,0.000,0.000,0.000,-6.943,-38.057
13854,0.000,0.000,0.000,-6.943,-38.057
13855,0.000,0.000,0.000,-6.943,-38.057
13856,0.000,0.000,0.000,-6.943,-38.057
13857,0.000,0.000,0.000,-6.943,-38.057
13858,0.000,0.000,0.000,-6.943,-38.057
13859,0.000,0.000,0.000,-6.943,-38.057
13860,0.000,0.000,0.000,-6.943,-38.057
13861,0.000,0.000,0.000,-6.943,-38.057
13862,0.000,0.000,0.000,-6.943,-38.057
13863,0.000,0.000,0.000,-6.943,-38.057
13864,0.000,0.000,0.000,-6.943,-38.057
13865,0.000,0.000,0.000,-6.943,-38.057
13866,0.000,0.000,0.000,-6.943,-38.057
13867,0.000,0.000,0.000,-6.855,-38.057
13868,0.000,0.000,0.000,-6.855,-38.057
13869,0.000,0.000,0.000,-6.855,-38.057
13870,0.000,0.000,0.000,-6.855,-38.057
13871,0.000,0.000,0.000,-6.855,-38.057
13872,0.000,0.000,0.000,-6.855,-38.057
13873,0.000,0.000,0.000,-6.855,-38.057
13874,0.000,0.000,0.000,-6.855,-38.057
13875,0.000,0.000,0.000,-6.855,-38.057
13876,0.000,0.000,0.000,-6.855,-38.057
13877,0.000,0.000,0.000,-6.855,-38.057
13878,0.000,0.000,0.000,-6.855,-38.057
13879,0.000,0.000,0.000,-6.855,-38.057
13880,0.000,0.000,0.000,-6.855,-38.057
13881,0.000,0.000,0.000,-6.855,-38.057
13882,0.000,0.000,0.000,-6.855,-38.057
13883,0.000,0.000,0.000,-6.855,-38.057
13884,0.000,0.000,0.000,-6.855,-38.057
13885,0.000,0.000,0.000,-6.855,-38.057
13886,0.000,0.000,0.000,-6.855,-38.057
13887,0.000,0.000,0.000,-6.855,-38.057
13888,0.000,0.000,0.000,-6.855,-38.057
13889,0.000,0.000,0.000,-6.855,-38.057
13890,0.000,0.000,0.000,-6.855,-38.057
13891,0.000,0.000,0.000,-6.855,-38.057
13892,0.000,0.000,0.000,-6.855,-38.057
13893,0.000,0.000,0.000,-6.855,-38.057
13894,0.000,0.000,0.000,-6.855,-38.057
13895,0.000,0.000,0.000,-6.855,-38.057
13896,0.000,0.000,0.000,-6.855,-38.057
13897,0.000,0.000,0.000,-6.855,-38.057
13898,0.000,0.000,0.000,-6.855,-38.057
13899,0.000,0.000,0.000,-6.855,-38.057
13900,0.000,0.000,0.000,-6.855,-38.057
13901,0.000,0.000,0.000,-6.855,-38.057
13902,0.000,0.000,0.000,-6.855,-38.057
13903,0.000,0.000,0.000,-6.855,-38.057
13904,0.000,0.000,0.000,-6.855,-38.057
13905,0.000,0.000,0.000,-6.855,-38.057
13906,0.000,0.000,0.000,-6.855,-38.057
13907,0.000,0.000,0.000,-6.855,-38.057
13908,0.000,0.000,0.000,-6.855,-38.057
13909,0.000,0.000,0.000,-6.855,-38.057
13910,0.000,0.000,0.000,-6.855,-38.057
13911,0.000,0.000,0.000,-6.855,-38.057
13912,0.000,0.000,0.000,-6.855,-38.057
13913,0.000,0.000,0.000,-6.855,-38.057
13914,0.000,0.000,0.000,-6.855,-38.057
13915,0.000,0.000,0.000,-6.855,-38.057
13916,0.000,0.000,0.000,-6.855,-38.057
13917,0.000,0.000,0.000,-6.855,-38.057
13918,0.000,0.000,0.000,-6.855,-38.057
13919,0.000,0.000,0.000,-6.855,-38.057
13920,0.000,0.000,0.000,-6.855,-38.057
13921,0.000,0.000,0.000,-6.855,-38.057
13922,0.000,0.000,0.000,-6.855,-38.057
13923,0.000,0.000,0.000,-6.855,-38.057
13924,0.000,0.000,0.000,-6.855,-38.057
13925,0.000,0.000,0.000,-6.855,-38.057
13926,0.000,0.000,0.000,-6.855,-38.057
13927,0.000,0.000,0.000,-6.855,-38.057
13928,0.000,0.000,0.000,-6.855,-38.057
13929,0.000,0.000,0.000,-6.855,-38.057
13930,0.000,0.000,0.000,-6.855,-38.057
13931,0.000,0.000,0.000,-6.855,-38.057
13932,0.000,0.000,0.000,-6.855,-38.057
13933,0.000,0.000,0.000,-6.855,-38.057
13934,0.000,0.000,0.000,-6.855,-38.057
13935,0.000,0.000,0.000,-6.855,-38.057
13936,0.000,0.000,0.000,-6.855,-38.057
13937,0.000,0.000,0.000,-6.855,-38.057
13938,0.000,0.000,0.000,-6.855,-38.057
13939,0.000,0.000,0.000,-6.855,-38.057
13940,0.000,0.000,0.000,-6.855,-38.057
13941,0.000,0.000,0.000,-6.855,-38.057
13942,0.000,0.000,0.000,-6.855,-38.057
13943,0.000,0.000,0.000,-6.855,-38.057
13944,0.000,0.000,0.000,-6.855,-38.057
13945,0.000,0.000,0.000,-6.855,-38.057
13946,0.000,0.000,0.000,-6.855,-38.057
13947,0.000,0.000,0.000,-6.855,-38.057
13948,0.000,0.000,0.000,-6.855,-38.057
13949,0.000,0.000,0.000,-6.855,-38.057
13950,0.000,0.000,0.000,-6.855,-38.057
13951,0.000,0.000,0.000,-6.855,-38.057
13952,0.000,0.000,0.000,-6.855,-38.057
13953,0.000,0.000,0.000,-6.855,-38.057
13954,0.000,0.000,0.000,-6.855,-38.057
13955,0.000,0.000,0.000,-6.855,-38.057
13956,0.000,0.000,0.000,-6.855,-38.057
13957,0.000,0.000,0.000,-6.855,-38.057
13958,0.000,0.000,0.000,-6.855,-38.057
13959,0.000,0.000,0.000,-6.855,-38.057
13960,0.000,0.000,0.000,-6.855,-38.057
13961,0.000,0.000,0.000,-6.855,-38.057
13962,0.000,0.000,0.000,-6.855,-38.057
13963,0.000,0.000,0.000,-6.855,-38.057
13964,0.000,0.000,0.000,-6.855,-38.057
13965,0.000,0.000,0.000,-6.855,-38.057
13966,0.000,0.000,0.000,-6.855,-38.057
13967,0.000,0.000,0.000,-6.855,-38.057
13968,0.000,0.000,0.000,-6.855,-38.057
13969,0.000,0.000,0.000,-6.855,-38.057
13970,0.000,0.000,0.000,-6.855,-38.057
13971,0.000,0.000,0.000,-6.855,-38.057
13972,0.000,0.000,0.000,-6.855,-38.057
13973,0.000,0.000,0.000,-6.855,-38.057
13974,0.000,0.000,0.000,-6.855,-38.057
13975,0.000,0.000,0.000,-6.855,-38.057
13976,0.000,0.000,0.000,-6.855,-38.057
13977,0.000,0.000,0.000,-6.855,-38.057
13978,0.000,0.000,0.000,-6.855,-38.057
13979,0.000,0.000,0.000,-6.855,-38.057
13980,0.000,0.000,0.000,-6.855,-38.057
13981,0.000,0.000,0.000,-6.855,-38.057
13982,0.000,0.000,0.000,-6.855,-38.057
13983,0.000,0.000,0.000,-6.855,-38.057
13984,0.000,0.000,0.000,-6.855,-38.057
13985,0.000,0.000,0.000,-6.855,-38.057
13986,0.000,0.000,0.000,-6.855,-38.057
13987,0.000,0.000,0.000,-6.855,-38.057
13988,0.000,0.000,0.000,-6.855,-38.057
13989,0.000,0.000,0.000,-6.855,-38.057
13990,0.000,0.000,0.000,-6.855,-38.057
13991,0.000,0.000,0.000,-6.855,-38.057
13992,0.000,0.000,0.000,-6.855,-38.057
13993,0.000,0.000,0.000,-6.855,-38.057
13994,0.000,0.000,0.000,-6.855,-38.057
13995,0.000,0.000,0.000,-6.855,-38.057
13996,0.000,0.000,0.000,-6.855,-38.057
13997,0.000,0.000,0.000,-6.855,-38.057
13998,0.000,0.000,0.000,-6.855,-38.057
13999,0.000,0.000,0.000,-6.855,-38.057
14000,0.000,0.000,0.000,-6.855,-38.057
14001,0.000,0.000,0.000,-6.855,-38.057
14002,0.000,0.000,0.000,-6.855,-38.057
14003,0.000,0.000,0.000,-6.855,-38.057
14004,0.000,0.000,0.000,-6.855,-38.057
14005,0.000,0.000,0.000,-6.855,-38.057
14006,0.000,0.000,0.000,-6.855,-38.057
14007,0.000,0.000,0.000,-6.855,-38.057
14008,0.000,0.000,0.000,-6.855,-38.057
14009,0.000,0.000,0.000,-6.855,-38.057
14010,0.000,0.000,0.000,-6.855,-38.057
14011,0.000,0.000,0.000,-6.855,-38.057
14012,0.000,0.000,0.000,-6.855,-38.057
14013,0.000,0.000,0.000,-6.855,-38.057
14014,0.000,0.000,0.000,-6.855,-38.057
14015,0.000,0.000,0.000,-6.855,-38.057
14016,0.000,0.000,0.000,-6.855,-38.057
14017,0.000,0.000,0.000,-6.855,-38.057
14018,0.000,0.000,0.000,-6.855,-38.057
14019,0.000,0.000,0.000,-6.855,-38.057
14020,0.000,0.000,0.000,-6.855,-38.057
14021,0.000,0.000,0.000,-6.855,-38.057
14022,0.000,0.000,0.000,-6.855,-38.057
14023,0.000,0.000,0.000,-6.855,-38.057
14024,0.000,0.000,0.000,-6.855,-38.057
14025,0.000,0.000,0.000,-6.855,-38.057
14026,0.000,0.000,0.000,-6.855,-38.057
14027,0.000,0.000,0.000,-6.855,-38.057
14028,0.000,0.000,0.000,-6.855,-38.057
14029,0.000,0.000,0.000,-6.855,-38.057
14030,0.000,0.000,0.000,-6.855,-38.057
14031,0.000,0.000,0.000,-6.855,-38.057
14032,0.000,0.000,0.000,-6.855,-38.057
14033,0.000,0.000,0.000,-6.855,-38.057
14034,0.000,0.000,0.000,-6.855,-38.057
14035,0.000,0.000,0.000,-6.855,-38.057
14036,0.000,0.000,0.000,-6.855,-38.057
14037,0.000,0.000,0.000,-6.855,-38.057
14038,0.000,0.000,0.000,-6.855,-38.057
14039,0.000,0.000,0.000,-6.855,-38.057
14040,0.000,0.000,0.000,-6.855,-38.057
14041,0.000,0.000,0.000,-6.855,-38.057
14042,0.000,0.000,0.000,-6.855,-38.057
14043,0.000,0.000,0.000,-6.855,-38.057
14044,0.000,0.000,0.000,-6.855,-38.057
14045,0.000,0.000,0.000,-6.855,-38.057
14046,0.000,0.000,0.000,-6.855,-38.057
14047,0.000,0.000,0.000,-6.855,-38.057
14048,0.000,0.000,0.000,-6.855,-38.057
14049,0.000,0.000,0.000,-6.855,-38.057
14050,0.000,0.000,0.000,-6.855,-38.057
14051,0.000,0.000,0.000,-6.855,-38.057
14052,0.000,0.000,0.000,-6.855,-38.057
14053,0.000,0.000,0.000,-6.855,-38.057
14054,0.000,0.000,0.000,-6.855,-38.057
14055,0.000,0.000,0.000,-6.855,-38.057
14056,0.000,0.000,0.000,-6.855,-38.057
14057,0.000,0.000,0.000,-6.855,-38.057
14058,0.000,0.000,0.000,-6.855,-38.057
14059,0.000,0.000,0.000,-6.855,-38.057
14060,0.000,0.000,0.000,-6.855,-38.057
14061,0.000,0.000,0.000,-6.855,-38.057
14062,0.000,0.000,0.000,-6.855,-38.057
14063,0.000,0.000,0.000,-6.855,-38.057
14064,0.000,0.000,0.000,-6.855,-38.057
14065,0.000,0.000,0.000,-6.855,-38.057
14066,0.000,0.000,0.000,-6.855,-38.057
14067,0.000,0.000,0.000,-6.855,-38.057
14068,0.000,0.000,0.000,-6.855,-38.057
14069,0.000,0.000,0.000,-6.855,-38.057
14070,0.000,0.000,0.000,-6.855,-38.057
14071,0.000,0.000,0.000,-6.855,-38.057
14072,0.000,0.000,0.000,-6.855,-38.057
14073,0.000,0.000,0.000,-6.855,-38.057
14074,0.000,0.000,0.000,-6.855,-38.057
14075,0.000,0.000,0.000,-6.855,-38.057
14076,0.000,0.000,0.000,-6.855,-38.057
14077,0.000,0.000,0.000,-6.855,-38.057
14078,0.000,0.000,0.000,-6.855,-38.057
14079,0.000,0.000,0.000,-6.855,-38.057
14080,0.000,0.000,0.000,-6.855,-38.057
14081,0.000,0.000,0.000,-6.855,-38.057
14082,0.000,0.000,0.000,-6.855,-38.057
14083,0.000,0.000,0.000,-6.855,-38.057
14084,0.000,0.000,0.000,-6.855,-38.057
14085,0.000,0.000,0.000,-6.855,-38.057
14086,0.000,0.000,0.000,-6.855,-38.057
14087,0.000,0.000,0.000,-6.855,-38.057
14088,0.000,0.000,0.000,-6.855,-38.057
14089,0.000,0.000,0.000,-6.855,-38.057
14090,0.000,0.000,0.000,-6.855,-38.057
14091,0.000,0.000,0.000,-6.855,-38.057
14092,0.000,0.000,0.000,-6.855,-38.057
14093,0.000,0.000,0.000,-6.855,-38.057
14094,0.000,0.000,0.000,-6.855,-38.057
14095,0.000,0.000,0.000,-6.855,-38.057
14096,0.000,0.000,0.000,-6.855,-38.057
14097,0.000,0.000,0.000,-6.855,-38.057
14098,0.000,0.000,0.000,-6.855,-38.057
14099,0.000,0.000,0.000,-6.855,-38.057
14100,0.000,0.000,0.000,-6.855,-38.057
14101,0.000,0.000,0.000,-6.855,-38.057
14102,0.000,0.000,0.000,-6.855,-38.057
14103,0.000,0.000,0.000,-6.855,-38.057
14104,0.000,0.000,0.000,-6.855,-38.057
14105,0.000,0.000,0.000,-6.855,-38.057
14106,0.000,0.000,0.000,-6.855,-38.057
14107,0.000,0.000,0.000,-6.855,-38.057
14108,0.000,0.000,0.000,-6.855,-38.057
14109,0.000,0.000,0.000,-6.855,-38.057
14110,0.000,0.000,0.000,-6.855,-38.057
14111,0.000,0.000,0.000,-6.855,-38.057
14112,0.000,0.000,0.000,-6.855,-38.057
14113,0.000,0.000,0.000,-6.855,-38.057
14114,0.000,0.000,0.000,-6.855,-38.057
14115,0.000,0.000,0.000,-6.855,-38.057
14116,0.000,0.000,0.000,-6.855,-38.057
14117,0.000,0.000,0.000,-6.855,-38.057
14118,0.000,0.000,0.000,-6.855,-38.057
14119,0.000,0.000,0.000,-6.855,-38.057
14120,0.000,0.000,0.000,-6.855,-38.057
14121,0.000,0.000,0.000,-6.855,-38.057
14122,0.000,0.000,0.000,-6.855,-38.057
14123,0.000,0.000,0.000,-6.855,-38.057
14124,0.000,0.000,0.000,-6.855,-38.057
14125,0.000,0.000,0.000,-6.855,-38.057
14126,0.000,0.000,0.000,-6.855,-38.057
14127,0.000,0.000,0.000,-6.855,-38.057
14128,0.000,0.000,0.000,-6.855,-38.057
14129,0.000,0.000,0.000,-6.855,-38.057
14130,0.000,0.000,0.000,-6.855,-38.057
14131,0.000,0.000,0.000,-6.855,-38.057
14132,0.000,0.000,0.000,-6.855,-38.057
14133,0.000,0.000,0.000,-6.855,-38.057
14134,0.000,0.000,0.000,-6.855,-38.057
14135,0.000,0.000,0.000,-6.855,-38.057
14136,0.000,0.000,0.000,-6.855,-38.057
14137,0.000,0.000,0.000,-6.855,-38.057
14138,0.000,0.000,0.000,-6.855,-38.057
14139,0.000,0.000,0.000,-6.855,-38.057
14140,0.000,0.000,0.000,-6.855,-38.057
14141,0.000,0.000,0.000,-6.855,-38.057
14142,0.000,0.000,0.000,-6.855,-38.057
14143,0.000,0.000,0.000,-6.855,-38.057
14144,0.000,0.000,0.000,-6.855,-38.057
14145,0.000,0.000,0.000,-6.855,-38.057
14146,0.000,0.000,0.000,-6.855,-38.057
14147,0.000,0.000,0.000,-6.855,-38.057
14148,0.000,0.000,0.000,-6.855,-38.057
14149,0.000,0.000,0.000,-6.855,-38.057
14150,0.000,0.000,0.000,-6.855,-38.057
14151,0.000,0.000,0.000,-6.855,-38.057
14152,0.000,0.000,0.000,-6.855,-38.057
14153,0.000,0.000,0.000,-6.855,-38.057
14154,0.000,0.000,0.000,-6.855,-38.057
14155,0.000,0.000,0.000,-6.855,-38.057
14156,0.000,0.000,0.000,-6.855,-38.057
14157,0.000,0.000,0.000,-6.855,-38.057
14158,0.000,0.000,0.000,-6.855,-38.057
14159,0.000,0.000,0.000,-6.855,-38.057
14160,0.000,0.000,0.000,-6.855,-38.057
14161,0.000,0.000,0.000,-6.855,-38.057
14162,0.000,0.000,0.000,-6.855,-38.057
14163,0.000,0.000,0.000,-6.855,-38.057
14164,0.000,0.000,0.000,-6.855,-38.057
14165,0.000,0.000,0.000,-6.855,-38.057
14166,0.000,0.000,0.000,-6.855,-38.057
14167,0.000,0.000,0.000,-6.855,-38.057
14168,0.000,0.000,0.000,-6.855,-38.057
14169,0.000,0.000,0.000,-6.855,-38.057
14170,0.000,0.000,0.000,-6.855,-38.057
14171,0.000,0.000,0.000,-6.855,-38.057
14172,0.000,0.000,0.000,-6.855,-38.057
14173,0.000,0.000,0.000,-6.855,-38.057
14174,0.000,0.000,0.000,-6.855,-38.057
14175,0.000,0.000,0.000,-6.855,-38.057
14176,0.000,0.000,0.000,-6.855,-38.057
14177,0.000,0.000,0.000,-6.855,-38.057
14178,0.000,0.000,0.000,-6.855,-38.057
14179,0.000,0.000,0.000,-6.855,-38.057
14180,0.000,0.000,0.000,-6.855,-38.057
14181,0.000,0.000,0.000,-6.855,-38.057
14182,0.000,0.000,0.000,-6.855,-38.057
14183,0.000,0.000,0.000,-6.855,-38.057
14184,0.000,0.000,0.000,-6.855,-38.057
14185,0.000,0.000,0.000,-6.855,-38.057
14186,0.000,0.000,0.000,-6.855,-38.057
14187,0.000,0.000,0.000,-6.855,-38.057
14188,0.000,0.000,0.000,-6.855,-38.057
14189,0.000,0.000,0.000,-6.855,-38.057
14190,0.000,0.000,0.000,-6.855,-38.057
14191,0.000,0.000,0.000,-6.855,-38.057
14192,0.000,0.000,0.000,-6.855,-38.057
14193,0.000,0.000,0.000,-6.855,-38.057
14194,0.000,0.000,0.000,-6.855,-38.057
14195,0.000,0.000,0.000,-6.855,-38.057
14196,0.000,0.000,0.000,-6.855,-38.057
14197,0.000,0.000,0.000,-6.855,-38.057
14198,0.000,0.000,0.000,-6.855,-38.057
14199,0.000,0.000,0.000,-6.855,-38.057
14200,0.000,0.000,0.000,-6.855,-38.057
14201,0.000,0.000,0.000,-6.855,-38.057
14202,0.000,0.000,0.000,-6.855,-38.057
14203,0.000,0.000,0.000,-6.855,-38.057
14204,0.000,0.000,0.000,-6.855,-38.057
14205,0.000,0.000,0.000,-6.855,-38.057
14206,0.000,0.000,0.000,-6.855,-38.057
14207,0.000,0.000,0.000,-6.855,-38.057
14208,0.000,0.000,0.000,-6.855,-38.057
14209,0.000,0.000,0.000,-6.855,-38.057
14210,0.000,0.000,0.000,-6.855,-38.057
14211,0.000,0.000,0.000,-6.855,-38.057
14212,0.000,0.000,0.000,-6.855,-38.057
14213,0.000,0.000,0.000,-6.855,-38.057
14214,0.000,0.000,0.000,-6.855,-38.057
14215,0.000,0.000,0.000,-6.855,-38.057
14216,0.000,0.000,0.000,-6.855,-38.057
14217,0.000,0.000,0.000,-6.855,-38.057
14218,0.000,0.000,0.000,-6.855,-38.057
14219,0.000,0.000,0.000,-6.855,-38.057
14220,0.000,0.000,0.000,-6.855,-38.057
14221,0.000,0.000,0.000,-6.855,-38.057
14222,0.000,0.000,0.000,-6.855,-38.057
14223,0.000,0.000,0.000,-6.855,-38.057
14224,0.000,0.000,0.000,-6.855,-38.057
14225,0.000,0.000,0.000,-6.855,-38.057
14226,0.000,0.000,0.000,-6.855,-38.057
14227,0.000,0.000,0.000,-6.855,-38.057
14228,0.000,0.000,0.000,-6.855,-38.057
14229,0.000,0.000,0.000,-6.855,-38.057
14230,0.000,0.000,0.000,-6.855,-38.057
14231,0.000,0.000,0.000,-6.855,-38.057
14232,0.000,0.000,0.000,-6.855,-38.057
14233,0.000,0.000,0.000,-6.855,-38.057
14234,0.000,0.000,0.000,-6.855,-38.057
14235,0.000,0.000,0.000,-6.855,-38.057
14236,0.000,0.000,0.000,-6.855,-38.057
14237,0.000,0.000,0.000,-6.855,-38.057
14238,0.000,0.000,0.000,-6.855,-38.057
14239,0.000,0.000,0.000,-6.855,-38.057
14240,0.000,0.000,0.000,-6.855,-38.057
14241,0.000,0.000,0.000,-6.855,-38.057
14242,0.000,0.000,0.000,-6.855,-38.057
14243,0.000,0.000,0.000,-6.855,-38.057
14244,0.000,0.000,0.000,-6.855,-38.057
14245,0.000,0.000,0.000,-6.855,-38.057
14246,0.000,0.000,0.000,-6.855,-38.057
14247,0.000,0.000,0.000,-6.855,-38.057
14248,0.000,0.000,0.000,-6.855,-38.057
14249,0.000,0.000,0.000,-6.855,-38.057
14250,0.000,0.000,0.000,-6.855,-38.057
14251,0.000,0.000,0.000,-6.855,-38.057
14252,0.000,0.000,0.000,-6.855,-38.057
14253,0.000,0.000,0.000,-6.855,-38.057
14254,0.000,0.000,0.000,-6.855,-38.057
14255,0.000,0.000,0.000,-6.855,-38.057
14256,0.000,0.000,0.000,-6.855,-38.057
14257,0.000,0.000,0.000,-6.855,-38.057
14258,0.000,0.000,0.000,-6.855,-38.057
14259,0.000,0.000,0.000,-6.855,-38.057
14260,0.000,0.000,0.000,-6.855,-38.057
14261,0.000,0.000,0.000,-6.855,-38.057
14262,0.000,0.000,0.000,-6.855,-38.057
14263,0.000,0.000,0.000,-6.855,-38.057
14264,0.000,0.000,0.000,-6.855,-38.057
14265,0.000,0.000,0.000,-6.855,-38.057
14266,0.000,0.000,0.000,-6.855,-38.057
14267,0.000,0.000,0.000,-6.855,-38.057
14268,0.000,0.000,0.000,-6.855,-38.057
14269,0.000,0.000,0.000,-6.855,-38.057
14270,0.000,0.000,0.000,-6.855,-38.057
14271,0.000,0.000,0.000,-6.855,-38.057
14272,0.000,0.000,0.000,-6.855,-38.057
14273,0.000,0.000,0.000,-6.855,-38.057
14274,0.000,0.000,0.000,-6.855,-38.057
14275,0.000,0.000,0.000,-6.855,-38.057
14276,0.000,0.000,0.000,-6.855,-38.057
14277,0.000,0.000,0.000,-6.855,-38.057
14278,0.000,0.000,0.000,-6.855,-38.057
14279,0.000,0.000,0.000,-6.855,-38.057
14280,0.000,0.000,0.000,-6.855,-38.057
14281,0.000,0.000,0.000,-6.855,-38.057
14282,0.000,0.000,0.000,-6.855,-38.057
14283,0.000,0.000,0.000,-6.855,-38.057
14284,0.000,0.000,0.000,-6.855,-38.057
14285,0.000,0.000,0.000,-6.855,-38.057
14286,0.000,0.000,0.000,-6.855,-38.057
14287,0.000,0.000,0.000,-6.855,-38.057
14288,0.000,0.000,0.000,-6.855,-38.057
14289,0.000,0.000,0.000,-6.855,-38.057
14290,0.000,0.000,0.000,-6.855,-38.057
14291,0.000,0.000,0.000,-6.855,-38.057
14292,0.000,0.000,0.000,-6.855,-38.057
14293,0.000,0.000,0.000,-6.855,-38.057
14294,0.000,0.000,0.000,-6.855,-38.057
14295,0.000,0.000,0.000,-6.855,-38.057
14296,0.000,0.000,0.000,-6.855,-38.057
14297,0.000,0.000,0.000,-6.855,-38.057
14298,0.000,0.000,0.000,-6.855,-38.057
14299,0.000,0.000,0.000,-6.855,-38.057
14300,0.000,0.000,0.000,-6.855,-38.057
14301,0.000,0.000,0.000,-6.855,-38.057
14302,0.000,0.000,0.000,-6.855,-38.057
14303,0.000,0.000,0.000,-6.855,-38.057
14304,0.000,0.000,0.000,-6.855,-38.057
14305,0.000,0.000,0.000,-6.855,-38.057
14306,0.000,0.000,0.000,-6.855,-38.057
14307,0.000,0.000,0.000,-6.855,-38.057
14308,0.000,0.000,0.000,-6.855,-38.057
14309,0.000,0.000,0.000,-6.855,-38.057
14310,0.000,0.000,0.000,-6.855,-38.057
14311,0.000,0.000,0.000,-6.855,-38.057
14312,0.000,0.000,0.000,-6.855,-38.057
14313,0.000,0.000,0.000,-6.855,-38.057
14314,0.000,0.000,0.000,-6.855,-38.057
14315,0.000,0.000,0.000,-6.855,-38.057
14316,0.000,0.000,0.000,-6.855,-38.057
14317,0.000,0.000,0.000,-6.855,-38.057
14318,0.000,0.000,0.000,-6.855,-38.057
14319,0.000,0.000,0.000,-6.855,-38.057
14320,0.000,0.000,0.000,-6.855,-38.057
14321,0.000,0.000,0.000,-6.855,-38.057
14322,0.000,0.000,0.000,-6.855,-38.057
14323,0.000,0.000,0.000,-6.855,-38.057
14324,0.000,0.000,0.000,-6.855,-38.057
14325,0.000,0.000,0.000,-6.855,-38.057
14326,0.000,0.000,0.000,-6.855,-38.057
14327,0.000,0.000,0.000,-6.855,-38.057
14328,0.000,0.000,0.000,-6.855,-38.057
14329,0.000,0.000,0.000,-6.855,-38.057
14330,0.000,0.000,0.000,-6.855,-38.057
14331,0.000,0.000,0.000,-6.855,-38.057
14332,0.000,0.000,0.000,-6.855,-38.057
14333,0.000,0.000,0.000,-6.855,-38.057
14334,0.000,0.000,0.000,-6.855,-38.057
14335,0.000,0.000,0.000,-6.855,-38.057
14336,0.000,0.000,0.000,-6.855,-38.057
14337,0.000,0.000,0.000,-6.855,-38.057
14338,0.000,0.000,0.000,-6.855,-38.057
14339,0.000,0.000,0.000,-6.855,-38.057
14340,0.000,0.000,0.000,-6.855,-38.057
14341,0.000,0.000,0.000,-6.855,-38.057
14342,0.000,0.000,0.000,-6.855,-38.057
14343,0.000,0.000,0.000,-6.855,-38.057
14344,0.000,0.000,0.000,-6.855,-38.057
14345,0.000,0.000,0.000,-6.855,-38.057
14346,0.000,0.000,0.000,-6.855,-38.057
14347,0.000,0.000,0.000,-6.855,-38.057
14348,0.000,0.000,0.000,-6.855,-38.057
14349,0.000,0.000,0.000,-6.855,-38.057
14350,0.000,0.000,0.000,-6.855,-38.057
14351,0.000,0.000,0.000,-6.855,-38.057
14352,0.000,0.000,0.000,-6.855,-38.057
14353,0.000,0.000,0.000,-6.855,-38.057
14354,0.000,0.000,0.000,-6.855,-38.057
14355,0.000,0.000,0.000,-6.855,-38.057
14356,0.000,0.000,0.000,-6.855,-38.057
14357,0.000,0.000,0.000,-6.855,-38.057
14358,0.000,0.000,0.000,-6.855,-38.057
14359,0.000,0.000,0.000,-6.855,-38.057
14360,0.000,0.000,0.000,-6.855,-38.057
14361,0.000,0.000,0.000,-6.855,-38.057
14362,0.000,0.000,0.000,-6.855,-38.057
14363,0.000,0.000,0.000,-6.855,-37.969
14364,0.000,0.000,0.000,-6.855,-37.969
14365,0.000,0.000,0.000,-6.855,-37.969
14366,0.000,0.000,0.000,-6.855,-37.969
14367,0.000,0.000,0.000,-6.855,-37.969
14368,0.000,0.000,0.000,-6.855,-37.969
14369,0.000,0.000,0.000,-6.855,-37.969
14370,0.000,0.000,0.000,-6.855,-37.969
14371,0.000,0.000,0.000,-6.855,-37.969
14372,0.000,0.000,0.000,-6.855,-37.969
14373,0.000,0.000,0.000,-6.855,-37.969
14374,0.000,0.000,0.000,-6.855,-37.969
14375,0.000,0.000,0.000,-6.855,-37.969
14376,0.000,0.000,0.000,-6.855,-37.969
14377,0.000,0.000,0.000,-6.855,-37.969
14378,0.000,0.000,0.000,-6.855,-37.969
14379,0.000,0.000,0.000,-6.855,-37.969
14380,0.000,0.000,0.000,-6.855,-37.969
14381,0.000,0.000,0.000,-6.855,-37.969
14382,0.000,0.000,0.000,-6.855,-37.969
14383,0.000,0.000,0.000,-6.855,-37.969
14384,0.000,0.000,0.000,-6.855,-37.969
14385,0.000,0.000,0.000,-6.855,-37.969
14386,0.000,0.000,0.000,-6.855,-37.969
14387,0.000,0.000,0.000,-6.855,-37.969
14388,0.000,0.000,0.000,-6.855,-37.969
14389,0.000,0.000,0.000,-6.855,-37.969
14390,0.000,0.000,0.000,-6.855,-37.969
14391,0.000,0.000,0.000,-6.855,-37.969
14392,0.000,0.000,0.000,-6.855,-37.969
14393,0.000,0.000,0.000,-6.855,-37.969
14394,0.000,0.000,0.000,-6.855,-37.969
14395,0.000,0.000,0.000,-6.855,-37.969
14396,0.000,0.000,0.000,-6.855,-37.969
14397,0.000,0.000,0.000,-6.855,-37.969
14398,0.000,0.000,0.000,-6.855,-37.969
14399,0.000,0.000,0.000,-6.855,-37.969
14400,0.000,0.000,0.000,-6.855,-37.969
14401,0.000,0.000,0.000,-6.855,-37.969
14402,0.000,0.000,0.000,-6.855,-37.969
14403,0.000,0.000,0.000,-6.855,-37.969
14404,0.000,0.000,0.000,-6.855,-37.969
14405,0.000,0.000,0.000,-6.855,-37.969
14406,0.000,0.000,0.000,-6.855,-37.969
14407,0.000,0.000,0.000,-6.855,-37.969
14408,0.000,0.000,0.000,-6.855,-37.969
14409,0.000,0.000,0.000,-6.855,-37.969
14410,0.000,0.000,0.000,-6.855,-37.969
14411,0.000,0.000,0.000,-6.855,-37.969
14412,0.000,0.000,0.000,-6.855,-37.969
14413,0.000,0.000,0.000,-6.855,-37.969
14414,0.000,0.000,0.000,-6.855,-37.969
14415,0.000,0.000,0.000,-6.855,-37.969
14416,0.000,0.000,0.000,-6.855,-37.969
14417,0.000,0.000,0.000,-6.855,-37.969
14418,0.000,0.000,0.000,-6.855,-37.969
14419,0.000,0.000,0.000,-6.855,-37.969
14420,0.000,0.000,0.000,-6.855,-37.969
14421,0.000,0.000,0.000,-6.855,-37.969
14422,0.000,0.000,0.000,-6.855,-37.969
14423,0.000,0.000,0.000,-6.855,-37.969
14424,0.000,0.000,0.000,-6.855,-37.969
14425,0.000,0.000,0.000,-6.855,-37.969
14426,0.000,0.000,0.000,-6.855,-37.969
14427,0.000,0.000,0.000,-6.855,-37.969
14428,0.000,0.000,0.000,-6.855,-37.969
14429,0.000,0.000,0.000,-6.855,-37.969
14430,0.000,0.000,0.000,-6.855,-37.969
14431,0.000,0.000,0.000,-6.855,-37.969
14432,0.000,0.000,0.000,-6.855,-37.969
14433,0.000,0.000,0.000,-6.855,-37.969
14434,0.000,0.000,0.000,-6.855,-37.969
14435,0.000,0.000,0.000,-6.855,-37.969
14436,0.000,0.000,0.000,-6.855,-37.969
14437,0.000,0.000,0.000,-6.855,-37.969
14438,0.000,0.000,0.000,-6.855,-37.969
14439,0.000,0.000,0.000,-6.855,-37.969
14440,0.000,0.000,0.000,-6.855,-37.969
14441,0.000,0.000,0.000,-6.855,-37.969
14442,0.000,0.000,0.000,-6.855,-37.969
14443,0.000,0.000,0.000,-6.855,-37.969
14444,0.000,0.000,0.000,-6.855,-37.969
14445,0.000,0.000,0.000,-6.855,-37.969
14446,0.000,0.000,0.000,-6.855,-37.969
14447,0.000,0.000,0.000,-6.855,-37.969
14448,0.000,0.000,0.000,-6.855,-37.969
14449,0.000,0.000,0.000,-6.855,-37.969
14450,0.000,0.000,0.000,-6.855,-37.969
14451,0.000,0.000,0.000,-6.855,-37.969
14452,0.000,0.000,0.000,-6.855,-37.969
14453,0.000,0.000,0.000,-6.855,-37.969
14454,0.000,0.000,0.000,-6.855,-37.969
14455,0.000,0.000,0.000,-6.855,-37.969
14456,0.000,0.000,0.000,-6.855,-37.969
14457,0.000,0.000,0.000,-6.855,-37.969
14458,0.000,0.000,0.000,-6.855,-37.969
14459,0.000,0.000,0.000,-6.855,-37.969
14460,0.000,0.000,0.000,-6.855,-37.969
14461,0.000,0.000,0.000,-6.855,-37.969
14462,0.000,0.000,0.000,-6.855,-37.969
14463,0.000,0.000,0.000,-6.855,-37.969
14464,0.000,0.000,0.000,-6.855,-37.969
14465,0.000,0.000,0.000,-6.855,-37.969
14466,0.000,0.000,0.000,-6.855,-37.969
14467,0.000,0.000,0.000,-6.855,-37.969
14468,0.000,0.000,0.000,-6.855,-37.969
14469,0.000,0.000,0.000,-6.855,-37.969
14470,0.000,0.000,0.000,-6.855,-37.969
14471,0.000,0.000,0.000,-6.855,-37.969
14472,0.000,0.000,0.000,-6.855,-37.969
14473,0.000,0.000,0.000,-6.855,-37.969
14474,0.000,0.000,0.000,-6.855,-37.969
14475,0.000,0.000,0.000,-6.855,-37.969
14476,0.000,0.000,0.000,-6.855,-37.969
14477,0.000,0.000,0.000,-6.855,-37.969
14478,0.000,0.000,0.000,-6.855,-37.969
14479,0.000,0.000,0.000,-6.855,-37.969
14480,0.000,0.000,0.000,-6.855,-37.969
14481,0.000,0.000,0.000,-6.855,-37.969
14482,0.000,0.000,0.000,-6.855,-37.969
14483,0.000,0.000,0.000,-6.855,-37.969
14484,0.000,0.000,0.000,-6.855,-37.969
14485,0.000,0.000,0.000,-6.855,-37.969
14486,0.000,0.000,0.000,-6.855,-37.969
14487,0.000,0.000,0.000,-6.855,-37.969
14488,0.000,0.000,0.000,-6.855,-37.969
14489,0.000,0.000,0.000,-6.855,-37.969
14490,0.000,0.000,0.000,-6.855,-37.969
14491,0.000,0.000,0.000,-6.855,-37.969
14492,0.000,0.000,0.000,-6.855,-37.969
14493,0.000,0.000,0.000,-6.855,-37.969
14494,0.000,0.000,0.000,-6.855,-37.969
14495,0.000,0.000,0.000,-6.855,-37.969
14496,0.000,0.000,0.000,-6.855,-37.969
14497,0.000,0.000,0.000,-6.855,-37.969
14498,0.000,0.000,0.000,-6.855,-37.969
14499,0.000,0.000,0.000,-6.855,-37.969
14500,0.000,0.000,0.000,-6.855,-37.969
14501,0.000,0.000,0.000,-6.855,-37.969
14502,0.000,0.000,0.000,-6.855,-37.969
14503,0.000,0.000,0.000,-6.855,-37.969
14504,0.000,0.000,0.000,-6.855,-37.969
14505,0.000,0.000,0.000,-6.855,-37.969
14506,0.000,0.000,0.000,-6.855,-37.969
14507,0.000,0.000,0.000,-6.855,-37.969
14508,0.000,0.000,0.000,-6.855,-37.969
14509,0.000,0.000,0.000,-6.855,-37.969
14510,0.000,0.000,0.000,-6.855,-37.969
14511,0.000,0.000,0.000,-6.855,-37.969
14512,0.000,0.000,0.000,-6.855,-37.969
14513,0.000,0.000,0.000,-6.855,-37.969
14514,0.000,0.000,0.000,-6.855,-37.969
14515,0.000,0.000,0.000,-6.855,-37.969
14516,0.000,0.000,0.000,-6.855,-37.969
14517,0.000,0.000,0.000,-6.855,-37.969
14518,0.000,0.000,0.000,-6.855,-37.969
14519,0.000,0.000,0.000,-6.855,-37.969
14520,0.000,0.000,0.000,-6.855,-37.969
14521,0.000,0.000,0.000,-6.855,-37.969
14522,0.000,0.000,0.000,-6.855,-37.969
14523,0.000,0.000,0.000,-6.855,-37.969
14524,0.000,0.000,0.000,-6.855,-37.969
14525,0.000,0.000,0.000,-6.855,-37.969
14526,0.000,0.000,0.000,-6.855,-37.969
14527,0.000,0.000,0.000,-6.855,-37.969
14528,0.000,0.000,0.000,-6.855,-37.969
14529,0.000,0.000,0.000,-6.855,-37.969
14530,0.000,0.000,0.000,-6.855,-37.969
14531,0.000,0.000,0.000,-6.855,-37.969
14532,0.000,0.000,0.000,-6.855,-37.969
14533,0.000,0.000,0.000,-6.855,-37.969
14534,0.000,0.000,0.000,-6.855,-37.969
14535,0.000,0.000,0.000,-6.855,-37.969
14536,0.000,0.000,0.000,-6.855,-37.969
14537,0.000,0.000,0.000,-6.855,-37.969
14538,0.000,0.000,0.000,-6.855,-37.969
14539,0.000,0.000,0.000,-6.855,-37.969
14540,0.000,0.000,0.000,-6.855,-37.969
14541,0.000,0.000,0.000,-6.855,-37.969
14542,0.000,0.000,0.000,-6.855,-37.969
14543,0.000,0.000,0.000,-6.855,-37.969
14544,0.000,0.000,0.000,-6.855,-37.969
14545,0.000,0.000,0.000,-6.855,-37.969
14546,0.000,0.000,0.000,-6.855,-37.969
14547,0.000,0.000,0.000,-6.855,-37.969
14548,0.000,0.000,0.000,-6.855,-37.969
14549,0.000,0.000,0.000,-6.855,-37.969
14550,0.000,0.000,0.000,-6.855,-37.969
14551,0.000,0.000,0.000,-6.855,-37.969
14552,0.000,0.000,0.000,-6.855,-37.969
14553,0.000,0.000,0.000,-6.855,-37.969
14554,0.000,0.000,0.000,-6.855,-37.969
14555,0.000,0.000,0.000,-6.855,-37.969
14556,0.000,0.000,0.000,-6.855,-37.969
14557,0.000,0.000,0.000,-6.855,-37.969
14558,0.000,0.000,0.000,-6.855,-37.969
14559,0.000,0.000,0.000,-6.855,-37.969
14560,0.000,0.000,0.000,-6.855,-37.969
14561,0.000,0.000,0.000,-6.855,-37.969
14562,0.000,0.000,0.000,-6.855,-37.969
14563,0.000,0.000,0.000,-6.855,-37.969
14564,0.000,0.000,0.000,-6.855,-37.969
14565,0.000,0.000,0.000,-6.855,-37.969
14566,0.000,0.000,0.000,-6.855,-37.969
14567,0.000,0.000,0.000,-6.855,-37.969
14568,0.000,0.000,0.000,-6.855,-37.969
14569,0.000,0.000,0.000,-6.855,-37.969
14570,0.000,0.000,0.000,-6.855,-37.969
14571,0.000,0.000,0.000,-6.855,-37.969
14572,0.000,0.000,0.000,-6.855,-37.969
14573,0.000,0.000,0.000,-6.855,-37.969
14574,0.000,0.000,0.000,-6.855,-37.969
14575,0.000,0.000,0.000,-6.855,-37.969
14576,0.000,0.000,0.000,-6.855,-37.969
14577,0.000,0.000,0.000,-6.855,-37.969
14578,0.000,0.000,0.000,-6.855,-37.969
14579,0.000,0.000,0.000,-6.855,-37.969
14580,0.000,0.000,0.000,-6.855,-37.969
14581,0.000,0.000,0.000,-6.855,-37.969
14582,0.000,0.000,0.000,-6.855,-37.969
14583,0.000,0.000,0.000,-6.855,-37.969
14584,0.000,0.000,0.000,-6.855,-37.969
14585,0.000,0.000,0.000,-6.855,-37.969
14586,0.000,0.000,0.000,-6.855,-37.969
14587,0.000,0.000,0.000,-6.855,-37.969
14588,0.000,0.000,0.000,-6.855,-37.969
14589,0.000,0.000,0.000,-6.855,-37.969
14590,0.000,0.000,0.000,-6.855,-37.969
14591,0.000,0.000,0.000,-6.855,-37.969
14592,0.000,0.000,0.000,-6.855,-37.969
14593,0.000,0.000,0.000,-6.855,-37.969
14594,0.000,0.000,0.000,-6.855,-37.969
14595,0.000,0.000,0.000,-6.855,-37.969
14596,0.000,0.000,0.000,-6.855,-37.969
14597,0.000,0.000,0.000,-6.855,-37.969
14598,0.000,0.000,0.000,-6.855,-37.969
14599,0.000,0.000,0.000,-6.855,-37.969
14600,0.000,0.000,0.000,-6.855,-37.969
14601,0.000,0.000,0.000,-6.855,-37.969
14602,0.000,0.000,0.000,-6.855,-37.969
14603,0.000,0.000,0.000,-6.855,-37.969
14604,0.000,0.000,0.000,-6.855,-37.969
14605,0.000,0.000,0.000,-6.855,-37.969
14606,0.000,0.000,0.000,-6.855,-37.969
14607,0.000,0.000,0.000,-6.855,-37.969
14608,0.000,0.000,0.000,-6.855,-37.969
14609,0.000,0.000,0.000,-6.855,-37.969
14610,0.000,0.000,0.000,-6.855,-37.969
14611,0.000,0.000,0.000,-6.855,-37.969
14612,0.000,0.000,0.000,-6.855,-37.969
14613,0.000,0.000,0.000,-6.855,-37.969
14614,0.000,0.000,0.000,-6.855,-37.969
14615,0.000,0.000,0.000,-6.855,-37.969
14616,0.000,0.000,0.000,-6.855,-37.969
14617,0.000,0.000,0.000,-6.855,-37.969
14618,0.000,0.000,0.000,-6.855,-37.969
14619,0.000,0.000,0.000,-6.855,-37.969
14620,0.000,0.000,0.000,-6.855,-37.969
14621,0.000,0.000,0.000,-6.855,-37.969
14622,0.000,0.000,0.000,-6.855,-37.969
14623,0.000,0.000,0.000,-6.855,-37.969
14624,0.000,0.000,0.000,-6.855,-37.969
14625,0.000,0.000,0.000,-6.855,-37.969
14626,0.000,0.000,0.000,-6.855,-37.969
14627,0.000,0.000,0.000,-6.855,-37.969
14628,0.000,0.000,0.000,-6.855,-37.969
14629,0.000,0.000,0.000,-6.855,-37.969
14630,0.000,0.000,0.000,-6.855,-37.969
14631,0.000,0.000,0.000,-6.855,-37.969
14632,0.000,0.000,0.000,-6.855,-37.969
14633,0.000,0.000,0.000,-6.855,-37.969
14634,0.000,0.000,0.000,-6.855,-37.969
14635,0.000,0.000,0.000,-6.855,-37.969
14636,0.000,0.000,0.000,-6.855,-37.969
14637,0.000,0.000,0.000,-6.855,-37.969
14638,0.000,0.000,0.000,-6.855,-37.969
14639,0.000,0.000,0.000,-6.855,-37.969
14640,0.000,0.000,0.000,-6.855,-37.969
14641,0.000,0.000,0.000,-6.855,-37.969
14642,0.000,0.000,0.000,-6.855,-37.969
14643,0.000,0.000,0.000,-6.855,-37.969
14644,0.000,0.000,0.000,-6.855,-37.969
14645,0.000,0.000,0.000,-6.855,-37.969
14646,0.000,0.000,0.000,-6.855,-37.969
14647,0.000,0.000,0.000,-6.855,-37.969
14648,0.000,0.000,0.000,-6.855,-37.969
14649,0.000,0.000,0.000,-6.855,-37.969
14650,0.000,0.000,0.000,-6.855,-37.969
14651,0.000,0.000,0.000,-6.855,-37.969
14652,0.000,0.000,0.000,-6.855,-37.969
14653,0.000,0.000,0.000,-6.855,-37.969
14654,0.000,0.000,0.000,-6.855,-37.969
14655,0.000,0.000,0.000,-6.855,-37.969
14656,0.000,0.000,0.000,-6.855,-37.969
14657,0.000,0.000,0.000,-6.855,-37.969
14658,0.000,0.000,0.000,-6.855,-37.969
14659,0.000,0.000,0.000,-6.855,-37.969
14660,0.000,0.000,0.000,-6.855,-37.969
14661,0.000,0.000,0.000,-6.855,-37.969
14662,0.000,0.000,0.000,-6.855,-37.969
14663,0.000,0.000,0.000,-6.855,-37.969
14664,0.000,0.000,0.000,-6.855,-37.969
14665,0.000,0.000,0.000,-6.855,-37.969
14666,0.000,0.000,0.000,-6.855,-37.969
14667,0.000,0.000,0.000,-6.855,-37.969
14668,0.000,0.000,0.000,-6.855,-37.969
14669,0.000,0.000,0.000,-6.855,-37.969
14670,0.000,0.000,0.000,-6.855,-37.969
14671,0.000,0.000,0.000,-6.855,-37.969
14672,0.000,0.000,0.000,-6.855,-37.969
14673,0.000,0.000,0.000,-6.855,-37.969
14674,0.000,0.000,0.000,-6.855,-37.969
14675,0.000,0.000,0.000,-6.855,-37.969
14676,0.000,0.000,0.000,-6.855,-37.969
14677,0.000,0.000,0.000,-6.855,-37.969
14678,0.000,0.000,0.000,-6.855,-37.969
14679,0.000,0.000,0.000,-6.855,-37.969
14680,0.000,0.000,0.000,-6.855,-37.969
14681,0.000,0.000,0.000,-6.855,-37.969
14682,0.000,0.000,0.000,-6.855,-37.969
14683,0.000,0.000,0.000,-6.855,-37.969
14684,0.000,0.000,0.000,-6.855,-37.969
14685,0.000,0.000,0.000,-6.855,-37.969
14686,0.000,0.000,0.000,-6.855,-37.969
14687,0.000,0.000,0.000,-6.855,-37.969
14688,0.000,0.000,0.000,-6.855,-37.969
14689,0.000,0.000,0.000,-6.855,-37.969
14690,0.000,0.000,0.000,-6.855,-37.969
14691,0.000,0.000,0.000,-6.855,-37.969
14692,0.000,0.000,0.000,-6.855,-37.969
14693,0.000,0.000,0.000,-6.855,-37.969
14694,0.000,0.000,0.000,-6.855,-37.969
14695,0.000,0.000,0.000,-6.855,-37.969
14696,0.000,0.000,0.000,-6.855,-37.969
14697,0.000,0.000,0.000,-6.855,-37.969
14698,0.000,0.000,0.000,-6.855,-37.969
14699,0.000,0.000,0.000,-6.855,-37.969
14700,0.000,0.000,0.000,-6.855,-37.969
14701,0.000,0.000,0.000,-6.855,-37.969
14702,0.000,0.000,0.000,-6.855,-37.969
14703,0.000,0.000,0.000,-6.855,-37.969
14704,0.000,0.000,0.000,-6.855,-37.969
14705,0.000,0.000,0.000,-6.855,-37.969
14706,0.000,0.000,0.000,-6.855,-37.969
14707,0.000,0.000,0.000,-6.855,-37.969
14708,0.000,0.000,0.000,-6.855,-37.969
14709,0.000,0.000,0.000,-6.855,-37.969
14710,0.000,0.000,0.000,-6.855,-37.969
14711,0.000,0.000,0.000,-6.855,-37.969
14712,0.000,0.000,0.000,-6.855,-37.969
14713,0.000,0.000,0.000,-6.855,-37.969
14714,0.000,0.000,0.000,-6.855,-37.969
14715,0.000,0.000,0.000,-6.855,-37.969
14716,0.000,0.000,0.000,-6.855,-37.969
14717,0.000,0.000,0.000,-6.855,-37.969
14718,0.000,0.000,0.000,-6.855,-37.969
14719,0.000,0.000,0.000,-6.855,-37.969
14720,0.000,0.000,0.000,-6.855,-37.969
14721,0.000,0.000,0.000,-6.855,-37.969
14722,0.000,0.000,0.000,-6.855,-37.969
14723,0.000,0.000,0.000,-6.855,-37.969
14724,0.000,0.000,0.000,-6.855,-37.969
14725,0.000,0.000,0.000,-6.855,-37.969
14726,0.000,0.000,0.000,-6.855,-37.969
14727,0.000,0.000,0.000,-6.855,-37.969
14728,0.000,0.000,0.000,-6.855,-37.969
14729,0.000,0.000,0.000,-6.855,-37.969
14730,0.000,0.000,0.000,-6.855,-37.969
14731,0.000,0.000,0.000,-6.855,-37.969
14732,0.000,0.000,0.000,-6.855,-37.969
14733,0.000,0.000,0.000,-6.855,-37.969
14734,0.000,0.000,0.000,-6.855,-37.969
14735,0.000,0.000,0.000,-6.855,-37.969
14736,0.000,0.000,0.000,-6.855,-37.969
14737,0.000,0.000,0.000,-6.855,-37.969
14738,0.000,0.000,0.000,-6.855,-37.969
14739,0.000,0.000,0.000,-6.855,-37.969
14740,0.000,0.000,0.000,-6.855,-37.969
14741,0.000,0.000,0.000,-6.855,-37.969
14742,0.000,0.000,0.000,-6.855,-37.969
14743,0.000,0.000,0.000,-6.855,-37.969
14744,0.000,0.000,0.000,-6.855,-37.969
14745,0.000,0.000,0.000,-6.855,-37.969
14746,0.000,0.000,0.000,-6.855,-37.969
14747,0.000,0.000,0.000,-6.855,-37.969
14748,0.000,0.000,0.000,-6.855,-37.969
14749,0.000,0.000,0.000,-6.855,-37.969
14750,0.000,0.000,0.000,-6.855,-37.969
14751,0.000,0.000,0.000,-6.855,-37.969
14752,0.000,0.000,0.000,-6.855,-37.969
14753,0.000,0.000,0.000,-6.855,-37.969
14754,0.000,0.000,0.000,-6.855,-37.969
14755,0.000,0.000,0.000,-6.855,-37.969
14756,0.000,0.000,0.000,-6.855,-37.969
14757,0.000,0.000,0.000,-6.855,-37.969
14758,0.000,0.000,0.000,-6.855,-37.969
14759,0.000,0.000,0.000,-6.855,-37.969
14760,0.000,0.000,0.000,-6.855,-37.969
14761,0.000,0.000,0.000,-6.855,-37.969
14762,0.000,0.000,0.000,-6.855,-37.969
14763,0.000,0.000,0.000,-6.855,-37.969
14764,0.000,0.000,0.000,-6.855,-37.969
14765,0.000,0.000,0.000,-6.855,-37.969
14766,0.000,0.000,0.000,-6.855,-37.969
14767,0.000,0.000,0.000,-6.855,-37.969
14768,0.000,0.000,0.000,-6.855,-37.969
14769,0.000,0.000,0.000,-6.855,-37.969
14770,0.000,0.000,0.000,-6.855,-37.969
14771,0.000,0.000,0.000,-6.855,-37.969
14772,0.000,0.000,0.000,-6.855,-37.969
14773,0.000,0.000,0.000,-6.855,-37.969
14774,0.000,0.000,0.000,-6.855,-37.969
14775,0.000,0.000,0.000,-6.855,-37.969
14776,0.000,0.000,0.000,-6.855,-37.969
14777,0.000,0.000,0.000,-6.855,-37.969
14778,0.000,0.000,0.000,-6.855,-37.969
14779,0.000,0.000,0.000,-6.855,-37.969
14780,0.000,0.000,0.000,-6.855,-37.969
14781,0.000,0.000,0.000,-6.855,-37.969
14782,0.000,0.000,0.000,-6.855,-37.969
14783,0.000,0.000,0.000,-6.855,-37.969
14784,0.000,0.000,0.000,-6.855,-37.969
14785,0.000,0.000,0.000,-6.855,-37.969
14786,0.000,0.000,0.000,-6.855,-37.969
14787,0.000,0.000,0.000,-6.855,-37.969
14788,0.000,0.000,0.000,-6.855,-37.969
14789,0.000,0.000,0.000,-6.855,-37.969
14790,0.000,0.000,0.000,-6.855,-37.969
14791,0.000,0.000,0.000,-6.855,-37.969
14792,0.000,0.000,0.000,-6.855,-37.969
14793,0.000,0.000,0.000,-6.855,-37.969
14794,0.000,0.000,0.000,-6.855,-37.969
14795,0.000,0.000,0.000,-6.855,-37.969
14796,0.000,0.000,0.000,-6.855,-37.969
14797,0.000,0.000,0.000,-6.855,-37.969
14798,0.000,0.000,0.000,-6.855,-37.969
14799,0.000,0.000,0.000,-6.855,-37.969
14800,0.000,0.000,0.000,-6.855,-37.969
14801,0.000,0.000,0.000,-6.855,-37.969
14802,0.000,0.000,0.000,-6.855,-37.969
14803,0.000,0.000,0.000,-6.855,-37.969
14804,0.000,0.000,0.000,-6.855,-37.969
14805,0.000,0.000,0.000,-6.855,-37.969
14806,0.000,0.000,0.000,-6.855,-37.969
14807,0.000,0.000,0.000,-6.855,-37.969
14808,0.000,0.000,0.000,-6.855,-37.969
14809,0.000,0.000,0.000,-6.855,-37.969
14810,0.000,0.000,0.000,-6.855,-37.969
14811,0.000,0.000,0.000,-6.855,-37.969
14812,0.000,0.000,0.000,-6.855,-37.969
14813,0.000,0.000,0.000,-6.855,-37.969
14814,0.000,0.000,0.000,-6.855,-37.969
14815,0.000,0.000,0.000,-6.855,-37.969
14816,0.000,0.000,0.000,-6.855,-37.969
14817,0.000,0.000,0.000,-6.855,-37.969
14818,0.000,0.000,0.000,-6.855,-37.969
14819,0.000,0.000,0.000,-6.855,-37.969
14820,0.000,0.000,0.000,-6.855,-37.969
14821,0.000,0.000,0.000,-6.855,-37.969
14822,0.000,0.000,0.000,-6.855,-37.969
14823,0.000,0.000,0.000,-6.855,-37.969
14824,0.000,0.000,0.000,-6.855,-37.969
14825,0.000,0.000,0.000,-6.855,-37.969
14826,0.000,0.000,0.000,-6.855,-37.969
14827,0.000,0.000,0.000,-6.855,-37.969
14828,0.000,0.000,0.000,-6.855,-37.969
14829,0.000,0.000,0.000,-6.855,-37.969
14830,0.000,0.000,0.000,-6.855,-37.969
14831,0.000,0.000,0.000,-6.855,-37.969
14832,0.000,0.000,0.000,-6.855,-37.969
14833,0.000,0.000,0.000,-6.855,-37.969
14834,0.000,0.000,0.000,-6.855,-37.969
14835,0.000,0.000,0.000,-6.855,-37.969
14836,0.000,0.000,0.000,-6.855,-37.969
14837,0.000,0.000,0.000,-6.855,-37.969
14838,0.000,0.000,0.000,-6.855,-37.969
14839,0.000,0.000,0.000,-6.855,-37.969
14840,0.000,0.000,0.000,-6.855,-37.969
14841,0.000,0.000,0.000,-6.855,-37.969
14842,0.000,0.000,0.000,-6.855,-37.969
14843,0.000,0.000,0.000,-6.855,-37.969
14844,0.000,0.000,0.000,-6.855,-37.969
14845,0.000,0.000,0.000,-6.855,-37.969
14846,0.000,0.000,0.000,-6.855,-37.969
14847,0.000,0.000,0.000,-6.855,-37.969
14848,0.000,0.000,0.000,-6.855,-37.969
14849,0.000,0.000,0.000,-6.855,-37.969
14850,0.000,0.000,0.000,-6.855,-37.969
14851,0.000,0.000,0.000,-6.855,-37.969
14852,0.000,0.000,0.000,-6.855,-37.969
14853,0.000,0.000,0.000,-6.855,-37.969
14854,0.000,0.000,0.000,-6.855,-37.969
14855,0.000,0.000,0.000,-6.855,-37.969
14856,0.000,0.000,0.000,-6.855,-37.969
14857,0.000,0.000,0.000,-6.855,-37.969
14858,0.000,0.000,0.000,-6.855,-37.969
14859,0.000,0.000,0.000,-6.855,-37.969
14860,0.000,0.000,0.000,-6.855,-37.969
14861,0.000,0.000,0.000,-6.855,-37.969
14862,0.000,0.000,0.000,-6.855,-37.969
14863,0.000,0.000,0.000,-6.855,-37.969
14864,0.000,0.000,0.000,-6.855,-37.969
14865,0.000,0.000,0.000,-6.855,-37.969
14866,0.000,0.000,0.000,-6.855,-37.969
14867,0.000,0.000,0.000,-6.855,-37.969
14868,0.000,0.000,0.000,-6.855,-37.969
14869,0.000,0.000,0.000,-6.855,-37.969
14870,0.000,0.000,0.000,-6.855,-37.969
14871,0.000,0.000,0.000,-6.855,-37.969
14872,0.000,0.000,0.000,-6.855,-37.969
14873,0.000,0.000,0.000,-6.855,-37.969
14874,0.000,0.000,0.000,-6.855,-37.969
14875,0.000,0.000,0.000,-6.855,-37.969
14876,0.000,0.000,0.000,-6.855,-37.969
14877,0.000,0.000,0.000,-6.855,-37.969
14878,0.000,0.000,0.000,-6.855,-37.969
14879,0.000,0.000,0.000,-6.855,-37.969
14880,0.000,0.000,0.000,-6.855,-37.969
14881,0.000,0.000,0.000,-6.855,-37.969
14882,0.000,0.000,0.000,-6.855,-37.969
14883,0.000,0.000,0.000,-6.855,-37.969
14884,0.000,0.000,0.000,-6.855,-37.969
14885,0.000,0.000,0.000,-6.855,-37.969
14886,0.000,0.000,0.000,-6.855,-37.969
14887,0.000,0.000,0.000,-6.855,-37.969
14888,0.000,0.000,0.000,-6.855,-37.969
14889,0.000,0.000,0.000,-6.855,-37.969
14890,0.000,0.000,0.000,-6.855,-37.969
14891,0.000,0.000,0.000,-6.855,-37.969
14892,0.000,0.000,0.000,-6.855,-37.969
14893,0.000,0.000,0.000,-6.855,-37.969
14894,0.000,0.000,0.000,-6.855,-37.969
14895,0.000,0.000,0.000,-6.855,-37.969
14896,0.000,0.000,0.000,-6.855,-37.969
14897,0.000,0.000,0.000,-6.855,-37.969
14898,0.000,0.000,0.000,-6.855,-37.969
14899,0.000,0.000,0.000,-6.855,-37.969
14900,0.000,0.000,0.000,-6.855,-37.969
14901,0.000,0.000,0.000,-6.855,-37.969
14902,0.000,0.000,0.000,-6.855,-37.969
14903,0.000,0.000,0.000,-6.855,-37.969
14904,0.000,0.000,0.000,-6.855,-37.969
14905,0.000,0.000,0.000,-6.855,-37.969
14906,0.000,0.000,0.000,-6.855,-37.969
14907,0.000,0.000,0.000,-6.855,-37.969
14908,0.000,0.000,0.000,-6.855,-37.969
14909,0.000,0.000,0.000,-6.855,-37.969
14910,0.000,0.000,0.000,-6.855,-37.969
14911,0.000,0.000,0.000,-6.855,-37.969
14912,0.000,0.000,0.000,-6.855,-37.969
14913,0.000,0.000,0.000,-6.855,-37.969
14914,0.000,0.000,0.000,-6.855,-37.969
14915,0.000,0.000,0.000,-6.855,-37.969
14916,0.000,0.000,0.000,-6.855,-37.969
14917,0.000,0.000,0.000,-6.855,-37.969
14918,0.000,0.000,0.000,-6.855,-37.969
14919,0.000,0.000,0.000,-6.855,-37.969
14920,0.000,0.000,0.000,-6.855,-37.969
14921,0.000,0.000,0.000,-6.855,-37.969
14922,0.000,0.000,0.000,-6.855,-37.969
14923,0.000,0.000,0.000,-6.855,-37.969
14924,0.000,0.000,0.000,-6.855,-37.969
14925,0.000,0.000,0.000,-6.855,-37.969
14926,0.000,0.000,0.000,-6.855,-37.969
14927,0.000,0.000,0.000,-6.855,-37.969
14928,0.000,0.000,0.000,-6.855,-37.969
14929,0.000,0.000,0.000,-6.855,-37.969
14930,0.000,0.000,0.000,-6.855,-37.969
14931,0.000,0.000,0.000,-6.855,-37.969
14932,0.000,0.000,0.000,-6.855,-37.969
14933,0.000,0.000,0.000,-6.855,-37.969
14934,0.000,0.000,0.000,-6.855,-37.969
14935,0.000,0.000,0.000,-6.855,-37.969
14936,0.000,0.000,0.000,-6.855,-37.969
14937,0.000,0.000,0.000,-6.855,-37.969
14938,0.000,0.000,0.000,-6.855,-37.969
14939,0.000,0.000,0.000,-6.855,-37.969
14940,0.000,0.000,0.000,-6.855,-37.969
14941,0.000,0.000,0.000,-6.855,-37.969
14942,0.000,0.000,0.000,-6.855,-37.969
14943,0.000,0.000,0.000,-6.855,-37.969
14944,0.000,0.000,0.000,-6.855,-37.969
14945,0.000,0.000,0.000,-6.855,-37.969
14946,0.000,0.000,0.000,-6.855,-37.969
14947,0.000,0.000,0.000,-6.855,-37.969
14948,0.000,0.000,0.000,-6.855,-37.969
14949,0.000,0.000,0.000,-6.855,-37.969
14950,0.000,0.000,0.000,-6.855,-37.969
14951,0.000,0.000,0.000,-6.855,-37.969
14952,0.000,0.000,0.000,-6.855,-37.969
14953,0.000,0.000,0.000,-6.855,-37.969
14954,0.000,0.000,0.000,-6.855,-37.969
14955,0.000,0.000,0.000,-6.855,-37.969
14956,0.000,0.000,0.000,-6.855,-37.969
14957,0.000,0.000,0.000,-6.855,-37.969
14958,0.000,0.000,0.000,-6.855,-37.969
14959,0.000,0.000,0.000,-6.855,-37.969
14960,0.000,0.000,0.000,-6.855,-37.969
14961,0.000,0.000,0.000,-6.855,-37.969
14962,0.000,0.000,0.000,-6.855,-37.969
14963,0.000,0.000,0.000,-6.855,-37.969
14964,0.000,0.000,0.000,-6.855,-37.969
14965,0.000,0.000,0.000,-6.855,-37.969
14966,0.000,0.000,0.000,-6.855,-37.969
14967,0.000,0.000,0.000,-6.855,-37.969
14968,0.000,0.000,0.000,-6.855,-37.969
14969,0.000,0.000,0.000,-6.855,-37.969
14970,0.000,0.000,0.000,-6.855,-37.969
14971,0.000,0.000,0.000,-6.855,-37.969
14972,0.000,0.000,0.000,-6.855,-37.969
14973,0.000,0.000,0.000,-6.855,-37.969
14974,0.000,0.000,0.000,-6.855,-37.969
14975,0.000,0.000,0.000,-6.855,-37.969
14976,0.000,0.000,0.000,-6.855,-37.969
14977,0.000,0.000,0.000,-6.855,-37.969
14978,0.000,0.000,0.000,-6.855,-37.969
14979,0.000,0.000,0.000,-6.855,-37.969
14980,0.000,0.000,0.000,-6.855,-37.969
14981,0.000,0.000,0.000,-6.855,-37.969
14982,0.000,0.000,0.000,-6.855,-37.969
14983,0.000,0.000,0.000,-6.855,-37.969
14984,0.000,0.000,0.000,-6.855,-37.969
14985,0.000,0.000,0.000,-6.855,-37.969
14986,0.000,0.000,0.000,-6.855,-37.969
14987,0.000,0.000,0.000,-6.855,-37.969
14988,0.000,0.000,0.000,-6.855,-37.969
14989,0.000,0.000,0.000,-6.855,-37.969
14990,0.000,0.000,0.000,-6.855,-37.969
14991,0.000,0.000,0.000,-6.855,-37.969
14992,0.000,0.000,0.000,-6.855,-37.969
14993,0.000,0.000,0.000,-6.855,-37.969
14994,0.000,0.000,0.000,-6.855,-37.969
14995,0.000,0.000,0.000,-6.855,-37.969
14996,0.000,0.000,0.000,-6.855,-37.969
14997,0.000,0.000,0.000,-6.855,-37.969
14998,0.000,0.000,0.000,-6.855,-37.969
14999,0.000,0.000,0.000,-6.855,-37.969
15000,0.000,0.000,0.000,-6.855,-37.969
15001,0.000,0.000,0.000,-6.855,-37.969
15002,0.000,0.000,0.000,-6.855,-37.969
15003,0.000,0.000,0.000,-6.855,-37.969
15004,0.000,0.000,0.000,-6.855,-37.969
15005,0.000,0.000,0.000,-6.855,-37.969
15006,0.000,0.000,0.000,-6.855,-37.969
15007,0.000,0.000,0.000,-6.855,-37.969
15008,0.000,0.000,0.000,-6.855,-37.969
15009,0.000,0.000,0.000,-6.855,-37.969
15010,0.000,0.000,0.000,-6.855,-37.969
15011,0.000,0.000,0.000,-6.855,-37.969
15012,0.000,0.000,0.000,-6.855,-37.969
15013,0.000,0.000,0.000,-6.855,-37.969
15014,0.000,0.000,0.000,-6.855,-37.969
15015,0.000,0.000,0.000,-6.855,-37.969
15016,0.000,0.000,0.000,-6.855,-37.969
15017,0.000,0.000,0.000,-6.855,-37.969
15018,0.000,0.000,0.000,-6.855,-37.969
15019,0.000,0.000,0.000,-6.855,-37.969
15020,0.000,0.000,0.000,-6.855,-37.969
15021,0.000,0.000,0.000,-6.855,-37.969
15022,0.000,0.000,0.000,-6.855,-37.969
15023,0.000,0.000,0.000,-6.855,-37.969
15024,0.000,0.000,0.000,-6.855,-37.969
15025,0.000,0.000,0.000,-6.855,-37.969
15026,0.000,0.000,0.000,-6.855,-37.969
15027,0.000,0.000,0.000,-6.855,-37.969
15028,0.000,0.000,0.000,-6.855,-37.969
15029,0.000,0.000,0.000,-6.855,-37.969
15030,0.000,0.000,0.000,-6.855,-37.969
15031,0.000,0.000,0.000,-6.855,-37.969
15032,0.000,0.000,0.000,-6.855,-37.969
15033,0.000,0.000,0.000,-6.855,-37.969
15034,0.000,0.000,0.000,-6.855,-37.969
15035,0.000,0.000,0.000,-6.855,-37.969
15036,0.000,0.000,0.000,-6.855,-37.969
15037,0.000,0.000,0.000,-6.855,-37.969
15038,0.000,0.000,0.000,-6.855,-37.969
15039,0.000,0.000,0.000,-6.855,-37.969
15040,0.000,0.000,0.000,-6.855,-37.969
15041,0.000,0.000,0.000,-6.855,-37.969
15042,0.000,0.000,0.000,-6.855,-37.969
15043,0.000,0.000,0.000,-6.855,-37.969
15044,0.000,0.000,0.000,-6.855,-37.969
15045,0.000,0.000,0.000,-6.855,-37.969
15046,0.000,0.000,0.000,-6.855,-37.969
15047,0.000,0.000,0.000,-6.855,-37.969
15048,0.000,0.000,0.000,-6.855,-37.969
15049,0.000,0.000,0.000,-6.855,-37.969
15050,0.000,0.000,0.000,-6.855,-37.969
15051,0.000,0.000,0.000,-6.855,-37.969
15052,0.000,0.000,0.000,-6.855,-37.969
15053,0.000,0.000,0.000,-6.855,-37.969
15054,0.000,0.000,0.000,-6.855,-37.969
15055,0.000,0.000,0.000,-6.855,-37.969
15056,0.000,0.000,0.000,-6.855,-37.969
15057,0.000,0.000,0.000,-6.855,-37.969
15058,0.000,0.000,0.000,-6.855,-37.969
15059,0.000,0.000,0.000,-6.855,-37.969
15060,0.000,0.000,0.000,-6.855,-37.969
15061,0.000,0.000,0.000,-6.855,-37.969
15062,0.000,0.000,0.000,-6.855,-37.969
15063,0.000,0.000,0.000,-6.855,-37.969
15064,0.000,0.000,0.000,-6.855,-37.969
15065,0.000,0.000,0.000,-6.855,-37.969
15066,0.000,0.000,0.000,-6.855,-37.969
15067,0.000,0.000,0.000,-6.855,-37.969
15068,0.000,0.000,0.000,-6.855,-37.969
15069,0.000,0.000,0.000,-6.855,-37.969
15070,0.000,0.000,0.000,-6.855,-37.969
15071,0.000,0.000,0.000,-6.855,-37.969
15072,0.000,0.000,0.000,-6.855,-37.969
15073,0.000,0.000,0.000,-6.855,-37.969
15074,0.000,0.000,0.000,-6.855,-37.969
15075,0.000,0.000,0.000,-6.855,-37.969
15076,0.000,0.000,0.000,-6.855,-37.969
15077,0.000,0.000,0.000,-6.855,-37.969
15078,0.000,0.000,0.000,-6.855,-37.969
15079,0.000,0.000,0.000,-6.855,-37.969
15080,0.000,0.000,0.000,-6.855,-37.969
15081,0.000,0.000,0.000,-6.855,-37.969
15082,0.000,0.000,0.000,-6.855,-37.969
15083,0.000,0.000,0.000,-6.855,-37.969
15084,0.000,0.000,0.000,-6.855,-37.969
15085,0.000,0.000,0.000,-6.855,-37.969
15086,0.000,0.000,0.000,-6.855,-37.969
15087,0.000,0.000,0.000,-6.855,-37.969
15088,0.000,0.000,0.000,-6.855,-37.969
15089,0.000,0.000,0.000,-6.855,-37.969
15090,0.000,0.000,0.000,-6.855,-37.969
15091,0.000,0.000,0.000,-6.855,-37.969
15092,0.000,0.000,0.000,-6.855,-37.969
15093,0.000,0.000,0.000,-6.855,-37.969
15094,0.000,0.000,0.000,-6.855,-37.969
15095,0.000,0.000,0.000,-6.855,-37.969
15096,0.000,0.000,0.000,-6.855,-37.969
15097,0.000,0.000,0.000,-6.855,-37.969
15098,0.000,0.000,0.000,-6.855,-37.969
15099,0.000,0.000,0.000,-6.855,-37.969
15100,0.000,0.000,0.000,-6.855,-37.969
15101,0.000,0.000,0.000,-6.855,-37.969
15102,0.000,0.000,0.000,-6.855,-37.969
15103,0.000,0.000,0.000,-6.855,-37.969
15104,0.000,0.000,0.000,-6.855,-37.881
15105,0.000,0.000,0.000,-6.855,-37.881
15106,0.000,0.000,0.000,-6.855,-37.881
15107,0.000,0.000,0.000,-6.855,-37.881
15108,0.000,0.000,0.000,-6.855,-37.881
15109,0.000,0.000,0.000,-6.855,-37.881
15110,0.000,0.000,0.000,-6.855,-37.881
15111,0.000,0.000,0.000,-6.855,-37.881
15112,0.000,0.000,0.000,-6.855,-37.881
15113,0.000,0.000,0.000,-6.855,-37.881
15114,0.000,0.000,0.000,-6.855,-37.881
15115,0.000,0.000,0.000,-6.855,-37.881
15116,0.000,0.000,0.000,-6.855,-37.881
15117,0.000,0.000,0.000,-6.855,-37.881
15118,0.000,0.000,0.000,-6.855,-37.881
15119,0.000,0.000,0.000,-6.855,-37.881
15120,0.000,0.000,0.000,-6.855,-37.881
15121,0.000,0.000,0.000,-6.855,-37.881
15122,0.000,0.000,0.000,-6.768,-37.881
15123,0.000,0.000,0.000,-6.768,-37.881
15124,0.000,0.000,0.000,-6.768,-37.881
15125,0.000,0.000,0.000,-6.768,-37.881
15126,0.000,0.000,0.000,-6.768,-37.881
15127,0.000,0.000,0.000,-6.768,-37.881
15128,0.000,0.000,0.000,-6.768,-37.881
15129,0.000,0.000,0.000,-6.768,-37.881
15130,0.000,0.000,0.000,-6.768,-37.881
15131,0.000,0.000,0.000,-6.768,-37.881
15132,0.000,0.000,0.000,-6.768,-37.881
15133,0.000,0.000,0.000,-6.768,-37.881
15134,0.000,0.000,0.000,-6.768,-37.881
15135,0.000,0.000,0.000,-6.768,-37.881
15136,0.000,0.000,0.000,-6.768,-37.881
15137,0.000,0.000,0.000,-6.768,-37.881
15138,0.000,0.000,0.000,-6.768,-37.881
15139,0.000,0.000,0.000,-6.768,-37.881
15140,0.000,0.000,0.000,-6.768,-37.881
15141,0.000,0.000,0.000,-6.768,-37.881
15142,0.000,0.000,0.000,-6.768,-37.881
15143,0.000,0.000,0.000,-6.768,-37.881
15144,0.000,0.000,0.000,-6.768,-37.881
15145,0.000,0.000,0.000,-6.768,-37.881
15146,0.000,0.000,0.000,-6.768,-37.881
15147,0.000,0.000,0.000,-6.768,-37.881
15148,0.000,0.000,0.000,-6.768,-37.881
15149,0.000,0.000,0.000,-6.768,-37.881
15150,0.000,0.000,0.000,-6.768,-37.881
15151,0.000,0.000,0.000,-6.768,-37.881
15152,0.000,0.000,0.000,-6.768,-37.881
15153,0.000,0.000,0.000,-6.768,-37.881
15154,0.000,0.000,0.000,-6.768,-37.881
15155,0.000,0.000,0.000,-6.768,-37.881
15156,0.000,0.000,0.000,-6.768,-37.881
15157,0.000,0.000,0.000,-6.768,-37.881
15158,0.000,0.000,0.000,-6.768,-37.881
15159,0.000,0.000,0.000,-6.768,-37.881
15160,0.000,0.000,0.000,-6.768,-37.881
15161,0.000,0.000,0.000,-6.768,-37.881
15162,0.000,0.000,0.000,-6.768,-37.881
15163,0.000,0.000,0.000,-6.768,-37.881
15164,0.000,0.000,0.000,-6.768,-37.881
15165,0.000,0.000,0.000,-6.768,-37.881
15166,0.000,0.000,0.000,-6.768,-37.881
15167,0.000,0.000,0.000,-6.768,-37.881
15168,0.000,0.000,0.000,-6.768,-37.881
15169,0.000,0.000,0.000,-6.768,-37.881
15170,0.000,0.000,0.000,-6.768,-37.881
15171,0.000,0.000,0.000,-6.768,-37.881
15172,0.000,0.000,0.000,-6.768,-37.881
15173,0.000,0.000,0.000,-6.768,-37.881
15174,0.000,0.000,0.000,-6.768,-37.881
15175,0.000,0.000,0.000,-6.768,-37.881
15176,0.000,0.000,0.000,-6.768,-37.881
15177,0.000,0.000,0.000,-6.768,-37.881
15178,0.000,0.000,0.000,-6.768,-37.881
15179,0.000,0.000,0.000,-6.768,-37.881
15180,0.000,0.000,0.000,-6.768,-37.881
15181,0.000,0.000,0.000,-6.768,-37.881
15182,0.000,0.000,0.000,-6.768,-37.881
15183,0.000,0.000,0.000,-6.768,-37.881
15184,0.000,0.000,0.000,-6.768,-37.881
15185,0.000,0.000,0.000,-6.768,-37.881
15186,0.000,0.000,0.000,-6.768,-37.881
15187,0.000,0.000,0.000,-6.768,-37.881
15188,0.000,0.000,0.000,-6.768,-37.881
15189,0.000,0.000,0.000,-6.768,-37.881
15190,0.000,0.000,0.000,-6.768,-37.881
