row_id,m1_pwm,m2_pwm,m3_pwm,enc1_deg,enc2_deg
0,0.000,0.000,0.000,0.000,0.000
1,0.000,0.000,0.000,0.000,0.000
2,0.000,0.000,0.000,0.000,0.000
3,0.000,0.000,0.000,0.000,0.000
4,0.000,0.000,0.000,0.000,0.000
5,0.000,0.000,0.000,0.000,0.000
6,0.000,0.000,0.000,0.000,0.000
7,0.000,0.000,0.000,0.000,0.000
8,0.000,0.000,0.000,0.000,0.000
9,0.000,0.000,0.000,0.000,0.000
10,0.000,0.000,0.000,0.000,0.000
11,0.000,0.000,0.000,0.000,0.000
12,0.000,0.000,0.000,0.000,0.000
13,0.000,0.000,0.000,0.000,0.000
14,0.000,0.000,0.000,0.000,0.000
15,0.000,0.000,0.000,0.000,0.000
16,0.000,0.000,0.000,0.000,0.000
17,0.000,0.000,0.000,0.000,0.000
18,0.000,0.000,0.000,0.000,0.000
19,0.000,0.000,0.000,0.000,0.000
20,0.000,0.000,0.000,0.000,0.000
21,0.000,0.000,0.000,0.000,0.000
22,0.000,0.000,0.000,0.000,0.000
23,0.000,0.000,0.000,0.000,0.000
24,0.000,0.000,0.000,0.000,0.000
25,0.000,0.000,0.000,0.000,0.000
26,0.000,0.000,0.000,0.000,0.000
27,0.000,0.000,0.000,0.000,0.000
28,0.000,0.000,0.000,0.000,0.000
29,0.000,0.000,0.000,0.000,0.000
30,0.000,0.000,0.000,0.000,0.000
31,0.000,0.000,0.000,0.000,0.000
32,0.000,0.000,0.000,0.000,0.000
33,0.000,0.000,0.000,0.000,0.000
34,0.000,0.000,0.000,0.000,0.000
35,0.000,0.000,0.000,0.000,0.000
36,0.000,0.000,0.000,0.000,0.000
37,0.000,0.000,0.000,0.000,0.000
38,0.000,0.000,0.000,0.000,0.000
39,0.000,0.000,0.000,0.000,0.000
40,0.000,0.000,0.000,0.000,0.000
41,0.000,0.000,0.000,0.000,0.000
42,0.000,0.000,0.000,0.000,0.000
43,0.000,0.000,0.000,0.000,0.000
44,0.000,0.000,0.000,0.000,0.000
45,0.000,0.000,0.000,0.000,0.000
46,0.000,0.000,0.000,0.000,0.000
47,0.000,0.000,0.000,0.000,0.000
48,0.000,0.000,0.000,0.000,0.000
49,0.000,0.000,0.000,0.000,0.000
50,0.000,0.000,0.000,0.000,0.000
51,0.000,0.000,0.000,0.000,0.000
52,0.000,0.000,0.000,0.000,0.000
53,0.000,0.000,0.000,0.000,0.000
54,0.000,0.000,0.000,0.000,0.000
55,0.000,0.000,0.000,0.000,0.000
56,0.000,0.000,0.000,0.000,0.000
57,0.000,0.000,0.000,0.000,0.000
58,0.000,0.000,0.000,0.000,0.000
59,0.000,0.000,0.000,0.000,0.000
60,0.000,0.000,0.000,0.000,0.000
61,0.000,0.000,0.000,0.000,0.000
62,0.000,0.000,0.000,0.000,0.000
63,0.000,0.000,0.000,0.000,0.000
64,0.000,0.000,0.000,0.000,0.000
65,0.000,0.000,0.000,0.000,0.000
66,0.000,0.000,0.000,0.000,0.000
67,0.000,0.000,0.000,0.000,0.000
68,0.000,0.000,0.000,0.000,0.000
69,0.000,0.000,0.000,0.000,0.000
70,0.000,0.000,0.000,0.000,0.000
71,0.000,0.000,0.000,0.000,0.000
72,0.000,0.000,0.000,0.000,0.000
73,0.000,0.000,0.000,0.000,0.000
74,0.000,0.000,0.000,0.000,0.000
75,0.000,0.000,0.000,0.000,0.000
76,0.000,0.000,0.000,0.000,0.000
77,0.000,0.000,0.000,0.000,0.000
78,0.000,0.000,0.000,0.000,0.000
79,0.000,0.000,0.000,0.000,0.000
80,0.000,0.000,0.000,0.000,0.000
81,0.000,0.000,0.000,0.000,0.000
82,0.000,0.000,0.000,0.000,0.000
83,0.000,0.000,0.000,0.000,0.000
84,0.000,0.000,0.000,0.000,0.000
85,0.000,0.000,0.000,0.000,0.000
86,0.000,0.000,0.000,0.000,0.000
87,0.000,0.000,0.000,0.000,0.000
88,0.000,0.000,0.000,0.000,0.000
89,0.000,0.000,0.000,0.000,0.000
90,0.000,0.000,0.000,0.000,0.000
91,0.000,0.000,0.000,0.000,0.000
92,0.000,0.000,0.000,0.000,0.000
93,0.000,0.000,0.000,0.000,0.000
94,0.000,0.000,0.000,0.000,0.000
95,0.000,0.000,0.000,0.000,0.000
96,0.000,0.000,0.000,0.000,0.000
97,0.000,0.000,0.000,0.000,0.000
98,0.000,0.000,0.000,0.000,0.000
99,0.000,0.000,0.000,0.000,0.000
100,0.000,0.000,0.000,0.000,0.000
101,0.000,0.000,0.000,0.000,0.000
102,0.000,0.000,0.000,0.000,0.000
103,0.000,0.000,0.000,0.000,0.000
104,0.000,0.000,0.000,0.000,0.000
105,0.000,0.000,0.000,0.000,0.000
106,0.000,0.000,0.000,0.000,0.000
107,0.000,0.000,0.000,0.000,0.000
108,0.000,0.000,0.000,0.000,0.000
109,0.000,0.000,0.000,0.000,0.000
110,0.000,0.000,0.000,0.000,0.000
111,0.000,0.000,0.000,0.000,0.000
112,0.000,0.000,0.000,0.000,0.000
113,0.000,0.000,0.000,0.000,0.000
114,0.000,0.000,0.000,0.000,0.000
115,0.000,0.000,0.000,0.000,0.000
116,0.000,0.000,0.000,0.000,0.000
117,0.000,0.000,0.000,0.000,0.000
118,0.000,0.000,0.000,0.000,0.000
119,0.000,0.000,0.000,0.000,0.000
120,0.000,0.000,0.000,0.000,0.000
121,0.000,0.000,0.000,0.000,0.000
122,0.000,0.000,0.000,0.000,0.000
123,0.000,0.000,0.000,0.000,0.000
124,0.000,0.000,0.000,0.000,0.000
125,0.000,0.000,0.000,0.000,0.000
126,0.000,0.000,0.000,0.000,0.000
127,0.000,0.000,0.000,0.000,0.000
128,0.000,0.000,0.000,0.000,0.000
129,0.000,0.000,0.000,0.000,0.000
130,0.000,0.000,0.000,0.000,0.000
131,0.000,0.000,0.000,0.000,0.000
132,0.000,0.000,0.000,0.000,0.000
133,0.000,0.000,0.000,0.000,0.000
134,0.000,0.000,0.000,0.000,0.000
135,0.000,0.000,0.000,0.000,0.000
136,0.000,0.000,0.000,0.000,0.000
137,0.000,0.000,0.000,0.000,0.000
138,0.000,0.000,0.000,0.000,0.000
139,0.000,0.000,0.000,0.000,0.000
140,0.000,0.000,0.000,0.000,0.000
141,0.000,0.000,0.000,0.000,0.000
142,0.000,0.000,0.000,0.000,0.000
143,0.000,0.000,0.000,0.000,0.000
144,0.000,0.000,0.000,0.000,0.000
145,0.000,0.000,0.000,0.000,0.000
146,0.000,0.000,0.000,0.000,0.000
147,0.000,0.000,0.000,0.000,0.000
148,0.000,0.000,0.000,0.000,0.000
149,0.000,0.000,0.000,0.000,0.000
150,0.000,0.000,0.000,0.000,0.000
151,0.000,0.000,0.000,0.000,0.000
152,0.000,0.000,0.000,0.000,0.000
153,0.000,0.000,0.000,0.000,0.000
154,0.000,0.000,0.000,0.000,0.000
155,0.000,0.000,0.000,0.000,0.000
156,0.000,0.000,0.000,0.000,0.000
157,0.000,0.000,0.000,0.000,0.000
158,0.000,0.000,0.000,0.000,0.000
159,0.000,0.000,0.000,0.000,0.000
160,0.000,0.000,0.000,0.000,0.000
161,0.000,0.000,0.000,0.000,0.000
162,0.000,0.000,0.000,0.000,0.000
163,0.000,0.000,0.000,0.000,0.000
164,0.000,0.000,0.000,0.000,0.000
165,0.000,0.000,0.000,0.000,0.000
166,0.000,0.000,0.000,0.000,0.000
167,0.000,0.000,0.000,0.000,0.000
168,0.000,0.000,0.000,0.000,0.000
169,0.000,0.000,0.000,0.000,0.000
170,0.000,0.000,0.000,0.000,0.000
171,0.000,0.000,0.000,0.000,0.000
172,0.000,0.000,0.000,0.000,0.000
173,0.000,0.000,0.000,0.000,0.000
174,0.000,0.000,0.000,0.000,0.000
175,0.000,0.000,0.000,0.000,0.000
176,0.000,0.000,0.000,0.000,0.000
177,0.000,0.000,0.000,0.000,0.000
178,0.000,0.000,0.000,0.000,0.000
179,0.000,0.000,0.000,0.000,0.000
180,0.000,0.000,0.000,0.000,0.000
181,0.000,0.000,0.000,0.000,0.000
182,0.000,0.000,0.000,0.000,0.000
183,0.000,0.000,0.000,0.000,0.000
184,0.000,0.000,0.000,0.000,0.000
185,0.000,0.000,0.000,0.000,0.000
186,0.000,0.000,0.000,0.000,0.000
187,0.000,0.000,0.000,0.000,0.000
188,0.000,0.000,0.000,0.000,0.000
189,0.000,0.000,0.000,0.000,0.000
190,0.000,0.000,0.000,0.000,0.000
191,0.000,0.000,0.000,0.000,0.000
192,0.000,0.000,0.000,0.000,0.000
193,0.000,0.000,0.000,0.000,0.000
194,0.000,0.000,0.000,0.000,0.000
195,0.000,0.000,0.000,0.000,0.000
196,0.000,0.000,0.000,0.000,0.000
197,0.000,0.000,0.000,0.000,0.000
198,0.000,0.000,0.000,0.000,0.000
199,0.000,0.000,0.000,0.000,0.000
200,0.000,0.000,0.000,0.000,0.000
201,0.000,0.000,0.000,0.000,0.000
202,0.000,0.000,0.000,0.000,0.000
203,0.000,0.000,0.000,0.000,0.000
204,0.000,0.000,0.000,0.000,0.000
205,0.000,0.000,0.000,0.000,0.000
206,0.000,0.000,0.000,0.000,0.000
207,0.000,0.000,0.000,0.000,0.000
208,0.000,0.000,0.000,0.000,0.000
209,0.000,0.000,0.000,0.000,0.000
210,0.000,0.000,0.000,0.000,0.000
211,0.000,0.000,0.000,0.000,0.000
212,0.000,0.000,0.000,0.000,0.000
213,0.000,0.000,0.000,0.000,0.000
214,0.000,0.000,0.000,0.000,0.000
215,0.000,0.000,0.000,0.000,0.000
216,0.000,0.000,0.000,0.000,0.000
217,0.000,0.000,0.000,0.000,0.000
218,0.000,0.000,0.000,0.000,0.000
219,0.000,0.000,0.000,0.000,0.000
220,0.000,0.000,0.000,0.000,0.000
221,0.000,0.000,0.000,0.000,0.000
222,0.000,0.000,0.000,0.000,0.000
223,0.000,0.000,0.000,0.000,0.000
224,0.000,0.000,0.000,0.000,0.000
225,0.000,0.000,0.000,0.000,0.000
226,0.000,0.000,0.000,0.000,0.000
227,0.000,0.000,0.000,0.000,0.000
228,0.000,0.000,0.000,0.000,0.000
229,0.000,0.000,0.000,0.000,0.000
230,0.000,0.000,0.000,0.000,0.000
231,0.000,0.000,0.000,0.000,0.000
232,0.000,0.000,0.000,0.000,0.000
233,0.000,0.000,0.000,0.000,0.000
234,0.000,0.000,0.000,0.000,0.000
235,0.000,0.000,0.000,0.000,0.000
236,0.000,0.000,0.000,0.000,0.000
237,0.000,0.000,0.000,0.000,0.000
238,0.000,0.000,0.000,0.000,0.000
239,0.000,0.000,0.000,0.000,0.000
240,0.000,0.000,0.000,0.000,0.000
241,0.000,0.000,0.000,0.000,0.000
242,0.000,0.000,0.000,0.000,0.000
243,0.000,0.000,0.000,0.000,0.000
244,0.000,0.000,0.000,0.000,0.000
245,0.000,0.000,0.000,0.000,0.000
246,0.000,0.000,0.000,0.000,0.000
247,0.000,0.000,0.000,0.000,0.000
248,0.000,0.000,0.000,0.000,0.000
249,0.000,0.000,0.000,0.000,0.000
250,0.000,0.000,0.000,0.000,0.000
251,0.000,0.000,0.000,0.000,0.000
252,0.000,0.000,0.000,0.000,0.000
253,0.000,0.000,0.000,0.000,0.000
254,0.000,0.000,0.000,0.000,0.000
255,0.000,0.000,0.000,0.000,0.000
256,0.000,0.000,0.000,0.000,0.000
257,0.000,0.000,0.000,0.000,0.000
258,0.000,0.000,0.000,0.000,0.000
259,0.000,0.000,0.000,0.000,0.000
260,0.000,0.000,0.000,0.000,0.000
261,0.000,0.000,0.000,0.000,0.000
262,0.000,0.000,0.000,0.000,0.000
263,0.000,0.000,0.000,0.000,0.000
264,0.000,0.000,0.000,0.000,0.000
265,0.000,0.000,0.000,0.000,0.000
266,0.000,0.000,0.000,0.000,0.000
267,0.000,0.000,0.000,0.000,0.000
268,0.000,0.000,0.000,0.000,0.000
269,0.000,0.000,0.000,0.000,0.000
270,0.000,0.000,0.000,0.000,0.000
271,0.000,0.000,0.000,0.000,0.000
272,0.000,0.000,0.000,0.000,0.000
273,0.000,0.000,0.000,0.000,0.000
274,0.000,0.000,0.000,0.000,0.000
275,0.000,0.000,0.000,0.000,0.000
276,0.000,0.000,0.000,0.000,0.000
277,0.000,0.000,0.000,0.000,0.000
278,0.000,0.000,0.000,0.000,0.000
279,0.000,0.000,0.000,0.000,0.000
280,0.000,0.000,0.000,0.000,0.000
281,0.000,0.000,0.000,0.000,0.000
282,0.000,0.000,0.000,0.000,0.000
283,0.000,0.000,0.000,0.000,0.000
284,0.000,0.000,0.000,0.000,0.000
285,0.000,0.000,0.000,0.000,0.000
286,0.000,0.000,0.000,0.000,0.000
287,0.000,0.000,0.000,0.000,0.000
288,0.000,0.000,0.000,0.000,0.000
289,0.000,0.000,0.000,0.000,0.000
290,0.000,0.000,0.000,0.000,0.000
291,0.000,0.000,0.000,0.000,0.000
292,0.000,0.000,0.000,0.000,0.000
293,0.000,0.000,0.000,0.000,0.000
294,0.000,0.000,0.000,0.000,0.000
295,0.000,0.000,0.000,0.000,0.000
296,0.000,0.000,0.000,0.000,0.000
297,0.000,0.000,0.000,0.000,0.000
298,0.000,0.000,0.000,0.000,0.000
299,0.000,0.000,0.000,0.000,0.000
300,0.000,0.000,0.000,0.000,0.000
301,0.000,0.000,0.000,0.000,0.000
302,0.000,0.000,0.000,0.000,0.000
303,0.000,0.000,0.000,0.000,0.000
304,0.000,0.000,0.000,0.000,0.000
305,0.000,0.000,0.000,0.000,0.000
306,0.000,0.000,0.000,0.000,0.000
307,0.000,0.000,0.000,0.000,0.000
308,0.000,0.000,0.000,0.000,0.000
309,0.000,0.000,0.000,0.000,0.000
310,0.000,0.000,0.000,0.000,0.000
311,0.000,0.000,0.000,0.000,0.000
312,0.000,0.000,0.000,0.000,0.000
313,0.000,0.000,0.000,0.000,0.000
314,0.000,0.000,0.000,0.000,0.000
315,0.000,0.000,0.000,0.000,0.000
316,0.000,0.000,0.000,0.000,0.000
317,0.000,0.000,0.000,0.000,0.000
318,0.000,0.000,0.000,0.000,0.000
319,0.000,0.000,0.000,0.000,0.000
320,0.000,0.000,0.000,0.000,0.000
321,0.000,0.000,0.000,0.000,0.000
322,0.000,0.000,0.000,0.000,0.000
323,0.000,0.000,0.000,0.000,0.000
324,0.000,0.000,0.000,0.000,0.000
325,0.000,0.000,0.000,0.000,0.000
326,0.000,0.000,0.000,0.000,0.000
327,0.000,0.000,0.000,0.000,0.000
328,0.000,0.000,0.000,0.000,0.000
329,0.000,0.000,0.000,0.000,0.000
330,0.000,0.000,0.000,0.000,0.000
331,0.000,0.000,0.000,0.000,0.000
332,0.000,0.000,0.000,0.000,0.000
333,0.000,0.000,0.000,0.000,0.000
334,0.000,0.000,0.000,0.000,0.000
335,0.000,0.000,0.000,0.000,0.000
336,0.000,0.000,0.000,0.000,0.000
337,0.000,0.000,0.000,0.000,0.000
338,0.000,0.000,0.000,0.000,0.000
339,0.000,0.000,0.000,0.000,0.000
340,0.000,0.000,0.000,0.000,0.000
341,0.000,0.000,0.000,0.000,0.000
342,0.000,0.000,0.000,0.000,0.000
343,0.000,0.000,0.000,0.000,0.000
344,0.000,0.000,0.000,0.000,0.000
345,0.000,0.000,0.000,0.000,0.000
346,0.000,0.000,0.000,0.000,0.000
347,0.000,0.000,0.000,0.000,0.000
348,0.000,0.000,0.000,0.000,0.000
349,0.000,0.000,0.000,0.000,0.000
350,0.000,0.000,0.000,0.000,0.000
351,0.000,0.000,0.000,0.000,0.000
352,0.000,0.000,0.000,0.000,0.000
353,0.000,0.000,0.000,0.000,0.000
354,0.000,0.000,0.000,0.000,0.000
355,0.000,0.000,0.000,0.000,0.000
356,0.000,0.000,0.000,0.000,0.000
357,0.000,0.000,0.000,0.000,0.000
358,0.000,0.000,0.000,0.000,0.000
359,0.000,0.000,0.000,0.000,0.000
360,0.000,0.000,0.000,0.000,0.000
361,0.000,0.000,0.000,0.000,0.000
362,0.000,0.000,0.000,0.000,0.000
363,0.000,0.000,0.000,0.000,0.000
364,0.000,0.000,0.000,0.000,0.000
365,0.000,0.000,0.000,0.000,0.000
366,0.000,0.000,0.000,0.000,0.000
367,0.000,0.000,0.000,0.000,0.000
368,0.000,0.000,0.000,0.000,0.000
369,0.000,0.000,0.000,0.000,0.000
370,0.000,0.000,0.000,0.000,0.000
371,0.000,0.000,0.000,0.000,0.000
372,0.000,0.000,0.000,0.000,0.000
373,0.000,0.000,0.000,0.000,0.000
374,0.000,0.000,0.000,0.000,0.000
375,0.000,0.000,0.000,0.000,0.000
376,0.000,0.000,0.000,0.000,0.000
377,0.000,0.000,0.000,0.000,0.000
378,0.000,0.000,0.000,0.000,0.000
379,0.000,0.000,0.000,0.000,0.000
380,0.000,0.000,0.000,0.000,0.000
381,0.000,0.000,0.000,0.000,0.000
382,0.000,0.000,0.000,0.000,0.000
383,0.000,0.000,0.000,0.000,0.000
384,0.000,0.000,0.000,0.000,0.000
385,0.000,0.000,0.000,0.000,0.000
386,0.000,0.000,0.000,0.000,0.000
387,0.000,0.000,0.000,0.000,0.000
388,0.000,0.000,0.000,0.000,0.000
389,0.000,0.000,0.000,0.000,0.000
390,0.000,0.000,0.000,0.000,0.000
391,0.000,0.000,0.000,0.000,0.000
392,0.000,0.000,0.000,0.000,0.000
393,0.000,0.000,0.000,0.000,0.000
394,0.000,0.000,0.000,0.000,0.000
395,0.000,0.000,0.000,0.000,0.000
396,0.000,0.000,0.000,0.000,0.000
397,0.000,0.000,0.000,0.000,0.000
398,0.000,0.000,0.000,0.000,0.000
399,0.000,0.000,0.000,0.000,0.000
400,0.000,0.000,0.000,0.000,0.000
401,0.000,0.000,0.000,0.000,0.000
402,0.000,0.000,0.000,0.000,0.000
403,0.000,0.000,0.000,0.000,0.000
404,0.000,0.000,0.000,0.000,0.000
405,0.000,0.000,0.000,0.000,0.000
406,0.000,0.000,0.000,0.000,0.000
407,0.000,0.000,0.000,0.000,0.000
408,0.000,0.000,0.000,0.000,0.000
409,0.000,0.000,0.000,0.000,0.000
410,0.000,0.000,0.000,0.000,0.000
411,0.000,0.000,0.000,0.000,0.000
412,0.000,0.000,0.000,0.000,0.000
413,0.000,0.000,0.000,0.000,0.000
414,0.000,0.000,0.000,0.000,0.000
415,0.000,0.000,0.000,0.000,0.000
416,0.000,0.000,0.000,0.000,0.000
417,0.000,0.000,0.000,0.000,0.000
418,0.000,0.000,0.000,0.000,0.000
419,0.000,0.000,0.000,0.000,0.000
420,0.000,0.000,0.000,0.000,0.000
421,0.000,0.000,0.000,0.000,0.000
422,0.000,0.000,0.000,0.000,0.000
423,0.000,0.000,0.000,0.000,0.000
424,0.000,0.000,0.000,0.000,0.000
425,0.000,0.000,0.000,0.000,0.000
426,0.000,0.000,0.000,0.000,0.000
427,0.000,0.000,0.000,0.000,0.000
428,0.000,0.000,0.000,0.000,0.000
429,0.000,0.000,0.000,0.000,0.000
430,0.000,0.000,0.000,0.000,0.000
431,0.000,0.000,0.000,0.000,0.000
432,0.000,0.000,0.000,0.000,0.000
433,0.000,0.000,0.000,0.000,0.000
434,0.000,0.000,0.000,0.000,0.000
435,0.000,0.000,0.000,0.000,0.000
436,0.000,0.000,0.000,0.000,0.000
437,0.000,0.000,0.000,0.000,0.000
438,0.000,0.000,0.000,0.000,0.000
439,0.000,0.000,0.000,0.000,0.000
440,0.000,0.000,0.000,0.000,0.000
441,0.000,0.000,0.000,0.000,0.000
442,0.000,0.000,0.000,0.000,0.000
443,0.000,0.000,0.000,0.000,0.000
444,0.000,0.000,0.000,0.000,0.000
445,0.000,0.000,0.000,0.000,0.000
446,0.000,0.000,0.000,0.000,0.000
447,0.000,0.000,0.000,0.000,0.000
448,0.000,0.000,0.000,0.000,0.000
449,0.000,0.000,0.000,0.000,0.000
450,0.000,0.000,0.000,0.000,0.000
451,0.000,0.000,0.000,0.000,0.000
452,0.000,0.000,0.000,0.000,0.000
453,0.000,0.000,0.000,0.000,0.000
454,0.000,0.000,0.000,0.000,0.000
455,0.000,0.000,0.000,0.000,0.000
456,0.000,0.000,0.000,0.000,0.000
457,0.000,0.000,0.000,0.000,0.000
458,0.000,0.000,0.000,0.000,0.000
459,0.000,0.000,0.000,0.000,0.000
460,0.000,0.000,0.000,0.000,0.000
461,0.000,0.000,0.000,0.000,0.000
462,0.000,0.000,0.000,0.000,0.000
463,0.000,0.000,0.000,0.000,0.000
464,0.000,0.000,0.000,0.000,0.000
465,0.000,0.000,0.000,0.000,0.000
466,0.000,0.000,0.000,0.000,0.000
467,0.000,0.000,0.000,0.000,0.000
468,0.000,0.000,0.000,0.000,0.000
469,0.000,0.000,0.000,0.000,0.000
470,0.000,0.000,0.000,0.000,0.000
471,0.000,0.000,0.000,0.000,0.000
472,0.000,0.000,0.000,0.000,0.000
473,0.000,0.000,0.000,0.000,0.000
474,0.000,0.000,0.000,0.000,0.000
475,0.000,0.000,0.000,0.000,0.000
476,0.000,0.000,0.000,0.000,0.000
477,0.000,0.000,0.000,0.000,0.000
478,0.000,0.000,0.000,0.000,0.000
479,0.000,0.000,0.000,0.000,0.000
480,0.000,0.000,0.000,0.000,0.000
481,0.000,0.000,0.000,0.000,0.000
482,0.000,0.000,0.000,0.000,0.000
483,0.000,0.000,0.000,0.000,0.000
484,0.000,0.000,0.000,0.000,0.000
485,0.000,0.000,0.000,0.000,0.000
486,0.000,0.000,0.000,0.000,0.000
487,0.000,0.000,0.000,0.000,0.000
488,0.000,0.000,0.000,0.000,0.000
489,0.000,0.000,0.000,0.000,0.000
490,0.000,0.000,0.000,0.000,0.000
491,0.000,0.000,0.000,0.000,0.000
492,0.000,0.000,0.000,0.000,0.000
493,0.000,0.000,0.000,0.000,0.000
494,0.000,0.000,0.000,0.000,0.000
495,0.000,0.000,0.000,0.000,0.000
496,0.000,0.000,0.000,0.000,0.000
497,0.000,0.000,0.000,0.000,0.000
498,0.000,0.000,0.000,0.000,0.000
499,0.000,0.000,0.000,0.000,0.000
500,0.000,0.000,0.000,0.000,0.000
501,0.000,0.000,0.000,0.000,0.000
502,0.000,0.000,0.000,0.000,0.000
503,0.000,0.000,0.000,0.000,0.000
504,0.000,0.000,0.000,0.000,0.000
505,0.000,0.000,0.000,0.000,0.000
506,0.000,0.000,0.000,0.000,0.000
507,0.000,0.000,0.000,0.000,0.000
508,0.000,0.000,0.000,0.000,0.000
509,0.000,0.000,0.000,0.000,0.000
510,0.000,0.000,0.000,0.000,0.000
511,0.000,0.000,0.000,0.000,0.000
512,0.000,0.000,0.000,0.000,0.000
513,0.000,0.000,0.000,0.000,0.000
514,0.000,0.000,0.000,0.000,0.000
515,0.000,0.000,0.000,0.000,0.000
516,0.000,0.000,0.000,0.000,0.000
517,0.000,0.000,0.000,0.000,0.000
518,0.000,0.000,0.000,0.000,0.000
519,0.000,0.000,0.000,0.000,0.000
520,0.000,0.000,0.000,0.000,0.000
521,0.000,0.000,0.000,0.000,0.000
522,0.000,0.000,0.000,0.000,0.000
523,0.000,0.000,0.000,0.000,0.000
524,0.000,0.000,0.000,0.000,0.000
525,0.000,0.000,0.000,0.000,0.000
526,0.000,0.000,0.000,0.000,0.000
527,0.000,0.000,0.000,0.000,0.000
528,0.000,0.000,0.000,0.000,0.000
529,0.000,0.000,0.000,0.000,0.000
530,0.000,0.000,0.000,0.000,0.000
531,0.000,0.000,0.000,0.000,0.000
532,0.000,0.000,0.000,0.000,0.000
533,0.000,0.000,0.000,0.000,0.000
534,0.000,0.000,0.000,0.000,0.000
535,0.000,0.000,0.000,0.000,0.000
536,0.000,0.000,0.000,0.000,0.000
537,0.000,0.000,0.000,0.000,0.000
538,0.000,0.000,0.000,0.000,0.000
539,0.000,0.000,0.000,0.000,0.000
540,0.000,0.000,0.000,0.000,0.000
541,0.000,0.000,0.000,0.000,0.000
542,0.000,0.000,0.000,0.000,0.000
543,0.000,0.000,0.000,0.000,0.000
544,0.000,0.000,0.000,0.000,0.000
545,0.000,0.000,0.000,0.000,0.000
546,0.000,0.000,0.000,0.000,0.000
547,0.000,0.000,0.000,0.000,0.000
548,0.000,0.000,0.000,0.000,0.000
549,0.000,0.000,0.000,0.000,0.000
550,0.000,0.000,0.000,0.000,0.000
551,0.000,0.000,0.000,0.000,0.000
552,0.000,0.000,0.000,0.000,0.000
553,0.000,0.000,0.000,0.000,0.000
554,0.000,0.000,0.000,0.000,0.000
555,0.000,0.000,0.000,0.000,0.000
556,0.000,0.000,0.000,0.000,0.000
557,0.000,0.000,0.000,0.000,0.000
558,0.000,0.000,0.000,0.000,0.000
559,0.000,0.000,0.000,0.000,0.000
560,0.000,0.000,0.000,0.000,0.000
561,0.000,0.000,0.000,0.000,0.000
562,0.000,0.000,0.000,0.000,0.000
563,0.000,0.000,0.000,0.000,0.000
564,0.000,0.000,0.000,0.000,0.000
565,0.000,0.000,0.000,0.000,0.000
566,0.000,0.000,0.000,0.000,0.000
567,0.000,0.000,0.000,0.000,0.000
568,0.000,0.000,0.000,0.000,0.000
569,0.000,0.000,0.000,0.000,0.000
570,0.000,0.000,0.000,0.000,0.000
571,0.000,0.000,0.000,0.000,0.000
572,0.000,0.000,0.000,0.000,0.000
573,0.000,0.000,0.000,0.000,0.000
574,0.000,0.000,0.000,0.000,0.000
575,0.000,0.000,0.000,0.000,0.000
576,0.000,0.000,0.000,0.000,0.000
577,0.000,0.000,0.000,0.000,0.000
578,0.000,0.000,0.000,0.000,0.000
579,0.000,0.000,0.000,0.000,0.000
580,0.000,0.000,0.000,0.000,0.000
581,0.000,0.000,0.000,0.000,0.000
582,0.000,0.000,0.000,0.000,0.000
583,0.000,0.000,0.000,0.000,0.000
584,0.000,0.000,0.000,0.000,0.000
585,0.000,0.000,0.000,0.000,0.000
586,0.000,0.000,0.000,0.000,0.000
587,0.000,0.000,0.000,0.000,0.000
588,0.000,0.000,0.000,0.000,0.000
589,0.000,0.000,0.000,0.000,0.000
590,0.000,0.000,0.000,0.000,0.000
591,0.000,0.000,0.000,0.000,0.000
592,0.000,0.000,0.000,0.000,0.000
593,0.000,0.000,0.000,0.000,0.000
594,0.000,0.000,0.000,0.000,0.000
595,0.000,0.000,0.000,0.000,0.000
596,0.000,0.000,0.000,0.000,0.000
597,0.000,0.000,0.000,0.000,0.000
598,0.000,0.000,0.000,0.000,0.000
599,0.000,0.000,0.000,0.000,0.000
600,0.000,0.000,0.000,0.000,0.000
601,0.000,0.000,0.000,0.000,0.000
602,0.000,0.000,0.000,0.000,0.000
603,0.000,0.000,0.000,0.000,0.000
604,0.000,0.000,0.000,0.000,0.000
605,0.000,0.000,0.000,0.000,0.000
606,0.000,0.000,0.000,0.000,0.000
607,0.000,0.000,0.000,0.000,0.000
608,0.000,0.000,0.000,0.000,0.000
609,0.000,0.000,0.000,0.000,0.000
610,0.000,0.000,0.000,0.000,0.000
611,0.000,0.000,0.000,0.000,0.000
612,0.000,0.000,0.000,0.000,0.000
613,0.000,0.000,0.000,0.000,0.000
614,0.000,0.000,0.000,0.000,0.000
615,0.000,0.000,0.000,0.000,0.000
616,0.000,0.000,0.000,0.000,0.000
617,0.000,0.000,0.000,0.000,0.000
618,0.000,0.000,0.000,0.000,0.000
619,0.000,0.000,0.000,0.000,0.000
620,0.000,0.000,0.000,0.000,0.000
621,0.000,0.000,0.000,0.000,0.000
622,0.000,0.000,0.000,0.000,0.000
623,0.000,0.000,0.000,0.000,0.000
624,0.000,0.000,0.000,0.000,0.000
625,0.000,0.000,0.000,0.000,0.000
626,0.000,0.000,0.000,0.000,0.000
627,0.000,0.000,0.000,0.000,0.000
628,0.000,0.000,0.000,0.000,0.000
629,0.000,0.000,0.000,0.000,0.000
630,0.000,0.000,0.000,0.000,0.000
631,0.000,0.000,0.000,0.000,0.000
632,0.000,0.000,0.000,0.000,0.000
633,0.000,0.000,0.000,0.000,0.000
634,0.000,0.000,0.000,0.000,0.000
635,0.000,0.000,0.000,0.000,0.000
636,0.000,0.000,0.000,0.000,0.000
637,0.000,0.000,0.000,0.000,0.000
638,0.000,0.000,0.000,0.000,0.000
639,0.000,0.000,0.000,0.000,0.000
640,0.000,0.000,0.000,0.000,0.000
641,0.000,0.000,0.000,0.000,0.000
642,0.000,0.000,0.000,0.000,0.000
643,0.000,0.000,0.000,0.000,0.000
644,0.000,0.000,0.000,0.000,0.000
645,0.000,0.000,0.000,0.000,0.000
646,0.000,0.000,0.000,0.000,0.000
647,0.000,0.000,0.000,0.000,0.000
648,0.000,0.000,0.000,0.000,0.000
649,0.000,0.000,0.000,0.000,0.000
650,0.000,0.000,0.000,0.000,0.000
651,0.000,0.000,0.000,0.000,0.000
652,0.000,0.000,0.000,0.000,0.000
653,0.000,0.000,0.000,0.000,0.000
654,0.000,0.000,0.000,0.000,0.000
655,0.000,0.000,0.000,0.000,0.000
656,0.000,0.000,0.000,0.000,0.000
657,0.000,0.000,0.000,0.000,0.000
658,0.000,0.000,0.000,0.000,0.000
659,0.000,0.000,0.000,0.000,0.000
660,0.000,0.000,0.000,0.000,0.000
661,0.000,0.000,0.000,0.000,0.000
662,0.000,0.000,0.000,0.000,0.000
663,0.000,0.000,0.000,0.000,0.000
664,0.000,0.000,0.000,0.000,0.000
665,0.000,0.000,0.000,0.000,0.000
666,0.000,0.000,0.000,0.000,0.000
667,0.000,0.000,0.000,0.000,0.000
668,0.000,0.000,0.000,0.000,0.000
669,0.000,0.000,0.000,0.000,0.000
670,0.000,0.000,0.000,0.000,0.000
671,0.000,0.000,0.000,0.000,0.000
672,0.000,0.000,0.000,0.000,0.000
673,0.000,0.000,0.000,0.000,0.000
674,0.000,0.000,0.000,0.000,0.000
675,0.000,0.000,0.000,0.000,0.000
676,0.000,0.000,0.000,0.000,0.000
677,0.000,0.000,0.000,0.000,0.000
678,0.000,0.000,0.000,0.000,0.000
679,0.000,0.000,0.000,0.000,0.000
680,0.000,0.000,0.000,0.000,0.000
681,0.000,0.000,0.000,0.000,0.000
682,0.000,0.000,0.000,0.000,0.000
683,0.000,0.000,0.000,0.000,0.000
684,0.000,0.000,0.000,0.000,0.000
685,0.000,0.000,0.000,0.000,0.000
686,0.000,0.000,0.000,0.000,0.000
687,0.000,0.000,0.000,0.000,0.000
688,0.000,0.000,0.000,0.000,0.000
689,0.000,0.000,0.000,0.000,0.000
690,0.000,0.000,0.000,0.000,0.000
691,0.000,0.000,0.000,0.000,0.000
692,0.000,0.000,0.000,0.000,0.000
693,0.000,0.000,0.000,0.000,0.000
694,0.000,0.000,0.000,0.000,0.000
695,0.000,0.000,0.000,0.000,0.000
696,0.000,0.000,0.000,0.000,0.000
697,0.000,0.000,0.000,0.000,0.000
698,0.000,0.000,0.000,0.000,0.000
699,0.000,0.000,0.000,0.000,0.000
700,0.000,0.000,0.000,0.000,0.000
701,0.000,0.000,0.000,0.000,0.000
702,0.000,0.000,0.000,0.000,0.000
703,0.000,0.000,0.000,0.000,0.000
704,0.000,0.000,0.000,0.000,0.000
705,0.000,0.000,0.000,0.000,0.000
706,0.000,0.000,0.000,0.000,0.000
707,0.000,0.000,0.000,0.000,0.000
708,0.000,0.000,0.000,0.000,0.000
709,0.000,0.000,0.000,0.000,0.000
710,0.000,0.000,0.000,0.000,0.000
711,0.000,0.000,0.000,0.000,0.000
712,0.000,0.000,0.000,0.000,0.000
713,0.000,0.000,0.000,0.000,0.000
714,0.000,0.000,0.000,0.000,0.000
715,0.000,0.000,0.000,0.000,0.000
716,0.000,0.000,0.000,0.000,0.000
717,0.000,0.000,0.000,0.000,0.000
718,0.000,0.000,0.000,0.000,0.000
719,0.000,0.000,0.000,0.000,0.000
720,0.000,0.000,0.000,0.000,0.000
721,0.000,0.000,0.000,0.000,0.000
722,0.000,0.000,0.000,0.000,0.000
723,0.000,0.000,0.000,0.000,0.000
724,0.000,0.000,0.000,0.000,0.000
725,0.000,0.000,0.000,0.000,0.000
726,0.000,0.000,0.000,0.000,0.000
727,0.000,0.000,0.000,0.000,0.000
728,0.000,0.000,0.000,0.000,0.000
729,0.000,0.000,0.000,0.000,0.000
730,0.000,0.000,0.000,0.000,0.000
731,0.000,0.000,0.000,0.000,0.000
732,0.000,0.000,0.000,0.000,0.000
733,0.000,0.000,0.000,0.000,0.000
734,0.000,0.000,0.000,0.000,0.000
735,0.000,0.000,0.000,0.000,0.000
736,0.000,0.000,0.000,0.000,0.000
737,0.000,0.000,0.000,0.000,0.000
738,0.000,0.000,0.000,0.000,0.000
739,0.000,0.000,0.000,0.000,0.000
740,0.000,0.000,0.000,0.000,0.000
741,0.000,0.000,0.000,0.000,0.000
742,0.000,0.000,0.000,0.000,0.000
743,0.000,0.000,0.000,0.000,0.000
744,0.000,0.000,0.000,0.000,0.000
745,0.000,0.000,0.000,0.000,0.000
746,0.000,0.000,0.000,0.000,0.000
747,0.000,0.000,0.000,0.000,0.000
748,600.000,600.000,1200.000,0.000,0.000
749,600.000,600.000,1200.000,0.000,0.000
750,600.000,600.000,1200.000,0.000,0.000
751,600.000,600.000,1200.000,0.000,0.000
752,600.000,600.000,1200.000,0.000,0.000
753,600.000,600.000,1200.000,0.000,0.000
754,600.000,600.000,1200.000,0.000,0.000
755,600.000,600.000,1200.000,0.000,0.000
756,600.000,600.000,1200.000,0.000,0.000
757,600.000,600.000,1200.000,0.000,0.000
758,600.000,600.000,1200.000,0.000,0.000
759,600.000,600.000,1200.000,0.000,0.000
760,600.000,600.000,1200.000,0.000,0.000
761,600.000,600.000,1200.000,0.000,0.000
762,600.000,600.000,1200.000,0.000,0.000
763,600.000,600.000,1200.000,0.000,0.000
764,600.000,600.000,1200.000,0.000,0.000
765,600.000,600.000,1200.000,0.000,0.000
766,600.000,600.000,1200.000,0.000,0.000
767,600.000,600.000,1200.000,0.000,0.000
768,600.000,600.000,1200.000,0.000,0.000
769,600.000,600.000,1200.000,0.000,0.000
770,600.000,600.000,1200.000,0.000,0.000
771,600.000,600.000,1200.000,0.000,0.000
772,600.000,600.000,1200.000,0.000,0.000
773,600.000,600.000,1200.000,0.000,0.000
774,600.000,600.000,1200.000,0.000,0.000
775,600.000,600.000,1200.000,0.000,0.000
776,600.000,600.000,1200.000,0.000,0.000
777,600.000,600.000,1200.000,0.000,0.000
778,600.000,600.000,1200.000,0.000,0.000
779,600.000,600.000,1200.000,0.000,0.000
780,600.000,600.000,1200.000,0.000,0.000
781,600.000,600.000,1200.000,0.000,0.000
782,600.000,600.000,1200.000,0.000,0.000
783,600.000,600.000,1200.000,0.000,0.000
784,600.000,600.000,1200.000,0.000,0.000
785,600.000,600.000,1200.000,0.000,0.000
786,600.000,600.000,1200.000,0.000,0.000
787,600.000,600.000,1200.000,0.000,0.000
788,600.000,600.000,1200.000,0.000,0.000
789,600.000,600.000,1200.000,0.000,0.000
790,600.000,600.000,1200.000,0.000,0.000
791,600.000,600.000,1200.000,0.000,0.000
792,600.000,600.000,1200.000,0.000,0.000
793,600.000,600.000,1200.000,0.000,0.000
794,600.000,600.000,1200.000,0.000,0.000
795,600.000,600.000,1200.000,0.000,0.000
796,600.000,600.000,1200.000,0.000,0.000
797,600.000,600.000,1200.000,0.000,0.000
798,600.000,600.000,1200.000,0.000,0.000
799,600.000,600.000,1200.000,0.000,0.000
800,600.000,600.000,1200.000,0.000,0.000
801,600.000,600.000,1200.000,0.000,0.000
802,600.000,600.000,1200.000,0.000,0.000
803,600.000,600.000,1200.000,0.000,0.000
804,600.000,600.000,1200.000,0.000,0.000
805,600.000,600.000,1200.000,0.000,0.000
806,600.000,600.000,1200.000,0.000,0.000
807,600.000,600.000,1200.000,0.000,0.000
808,600.000,600.000,1200.000,0.000,0.000
809,600.000,600.000,1200.000,0.000,0.000
810,600.000,600.000,1200.000,0.000,0.000
811,600.000,600.000,1200.000,0.000,0.000
812,600.000,600.000,1200.000,0.000,0.000
813,600.000,600.000,1200.000,0.000,0.000
814,600.000,600.000,1200.000,0.000,-0.088
815,600.000,600.000,1200.000,0.000,-0.088
816,600.000,600.000,1200.000,0.000,-0.088
817,600.000,600.000,1200.000,0.000,-0.088
818,600.000,600.000,1200.000,0.000,-0.088
819,600.000,600.000,1200.000,0.000,-0.088
820,600.000,600.000,1200.000,0.000,-0.088
821,600.000,600.000,1200.000,0.000,-0.088
822,600.000,600.000,1200.000,0.000,-0.088
823,600.000,600.000,1200.000,0.000,-0.088
824,600.000,600.000,1200.000,0.000,-0.088
825,600.000,600.000,1200.000,0.000,-0.088
826,600.000,600.000,1200.000,0.000,0.000
827,600.000,600.000,1200.000,0.000,0.000
828,600.000,600.000,1200.000,0.000,0.000
829,600.000,600.000,1200.000,0.000,0.000
830,600.000,600.000,1200.000,0.000,0.000
831,600.000,600.000,1200.000,0.000,0.000
832,600.000,600.000,1200.000,0.000,0.000
833,600.000,600.000,1200.000,0.000,0.000
834,600.000,600.000,1200.000,0.000,0.000
835,600.000,600.000,1200.000,0.000,0.000
836,600.000,600.000,1200.000,0.000,0.000
837,600.000,600.000,1200.000,0.088,0.000
838,600.000,600.000,1200.000,0.088,0.088
839,600.000,600.000,1200.000,0.088,0.088
840,600.000,600.000,1200.000,0.088,0.088
841,600.000,600.000,1200.000,0.088,0.088
842,600.000,600.000,1200.000,0.088,0.088
843,600.000,600.000,1200.000,0.088,0.088
844,600.000,600.000,1200.000,0.088,0.088
845,600.000,600.000,1200.000,0.088,0.088
846,600.000,600.000,1200.000,0.088,0.088
847,600.000,600.000,1200.000,0.088,0.088
848,600.000,600.000,1200.000,0.088,0.088
849,600.000,600.000,1200.000,0.088,0.088
850,600.000,600.000,1200.000,0.088,0.176
851,600.000,600.000,1200.000,0.088,0.176
852,600.000,600.000,1200.000,0.088,0.176
853,600.000,600.000,1200.000,0.088,0.176
854,600.000,600.000,1200.000,0.088,0.176
855,600.000,600.000,1200.000,0.088,0.176
856,600.000,600.000,1200.000,0.088,0.176
857,600.000,600.000,1200.000,0.088,0.176
858,600.000,600.000,1200.000,0.088,0.176
859,600.000,600.000,1200.000,0.088,0.176
860,600.000,600.000,1200.000,0.088,0.264
861,600.000,600.000,1200.000,0.088,0.264
862,600.000,600.000,1200.000,0.088,0.264
863,600.000,600.000,1200.000,0.088,0.264
864,600.000,600.000,1200.000,0.088,0.264
865,600.000,600.000,1200.000,0.088,0.264
866,600.000,600.000,1200.000,0.088,0.264
867,600.000,600.000,1200.000,0.088,0.264
868,600.000,600.000,1200.000,0.088,0.264
869,600.000,600.000,1200.000,0.088,0.264
870,600.000,600.000,1200.000,0.088,0.264
871,600.000,600.000,1200.000,0.000,0.264
872,600.000,600.000,1200.000,0.000,0.264
873,600.000,600.000,1200.000,0.000,0.264
874,600.000,600.000,1200.000,0.000,0.264
875,600.000,600.000,1200.000,0.000,0.264
876,600.000,600.000,1200.000,0.000,0.264
877,600.000,600.000,1200.000,0.000,0.264
878,600.000,600.000,1200.000,0.000,0.264
879,600.000,600.000,1200.000,0.000,0.264
880,600.000,600.000,1200.000,0.000,0.264
881,600.000,600.000,1200.000,0.000,0.264
882,600.000,600.000,1200.000,0.000,0.264
883,600.000,600.000,1200.000,0.000,0.264
884,600.000,600.000,1200.000,0.000,0.264
885,600.000,600.000,1200.000,0.000,0.264
886,600.000,600.000,1200.000,0.000,0.264
887,600.000,600.000,1200.000,0.000,0.264
888,600.000,600.000,1200.000,0.000,0.264
889,600.000,600.000,1200.000,0.000,0.264
890,600.000,600.000,1200.000,0.000,0.264
891,600.000,600.000,1200.000,0.000,0.264
892,600.000,600.000,1200.000,0.000,0.264
893,600.000,600.000,1200.000,0.000,0.264
894,600.000,600.000,1200.000,0.000,0.264
895,600.000,600.000,1200.000,0.000,0.264
896,600.000,600.000,1200.000,0.000,0.264
897,600.000,600.000,1200.000,0.000,0.264
898,600.000,600.000,1200.000,0.000,0.264
899,600.000,600.000,1200.000,0.000,0.264
900,600.000,600.000,1200.000,0.000,0.264
901,600.000,600.000,1200.000,0.000,0.264
902,600.000,600.000,1200.000,0.000,0.264
903,600.000,600.000,1200.000,0.000,0.264
904,600.000,600.000,1200.000,0.000,0.264
905,600.000,600.000,1200.000,0.000,0.264
906,600.000,600.000,1200.000,0.000,0.264
907,600.000,600.000,1200.000,0.000,0.264
908,600.000,600.000,1200.000,0.000,0.264
909,600.000,600.000,1200.000,0.000,0.264
910,600.000,600.000,1200.000,0.000,0.264
911,600.000,600.000,1200.000,0.088,0.264
912,600.000,600.000,1200.000,0.176,0.264
913,600.000,600.000,1200.000,0.264,0.264
914,600.000,600.000,1200.000,0.352,0.176
915,600.000,600.000,1200.000,0.439,0.176
916,600.000,600.000,1200.000,0.527,0.088
917,600.000,600.000,1200.000,0.703,0.000
918,600.000,600.000,1200.000,0.791,-0.088
919,600.000,600.000,1200.000,0.879,-0.264
920,600.000,600.000,1200.000,1.055,-0.352
921,600.000,600.000,1200.000,1.055,-0.439
922,600.000,600.000,1200.000,1.143,-0.615
923,600.000,600.000,1200.000,1.143,-0.791
924,600.000,600.000,1200.000,1.230,-0.967
925,600.000,600.000,1200.000,1.230,-1.230
926,600.000,600.000,1200.000,1.318,-1.406
927,600.000,600.000,1200.000,1.318,-1.670
928,600.000,600.000,1200.000,1.406,-1.758
929,600.000,600.000,1200.000,1.494,-2.021
930,600.000,600.000,1200.000,1.758,-2.197
931,600.000,600.000,1200.000,1.846,-2.461
932,600.000,600.000,1200.000,2.021,-2.637
933,600.000,600.000,1200.000,2.197,-2.988
934,600.000,600.000,1200.000,2.197,-3.340
935,600.000,600.000,1200.000,2.285,-3.604
936,600.000,600.000,1200.000,2.285,-3.955
937,600.000,600.000,1200.000,2.373,-4.219
938,600.000,600.000,1200.000,2.373,-4.482
939,600.000,600.000,1200.000,2.373,-4.834
940,600.000,600.000,1200.000,2.373,-5.098
941,600.000,600.000,1200.000,2.373,-5.449
942,600.000,600.000,1200.000,2.461,-5.801
943,600.000,600.000,1200.000,2.725,-6.152
944,600.000,600.000,1200.000,2.988,-6.504
945,600.000,600.000,1200.000,3.164,-6.855
946,600.000,600.000,1200.000,3.340,-7.207
947,600.000,600.000,1200.000,3.428,-7.559
948,600.000,600.000,1200.000,3.428,-7.998
949,600.000,600.000,1200.000,3.604,-8.350
950,600.000,600.000,1200.000,3.691,-8.613
951,600.000,600.000,1200.000,3.691,-9.053
952,600.000,600.000,1200.000,3.779,-9.404
953,600.000,600.000,1200.000,3.955,-9.756
954,600.000,600.000,1200.000,4.131,-10.195
955,600.000,600.000,1200.000,4.307,-10.635
956,600.000,600.000,1200.000,4.482,-10.986
957,600.000,600.000,1200.000,4.658,-11.426
958,600.000,600.000,1200.000,4.922,-11.865
959,600.000,600.000,1200.000,5.098,-12.217
960,600.000,600.000,1200.000,5.273,-12.656
961,600.000,600.000,1200.000,5.537,-13.096
962,600.000,600.000,1200.000,5.713,-13.535
963,600.000,600.000,1200.000,5.977,-13.975
964,600.000,600.000,1200.000,6.152,-14.414
965,600.000,600.000,1200.000,6.416,-14.766
966,600.000,600.000,1200.000,6.504,-15.293
967,600.000,600.000,1200.000,6.680,-15.820
968,600.000,600.000,1200.000,6.943,-16.172
969,600.000,600.000,1200.000,7.119,-16.699
970,600.000,600.000,1200.000,7.383,-17.139
971,600.000,600.000,1200.000,7.559,-17.666
972,600.000,600.000,1200.000,7.822,-18.193
973,600.000,600.000,1200.000,7.998,-18.633
974,600.000,600.000,1200.000,8.350,-19.160
975,600.000,600.000,1200.000,8.525,-19.687
976,600.000,600.000,1200.000,8.613,-20.127
977,600.000,600.000,1200.000,8.877,-20.742
978,600.000,600.000,1200.000,9.141,-21.182
979,600.000,600.000,1200.000,9.229,-21.709
980,600.000,600.000,1200.000,9.404,-22.236
981,600.000,600.000,1200.000,9.668,-22.676
982,600.000,600.000,1200.000,9.932,-23.291
983,600.000,600.000,1200.000,10.020,-23.730
984,600.000,600.000,1200.000,10.283,-24.258
985,600.000,600.000,1200.000,10.459,-24.785
986,600.000,600.000,1200.000,10.723,-25.400
987,600.000,600.000,1200.000,10.898,-25.840
988,600.000,600.000,1200.000,11.074,-26.367
989,600.000,600.000,1200.000,11.250,-26.982
990,600.000,600.000,1200.000,11.602,-27.422
991,600.000,600.000,1200.000,11.777,-28.037
992,600.000,600.000,1200.000,12.129,-28.564
993,600.000,600.000,1200.000,12.305,-29.092
994,600.000,600.000,1200.000,12.393,-29.707
995,600.000,600.000,1200.000,12.744,-30.234
996,600.000,600.000,1200.000,12.920,-30.674
997,600.000,600.000,1200.000,13.184,-31.289
998,600.000,600.000,1200.000,13.447,-31.816
999,600.000,600.000,1200.000,13.623,-32.432
1000,600.000,600.000,1200.000,13.975,-32.871
1001,600.000,600.000,1200.000,14.238,-33.486
1002,600.000,600.000,1200.000,14.502,-34.102
1003,600.000,600.000,1200.000,14.854,-34.541
1004,600.000,600.000,1200.000,15.029,-35.156
1005,600.000,600.000,1200.000,15.381,-35.684
1006,600.000,600.000,1200.000,15.820,-36.299
1007,600.000,600.000,1200.000,15.996,-36.738
1008,600.000,600.000,1200.000,16.348,-37.354
1009,600.000,600.000,1200.000,16.611,-37.969
1010,600.000,600.000,1200.000,16.963,-38.496
1011,600.000,600.000,1200.000,17.227,-39.023
1012,600.000,600.000,1200.000,17.578,-39.551
1013,600.000,600.000,1200.000,17.754,-40.078
1014,600.000,600.000,1200.000,18.018,-40.693
1015,600.000,600.000,1200.000,18.457,-41.133
1016,600.000,600.000,1200.000,18.721,-41.748
1017,600.000,600.000,1200.000,18.984,-42.363
1018,600.000,600.000,1200.000,19.336,-42.891
1019,600.000,600.000,1200.000,19.600,-43.506
1020,600.000,600.000,1200.000,19.951,-44.033
1021,600.000,600.000,1200.000,20.127,-44.561
1022,600.000,600.000,1200.000,20.391,-45.088
1023,600.000,600.000,1200.000,20.654,-45.615
1024,600.000,600.000,1200.000,21.006,-46.143
1025,600.000,600.000,1200.000,21.357,-46.758
1026,600.000,600.000,1200.000,21.621,-47.285
1027,600.000,600.000,1200.000,21.885,-47.725
1028,600.000,600.000,1200.000,22.236,-48.252
1029,600.000,600.000,1200.000,22.588,-48.867
1030,600.000,600.000,1200.000,22.852,-49.395
1031,600.000,600.000,1200.000,23.203,-49.922
1032,600.000,600.000,1200.000,23.467,-50.449
1033,600.000,600.000,1200.000,23.818,-50.889
1034,600.000,600.000,1200.000,24.170,-51.416
1035,600.000,600.000,1200.000,24.434,-52.031
1036,600.000,600.000,1200.000,24.785,-52.471
1037,600.000,600.000,1200.000,25.049,-52.998
1038,600.000,600.000,1200.000,25.400,-53.525
1039,600.000,600.000,1200.000,25.664,-54.053
1040,600.000,600.000,1200.000,25.840,-54.492
1041,600.000,600.000,1200.000,26.104,-55.020
1042,600.000,600.000,1200.000,26.455,-55.459
1043,600.000,600.000,1200.000,26.895,-56.074
1044,600.000,600.000,1200.000,27.246,-56.602
1045,600.000,600.000,1200.000,27.598,-56.953
1046,600.000,600.000,1200.000,28.037,-57.480
1047,600.000,600.000,1200.000,28.389,-58.008
1048,600.000,600.000,1200.000,28.740,-58.535
1049,600.000,600.000,1200.000,29.092,-58.975
1050,600.000,600.000,1200.000,29.531,-59.502
1051,600.000,600.000,1200.000,29.795,-59.941
1052,600.000,600.000,1200.000,30.146,-60.381
1053,600.000,600.000,1200.000,30.498,-60.908
1054,600.000,600.000,1200.000,30.850,-61.348
1055,600.000,600.000,1200.000,31.289,-61.875
1056,600.000,600.000,1200.000,31.465,-62.314
1057,600.000,600.000,1200.000,31.992,-62.754
1058,600.000,600.000,1200.000,32.344,-63.281
1059,600.000,600.000,1200.000,32.607,-63.721
1060,600.000,600.000,1200.000,33.047,-64.072
1061,600.000,600.000,1200.000,33.398,-64.424
1062,600.000,600.000,1200.000,33.750,-65.039
1063,600.000,600.000,1200.000,34.102,-65.391
1064,600.000,600.000,1200.000,34.453,-65.742
1065,600.000,600.000,1200.000,34.805,-66.270
1066,600.000,600.000,1200.000,35.244,-66.621
1067,600.000,600.000,1200.000,35.596,-67.061
1068,600.000,600.000,1200.000,35.947,-67.500
1069,600.000,600.000,1200.000,36.299,-67.939
1070,600.000,600.000,1200.000,36.650,-68.291
1071,600.000,600.000,1200.000,37.090,-68.643
1072,600.000,600.000,1200.000,37.354,-68.994
1073,600.000,600.000,1200.000,37.881,-69.434
1074,600.000,600.000,1200.000,38.145,-69.785
1075,600.000,600.000,1200.000,38.584,-70.225
1076,600.000,600.000,1200.000,39.023,-70.488
1077,600.000,600.000,1200.000,39.375,-70.840
1078,600.000,600.000,1200.000,39.727,-71.191
1079,600.000,600.000,1200.000,40.166,-71.543
1080,600.000,600.000,1200.000,40.518,-71.895
1081,600.000,600.000,1200.000,40.957,-72.158
1082,600.000,600.000,1200.000,41.309,-72.598
1083,600.000,600.000,1200.000,41.748,-72.861
1084,600.000,600.000,1200.000,42.188,-73.125
1085,600.000,600.000,1200.000,42.363,-73.477
1086,600.000,600.000,1200.000,42.803,-73.740
1087,600.000,600.000,1200.000,43.330,-74.092
1088,600.000,600.000,1200.000,43.594,-74.268
1089,600.000,600.000,1200.000,44.033,-74.531
1090,600.000,600.000,1200.000,44.385,-74.883
1091,600.000,600.000,1200.000,44.824,-75.059
1092,600.000,600.000,1200.000,45.264,-75.322
1093,600.000,600.000,1200.000,45.527,-75.586
1094,600.000,600.000,1200.000,45.967,-75.762
1095,600.000,600.000,1200.000,46.230,-75.938
1096,600.000,600.000,1200.000,46.670,-76.113
1097,600.000,600.000,1200.000,47.021,-76.289
1098,600.000,600.000,1200.000,47.285,-76.465
1099,600.000,600.000,1200.000,47.725,-76.641
1100,600.000,600.000,1200.000,48.076,-76.816
1101,600.000,600.000,1200.000,48.428,-76.992
1102,600.000,600.000,1200.000,48.867,-77.080
1103,600.000,600.000,1200.000,49.043,-77.168
1104,600.000,600.000,1200.000,49.482,-77.344
1105,600.000,600.000,1200.000,49.746,-77.432
1106,600.000,600.000,1200.000,50.186,-77.520
1107,600.000,600.000,1200.000,50.449,-77.520
1108,600.000,600.000,1200.000,50.713,-77.607
1109,600.000,600.000,1200.000,51.240,-77.607
1110,600.000,600.000,1200.000,51.504,-77.695
1111,600.000,600.000,1200.000,51.768,-77.695
1112,600.000,600.000,1200.000,52.207,-77.695
1113,600.000,600.000,1200.000,52.471,-77.695
1114,600.000,600.000,1200.000,52.822,-77.695
1115,600.000,600.000,1200.000,53.174,-77.695
1116,600.000,600.000,1200.000,53.613,-77.695
1117,600.000,600.000,1200.000,53.877,-77.695
1118,600.000,600.000,1200.000,54.141,-77.695
1119,600.000,600.000,1200.000,54.580,-77.695
1120,600.000,600.000,1200.000,54.844,-77.695
1121,600.000,600.000,1200.000,55.283,-77.607
1122,600.000,600.000,1200.000,55.459,-77.520
1123,600.000,600.000,1200.000,55.811,-77.256
1124,600.000,600.000,1200.000,56.162,-77.168
1125,600.000,600.000,1200.000,56.426,-77.080
1126,600.000,600.000,1200.000,56.689,-76.904
1127,600.000,600.000,1200.000,57.041,-76.816
1128,600.000,600.000,1200.000,57.393,-76.553
1129,600.000,600.000,1200.000,57.480,-76.465
1130,600.000,600.000,1200.000,57.832,-76.201
1131,600.000,600.000,1200.000,58.096,-76.025
1132,600.000,600.000,1200.000,58.359,-75.850
1133,600.000,600.000,1200.000,58.623,-75.674
1134,600.000,600.000,1200.000,58.799,-75.410
1135,600.000,600.000,1200.000,59.150,-75.146
1136,600.000,600.000,1200.000,59.326,-74.971
1137,600.000,600.000,1200.000,59.590,-74.707
1138,600.000,600.000,1200.000,59.941,-74.443
1139,600.000,600.000,1200.000,60.029,-74.180
1140,600.000,600.000,1200.000,60.293,-73.916
1141,600.000,600.000,1200.000,60.469,-73.740
1142,600.000,600.000,1200.000,60.732,-73.301
1143,600.000,600.000,1200.000,60.996,-73.037
1144,600.000,600.000,1200.000,61.260,-72.861
1145,600.000,600.000,1200.000,61.523,-72.598
1146,600.000,600.000,1200.000,61.699,-72.158
1147,600.000,600.000,1200.000,61.875,-71.895
1148,600.000,600.000,1200.000,62.139,-71.543
1149,600.000,600.000,1200.000,62.314,-71.279
1150,600.000,600.000,1200.000,62.578,-70.928
1151,600.000,600.000,1200.000,62.754,-70.576
1152,600.000,600.000,1200.000,62.930,-70.225
1153,600.000,600.000,1200.000,63.193,-69.961
1154,600.000,600.000,1200.000,63.369,-69.521
1155,600.000,600.000,1200.000,63.633,-69.170
1156,600.000,600.000,1200.000,63.809,-68.818
1157,600.000,600.000,1200.000,64.160,-68.467
1158,600.000,600.000,1200.000,64.336,-68.115
1159,600.000,600.000,1200.000,64.600,-67.764
1160,600.000,600.000,1200.000,64.863,-67.412
1161,600.000,600.000,1200.000,65.039,-66.973
1162,600.000,600.000,1200.000,65.391,-66.621
1163,600.000,600.000,1200.000,65.654,-66.094
1164,600.000,600.000,1200.000,65.830,-65.830
1165,600.000,600.000,1200.000,66.182,-65.391
1166,600.000,600.000,1200.000,66.357,-64.951
1167,600.000,600.000,1200.000,66.709,-64.600
1168,600.000,600.000,1200.000,66.885,-64.248
1169,600.000,600.000,1200.000,67.236,-63.809
1170,600.000,600.000,1200.000,67.412,-63.457
1171,600.000,600.000,1200.000,67.764,-63.018
1172,600.000,600.000,1200.000,67.852,-62.666
1173,600.000,600.000,1200.000,68.027,-62.227
1174,600.000,600.000,1200.000,68.203,-61.875
1175,600.000,600.000,1200.000,68.467,-61.436
1176,600.000,600.000,1200.000,68.643,-60.996
1177,600.000,600.000,1200.000,68.994,-60.645
1178,600.000,600.000,1200.000,69.170,-60.205
1179,600.000,600.000,1200.000,69.346,-59.854
1180,600.000,600.000,1200.000,69.609,-59.502
1181,600.000,600.000,1200.000,69.873,-59.063
1182,600.000,600.000,1200.000,69.961,-58.711
1183,600.000,600.000,1200.000,70.225,-58.359
1184,600.000,600.000,1200.000,70.313,-57.920
1185,600.000,600.000,1200.000,70.576,-57.656
1186,600.000,600.000,1200.000,70.752,-57.217
1187,600.000,600.000,1200.000,70.928,-56.777
1188,600.000,600.000,1200.000,71.104,-56.514
1189,600.000,600.000,1200.000,71.279,-55.986
1190,600.000,600.000,1200.000,71.455,-55.723
1191,600.000,600.000,1200.000,71.543,-55.371
1192,600.000,600.000,1200.000,71.631,-55.020
1193,600.000,600.000,1200.000,71.719,-54.756
1194,600.000,600.000,1200.000,71.895,-54.404
1195,600.000,600.000,1200.000,71.982,-54.053
1196,600.000,600.000,1200.000,71.982,-53.701
1197,600.000,600.000,1200.000,72.158,-53.350
1198,600.000,600.000,1200.000,72.246,-52.998
1199,600.000,600.000,1200.000,72.334,-52.646
1200,600.000,600.000,1200.000,72.510,-52.383
1201,600.000,600.000,1200.000,72.510,-52.031
1202,600.000,600.000,1200.000,72.686,-51.768
1203,600.000,600.000,1200.000,72.686,-51.416
1204,600.000,600.000,1200.000,72.861,-51.152
1205,600.000,600.000,1200.000,72.949,-50.801
1206,600.000,600.000,1200.000,72.949,-50.537
1207,600.000,600.000,1200.000,73.037,-50.273
1208,600.000,600.000,1200.000,73.125,-50.010
1209,600.000,600.000,1200.000,73.213,-49.658
1210,600.000,600.000,1200.000,73.389,-49.395
1211,600.000,600.000,1200.000,73.477,-49.131
1212,600.000,600.000,1200.000,73.564,-48.867
1213,600.000,600.000,1200.000,73.652,-48.604
1214,600.000,600.000,1200.000,73.740,-48.252
1215,600.000,600.000,1200.000,73.828,-48.076
1216,600.000,600.000,1200.000,73.916,-47.725
1217,600.000,600.000,1200.000,74.092,-47.461
1218,600.000,600.000,1200.000,74.180,-47.197
1219,600.000,600.000,1200.000,74.355,-46.934
1220,600.000,600.000,1200.000,74.443,-46.670
1221,600.000,600.000,1200.000,74.531,-46.494
1222,600.000,600.000,1200.000,74.707,-46.230
1223,600.000,600.000,1200.000,74.795,-45.967
1224,600.000,600.000,1200.000,74.883,-45.703
1225,600.000,600.000,1200.000,75.059,-45.527
1226,600.000,600.000,1200.000,75.234,-45.264
1227,600.000,600.000,1200.000,75.410,-45.000
1228,600.000,600.000,1200.000,75.498,-44.736
1229,600.000,600.000,1200.000,75.674,-44.561
1230,600.000,600.000,1200.000,75.762,-44.297
1231,600.000,600.000,1200.000,75.938,-44.033
1232,600.000,600.000,1200.000,76.113,-43.857
1233,600.000,600.000,1200.000,76.201,-43.682
1234,600.000,600.000,1200.000,76.377,-43.418
1235,600.000,600.000,1200.000,76.553,-43.154
1236,600.000,600.000,1200.000,76.641,-43.066
1237,600.000,600.000,1200.000,76.816,-42.803
1238,600.000,600.000,1200.000,76.992,-42.539
1239,600.000,600.000,1200.000,77.080,-42.363
1240,600.000,600.000,1200.000,77.256,-42.275
1241,600.000,600.000,1200.000,77.344,-42.012
1242,600.000,600.000,1200.000,77.432,-41.748
1243,600.000,600.000,1200.000,77.607,-41.660
1244,600.000,600.000,1200.000,77.695,-41.484
1245,600.000,600.000,1200.000,77.783,-41.309
1246,600.000,600.000,1200.000,77.871,-41.045
1247,600.000,600.000,1200.000,78.047,-40.869
1248,600.000,600.000,1200.000,78.135,-40.693
1249,600.000,600.000,1200.000,78.135,-40.518
1250,600.000,600.000,1200.000,78.398,-40.342
1251,600.000,600.000,1200.000,78.398,-40.166
1252,600.000,600.000,1200.000,78.486,-40.078
1253,600.000,600.000,1200.000,78.662,-39.902
1254,600.000,600.000,1200.000,78.662,-39.727
1255,600.000,600.000,1200.000,78.838,-39.551
1256,600.000,600.000,1200.000,78.926,-39.375
1257,600.000,600.000,1200.000,78.926,-39.199
1258,600.000,600.000,1200.000,79.102,-39.111
1259,600.000,600.000,1200.000,79.189,-38.936
1260,600.000,600.000,1200.000,79.189,-38.848
1261,600.000,600.000,1200.000,79.277,-38.672
1262,600.000,600.000,1200.000,79.453,-38.584
1263,600.000,600.000,1200.000,79.541,-38.408
1264,600.000,600.000,1200.000,79.629,-38.320
1265,600.000,600.000,1200.000,79.805,-38.232
1266,600.000,600.000,1200.000,79.805,-38.057
1267,600.000,600.000,1200.000,79.980,-37.969
1268,600.000,600.000,1200.000,80.068,-37.793
1269,600.000,600.000,1200.000,80.156,-37.617
1270,600.000,600.000,1200.000,80.244,-37.529
1271,600.000,600.000,1200.000,80.332,-37.354
1272,600.000,600.000,1200.000,80.508,-37.354
1273,600.000,600.000,1200.000,80.508,-37.266
1274,600.000,600.000,1200.000,80.684,-37.090
1275,600.000,600.000,1200.000,80.771,-36.914
1276,600.000,600.000,1200.000,80.859,-36.826
1277,600.000,600.000,1200.000,81.035,-36.738
1278,600.000,600.000,1200.000,81.123,-36.650
1279,600.000,600.000,1200.000,81.299,-36.563
1280,600.000,600.000,1200.000,81.387,-36.475
1281,600.000,600.000,1200.000,81.475,-36.299
1282,600.000,600.000,1200.000,81.563,-36.299
1283,600.000,600.000,1200.000,81.738,-36.211
1284,600.000,600.000,1200.000,81.914,-36.035
1285,600.000,600.000,1200.000,81.914,-35.947
1286,600.000,600.000,1200.000,82.090,-35.859
1287,600.000,600.000,1200.000,82.178,-35.771
1288,600.000,600.000,1200.000,82.266,-35.684
1289,600.000,600.000,1200.000,82.354,-35.596
1290,600.000,600.000,1200.000,82.529,-35.508
1291,600.000,600.000,1200.000,82.617,-35.508
1292,600.000,600.000,1200.000,82.793,-35.420
1293,600.000,600.000,1200.000,82.793,-35.244
1294,600.000,600.000,1200.000,82.969,-35.156
1295,600.000,600.000,1200.000,82.969,-35.156
1296,600.000,600.000,1200.000,83.145,-34.980
1297,600.000,600.000,1200.000,83.232,-34.980
1298,600.000,600.000,1200.000,83.320,-34.893
1299,600.000,600.000,1200.000,83.408,-34.805
1300,600.000,600.000,1200.000,83.496,-34.717
1301,600.000,600.000,1200.000,83.584,-34.629
1302,600.000,600.000,1200.000,83.672,-34.629
1303,600.000,600.000,1200.000,83.672,-34.541
1304,600.000,600.000,1200.000,83.848,-34.453
1305,600.000,600.000,1200.000,83.936,-34.453
1306,600.000,600.000,1200.000,83.936,-34.365
1307,600.000,600.000,1200.000,84.023,-34.277
1308,600.000,600.000,1200.000,84.111,-34.189
1309,600.000,600.000,1200.000,84.199,-34.102
1310,600.000,600.000,1200.000,84.199,-34.102
1311,600.000,600.000,1200.000,84.375,-34.014
1312,600.000,600.000,1200.000,84.463,-34.014
1313,600.000,600.000,1200.000,84.463,-33.926
1314,600.000,600.000,1200.000,84.463,-33.838
1315,600.000,600.000,1200.000,84.639,-33.838
1316,600.000,600.000,1200.000,84.639,-33.750
1317,600.000,600.000,1200.000,84.814,-33.750
1318,600.000,600.000,1200.000,84.902,-33.662
1319,600.000,600.000,1200.000,84.902,-33.574
1320,600.000,600.000,1200.000,84.990,-33.486
1321,600.000,600.000,1200.000,85.078,-33.486
1322,600.000,600.000,1200.000,85.166,-33.398
1323,600.000,600.000,1200.000,85.342,-33.311
1324,600.000,600.000,1200.000,85.430,-33.311
1325,600.000,600.000,1200.000,85.518,-33.311
1326,600.000,600.000,1200.000,85.518,-33.223
1327,600.000,600.000,1200.000,85.693,-33.223
1328,600.000,600.000,1200.000,85.693,-33.135
1329,600.000,600.000,1200.000,85.781,-33.047
1330,600.000,600.000,1200.000,85.869,-33.047
1331,600.000,600.000,1200.000,85.957,-32.959
1332,600.000,600.000,1200.000,86.045,-32.871
1333,600.000,600.000,1200.000,86.133,-32.871
1334,600.000,600.000,1200.000,86.221,-32.871
1335,600.000,600.000,1200.000,86.309,-32.783
1336,600.000,600.000,1200.000,86.396,-32.783
1337,600.000,600.000,1200.000,86.484,-32.695
1338,600.000,600.000,1200.000,86.484,-32.695
1339,600.000,600.000,1200.000,86.572,-32.607
1340,600.000,600.000,1200.000,86.660,-32.607
1341,600.000,600.000,1200.000,86.748,-32.520
1342,600.000,600.000,1200.000,86.836,-32.520
1343,600.000,600.000,1200.000,86.836,-32.432
1344,600.000,600.000,1200.000,86.924,-32.344
1345,600.000,600.000,1200.000,86.924,-32.344
1346,600.000,600.000,1200.000,87.012,-32.344
1347,600.000,600.000,1200.000,87.188,-32.256
1348,600.000,600.000,1200.000,87.188,-32.256
1349,600.000,600.000,1200.000,87.188,-32.168
1350,600.000,600.000,1200.000,87.275,-32.168
1351,600.000,600.000,1200.000,87.275,-32.080
1352,600.000,600.000,1200.000,87.275,-31.992
1353,600.000,600.000,1200.000,87.363,-31.992
1354,600.000,600.000,1200.000,87.363,-31.904
1355,600.000,600.000,1200.000,87.451,-31.904
1356,600.000,600.000,1200.000,87.451,-31.904
1357,600.000,600.000,1200.000,87.539,-31.816
1358,600.000,600.000,1200.000,87.539,-31.729
1359,600.000,600.000,1200.000,87.627,-31.729
1360,600.000,600.000,1200.000,87.627,-31.641
1361,600.000,600.000,1200.000,87.627,-31.641
1362,600.000,600.000,1200.000,87.715,-31.553
1363,600.000,600.000,1200.000,87.803,-31.465
1364,600.000,600.000,1200.000,87.803,-31.465
1365,600.000,600.000,1200.000,87.891,-31.377
1366,600.000,600.000,1200.000,87.891,-31.377
1367,600.000,600.000,1200.000,87.979,-31.377
1368,600.000,600.000,1200.000,87.979,-31.289
1369,600.000,600.000,1200.000,87.979,-31.201
1370,600.000,600.000,1200.000,88.066,-31.201
1371,600.000,600.000,1200.000,88.066,-31.113
1372,600.000,600.000,1200.000,88.066,-31.113
1373,600.000,600.000,1200.000,88.066,-31.113
1374,600.000,600.000,1200.000,88.154,-31.113
1375,600.000,600.000,1200.000,88.154,-31.025
1376,600.000,600.000,1200.000,88.154,-30.937
1377,600.000,600.000,1200.000,88.242,-30.937
1378,600.000,600.000,1200.000,88.242,-30.850
1379,600.000,600.000,1200.000,88.242,-30.850
1380,600.000,600.000,1200.000,88.330,-30.674
1381,600.000,600.000,1200.000,88.418,-30.674
1382,600.000,600.000,1200.000,88.418,-30.674
1383,600.000,600.000,1200.000,88.418,-30.674
1384,600.000,600.000,1200.000,88.418,-30.586
1385,600.000,600.000,1200.000,88.418,-30.498
1386,600.000,600.000,1200.000,88.506,-30.498
1387,600.000,600.000,1200.000,88.506,-30.410
1388,600.000,600.000,1200.000,88.506,-30.410
1389,600.000,600.000,1200.000,88.506,-30.410
1390,600.000,600.000,1200.000,88.506,-30.322
1391,600.000,600.000,1200.000,88.594,-30.234
1392,600.000,600.000,1200.000,88.594,-30.234
1393,600.000,600.000,1200.000,88.594,-30.146
1394,600.000,600.000,1200.000,88.594,-30.146
1395,600.000,600.000,1200.000,88.682,-30.146
1396,600.000,600.000,1200.000,88.682,-30.059
1397,600.000,600.000,1200.000,88.682,-30.059
1398,600.000,600.000,1200.000,88.682,-30.059
1399,600.000,600.000,1200.000,88.682,-29.971
1400,600.000,600.000,1200.000,88.682,-29.883
1401,600.000,600.000,1200.000,88.682,-29.883
1402,600.000,600.000,1200.000,88.682,-29.883
1403,600.000,600.000,1200.000,88.682,-29.883
1404,600.000,600.000,1200.000,88.682,-29.795
1405,600.000,600.000,1200.000,88.682,-29.795
1406,600.000,600.000,1200.000,88.682,-29.795
1407,600.000,600.000,1200.000,88.682,-29.707
1408,600.000,600.000,1200.000,88.682,-29.619
1409,600.000,600.000,1200.000,88.682,-29.619
1410,600.000,600.000,1200.000,88.682,-29.619
1411,600.000,600.000,1200.000,88.682,-29.619
1412,600.000,600.000,1200.000,88.682,-29.619
1413,600.000,600.000,1200.000,88.682,-29.531
1414,600.000,600.000,1200.000,88.682,-29.443
1415,600.000,600.000,1200.000,88.770,-29.443
1416,600.000,600.000,1200.000,88.770,-29.443
1417,600.000,600.000,1200.000,88.770,-29.355
1418,600.000,600.000,1200.000,88.770,-29.355
1419,600.000,600.000,1200.000,88.770,-29.355
1420,600.000,600.000,1200.000,88.770,-29.355
1421,600.000,600.000,1200.000,88.770,-29.268
1422,600.000,600.000,1200.000,88.770,-29.268
1423,600.000,600.000,1200.000,88.770,-29.268
1424,600.000,600.000,1200.000,88.770,-29.268
1425,600.000,600.000,1200.000,88.770,-29.268
1426,600.000,600.000,1200.000,88.770,-29.180
1427,600.000,600.000,1200.000,88.770,-29.180
1428,600.000,600.000,1200.000,88.770,-29.180
1429,600.000,600.000,1200.000,88.770,-29.092
1430,600.000,600.000,1200.000,88.770,-29.092
1431,600.000,600.000,1200.000,88.770,-29.092
1432,600.000,600.000,1200.000,88.770,-29.092
1433,600.000,600.000,1200.000,88.770,-29.092
1434,600.000,600.000,1200.000,88.770,-29.092
1435,600.000,600.000,1200.000,88.770,-29.092
1436,600.000,600.000,1200.000,88.770,-29.092
1437,600.000,600.000,1200.000,88.770,-29.092
1438,600.000,600.000,1200.000,88.770,-29.004
1439,600.000,600.000,1200.000,88.770,-29.004
1440,600.000,600.000,1200.000,88.770,-29.004
1441,600.000,600.000,1200.000,88.770,-29.004
1442,600.000,600.000,1200.000,88.770,-29.004
1443,600.000,600.000,1200.000,88.770,-29.004
1444,600.000,600.000,1200.000,88.770,-29.004
1445,600.000,600.000,1200.000,88.682,-29.004
1446,600.000,600.000,1200.000,88.682,-28.916
1447,600.000,600.000,1200.000,88.682,-28.916
1448,600.000,600.000,1200.000,88.594,-28.916
1449,600.000,600.000,1200.000,88.594,-28.916
1450,600.000,600.000,1200.000,88.594,-28.916
1451,600.000,600.000,1200.000,88.506,-28.916
1452,600.000,600.000,1200.000,88.506,-28.916
1453,600.000,600.000,1200.000,88.506,-28.916
1454,600.000,600.000,1200.000,88.506,-28.916
1455,600.000,600.000,1200.000,88.418,-28.916
1456,600.000,600.000,1200.000,88.418,-28.916
1457,600.000,600.000,1200.000,88.418,-28.916
1458,600.000,600.000,1200.000,88.418,-28.916
1459,600.000,600.000,1200.000,88.330,-28.916
1460,600.000,600.000,1200.000,88.330,-28.916
1461,600.000,600.000,1200.000,88.330,-28.916
1462,600.000,600.000,1200.000,88.242,-28.916
1463,600.000,600.000,1200.000,88.242,-28.916
1464,600.000,600.000,1200.000,88.242,-28.916
1465,600.000,600.000,1200.000,88.154,-28.916
1466,600.000,600.000,1200.000,88.154,-28.916
1467,600.000,600.000,1200.000,88.154,-28.916
1468,600.000,600.000,1200.000,88.066,-28.916
1469,600.000,600.000,1200.000,88.066,-28.916
1470,600.000,600.000,1200.000,88.066,-28.916
1471,600.000,600.000,1200.000,88.066,-28.916
1472,600.000,600.000,1200.000,87.979,-28.916
1473,600.000,600.000,1200.000,87.979,-28.916
1474,600.000,600.000,1200.000,87.891,-28.916
1475,600.000,600.000,1200.000,87.891,-28.916
1476,600.000,600.000,1200.000,87.891,-28.916
1477,600.000,600.000,1200.000,87.803,-28.916
1478,600.000,600.000,1200.000,87.803,-28.916
1479,600.000,600.000,1200.000,87.803,-28.916
1480,600.000,600.000,1200.000,87.803,-28.916
1481,600.000,600.000,1200.000,87.715,-28.916
1482,600.000,600.000,1200.000,87.627,-28.916
1483,600.000,600.000,1200.000,87.627,-28.916
1484,600.000,600.000,1200.000,87.539,-28.916
1485,600.000,600.000,1200.000,87.539,-28.916
1486,600.000,600.000,1200.000,87.451,-28.916
1487,600.000,600.000,1200.000,87.363,-28.916
1488,600.000,600.000,1200.000,87.363,-28.916
1489,600.000,600.000,1200.000,87.275,-28.916
1490,600.000,600.000,1200.000,87.275,-28.916
1491,600.000,600.000,1200.000,87.275,-28.916
1492,600.000,600.000,1200.000,87.188,-28.916
1493,600.000,600.000,1200.000,87.100,-28.916
1494,600.000,600.000,1200.000,87.100,-28.916
1495,600.000,600.000,1200.000,87.100,-28.916
1496,600.000,600.000,1200.000,87.100,-28.916
1497,600.000,600.000,1200.000,87.012,-28.916
1498,600.000,600.000,1200.000,87.012,-28.916
1499,600.000,600.000,1200.000,86.924,-28.916
1500,600.000,600.000,1200.000,86.924,-29.004
1501,600.000,600.000,1200.000,86.836,-29.004
1502,600.000,600.000,1200.000,86.748,-29.004
1503,600.000,600.000,1200.000,86.748,-29.004
1504,600.000,600.000,1200.000,86.660,-29.004
1505,600.000,600.000,1200.000,86.572,-29.004
1506,600.000,600.000,1200.000,86.572,-29.092
1507,600.000,600.000,1200.000,86.572,-29.092
1508,600.000,600.000,1200.000,86.572,-29.092
1509,600.000,600.000,1200.000,86.396,-29.092
1510,600.000,600.000,1200.000,86.396,-29.092
1511,600.000,600.000,1200.000,86.396,-29.092
1512,600.000,600.000,1200.000,86.309,-29.092
1513,600.000,600.000,1200.000,86.309,-29.092
1514,600.000,600.000,1200.000,86.221,-29.092
1515,600.000,600.000,1200.000,86.221,-29.092
1516,600.000,600.000,1200.000,86.133,-29.092
1517,600.000,600.000,1200.000,86.133,-29.180
1518,600.000,600.000,1200.000,86.045,-29.180
1519,600.000,600.000,1200.000,85.957,-29.180
1520,600.000,600.000,1200.000,85.957,-29.180
1521,600.000,600.000,1200.000,85.957,-29.180
1522,600.000,600.000,1200.000,85.781,-29.180
1523,600.000,600.000,1200.000,85.693,-29.180
1524,600.000,600.000,1200.000,85.693,-29.268
1525,600.000,600.000,1200.000,85.605,-29.268
1526,600.000,600.000,1200.000,85.605,-29.268
1527,600.000,600.000,1200.000,85.518,-29.268
1528,600.000,600.000,1200.000,85.518,-29.268
1529,600.000,600.000,1200.000,85.430,-29.268
1530,600.000,600.000,1200.000,85.430,-29.268
1531,600.000,600.000,1200.000,85.342,-29.355
1532,600.000,600.000,1200.000,85.254,-29.355
1533,600.000,600.000,1200.000,85.166,-29.355
1534,600.000,600.000,1200.000,85.166,-29.355
1535,600.000,600.000,1200.000,85.078,-29.443
1536,600.000,600.000,1200.000,84.990,-29.443
1537,600.000,600.000,1200.000,84.990,-29.443
1538,600.000,600.000,1200.000,84.902,-29.443
1539,600.000,600.000,1200.000,84.814,-29.443
1540,600.000,600.000,1200.000,84.727,-29.443
1541,600.000,600.000,1200.000,84.727,-29.443
1542,600.000,600.000,1200.000,84.639,-29.443
1543,600.000,600.000,1200.000,84.551,-29.443
1544,600.000,600.000,1200.000,84.463,-29.443
1545,600.000,600.000,1200.000,84.463,-29.531
1546,600.000,600.000,1200.000,84.463,-29.531
1547,600.000,600.000,1200.000,84.375,-29.531
1548,600.000,600.000,1200.000,84.287,-29.531
1549,600.000,600.000,1200.000,84.199,-29.531
1550,600.000,600.000,1200.000,84.199,-29.531
1551,600.000,600.000,1200.000,84.111,-29.531
1552,600.000,600.000,1200.000,84.111,-29.619
1553,600.000,600.000,1200.000,83.936,-29.619
1554,600.000,600.000,1200.000,83.936,-29.619
1555,600.000,600.000,1200.000,83.760,-29.619
1556,600.000,600.000,1200.000,83.760,-29.707
1557,600.000,600.000,1200.000,83.672,-29.707
1558,600.000,600.000,1200.000,83.672,-29.707
1559,600.000,600.000,1200.000,83.584,-29.707
1560,600.000,600.000,1200.000,83.584,-29.707
1561,600.000,600.000,1200.000,83.584,-29.707
1562,600.000,600.000,1200.000,83.496,-29.707
1563,600.000,600.000,1200.000,83.320,-29.707
1564,600.000,600.000,1200.000,83.320,-29.795
1565,600.000,600.000,1200.000,83.232,-29.795
1566,600.000,600.000,1200.000,83.232,-29.795
1567,600.000,600.000,1200.000,83.145,-29.795
1568,600.000,600.000,1200.000,83.057,-29.795
1569,600.000,600.000,1200.000,82.969,-29.795
1570,600.000,600.000,1200.000,82.881,-29.795
1571,600.000,600.000,1200.000,82.881,-29.883
1572,600.000,600.000,1200.000,82.793,-29.883
1573,600.000,600.000,1200.000,82.793,-29.883
1574,600.000,600.000,1200.000,82.705,-29.883
1575,600.000,600.000,1200.000,82.617,-29.883
1576,600.000,600.000,1200.000,82.529,-29.883
1577,600.000,600.000,1200.000,82.441,-29.883
1578,600.000,600.000,1200.000,82.441,-29.883
1579,600.000,600.000,1200.000,82.354,-29.971
1580,600.000,600.000,1200.000,82.266,-29.971
1581,600.000,600.000,1200.000,82.178,-29.971
1582,600.000,600.000,1200.000,82.090,-29.971
1583,600.000,600.000,1200.000,82.002,-29.971
1584,600.000,600.000,1200.000,81.826,-30.059
1585,600.000,600.000,1200.000,81.738,-30.059
1586,600.000,600.000,1200.000,81.650,-30.059
1587,600.000,600.000,1200.000,81.563,-30.059
1588,600.000,600.000,1200.000,81.563,-30.059
1589,600.000,600.000,1200.000,81.387,-30.059
1590,600.000,600.000,1200.000,81.387,-30.059
1591,600.000,600.000,1200.000,81.299,-30.059
1592,600.000,600.000,1200.000,81.211,-30.146
1593,600.000,600.000,1200.000,81.211,-30.146
1594,600.000,600.000,1200.000,81.123,-30.146
1595,600.000,600.000,1200.000,81.035,-30.146
1596,600.000,600.000,1200.000,80.947,-30.146
1597,600.000,600.000,1200.000,80.947,-30.234
1598,600.000,600.000,1200.000,80.947,-30.234
1599,600.000,600.000,1200.000,80.859,-30.234
1600,600.000,600.000,1200.000,80.859,-30.234
1601,600.000,600.000,1200.000,80.684,-30.234
1602,600.000,600.000,1200.000,80.684,-30.322
1603,600.000,600.000,1200.000,80.596,-30.322
1604,600.000,600.000,1200.000,80.508,-30.410
1605,600.000,600.000,1200.000,80.508,-30.410
1606,600.000,600.000,1200.000,80.420,-30.410
1607,600.000,600.000,1200.000,80.332,-30.410
1608,600.000,600.000,1200.000,80.244,-30.410
1609,600.000,600.000,1200.000,80.156,-30.410
1610,600.000,600.000,1200.000,80.156,-30.410
1611,600.000,600.000,1200.000,80.068,-30.410
1612,600.000,600.000,1200.000,80.068,-30.410
1613,600.000,600.000,1200.000,79.980,-30.410
1614,600.000,600.000,1200.000,79.980,-30.410
1615,600.000,600.000,1200.000,79.893,-30.410
1616,600.000,600.000,1200.000,79.805,-30.498
1617,600.000,600.000,1200.000,79.805,-30.498
1618,600.000,600.000,1200.000,79.629,-30.498
1619,600.000,600.000,1200.000,79.541,-30.498
1620,600.000,600.000,1200.000,79.541,-30.498
1621,600.000,600.000,1200.000,79.453,-30.498
1622,600.000,600.000,1200.000,79.365,-30.498
1623,600.000,600.000,1200.000,79.277,-30.498
1624,600.000,600.000,1200.000,79.189,-30.498
1625,600.000,600.000,1200.000,79.102,-30.586
1626,600.000,600.000,1200.000,79.014,-30.586
1627,600.000,600.000,1200.000,79.014,-30.586
1628,600.000,600.000,1200.000,78.838,-30.586
1629,600.000,600.000,1200.000,78.838,-30.586
1630,600.000,600.000,1200.000,78.662,-30.586
1631,600.000,600.000,1200.000,78.662,-30.674
1632,600.000,600.000,1200.000,78.574,-30.674
1633,600.000,600.000,1200.000,78.486,-30.674
1634,600.000,600.000,1200.000,78.398,-30.674
1635,600.000,600.000,1200.000,78.311,-30.674
1636,600.000,600.000,1200.000,78.223,-30.674
1637,600.000,600.000,1200.000,78.135,-30.674
1638,600.000,600.000,1200.000,78.047,-30.674
1639,600.000,600.000,1200.000,77.959,-30.674
1640,600.000,600.000,1200.000,77.959,-30.674
1641,600.000,600.000,1200.000,77.783,-30.762
1642,600.000,600.000,1200.000,77.783,-30.762
1643,600.000,600.000,1200.000,77.607,-30.762
1644,600.000,600.000,1200.000,77.607,-30.762
1645,600.000,600.000,1200.000,77.607,-30.762
1646,600.000,600.000,1200.000,77.432,-30.762
1647,600.000,600.000,1200.000,77.344,-30.762
1648,600.000,600.000,1200.000,77.344,-30.762
1649,600.000,600.000,1200.000,77.256,-30.762
1650,600.000,600.000,1200.000,77.256,-30.762
1651,600.000,600.000,1200.000,77.168,-30.762
1652,600.000,600.000,1200.000,77.080,-30.850
1653,600.000,600.000,1200.000,76.992,-30.850
1654,600.000,600.000,1200.000,76.816,-30.850
1655,600.000,600.000,1200.000,76.729,-30.850
1656,600.000,600.000,1200.000,76.729,-30.850
1657,600.000,600.000,1200.000,76.729,-30.850
1658,600.000,600.000,1200.000,76.641,-30.850
1659,600.000,600.000,1200.000,76.553,-30.850
1660,600.000,600.000,1200.000,76.465,-30.937
1661,600.000,600.000,1200.000,76.465,-30.937
1662,600.000,600.000,1200.000,76.377,-30.937
1663,600.000,600.000,1200.000,76.289,-30.937
1664,600.000,600.000,1200.000,76.289,-30.937
1665,600.000,600.000,1200.000,76.201,-30.937
1666,600.000,600.000,1200.000,76.025,-30.937
1667,600.000,600.000,1200.000,76.025,-30.937
1668,600.000,600.000,1200.000,75.938,-30.937
1669,600.000,600.000,1200.000,75.762,-31.025
1670,600.000,600.000,1200.000,75.762,-31.025
1671,600.000,600.000,1200.000,75.674,-31.025
1672,600.000,600.000,1200.000,75.586,-31.025
1673,600.000,600.000,1200.000,75.586,-31.025
1674,600.000,600.000,1200.000,75.410,-31.025
1675,600.000,600.000,1200.000,75.410,-31.113
1676,600.000,600.000,1200.000,75.234,-31.113
1677,600.000,600.000,1200.000,75.234,-31.113
1678,600.000,600.000,1200.000,75.059,-31.113
1679,600.000,600.000,1200.000,75.059,-31.113
1680,600.000,600.000,1200.000,74.971,-31.201
1681,600.000,600.000,1200.000,74.883,-31.201
1682,600.000,600.000,1200.000,74.795,-31.201
1683,600.000,600.000,1200.000,74.795,-31.201
1684,600.000,600.000,1200.000,74.619,-31.201
1685,600.000,600.000,1200.000,74.619,-31.201
1686,600.000,600.000,1200.000,74.443,-31.201
1687,600.000,600.000,1200.000,74.443,-31.201
1688,600.000,600.000,1200.000,74.268,-31.289
1689,600.000,600.000,1200.000,74.268,-31.289
1690,600.000,600.000,1200.000,74.180,-31.289
1691,600.000,600.000,1200.000,74.092,-31.289
1692,600.000,600.000,1200.000,73.916,-31.377
1693,600.000,600.000,1200.000,73.916,-31.377
1694,600.000,600.000,1200.000,73.828,-31.377
1695,600.000,600.000,1200.000,73.828,-31.377
1696,600.000,600.000,1200.000,73.740,-31.377
1697,600.000,600.000,1200.000,73.652,-31.377
1698,600.000,600.000,1200.000,73.564,-31.377
1699,600.000,600.000,1200.000,73.477,-31.465
1700,600.000,600.000,1200.000,73.477,-31.465
1701,600.000,600.000,1200.000,73.301,-31.465
1702,600.000,600.000,1200.000,73.301,-31.465
1703,600.000,600.000,1200.000,73.301,-31.465
1704,600.000,600.000,1200.000,73.125,-31.465
1705,600.000,600.000,1200.000,73.125,-31.465
1706,600.000,600.000,1200.000,73.037,-31.553
1707,600.000,600.000,1200.000,72.861,-31.553
1708,600.000,600.000,1200.000,72.773,-31.553
1709,600.000,600.000,1200.000,72.773,-31.553
1710,600.000,600.000,1200.000,72.598,-31.553
1711,600.000,600.000,1200.000,72.598,-31.641
1712,600.000,600.000,1200.000,72.510,-31.641
1713,600.000,600.000,1200.000,72.334,-31.641
1714,600.000,600.000,1200.000,72.334,-31.641
1715,600.000,600.000,1200.000,72.246,-31.641
1716,600.000,600.000,1200.000,72.158,-31.641
1717,600.000,600.000,1200.000,72.070,-31.641
1718,600.000,600.000,1200.000,71.982,-31.729
1719,600.000,600.000,1200.000,71.982,-31.729
1720,600.000,600.000,1200.000,71.895,-31.729
1721,600.000,600.000,1200.000,71.807,-31.729
1722,600.000,600.000,1200.000,71.807,-31.816
1723,600.000,600.000,1200.000,71.719,-31.816
1724,600.000,600.000,1200.000,71.543,-31.816
1725,600.000,600.000,1200.000,71.543,-31.816
1726,600.000,600.000,1200.000,71.367,-31.816
1727,600.000,600.000,1200.000,71.279,-31.816
1728,600.000,600.000,1200.000,71.191,-31.904
1729,600.000,600.000,1200.000,71.104,-31.904
1730,600.000,600.000,1200.000,71.016,-31.904
1731,600.000,600.000,1200.000,71.016,-31.904
1732,600.000,600.000,1200.000,70.840,-31.992
1733,600.000,600.000,1200.000,70.840,-31.992
1734,600.000,600.000,1200.000,70.664,-31.992
1735,600.000,600.000,1200.000,70.664,-31.992
1736,600.000,600.000,1200.000,70.576,-31.992
1737,600.000,600.000,1200.000,70.488,-31.992
1738,600.000,600.000,1200.000,70.488,-32.080
1739,600.000,600.000,1200.000,70.400,-32.080
1740,600.000,600.000,1200.000,70.313,-32.080
1741,600.000,600.000,1200.000,70.225,-32.080
1742,600.000,600.000,1200.000,70.137,-32.080
1743,600.000,600.000,1200.000,70.137,-32.080
1744,600.000,600.000,1200.000,70.049,-32.080
1745,600.000,600.000,1200.000,69.961,-32.080
1746,600.000,600.000,1200.000,69.873,-32.080
1747,600.000,600.000,1200.000,69.873,-32.168
1748,600.000,600.000,1200.000,69.697,-32.168
1749,600.000,600.000,1200.000,69.609,-32.168
1750,600.000,600.000,1200.000,69.521,-32.168
1751,600.000,600.000,1200.000,69.521,-32.168
1752,600.000,600.000,1200.000,69.434,-32.168
1753,600.000,600.000,1200.000,69.258,-32.256
1754,600.000,600.000,1200.000,69.258,-32.256
1755,600.000,600.000,1200.000,69.170,-32.256
1756,600.000,600.000,1200.000,69.082,-32.256
1757,600.000,600.000,1200.000,69.082,-32.256
1758,600.000,600.000,1200.000,68.994,-32.256
1759,600.000,600.000,1200.000,68.906,-32.256
1760,600.000,600.000,1200.000,68.730,-32.256
1761,600.000,600.000,1200.000,68.730,-32.256
1762,600.000,600.000,1200.000,68.555,-32.256
1763,600.000,600.000,1200.000,68.467,-32.256
1764,600.000,600.000,1200.000,68.379,-32.256
1765,600.000,600.000,1200.000,68.291,-32.256
1766,600.000,600.000,1200.000,68.291,-32.344
1767,600.000,600.000,1200.000,68.115,-32.344
1768,600.000,600.000,1200.000,68.027,-32.344
1769,600.000,600.000,1200.000,68.027,-32.344
1770,600.000,600.000,1200.000,67.939,-32.344
1771,600.000,600.000,1200.000,67.852,-32.344
1772,600.000,600.000,1200.000,67.764,-32.344
1773,600.000,600.000,1200.000,67.676,-32.344
1774,600.000,600.000,1200.000,67.588,-32.344
1775,600.000,600.000,1200.000,67.588,-32.432
1776,600.000,600.000,1200.000,67.412,-32.432
1777,600.000,600.000,1200.000,67.324,-32.432
1778,600.000,600.000,1200.000,67.324,-32.432
1779,600.000,600.000,1200.000,67.236,-32.432
1780,600.000,600.000,1200.000,67.148,-32.432
1781,600.000,600.000,1200.000,67.061,-32.520
1782,600.000,600.000,1200.000,66.973,-32.520
1783,600.000,600.000,1200.000,66.885,-32.520
1784,600.000,600.000,1200.000,66.797,-32.520
1785,600.000,600.000,1200.000,66.797,-32.520
1786,600.000,600.000,1200.000,66.709,-32.520
1787,600.000,600.000,1200.000,66.621,-32.520
1788,600.000,600.000,1200.000,66.533,-32.520
1789,600.000,600.000,1200.000,66.533,-32.520
1790,600.000,600.000,1200.000,66.357,-32.520
1791,600.000,600.000,1200.000,66.270,-32.520
1792,600.000,600.000,1200.000,66.270,-32.520
1793,600.000,600.000,1200.000,66.182,-32.520
1794,600.000,600.000,1200.000,66.182,-32.520
1795,600.000,600.000,1200.000,66.006,-32.520
1796,600.000,600.000,1200.000,66.006,-32.520
1797,600.000,600.000,1200.000,65.830,-32.520
1798,600.000,600.000,1200.000,65.742,-32.520
1799,600.000,600.000,1200.000,65.654,-32.607
1800,600.000,600.000,1200.000,65.654,-32.607
1801,600.000,600.000,1200.000,65.479,-32.607
1802,600.000,600.000,1200.000,65.479,-32.607
1803,600.000,600.000,1200.000,65.479,-32.607
1804,600.000,600.000,1200.000,65.303,-32.607
1805,600.000,600.000,1200.000,65.303,-32.607
1806,600.000,600.000,1200.000,65.127,-32.607
1807,600.000,600.000,1200.000,65.127,-32.607
1808,600.000,600.000,1200.000,64.951,-32.695
1809,600.000,600.000,1200.000,64.863,-32.695
1810,600.000,600.000,1200.000,64.863,-32.695
1811,600.000,600.000,1200.000,64.688,-32.695
1812,600.000,600.000,1200.000,64.688,-32.695
1813,600.000,600.000,1200.000,64.600,-32.695
1814,600.000,600.000,1200.000,64.512,-32.695
1815,600.000,600.000,1200.000,64.424,-32.695
1816,600.000,600.000,1200.000,64.248,-32.695
1817,600.000,600.000,1200.000,64.248,-32.695
1818,600.000,600.000,1200.000,64.160,-32.695
1819,600.000,600.000,1200.000,64.160,-32.695
1820,600.000,600.000,1200.000,63.984,-32.695
1821,600.000,600.000,1200.000,63.984,-32.695
1822,600.000,600.000,1200.000,63.809,-32.695
1823,600.000,600.000,1200.000,63.809,-32.695
1824,600.000,600.000,1200.000,63.721,-32.695
1825,600.000,600.000,1200.000,63.633,-32.695
1826,600.000,600.000,1200.000,63.633,-32.695
1827,600.000,600.000,1200.000,63.545,-32.695
1828,600.000,600.000,1200.000,63.457,-32.695
1829,600.000,600.000,1200.000,63.369,-32.695
1830,600.000,600.000,1200.000,63.281,-32.695
1831,600.000,600.000,1200.000,63.193,-32.695
1832,600.000,600.000,1200.000,63.105,-32.695
1833,600.000,600.000,1200.000,63.105,-32.695
1834,600.000,600.000,1200.000,62.930,-32.695
1835,600.000,600.000,1200.000,62.930,-32.695
1836,600.000,600.000,1200.000,62.842,-32.695
1837,600.000,600.000,1200.000,62.754,-32.695
1838,600.000,600.000,1200.000,62.666,-32.695
1839,600.000,600.000,1200.000,62.578,-32.695
1840,600.000,600.000,1200.000,62.490,-32.695
1841,600.000,600.000,1200.000,62.314,-32.695
1842,600.000,600.000,1200.000,62.314,-32.695
1843,600.000,600.000,1200.000,62.139,-32.695
1844,600.000,600.000,1200.000,62.139,-32.695
1845,600.000,600.000,1200.000,62.051,-32.695
1846,600.000,600.000,1200.000,61.963,-32.695
1847,600.000,600.000,1200.000,61.875,-32.695
1848,600.000,600.000,1200.000,61.787,-32.695
1849,600.000,600.000,1200.000,61.787,-32.695
1850,600.000,600.000,1200.000,61.699,-32.695
1851,600.000,600.000,1200.000,61.699,-32.695
1852,600.000,600.000,1200.000,61.611,-32.695
1853,600.000,600.000,1200.000,61.523,-32.695
1854,600.000,600.000,1200.000,61.523,-32.695
1855,600.000,600.000,1200.000,61.348,-32.695
1856,600.000,600.000,1200.000,61.348,-32.695
1857,600.000,600.000,1200.000,61.172,-32.695
1858,600.000,600.000,1200.000,60.996,-32.695
1859,600.000,600.000,1200.000,60.996,-32.783
1860,600.000,600.000,1200.000,60.908,-32.783
1861,600.000,600.000,1200.000,60.820,-32.783
1862,600.000,600.000,1200.000,60.820,-32.783
1863,600.000,600.000,1200.000,60.732,-32.783
1864,600.000,600.000,1200.000,60.645,-32.783
1865,600.000,600.000,1200.000,60.557,-32.783
1866,600.000,600.000,1200.000,60.469,-32.783
1867,600.000,600.000,1200.000,60.381,-32.783
1868,600.000,600.000,1200.000,60.381,-32.783
1869,600.000,600.000,1200.000,60.293,-32.783
1870,600.000,600.000,1200.000,60.205,-32.783
1871,600.000,600.000,1200.000,60.205,-32.783
1872,600.000,600.000,1200.000,60.117,-32.783
1873,600.000,600.000,1200.000,59.941,-32.783
1874,600.000,600.000,1200.000,59.941,-32.871
1875,600.000,600.000,1200.000,59.941,-32.871
1876,600.000,600.000,1200.000,59.854,-32.871
1877,600.000,600.000,1200.000,59.766,-32.871
1878,600.000,600.000,1200.000,59.766,-32.871
1879,600.000,600.000,1200.000,59.678,-32.871
1880,600.000,600.000,1200.000,59.502,-32.871
1881,600.000,600.000,1200.000,59.414,-32.871
1882,600.000,600.000,1200.000,59.414,-32.871
1883,600.000,600.000,1200.000,59.326,-32.871
1884,600.000,600.000,1200.000,59.238,-32.871
1885,600.000,600.000,1200.000,59.150,-32.871
1886,600.000,600.000,1200.000,59.063,-32.871
1887,600.000,600.000,1200.000,59.063,-32.959
1888,600.000,600.000,1200.000,58.975,-32.959
1889,600.000,600.000,1200.000,58.887,-32.959
1890,600.000,600.000,1200.000,58.887,-32.959
1891,600.000,600.000,1200.000,58.711,-32.959
1892,600.000,600.000,1200.000,58.711,-32.959
1893,600.000,600.000,1200.000,58.623,-32.959
1894,600.000,600.000,1200.000,58.535,-32.959
1895,600.000,600.000,1200.000,58.535,-32.959
1896,600.000,600.000,1200.000,58.359,-32.959
1897,600.000,600.000,1200.000,58.271,-32.959
1898,600.000,600.000,1200.000,58.271,-32.959
1899,600.000,600.000,1200.000,58.096,-32.959
1900,600.000,600.000,1200.000,58.096,-32.959
1901,600.000,600.000,1200.000,58.008,-33.047
1902,600.000,600.000,1200.000,57.920,-33.047
1903,600.000,600.000,1200.000,57.832,-33.047
1904,600.000,600.000,1200.000,57.744,-33.047
1905,600.000,600.000,1200.000,57.744,-33.047
1906,600.000,600.000,1200.000,57.656,-33.047
1907,600.000,600.000,1200.000,57.568,-33.047
1908,600.000,600.000,1200.000,57.480,-33.047
1909,600.000,600.000,1200.000,57.393,-33.047
1910,600.000,600.000,1200.000,57.393,-33.135
1911,600.000,600.000,1200.000,57.217,-33.135
1912,600.000,600.000,1200.000,57.217,-33.135
1913,600.000,600.000,1200.000,57.129,-33.135
1914,600.000,600.000,1200.000,57.129,-33.135
1915,600.000,600.000,1200.000,57.041,-33.135
1916,600.000,600.000,1200.000,56.953,-33.223
1917,600.000,600.000,1200.000,56.953,-33.223
1918,600.000,600.000,1200.000,56.865,-33.223
1919,600.000,600.000,1200.000,56.777,-33.223
1920,600.000,600.000,1200.000,56.777,-33.223
1921,600.000,600.000,1200.000,56.602,-33.223
1922,600.000,600.000,1200.000,56.602,-33.223
1923,600.000,600.000,1200.000,56.514,-33.223
1924,600.000,600.000,1200.000,56.426,-33.223
1925,600.000,600.000,1200.000,56.338,-33.223
1926,600.000,600.000,1200.000,56.338,-33.223
1927,600.000,600.000,1200.000,56.250,-33.223
1928,600.000,600.000,1200.000,56.250,-33.223
1929,600.000,600.000,1200.000,56.074,-33.223
1930,600.000,600.000,1200.000,56.074,-33.311
1931,600.000,600.000,1200.000,55.986,-33.311
1932,600.000,600.000,1200.000,55.898,-33.311
1933,600.000,600.000,1200.000,55.898,-33.311
1934,600.000,600.000,1200.000,55.898,-33.311
1935,600.000,600.000,1200.000,55.723,-33.311
1936,600.000,600.000,1200.000,55.635,-33.311
1937,600.000,600.000,1200.000,55.547,-33.311
1938,600.000,600.000,1200.000,55.459,-33.398
1939,600.000,600.000,1200.000,55.459,-33.398
1940,600.000,600.000,1200.000,55.371,-33.398
1941,600.000,600.000,1200.000,55.283,-33.398
1942,600.000,600.000,1200.000,55.195,-33.398
1943,600.000,600.000,1200.000,55.195,-33.486
1944,600.000,600.000,1200.000,55.107,-33.486
1945,600.000,600.000,1200.000,55.107,-33.486
1946,600.000,600.000,1200.000,54.932,-33.486
1947,600.000,600.000,1200.000,54.932,-33.486
1948,600.000,600.000,1200.000,54.844,-33.486
1949,600.000,600.000,1200.000,54.756,-33.486
1950,600.000,600.000,1200.000,54.668,-33.486
1951,600.000,600.000,1200.000,54.580,-33.486
1952,600.000,600.000,1200.000,54.580,-33.486
1953,600.000,600.000,1200.000,54.404,-33.574
1954,600.000,600.000,1200.000,54.404,-33.574
1955,600.000,600.000,1200.000,54.404,-33.574
1956,600.000,600.000,1200.000,54.316,-33.574
1957,600.000,600.000,1200.000,54.229,-33.574
1958,600.000,600.000,1200.000,54.229,-33.574
1959,600.000,600.000,1200.000,54.141,-33.574
1960,600.000,600.000,1200.000,54.053,-33.574
1961,600.000,600.000,1200.000,53.965,-33.662
1962,600.000,600.000,1200.000,53.965,-33.662
1963,600.000,600.000,1200.000,53.877,-33.662
1964,600.000,600.000,1200.000,53.877,-33.662
1965,600.000,600.000,1200.000,53.701,-33.662
1966,600.000,600.000,1200.000,53.701,-33.662
1967,600.000,600.000,1200.000,53.613,-33.662
1968,600.000,600.000,1200.000,53.438,-33.662
1969,600.000,600.000,1200.000,53.438,-33.662
1970,600.000,600.000,1200.000,53.438,-33.662
1971,600.000,600.000,1200.000,53.350,-33.662
1972,600.000,600.000,1200.000,53.262,-33.662
1973,600.000,600.000,1200.000,53.262,-33.662
1974,600.000,600.000,1200.000,53.174,-33.662
1975,600.000,600.000,1200.000,53.086,-33.662
1976,600.000,600.000,1200.000,53.086,-33.750
1977,600.000,600.000,1200.000,53.086,-33.750
1978,600.000,600.000,1200.000,52.998,-33.750
1979,600.000,600.000,1200.000,52.910,-33.750
1980,600.000,600.000,1200.000,52.910,-33.750
1981,600.000,600.000,1200.000,52.822,-33.750
1982,600.000,600.000,1200.000,52.734,-33.750
1983,600.000,600.000,1200.000,52.734,-33.750
1984,600.000,600.000,1200.000,52.734,-33.750
1985,600.000,600.000,1200.000,52.559,-33.750
1986,600.000,600.000,1200.000,52.559,-33.750
1987,600.000,600.000,1200.000,52.471,-33.838
1988,600.000,600.000,1200.000,52.471,-33.838
1989,600.000,600.000,1200.000,52.383,-33.838
1990,600.000,600.000,1200.000,52.383,-33.838
1991,600.000,600.000,1200.000,52.295,-33.838
1992,600.000,600.000,1200.000,52.295,-33.838
1993,600.000,600.000,1200.000,52.119,-33.926
1994,600.000,600.000,1200.000,52.031,-33.926
1995,600.000,600.000,1200.000,52.031,-33.926
1996,600.000,600.000,1200.000,51.943,-33.926
1997,600.000,600.000,1200.000,51.943,-33.926
1998,600.000,600.000,1200.000,51.943,-33.926
1999,600.000,600.000,1200.000,51.855,-34.014
2000,600.000,600.000,1200.000,51.855,-34.014
2001,600.000,600.000,1200.000,51.768,-34.014
2002,600.000,600.000,1200.000,51.768,-34.014
2003,600.000,600.000,1200.000,51.680,-34.014
2004,600.000,600.000,1200.000,51.680,-34.014
2005,600.000,600.000,1200.000,51.592,-34.014
2006,600.000,600.000,1200.000,51.592,-34.014
2007,600.000,600.000,1200.000,51.504,-34.102
2008,600.000,600.000,1200.000,51.328,-34.102
2009,600.000,600.000,1200.000,51.328,-34.102
2010,600.000,600.000,1200.000,51.328,-34.102
2011,600.000,600.000,1200.000,51.240,-34.102
2012,600.000,600.000,1200.000,51.240,-34.102
2013,600.000,600.000,1200.000,51.152,-34.189
2014,600.000,600.000,1200.000,51.064,-34.189
2015,600.000,600.000,1200.000,51.064,-34.189
2016,600.000,600.000,1200.000,50.977,-34.189
2017,600.000,600.000,1200.000,50.889,-34.189
2018,600.000,600.000,1200.000,50.889,-34.189
2019,600.000,600.000,1200.000,50.801,-34.189
2020,600.000,600.000,1200.000,50.801,-34.189
2021,600.000,600.000,1200.000,50.713,-34.277
2022,600.000,600.000,1200.000,50.713,-34.277
2023,600.000,600.000,1200.000,50.713,-34.365
2024,600.000,600.000,1200.000,50.625,-34.365
2025,600.000,600.000,1200.000,50.537,-34.365
2026,600.000,600.000,1200.000,50.537,-34.365
2027,600.000,600.000,1200.000,50.449,-34.365
2028,600.000,600.000,1200.000,50.449,-34.365
2029,600.000,600.000,1200.000,50.449,-34.365
2030,600.000,600.000,1200.000,50.361,-34.365
2031,600.000,600.000,1200.000,50.273,-34.453
2032,600.000,600.000,1200.000,50.273,-34.453
2033,600.000,600.000,1200.000,50.186,-34.453
2034,600.000,600.000,1200.000,50.098,-34.453
2035,600.000,600.000,1200.000,50.010,-34.453
2036,600.000,600.000,1200.000,50.010,-34.541
2037,600.000,600.000,1200.000,50.010,-34.541
2038,600.000,600.000,1200.000,50.010,-34.541
2039,600.000,600.000,1200.000,49.922,-34.541
2040,600.000,600.000,1200.000,49.834,-34.541
2041,600.000,600.000,1200.000,49.834,-34.541
2042,600.000,600.000,1200.000,49.834,-34.541
2043,600.000,600.000,1200.000,49.834,-34.541
2044,600.000,600.000,1200.000,49.658,-34.541
2045,600.000,600.000,1200.000,49.658,-34.629
2046,600.000,600.000,1200.000,49.570,-34.629
2047,600.000,600.000,1200.000,49.570,-34.629
2048,600.000,600.000,1200.000,49.570,-34.629
2049,600.000,600.000,1200.000,49.482,-34.629
2050,600.000,600.000,1200.000,49.482,-34.629
2051,600.000,600.000,1200.000,49.395,-34.629
2052,600.000,600.000,1200.000,49.395,-34.629
2053,600.000,600.000,1200.000,49.395,-34.629
2054,600.000,600.000,1200.000,49.307,-34.717
2055,600.000,600.000,1200.000,49.219,-34.805
2056,600.000,600.000,1200.000,49.219,-34.805
2057,600.000,600.000,1200.000,49.219,-34.805
2058,600.000,600.000,1200.000,49.131,-34.805
2059,600.000,600.000,1200.000,49.043,-34.805
2060,600.000,600.000,1200.000,49.043,-34.805
2061,600.000,600.000,1200.000,49.043,-34.805
2062,600.000,600.000,1200.000,48.955,-34.805
2063,600.000,600.000,1200.000,48.955,-34.805
2064,600.000,600.000,1200.000,48.867,-34.805
2065,600.000,600.000,1200.000,48.867,-34.893
2066,600.000,600.000,1200.000,48.779,-34.893
2067,600.000,600.000,1200.000,48.779,-34.893
2068,600.000,600.000,1200.000,48.779,-34.893
2069,600.000,600.000,1200.000,48.691,-34.893
2070,600.000,600.000,1200.000,48.691,-34.893
2071,600.000,600.000,1200.000,48.516,-34.980
2072,600.000,600.000,1200.000,48.516,-34.980
2073,600.000,600.000,1200.000,48.516,-34.980
2074,600.000,600.000,1200.000,48.516,-34.980
2075,600.000,600.000,1200.000,48.428,-34.980
2076,600.000,600.000,1200.000,48.428,-34.980
2077,600.000,600.000,1200.000,48.428,-34.980
2078,600.000,600.000,1200.000,48.340,-34.980
2079,600.000,600.000,1200.000,48.252,-35.068
2080,600.000,600.000,1200.000,48.252,-35.068
2081,600.000,600.000,1200.000,48.252,-35.068
2082,600.000,600.000,1200.000,48.252,-35.068
2083,600.000,600.000,1200.000,48.164,-35.156
2084,600.000,600.000,1200.000,48.164,-35.244
2085,600.000,600.000,1200.000,48.076,-35.244
2086,600.000,600.000,1200.000,48.076,-35.244
2087,600.000,600.000,1200.000,48.076,-35.244
2088,600.000,600.000,1200.000,48.076,-35.332
2089,600.000,600.000,1200.000,48.076,-35.332
2090,600.000,600.000,1200.000,47.988,-35.332
2091,600.000,600.000,1200.000,47.988,-35.332
2092,600.000,600.000,1200.000,47.900,-35.332
2093,600.000,600.000,1200.000,47.900,-35.420
2094,600.000,600.000,1200.000,47.813,-35.420
2095,600.000,600.000,1200.000,47.813,-35.420
2096,600.000,600.000,1200.000,47.813,-35.508
2097,600.000,600.000,1200.000,47.813,-35.508
2098,600.000,600.000,1200.000,47.813,-35.508
2099,600.000,600.000,1200.000,47.813,-35.508
2100,600.000,600.000,1200.000,47.725,-35.596
2101,600.000,600.000,1200.000,47.725,-35.596
2102,600.000,600.000,1200.000,47.725,-35.596
2103,600.000,600.000,1200.000,47.637,-35.596
2104,600.000,600.000,1200.000,47.637,-35.684
2105,600.000,600.000,1200.000,47.549,-35.684
2106,600.000,600.000,1200.000,47.549,-35.684
2107,600.000,600.000,1200.000,47.549,-35.771
2108,600.000,600.000,1200.000,47.549,-35.771
2109,600.000,600.000,1200.000,47.461,-35.859
2110,600.000,600.000,1200.000,47.461,-35.859
2111,600.000,600.000,1200.000,47.373,-35.859
2112,600.000,600.000,1200.000,47.373,-35.859
2113,600.000,600.000,1200.000,47.373,-35.947
2114,600.000,600.000,1200.000,47.373,-35.947
2115,600.000,600.000,1200.000,47.373,-36.035
2116,600.000,600.000,1200.000,47.373,-36.035
2117,600.000,600.000,1200.000,47.285,-36.035
2118,600.000,600.000,1200.000,47.285,-36.211
2119,600.000,600.000,1200.000,47.285,-36.211
2120,600.000,600.000,1200.000,47.285,-36.211
2121,600.000,600.000,1200.000,47.197,-36.211
2122,600.000,600.000,1200.000,47.197,-36.387
2123,600.000,600.000,1200.000,47.109,-36.387
2124,600.000,600.000,1200.000,47.109,-36.387
2125,600.000,600.000,1200.000,47.109,-36.387
2126,600.000,600.000,1200.000,47.109,-36.387
2127,600.000,600.000,1200.000,47.109,-36.387
2128,600.000,600.000,1200.000,47.109,-36.475
2129,600.000,600.000,1200.000,47.021,-36.475
2130,600.000,600.000,1200.000,47.021,-36.475
2131,600.000,600.000,1200.000,47.021,-36.475
2132,600.000,600.000,1200.000,47.021,-36.475
2133,600.000,600.000,1200.000,46.934,-36.563
2134,600.000,600.000,1200.000,46.934,-36.563
2135,600.000,600.000,1200.000,46.934,-36.563
2136,600.000,600.000,1200.000,46.934,-36.650
2137,600.000,600.000,1200.000,46.846,-36.650
2138,600.000,600.000,1200.000,46.846,-36.650
2139,600.000,600.000,1200.000,46.846,-36.650
2140,600.000,600.000,1200.000,46.846,-36.650
2141,600.000,600.000,1200.000,46.758,-36.650
2142,600.000,600.000,1200.000,46.758,-36.738
2143,600.000,600.000,1200.000,46.758,-36.738
2144,600.000,600.000,1200.000,46.758,-36.826
2145,600.000,600.000,1200.000,46.670,-36.826
2146,600.000,600.000,1200.000,46.670,-36.914
2147,600.000,600.000,1200.000,46.670,-36.914
2148,600.000,600.000,1200.000,46.582,-36.914
2149,600.000,600.000,1200.000,46.582,-36.914
2150,600.000,600.000,1200.000,46.582,-36.914
2151,600.000,600.000,1200.000,46.582,-37.002
2152,600.000,600.000,1200.000,46.582,-37.002
2153,600.000,600.000,1200.000,46.582,-37.002
2154,600.000,600.000,1200.000,46.582,-37.002
2155,600.000,600.000,1200.000,46.582,-37.090
2156,600.000,600.000,1200.000,46.494,-37.090
2157,600.000,600.000,1200.000,46.494,-37.178
2158,600.000,600.000,1200.000,46.494,-37.178
2159,600.000,600.000,1200.000,46.494,-37.178
2160,600.000,600.000,1200.000,46.406,-37.178
2161,600.000,600.000,1200.000,46.406,-37.178
2162,600.000,600.000,1200.000,46.406,-37.178
2163,600.000,600.000,1200.000,46.406,-37.178
2164,600.000,600.000,1200.000,46.406,-37.266
2165,600.000,600.000,1200.000,46.406,-37.354
2166,600.000,600.000,1200.000,46.406,-37.354
2167,600.000,600.000,1200.000,46.318,-37.354
2168,600.000,600.000,1200.000,46.318,-37.354
2169,600.000,600.000,1200.000,46.230,-37.354
2170,600.000,600.000,1200.000,46.230,-37.354
2171,600.000,600.000,1200.000,46.230,-37.354
2172,600.000,600.000,1200.000,46.230,-37.354
2173,600.000,600.000,1200.000,46.230,-37.354
2174,600.000,600.000,1200.000,46.230,-37.354
2175,600.000,600.000,1200.000,46.230,-37.441
2176,600.000,600.000,1200.000,46.230,-37.529
2177,600.000,600.000,1200.000,46.143,-37.529
2178,600.000,600.000,1200.000,46.143,-37.529
2179,600.000,600.000,1200.000,46.143,-37.529
2180,600.000,600.000,1200.000,46.055,-37.529
2181,600.000,600.000,1200.000,46.055,-37.529
2182,600.000,600.000,1200.000,46.055,-37.529
2183,600.000,600.000,1200.000,46.055,-37.529
2184,600.000,600.000,1200.000,46.055,-37.529
2185,600.000,600.000,1200.000,46.055,-37.529
2186,600.000,600.000,1200.000,46.055,-37.529
2187,600.000,600.000,1200.000,45.967,-37.617
2188,600.000,600.000,1200.000,45.967,-37.617
2189,600.000,600.000,1200.000,45.967,-37.617
2190,600.000,600.000,1200.000,45.967,-37.617
2191,600.000,600.000,1200.000,45.967,-37.705
2192,600.000,600.000,1200.000,45.967,-37.705
2193,600.000,600.000,1200.000,45.967,-37.705
2194,600.000,600.000,1200.000,45.967,-37.705
2195,600.000,600.000,1200.000,45.879,-37.705
2196,600.000,600.000,1200.000,45.879,-37.705
2197,600.000,600.000,1200.000,45.879,-37.705
2198,600.000,600.000,1200.000,45.791,-37.705
2199,600.000,600.000,1200.000,45.791,-37.705
2200,600.000,600.000,1200.000,45.791,-37.705
2201,600.000,600.000,1200.000,45.791,-37.793
2202,600.000,600.000,1200.000,45.791,-37.793
2203,600.000,600.000,1200.000,45.791,-37.793
2204,600.000,600.000,1200.000,45.791,-37.793
2205,600.000,600.000,1200.000,45.791,-37.793
2206,600.000,600.000,1200.000,45.791,-37.793
2207,600.000,600.000,1200.000,45.703,-37.881
2208,600.000,600.000,1200.000,45.703,-37.881
2209,600.000,600.000,1200.000,45.703,-37.881
2210,600.000,600.000,1200.000,45.703,-37.881
2211,600.000,600.000,1200.000,45.615,-37.881
2212,600.000,600.000,1200.000,45.615,-37.881
2213,600.000,600.000,1200.000,45.615,-37.881
2214,600.000,600.000,1200.000,45.615,-37.881
2215,600.000,600.000,1200.000,45.615,-37.881
2216,600.000,600.000,1200.000,45.527,-37.881
2217,600.000,600.000,1200.000,45.527,-37.881
2218,600.000,600.000,1200.000,45.527,-37.881
2219,600.000,600.000,1200.000,45.527,-37.881
2220,600.000,600.000,1200.000,45.527,-37.881
2221,600.000,600.000,1200.000,45.527,-37.881
2222,600.000,600.000,1200.000,45.527,-37.969
2223,600.000,600.000,1200.000,45.527,-37.969
2224,600.000,600.000,1200.000,45.439,-38.057
2225,600.000,600.000,1200.000,45.439,-38.057
2226,600.000,600.000,1200.000,45.439,-38.057
2227,600.000,600.000,1200.000,45.439,-38.057
2228,600.000,600.000,1200.000,45.352,-38.057
2229,600.000,600.000,1200.000,45.352,-38.057
2230,600.000,600.000,1200.000,45.352,-38.057
2231,600.000,600.000,1200.000,45.352,-38.057
2232,600.000,600.000,1200.000,45.264,-38.057
2233,600.000,600.000,1200.000,45.264,-38.057
2234,600.000,600.000,1200.000,45.264,-38.057
2235,600.000,600.000,1200.000,45.264,-38.057
2236,600.000,600.000,1200.000,45.264,-38.057
2237,600.000,600.000,1200.000,45.264,-38.057
2238,600.000,600.000,1200.000,45.264,-38.057
2239,600.000,600.000,1200.000,45.264,-38.057
2240,600.000,600.000,1200.000,45.264,-38.057
2241,600.000,600.000,1200.000,45.264,-38.057
2242,600.000,600.000,1200.000,45.264,-38.057
2243,600.000,600.000,1200.000,45.264,-38.057
2244,600.000,600.000,1200.000,45.264,-38.057
2245,600.000,600.000,1200.000,45.264,-38.057
2246,600.000,600.000,1200.000,45.264,-38.057
2247,600.000,600.000,1200.000,45.264,-38.057
2248,600.000,600.000,1200.000,45.176,-38.057
2249,600.000,600.000,1200.000,45.176,-38.145
2250,600.000,600.000,1200.000,45.176,-38.145
2251,600.000,600.000,1200.000,45.176,-38.145
2252,600.000,600.000,1200.000,45.176,-38.145
2253,600.000,600.000,1200.000,45.176,-38.145
2254,600.000,600.000,1200.000,45.176,-38.145
2255,600.000,600.000,1200.000,45.176,-38.145
2256,600.000,600.000,1200.000,45.176,-38.145
2257,600.000,600.000,1200.000,45.176,-38.145
2258,600.000,600.000,1200.000,45.176,-38.145
2259,600.000,600.000,1200.000,45.176,-38.145
2260,600.000,600.000,1200.000,45.176,-38.232
2261,600.000,600.000,1200.000,45.176,-38.232
2262,600.000,600.000,1200.000,45.088,-38.232
2263,600.000,600.000,1200.000,45.088,-38.232
2264,600.000,600.000,1200.000,45.088,-38.232
2265,600.000,600.000,1200.000,45.000,-38.232
2266,600.000,600.000,1200.000,45.000,-38.232
2267,600.000,600.000,1200.000,45.000,-38.232
2268,600.000,600.000,1200.000,45.000,-38.232
2269,600.000,600.000,1200.000,45.000,-38.232
2270,600.000,600.000,1200.000,45.000,-38.232
2271,600.000,600.000,1200.000,45.000,-38.232
2272,600.000,600.000,1200.000,45.000,-38.320
2273,600.000,600.000,1200.000,45.000,-38.320
2274,600.000,600.000,1200.000,45.000,-38.320
2275,600.000,600.000,1200.000,45.000,-38.320
2276,600.000,600.000,1200.000,44.912,-38.320
2277,600.000,600.000,1200.000,44.912,-38.320
2278,600.000,600.000,1200.000,44.912,-38.320
2279,600.000,600.000,1200.000,44.912,-38.320
2280,600.000,600.000,1200.000,44.912,-38.320
2281,600.000,600.000,1200.000,44.912,-38.320
2282,600.000,600.000,1200.000,44.912,-38.320
2283,600.000,600.000,1200.000,44.912,-38.320
2284,600.000,600.000,1200.000,44.912,-38.320
2285,600.000,600.000,1200.000,44.912,-38.320
2286,600.000,600.000,1200.000,44.912,-38.320
2287,600.000,600.000,1200.000,44.912,-38.408
2288,600.000,600.000,1200.000,44.912,-38.408
2289,600.000,600.000,1200.000,44.912,-38.408
2290,600.000,600.000,1200.000,44.912,-38.408
2291,600.000,600.000,1200.000,44.912,-38.408
2292,600.000,600.000,1200.000,44.912,-38.408
2293,600.000,600.000,1200.000,44.912,-38.408
2294,600.000,600.000,1200.000,44.912,-38.408
2295,600.000,600.000,1200.000,44.912,-38.408
2296,600.000,600.000,1200.000,44.824,-38.408
2297,600.000,600.000,1200.000,44.824,-38.408
2298,600.000,600.000,1200.000,44.824,-38.408
2299,600.000,600.000,1200.000,44.824,-38.408
2300,600.000,600.000,1200.000,44.824,-38.408
2301,600.000,600.000,1200.000,44.824,-38.408
2302,600.000,600.000,1200.000,44.824,-38.408
2303,600.000,600.000,1200.000,44.824,-38.408
2304,600.000,600.000,1200.000,44.824,-38.408
2305,600.000,600.000,1200.000,44.824,-38.408
2306,600.000,600.000,1200.000,44.824,-38.408
2307,600.000,600.000,1200.000,44.824,-38.408
2308,600.000,600.000,1200.000,44.824,-38.408
2309,600.000,600.000,1200.000,44.824,-38.408
2310,600.000,600.000,1200.000,44.824,-38.408
2311,600.000,600.000,1200.000,44.824,-38.408
2312,600.000,600.000,1200.000,44.824,-38.408
2313,600.000,600.000,1200.000,44.824,-38.408
2314,600.000,600.000,1200.000,44.824,-38.408
2315,600.000,600.000,1200.000,44.736,-38.408
2316,600.000,600.000,1200.000,44.736,-38.408
2317,600.000,600.000,1200.000,44.736,-38.408
2318,600.000,600.000,1200.000,44.736,-38.408
2319,600.000,600.000,1200.000,44.736,-38.408
2320,600.000,600.000,1200.000,44.736,-38.408
2321,600.000,600.000,1200.000,44.736,-38.408
2322,600.000,600.000,1200.000,44.736,-38.408
2323,600.000,600.000,1200.000,44.736,-38.408
2324,600.000,600.000,1200.000,44.736,-38.408
2325,600.000,600.000,1200.000,44.736,-38.408
2326,600.000,600.000,1200.000,44.736,-38.408
2327,600.000,600.000,1200.000,44.736,-38.408
2328,600.000,600.000,1200.000,44.736,-38.408
2329,600.000,600.000,1200.000,44.736,-38.408
2330,600.000,600.000,1200.000,44.736,-38.496
2331,600.000,600.000,1200.000,44.736,-38.496
2332,600.000,600.000,1200.000,44.736,-38.496
2333,600.000,600.000,1200.000,44.736,-38.496
2334,600.000,600.000,1200.000,44.736,-38.496
2335,600.000,600.000,1200.000,44.736,-38.496
2336,600.000,600.000,1200.000,44.736,-38.496
2337,600.000,600.000,1200.000,44.736,-38.496
2338,600.000,600.000,1200.000,44.736,-38.496
2339,600.000,600.000,1200.000,44.736,-38.496
2340,600.000,600.000,1200.000,44.736,-38.496
2341,600.000,600.000,1200.000,44.736,-38.496
2342,600.000,600.000,1200.000,44.736,-38.496
2343,600.000,600.000,1200.000,44.736,-38.496
2344,600.000,600.000,1200.000,44.736,-38.496
2345,600.000,600.000,1200.000,44.736,-38.496
2346,600.000,600.000,1200.000,44.736,-38.496
2347,600.000,600.000,1200.000,44.736,-38.496
2348,600.000,600.000,1200.000,44.736,-38.496
2349,600.000,600.000,1200.000,44.736,-38.496
2350,600.000,600.000,1200.000,44.736,-38.496
2351,600.000,600.000,1200.000,44.736,-38.496
2352,600.000,600.000,1200.000,44.736,-38.496
2353,600.000,600.000,1200.000,44.736,-38.496
2354,600.000,600.000,1200.000,44.736,-38.496
2355,600.000,600.000,1200.000,44.736,-38.496
2356,600.000,600.000,1200.000,44.736,-38.496
2357,600.000,600.000,1200.000,44.736,-38.496
2358,600.000,600.000,1200.000,44.736,-38.496
2359,600.000,600.000,1200.000,44.736,-38.496
2360,600.000,600.000,1200.000,44.736,-38.496
2361,600.000,600.000,1200.000,44.736,-38.496
2362,600.000,600.000,1200.000,44.736,-38.496
2363,600.000,600.000,1200.000,44.736,-38.496
2364,600.000,600.000,1200.000,44.736,-38.496
2365,600.000,600.000,1200.000,44.736,-38.496
2366,600.000,600.000,1200.000,44.736,-38.496
2367,600.000,600.000,1200.000,44.736,-38.496
2368,600.000,600.000,1200.000,44.736,-38.496
2369,600.000,600.000,1200.000,44.736,-38.496
2370,600.000,600.000,1200.000,44.736,-38.496
2371,600.000,600.000,1200.000,44.736,-38.496
2372,600.000,600.000,1200.000,44.736,-38.496
2373,600.000,600.000,1200.000,44.736,-38.496
2374,600.000,600.000,1200.000,44.736,-38.496
2375,600.000,600.000,1200.000,44.736,-38.496
2376,600.000,600.000,1200.000,44.736,-38.496
2377,600.000,600.000,1200.000,44.736,-38.496
2378,600.000,600.000,1200.000,44.736,-38.496
2379,600.000,600.000,1200.000,44.736,-38.496
2380,600.000,600.000,1200.000,44.736,-38.496
2381,600.000,600.000,1200.000,44.736,-38.496
2382,600.000,600.000,1200.000,44.736,-38.496
2383,600.000,600.000,1200.000,44.736,-38.496
2384,600.000,600.000,1200.000,44.736,-38.496
2385,600.000,600.000,1200.000,44.736,-38.496
2386,600.000,600.000,1200.000,44.736,-38.496
2387,600.000,600.000,1200.000,44.736,-38.496
2388,600.000,600.000,1200.000,44.736,-38.496
2389,600.000,600.000,1200.000,44.736,-38.496
2390,600.000,600.000,1200.000,44.736,-38.496
2391,600.000,600.000,1200.000,44.736,-38.496
2392,600.000,600.000,1200.000,44.736,-38.496
2393,600.000,600.000,1200.000,44.736,-38.496
2394,600.000,600.000,1200.000,44.736,-38.496
2395,600.000,600.000,1200.000,44.736,-38.496
2396,600.000,600.000,1200.000,44.736,-38.496
2397,600.000,600.000,1200.000,44.736,-38.496
2398,600.000,600.000,1200.000,44.736,-38.496
2399,600.000,600.000,1200.000,44.736,-38.496
2400,600.000,600.000,1200.000,44.736,-38.496
2401,600.000,600.000,1200.000,44.736,-38.496
2402,600.000,600.000,1200.000,44.736,-38.496
2403,600.000,600.000,1200.000,44.736,-38.496
2404,600.000,600.000,1200.000,44.736,-38.496
2405,600.000,600.000,1200.000,44.736,-38.496
2406,600.000,600.000,1200.000,44.736,-38.496
2407,600.000,600.000,1200.000,44.736,-38.496
2408,600.000,600.000,1200.000,44.736,-38.496
2409,600.000,600.000,1200.000,44.736,-38.496
2410,600.000,600.000,1200.000,44.736,-38.496
2411,600.000,600.000,1200.000,44.736,-38.496
2412,600.000,600.000,1200.000,44.736,-38.496
2413,600.000,600.000,1200.000,44.736,-38.496
2414,600.000,600.000,1200.000,44.736,-38.496
2415,600.000,600.000,1200.000,44.736,-38.496
2416,600.000,600.000,1200.000,44.736,-38.496
2417,600.000,600.000,1200.000,44.736,-38.496
2418,600.000,600.000,1200.000,44.736,-38.496
2419,600.000,600.000,1200.000,44.736,-38.496
2420,600.000,600.000,1200.000,44.736,-38.496
2421,600.000,600.000,1200.000,44.736,-38.496
2422,600.000,600.000,1200.000,44.736,-38.496
2423,600.000,600.000,1200.000,44.736,-38.496
2424,600.000,600.000,1200.000,44.736,-38.496
2425,600.000,600.000,1200.000,44.736,-38.496
2426,600.000,600.000,1200.000,44.736,-38.496
2427,600.000,600.000,1200.000,44.736,-38.496
2428,600.000,600.000,1200.000,44.736,-38.496
2429,600.000,600.000,1200.000,44.736,-38.496
2430,600.000,600.000,1200.000,44.736,-38.496
2431,600.000,600.000,1200.000,44.736,-38.496
2432,600.000,600.000,1200.000,44.824,-38.496
2433,600.000,600.000,1200.000,44.824,-38.496
2434,600.000,600.000,1200.000,44.824,-38.496
2435,600.000,600.000,1200.000,44.824,-38.496
2436,600.000,600.000,1200.000,44.824,-38.496
2437,600.000,600.000,1200.000,44.912,-38.496
2438,600.000,600.000,1200.000,44.912,-38.496
2439,600.000,600.000,1200.000,44.912,-38.496
2440,600.000,600.000,1200.000,44.912,-38.496
2441,600.000,600.000,1200.000,44.912,-38.496
2442,600.000,600.000,1200.000,44.912,-38.496
2443,600.000,600.000,1200.000,44.912,-38.496
2444,600.000,600.000,1200.000,44.912,-38.496
2445,600.000,600.000,1200.000,44.912,-38.496
2446,600.000,600.000,1200.000,44.912,-38.496
2447,600.000,600.000,1200.000,44.912,-38.496
2448,600.000,600.000,1200.000,44.912,-38.496
2449,600.000,600.000,1200.000,44.912,-38.496
2450,600.000,600.000,1200.000,44.912,-38.496
2451,600.000,600.000,1200.000,44.912,-38.496
2452,600.000,600.000,1200.000,44.912,-38.496
2453,600.000,600.000,1200.000,44.912,-38.496
2454,600.000,600.000,1200.000,44.912,-38.496
2455,600.000,600.000,1200.000,44.912,-38.496
2456,600.000,600.000,1200.000,44.912,-38.496
2457,600.000,600.000,1200.000,44.912,-38.496
2458,600.000,600.000,1200.000,44.912,-38.496
2459,600.000,600.000,1200.000,44.912,-38.496
2460,600.000,600.000,1200.000,44.912,-38.496
2461,600.000,600.000,1200.000,44.912,-38.496
2462,600.000,600.000,1200.000,44.912,-38.496
2463,600.000,600.000,1200.000,44.912,-38.496
2464,600.000,600.000,1200.000,44.912,-38.496
2465,600.000,600.000,1200.000,44.912,-38.496
2466,600.000,600.000,1200.000,44.912,-38.496
2467,600.000,600.000,1200.000,44.912,-38.496
2468,600.000,600.000,1200.000,45.000,-38.496
2469,600.000,600.000,1200.000,45.000,-38.496
2470,600.000,600.000,1200.000,45.000,-38.496
2471,600.000,600.000,1200.000,45.000,-38.496
2472,600.000,600.000,1200.000,45.000,-38.496
2473,600.000,600.000,1200.000,45.000,-38.496
2474,600.000,600.000,1200.000,45.000,-38.496
2475,600.000,600.000,1200.000,45.000,-38.496
2476,600.000,600.000,1200.000,45.000,-38.496
2477,600.000,600.000,1200.000,45.000,-38.496
2478,600.000,600.000,1200.000,45.000,-38.496
2479,600.000,600.000,1200.000,45.000,-38.496
2480,600.000,600.000,1200.000,45.000,-38.496
2481,600.000,600.000,1200.000,45.000,-38.496
2482,600.000,600.000,1200.000,45.000,-38.496
2483,600.000,600.000,1200.000,45.000,-38.496
2484,600.000,600.000,1200.000,45.000,-38.496
2485,600.000,600.000,1200.000,45.000,-38.496
2486,600.000,600.000,1200.000,45.000,-38.496
2487,600.000,600.000,1200.000,45.000,-38.496
2488,600.000,600.000,1200.000,45.000,-38.496
2489,600.000,600.000,1200.000,45.000,-38.496
2490,600.000,600.000,1200.000,45.000,-38.496
2491,600.000,600.000,1200.000,45.000,-38.496
2492,600.000,600.000,1200.000,45.000,-38.496
2493,600.000,600.000,1200.000,45.000,-38.496
2494,600.000,600.000,1200.000,45.000,-38.496
2495,600.000,600.000,1200.000,45.000,-38.496
2496,600.000,600.000,1200.000,45.000,-38.496
2497,600.000,600.000,1200.000,45.000,-38.496
2498,600.000,600.000,1200.000,45.000,-38.496
2499,600.000,600.000,1200.000,45.000,-38.496
2500,600.000,600.000,1200.000,45.000,-38.496
2501,600.000,600.000,1200.000,45.000,-38.496
2502,600.000,600.000,1200.000,45.000,-38.496
2503,600.000,600.000,1200.000,45.000,-38.496
2504,600.000,600.000,1200.000,45.000,-38.496
2505,600.000,600.000,1200.000,45.000,-38.496
2506,600.000,600.000,1200.000,45.000,-38.496
2507,600.000,600.000,1200.000,45.000,-38.496
2508,600.000,600.000,1200.000,45.000,-38.496
2509,600.000,600.000,1200.000,45.000,-38.496
2510,600.000,600.000,1200.000,45.000,-38.496
2511,600.000,600.000,1200.000,45.000,-38.496
2512,600.000,600.000,1200.000,45.000,-38.496
2513,600.000,600.000,1200.000,45.000,-38.496
2514,600.000,600.000,1200.000,45.000,-38.496
2515,600.000,600.000,1200.000,45.000,-38.496
2516,600.000,600.000,1200.000,45.000,-38.496
2517,600.000,600.000,1200.000,45.000,-38.496
2518,600.000,600.000,1200.000,45.000,-38.496
2519,600.000,600.000,1200.000,45.000,-38.496
2520,600.000,600.000,1200.000,45.000,-38.496
2521,600.000,600.000,1200.000,45.000,-38.496
2522,600.000,600.000,1200.000,45.000,-38.496
2523,600.000,600.000,1200.000,45.000,-38.496
2524,600.000,600.000,1200.000,45.000,-38.496
2525,600.000,600.000,1200.000,45.000,-38.496
2526,600.000,600.000,1200.000,45.000,-38.496
2527,600.000,600.000,1200.000,45.000,-38.496
2528,600.000,600.000,1200.000,45.088,-38.496
2529,600.000,600.000,1200.000,45.088,-38.496
2530,600.000,600.000,1200.000,45.088,-38.496
2531,600.000,600.000,1200.000,45.088,-38.496
2532,600.000,600.000,1200.000,45.088,-38.496
2533,600.000,600.000,1200.000,45.088,-38.496
2534,600.000,600.000,1200.000,45.088,-38.496
2535,600.000,600.000,1200.000,45.088,-38.496
2536,600.000,600.000,1200.000,45.088,-38.496
2537,600.000,600.000,1200.000,45.088,-38.496
2538,600.000,600.000,1200.000,45.088,-38.496
2539,600.000,600.000,1200.000,45.088,-38.496
2540,600.000,600.000,1200.000,45.088,-38.496
2541,600.000,600.000,1200.000,45.088,-38.496
2542,600.000,600.000,1200.000,45.088,-38.496
2543,600.000,600.000,1200.000,45.088,-38.496
2544,600.000,600.000,1200.000,45.088,-38.496
2545,600.000,600.000,1200.000,45.088,-38.496
2546,600.000,600.000,1200.000,45.088,-38.496
2547,600.000,600.000,1200.000,45.088,-38.496
2548,600.000,600.000,1200.000,45.088,-38.496
2549,600.000,600.000,1200.000,45.088,-38.496
2550,600.000,600.000,1200.000,45.088,-38.496
2551,600.000,600.000,1200.000,45.088,-38.496
2552,600.000,600.000,1200.000,45.088,-38.496
2553,600.000,600.000,1200.000,45.088,-38.496
2554,600.000,600.000,1200.000,45.088,-38.496
2555,600.000,600.000,1200.000,45.088,-38.496
2556,600.000,600.000,1200.000,45.088,-38.496
2557,600.000,600.000,1200.000,45.088,-38.496
2558,600.000,600.000,1200.000,45.088,-38.496
2559,600.000,600.000,1200.000,45.088,-38.496
2560,600.000,600.000,1200.000,45.088,-38.496
2561,600.000,600.000,1200.000,45.088,-38.496
2562,600.000,600.000,1200.000,45.088,-38.496
2563,600.000,600.000,1200.000,45.088,-38.496
2564,600.000,600.000,1200.000,45.088,-38.496
2565,600.000,600.000,1200.000,45.088,-38.496
2566,600.000,600.000,1200.000,45.088,-38.496
2567,600.000,600.000,1200.000,45.088,-38.496
2568,600.000,600.000,1200.000,45.088,-38.496
2569,600.000,600.000,1200.000,45.088,-38.496
2570,600.000,600.000,1200.000,45.088,-38.496
2571,600.000,600.000,1200.000,45.088,-38.496
2572,600.000,600.000,1200.000,45.088,-38.496
2573,600.000,600.000,1200.000,45.088,-38.496
2574,600.000,600.000,1200.000,45.088,-38.496
2575,600.000,600.000,1200.000,45.088,-38.496
2576,600.000,600.000,1200.000,45.088,-38.496
2577,600.000,600.000,1200.000,45.088,-38.496
2578,600.000,600.000,1200.000,45.088,-38.496
2579,600.000,600.000,1200.000,45.088,-38.496
2580,600.000,600.000,1200.000,45.088,-38.496
2581,600.000,600.000,1200.000,45.088,-38.496
2582,600.000,600.000,1200.000,45.088,-38.496
2583,600.000,600.000,1200.000,45.088,-38.496
2584,600.000,600.000,1200.000,45.088,-38.496
2585,600.000,600.000,1200.000,45.088,-38.496
2586,600.000,600.000,1200.000,45.088,-38.496
2587,600.000,600.000,1200.000,45.088,-38.496
2588,600.000,600.000,1200.000,45.088,-38.496
2589,600.000,600.000,1200.000,45.088,-38.496
2590,600.000,600.000,1200.000,45.088,-38.496
2591,600.000,600.000,1200.000,45.088,-38.496
2592,600.000,600.000,1200.000,45.088,-38.496
2593,600.000,600.000,1200.000,45.088,-38.496
2594,600.000,600.000,1200.000,45.088,-38.496
2595,600.000,600.000,1200.000,45.088,-38.496
2596,600.000,600.000,1200.000,45.088,-38.496
2597,600.000,600.000,1200.000,45.088,-38.496
2598,600.000,600.000,1200.000,45.088,-38.496
2599,600.000,600.000,1200.000,45.088,-38.496
2600,600.000,600.000,1200.000,45.088,-38.496
2601,600.000,600.000,1200.000,45.088,-38.496
2602,600.000,600.000,1200.000,45.088,-38.496
2603,600.000,600.000,1200.000,45.088,-38.496
2604,600.000,600.000,1200.000,45.088,-38.496
2605,600.000,600.000,1200.000,45.088,-38.496
2606,600.000,600.000,1200.000,45.088,-38.496
2607,600.000,600.000,1200.000,45.088,-38.496
2608,600.000,600.000,1200.000,45.088,-38.496
2609,600.000,600.000,1200.000,45.088,-38.496
2610,600.000,600.000,1200.000,45.088,-38.496
2611,600.000,600.000,1200.000,45.088,-38.496
2612,600.000,600.000,1200.000,45.088,-38.496
2613,600.000,600.000,1200.000,45.088,-38.496
2614,600.000,600.000,1200.000,45.088,-38.496
2615,600.000,600.000,1200.000,45.088,-38.496
2616,600.000,600.000,1200.000,45.088,-38.496
2617,600.000,600.000,1200.000,45.088,-38.496
2618,600.000,600.000,1200.000,45.088,-38.496
2619,600.000,600.000,1200.000,45.088,-38.496
2620,600.000,600.000,1200.000,45.088,-38.496
2621,600.000,600.000,1200.000,45.088,-38.496
2622,600.000,600.000,1200.000,45.088,-38.496
2623,600.000,600.000,1200.000,45.088,-38.496
2624,600.000,600.000,1200.000,45.088,-38.496
2625,600.000,600.000,1200.000,45.088,-38.496
2626,600.000,600.000,1200.000,45.088,-38.496
2627,600.000,600.000,1200.000,45.088,-38.496
2628,600.000,600.000,1200.000,45.088,-38.496
2629,600.000,600.000,1200.000,45.088,-38.496
2630,600.000,600.000,1200.000,45.088,-38.496
2631,600.000,600.000,1200.000,45.088,-38.496
2632,600.000,600.000,1200.000,45.088,-38.496
2633,600.000,600.000,1200.000,45.088,-38.496
2634,600.000,600.000,1200.000,45.088,-38.496
2635,600.000,600.000,1200.000,45.088,-38.496
2636,600.000,600.000,1200.000,45.088,-38.496
2637,600.000,600.000,1200.000,45.088,-38.496
2638,600.000,600.000,1200.000,45.088,-38.496
2639,600.000,600.000,1200.000,45.088,-38.496
2640,600.000,600.000,1200.000,45.088,-38.496
2641,600.000,600.000,1200.000,45.088,-38.496
2642,600.000,600.000,1200.000,45.088,-38.496
2643,600.000,600.000,1200.000,45.088,-38.496
2644,600.000,600.000,1200.000,45.088,-38.496
2645,600.000,600.000,1200.000,45.088,-38.496
2646,600.000,600.000,1200.000,45.088,-38.496
2647,600.000,600.000,1200.000,45.088,-38.496
2648,600.000,600.000,1200.000,45.088,-38.496
2649,600.000,600.000,1200.000,45.088,-38.496
2650,600.000,600.000,1200.000,45.088,-38.496
2651,600.000,600.000,1200.000,45.088,-38.496
2652,600.000,600.000,1200.000,45.088,-38.496
2653,600.000,600.000,1200.000,45.088,-38.496
2654,600.000,600.000,1200.000,45.088,-38.496
2655,600.000,600.000,1200.000,45.088,-38.496
2656,600.000,600.000,1200.000,45.088,-38.496
2657,600.000,600.000,1200.000,45.088,-38.496
2658,600.000,600.000,1200.000,45.088,-38.496
2659,600.000,600.000,1200.000,45.088,-38.496
2660,600.000,600.000,1200.000,45.088,-38.496
2661,600.000,600.000,1200.000,45.088,-38.496
2662,600.000,600.000,1200.000,45.088,-38.496
2663,600.000,600.000,1200.000,45.088,-38.496
2664,600.000,600.000,1200.000,45.088,-38.496
2665,600.000,600.000,1200.000,45.088,-38.496
2666,600.000,600.000,1200.000,45.088,-38.496
2667,600.000,600.000,1200.000,45.088,-38.496
2668,600.000,600.000,1200.000,45.088,-38.496
2669,600.000,600.000,1200.000,45.088,-38.496
2670,600.000,600.000,1200.000,45.088,-38.496
2671,600.000,600.000,1200.000,45.088,-38.496
2672,600.000,600.000,1200.000,45.088,-38.496
2673,600.000,600.000,1200.000,45.088,-38.496
2674,600.000,600.000,1200.000,45.088,-38.496
2675,600.000,600.000,1200.000,45.088,-38.496
2676,600.000,600.000,1200.000,45.088,-38.496
2677,600.000,600.000,1200.000,45.088,-38.496
2678,600.000,600.000,1200.000,45.088,-38.496
2679,600.000,600.000,1200.000,45.088,-38.496
2680,600.000,600.000,1200.000,45.088,-38.496
2681,600.000,600.000,1200.000,45.088,-38.496
2682,600.000,600.000,1200.000,45.088,-38.496
2683,600.000,600.000,1200.000,45.088,-38.496
2684,600.000,600.000,1200.000,45.088,-38.496
2685,600.000,600.000,1200.000,45.088,-38.496
2686,600.000,600.000,1200.000,45.088,-38.496
2687,600.000,600.000,1200.000,45.088,-38.496
2688,600.000,600.000,1200.000,45.088,-38.496
2689,600.000,600.000,1200.000,45.088,-38.496
2690,600.000,600.000,1200.000,45.088,-38.496
2691,600.000,600.000,1200.000,45.088,-38.496
2692,600.000,600.000,1200.000,45.088,-38.496
2693,600.000,600.000,1200.000,45.088,-38.496
2694,600.000,600.000,1200.000,45.088,-38.496
2695,600.000,600.000,1200.000,45.088,-38.496
2696,600.000,600.000,1200.000,45.088,-38.496
2697,600.000,600.000,1200.000,45.088,-38.496
2698,600.000,600.000,1200.000,45.088,-38.496
2699,600.000,600.000,1200.000,45.088,-38.496
2700,600.000,600.000,1200.000,45.088,-38.496
2701,600.000,600.000,1200.000,45.088,-38.496
2702,600.000,600.000,1200.000,45.088,-38.496
2703,600.000,600.000,1200.000,45.088,-38.496
2704,600.000,600.000,1200.000,45.088,-38.496
2705,600.000,600.000,1200.000,45.088,-38.496
2706,600.000,600.000,1200.000,45.088,-38.496
2707,600.000,600.000,1200.000,45.088,-38.496
2708,600.000,600.000,1200.000,45.088,-38.496
2709,600.000,600.000,1200.000,45.088,-38.496
2710,600.000,600.000,1200.000,45.088,-38.496
2711,600.000,600.000,1200.000,45.088,-38.496
2712,600.000,600.000,1200.000,45.088,-38.496
2713,600.000,600.000,1200.000,45.088,-38.496
2714,600.000,600.000,1200.000,45.088,-38.496
2715,600.000,600.000,1200.000,45.088,-38.496
2716,600.000,600.000,1200.000,45.088,-38.496
2717,600.000,600.000,1200.000,45.088,-38.496
2718,600.000,600.000,1200.000,45.088,-38.496
2719,600.000,600.000,1200.000,45.088,-38.496
2720,600.000,600.000,1200.000,45.088,-38.496
2721,600.000,600.000,1200.000,45.088,-38.496
2722,600.000,600.000,1200.000,45.088,-38.496
2723,600.000,600.000,1200.000,45.088,-38.496
2724,600.000,600.000,1200.000,45.088,-38.496
2725,600.000,600.000,1200.000,45.088,-38.496
2726,600.000,600.000,1200.000,45.088,-38.496
2727,600.000,600.000,1200.000,45.088,-38.496
2728,600.000,600.000,1200.000,45.088,-38.496
2729,600.000,600.000,1200.000,45.088,-38.496
2730,600.000,600.000,1200.000,45.088,-38.496
2731,600.000,600.000,1200.000,45.088,-38.496
2732,600.000,600.000,1200.000,45.088,-38.496
2733,600.000,600.000,1200.000,45.088,-38.496
2734,600.000,600.000,1200.000,45.088,-38.496
2735,600.000,600.000,1200.000,45.088,-38.496
2736,600.000,600.000,1200.000,45.088,-38.496
2737,600.000,600.000,1200.000,45.088,-38.496
2738,600.000,600.000,1200.000,45.088,-38.496
2739,600.000,600.000,1200.000,45.088,-38.496
2740,600.000,600.000,1200.000,45.088,-38.496
2741,600.000,600.000,1200.000,45.088,-38.496
2742,600.000,600.000,1200.000,45.088,-38.496
2743,600.000,600.000,1200.000,45.088,-38.496
2744,600.000,600.000,1200.000,45.088,-38.496
2745,600.000,600.000,1200.000,45.088,-38.496
2746,600.000,600.000,1200.000,45.088,-38.496
2747,600.000,600.000,1200.000,45.088,-38.496
2748,600.000,600.000,1200.000,45.088,-38.496
2749,600.000,600.000,1200.000,45.088,-38.496
2750,600.000,600.000,1200.000,45.088,-38.496
2751,600.000,600.000,1200.000,45.088,-38.496
2752,600.000,600.000,1200.000,45.088,-38.496
2753,600.000,600.000,1200.000,45.088,-38.496
2754,600.000,600.000,1200.000,45.088,-38.496
2755,600.000,600.000,1200.000,45.088,-38.496
2756,600.000,600.000,1200.000,45.088,-38.496
2757,600.000,600.000,1200.000,45.088,-38.496
2758,600.000,600.000,1200.000,45.088,-38.496
2759,600.000,600.000,1200.000,45.088,-38.496
2760,600.000,600.000,1200.000,45.088,-38.496
2761,600.000,600.000,1200.000,45.088,-38.496
2762,600.000,600.000,1200.000,45.088,-38.496
2763,600.000,600.000,1200.000,45.088,-38.496
2764,600.000,600.000,1200.000,45.088,-38.496
2765,600.000,600.000,1200.000,45.088,-38.496
2766,600.000,600.000,1200.000,45.088,-38.496
2767,600.000,600.000,1200.000,45.088,-38.496
2768,600.000,600.000,1200.000,45.088,-38.496
2769,600.000,600.000,1200.000,45.088,-38.496
2770,600.000,600.000,1200.000,45.088,-38.496
2771,600.000,600.000,1200.000,45.088,-38.496
2772,600.000,600.000,1200.000,45.088,-38.496
2773,600.000,600.000,1200.000,45.088,-38.496
2774,600.000,600.000,1200.000,45.088,-38.496
2775,600.000,600.000,1200.000,45.088,-38.496
2776,600.000,600.000,1200.000,45.088,-38.496
2777,600.000,600.000,1200.000,45.088,-38.496
2778,600.000,600.000,1200.000,45.088,-38.496
2779,600.000,600.000,1200.000,45.088,-38.496
2780,600.000,600.000,1200.000,45.088,-38.496
2781,600.000,600.000,1200.000,45.088,-38.496
2782,600.000,600.000,1200.000,45.088,-38.496
2783,600.000,600.000,1200.000,45.088,-38.496
2784,600.000,600.000,1200.000,45.088,-38.496
2785,600.000,600.000,1200.000,45.088,-38.496
2786,600.000,600.000,1200.000,45.088,-38.496
2787,600.000,600.000,1200.000,45.088,-38.496
2788,600.000,600.000,1200.000,45.088,-38.496
2789,600.000,600.000,1200.000,45.088,-38.496
2790,600.000,600.000,1200.000,45.088,-38.496
2791,600.000,600.000,1200.000,45.088,-38.496
2792,600.000,600.000,1200.000,45.088,-38.496
2793,600.000,600.000,1200.000,45.088,-38.496
2794,600.000,600.000,1200.000,45.088,-38.496
2795,600.000,600.000,1200.000,45.088,-38.496
2796,600.000,600.000,1200.000,45.088,-38.496
2797,600.000,600.000,1200.000,45.088,-38.496
2798,600.000,600.000,1200.000,45.088,-38.496
2799,600.000,600.000,1200.000,45.088,-38.496
2800,600.000,600.000,1200.000,45.088,-38.496
2801,600.000,600.000,1200.000,45.088,-38.496
2802,600.000,600.000,1200.000,45.088,-38.496
2803,600.000,600.000,1200.000,45.088,-38.496
2804,600.000,600.000,1200.000,45.088,-38.496
2805,600.000,600.000,1200.000,45.088,-38.496
2806,600.000,600.000,1200.000,45.088,-38.496
2807,600.000,600.000,1200.000,45.088,-38.496
2808,600.000,600.000,1200.000,45.088,-38.496
2809,600.000,600.000,1200.000,45.088,-38.496
2810,600.000,600.000,1200.000,45.088,-38.496
2811,600.000,600.000,1200.000,45.088,-38.496
2812,600.000,600.000,1200.000,45.088,-38.496
2813,600.000,600.000,1200.000,45.088,-38.496
2814,600.000,600.000,1200.000,45.088,-38.496
2815,600.000,600.000,1200.000,45.088,-38.496
2816,600.000,600.000,1200.000,45.088,-38.496
2817,600.000,600.000,1200.000,45.088,-38.496
2818,600.000,600.000,1200.000,45.088,-38.496
2819,600.000,600.000,1200.000,45.088,-38.496
2820,600.000,600.000,1200.000,45.088,-38.496
2821,600.000,600.000,1200.000,45.088,-38.496
2822,600.000,600.000,1200.000,45.088,-38.496
2823,600.000,600.000,1200.000,45.088,-38.496
2824,600.000,600.000,1200.000,45.088,-38.496
2825,600.000,600.000,1200.000,45.088,-38.496
2826,600.000,600.000,1200.000,45.088,-38.496
2827,600.000,600.000,1200.000,45.088,-38.496
2828,600.000,600.000,1200.000,45.088,-38.496
2829,600.000,600.000,1200.000,45.088,-38.496
2830,600.000,600.000,1200.000,45.088,-38.496
2831,600.000,600.000,1200.000,45.088,-38.496
2832,600.000,600.000,1200.000,45.088,-38.496
2833,600.000,600.000,1200.000,45.088,-38.496
2834,600.000,600.000,1200.000,45.088,-38.496
2835,600.000,600.000,1200.000,45.088,-38.496
2836,600.000,600.000,1200.000,45.088,-38.496
2837,600.000,600.000,1200.000,45.088,-38.496
2838,600.000,600.000,1200.000,45.088,-38.496
2839,600.000,600.000,1200.000,45.088,-38.496
2840,600.000,600.000,1200.000,45.088,-38.496
2841,600.000,600.000,1200.000,45.088,-38.496
2842,600.000,600.000,1200.000,45.088,-38.496
2843,600.000,600.000,1200.000,45.088,-38.496
2844,600.000,600.000,1200.000,45.088,-38.496
2845,600.000,600.000,1200.000,45.088,-38.496
2846,600.000,600.000,1200.000,45.088,-38.496
2847,600.000,600.000,1200.000,45.088,-38.496
2848,600.000,600.000,1200.000,45.088,-38.496
2849,600.000,600.000,1200.000,45.088,-38.496
2850,600.000,600.000,1200.000,45.088,-38.496
2851,600.000,600.000,1200.000,45.088,-38.496
2852,600.000,600.000,1200.000,45.088,-38.496
2853,600.000,600.000,1200.000,45.088,-38.496
2854,600.000,600.000,1200.000,45.088,-38.496
2855,600.000,600.000,1200.000,45.088,-38.496
2856,600.000,600.000,1200.000,45.088,-38.496
2857,600.000,600.000,1200.000,45.088,-38.496
2858,600.000,600.000,1200.000,45.088,-38.496
2859,600.000,600.000,1200.000,45.088,-38.496
2860,600.000,600.000,1200.000,45.088,-38.496
2861,600.000,600.000,1200.000,45.088,-38.496
2862,600.000,600.000,1200.000,45.088,-38.496
2863,600.000,600.000,1200.000,45.088,-38.496
2864,600.000,600.000,1200.000,45.088,-38.496
2865,600.000,600.000,1200.000,45.088,-38.496
2866,600.000,600.000,1200.000,45.088,-38.496
2867,600.000,600.000,1200.000,45.088,-38.496
2868,600.000,600.000,1200.000,45.088,-38.496
2869,600.000,600.000,1200.000,45.088,-38.496
2870,600.000,600.000,1200.000,45.088,-38.496
2871,600.000,600.000,1200.000,45.088,-38.496
2872,600.000,600.000,1200.000,45.088,-38.496
2873,600.000,600.000,1200.000,45.088,-38.496
2874,600.000,600.000,1200.000,45.088,-38.496
2875,600.000,600.000,1200.000,45.088,-38.496
2876,600.000,600.000,1200.000,45.088,-38.496
2877,600.000,600.000,1200.000,45.088,-38.496
2878,600.000,600.000,1200.000,45.088,-38.496
2879,600.000,600.000,1200.000,45.088,-38.496
2880,600.000,600.000,1200.000,45.088,-38.496
2881,600.000,600.000,1200.000,45.088,-38.496
2882,600.000,600.000,1200.000,45.088,-38.496
2883,600.000,600.000,1200.000,45.088,-38.496
2884,600.000,600.000,1200.000,45.088,-38.496
2885,600.000,600.000,1200.000,45.088,-38.496
2886,600.000,600.000,1200.000,45.088,-38.496
2887,600.000,600.000,1200.000,45.088,-38.496
2888,600.000,600.000,1200.000,45.088,-38.496
2889,600.000,600.000,1200.000,45.088,-38.496
2890,600.000,600.000,1200.000,45.088,-38.496
2891,600.000,600.000,1200.000,45.088,-38.496
2892,600.000,600.000,1200.000,45.088,-38.496
2893,600.000,600.000,1200.000,45.088,-38.496
2894,600.000,600.000,1200.000,45.088,-38.496
2895,600.000,600.000,1200.000,45.088,-38.496
2896,600.000,600.000,1200.000,45.088,-38.496
2897,600.000,600.000,1200.000,45.088,-38.496
2898,600.000,600.000,1200.000,45.088,-38.496
2899,600.000,600.000,1200.000,45.088,-38.496
2900,600.000,600.000,1200.000,45.088,-38.496
2901,600.000,600.000,1200.000,45.088,-38.496
2902,600.000,600.000,1200.000,45.088,-38.496
2903,600.000,600.000,1200.000,45.088,-38.496
2904,600.000,600.000,1200.000,45.088,-38.496
2905,600.000,600.000,1200.000,45.088,-38.496
2906,600.000,600.000,1200.000,45.088,-38.496
2907,600.000,600.000,1200.000,45.088,-38.496
2908,600.000,600.000,1200.000,45.088,-38.496
2909,600.000,600.000,1200.000,45.088,-38.496
2910,600.000,600.000,1200.000,45.088,-38.496
2911,600.000,600.000,1200.000,45.088,-38.496
2912,600.000,600.000,1200.000,45.088,-38.496
2913,600.000,600.000,1200.000,45.088,-38.496
2914,600.000,600.000,1200.000,45.088,-38.496
2915,600.000,600.000,1200.000,45.088,-38.496
2916,600.000,600.000,1200.000,45.088,-38.496
2917,600.000,600.000,1200.000,45.088,-38.496
2918,600.000,600.000,1200.000,45.088,-38.496
2919,600.000,600.000,1200.000,45.088,-38.496
2920,600.000,600.000,1200.000,45.088,-38.496
2921,600.000,600.000,1200.000,45.088,-38.496
2922,600.000,600.000,1200.000,45.088,-38.496
2923,600.000,600.000,1200.000,45.088,-38.496
2924,600.000,600.000,1200.000,45.088,-38.496
2925,600.000,600.000,1200.000,45.088,-38.496
2926,600.000,600.000,1200.000,45.088,-38.496
2927,600.000,600.000,1200.000,45.088,-38.496
2928,600.000,600.000,1200.000,45.088,-38.496
2929,600.000,600.000,1200.000,45.088,-38.496
2930,600.000,600.000,1200.000,45.088,-38.496
2931,600.000,600.000,1200.000,45.088,-38.496
2932,600.000,600.000,1200.000,45.088,-38.496
2933,600.000,600.000,1200.000,45.088,-38.496
2934,600.000,600.000,1200.000,45.088,-38.496
2935,600.000,600.000,1200.000,45.088,-38.496
2936,600.000,600.000,1200.000,45.088,-38.496
2937,600.000,600.000,1200.000,45.088,-38.496
2938,600.000,600.000,1200.000,45.088,-38.496
2939,600.000,600.000,1200.000,45.088,-38.496
2940,600.000,600.000,1200.000,45.088,-38.496
2941,600.000,600.000,1200.000,45.088,-38.496
2942,600.000,600.000,1200.000,45.088,-38.496
2943,600.000,600.000,1200.000,45.088,-38.496
2944,600.000,600.000,1200.000,45.088,-38.496
2945,600.000,600.000,1200.000,45.088,-38.496
2946,600.000,600.000,1200.000,45.088,-38.496
2947,600.000,600.000,1200.000,45.088,-38.496
2948,600.000,600.000,1200.000,45.088,-38.496
2949,600.000,600.000,1200.000,45.088,-38.496
2950,600.000,600.000,1200.000,45.088,-38.496
2951,600.000,600.000,1200.000,45.088,-38.496
2952,600.000,600.000,1200.000,45.088,-38.496
2953,600.000,600.000,1200.000,45.088,-38.496
2954,600.000,600.000,1200.000,45.088,-38.496
2955,600.000,600.000,1200.000,45.088,-38.496
2956,600.000,600.000,1200.000,45.088,-38.496
2957,600.000,600.000,1200.000,45.088,-38.496
2958,600.000,600.000,1200.000,45.088,-38.496
2959,600.000,600.000,1200.000,45.088,-38.496
2960,600.000,600.000,1200.000,45.088,-38.496
2961,600.000,600.000,1200.000,45.088,-38.496
2962,600.000,600.000,1200.000,45.088,-38.496
2963,600.000,600.000,1200.000,45.088,-38.496
2964,600.000,600.000,1200.000,45.088,-38.496
2965,600.000,600.000,1200.000,45.088,-38.496
2966,600.000,600.000,1200.000,45.088,-38.496
2967,600.000,600.000,1200.000,45.088,-38.496
2968,600.000,600.000,1200.000,45.088,-38.496
2969,600.000,600.000,1200.000,45.088,-38.496
2970,600.000,600.000,1200.000,45.088,-38.496
2971,600.000,600.000,1200.000,45.088,-38.496
2972,600.000,600.000,1200.000,45.088,-38.496
2973,600.000,600.000,1200.000,45.088,-38.496
2974,600.000,600.000,1200.000,45.088,-38.496
2975,600.000,600.000,1200.000,45.088,-38.496
2976,600.000,600.000,1200.000,45.088,-38.496
2977,600.000,600.000,1200.000,45.088,-38.496
2978,600.000,600.000,1200.000,45.088,-38.496
2979,600.000,600.000,1200.000,45.088,-38.496
2980,600.000,600.000,1200.000,45.088,-38.496
2981,600.000,600.000,1200.000,45.088,-38.496
2982,600.000,600.000,1200.000,45.088,-38.496
2983,600.000,600.000,1200.000,45.088,-38.496
2984,600.000,600.000,1200.000,45.088,-38.496
2985,600.000,600.000,1200.000,45.088,-38.496
2986,600.000,600.000,1200.000,45.088,-38.496
2987,600.000,600.000,1200.000,45.088,-38.496
2988,600.000,600.000,1200.000,45.088,-38.496
2989,600.000,600.000,1200.000,45.088,-38.496
2990,600.000,600.000,1200.000,45.088,-38.496
2991,600.000,600.000,1200.000,45.088,-38.496
2992,600.000,600.000,1200.000,45.088,-38.496
2993,600.000,600.000,1200.000,45.088,-38.496
2994,600.000,600.000,1200.000,45.088,-38.496
2995,600.000,600.000,1200.000,45.088,-38.496
2996,600.000,600.000,1200.000,45.088,-38.496
2997,600.000,600.000,1200.000,45.088,-38.496
2998,600.000,600.000,1200.000,45.088,-38.496
2999,600.000,600.000,1200.000,45.088,-38.496
3000,600.000,600.000,1200.000,45.088,-38.496
3001,600.000,600.000,1200.000,45.088,-38.496
3002,600.000,600.000,1200.000,45.088,-38.496
3003,600.000,600.000,1200.000,45.088,-38.496
3004,600.000,600.000,1200.000,45.088,-38.496
3005,600.000,600.000,1200.000,45.088,-38.496
3006,600.000,600.000,1200.000,45.088,-38.496
3007,600.000,600.000,1200.000,45.088,-38.496
3008,600.000,600.000,1200.000,45.088,-38.496
3009,600.000,600.000,1200.000,45.088,-38.496
3010,600.000,600.000,1200.000,45.088,-38.496
3011,600.000,600.000,1200.000,45.088,-38.496
3012,600.000,600.000,1200.000,45.088,-38.496
3013,600.000,600.000,1200.000,45.088,-38.496
3014,600.000,600.000,1200.000,45.088,-38.496
3015,600.000,600.000,1200.000,45.088,-38.496
3016,600.000,600.000,1200.000,45.088,-38.496
3017,600.000,600.000,1200.000,45.088,-38.496
3018,600.000,600.000,1200.000,45.088,-38.496
3019,600.000,600.000,1200.000,45.088,-38.496
3020,600.000,600.000,1200.000,45.088,-38.496
3021,600.000,600.000,1200.000,45.088,-38.496
3022,600.000,600.000,1200.000,45.088,-38.496
3023,600.000,600.000,1200.000,45.088,-38.496
3024,600.000,600.000,1200.000,45.088,-38.496
3025,600.000,600.000,1200.000,45.088,-38.496
3026,600.000,600.000,1200.000,45.088,-38.496
3027,600.000,600.000,1200.000,45.088,-38.496
3028,600.000,600.000,1200.000,45.088,-38.496
3029,600.000,600.000,1200.000,45.088,-38.496
3030,600.000,600.000,1200.000,45.088,-38.496
3031,600.000,600.000,1200.000,45.088,-38.496
3032,600.000,600.000,1200.000,45.088,-38.496
3033,600.000,600.000,1200.000,45.088,-38.496
3034,600.000,600.000,1200.000,45.088,-38.496
3035,600.000,600.000,1200.000,45.088,-38.496
3036,600.000,600.000,1200.000,45.088,-38.496
3037,600.000,600.000,1200.000,45.088,-38.496
3038,600.000,600.000,1200.000,45.088,-38.496
3039,600.000,600.000,1200.000,45.088,-38.496
3040,600.000,600.000,1200.000,45.088,-38.496
3041,600.000,600.000,1200.000,45.088,-38.496
3042,600.000,600.000,1200.000,45.088,-38.496
3043,600.000,600.000,1200.000,45.088,-38.496
3044,600.000,600.000,1200.000,45.088,-38.496
3045,600.000,600.000,1200.000,45.088,-38.496
3046,600.000,600.000,1200.000,45.088,-38.496
3047,600.000,600.000,1200.000,45.088,-38.496
3048,600.000,600.000,1200.000,45.088,-38.496
3049,600.000,600.000,1200.000,45.088,-38.496
3050,600.000,600.000,1200.000,45.088,-38.496
3051,600.000,600.000,1200.000,45.088,-38.496
3052,600.000,600.000,1200.000,45.088,-38.496
3053,600.000,600.000,1200.000,45.088,-38.496
3054,600.000,600.000,1200.000,45.088,-38.496
3055,600.000,600.000,1200.000,45.088,-38.496
3056,600.000,600.000,1200.000,45.088,-38.496
3057,600.000,600.000,1200.000,45.088,-38.496
3058,600.000,600.000,1200.000,45.088,-38.496
3059,600.000,600.000,1200.000,45.088,-38.496
3060,600.000,600.000,1200.000,45.088,-38.496
3061,600.000,600.000,1200.000,45.088,-38.496
3062,600.000,600.000,1200.000,45.088,-38.496
3063,600.000,600.000,1200.000,45.088,-38.496
3064,600.000,600.000,1200.000,45.088,-38.496
3065,600.000,600.000,1200.000,45.088,-38.496
3066,600.000,600.000,1200.000,45.088,-38.496
3067,600.000,600.000,1200.000,45.088,-38.496
3068,600.000,600.000,1200.000,45.088,-38.496
3069,600.000,600.000,1200.000,45.088,-38.496
3070,600.000,600.000,1200.000,45.088,-38.496
3071,600.000,600.000,1200.000,45.088,-38.496
3072,600.000,600.000,1200.000,45.088,-38.496
3073,600.000,600.000,1200.000,45.088,-38.496
3074,600.000,600.000,1200.000,45.088,-38.496
3075,600.000,600.000,1200.000,45.088,-38.496
3076,600.000,600.000,1200.000,45.088,-38.496
3077,600.000,600.000,1200.000,45.088,-38.496
3078,600.000,600.000,1200.000,45.088,-38.496
3079,600.000,600.000,1200.000,45.088,-38.496
3080,600.000,600.000,1200.000,45.088,-38.496
3081,600.000,600.000,1200.000,45.088,-38.496
3082,600.000,600.000,1200.000,45.088,-38.496
3083,600.000,600.000,1200.000,45.088,-38.496
3084,600.000,600.000,1200.000,45.088,-38.496
3085,600.000,600.000,1200.000,45.088,-38.496
3086,600.000,600.000,1200.000,45.088,-38.496
3087,600.000,600.000,1200.000,45.088,-38.496
3088,600.000,600.000,1200.000,45.088,-38.496
3089,600.000,600.000,1200.000,45.088,-38.496
3090,600.000,600.000,1200.000,45.088,-38.496
3091,600.000,600.000,1200.000,45.088,-38.496
3092,600.000,600.000,1200.000,45.088,-38.496
3093,600.000,600.000,1200.000,45.088,-38.496
3094,600.000,600.000,1200.000,45.088,-38.496
3095,600.000,600.000,1200.000,45.088,-38.496
3096,600.000,600.000,1200.000,45.088,-38.496
3097,600.000,600.000,1200.000,45.088,-38.496
3098,600.000,600.000,1200.000,45.088,-38.496
3099,600.000,600.000,1200.000,45.088,-38.496
3100,600.000,600.000,1200.000,45.088,-38.496
3101,600.000,600.000,1200.000,45.088,-38.496
3102,600.000,600.000,1200.000,45.088,-38.496
3103,600.000,600.000,1200.000,45.088,-38.496
3104,600.000,600.000,1200.000,45.088,-38.496
3105,600.000,600.000,1200.000,45.088,-38.496
3106,600.000,600.000,1200.000,45.088,-38.496
3107,600.000,600.000,1200.000,45.088,-38.496
3108,600.000,600.000,1200.000,45.088,-38.496
3109,600.000,600.000,1200.000,45.088,-38.496
3110,600.000,600.000,1200.000,45.088,-38.496
3111,600.000,600.000,1200.000,45.088,-38.496
3112,600.000,600.000,1200.000,45.088,-38.496
3113,600.000,600.000,1200.000,45.088,-38.496
3114,600.000,600.000,1200.000,45.088,-38.496
3115,600.000,600.000,1200.000,45.088,-38.496
3116,600.000,600.000,1200.000,45.088,-38.496
3117,600.000,600.000,1200.000,45.088,-38.496
3118,600.000,600.000,1200.000,45.088,-38.496
3119,600.000,600.000,1200.000,45.088,-38.496
3120,600.000,600.000,1200.000,45.088,-38.496
3121,600.000,600.000,1200.000,45.088,-38.496
3122,600.000,600.000,1200.000,45.088,-38.496
3123,600.000,600.000,1200.000,45.088,-38.496
3124,600.000,600.000,1200.000,45.088,-38.496
3125,600.000,600.000,1200.000,45.088,-38.496
3126,600.000,600.000,1200.000,45.088,-38.496
3127,600.000,600.000,1200.000,45.088,-38.496
3128,600.000,600.000,1200.000,45.088,-38.496
3129,600.000,600.000,1200.000,45.088,-38.496
3130,600.000,600.000,1200.000,45.088,-38.496
3131,600.000,600.000,1200.000,45.088,-38.496
3132,600.000,600.000,1200.000,45.088,-38.496
3133,600.000,600.000,1200.000,45.088,-38.496
3134,600.000,600.000,1200.000,45.088,-38.496
3135,600.000,600.000,1200.000,45.088,-38.496
3136,600.000,600.000,1200.000,45.088,-38.496
3137,600.000,600.000,1200.000,45.088,-38.496
3138,600.000,600.000,1200.000,45.088,-38.496
3139,600.000,600.000,1200.000,45.088,-38.496
3140,600.000,600.000,1200.000,45.088,-38.496
3141,600.000,600.000,1200.000,45.088,-38.496
3142,600.000,600.000,1200.000,45.088,-38.496
3143,600.000,600.000,1200.000,45.088,-38.496
3144,600.000,600.000,1200.000,45.088,-38.496
3145,600.000,600.000,1200.000,45.088,-38.496
3146,600.000,600.000,1200.000,45.088,-38.496
3147,600.000,600.000,1200.000,45.088,-38.496
3148,600.000,600.000,1200.000,45.088,-38.496
3149,600.000,600.000,1200.000,45.088,-38.496
3150,600.000,600.000,1200.000,45.088,-38.496
3151,600.000,600.000,1200.000,45.088,-38.496
3152,600.000,600.000,1200.000,45.088,-38.496
3153,600.000,600.000,1200.000,45.088,-38.496
3154,600.000,600.000,1200.000,45.088,-38.496
3155,600.000,600.000,1200.000,45.088,-38.496
3156,600.000,600.000,1200.000,45.088,-38.496
3157,600.000,600.000,1200.000,45.088,-38.496
3158,600.000,600.000,1200.000,45.088,-38.496
3159,600.000,600.000,1200.000,45.088,-38.496
3160,600.000,600.000,1200.000,45.088,-38.496
3161,600.000,600.000,1200.000,45.088,-38.496
3162,600.000,600.000,1200.000,45.088,-38.496
3163,600.000,600.000,1200.000,45.088,-38.496
3164,600.000,600.000,1200.000,45.088,-38.496
3165,600.000,600.000,1200.000,45.088,-38.496
3166,600.000,600.000,1200.000,45.088,-38.496
3167,600.000,600.000,1200.000,45.088,-38.496
3168,600.000,600.000,1200.000,45.088,-38.496
3169,600.000,600.000,1200.000,45.088,-38.496
3170,600.000,600.000,1200.000,45.088,-38.496
3171,600.000,600.000,1200.000,45.088,-38.496
3172,600.000,600.000,1200.000,45.088,-38.496
3173,600.000,600.000,1200.000,45.088,-38.496
3174,600.000,600.000,1200.000,45.088,-38.496
3175,600.000,600.000,1200.000,45.088,-38.496
3176,600.000,600.000,1200.000,45.088,-38.496
3177,600.000,600.000,1200.000,45.088,-38.496
3178,600.000,600.000,1200.000,45.088,-38.496
3179,600.000,600.000,1200.000,45.088,-38.496
3180,600.000,600.000,1200.000,45.088,-38.496
3181,600.000,600.000,1200.000,45.088,-38.496
3182,600.000,600.000,1200.000,45.088,-38.496
3183,600.000,600.000,1200.000,45.088,-38.496
3184,600.000,600.000,1200.000,45.088,-38.496
3185,600.000,600.000,1200.000,45.088,-38.496
3186,600.000,600.000,1200.000,45.088,-38.496
3187,600.000,600.000,1200.000,45.088,-38.496
3188,600.000,600.000,1200.000,45.088,-38.496
3189,600.000,600.000,1200.000,45.088,-38.496
3190,600.000,600.000,1200.000,45.088,-38.496
3191,600.000,600.000,1200.000,45.088,-38.496
3192,600.000,600.000,1200.000,45.088,-38.496
3193,600.000,600.000,1200.000,45.088,-38.496
3194,600.000,600.000,1200.000,45.088,-38.496
3195,600.000,600.000,1200.000,45.088,-38.496
3196,600.000,600.000,1200.000,45.088,-38.496
3197,600.000,600.000,1200.000,45.088,-38.496
3198,600.000,600.000,1200.000,45.088,-38.496
3199,600.000,600.000,1200.000,45.088,-38.496
3200,600.000,600.000,1200.000,45.088,-38.496
3201,600.000,600.000,1200.000,45.088,-38.496
3202,600.000,600.000,1200.000,45.088,-38.496
3203,600.000,600.000,1200.000,45.088,-38.496
3204,600.000,600.000,1200.000,45.088,-38.496
3205,600.000,600.000,1200.000,45.088,-38.496
3206,600.000,600.000,1200.000,45.088,-38.496
3207,600.000,600.000,1200.000,45.088,-38.496
3208,600.000,600.000,1200.000,45.088,-38.496
3209,600.000,600.000,1200.000,45.088,-38.496
3210,600.000,600.000,1200.000,45.088,-38.496
3211,600.000,600.000,1200.000,45.088,-38.496
3212,600.000,600.000,1200.000,45.088,-38.496
3213,600.000,600.000,1200.000,45.088,-38.496
3214,600.000,600.000,1200.000,45.088,-38.496
3215,600.000,600.000,1200.000,45.088,-38.496
3216,600.000,600.000,1200.000,45.088,-38.496
3217,600.000,600.000,1200.000,45.088,-38.496
3218,600.000,600.000,1200.000,45.088,-38.496
3219,600.000,600.000,1200.000,45.088,-38.496
3220,600.000,600.000,1200.000,45.088,-38.496
3221,600.000,600.000,1200.000,45.088,-38.496
3222,600.000,600.000,1200.000,45.088,-38.496
3223,600.000,600.000,1200.000,45.088,-38.496
3224,600.000,600.000,1200.000,45.088,-38.496
3225,600.000,600.000,1200.000,45.088,-38.496
3226,600.000,600.000,1200.000,45.088,-38.496
3227,600.000,600.000,1200.000,45.088,-38.496
3228,600.000,600.000,1200.000,45.088,-38.496
3229,600.000,600.000,1200.000,45.088,-38.496
3230,600.000,600.000,1200.000,45.088,-38.496
3231,600.000,600.000,1200.000,45.088,-38.496
3232,600.000,600.000,1200.000,45.088,-38.496
3233,600.000,600.000,1200.000,45.088,-38.496
3234,600.000,600.000,1200.000,45.088,-38.496
3235,600.000,600.000,1200.000,45.088,-38.496
3236,600.000,600.000,1200.000,45.088,-38.496
3237,600.000,600.000,1200.000,45.088,-38.496
3238,600.000,600.000,1200.000,45.088,-38.496
3239,600.000,600.000,1200.000,45.088,-38.496
3240,600.000,600.000,1200.000,45.088,-38.496
3241,600.000,600.000,1200.000,45.088,-38.496
3242,600.000,600.000,1200.000,45.088,-38.496
3243,600.000,600.000,1200.000,45.088,-38.496
3244,600.000,600.000,1200.000,45.088,-38.496
3245,600.000,600.000,1200.000,45.088,-38.496
3246,600.000,600.000,1200.000,45.088,-38.496
3247,600.000,600.000,1200.000,45.088,-38.496
3248,600.000,600.000,1200.000,45.088,-38.496
3249,600.000,600.000,1200.000,45.088,-38.496
3250,600.000,600.000,1200.000,45.088,-38.496
3251,600.000,600.000,1200.000,45.088,-38.496
3252,600.000,600.000,1200.000,45.088,-38.496
3253,600.000,600.000,1200.000,45.088,-38.496
3254,600.000,600.000,1200.000,45.088,-38.496
3255,600.000,600.000,1200.000,45.088,-38.496
3256,600.000,600.000,1200.000,45.088,-38.496
3257,600.000,600.000,1200.000,45.088,-38.496
3258,600.000,600.000,1200.000,45.088,-38.496
3259,600.000,600.000,1200.000,45.088,-38.496
3260,600.000,600.000,1200.000,45.088,-38.496
3261,600.000,600.000,1200.000,45.088,-38.496
3262,600.000,600.000,1200.000,45.088,-38.496
3263,600.000,600.000,1200.000,45.088,-38.496
3264,600.000,600.000,1200.000,45.088,-38.496
3265,600.000,600.000,1200.000,45.088,-38.496
3266,600.000,600.000,1200.000,45.088,-38.496
3267,600.000,600.000,1200.000,45.088,-38.496
3268,600.000,600.000,1200.000,45.088,-38.496
3269,600.000,600.000,1200.000,45.088,-38.496
3270,600.000,600.000,1200.000,45.088,-38.496
3271,600.000,600.000,1200.000,45.088,-38.496
3272,600.000,600.000,1200.000,45.088,-38.496
3273,600.000,600.000,1200.000,45.088,-38.496
3274,600.000,600.000,1200.000,45.088,-38.496
3275,600.000,600.000,1200.000,45.088,-38.496
3276,600.000,600.000,1200.000,45.088,-38.496
3277,600.000,600.000,1200.000,45.088,-38.496
3278,600.000,600.000,1200.000,45.088,-38.496
3279,600.000,600.000,1200.000,45.088,-38.496
3280,600.000,600.000,1200.000,45.088,-38.496
3281,600.000,600.000,1200.000,45.088,-38.496
3282,600.000,600.000,1200.000,45.088,-38.496
3283,600.000,600.000,1200.000,45.088,-38.496
3284,600.000,600.000,1200.000,45.088,-38.496
3285,600.000,600.000,1200.000,45.088,-38.496
3286,600.000,600.000,1200.000,45.088,-38.496
3287,600.000,600.000,1200.000,45.088,-38.496
3288,600.000,600.000,1200.000,45.088,-38.496
3289,600.000,600.000,1200.000,45.088,-38.496
3290,600.000,600.000,1200.000,45.088,-38.496
3291,600.000,600.000,1200.000,45.088,-38.496
3292,600.000,600.000,1200.000,45.088,-38.496
3293,600.000,600.000,1200.000,45.088,-38.496
3294,600.000,600.000,1200.000,45.088,-38.496
3295,600.000,600.000,1200.000,45.088,-38.496
3296,600.000,600.000,1200.000,45.088,-38.496
3297,600.000,600.000,1200.000,45.088,-38.496
3298,600.000,600.000,1200.000,45.088,-38.496
3299,600.000,600.000,1200.000,45.088,-38.496
3300,600.000,600.000,1200.000,45.088,-38.496
3301,600.000,600.000,1200.000,45.088,-38.496
3302,600.000,600.000,1200.000,45.088,-38.496
3303,600.000,600.000,1200.000,45.088,-38.496
3304,600.000,600.000,1200.000,45.088,-38.496
3305,600.000,600.000,1200.000,45.088,-38.496
3306,600.000,600.000,1200.000,45.088,-38.496
3307,600.000,600.000,1200.000,45.088,-38.496
3308,600.000,600.000,1200.000,45.088,-38.496
3309,600.000,600.000,1200.000,45.088,-38.496
3310,600.000,600.000,1200.000,45.088,-38.496
3311,600.000,600.000,1200.000,45.088,-38.496
3312,600.000,600.000,1200.000,45.088,-38.496
3313,600.000,600.000,1200.000,45.088,-38.496
3314,600.000,600.000,1200.000,45.088,-38.496
3315,600.000,600.000,1200.000,45.088,-38.496
3316,600.000,600.000,1200.000,45.088,-38.496
3317,600.000,600.000,1200.000,45.088,-38.496
3318,600.000,600.000,1200.000,45.088,-38.496
3319,600.000,600.000,1200.000,45.088,-38.496
3320,600.000,600.000,1200.000,45.088,-38.496
3321,600.000,600.000,1200.000,45.088,-38.496
3322,600.000,600.000,1200.000,45.088,-38.496
3323,600.000,600.000,1200.000,45.088,-38.496
3324,600.000,600.000,1200.000,45.088,-38.496
3325,600.000,600.000,1200.000,45.088,-38.496
3326,600.000,600.000,1200.000,45.088,-38.496
3327,600.000,600.000,1200.000,45.088,-38.496
3328,600.000,600.000,1200.000,45.088,-38.496
3329,600.000,600.000,1200.000,45.088,-38.496
3330,600.000,600.000,1200.000,45.088,-38.496
3331,600.000,600.000,1200.000,45.088,-38.496
3332,600.000,600.000,1200.000,45.088,-38.496
3333,600.000,600.000,1200.000,45.088,-38.496
3334,600.000,600.000,1200.000,45.088,-38.496
3335,600.000,600.000,1200.000,45.088,-38.496
3336,600.000,600.000,1200.000,45.088,-38.496
3337,600.000,600.000,1200.000,45.088,-38.496
3338,600.000,600.000,1200.000,45.088,-38.496
3339,600.000,600.000,1200.000,45.088,-38.496
3340,600.000,600.000,1200.000,45.088,-38.496
3341,600.000,600.000,1200.000,45.088,-38.496
3342,600.000,600.000,1200.000,45.088,-38.496
3343,600.000,600.000,1200.000,45.088,-38.496
3344,600.000,600.000,1200.000,45.088,-38.496
3345,600.000,600.000,1200.000,45.088,-38.496
3346,600.000,600.000,1200.000,45.088,-38.496
3347,600.000,600.000,1200.000,45.088,-38.496
3348,600.000,600.000,1200.000,45.088,-38.496
3349,600.000,600.000,1200.000,45.088,-38.496
3350,600.000,600.000,1200.000,45.088,-38.496
3351,600.000,600.000,1200.000,45.088,-38.496
3352,600.000,600.000,1200.000,45.088,-38.496
3353,600.000,600.000,1200.000,45.088,-38.496
3354,600.000,600.000,1200.000,45.088,-38.496
3355,600.000,600.000,1200.000,45.088,-38.496
3356,600.000,600.000,1200.000,45.088,-38.496
3357,600.000,600.000,1200.000,45.088,-38.496
3358,600.000,600.000,1200.000,45.088,-38.496
3359,600.000,600.000,1200.000,45.088,-38.496
3360,600.000,600.000,1200.000,45.088,-38.496
3361,600.000,600.000,1200.000,45.088,-38.496
3362,600.000,600.000,1200.000,45.088,-38.496
3363,600.000,600.000,1200.000,45.088,-38.496
3364,600.000,600.000,1200.000,45.088,-38.496
3365,600.000,600.000,1200.000,45.088,-38.496
3366,600.000,600.000,1200.000,45.088,-38.496
3367,600.000,600.000,1200.000,45.088,-38.496
3368,600.000,600.000,1200.000,45.088,-38.496
3369,600.000,600.000,1200.000,45.088,-38.496
3370,600.000,600.000,1200.000,45.088,-38.496
3371,600.000,600.000,1200.000,45.088,-38.496
3372,600.000,600.000,1200.000,45.088,-38.496
3373,600.000,600.000,1200.000,45.088,-38.496
3374,600.000,600.000,1200.000,45.088,-38.496
3375,600.000,600.000,1200.000,45.088,-38.496
3376,600.000,600.000,1200.000,45.088,-38.496
3377,600.000,600.000,1200.000,45.088,-38.496
3378,600.000,600.000,1200.000,45.088,-38.496
3379,600.000,600.000,1200.000,45.088,-38.496
3380,600.000,600.000,1200.000,45.088,-38.496
3381,600.000,600.000,1200.000,45.088,-38.496
3382,600.000,600.000,1200.000,45.088,-38.496
3383,600.000,600.000,1200.000,45.088,-38.496
3384,600.000,600.000,1200.000,45.088,-38.496
3385,600.000,600.000,1200.000,45.088,-38.496
3386,600.000,600.000,1200.000,45.088,-38.496
3387,600.000,600.000,1200.000,45.088,-38.496
3388,600.000,600.000,1200.000,45.088,-38.496
3389,600.000,600.000,1200.000,45.088,-38.496
3390,600.000,600.000,1200.000,45.088,-38.496
3391,600.000,600.000,1200.000,45.088,-38.496
3392,600.000,600.000,1200.000,45.088,-38.496
3393,600.000,600.000,1200.000,45.088,-38.496
3394,600.000,600.000,1200.000,45.088,-38.496
3395,600.000,600.000,1200.000,45.088,-38.496
3396,600.000,600.000,1200.000,45.088,-38.496
3397,600.000,600.000,1200.000,45.088,-38.496
3398,600.000,600.000,1200.000,45.088,-38.496
3399,600.000,600.000,1200.000,45.088,-38.496
3400,600.000,600.000,1200.000,45.088,-38.496
3401,600.000,600.000,1200.000,45.088,-38.496
3402,600.000,600.000,1200.000,45.088,-38.496
3403,600.000,600.000,1200.000,45.088,-38.496
3404,600.000,600.000,1200.000,45.088,-38.496
3405,600.000,600.000,1200.000,45.088,-38.496
3406,600.000,600.000,1200.000,45.088,-38.496
3407,600.000,600.000,1200.000,45.088,-38.496
3408,600.000,600.000,1200.000,45.088,-38.496
3409,600.000,600.000,1200.000,45.088,-38.496
3410,600.000,600.000,1200.000,45.088,-38.496
3411,600.000,600.000,1200.000,45.088,-38.496
3412,600.000,600.000,1200.000,45.088,-38.496
3413,600.000,600.000,1200.000,45.088,-38.496
3414,600.000,600.000,1200.000,45.088,-38.496
3415,600.000,600.000,1200.000,45.088,-38.496
3416,600.000,600.000,1200.000,45.088,-38.496
3417,600.000,600.000,1200.000,45.088,-38.496
3418,600.000,600.000,1200.000,45.088,-38.496
3419,600.000,600.000,1200.000,45.088,-38.496
3420,600.000,600.000,1200.000,45.088,-38.496
3421,600.000,600.000,1200.000,45.088,-38.496
3422,600.000,600.000,1200.000,45.088,-38.496
3423,600.000,600.000,1200.000,45.088,-38.496
3424,600.000,600.000,1200.000,45.088,-38.496
3425,600.000,600.000,1200.000,45.088,-38.496
3426,600.000,600.000,1200.000,45.088,-38.496
3427,600.000,600.000,1200.000,45.088,-38.496
3428,600.000,600.000,1200.000,45.088,-38.496
3429,600.000,600.000,1200.000,45.088,-38.496
3430,600.000,600.000,1200.000,45.088,-38.496
3431,600.000,600.000,1200.000,45.088,-38.496
3432,600.000,600.000,1200.000,45.088,-38.496
3433,600.000,600.000,1200.000,45.088,-38.496
3434,600.000,600.000,1200.000,45.088,-38.496
3435,600.000,600.000,1200.000,45.088,-38.496
3436,600.000,600.000,1200.000,45.088,-38.496
3437,600.000,600.000,1200.000,45.088,-38.496
3438,600.000,600.000,1200.000,45.088,-38.496
3439,600.000,600.000,1200.000,45.088,-38.496
3440,600.000,600.000,1200.000,45.088,-38.496
3441,600.000,600.000,1200.000,45.088,-38.496
3442,600.000,600.000,1200.000,45.088,-38.496
3443,600.000,600.000,1200.000,45.088,-38.496
3444,600.000,600.000,1200.000,45.088,-38.496
3445,600.000,600.000,1200.000,45.088,-38.496
3446,600.000,600.000,1200.000,45.088,-38.496
3447,600.000,600.000,1200.000,45.088,-38.496
3448,600.000,600.000,1200.000,45.088,-38.496
3449,600.000,600.000,1200.000,45.088,-38.496
3450,600.000,600.000,1200.000,45.088,-38.496
3451,600.000,600.000,1200.000,45.088,-38.496
3452,600.000,600.000,1200.000,45.088,-38.496
3453,600.000,600.000,1200.000,45.088,-38.496
3454,600.000,600.000,1200.000,45.088,-38.496
3455,600.000,600.000,1200.000,45.088,-38.496
3456,600.000,600.000,1200.000,45.088,-38.496
3457,600.000,600.000,1200.000,45.088,-38.496
3458,600.000,600.000,1200.000,45.088,-38.496
3459,600.000,600.000,1200.000,45.088,-38.496
3460,600.000,600.000,1200.000,45.088,-38.496
3461,600.000,600.000,1200.000,45.088,-38.496
3462,600.000,600.000,1200.000,45.088,-38.496
3463,600.000,600.000,1200.000,45.088,-38.496
3464,600.000,600.000,1200.000,45.088,-38.496
3465,600.000,600.000,1200.000,45.088,-38.496
3466,600.000,600.000,1200.000,45.088,-38.496
3467,600.000,600.000,1200.000,45.088,-38.496
3468,600.000,600.000,1200.000,45.088,-38.496
3469,600.000,600.000,1200.000,45.088,-38.496
3470,600.000,600.000,1200.000,45.088,-38.496
3471,600.000,600.000,1200.000,45.088,-38.496
3472,600.000,600.000,1200.000,45.088,-38.496
3473,600.000,600.000,1200.000,45.088,-38.496
3474,600.000,600.000,1200.000,45.088,-38.496
3475,600.000,600.000,1200.000,45.088,-38.496
3476,600.000,600.000,1200.000,45.088,-38.496
3477,600.000,600.000,1200.000,45.088,-38.496
3478,600.000,600.000,1200.000,45.088,-38.496
3479,600.000,600.000,1200.000,45.088,-38.496
3480,600.000,600.000,1200.000,45.088,-38.496
3481,600.000,600.000,1200.000,45.088,-38.496
3482,600.000,600.000,1200.000,45.088,-38.496
3483,600.000,600.000,1200.000,45.088,-38.496
3484,600.000,600.000,1200.000,45.088,-38.496
3485,600.000,600.000,1200.000,45.088,-38.496
3486,600.000,600.000,1200.000,45.088,-38.496
3487,600.000,600.000,1200.000,45.088,-38.496
3488,600.000,600.000,1200.000,45.088,-38.496
3489,600.000,600.000,1200.000,45.088,-38.496
3490,600.000,600.000,1200.000,45.088,-38.496
3491,600.000,600.000,1200.000,45.088,-38.496
3492,600.000,600.000,1200.000,45.088,-38.496
3493,600.000,600.000,1200.000,45.088,-38.496
3494,600.000,600.000,1200.000,45.088,-38.496
3495,600.000,600.000,1200.000,45.088,-38.496
3496,600.000,600.000,1200.000,45.088,-38.496
3497,600.000,600.000,1200.000,45.088,-38.496
3498,600.000,600.000,1200.000,45.088,-38.496
3499,600.000,600.000,1200.000,45.088,-38.496
3500,600.000,600.000,1200.000,45.088,-38.496
3501,600.000,600.000,1200.000,45.088,-38.496
3502,600.000,600.000,1200.000,45.088,-38.496
3503,600.000,600.000,1200.000,45.088,-38.496
3504,600.000,600.000,1200.000,45.088,-38.496
3505,600.000,600.000,1200.000,45.088,-38.496
3506,600.000,600.000,1200.000,45.088,-38.496
3507,600.000,600.000,1200.000,45.088,-38.496
3508,600.000,600.000,1200.000,45.088,-38.496
3509,600.000,600.000,1200.000,45.088,-38.496
3510,600.000,600.000,1200.000,45.088,-38.496
3511,600.000,600.000,1200.000,45.088,-38.496
3512,0.000,0.000,0.000,45.088,-38.496
3513,0.000,0.000,0.000,45.088,-38.496
3514,0.000,0.000,0.000,45.088,-38.496
3515,0.000,0.000,0.000,45.088,-38.496
3516,0.000,0.000,0.000,45.352,-38.496
3517,0.000,0.000,0.000,45.439,-38.496
3518,0.000,0.000,0.000,45.439,-38.496
3519,0.000,0.000,0.000,45.439,-38.496
3520,0.000,0.000,0.000,45.439,-38.496
3521,0.000,0.000,0.000,45.352,-38.496
3522,0.000,0.000,0.000,45.352,-38.496
3523,0.000,0.000,0.000,45.264,-38.496
3524,0.000,0.000,0.000,45.264,-38.496
3525,0.000,0.000,0.000,45.264,-38.496
3526,0.000,0.000,0.000,45.176,-38.408
3527,0.000,0.000,0.000,45.176,-38.408
3528,0.000,0.000,0.000,45.176,-38.320
3529,0.000,0.000,0.000,45.176,-38.320
3530,0.000,0.000,0.000,45.176,-38.320
3531,0.000,0.000,0.000,45.176,-38.320
3532,0.000,0.000,0.000,45.176,-38.320
3533,0.000,0.000,0.000,45.176,-38.232
3534,0.000,0.000,0.000,45.176,-38.232
3535,0.000,0.000,0.000,45.000,-38.145
3536,0.000,0.000,0.000,45.000,-38.145
3537,0.000,0.000,0.000,44.912,-37.969
3538,0.000,0.000,0.000,44.824,-37.969
3539,0.000,0.000,0.000,44.824,-37.969
3540,0.000,0.000,0.000,44.824,-37.881
3541,0.000,0.000,0.000,44.648,-37.881
3542,0.000,0.000,0.000,44.648,-37.705
3543,0.000,0.000,0.000,44.561,-37.705
3544,0.000,0.000,0.000,44.561,-37.705
3545,0.000,0.000,0.000,44.473,-37.617
3546,0.000,0.000,0.000,44.385,-37.441
3547,0.000,0.000,0.000,44.297,-37.441
3548,0.000,0.000,0.000,44.209,-37.441
3549,0.000,0.000,0.000,44.209,-37.354
3550,0.000,0.000,0.000,44.209,-37.266
3551,0.000,0.000,0.000,44.209,-37.178
3552,0.000,0.000,0.000,44.121,-37.090
3553,0.000,0.000,0.000,44.121,-37.090
3554,0.000,0.000,0.000,44.033,-36.914
3555,0.000,0.000,0.000,43.945,-36.914
3556,0.000,0.000,0.000,43.770,-36.738
3557,0.000,0.000,0.000,43.682,-36.650
3558,0.000,0.000,0.000,43.682,-36.650
3559,0.000,0.000,0.000,43.682,-36.563
3560,0.000,0.000,0.000,43.594,-36.475
3561,0.000,0.000,0.000,43.418,-36.387
3562,0.000,0.000,0.000,43.418,-36.299
3563,0.000,0.000,0.000,43.418,-36.211
3564,0.000,0.000,0.000,43.242,-36.123
3565,0.000,0.000,0.000,43.154,-36.035
3566,0.000,0.000,0.000,43.154,-35.947
3567,0.000,0.000,0.000,42.979,-35.859
3568,0.000,0.000,0.000,42.979,-35.771
3569,0.000,0.000,0.000,42.891,-35.684
3570,0.000,0.000,0.000,42.803,-35.508
3571,0.000,0.000,0.000,42.627,-35.420
3572,0.000,0.000,0.000,42.627,-35.332
3573,0.000,0.000,0.000,42.539,-35.244
3574,0.000,0.000,0.000,42.539,-35.156
3575,0.000,0.000,0.000,42.539,-34.980
3576,0.000,0.000,0.000,42.451,-34.893
3577,0.000,0.000,0.000,42.451,-34.717
3578,0.000,0.000,0.000,42.275,-34.629
3579,0.000,0.000,0.000,42.275,-34.541
3580,0.000,0.000,0.000,42.100,-34.453
3581,0.000,0.000,0.000,42.012,-34.277
3582,0.000,0.000,0.000,41.924,-34.189
3583,0.000,0.000,0.000,41.924,-34.014
3584,0.000,0.000,0.000,41.748,-33.926
3585,0.000,0.000,0.000,41.660,-33.838
3586,0.000,0.000,0.000,41.572,-33.662
3587,0.000,0.000,0.000,41.484,-33.574
3588,0.000,0.000,0.000,41.484,-33.486
3589,0.000,0.000,0.000,41.396,-33.398
3590,0.000,0.000,0.000,41.309,-33.223
3591,0.000,0.000,0.000,41.133,-33.135
3592,0.000,0.000,0.000,41.133,-32.959
3593,0.000,0.000,0.000,41.045,-32.871
3594,0.000,0.000,0.000,40.869,-32.695
3595,0.000,0.000,0.000,40.781,-32.520
3596,0.000,0.000,0.000,40.693,-32.432
3597,0.000,0.000,0.000,40.605,-32.344
3598,0.000,0.000,0.000,40.518,-32.168
3599,0.000,0.000,0.000,40.430,-31.992
3600,0.000,0.000,0.000,40.342,-31.904
3601,0.000,0.000,0.000,40.254,-31.816
3602,0.000,0.000,0.000,40.166,-31.641
3603,0.000,0.000,0.000,40.078,-31.465
3604,0.000,0.000,0.000,39.990,-31.377
3605,0.000,0.000,0.000,39.814,-31.113
3606,0.000,0.000,0.000,39.814,-31.025
3607,0.000,0.000,0.000,39.551,-30.937
3608,0.000,0.000,0.000,39.551,-30.850
3609,0.000,0.000,0.000,39.375,-30.674
3610,0.000,0.000,0.000,39.199,-30.498
3611,0.000,0.000,0.000,39.111,-30.322
3612,0.000,0.000,0.000,39.023,-30.146
3613,0.000,0.000,0.000,38.848,-30.059
3614,0.000,0.000,0.000,38.848,-29.883
3615,0.000,0.000,0.000,38.672,-29.707
3616,0.000,0.000,0.000,38.496,-29.619
3617,0.000,0.000,0.000,38.408,-29.443
3618,0.000,0.000,0.000,38.320,-29.268
3619,0.000,0.000,0.000,38.232,-29.092
3620,0.000,0.000,0.000,38.057,-28.916
3621,0.000,0.000,0.000,37.969,-28.828
3622,0.000,0.000,0.000,37.881,-28.652
3623,0.000,0.000,0.000,37.705,-28.477
3624,0.000,0.000,0.000,37.529,-28.301
3625,0.000,0.000,0.000,37.529,-28.213
3626,0.000,0.000,0.000,37.441,-28.037
3627,0.000,0.000,0.000,37.354,-27.773
3628,0.000,0.000,0.000,37.266,-27.686
3629,0.000,0.000,0.000,37.002,-27.510
3630,0.000,0.000,0.000,37.002,-27.246
3631,0.000,0.000,0.000,36.826,-27.158
3632,0.000,0.000,0.000,36.738,-27.070
3633,0.000,0.000,0.000,36.563,-26.895
3634,0.000,0.000,0.000,36.475,-26.631
3635,0.000,0.000,0.000,36.387,-26.455
3636,0.000,0.000,0.000,36.123,-26.367
3637,0.000,0.000,0.000,36.123,-26.191
3638,0.000,0.000,0.000,35.859,-26.016
3639,0.000,0.000,0.000,35.771,-25.752
3640,0.000,0.000,0.000,35.684,-25.664
3641,0.000,0.000,0.000,35.508,-25.488
3642,0.000,0.000,0.000,35.420,-25.312
3643,0.000,0.000,0.000,35.332,-25.049
3644,0.000,0.000,0.000,35.156,-24.873
3645,0.000,0.000,0.000,35.068,-24.785
3646,0.000,0.000,0.000,34.980,-24.609
3647,0.000,0.000,0.000,34.805,-24.434
3648,0.000,0.000,0.000,34.717,-24.170
3649,0.000,0.000,0.000,34.629,-24.082
3650,0.000,0.000,0.000,34.453,-23.906
3651,0.000,0.000,0.000,34.365,-23.730
3652,0.000,0.000,0.000,34.189,-23.467
3653,0.000,0.000,0.000,34.189,-23.379
3654,0.000,0.000,0.000,33.926,-23.115
3655,0.000,0.000,0.000,33.838,-23.027
3656,0.000,0.000,0.000,33.750,-22.764
3657,0.000,0.000,0.000,33.574,-22.676
3658,0.000,0.000,0.000,33.486,-22.412
3659,0.000,0.000,0.000,33.311,-22.236
3660,0.000,0.000,0.000,33.311,-21.973
3661,0.000,0.000,0.000,33.135,-21.885
3662,0.000,0.000,0.000,32.959,-21.709
3663,0.000,0.000,0.000,32.871,-21.445
3664,0.000,0.000,0.000,32.783,-21.357
3665,0.000,0.000,0.000,32.607,-21.094
3666,0.000,0.000,0.000,32.520,-20.918
3667,0.000,0.000,0.000,32.344,-20.830
3668,0.000,0.000,0.000,32.256,-20.566
3669,0.000,0.000,0.000,32.080,-20.391
3670,0.000,0.000,0.000,31.904,-20.215
3671,0.000,0.000,0.000,31.816,-19.951
3672,0.000,0.000,0.000,31.641,-19.863
3673,0.000,0.000,0.000,31.553,-19.600
3674,0.000,0.000,0.000,31.377,-19.512
3675,0.000,0.000,0.000,31.289,-19.248
3676,0.000,0.000,0.000,31.113,-19.072
3677,0.000,0.000,0.000,31.025,-18.896
3678,0.000,0.000,0.000,30.850,-18.633
3679,0.000,0.000,0.000,30.762,-18.457
3680,0.000,0.000,0.000,30.586,-18.281
3681,0.000,0.000,0.000,30.410,-18.105
3682,0.000,0.000,0.000,30.322,-17.930
3683,0.000,0.000,0.000,30.146,-17.666
3684,0.000,0.000,0.000,29.971,-17.490
3685,0.000,0.000,0.000,29.795,-17.314
3686,0.000,0.000,0.000,29.795,-17.227
3687,0.000,0.000,0.000,29.619,-16.963
3688,0.000,0.000,0.000,29.531,-16.787
3689,0.000,0.000,0.000,29.443,-16.523
3690,0.000,0.000,0.000,29.180,-16.348
3691,0.000,0.000,0.000,29.092,-16.172
3692,0.000,0.000,0.000,28.916,-15.908
3693,0.000,0.000,0.000,28.828,-15.732
3694,0.000,0.000,0.000,28.740,-15.557
3695,0.000,0.000,0.000,28.477,-15.293
3696,0.000,0.000,0.000,28.477,-15.117
3697,0.000,0.000,0.000,28.301,-14.941
3698,0.000,0.000,0.000,28.125,-14.678
3699,0.000,0.000,0.000,28.037,-14.502
3700,0.000,0.000,0.000,27.861,-14.326
3701,0.000,0.000,0.000,27.773,-14.150
3702,0.000,0.000,0.000,27.510,-14.063
3703,0.000,0.000,0.000,27.510,-13.799
3704,0.000,0.000,0.000,27.422,-13.623
3705,0.000,0.000,0.000,27.246,-13.359
3706,0.000,0.000,0.000,27.070,-13.184
3707,0.000,0.000,0.000,26.982,-13.008
3708,0.000,0.000,0.000,26.895,-12.744
3709,0.000,0.000,0.000,26.719,-12.656
3710,0.000,0.000,0.000,26.631,-12.393
3711,0.000,0.000,0.000,26.455,-12.217
3712,0.000,0.000,0.000,26.367,-11.953
3713,0.000,0.000,0.000,26.104,-11.865
3714,0.000,0.000,0.000,26.016,-11.602
3715,0.000,0.000,0.000,26.016,-11.426
3716,0.000,0.000,0.000,25.840,-11.250
3717,0.000,0.000,0.000,25.664,-10.986
3718,0.000,0.000,0.000,25.576,-10.811
3719,0.000,0.000,0.000,25.488,-10.547
3720,0.000,0.000,0.000,25.312,-10.459
3721,0.000,0.000,0.000,25.137,-10.195
3722,0.000,0.000,0.000,25.049,-10.020
3723,0.000,0.000,0.000,24.873,-9.844
3724,0.000,0.000,0.000,24.785,-9.668
3725,0.000,0.000,0.000,24.609,-9.492
3726,0.000,0.000,0.000,24.521,-9.229
3727,0.000,0.000,0.000,24.346,-9.053
3728,0.000,0.000,0.000,24.170,-8.789
3729,0.000,0.000,0.000,24.082,-8.701
3730,0.000,0.000,0.000,23.994,-8.438
3731,0.000,0.000,0.000,23.730,-8.262
3732,0.000,0.000,0.000,23.643,-8.086
3733,0.000,0.000,0.000,23.555,-7.910
3734,0.000,0.000,0.000,23.291,-7.822
3735,0.000,0.000,0.000,23.203,-7.471
3736,0.000,0.000,0.000,23.027,-7.295
3737,0.000,0.000,0.000,22.939,-7.119
3738,0.000,0.000,0.000,22.764,-6.943
3739,0.000,0.000,0.000,22.588,-6.768
3740,0.000,0.000,0.000,22.500,-6.592
3741,0.000,0.000,0.000,22.324,-6.328
3742,0.000,0.000,0.000,22.148,-6.240
3743,0.000,0.000,0.000,22.061,-5.977
3744,0.000,0.000,0.000,21.797,-5.713
3745,0.000,0.000,0.000,21.709,-5.625
3746,0.000,0.000,0.000,21.533,-5.449
3747,0.000,0.000,0.000,21.445,-5.273
3748,0.000,0.000,0.000,21.357,-5.098
3749,0.000,0.000,0.000,21.182,-4.834
3750,0.000,0.000,0.000,21.006,-4.658
3751,0.000,0.000,0.000,20.918,-4.482
3752,0.000,0.000,0.000,20.654,-4.307
3753,0.000,0.000,0.000,20.566,-4.043
3754,0.000,0.000,0.000,20.479,-3.955
3755,0.000,0.000,0.000,20.303,-3.779
3756,0.000,0.000,0.000,20.215,-3.516
3757,0.000,0.000,0.000,20.039,-3.428
3758,0.000,0.000,0.000,19.863,-3.252
3759,0.000,0.000,0.000,19.863,-3.076
3760,0.000,0.000,0.000,19.687,-2.813
3761,0.000,0.000,0.000,19.512,-2.725
3762,0.000,0.000,0.000,19.424,-2.549
3763,0.000,0.000,0.000,19.336,-2.285
3764,0.000,0.000,0.000,19.160,-2.109
3765,0.000,0.000,0.000,19.072,-1.846
3766,0.000,0.000,0.000,18.896,-1.758
3767,0.000,0.000,0.000,18.809,-1.582
3768,0.000,0.000,0.000,18.633,-1.406
3769,0.000,0.000,0.000,18.633,-1.318
3770,0.000,0.000,0.000,18.457,-1.055
3771,0.000,0.000,0.000,18.281,-0.791
3772,0.000,0.000,0.000,18.018,-0.703
3773,0.000,0.000,0.000,17.930,-0.527
3774,0.000,0.000,0.000,17.842,-0.439
3775,0.000,0.000,0.000,17.754,-0.176
3776,0.000,0.000,0.000,17.578,0.088
3777,0.000,0.000,0.000,17.490,0.176
3778,0.000,0.000,0.000,17.314,0.439
3779,0.000,0.000,0.000,17.227,0.439
3780,0.000,0.000,0.000,17.051,0.615
3781,0.000,0.000,0.000,16.875,0.791
3782,0.000,0.000,0.000,16.787,1.055
3783,0.000,0.000,0.000,16.699,1.143
3784,0.000,0.000,0.000,16.523,1.318
3785,0.000,0.000,0.000,16.348,1.494
3786,0.000,0.000,0.000,16.260,1.758
3787,0.000,0.000,0.000,16.084,1.846
3788,0.000,0.000,0.000,15.996,2.021
3789,0.000,0.000,0.000,15.820,2.197
3790,0.000,0.000,0.000,15.645,2.285
3791,0.000,0.000,0.000,15.469,2.549
3792,0.000,0.000,0.000,15.381,2.725
3793,0.000,0.000,0.000,15.205,2.900
3794,0.000,0.000,0.000,15.029,2.988
3795,0.000,0.000,0.000,15.029,3.164
3796,0.000,0.000,0.000,14.854,3.252
3797,0.000,0.000,0.000,14.678,3.428
3798,0.000,0.000,0.000,14.590,3.604
3799,0.000,0.000,0.000,14.414,3.779
3800,0.000,0.000,0.000,14.326,3.955
3801,0.000,0.000,0.000,14.150,4.043
3802,0.000,0.000,0.000,14.063,4.307
3803,0.000,0.000,0.000,13.799,4.395
3804,0.000,0.000,0.000,13.799,4.482
3805,0.000,0.000,0.000,13.711,4.746
3806,0.000,0.000,0.000,13.535,4.834
3807,0.000,0.000,0.000,13.447,5.098
3808,0.000,0.000,0.000,13.271,5.186
3809,0.000,0.000,0.000,13.184,5.273
3810,0.000,0.000,0.000,13.008,5.449
3811,0.000,0.000,0.000,12.920,5.625
3812,0.000,0.000,0.000,12.832,5.713
3813,0.000,0.000,0.000,12.744,5.889
3814,0.000,0.000,0.000,12.568,6.064
3815,0.000,0.000,0.000,12.393,6.240
3816,0.000,0.000,0.000,12.305,6.416
3817,0.000,0.000,0.000,12.305,6.504
3818,0.000,0.000,0.000,12.041,6.680
3819,0.000,0.000,0.000,12.041,6.768
3820,0.000,0.000,0.000,11.865,6.943
3821,0.000,0.000,0.000,11.689,7.119
3822,0.000,0.000,0.000,11.602,7.207
3823,0.000,0.000,0.000,11.514,7.471
3824,0.000,0.000,0.000,11.338,7.559
3825,0.000,0.000,0.000,11.250,7.646
3826,0.000,0.000,0.000,11.162,7.822
3827,0.000,0.000,0.000,10.986,7.998
3828,0.000,0.000,0.000,10.898,8.086
3829,0.000,0.000,0.000,10.811,8.262
3830,0.000,0.000,0.000,10.635,8.438
3831,0.000,0.000,0.000,10.547,8.525
3832,0.000,0.000,0.000,10.283,8.613
3833,0.000,0.000,0.000,10.283,8.789
3834,0.000,0.000,0.000,10.107,8.877
3835,0.000,0.000,0.000,10.020,8.965
3836,0.000,0.000,0.000,9.844,9.141
3837,0.000,0.000,0.000,9.756,9.229
3838,0.000,0.000,0.000,9.580,9.404
3839,0.000,0.000,0.000,9.492,9.492
3840,0.000,0.000,0.000,9.316,9.580
3841,0.000,0.000,0.000,9.229,9.668
3842,0.000,0.000,0.000,9.141,9.844
3843,0.000,0.000,0.000,9.053,9.932
3844,0.000,0.000,0.000,8.877,10.107
3845,0.000,0.000,0.000,8.789,10.283
3846,0.000,0.000,0.000,8.613,10.283
3847,0.000,0.000,0.000,8.525,10.459
3848,0.000,0.000,0.000,8.350,10.635
3849,0.000,0.000,0.000,8.262,10.635
3850,0.000,0.000,0.000,7.998,10.811
3851,0.000,0.000,0.000,7.998,10.898
3852,0.000,0.000,0.000,7.822,10.986
3853,0.000,0.000,0.000,7.734,11.162
3854,0.000,0.000,0.000,7.734,11.250
3855,0.000,0.000,0.000,7.559,11.338
3856,0.000,0.000,0.000,7.383,11.426
3857,0.000,0.000,0.000,7.383,11.514
3858,0.000,0.000,0.000,7.207,11.689
3859,0.000,0.000,0.000,7.119,11.777
3860,0.000,0.000,0.000,6.943,11.865
3861,0.000,0.000,0.000,6.855,11.953
3862,0.000,0.000,0.000,6.680,12.041
3863,0.000,0.000,0.000,6.680,12.129
3864,0.000,0.000,0.000,6.592,12.305
3865,0.000,0.000,0.000,6.416,12.393
3866,0.000,0.000,0.000,6.328,12.393
3867,0.000,0.000,0.000,6.152,12.568
3868,0.000,0.000,0.000,6.064,12.656
3869,0.000,0.000,0.000,5.977,12.744
3870,0.000,0.000,0.000,5.801,12.832
3871,0.000,0.000,0.000,5.713,13.008
3872,0.000,0.000,0.000,5.625,13.008
3873,0.000,0.000,0.000,5.537,13.096
3874,0.000,0.000,0.000,5.449,13.271
3875,0.000,0.000,0.000,5.273,13.359
3876,0.000,0.000,0.000,5.186,13.447
3877,0.000,0.000,0.000,5.010,13.623
3878,0.000,0.000,0.000,4.922,13.711
3879,0.000,0.000,0.000,4.834,13.799
3880,0.000,0.000,0.000,4.746,13.799
3881,0.000,0.000,0.000,4.570,13.887
3882,0.000,0.000,0.000,4.482,13.975
3883,0.000,0.000,0.000,4.395,14.063
3884,0.000,0.000,0.000,4.395,14.063
3885,0.000,0.000,0.000,4.131,14.150
3886,0.000,0.000,0.000,4.043,14.326
3887,0.000,0.000,0.000,3.955,14.326
3888,0.000,0.000,0.000,3.867,14.326
3889,0.000,0.000,0.000,3.779,14.502
3890,0.000,0.000,0.000,3.604,14.590
3891,0.000,0.000,0.000,3.516,14.678
3892,0.000,0.000,0.000,3.428,14.678
3893,0.000,0.000,0.000,3.252,14.766
3894,0.000,0.000,0.000,3.164,14.854
3895,0.000,0.000,0.000,3.076,14.854
3896,0.000,0.000,0.000,2.900,15.029
3897,0.000,0.000,0.000,2.900,15.029
3898,0.000,0.000,0.000,2.813,15.117
3899,0.000,0.000,0.000,2.725,15.205
3900,0.000,0.000,0.000,2.549,15.205
3901,0.000,0.000,0.000,2.461,15.293
3902,0.000,0.000,0.000,2.285,15.381
3903,0.000,0.000,0.000,2.285,15.381
3904,0.000,0.000,0.000,2.109,15.469
3905,0.000,0.000,0.000,2.109,15.645
3906,0.000,0.000,0.000,1.846,15.645
3907,0.000,0.000,0.000,1.758,15.645
3908,0.000,0.000,0.000,1.758,15.732
3909,0.000,0.000,0.000,1.582,15.732
3910,0.000,0.000,0.000,1.582,15.820
3911,0.000,0.000,0.000,1.406,15.908
3912,0.000,0.000,0.000,1.318,15.908
3913,0.000,0.000,0.000,1.230,15.996
3914,0.000,0.000,0.000,1.143,15.996
3915,0.000,0.000,0.000,1.055,16.084
3916,0.000,0.000,0.000,0.879,16.084
3917,0.000,0.000,0.000,0.791,16.172
3918,0.000,0.000,0.000,0.703,16.172
3919,0.000,0.000,0.000,0.615,16.348
3920,0.000,0.000,0.000,0.439,16.348
3921,0.000,0.000,0.000,0.352,16.436
3922,0.000,0.000,0.000,0.264,16.436
3923,0.000,0.000,0.000,0.176,16.436
3924,0.000,0.000,0.000,0.088,16.523
3925,0.000,0.000,0.000,0.000,16.523
3926,0.000,0.000,0.000,-0.088,16.611
3927,0.000,0.000,0.000,-0.352,16.611
3928,0.000,0.000,0.000,-0.352,16.611
3929,0.000,0.000,0.000,-0.352,16.699
3930,0.000,0.000,0.000,-0.527,16.699
3931,0.000,0.000,0.000,-0.615,16.787
3932,0.000,0.000,0.000,-0.703,16.787
3933,0.000,0.000,0.000,-0.791,16.875
3934,0.000,0.000,0.000,-0.879,16.875
3935,0.000,0.000,0.000,-0.967,16.963
3936,0.000,0.000,0.000,-1.055,16.963
3937,0.000,0.000,0.000,-1.143,16.963
3938,0.000,0.000,0.000,-1.318,17.051
3939,0.000,0.000,0.000,-1.406,17.051
3940,0.000,0.000,0.000,-1.494,17.051
3941,0.000,0.000,0.000,-1.582,17.139
3942,0.000,0.000,0.000,-1.670,17.227
3943,0.000,0.000,0.000,-1.758,17.227
3944,0.000,0.000,0.000,-1.846,17.227
3945,0.000,0.000,0.000,-1.934,17.227
3946,0.000,0.000,0.000,-2.021,17.227
3947,0.000,0.000,0.000,-2.109,17.314
3948,0.000,0.000,0.000,-2.197,17.314
3949,0.000,0.000,0.000,-2.373,17.402
3950,0.000,0.000,0.000,-2.373,17.402
3951,0.000,0.000,0.000,-2.549,17.402
3952,0.000,0.000,0.000,-2.549,17.402
3953,0.000,0.000,0.000,-2.725,17.402
3954,0.000,0.000,0.000,-2.725,17.490
3955,0.000,0.000,0.000,-2.900,17.490
3956,0.000,0.000,0.000,-2.988,17.490
3957,0.000,0.000,0.000,-3.076,17.490
3958,0.000,0.000,0.000,-3.164,17.578
3959,0.000,0.000,0.000,-3.252,17.578
3960,0.000,0.000,0.000,-3.340,17.578
3961,0.000,0.000,0.000,-3.428,17.578
3962,0.000,0.000,0.000,-3.516,17.578
3963,0.000,0.000,0.000,-3.604,17.666
3964,0.000,0.000,0.000,-3.691,17.666
3965,0.000,0.000,0.000,-3.779,17.666
3966,0.000,0.000,0.000,-3.867,17.666
3967,0.000,0.000,0.000,-4.043,17.666
3968,0.000,0.000,0.000,-4.043,17.666
3969,0.000,0.000,0.000,-4.131,17.666
3970,0.000,0.000,0.000,-4.219,17.666
3971,0.000,0.000,0.000,-4.395,17.666
3972,0.000,0.000,0.000,-4.395,17.666
3973,0.000,0.000,0.000,-4.570,17.666
3974,0.000,0.000,0.000,-4.658,17.666
3975,0.000,0.000,0.000,-4.658,17.666
3976,0.000,0.000,0.000,-4.834,17.666
3977,0.000,0.000,0.000,-4.922,17.754
3978,0.000,0.000,0.000,-5.010,17.754
3979,0.000,0.000,0.000,-5.098,17.754
3980,0.000,0.000,0.000,-5.098,17.754
3981,0.000,0.000,0.000,-5.186,17.754
3982,0.000,0.000,0.000,-5.273,17.754
3983,0.000,0.000,0.000,-5.361,17.754
3984,0.000,0.000,0.000,-5.449,17.754
3985,0.000,0.000,0.000,-5.625,17.754
3986,0.000,0.000,0.000,-5.713,17.754
3987,0.000,0.000,0.000,-5.801,17.754
3988,0.000,0.000,0.000,-5.801,17.754
3989,0.000,0.000,0.000,-5.889,17.754
3990,0.000,0.000,0.000,-6.064,17.754
3991,0.000,0.000,0.000,-6.064,17.754
3992,0.000,0.000,0.000,-6.240,17.754
3993,0.000,0.000,0.000,-6.328,17.754
3994,0.000,0.000,0.000,-6.328,17.754
3995,0.000,0.000,0.000,-6.416,17.754
3996,0.000,0.000,0.000,-6.504,17.754
3997,0.000,0.000,0.000,-6.592,17.754
3998,0.000,0.000,0.000,-6.680,17.754
3999,0.000,0.000,0.000,-6.768,17.754
4000,0.000,0.000,0.000,-6.855,17.754
4001,0.000,0.000,0.000,-6.943,17.754
4002,0.000,0.000,0.000,-7.119,17.754
4003,0.000,0.000,0.000,-7.119,17.754
4004,0.000,0.000,0.000,-7.207,17.754
4005,0.000,0.000,0.000,-7.295,17.754
4006,0.000,0.000,0.000,-7.383,17.754
4007,0.000,0.000,0.000,-7.471,17.754
4008,0.000,0.000,0.000,-7.559,17.754
4009,0.000,0.000,0.000,-7.559,17.754
4010,0.000,0.000,0.000,-7.734,17.754
4011,0.000,0.000,0.000,-7.822,17.754
4012,0.000,0.000,0.000,-7.910,17.754
4013,0.000,0.000,0.000,-7.910,17.578
4014,0.000,0.000,0.000,-8.086,17.578
4015,0.000,0.000,0.000,-8.174,17.578
4016,0.000,0.000,0.000,-8.174,17.578
4017,0.000,0.000,0.000,-8.262,17.490
4018,0.000,0.000,0.000,-8.350,17.490
4019,0.000,0.000,0.000,-8.438,17.490
4020,0.000,0.000,0.000,-8.525,17.490
4021,0.000,0.000,0.000,-8.613,17.490
4022,0.000,0.000,0.000,-8.701,17.490
4023,0.000,0.000,0.000,-8.789,17.490
4024,0.000,0.000,0.000,-8.877,17.402
4025,0.000,0.000,0.000,-8.965,17.314
4026,0.000,0.000,0.000,-9.053,17.314
4027,0.000,0.000,0.000,-9.053,17.314
4028,0.000,0.000,0.000,-9.141,17.314
4029,0.000,0.000,0.000,-9.229,17.227
4030,0.000,0.000,0.000,-9.404,17.227
4031,0.000,0.000,0.000,-9.404,17.139
4032,0.000,0.000,0.000,-9.492,17.139
4033,0.000,0.000,0.000,-9.492,17.051
4034,0.000,0.000,0.000,-9.668,17.051
4035,0.000,0.000,0.000,-9.756,16.963
4036,0.000,0.000,0.000,-9.844,16.963
4037,0.000,0.000,0.000,-9.932,16.963
4038,0.000,0.000,0.000,-9.932,16.875
4039,0.000,0.000,0.000,-10.020,16.875
4040,0.000,0.000,0.000,-10.107,16.875
4041,0.000,0.000,0.000,-10.195,16.787
4042,0.000,0.000,0.000,-10.195,16.699
4043,0.000,0.000,0.000,-10.371,16.699
4044,0.000,0.000,0.000,-10.371,16.699
4045,0.000,0.000,0.000,-10.459,16.611
4046,0.000,0.000,0.000,-10.547,16.611
4047,0.000,0.000,0.000,-10.635,16.611
4048,0.000,0.000,0.000,-10.723,16.523
4049,0.000,0.000,0.000,-10.723,16.436
4050,0.000,0.000,0.000,-10.811,16.348
4051,0.000,0.000,0.000,-10.898,16.348
4052,0.000,0.000,0.000,-11.074,16.348
4053,0.000,0.000,0.000,-11.074,16.260
4054,0.000,0.000,0.000,-11.162,16.172
4055,0.000,0.000,0.000,-11.162,16.172
4056,0.000,0.000,0.000,-11.250,16.172
4057,0.000,0.000,0.000,-11.338,16.084
4058,0.000,0.000,0.000,-11.426,15.996
4059,0.000,0.000,0.000,-11.514,15.996
4060,0.000,0.000,0.000,-11.514,15.908
4061,0.000,0.000,0.000,-11.689,15.908
4062,0.000,0.000,0.000,-11.689,15.732
4063,0.000,0.000,0.000,-11.777,15.645
4064,0.000,0.000,0.000,-11.865,15.645
4065,0.000,0.000,0.000,-11.953,15.645
4066,0.000,0.000,0.000,-12.041,15.557
4067,0.000,0.000,0.000,-12.129,15.557
4068,0.000,0.000,0.000,-12.129,15.381
4069,0.000,0.000,0.000,-12.305,15.381
4070,0.000,0.000,0.000,-12.305,15.381
4071,0.000,0.000,0.000,-12.393,15.293
4072,0.000,0.000,0.000,-12.393,15.293
4073,0.000,0.000,0.000,-12.480,15.205
4074,0.000,0.000,0.000,-12.568,15.117
4075,0.000,0.000,0.000,-12.568,15.029
4076,0.000,0.000,0.000,-12.744,14.941
4077,0.000,0.000,0.000,-12.744,14.854
4078,0.000,0.000,0.000,-12.832,14.766
4079,0.000,0.000,0.000,-12.920,14.766
4080,0.000,0.000,0.000,-13.008,14.766
4081,0.000,0.000,0.000,-13.008,14.414
4082,0.000,0.000,0.000,-13.008,14.414
4083,0.000,0.000,0.000,-13.184,14.414
4084,0.000,0.000,0.000,-13.184,14.414
4085,0.000,0.000,0.000,-13.271,14.326
4086,0.000,0.000,0.000,-13.271,13.975
4087,0.000,0.000,0.000,-13.359,13.975
4088,0.000,0.000,0.000,-13.359,13.975
4089,0.000,0.000,0.000,-13.447,13.975
4090,0.000,0.000,0.000,-13.535,13.887
4091,0.000,0.000,0.000,-13.623,13.799
4092,0.000,0.000,0.000,-13.623,13.623
4093,0.000,0.000,0.000,-13.799,13.359
4094,0.000,0.000,0.000,-13.799,13.359
4095,0.000,0.000,0.000,-13.799,13.359
4096,0.000,0.000,0.000,-13.887,13.359
4097,0.000,0.000,0.000,-13.975,13.359
4098,0.000,0.000,0.000,-14.063,13.184
4099,0.000,0.000,0.000,-14.063,13.096
4100,0.000,0.000,0.000,-14.150,13.008
4101,0.000,0.000,0.000,-14.150,12.920
4102,0.000,0.000,0.000,-14.238,12.832
4103,0.000,0.000,0.000,-14.326,12.656
4104,0.000,0.000,0.000,-14.326,12.568
4105,0.000,0.000,0.000,-14.414,12.393
4106,0.000,0.000,0.000,-14.414,12.393
4107,0.000,0.000,0.000,-14.502,12.305
4108,0.000,0.000,0.000,-14.502,12.129
4109,0.000,0.000,0.000,-14.590,12.041
4110,0.000,0.000,0.000,-14.678,11.953
4111,0.000,0.000,0.000,-14.766,11.777
4112,0.000,0.000,0.000,-14.766,11.689
4113,0.000,0.000,0.000,-14.766,11.514
4114,0.000,0.000,0.000,-14.941,11.426
4115,0.000,0.000,0.000,-14.941,11.338
4116,0.000,0.000,0.000,-15.029,11.162
4117,0.000,0.000,0.000,-15.029,11.074
4118,0.000,0.000,0.000,-15.117,10.898
4119,0.000,0.000,0.000,-15.117,10.811
4120,0.000,0.000,0.000,-15.205,10.547
4121,0.000,0.000,0.000,-15.205,10.459
4122,0.000,0.000,0.000,-15.205,10.371
4123,0.000,0.000,0.000,-15.205,10.195
4124,0.000,0.000,0.000,-15.205,10.107
4125,0.000,0.000,0.000,-15.293,10.020
4126,0.000,0.000,0.000,-15.381,9.756
4127,0.000,0.000,0.000,-15.381,9.668
4128,0.000,0.000,0.000,-15.469,9.404
4129,0.000,0.000,0.000,-15.469,9.316
4130,0.000,0.000,0.000,-15.557,9.229
4131,0.000,0.000,0.000,-15.557,9.053
4132,0.000,0.000,0.000,-15.557,8.965
4133,0.000,0.000,0.000,-15.645,8.701
4134,0.000,0.000,0.000,-15.732,8.525
4135,0.000,0.000,0.000,-15.732,8.438
4136,0.000,0.000,0.000,-15.732,8.262
4137,0.000,0.000,0.000,-15.732,7.998
4138,0.000,0.000,0.000,-15.820,7.910
4139,0.000,0.000,0.000,-15.820,7.734
4140,0.000,0.000,0.000,-15.908,7.559
4141,0.000,0.000,0.000,-15.908,7.471
4142,0.000,0.000,0.000,-15.908,7.295
4143,0.000,0.000,0.000,-15.996,7.119
4144,0.000,0.000,0.000,-15.996,6.855
4145,0.000,0.000,0.000,-15.996,6.592
4146,0.000,0.000,0.000,-16.084,6.592
4147,0.000,0.000,0.000,-16.084,6.328
4148,0.000,0.000,0.000,-16.172,6.152
4149,0.000,0.000,0.000,-16.172,5.977
4150,0.000,0.000,0.000,-16.172,5.801
4151,0.000,0.000,0.000,-16.172,5.537
4152,0.000,0.000,0.000,-16.172,5.361
4153,0.000,0.000,0.000,-16.260,5.098
4154,0.000,0.000,0.000,-16.260,5.010
4155,0.000,0.000,0.000,-16.348,4.746
4156,0.000,0.000,0.000,-16.348,4.658
4157,0.000,0.000,0.000,-16.348,4.395
4158,0.000,0.000,0.000,-16.348,4.131
4159,0.000,0.000,0.000,-16.436,3.955
4160,0.000,0.000,0.000,-16.436,3.779
4161,0.000,0.000,0.000,-16.436,3.516
4162,0.000,0.000,0.000,-16.523,3.340
4163,0.000,0.000,0.000,-16.523,3.076
4164,0.000,0.000,0.000,-16.523,2.900
4165,0.000,0.000,0.000,-16.523,2.637
4166,0.000,0.000,0.000,-16.523,2.461
4167,0.000,0.000,0.000,-16.523,2.373
4168,0.000,0.000,0.000,-16.523,2.021
4169,0.000,0.000,0.000,-16.523,1.758
4170,0.000,0.000,0.000,-16.523,1.670
4171,0.000,0.000,0.000,-16.611,1.494
4172,0.000,0.000,0.000,-16.611,1.143
4173,0.000,0.000,0.000,-16.611,0.967
4174,0.000,0.000,0.000,-16.611,0.791
4175,0.000,0.000,0.000,-16.699,0.527
4176,0.000,0.000,0.000,-16.699,0.264
4177,0.000,0.000,0.000,-16.699,0.000
4178,0.000,0.000,0.000,-16.699,-0.176
4179,0.000,0.000,0.000,-16.699,-0.352
4180,0.000,0.000,0.000,-16.699,-0.615
4181,0.000,0.000,0.000,-16.699,-0.879
4182,0.000,0.000,0.000,-16.699,-1.143
4183,0.000,0.000,0.000,-16.699,-1.318
4184,0.000,0.000,0.000,-16.699,-1.582
4185,0.000,0.000,0.000,-16.787,-1.846
4186,0.000,0.000,0.000,-16.787,-2.021
4187,0.000,0.000,0.000,-16.787,-2.285
4188,0.000,0.000,0.000,-16.875,-2.549
4189,0.000,0.000,0.000,-16.875,-2.725
4190,0.000,0.000,0.000,-16.875,-2.988
4191,0.000,0.000,0.000,-16.875,-3.252
4192,0.000,0.000,0.000,-16.875,-3.516
4193,0.000,0.000,0.000,-16.875,-3.867
4194,0.000,0.000,0.000,-16.875,-4.043
4195,0.000,0.000,0.000,-16.875,-4.219
4196,0.000,0.000,0.000,-16.875,-4.570
4197,0.000,0.000,0.000,-16.875,-4.746
4198,0.000,0.000,0.000,-16.875,-5.098
4199,0.000,0.000,0.000,-16.875,-5.273
4200,0.000,0.000,0.000,-16.875,-5.625
4201,0.000,0.000,0.000,-16.875,-5.801
4202,0.000,0.000,0.000,-16.963,-6.064
4203,0.000,0.000,0.000,-16.963,-6.328
4204,0.000,0.000,0.000,-16.963,-6.592
4205,0.000,0.000,0.000,-16.963,-6.855
4206,0.000,0.000,0.000,-16.963,-7.031
4207,0.000,0.000,0.000,-16.963,-7.383
4208,0.000,0.000,0.000,-16.963,-7.646
4209,0.000,0.000,0.000,-16.963,-7.910
4210,0.000,0.000,0.000,-16.963,-8.086
4211,0.000,0.000,0.000,-16.963,-8.350
4212,0.000,0.000,0.000,-16.963,-8.613
4213,0.000,0.000,0.000,-16.963,-8.877
4214,0.000,0.000,0.000,-16.963,-9.141
4215,0.000,0.000,0.000,-16.963,-9.404
4216,0.000,0.000,0.000,-16.963,-9.668
4217,0.000,0.000,0.000,-16.963,-9.932
4218,0.000,0.000,0.000,-16.963,-10.283
4219,0.000,0.000,0.000,-16.963,-10.459
4220,0.000,0.000,0.000,-16.963,-10.635
4221,0.000,0.000,0.000,-16.963,-10.986
4222,0.000,0.000,0.000,-16.963,-11.250
4223,0.000,0.000,0.000,-16.963,-11.514
4224,0.000,0.000,0.000,-16.963,-11.777
4225,0.000,0.000,0.000,-16.963,-12.041
4226,0.000,0.000,0.000,-16.963,-12.305
4227,0.000,0.000,0.000,-16.963,-12.568
4228,0.000,0.000,0.000,-16.963,-12.832
4229,0.000,0.000,0.000,-16.963,-13.096
4230,0.000,0.000,0.000,-16.963,-13.447
4231,0.000,0.000,0.000,-16.963,-13.623
4232,0.000,0.000,0.000,-16.963,-13.887
4233,0.000,0.000,0.000,-16.963,-14.150
4234,0.000,0.000,0.000,-16.963,-14.414
4235,0.000,0.000,0.000,-16.963,-14.766
4236,0.000,0.000,0.000,-16.963,-15.029
4237,0.000,0.000,0.000,-16.963,-15.293
4238,0.000,0.000,0.000,-16.963,-15.557
4239,0.000,0.000,0.000,-16.963,-15.732
4240,0.000,0.000,0.000,-16.963,-16.084
4241,0.000,0.000,0.000,-16.963,-16.348
4242,0.000,0.000,0.000,-16.963,-16.699
4243,0.000,0.000,0.000,-16.963,-16.875
4244,0.000,0.000,0.000,-16.963,-17.227
4245,0.000,0.000,0.000,-16.963,-17.402
4246,0.000,0.000,0.000,-16.963,-17.666
4247,0.000,0.000,0.000,-16.963,-17.930
4248,0.000,0.000,0.000,-16.963,-18.193
4249,0.000,0.000,0.000,-16.963,-18.457
4250,0.000,0.000,0.000,-16.963,-18.809
4251,0.000,0.000,0.000,-16.963,-19.072
4252,0.000,0.000,0.000,-16.963,-19.336
4253,0.000,0.000,0.000,-16.963,-19.512
4254,0.000,0.000,0.000,-16.963,-19.863
4255,0.000,0.000,0.000,-16.963,-20.127
4256,0.000,0.000,0.000,-16.963,-20.391
4257,0.000,0.000,0.000,-16.963,-20.654
4258,0.000,0.000,0.000,-16.963,-20.918
4259,0.000,0.000,0.000,-16.963,-21.182
4260,0.000,0.000,0.000,-16.963,-21.445
4261,0.000,0.000,0.000,-16.963,-21.709
4262,0.000,0.000,0.000,-16.963,-21.973
4263,0.000,0.000,0.000,-16.963,-22.236
4264,0.000,0.000,0.000,-16.963,-22.588
4265,0.000,0.000,0.000,-16.963,-22.764
4266,0.000,0.000,0.000,-16.963,-23.027
4267,0.000,0.000,0.000,-16.963,-23.291
4268,0.000,0.000,0.000,-16.963,-23.643
4269,0.000,0.000,0.000,-16.963,-23.818
4270,0.000,0.000,0.000,-16.963,-24.082
4271,0.000,0.000,0.000,-16.963,-24.346
4272,0.000,0.000,0.000,-16.963,-24.609
4273,0.000,0.000,0.000,-16.963,-24.873
4274,0.000,0.000,0.000,-16.963,-25.137
4275,0.000,0.000,0.000,-16.963,-25.488
4276,0.000,0.000,0.000,-16.963,-25.664
4277,0.000,0.000,0.000,-16.963,-25.928
4278,0.000,0.000,0.000,-16.963,-26.191
4279,0.000,0.000,0.000,-16.963,-26.455
4280,0.000,0.000,0.000,-16.963,-26.631
4281,0.000,0.000,0.000,-16.963,-26.982
4282,0.000,0.000,0.000,-16.963,-27.246
4283,0.000,0.000,0.000,-16.963,-27.510
4284,0.000,0.000,0.000,-16.963,-27.686
4285,0.000,0.000,0.000,-16.963,-27.949
4286,0.000,0.000,0.000,-16.963,-28.213
4287,0.000,0.000,0.000,-16.963,-28.477
4288,0.000,0.000,0.000,-16.963,-28.828
4289,0.000,0.000,0.000,-16.963,-29.004
4290,0.000,0.000,0.000,-16.963,-29.180
4291,0.000,0.000,0.000,-16.963,-29.531
4292,0.000,0.000,0.000,-16.963,-29.707
4293,0.000,0.000,0.000,-16.963,-29.971
4294,0.000,0.000,0.000,-16.963,-30.234
4295,0.000,0.000,0.000,-16.963,-30.498
4296,0.000,0.000,0.000,-16.963,-30.674
4297,0.000,0.000,0.000,-16.963,-30.937
4298,0.000,0.000,0.000,-16.963,-31.201
4299,0.000,0.000,0.000,-16.963,-31.465
4300,0.000,0.000,0.000,-16.963,-31.641
4301,0.000,0.000,0.000,-16.963,-31.904
4302,0.000,0.000,0.000,-16.963,-32.168
4303,0.000,0.000,0.000,-16.963,-32.432
4304,0.000,0.000,0.000,-16.963,-32.783
4305,0.000,0.000,0.000,-16.963,-32.871
4306,0.000,0.000,0.000,-16.963,-33.135
4307,0.000,0.000,0.000,-16.875,-33.311
4308,0.000,0.000,0.000,-16.875,-33.662
4309,0.000,0.000,0.000,-16.875,-33.838
4310,0.000,0.000,0.000,-16.875,-34.189
4311,0.000,0.000,0.000,-16.875,-34.277
4312,0.000,0.000,0.000,-16.875,-34.541
4313,0.000,0.000,0.000,-16.875,-34.805
4314,0.000,0.000,0.000,-16.875,-34.980
4315,0.000,0.000,0.000,-16.875,-35.244
4316,0.000,0.000,0.000,-16.875,-35.508
4317,0.000,0.000,0.000,-16.875,-35.684
4318,0.000,0.000,0.000,-16.875,-35.947
4319,0.000,0.000,0.000,-16.875,-36.211
4320,0.000,0.000,0.000,-16.875,-36.387
4321,0.000,0.000,0.000,-16.787,-36.563
4322,0.000,0.000,0.000,-16.787,-36.826
4323,0.000,0.000,0.000,-16.787,-37.090
4324,0.000,0.000,0.000,-16.787,-37.266
4325,0.000,0.000,0.000,-16.787,-37.441
4326,0.000,0.000,0.000,-16.787,-37.705
4327,0.000,0.000,0.000,-16.787,-37.969
4328,0.000,0.000,0.000,-16.787,-38.145
4329,0.000,0.000,0.000,-16.787,-38.320
4330,0.000,0.000,0.000,-16.787,-38.584
4331,0.000,0.000,0.000,-16.787,-38.848
4332,0.000,0.000,0.000,-16.787,-39.111
4333,0.000,0.000,0.000,-16.787,-39.287
4334,0.000,0.000,0.000,-16.787,-39.463
4335,0.000,0.000,0.000,-16.787,-39.727
4336,0.000,0.000,0.000,-16.787,-39.902
4337,0.000,0.000,0.000,-16.787,-40.078
4338,0.000,0.000,0.000,-16.787,-40.342
4339,0.000,0.000,0.000,-16.787,-40.518
4340,0.000,0.000,0.000,-16.787,-40.781
4341,0.000,0.000,0.000,-16.787,-40.957
4342,0.000,0.000,0.000,-16.787,-41.221
4343,0.000,0.000,0.000,-16.787,-41.396
4344,0.000,0.000,0.000,-16.699,-41.572
4345,0.000,0.000,0.000,-16.699,-41.748
4346,0.000,0.000,0.000,-16.699,-42.012
4347,0.000,0.000,0.000,-16.699,-42.275
4348,0.000,0.000,0.000,-16.699,-42.363
4349,0.000,0.000,0.000,-16.699,-42.627
4350,0.000,0.000,0.000,-16.699,-42.803
4351,0.000,0.000,0.000,-16.699,-42.979
4352,0.000,0.000,0.000,-16.699,-43.154
4353,0.000,0.000,0.000,-16.699,-43.418
4354,0.000,0.000,0.000,-16.699,-43.594
4355,0.000,0.000,0.000,-16.699,-43.857
4356,0.000,0.000,0.000,-16.699,-43.945
4357,0.000,0.000,0.000,-16.699,-44.209
4358,0.000,0.000,0.000,-16.699,-44.473
4359,0.000,0.000,0.000,-16.699,-44.561
4360,0.000,0.000,0.000,-16.699,-44.824
4361,0.000,0.000,0.000,-16.699,-45.000
4362,0.000,0.000,0.000,-16.699,-45.176
4363,0.000,0.000,0.000,-16.699,-45.352
4364,0.000,0.000,0.000,-16.699,-45.527
4365,0.000,0.000,0.000,-16.699,-45.703
4366,0.000,0.000,0.000,-16.699,-45.967
4367,0.000,0.000,0.000,-16.699,-46.143
4368,0.000,0.000,0.000,-16.699,-46.318
4369,0.000,0.000,0.000,-16.699,-46.406
4370,0.000,0.000,0.000,-16.699,-46.670
4371,0.000,0.000,0.000,-16.611,-46.934
4372,0.000,0.000,0.000,-16.611,-47.021
4373,0.000,0.000,0.000,-16.611,-47.285
4374,0.000,0.000,0.000,-16.611,-47.461
4375,0.000,0.000,0.000,-16.611,-47.637
4376,0.000,0.000,0.000,-16.611,-47.813
4377,0.000,0.000,0.000,-16.611,-48.076
4378,0.000,0.000,0.000,-16.611,-48.164
4379,0.000,0.000,0.000,-16.611,-48.340
4380,0.000,0.000,0.000,-16.611,-48.604
4381,0.000,0.000,0.000,-16.611,-48.691
4382,0.000,0.000,0.000,-16.611,-48.867
4383,0.000,0.000,0.000,-16.611,-49.043
4384,0.000,0.000,0.000,-16.611,-49.307
4385,0.000,0.000,0.000,-16.611,-49.395
4386,0.000,0.000,0.000,-16.611,-49.658
4387,0.000,0.000,0.000,-16.611,-49.746
4388,0.000,0.000,0.000,-16.611,-50.010
4389,0.000,0.000,0.000,-16.611,-50.098
4390,0.000,0.000,0.000,-16.611,-50.273
4391,0.000,0.000,0.000,-16.611,-50.449
4392,0.000,0.000,0.000,-16.611,-50.625
4393,0.000,0.000,0.000,-16.611,-50.801
4394,0.000,0.000,0.000,-16.611,-50.977
4395,0.000,0.000,0.000,-16.611,-51.152
4396,0.000,0.000,0.000,-16.611,-51.240
4397,0.000,0.000,0.000,-16.611,-51.504
4398,0.000,0.000,0.000,-16.611,-51.680
4399,0.000,0.000,0.000,-16.611,-51.768
4400,0.000,0.000,0.000,-16.611,-52.031
4401,0.000,0.000,0.000,-16.611,-52.119
4402,0.000,0.000,0.000,-16.611,-52.295
4403,0.000,0.000,0.000,-16.611,-52.471
4404,0.000,0.000,0.000,-16.611,-52.559
4405,0.000,0.000,0.000,-16.611,-52.822
4406,0.000,0.000,0.000,-16.611,-52.998
4407,0.000,0.000,0.000,-16.611,-53.086
4408,0.000,0.000,0.000,-16.611,-53.262
4409,0.000,0.000,0.000,-16.611,-53.438
4410,0.000,0.000,0.000,-16.611,-53.613
4411,0.000,0.000,0.000,-16.611,-53.701
4412,0.000,0.000,0.000,-16.611,-53.877
4413,0.000,0.000,0.000,-16.611,-54.053
4414,0.000,0.000,0.000,-16.611,-54.229
4415,0.000,0.000,0.000,-16.611,-54.404
4416,0.000,0.000,0.000,-16.611,-54.492
4417,0.000,0.000,0.000,-16.611,-54.668
4418,0.000,0.000,0.000,-16.611,-54.756
4419,0.000,0.000,0.000,-16.611,-54.932
4420,0.000,0.000,0.000,-16.611,-55.107
4421,0.000,0.000,0.000,-16.611,-55.283
4422,0.000,0.000,0.000,-16.611,-55.547
4423,0.000,0.000,0.000,-16.611,-55.547
4424,0.000,0.000,0.000,-16.611,-55.723
4425,0.000,0.000,0.000,-16.611,-55.898
4426,0.000,0.000,0.000,-16.611,-55.986
4427,0.000,0.000,0.000,-16.611,-56.162
4428,0.000,0.000,0.000,-16.611,-56.338
4429,0.000,0.000,0.000,-16.611,-56.514
4430,0.000,0.000,0.000,-16.611,-56.602
4431,0.000,0.000,0.000,-16.611,-56.777
4432,0.000,0.000,0.000,-16.611,-56.953
4433,0.000,0.000,0.000,-16.611,-57.041
4434,0.000,0.000,0.000,-16.611,-57.129
4435,0.000,0.000,0.000,-16.611,-57.393
4436,0.000,0.000,0.000,-16.611,-57.480
4437,0.000,0.000,0.000,-16.611,-57.656
4438,0.000,0.000,0.000,-16.611,-57.744
4439,0.000,0.000,0.000,-16.611,-57.920
4440,0.000,0.000,0.000,-16.611,-58.096
4441,0.000,0.000,0.000,-16.611,-58.184
4442,0.000,0.000,0.000,-16.611,-58.359
4443,0.000,0.000,0.000,-16.611,-58.447
4444,0.000,0.000,0.000,-16.611,-58.623
4445,0.000,0.000,0.000,-16.611,-58.711
4446,0.000,0.000,0.000,-16.611,-58.887
4447,0.000,0.000,0.000,-16.611,-58.975
4448,0.000,0.000,0.000,-16.611,-59.150
4449,0.000,0.000,0.000,-16.611,-59.326
4450,0.000,0.000,0.000,-16.611,-59.326
4451,0.000,0.000,0.000,-16.611,-59.502
4452,0.000,0.000,0.000,-16.611,-59.678
4453,0.000,0.000,0.000,-16.611,-59.766
4454,0.000,0.000,0.000,-16.611,-59.941
4455,0.000,0.000,0.000,-16.611,-60.029
4456,0.000,0.000,0.000,-16.611,-60.117
4457,0.000,0.000,0.000,-16.611,-60.293
4458,0.000,0.000,0.000,-16.611,-60.381
4459,0.000,0.000,0.000,-16.611,-60.557
4460,0.000,0.000,0.000,-16.611,-60.645
4461,0.000,0.000,0.000,-16.611,-60.820
4462,0.000,0.000,0.000,-16.611,-60.908
4463,0.000,0.000,0.000,-16.611,-61.084
4464,0.000,0.000,0.000,-16.611,-61.172
4465,0.000,0.000,0.000,-16.611,-61.260
4466,0.000,0.000,0.000,-16.611,-61.436
4467,0.000,0.000,0.000,-16.611,-61.523
4468,0.000,0.000,0.000,-16.611,-61.611
4469,0.000,0.000,0.000,-16.611,-61.787
4470,0.000,0.000,0.000,-16.611,-61.875
4471,0.000,0.000,0.000,-16.611,-62.051
4472,0.000,0.000,0.000,-16.611,-62.051
4473,0.000,0.000,0.000,-16.611,-62.227
4474,0.000,0.000,0.000,-16.611,-62.314
4475,0.000,0.000,0.000,-16.611,-62.490
4476,0.000,0.000,0.000,-16.611,-62.666
4477,0.000,0.000,0.000,-16.611,-62.666
4478,0.000,0.000,0.000,-16.611,-62.842
4479,0.000,0.000,0.000,-16.611,-62.930
4480,0.000,0.000,0.000,-16.611,-63.018
4481,0.000,0.000,0.000,-16.611,-63.193
4482,0.000,0.000,0.000,-16.611,-63.193
4483,0.000,0.000,0.000,-16.611,-63.369
4484,0.000,0.000,0.000,-16.611,-63.457
4485,0.000,0.000,0.000,-16.611,-63.633
4486,0.000,0.000,0.000,-16.611,-63.721
4487,0.000,0.000,0.000,-16.611,-63.809
4488,0.000,0.000,0.000,-16.611,-63.896
4489,0.000,0.000,0.000,-16.611,-64.072
4490,0.000,0.000,0.000,-16.611,-64.160
4491,0.000,0.000,0.000,-16.611,-64.160
4492,0.000,0.000,0.000,-16.611,-64.336
4493,0.000,0.000,0.000,-16.611,-64.424
4494,0.000,0.000,0.000,-16.611,-64.600
4495,0.000,0.000,0.000,-16.611,-64.688
4496,0.000,0.000,0.000,-16.611,-64.775
4497,0.000,0.000,0.000,-16.611,-64.863
4498,0.000,0.000,0.000,-16.611,-64.951
4499,0.000,0.000,0.000,-16.611,-65.039
4500,0.000,0.000,0.000,-16.523,-65.215
4501,0.000,0.000,0.000,-16.523,-65.303
4502,0.000,0.000,0.000,-16.523,-65.391
4503,0.000,0.000,0.000,-16.523,-65.479
4504,0.000,0.000,0.000,-16.523,-65.566
4505,0.000,0.000,0.000,-16.523,-65.654
4506,0.000,0.000,0.000,-16.523,-65.830
4507,0.000,0.000,0.000,-16.523,-65.830
4508,0.000,0.000,0.000,-16.523,-65.918
4509,0.000,0.000,0.000,-16.523,-66.006
4510,0.000,0.000,0.000,-16.523,-66.182
4511,0.000,0.000,0.000,-16.523,-66.182
4512,0.000,0.000,0.000,-16.523,-66.357
4513,0.000,0.000,0.000,-16.523,-66.357
4514,0.000,0.000,0.000,-16.523,-66.533
4515,0.000,0.000,0.000,-16.523,-66.621
4516,0.000,0.000,0.000,-16.523,-66.621
4517,0.000,0.000,0.000,-16.523,-66.709
4518,0.000,0.000,0.000,-16.523,-66.797
4519,0.000,0.000,0.000,-16.523,-66.885
4520,0.000,0.000,0.000,-16.523,-67.061
4521,0.000,0.000,0.000,-16.523,-67.148
4522,0.000,0.000,0.000,-16.523,-67.236
4523,0.000,0.000,0.000,-16.523,-67.324
4524,0.000,0.000,0.000,-16.523,-67.412
4525,0.000,0.000,0.000,-16.523,-67.500
4526,0.000,0.000,0.000,-16.523,-67.500
4527,0.000,0.000,0.000,-16.523,-67.676
4528,0.000,0.000,0.000,-16.523,-67.676
4529,0.000,0.000,0.000,-16.523,-67.764
4530,0.000,0.000,0.000,-16.523,-67.852
4531,0.000,0.000,0.000,-16.523,-67.939
4532,0.000,0.000,0.000,-16.523,-68.115
4533,0.000,0.000,0.000,-16.523,-68.115
4534,0.000,0.000,0.000,-16.523,-68.291
4535,0.000,0.000,0.000,-16.523,-68.291
4536,0.000,0.000,0.000,-16.523,-68.379
4537,0.000,0.000,0.000,-16.523,-68.467
4538,0.000,0.000,0.000,-16.523,-68.467
4539,0.000,0.000,0.000,-16.523,-68.555
4540,0.000,0.000,0.000,-16.523,-68.730
4541,0.000,0.000,0.000,-16.523,-68.730
4542,0.000,0.000,0.000,-16.523,-68.730
4543,0.000,0.000,0.000,-16.523,-68.906
4544,0.000,0.000,0.000,-16.523,-68.994
4545,0.000,0.000,0.000,-16.523,-69.082
4546,0.000,0.000,0.000,-16.436,-69.082
4547,0.000,0.000,0.000,-16.436,-69.170
4548,0.000,0.000,0.000,-16.436,-69.258
4549,0.000,0.000,0.000,-16.436,-69.346
4550,0.000,0.000,0.000,-16.436,-69.434
4551,0.000,0.000,0.000,-16.436,-69.434
4552,0.000,0.000,0.000,-16.436,-69.609
4553,0.000,0.000,0.000,-16.436,-69.609
4554,0.000,0.000,0.000,-16.436,-69.609
4555,0.000,0.000,0.000,-16.436,-69.785
4556,0.000,0.000,0.000,-16.436,-69.873
4557,0.000,0.000,0.000,-16.436,-69.873
4558,0.000,0.000,0.000,-16.436,-69.961
4559,0.000,0.000,0.000,-16.436,-69.961
4560,0.000,0.000,0.000,-16.436,-70.137
4561,0.000,0.000,0.000,-16.436,-70.137
4562,0.000,0.000,0.000,-16.436,-70.225
4563,0.000,0.000,0.000,-16.436,-70.225
4564,0.000,0.000,0.000,-16.436,-70.313
4565,0.000,0.000,0.000,-16.436,-70.400
4566,0.000,0.000,0.000,-16.436,-70.400
4567,0.000,0.000,0.000,-16.436,-70.488
4568,0.000,0.000,0.000,-16.436,-70.576
4569,0.000,0.000,0.000,-16.436,-70.664
4570,0.000,0.000,0.000,-16.436,-70.664
4571,0.000,0.000,0.000,-16.436,-70.752
4572,0.000,0.000,0.000,-16.436,-70.840
4573,0.000,0.000,0.000,-16.436,-70.928
4574,0.000,0.000,0.000,-16.436,-70.928
4575,0.000,0.000,0.000,-16.436,-71.016
4576,0.000,0.000,0.000,-16.436,-71.016
4577,0.000,0.000,0.000,-16.436,-71.104
4578,0.000,0.000,0.000,-16.436,-71.191
4579,0.000,0.000,0.000,-16.436,-71.191
4580,0.000,0.000,0.000,-16.436,-71.191
4581,0.000,0.000,0.000,-16.436,-71.279
4582,0.000,0.000,0.000,-16.436,-71.367
4583,0.000,0.000,0.000,-16.436,-71.455
4584,0.000,0.000,0.000,-16.436,-71.455
4585,0.000,0.000,0.000,-16.348,-71.455
4586,0.000,0.000,0.000,-16.348,-71.543
4587,0.000,0.000,0.000,-16.348,-71.631
4588,0.000,0.000,0.000,-16.348,-71.631
4589,0.000,0.000,0.000,-16.348,-71.719
4590,0.000,0.000,0.000,-16.348,-71.807
4591,0.000,0.000,0.000,-16.348,-71.807
4592,0.000,0.000,0.000,-16.348,-71.895
4593,0.000,0.000,0.000,-16.348,-71.895
4594,0.000,0.000,0.000,-16.348,-71.982
4595,0.000,0.000,0.000,-16.348,-71.982
4596,0.000,0.000,0.000,-16.348,-71.982
4597,0.000,0.000,0.000,-16.260,-72.070
4598,0.000,0.000,0.000,-16.260,-72.158
4599,0.000,0.000,0.000,-16.260,-72.158
4600,0.000,0.000,0.000,-16.260,-72.158
4601,0.000,0.000,0.000,-16.260,-72.246
4602,0.000,0.000,0.000,-16.260,-72.246
4603,0.000,0.000,0.000,-16.260,-72.334
4604,0.000,0.000,0.000,-16.260,-72.334
4605,0.000,0.000,0.000,-16.260,-72.334
4606,0.000,0.000,0.000,-16.260,-72.422
4607,0.000,0.000,0.000,-16.260,-72.422
4608,0.000,0.000,0.000,-16.260,-72.510
4609,0.000,0.000,0.000,-16.260,-72.598
4610,0.000,0.000,0.000,-16.260,-72.598
4611,0.000,0.000,0.000,-16.260,-72.598
4612,0.000,0.000,0.000,-16.260,-72.598
4613,0.000,0.000,0.000,-16.260,-72.686
4614,0.000,0.000,0.000,-16.260,-72.686
4615,0.000,0.000,0.000,-16.260,-72.773
4616,0.000,0.000,0.000,-16.260,-72.773
4617,0.000,0.000,0.000,-16.172,-72.861
4618,0.000,0.000,0.000,-16.172,-72.861
4619,0.000,0.000,0.000,-16.172,-72.861
4620,0.000,0.000,0.000,-16.172,-72.949
4621,0.000,0.000,0.000,-16.172,-72.949
4622,0.000,0.000,0.000,-16.172,-73.037
4623,0.000,0.000,0.000,-16.172,-73.037
4624,0.000,0.000,0.000,-16.172,-73.037
4625,0.000,0.000,0.000,-16.172,-73.037
4626,0.000,0.000,0.000,-16.172,-73.037
4627,0.000,0.000,0.000,-16.172,-73.037
4628,0.000,0.000,0.000,-16.172,-73.125
4629,0.000,0.000,0.000,-16.172,-73.125
4630,0.000,0.000,0.000,-16.172,-73.213
4631,0.000,0.000,0.000,-16.172,-73.213
4632,0.000,0.000,0.000,-16.172,-73.301
4633,0.000,0.000,0.000,-16.172,-73.301
4634,0.000,0.000,0.000,-16.172,-73.301
4635,0.000,0.000,0.000,-16.172,-73.301
4636,0.000,0.000,0.000,-16.172,-73.389
4637,0.000,0.000,0.000,-16.172,-73.389
4638,0.000,0.000,0.000,-16.084,-73.389
4639,0.000,0.000,0.000,-16.084,-73.389
4640,0.000,0.000,0.000,-16.084,-73.389
4641,0.000,0.000,0.000,-16.084,-73.389
4642,0.000,0.000,0.000,-16.084,-73.389
4643,0.000,0.000,0.000,-16.084,-73.477
4644,0.000,0.000,0.000,-16.084,-73.477
4645,0.000,0.000,0.000,-16.084,-73.477
4646,0.000,0.000,0.000,-16.084,-73.564
4647,0.000,0.000,0.000,-16.084,-73.564
4648,0.000,0.000,0.000,-16.084,-73.564
4649,0.000,0.000,0.000,-16.084,-73.564
4650,0.000,0.000,0.000,-16.084,-73.564
4651,0.000,0.000,0.000,-16.084,-73.564
4652,0.000,0.000,0.000,-16.084,-73.564
4653,0.000,0.000,0.000,-16.084,-73.652
4654,0.000,0.000,0.000,-16.084,-73.652
4655,0.000,0.000,0.000,-16.084,-73.652
4656,0.000,0.000,0.000,-16.084,-73.652
4657,0.000,0.000,0.000,-16.084,-73.652
4658,0.000,0.000,0.000,-15.996,-73.652
4659,0.000,0.000,0.000,-15.996,-73.652
4660,0.000,0.000,0.000,-15.996,-73.652
4661,0.000,0.000,0.000,-15.996,-73.740
4662,0.000,0.000,0.000,-15.996,-73.740
4663,0.000,0.000,0.000,-15.996,-73.740
4664,0.000,0.000,0.000,-15.996,-73.740
4665,0.000,0.000,0.000,-15.908,-73.740
4666,0.000,0.000,0.000,-15.908,-73.740
4667,0.000,0.000,0.000,-15.908,-73.740
4668,0.000,0.000,0.000,-15.908,-73.740
4669,0.000,0.000,0.000,-15.908,-73.740
4670,0.000,0.000,0.000,-15.908,-73.828
4671,0.000,0.000,0.000,-15.908,-73.828
4672,0.000,0.000,0.000,-15.908,-73.828
4673,0.000,0.000,0.000,-15.908,-73.828
4674,0.000,0.000,0.000,-15.908,-73.828
4675,0.000,0.000,0.000,-15.908,-73.828
4676,0.000,0.000,0.000,-15.908,-73.828
4677,0.000,0.000,0.000,-15.908,-73.828
4678,0.000,0.000,0.000,-15.908,-73.828
4679,0.000,0.000,0.000,-15.908,-73.828
4680,0.000,0.000,0.000,-15.908,-73.828
4681,0.000,0.000,0.000,-15.908,-73.828
4682,0.000,0.000,0.000,-15.908,-73.828
4683,0.000,0.000,0.000,-15.908,-73.828
4684,0.000,0.000,0.000,-15.820,-73.828
4685,0.000,0.000,0.000,-15.820,-73.828
4686,0.000,0.000,0.000,-15.820,-73.828
4687,0.000,0.000,0.000,-15.820,-73.828
4688,0.000,0.000,0.000,-15.820,-73.828
4689,0.000,0.000,0.000,-15.820,-73.828
4690,0.000,0.000,0.000,-15.820,-73.828
4691,0.000,0.000,0.000,-15.820,-73.828
4692,0.000,0.000,0.000,-15.820,-73.828
4693,0.000,0.000,0.000,-15.820,-73.828
4694,0.000,0.000,0.000,-15.820,-73.828
4695,0.000,0.000,0.000,-15.732,-73.828
4696,0.000,0.000,0.000,-15.732,-73.828
4697,0.000,0.000,0.000,-15.732,-73.828
4698,0.000,0.000,0.000,-15.732,-73.828
4699,0.000,0.000,0.000,-15.732,-73.828
4700,0.000,0.000,0.000,-15.732,-73.828
4701,0.000,0.000,0.000,-15.732,-73.828
4702,0.000,0.000,0.000,-15.732,-73.828
4703,0.000,0.000,0.000,-15.732,-73.828
4704,0.000,0.000,0.000,-15.732,-73.828
4705,0.000,0.000,0.000,-15.732,-73.828
4706,0.000,0.000,0.000,-15.732,-73.828
4707,0.000,0.000,0.000,-15.732,-73.828
4708,0.000,0.000,0.000,-15.732,-73.828
4709,0.000,0.000,0.000,-15.732,-73.828
4710,0.000,0.000,0.000,-15.732,-73.828
4711,0.000,0.000,0.000,-15.645,-73.828
4712,0.000,0.000,0.000,-15.645,-73.828
4713,0.000,0.000,0.000,-15.645,-73.828
4714,0.000,0.000,0.000,-15.645,-73.828
4715,0.000,0.000,0.000,-15.645,-73.828
4716,0.000,0.000,0.000,-15.557,-73.828
4717,0.000,0.000,0.000,-15.557,-73.740
4718,0.000,0.000,0.000,-15.557,-73.740
4719,0.000,0.000,0.000,-15.557,-73.740
4720,0.000,0.000,0.000,-15.557,-73.740
4721,0.000,0.000,0.000,-15.557,-73.740
4722,0.000,0.000,0.000,-15.557,-73.652
4723,0.000,0.000,0.000,-15.557,-73.652
4724,0.000,0.000,0.000,-15.557,-73.652
4725,0.000,0.000,0.000,-15.557,-73.652
4726,0.000,0.000,0.000,-15.557,-73.564
4727,0.000,0.000,0.000,-15.557,-73.564
4728,0.000,0.000,0.000,-15.557,-73.564
4729,0.000,0.000,0.000,-15.557,-73.564
4730,0.000,0.000,0.000,-15.557,-73.477
4731,0.000,0.000,0.000,-15.557,-73.389
4732,0.000,0.000,0.000,-15.557,-73.389
4733,0.000,0.000,0.000,-15.557,-73.389
4734,0.000,0.000,0.000,-15.557,-73.389
4735,0.000,0.000,0.000,-15.469,-73.389
4736,0.000,0.000,0.000,-15.469,-73.389
4737,0.000,0.000,0.000,-15.381,-73.389
4738,0.000,0.000,0.000,-15.381,-73.301
4739,0.000,0.000,0.000,-15.381,-73.213
4740,0.000,0.000,0.000,-15.381,-73.213
4741,0.000,0.000,0.000,-15.381,-73.213
4742,0.000,0.000,0.000,-15.381,-73.213
4743,0.000,0.000,0.000,-15.381,-73.213
4744,0.000,0.000,0.000,-15.381,-73.213
4745,0.000,0.000,0.000,-15.381,-73.125
4746,0.000,0.000,0.000,-15.381,-73.125
4747,0.000,0.000,0.000,-15.381,-73.125
4748,0.000,0.000,0.000,-15.381,-73.037
4749,0.000,0.000,0.000,-15.381,-73.037
4750,0.000,0.000,0.000,-15.381,-73.037
4751,0.000,0.000,0.000,-15.381,-73.037
4752,0.000,0.000,0.000,-15.293,-73.037
4753,0.000,0.000,0.000,-15.293,-72.949
4754,0.000,0.000,0.000,-15.293,-72.861
4755,0.000,0.000,0.000,-15.293,-72.861
4756,0.000,0.000,0.000,-15.293,-72.861
4757,0.000,0.000,0.000,-15.293,-72.861
4758,0.000,0.000,0.000,-15.293,-72.861
4759,0.000,0.000,0.000,-15.293,-72.773
4760,0.000,0.000,0.000,-15.293,-72.686
4761,0.000,0.000,0.000,-15.293,-72.686
4762,0.000,0.000,0.000,-15.293,-72.686
4763,0.000,0.000,0.000,-15.293,-72.598
4764,0.000,0.000,0.000,-15.205,-72.598
4765,0.000,0.000,0.000,-15.205,-72.598
4766,0.000,0.000,0.000,-15.205,-72.510
4767,0.000,0.000,0.000,-15.205,-72.510
4768,0.000,0.000,0.000,-15.205,-72.422
4769,0.000,0.000,0.000,-15.205,-72.422
4770,0.000,0.000,0.000,-15.205,-72.422
4771,0.000,0.000,0.000,-15.205,-72.334
4772,0.000,0.000,0.000,-15.205,-72.334
4773,0.000,0.000,0.000,-15.117,-72.246
4774,0.000,0.000,0.000,-15.117,-72.246
4775,0.000,0.000,0.000,-15.117,-72.158
4776,0.000,0.000,0.000,-15.117,-72.158
4777,0.000,0.000,0.000,-15.117,-72.158
4778,0.000,0.000,0.000,-15.117,-72.070
4779,0.000,0.000,0.000,-15.117,-72.070
4780,0.000,0.000,0.000,-15.117,-72.070
4781,0.000,0.000,0.000,-15.117,-71.982
4782,0.000,0.000,0.000,-15.117,-71.982
4783,0.000,0.000,0.000,-15.117,-71.982
4784,0.000,0.000,0.000,-15.117,-71.895
4785,0.000,0.000,0.000,-15.029,-71.807
4786,0.000,0.000,0.000,-15.029,-71.807
4787,0.000,0.000,0.000,-15.029,-71.719
4788,0.000,0.000,0.000,-15.029,-71.719
4789,0.000,0.000,0.000,-15.029,-71.719
4790,0.000,0.000,0.000,-15.029,-71.631
4791,0.000,0.000,0.000,-15.029,-71.631
4792,0.000,0.000,0.000,-15.029,-71.543
4793,0.000,0.000,0.000,-15.029,-71.455
4794,0.000,0.000,0.000,-15.029,-71.455
4795,0.000,0.000,0.000,-15.029,-71.455
4796,0.000,0.000,0.000,-14.941,-71.455
4797,0.000,0.000,0.000,-14.941,-71.367
4798,0.000,0.000,0.000,-14.941,-71.279
4799,0.000,0.000,0.000,-14.941,-71.279
4800,0.000,0.000,0.000,-14.941,-71.191
4801,0.000,0.000,0.000,-14.941,-71.104
4802,0.000,0.000,0.000,-14.941,-71.104
4803,0.000,0.000,0.000,-14.941,-71.104
4804,0.000,0.000,0.000,-14.941,-71.016
4805,0.000,0.000,0.000,-14.941,-71.016
4806,0.000,0.000,0.000,-14.941,-70.928
4807,0.000,0.000,0.000,-14.854,-70.928
4808,0.000,0.000,0.000,-14.854,-70.840
4809,0.000,0.000,0.000,-14.854,-70.752
4810,0.000,0.000,0.000,-14.854,-70.752
4811,0.000,0.000,0.000,-14.854,-70.752
4812,0.000,0.000,0.000,-14.766,-70.664
4813,0.000,0.000,0.000,-14.766,-70.664
4814,0.000,0.000,0.000,-14.766,-70.576
4815,0.000,0.000,0.000,-14.766,-70.488
4816,0.000,0.000,0.000,-14.766,-70.400
4817,0.000,0.000,0.000,-14.766,-70.400
4818,0.000,0.000,0.000,-14.766,-70.313
4819,0.000,0.000,0.000,-14.766,-70.313
4820,0.000,0.000,0.000,-14.766,-70.225
4821,0.000,0.000,0.000,-14.766,-70.225
4822,0.000,0.000,0.000,-14.766,-70.137
4823,0.000,0.000,0.000,-14.766,-70.049
4824,0.000,0.000,0.000,-14.766,-70.049
4825,0.000,0.000,0.000,-14.678,-70.049
4826,0.000,0.000,0.000,-14.678,-69.961
4827,0.000,0.000,0.000,-14.678,-69.961
4828,0.000,0.000,0.000,-14.678,-69.873
4829,0.000,0.000,0.000,-14.678,-69.785
4830,0.000,0.000,0.000,-14.678,-69.697
4831,0.000,0.000,0.000,-14.678,-69.697
4832,0.000,0.000,0.000,-14.678,-69.609
4833,0.000,0.000,0.000,-14.678,-69.609
4834,0.000,0.000,0.000,-14.678,-69.521
4835,0.000,0.000,0.000,-14.678,-69.521
4836,0.000,0.000,0.000,-14.678,-69.434
4837,0.000,0.000,0.000,-14.678,-69.434
4838,0.000,0.000,0.000,-14.590,-69.258
4839,0.000,0.000,0.000,-14.590,-69.258
4840,0.000,0.000,0.000,-14.590,-69.258
4841,0.000,0.000,0.000,-14.590,-69.170
4842,0.000,0.000,0.000,-14.590,-69.082
4843,0.000,0.000,0.000,-14.590,-68.994
4844,0.000,0.000,0.000,-14.590,-68.994
4845,0.000,0.000,0.000,-14.590,-68.994
4846,0.000,0.000,0.000,-14.590,-68.906
4847,0.000,0.000,0.000,-14.590,-68.818
4848,0.000,0.000,0.000,-14.590,-68.730
4849,0.000,0.000,0.000,-14.590,-68.730
4850,0.000,0.000,0.000,-14.590,-68.643
4851,0.000,0.000,0.000,-14.590,-68.555
4852,0.000,0.000,0.000,-14.590,-68.467
4853,0.000,0.000,0.000,-14.590,-68.467
4854,0.000,0.000,0.000,-14.590,-68.379
4855,0.000,0.000,0.000,-14.502,-68.291
4856,0.000,0.000,0.000,-14.502,-68.291
4857,0.000,0.000,0.000,-14.502,-68.291
4858,0.000,0.000,0.000,-14.502,-68.203
4859,0.000,0.000,0.000,-14.502,-68.115
4860,0.000,0.000,0.000,-14.502,-68.027
4861,0.000,0.000,0.000,-14.502,-68.027
4862,0.000,0.000,0.000,-14.502,-67.939
4863,0.000,0.000,0.000,-14.502,-67.852
4864,0.000,0.000,0.000,-14.502,-67.852
4865,0.000,0.000,0.000,-14.502,-67.764
4866,0.000,0.000,0.000,-14.502,-67.676
4867,0.000,0.000,0.000,-14.502,-67.676
4868,0.000,0.000,0.000,-14.502,-67.588
4869,0.000,0.000,0.000,-14.502,-67.500
4870,0.000,0.000,0.000,-14.502,-67.500
4871,0.000,0.000,0.000,-14.502,-67.324
4872,0.000,0.000,0.000,-14.502,-67.324
4873,0.000,0.000,0.000,-14.414,-67.236
4874,0.000,0.000,0.000,-14.414,-67.148
4875,0.000,0.000,0.000,-14.414,-67.148
4876,0.000,0.000,0.000,-14.414,-67.061
4877,0.000,0.000,0.000,-14.414,-67.061
4878,0.000,0.000,0.000,-14.414,-66.885
4879,0.000,0.000,0.000,-14.414,-66.797
4880,0.000,0.000,0.000,-14.414,-66.797
4881,0.000,0.000,0.000,-14.414,-66.709
4882,0.000,0.000,0.000,-14.326,-66.621
4883,0.000,0.000,0.000,-14.326,-66.621
4884,0.000,0.000,0.000,-14.326,-66.533
4885,0.000,0.000,0.000,-14.326,-66.533
4886,0.000,0.000,0.000,-14.326,-66.357
4887,0.000,0.000,0.000,-14.326,-66.357
4888,0.000,0.000,0.000,-14.326,-66.270
4889,0.000,0.000,0.000,-14.326,-66.182
4890,0.000,0.000,0.000,-14.326,-66.182
4891,0.000,0.000,0.000,-14.326,-66.094
4892,0.000,0.000,0.000,-14.326,-66.006
4893,0.000,0.000,0.000,-14.326,-65.918
4894,0.000,0.000,0.000,-14.326,-65.830
4895,0.000,0.000,0.000,-14.326,-65.830
4896,0.000,0.000,0.000,-14.326,-65.742
4897,0.000,0.000,0.000,-14.238,-65.742
4898,0.000,0.000,0.000,-14.238,-65.566
4899,0.000,0.000,0.000,-14.238,-65.566
4900,0.000,0.000,0.000,-14.238,-65.479
4901,0.000,0.000,0.000,-14.238,-65.391
4902,0.000,0.000,0.000,-14.238,-65.303
4903,0.000,0.000,0.000,-14.238,-65.303
4904,0.000,0.000,0.000,-14.238,-65.127
4905,0.000,0.000,0.000,-14.238,-65.127
4906,0.000,0.000,0.000,-14.238,-65.039
4907,0.000,0.000,0.000,-14.238,-65.039
4908,0.000,0.000,0.000,-14.238,-64.863
4909,0.000,0.000,0.000,-14.238,-64.775
4910,0.000,0.000,0.000,-14.238,-64.775
4911,0.000,0.000,0.000,-14.238,-64.688
4912,0.000,0.000,0.000,-14.238,-64.688
4913,0.000,0.000,0.000,-14.238,-64.512
4914,0.000,0.000,0.000,-14.238,-64.424
4915,0.000,0.000,0.000,-14.238,-64.424
4916,0.000,0.000,0.000,-14.238,-64.336
4917,0.000,0.000,0.000,-14.238,-64.248
4918,0.000,0.000,0.000,-14.238,-64.160
4919,0.000,0.000,0.000,-14.238,-64.072
4920,0.000,0.000,0.000,-14.238,-63.984
4921,0.000,0.000,0.000,-14.238,-63.984
4922,0.000,0.000,0.000,-14.238,-63.896
4923,0.000,0.000,0.000,-14.150,-63.809
4924,0.000,0.000,0.000,-14.150,-63.721
4925,0.000,0.000,0.000,-14.150,-63.633
4926,0.000,0.000,0.000,-14.150,-63.457
4927,0.000,0.000,0.000,-14.150,-63.457
4928,0.000,0.000,0.000,-14.150,-63.457
4929,0.000,0.000,0.000,-14.150,-63.369
4930,0.000,0.000,0.000,-14.150,-63.281
4931,0.000,0.000,0.000,-14.150,-63.193
4932,0.000,0.000,0.000,-14.150,-63.105
4933,0.000,0.000,0.000,-14.063,-63.018
4934,0.000,0.000,0.000,-14.063,-62.930
4935,0.000,0.000,0.000,-14.063,-62.930
4936,0.000,0.000,0.000,-14.063,-62.666
4937,0.000,0.000,0.000,-14.063,-62.666
4938,0.000,0.000,0.000,-14.063,-62.666
4939,0.000,0.000,0.000,-14.063,-62.578
4940,0.000,0.000,0.000,-14.063,-62.490
4941,0.000,0.000,0.000,-14.063,-62.402
4942,0.000,0.000,0.000,-14.063,-62.402
4943,0.000,0.000,0.000,-14.063,-62.227
4944,0.000,0.000,0.000,-14.063,-62.227
4945,0.000,0.000,0.000,-14.063,-62.139
4946,0.000,0.000,0.000,-14.063,-62.051
4947,0.000,0.000,0.000,-14.063,-62.051
4948,0.000,0.000,0.000,-14.063,-61.875
4949,0.000,0.000,0.000,-14.063,-61.787
4950,0.000,0.000,0.000,-14.063,-61.699
4951,0.000,0.000,0.000,-14.063,-61.699
4952,0.000,0.000,0.000,-14.063,-61.611
4953,0.000,0.000,0.000,-14.063,-61.436
4954,0.000,0.000,0.000,-14.063,-61.436
4955,0.000,0.000,0.000,-14.063,-61.348
4956,0.000,0.000,0.000,-14.063,-61.260
4957,0.000,0.000,0.000,-13.975,-61.172
4958,0.000,0.000,0.000,-13.975,-61.084
4959,0.000,0.000,0.000,-13.975,-60.996
4960,0.000,0.000,0.000,-13.975,-60.908
4961,0.000,0.000,0.000,-13.975,-60.908
4962,0.000,0.000,0.000,-13.975,-60.820
4963,0.000,0.000,0.000,-13.975,-60.645
4964,0.000,0.000,0.000,-13.975,-60.557
4965,0.000,0.000,0.000,-13.975,-60.557
4966,0.000,0.000,0.000,-13.975,-60.469
4967,0.000,0.000,0.000,-13.975,-60.381
4968,0.000,0.000,0.000,-13.975,-60.293
4969,0.000,0.000,0.000,-13.975,-60.293
4970,0.000,0.000,0.000,-13.975,-60.205
4971,0.000,0.000,0.000,-13.975,-60.029
4972,0.000,0.000,0.000,-13.975,-59.941
4973,0.000,0.000,0.000,-13.975,-59.941
4974,0.000,0.000,0.000,-13.975,-59.766
4975,0.000,0.000,0.000,-13.975,-59.766
4976,0.000,0.000,0.000,-13.975,-59.590
4977,0.000,0.000,0.000,-13.975,-59.590
4978,0.000,0.000,0.000,-13.975,-59.502
4979,0.000,0.000,0.000,-13.975,-59.326
4980,0.000,0.000,0.000,-13.975,-59.326
4981,0.000,0.000,0.000,-13.975,-59.238
4982,0.000,0.000,0.000,-13.975,-59.150
4983,0.000,0.000,0.000,-13.975,-59.063
4984,0.000,0.000,0.000,-13.975,-58.975
4985,0.000,0.000,0.000,-13.975,-58.799
4986,0.000,0.000,0.000,-13.975,-58.799
4987,0.000,0.000,0.000,-13.975,-58.711
4988,0.000,0.000,0.000,-13.887,-58.535
4989,0.000,0.000,0.000,-13.887,-58.535
4990,0.000,0.000,0.000,-13.887,-58.447
4991,0.000,0.000,0.000,-13.887,-58.359
4992,0.000,0.000,0.000,-13.887,-58.271
4993,0.000,0.000,0.000,-13.887,-58.271
4994,0.000,0.000,0.000,-13.887,-58.096
4995,0.000,0.000,0.000,-13.887,-58.008
4996,0.000,0.000,0.000,-13.887,-58.008
4997,0.000,0.000,0.000,-13.887,-57.832
4998,0.000,0.000,0.000,-13.887,-57.744
4999,0.000,0.000,0.000,-13.887,-57.656
5000,0.000,0.000,0.000,-13.887,-57.568
5001,0.000,0.000,0.000,-13.887,-57.568
5002,0.000,0.000,0.000,-13.887,-57.393
5003,0.000,0.000,0.000,-13.887,-57.217
5004,0.000,0.000,0.000,-13.887,-57.217
5005,0.000,0.000,0.000,-13.887,-57.129
5006,0.000,0.000,0.000,-13.887,-57.041
5007,0.000,0.000,0.000,-13.887,-56.953
5008,0.000,0.000,0.000,-13.887,-56.865
5009,0.000,0.000,0.000,-13.887,-56.777
5010,0.000,0.000,0.000,-13.887,-56.689
5011,0.000,0.000,0.000,-13.887,-56.602
5012,0.000,0.000,0.000,-13.887,-56.514
5013,0.000,0.000,0.000,-13.887,-56.426
5014,0.000,0.000,0.000,-13.887,-56.338
5015,0.000,0.000,0.000,-13.887,-56.338
5016,0.000,0.000,0.000,-13.887,-56.162
5017,0.000,0.000,0.000,-13.887,-56.074
5018,0.000,0.000,0.000,-13.887,-55.986
5019,0.000,0.000,0.000,-13.887,-55.898
5020,0.000,0.000,0.000,-13.887,-55.811
5021,0.000,0.000,0.000,-13.887,-55.723
5022,0.000,0.000,0.000,-13.887,-55.723
5023,0.000,0.000,0.000,-13.887,-55.547
5024,0.000,0.000,0.000,-13.887,-55.547
5025,0.000,0.000,0.000,-13.887,-55.371
5026,0.000,0.000,0.000,-13.887,-55.283
5027,0.000,0.000,0.000,-13.887,-55.195
5028,0.000,0.000,0.000,-13.887,-55.107
5029,0.000,0.000,0.000,-13.887,-55.020
5030,0.000,0.000,0.000,-13.887,-54.932
5031,0.000,0.000,0.000,-13.887,-54.844
5032,0.000,0.000,0.000,-13.887,-54.756
5033,0.000,0.000,0.000,-13.887,-54.668
5034,0.000,0.000,0.000,-13.887,-54.580
5035,0.000,0.000,0.000,-13.887,-54.492
5036,0.000,0.000,0.000,-13.887,-54.404
5037,0.000,0.000,0.000,-13.887,-54.316
5038,0.000,0.000,0.000,-13.887,-54.229
5039,0.000,0.000,0.000,-13.887,-54.141
5040,0.000,0.000,0.000,-13.887,-53.965
5041,0.000,0.000,0.000,-13.887,-53.965
5042,0.000,0.000,0.000,-13.887,-53.877
5043,0.000,0.000,0.000,-13.887,-53.789
5044,0.000,0.000,0.000,-13.887,-53.701
5045,0.000,0.000,0.000,-13.887,-53.613
5046,0.000,0.000,0.000,-13.887,-53.525
5047,0.000,0.000,0.000,-13.887,-53.350
5048,0.000,0.000,0.000,-13.887,-53.262
5049,0.000,0.000,0.000,-13.887,-53.262
5050,0.000,0.000,0.000,-13.887,-53.174
5051,0.000,0.000,0.000,-13.887,-52.998
5052,0.000,0.000,0.000,-13.887,-52.910
5053,0.000,0.000,0.000,-13.887,-52.910
5054,0.000,0.000,0.000,-13.887,-52.734
5055,0.000,0.000,0.000,-13.887,-52.734
5056,0.000,0.000,0.000,-13.887,-52.646
5057,0.000,0.000,0.000,-13.887,-52.559
5058,0.000,0.000,0.000,-13.887,-52.383
5059,0.000,0.000,0.000,-13.887,-52.383
5060,0.000,0.000,0.000,-13.887,-52.295
5061,0.000,0.000,0.000,-13.887,-52.119
5062,0.000,0.000,0.000,-13.887,-52.119
5063,0.000,0.000,0.000,-13.887,-51.943
5064,0.000,0.000,0.000,-13.887,-51.943
5065,0.000,0.000,0.000,-13.887,-51.768
5066,0.000,0.000,0.000,-13.887,-51.680
5067,0.000,0.000,0.000,-13.887,-51.680
5068,0.000,0.000,0.000,-13.887,-51.504
5069,0.000,0.000,0.000,-13.887,-51.416
5070,0.000,0.000,0.000,-13.887,-51.328
5071,0.000,0.000,0.000,-13.887,-51.240
5072,0.000,0.000,0.000,-13.887,-51.152
5073,0.000,0.000,0.000,-13.887,-51.064
5074,0.000,0.000,0.000,-13.887,-50.977
5075,0.000,0.000,0.000,-13.887,-50.889
5076,0.000,0.000,0.000,-13.887,-50.801
5077,0.000,0.000,0.000,-13.887,-50.801
5078,0.000,0.000,0.000,-13.887,-50.713
5079,0.000,0.000,0.000,-13.887,-50.537
5080,0.000,0.000,0.000,-13.887,-50.449
5081,0.000,0.000,0.000,-13.887,-50.361
5082,0.000,0.000,0.000,-13.887,-50.273
5083,0.000,0.000,0.000,-13.887,-50.186
5084,0.000,0.000,0.000,-13.887,-50.010
5085,0.000,0.000,0.000,-13.887,-50.010
5086,0.000,0.000,0.000,-13.887,-49.922
5087,0.000,0.000,0.000,-13.887,-49.834
5088,0.000,0.000,0.000,-13.887,-49.746
5089,0.000,0.000,0.000,-13.887,-49.658
5090,0.000,0.000,0.000,-13.887,-49.658
5091,0.000,0.000,0.000,-13.887,-49.482
5092,0.000,0.000,0.000,-13.887,-49.395
5093,0.000,0.000,0.000,-13.887,-49.307
5094,0.000,0.000,0.000,-13.887,-49.219
5095,0.000,0.000,0.000,-13.887,-49.131
5096,0.000,0.000,0.000,-13.887,-49.131
5097,0.000,0.000,0.000,-13.887,-48.955
5098,0.000,0.000,0.000,-13.887,-48.867
5099,0.000,0.000,0.000,-13.887,-48.779
5100,0.000,0.000,0.000,-13.887,-48.691
5101,0.000,0.000,0.000,-13.887,-48.604
5102,0.000,0.000,0.000,-13.887,-48.516
5103,0.000,0.000,0.000,-13.887,-48.428
5104,0.000,0.000,0.000,-13.887,-48.340
5105,0.000,0.000,0.000,-13.887,-48.252
5106,0.000,0.000,0.000,-13.887,-48.164
5107,0.000,0.000,0.000,-13.887,-48.164
5108,0.000,0.000,0.000,-13.887,-47.988
5109,0.000,0.000,0.000,-13.887,-47.988
5110,0.000,0.000,0.000,-13.887,-47.900
5111,0.000,0.000,0.000,-13.887,-47.813
5112,0.000,0.000,0.000,-13.887,-47.637
5113,0.000,0.000,0.000,-13.887,-47.637
5114,0.000,0.000,0.000,-13.887,-47.549
5115,0.000,0.000,0.000,-13.887,-47.285
5116,0.000,0.000,0.000,-13.887,-47.285
5117,0.000,0.000,0.000,-13.887,-47.285
5118,0.000,0.000,0.000,-13.887,-47.109
5119,0.000,0.000,0.000,-13.887,-47.021
5120,0.000,0.000,0.000,-13.887,-47.021
5121,0.000,0.000,0.000,-13.887,-46.934
5122,0.000,0.000,0.000,-13.887,-46.846
5123,0.000,0.000,0.000,-13.887,-46.670
5124,0.000,0.000,0.000,-13.887,-46.582
5125,0.000,0.000,0.000,-13.887,-46.582
5126,0.000,0.000,0.000,-13.887,-46.406
5127,0.000,0.000,0.000,-13.887,-46.406
5128,0.000,0.000,0.000,-13.887,-46.318
5129,0.000,0.000,0.000,-13.887,-46.230
5130,0.000,0.000,0.000,-13.887,-46.143
5131,0.000,0.000,0.000,-13.887,-46.055
5132,0.000,0.000,0.000,-13.887,-45.967
5133,0.000,0.000,0.000,-13.887,-45.879
5134,0.000,0.000,0.000,-13.887,-45.879
5135,0.000,0.000,0.000,-13.887,-45.703
5136,0.000,0.000,0.000,-13.887,-45.615
5137,0.000,0.000,0.000,-13.887,-45.615
5138,0.000,0.000,0.000,-13.887,-45.527
5139,0.000,0.000,0.000,-13.887,-45.439
5140,0.000,0.000,0.000,-13.887,-45.352
5141,0.000,0.000,0.000,-13.887,-45.264
5142,0.000,0.000,0.000,-13.887,-45.176
5143,0.000,0.000,0.000,-13.887,-45.088
5144,0.000,0.000,0.000,-13.887,-44.912
5145,0.000,0.000,0.000,-13.887,-44.912
5146,0.000,0.000,0.000,-13.887,-44.912
5147,0.000,0.000,0.000,-13.887,-44.736
5148,0.000,0.000,0.000,-13.887,-44.736
5149,0.000,0.000,0.000,-13.887,-44.648
5150,0.000,0.000,0.000,-13.887,-44.561
5151,0.000,0.000,0.000,-13.887,-44.473
5152,0.000,0.000,0.000,-13.887,-44.385
5153,0.000,0.000,0.000,-13.887,-44.297
5154,0.000,0.000,0.000,-13.887,-44.209
5155,0.000,0.000,0.000,-13.887,-44.121
5156,0.000,0.000,0.000,-13.887,-44.033
5157,0.000,0.000,0.000,-13.887,-43.945
5158,0.000,0.000,0.000,-13.887,-43.945
5159,0.000,0.000,0.000,-13.887,-43.770
5160,0.000,0.000,0.000,-13.799,-43.770
5161,0.000,0.000,0.000,-13.799,-43.682
5162,0.000,0.000,0.000,-13.799,-43.682
5163,0.000,0.000,0.000,-13.799,-43.506
5164,0.000,0.000,0.000,-13.799,-43.418
5165,0.000,0.000,0.000,-13.799,-43.330
5166,0.000,0.000,0.000,-13.799,-43.330
5167,0.000,0.000,0.000,-13.799,-43.154
5168,0.000,0.000,0.000,-13.799,-43.154
5169,0.000,0.000,0.000,-13.799,-42.979
5170,0.000,0.000,0.000,-13.799,-42.979
5171,0.000,0.000,0.000,-13.799,-42.891
5172,0.000,0.000,0.000,-13.799,-42.891
5173,0.000,0.000,0.000,-13.799,-42.803
5174,0.000,0.000,0.000,-13.799,-42.715
5175,0.000,0.000,0.000,-13.799,-42.627
5176,0.000,0.000,0.000,-13.799,-42.539
5177,0.000,0.000,0.000,-13.799,-42.363
5178,0.000,0.000,0.000,-13.799,-42.363
5179,0.000,0.000,0.000,-13.799,-42.275
5180,0.000,0.000,0.000,-13.799,-42.188
5181,0.000,0.000,0.000,-13.799,-42.100
5182,0.000,0.000,0.000,-13.799,-42.012
5183,0.000,0.000,0.000,-13.799,-42.012
5184,0.000,0.000,0.000,-13.799,-41.924
5185,0.000,0.000,0.000,-13.799,-41.836
5186,0.000,0.000,0.000,-13.799,-41.748
5187,0.000,0.000,0.000,-13.799,-41.748
5188,0.000,0.000,0.000,-13.799,-41.660
5189,0.000,0.000,0.000,-13.799,-41.572
5190,0.000,0.000,0.000,-13.799,-41.484
5191,0.000,0.000,0.000,-13.799,-41.396
5192,0.000,0.000,0.000,-13.799,-41.396
5193,0.000,0.000,0.000,-13.799,-41.221
5194,0.000,0.000,0.000,-13.799,-41.221
5195,0.000,0.000,0.000,-13.799,-41.133
5196,0.000,0.000,0.000,-13.799,-41.045
5197,0.000,0.000,0.000,-13.799,-41.045
5198,0.000,0.000,0.000,-13.799,-40.957
5199,0.000,0.000,0.000,-13.799,-40.869
5200,0.000,0.000,0.000,-13.799,-40.781
5201,0.000,0.000,0.000,-13.799,-40.693
5202,0.000,0.000,0.000,-13.799,-40.605
5203,0.000,0.000,0.000,-13.799,-40.518
5204,0.000,0.000,0.000,-13.799,-40.518
5205,0.000,0.000,0.000,-13.799,-40.342
5206,0.000,0.000,0.000,-13.799,-40.342
5207,0.000,0.000,0.000,-13.799,-40.166
5208,0.000,0.000,0.000,-13.799,-40.166
5209,0.000,0.000,0.000,-13.799,-40.078
5210,0.000,0.000,0.000,-13.799,-40.078
5211,0.000,0.000,0.000,-13.799,-39.990
5212,0.000,0.000,0.000,-13.711,-39.902
5213,0.000,0.000,0.000,-13.711,-39.902
5214,0.000,0.000,0.000,-13.711,-39.814
5215,0.000,0.000,0.000,-13.711,-39.727
5216,0.000,0.000,0.000,-13.711,-39.639
5217,0.000,0.000,0.000,-13.711,-39.639
5218,0.000,0.000,0.000,-13.711,-39.551
5219,0.000,0.000,0.000,-13.711,-39.463
5220,0.000,0.000,0.000,-13.711,-39.463
5221,0.000,0.000,0.000,-13.711,-39.287
5222,0.000,0.000,0.000,-13.711,-39.199
5223,0.000,0.000,0.000,-13.711,-39.199
5224,0.000,0.000,0.000,-13.711,-39.111
5225,0.000,0.000,0.000,-13.711,-39.023
5226,0.000,0.000,0.000,-13.711,-39.023
5227,0.000,0.000,0.000,-13.711,-38.936
5228,0.000,0.000,0.000,-13.711,-38.936
5229,0.000,0.000,0.000,-13.711,-38.760
5230,0.000,0.000,0.000,-13.711,-38.760
5231,0.000,0.000,0.000,-13.711,-38.672
5232,0.000,0.000,0.000,-13.711,-38.584
5233,0.000,0.000,0.000,-13.711,-38.496
5234,0.000,0.000,0.000,-13.711,-38.408
5235,0.000,0.000,0.000,-13.623,-38.408
5236,0.000,0.000,0.000,-13.623,-38.320
5237,0.000,0.000,0.000,-13.623,-38.320
5238,0.000,0.000,0.000,-13.623,-38.232
5239,0.000,0.000,0.000,-13.623,-38.145
5240,0.000,0.000,0.000,-13.623,-38.145
5241,0.000,0.000,0.000,-13.623,-37.969
5242,0.000,0.000,0.000,-13.623,-37.969
5243,0.000,0.000,0.000,-13.623,-37.881
5244,0.000,0.000,0.000,-13.623,-37.793
5245,0.000,0.000,0.000,-13.623,-37.793
5246,0.000,0.000,0.000,-13.623,-37.705
5247,0.000,0.000,0.000,-13.623,-37.705
5248,0.000,0.000,0.000,-13.623,-37.617
5249,0.000,0.000,0.000,-13.623,-37.529
5250,0.000,0.000,0.000,-13.623,-37.441
5251,0.000,0.000,0.000,-13.623,-37.354
5252,0.000,0.000,0.000,-13.623,-37.354
5253,0.000,0.000,0.000,-13.623,-37.266
5254,0.000,0.000,0.000,-13.623,-37.266
5255,0.000,0.000,0.000,-13.623,-37.178
5256,0.000,0.000,0.000,-13.623,-37.090
5257,0.000,0.000,0.000,-13.623,-37.090
5258,0.000,0.000,0.000,-13.623,-37.002
5259,0.000,0.000,0.000,-13.623,-37.002
5260,0.000,0.000,0.000,-13.623,-36.914
5261,0.000,0.000,0.000,-13.623,-36.826
5262,0.000,0.000,0.000,-13.623,-36.826
5263,0.000,0.000,0.000,-13.623,-36.738
5264,0.000,0.000,0.000,-13.535,-36.738
5265,0.000,0.000,0.000,-13.535,-36.563
5266,0.000,0.000,0.000,-13.535,-36.563
5267,0.000,0.000,0.000,-13.535,-36.475
5268,0.000,0.000,0.000,-13.535,-36.475
5269,0.000,0.000,0.000,-13.535,-36.387
5270,0.000,0.000,0.000,-13.535,-36.387
5271,0.000,0.000,0.000,-13.535,-36.299
5272,0.000,0.000,0.000,-13.535,-36.211
5273,0.000,0.000,0.000,-13.535,-36.211
5274,0.000,0.000,0.000,-13.535,-36.123
5275,0.000,0.000,0.000,-13.535,-36.123
5276,0.000,0.000,0.000,-13.535,-36.035
5277,0.000,0.000,0.000,-13.535,-35.947
5278,0.000,0.000,0.000,-13.535,-35.947
5279,0.000,0.000,0.000,-13.535,-35.859
5280,0.000,0.000,0.000,-13.535,-35.771
5281,0.000,0.000,0.000,-13.535,-35.771
5282,0.000,0.000,0.000,-13.535,-35.596
5283,0.000,0.000,0.000,-13.535,-35.596
5284,0.000,0.000,0.000,-13.535,-35.596
5285,0.000,0.000,0.000,-13.447,-35.508
5286,0.000,0.000,0.000,-13.447,-35.420
5287,0.000,0.000,0.000,-13.447,-35.420
5288,0.000,0.000,0.000,-13.447,-35.420
5289,0.000,0.000,0.000,-13.447,-35.332
5290,0.000,0.000,0.000,-13.447,-35.244
5291,0.000,0.000,0.000,-13.447,-35.244
5292,0.000,0.000,0.000,-13.447,-35.156
5293,0.000,0.000,0.000,-13.447,-35.156
5294,0.000,0.000,0.000,-13.447,-35.068
5295,0.000,0.000,0.000,-13.447,-34.980
5296,0.000,0.000,0.000,-13.447,-34.980
5297,0.000,0.000,0.000,-13.447,-34.893
5298,0.000,0.000,0.000,-13.447,-34.805
5299,0.000,0.000,0.000,-13.447,-34.805
5300,0.000,0.000,0.000,-13.359,-34.805
5301,0.000,0.000,0.000,-13.359,-34.717
5302,0.000,0.000,0.000,-13.359,-34.717
5303,0.000,0.000,0.000,-13.359,-34.629
5304,0.000,0.000,0.000,-13.359,-34.629
5305,0.000,0.000,0.000,-13.359,-34.541
5306,0.000,0.000,0.000,-13.359,-34.541
5307,0.000,0.000,0.000,-13.359,-34.453
5308,0.000,0.000,0.000,-13.359,-34.365
5309,0.000,0.000,0.000,-13.359,-34.365
5310,0.000,0.000,0.000,-13.359,-34.365
5311,0.000,0.000,0.000,-13.359,-34.277
5312,0.000,0.000,0.000,-13.359,-34.189
5313,0.000,0.000,0.000,-13.359,-34.189
5314,0.000,0.000,0.000,-13.359,-34.189
5315,0.000,0.000,0.000,-13.271,-34.014
5316,0.000,0.000,0.000,-13.271,-34.014
5317,0.000,0.000,0.000,-13.271,-34.014
5318,0.000,0.000,0.000,-13.271,-34.014
5319,0.000,0.000,0.000,-13.271,-33.926
5320,0.000,0.000,0.000,-13.271,-33.838
5321,0.000,0.000,0.000,-13.271,-33.838
5322,0.000,0.000,0.000,-13.271,-33.750
5323,0.000,0.000,0.000,-13.271,-33.750
5324,0.000,0.000,0.000,-13.271,-33.750
5325,0.000,0.000,0.000,-13.271,-33.662
5326,0.000,0.000,0.000,-13.271,-33.662
5327,0.000,0.000,0.000,-13.271,-33.574
5328,0.000,0.000,0.000,-13.184,-33.574
5329,0.000,0.000,0.000,-13.184,-33.486
5330,0.000,0.000,0.000,-13.184,-33.486
5331,0.000,0.000,0.000,-13.184,-33.398
5332,0.000,0.000,0.000,-13.184,-33.398
5333,0.000,0.000,0.000,-13.184,-33.311
5334,0.000,0.000,0.000,-13.184,-33.311
5335,0.000,0.000,0.000,-13.184,-33.223
5336,0.000,0.000,0.000,-13.184,-33.223
5337,0.000,0.000,0.000,-13.184,-33.223
5338,0.000,0.000,0.000,-13.184,-33.135
5339,0.000,0.000,0.000,-13.184,-33.047
5340,0.000,0.000,0.000,-13.096,-33.047
5341,0.000,0.000,0.000,-13.096,-33.047
5342,0.000,0.000,0.000,-13.096,-32.959
5343,0.000,0.000,0.000,-13.096,-32.871
5344,0.000,0.000,0.000,-13.096,-32.871
5345,0.000,0.000,0.000,-13.096,-32.871
5346,0.000,0.000,0.000,-13.096,-32.871
5347,0.000,0.000,0.000,-13.096,-32.783
5348,0.000,0.000,0.000,-13.096,-32.783
5349,0.000,0.000,0.000,-13.096,-32.695
5350,0.000,0.000,0.000,-13.096,-32.695
5351,0.000,0.000,0.000,-13.096,-32.695
5352,0.000,0.000,0.000,-13.096,-32.607
5353,0.000,0.000,0.000,-13.096,-32.520
5354,0.000,0.000,0.000,-13.096,-32.520
5355,0.000,0.000,0.000,-13.008,-32.520
5356,0.000,0.000,0.000,-13.008,-32.432
5357,0.000,0.000,0.000,-13.008,-32.432
5358,0.000,0.000,0.000,-13.008,-32.344
5359,0.000,0.000,0.000,-13.008,-32.344
5360,0.000,0.000,0.000,-13.008,-32.344
5361,0.000,0.000,0.000,-13.008,-32.256
5362,0.000,0.000,0.000,-13.008,-32.256
5363,0.000,0.000,0.000,-13.008,-32.256
5364,0.000,0.000,0.000,-13.008,-32.256
5365,0.000,0.000,0.000,-13.008,-32.168
5366,0.000,0.000,0.000,-13.008,-32.168
5367,0.000,0.000,0.000,-13.008,-32.080
5368,0.000,0.000,0.000,-12.920,-32.080
5369,0.000,0.000,0.000,-12.920,-31.992
5370,0.000,0.000,0.000,-12.920,-31.992
5371,0.000,0.000,0.000,-12.920,-31.992
5372,0.000,0.000,0.000,-12.920,-31.904
5373,0.000,0.000,0.000,-12.920,-31.904
5374,0.000,0.000,0.000,-12.920,-31.904
5375,0.000,0.000,0.000,-12.920,-31.904
5376,0.000,0.000,0.000,-12.832,-31.816
5377,0.000,0.000,0.000,-12.832,-31.816
5378,0.000,0.000,0.000,-12.832,-31.816
5379,0.000,0.000,0.000,-12.832,-31.641
5380,0.000,0.000,0.000,-12.832,-31.641
5381,0.000,0.000,0.000,-12.832,-31.641
5382,0.000,0.000,0.000,-12.832,-31.641
5383,0.000,0.000,0.000,-12.832,-31.553
5384,0.000,0.000,0.000,-12.832,-31.553
5385,0.000,0.000,0.000,-12.832,-31.553
5386,0.000,0.000,0.000,-12.832,-31.553
5387,0.000,0.000,0.000,-12.744,-31.465
5388,0.000,0.000,0.000,-12.744,-31.465
5389,0.000,0.000,0.000,-12.744,-31.465
5390,0.000,0.000,0.000,-12.744,-31.465
5391,0.000,0.000,0.000,-12.744,-31.377
5392,0.000,0.000,0.000,-12.744,-31.377
5393,0.000,0.000,0.000,-12.744,-31.377
5394,0.000,0.000,0.000,-12.744,-31.377
5395,0.000,0.000,0.000,-12.744,-31.289
5396,0.000,0.000,0.000,-12.744,-31.289
5397,0.000,0.000,0.000,-12.744,-31.201
5398,0.000,0.000,0.000,-12.744,-31.201
5399,0.000,0.000,0.000,-12.656,-31.201
5400,0.000,0.000,0.000,-12.656,-31.113
5401,0.000,0.000,0.000,-12.656,-31.113
5402,0.000,0.000,0.000,-12.656,-31.113
5403,0.000,0.000,0.000,-12.656,-31.113
5404,0.000,0.000,0.000,-12.656,-31.025
5405,0.000,0.000,0.000,-12.656,-31.025
5406,0.000,0.000,0.000,-12.656,-30.937
5407,0.000,0.000,0.000,-12.656,-30.937
5408,0.000,0.000,0.000,-12.656,-30.937
5409,0.000,0.000,0.000,-12.656,-30.937
5410,0.000,0.000,0.000,-12.568,-30.937
5411,0.000,0.000,0.000,-12.568,-30.937
5412,0.000,0.000,0.000,-12.568,-30.850
5413,0.000,0.000,0.000,-12.568,-30.850
5414,0.000,0.000,0.000,-12.568,-30.850
5415,0.000,0.000,0.000,-12.568,-30.762
5416,0.000,0.000,0.000,-12.568,-30.762
5417,0.000,0.000,0.000,-12.568,-30.762
5418,0.000,0.000,0.000,-12.568,-30.674
5419,0.000,0.000,0.000,-12.568,-30.674
5420,0.000,0.000,0.000,-12.568,-30.586
5421,0.000,0.000,0.000,-12.568,-30.586
5422,0.000,0.000,0.000,-12.568,-30.586
5423,0.000,0.000,0.000,-12.568,-30.586
5424,0.000,0.000,0.000,-12.568,-30.586
5425,0.000,0.000,0.000,-12.568,-30.586
5426,0.000,0.000,0.000,-12.568,-30.586
5427,0.000,0.000,0.000,-12.480,-30.586
5428,0.000,0.000,0.000,-12.480,-30.498
5429,0.000,0.000,0.000,-12.480,-30.498
5430,0.000,0.000,0.000,-12.480,-30.498
5431,0.000,0.000,0.000,-12.480,-30.410
5432,0.000,0.000,0.000,-12.480,-30.410
5433,0.000,0.000,0.000,-12.480,-30.410
5434,0.000,0.000,0.000,-12.480,-30.410
5435,0.000,0.000,0.000,-12.480,-30.410
5436,0.000,0.000,0.000,-12.480,-30.410
5437,0.000,0.000,0.000,-12.480,-30.322
5438,0.000,0.000,0.000,-12.480,-30.322
5439,0.000,0.000,0.000,-12.480,-30.322
5440,0.000,0.000,0.000,-12.480,-30.322
5441,0.000,0.000,0.000,-12.480,-30.234
5442,0.000,0.000,0.000,-12.480,-30.234
5443,0.000,0.000,0.000,-12.393,-30.234
5444,0.000,0.000,0.000,-12.305,-30.234
5445,0.000,0.000,0.000,-12.305,-30.146
5446,0.000,0.000,0.000,-12.305,-30.146
5447,0.000,0.000,0.000,-12.305,-30.146
5448,0.000,0.000,0.000,-12.305,-30.146
5449,0.000,0.000,0.000,-12.305,-30.146
5450,0.000,0.000,0.000,-12.305,-30.059
5451,0.000,0.000,0.000,-12.305,-30.059
5452,0.000,0.000,0.000,-12.305,-30.059
5453,0.000,0.000,0.000,-12.305,-30.059
5454,0.000,0.000,0.000,-12.305,-30.059
5455,0.000,0.000,0.000,-12.305,-30.059
5456,0.000,0.000,0.000,-12.305,-30.059
5457,0.000,0.000,0.000,-12.305,-29.971
5458,0.000,0.000,0.000,-12.305,-29.971
5459,0.000,0.000,0.000,-12.305,-29.971
5460,0.000,0.000,0.000,-12.217,-29.971
5461,0.000,0.000,0.000,-12.217,-29.971
5462,0.000,0.000,0.000,-12.217,-29.971
5463,0.000,0.000,0.000,-12.217,-29.883
5464,0.000,0.000,0.000,-12.217,-29.883
5465,0.000,0.000,0.000,-12.217,-29.883
5466,0.000,0.000,0.000,-12.217,-29.883
5467,0.000,0.000,0.000,-12.217,-29.883
5468,0.000,0.000,0.000,-12.217,-29.795
5469,0.000,0.000,0.000,-12.217,-29.795
5470,0.000,0.000,0.000,-12.217,-29.795
5471,0.000,0.000,0.000,-12.129,-29.795
5472,0.000,0.000,0.000,-12.129,-29.795
5473,0.000,0.000,0.000,-12.129,-29.795
5474,0.000,0.000,0.000,-12.129,-29.795
5475,0.000,0.000,0.000,-12.129,-29.795
5476,0.000,0.000,0.000,-12.129,-29.707
5477,0.000,0.000,0.000,-12.129,-29.707
5478,0.000,0.000,0.000,-12.129,-29.707
5479,0.000,0.000,0.000,-12.129,-29.707
5480,0.000,0.000,0.000,-12.129,-29.707
5481,0.000,0.000,0.000,-12.129,-29.707
5482,0.000,0.000,0.000,-12.041,-29.707
5483,0.000,0.000,0.000,-12.041,-29.707
5484,0.000,0.000,0.000,-12.041,-29.707
5485,0.000,0.000,0.000,-12.041,-29.619
5486,0.000,0.000,0.000,-12.041,-29.619
5487,0.000,0.000,0.000,-12.041,-29.619
5488,0.000,0.000,0.000,-12.041,-29.619
5489,0.000,0.000,0.000,-12.041,-29.619
5490,0.000,0.000,0.000,-12.041,-29.619
5491,0.000,0.000,0.000,-12.041,-29.619
5492,0.000,0.000,0.000,-12.041,-29.531
5493,0.000,0.000,0.000,-12.041,-29.531
5494,0.000,0.000,0.000,-12.041,-29.531
5495,0.000,0.000,0.000,-11.953,-29.531
5496,0.000,0.000,0.000,-11.953,-29.531
5497,0.000,0.000,0.000,-11.953,-29.531
5498,0.000,0.000,0.000,-11.953,-29.531
5499,0.000,0.000,0.000,-11.953,-29.443
5500,0.000,0.000,0.000,-11.953,-29.443
5501,0.000,0.000,0.000,-11.953,-29.443
5502,0.000,0.000,0.000,-11.953,-29.443
5503,0.000,0.000,0.000,-11.953,-29.443
5504,0.000,0.000,0.000,-11.953,-29.355
5505,0.000,0.000,0.000,-11.953,-29.355
5506,0.000,0.000,0.000,-11.865,-29.355
5507,0.000,0.000,0.000,-11.865,-29.355
5508,0.000,0.000,0.000,-11.865,-29.355
5509,0.000,0.000,0.000,-11.865,-29.355
5510,0.000,0.000,0.000,-11.865,-29.355
5511,0.000,0.000,0.000,-11.865,-29.355
5512,0.000,0.000,0.000,-11.865,-29.355
5513,0.000,0.000,0.000,-11.865,-29.355
5514,0.000,0.000,0.000,-11.865,-29.355
5515,0.000,0.000,0.000,-11.865,-29.355
5516,0.000,0.000,0.000,-11.865,-29.355
5517,0.000,0.000,0.000,-11.865,-29.355
5518,0.000,0.000,0.000,-11.777,-29.355
5519,0.000,0.000,0.000,-11.777,-29.355
5520,0.000,0.000,0.000,-11.777,-29.355
5521,0.000,0.000,0.000,-11.777,-29.355
5522,0.000,0.000,0.000,-11.777,-29.268
5523,0.000,0.000,0.000,-11.777,-29.268
5524,0.000,0.000,0.000,-11.777,-29.268
5525,0.000,0.000,0.000,-11.777,-29.268
5526,0.000,0.000,0.000,-11.777,-29.268
5527,0.000,0.000,0.000,-11.777,-29.268
5528,0.000,0.000,0.000,-11.777,-29.268
5529,0.000,0.000,0.000,-11.777,-29.268
5530,0.000,0.000,0.000,-11.777,-29.268
5531,0.000,0.000,0.000,-11.777,-29.268
5532,0.000,0.000,0.000,-11.777,-29.268
5533,0.000,0.000,0.000,-11.777,-29.268
5534,0.000,0.000,0.000,-11.689,-29.268
5535,0.000,0.000,0.000,-11.689,-29.268
5536,0.000,0.000,0.000,-11.689,-29.268
5537,0.000,0.000,0.000,-11.689,-29.268
5538,0.000,0.000,0.000,-11.689,-29.268
5539,0.000,0.000,0.000,-11.602,-29.268
5540,0.000,0.000,0.000,-11.602,-29.180
5541,0.000,0.000,0.000,-11.602,-29.180
5542,0.000,0.000,0.000,-11.602,-29.180
5543,0.000,0.000,0.000,-11.602,-29.180
5544,0.000,0.000,0.000,-11.602,-29.180
5545,0.000,0.000,0.000,-11.602,-29.180
5546,0.000,0.000,0.000,-11.602,-29.180
5547,0.000,0.000,0.000,-11.602,-29.180
5548,0.000,0.000,0.000,-11.602,-29.180
5549,0.000,0.000,0.000,-11.602,-29.180
5550,0.000,0.000,0.000,-11.602,-29.180
5551,0.000,0.000,0.000,-11.514,-29.180
5552,0.000,0.000,0.000,-11.514,-29.180
5553,0.000,0.000,0.000,-11.514,-29.180
5554,0.000,0.000,0.000,-11.514,-29.180
5555,0.000,0.000,0.000,-11.514,-29.180
5556,0.000,0.000,0.000,-11.514,-29.180
5557,0.000,0.000,0.000,-11.514,-29.180
5558,0.000,0.000,0.000,-11.514,-29.180
5559,0.000,0.000,0.000,-11.514,-29.180
5560,0.000,0.000,0.000,-11.514,-29.180
5561,0.000,0.000,0.000,-11.514,-29.180
5562,0.000,0.000,0.000,-11.514,-29.180
5563,0.000,0.000,0.000,-11.514,-29.180
5564,0.000,0.000,0.000,-11.514,-29.180
5565,0.000,0.000,0.000,-11.514,-29.180
5566,0.000,0.000,0.000,-11.514,-29.180
5567,0.000,0.000,0.000,-11.514,-29.180
5568,0.000,0.000,0.000,-11.514,-29.180
5569,0.000,0.000,0.000,-11.514,-29.180
5570,0.000,0.000,0.000,-11.514,-29.180
5571,0.000,0.000,0.000,-11.514,-29.180
5572,0.000,0.000,0.000,-11.514,-29.180
5573,0.000,0.000,0.000,-11.514,-29.180
5574,0.000,0.000,0.000,-11.426,-29.180
5575,0.000,0.000,0.000,-11.426,-29.180
5576,0.000,0.000,0.000,-11.426,-29.180
5577,0.000,0.000,0.000,-11.426,-29.180
5578,0.000,0.000,0.000,-11.426,-29.180
5579,0.000,0.000,0.000,-11.426,-29.180
5580,0.000,0.000,0.000,-11.426,-29.180
5581,0.000,0.000,0.000,-11.426,-29.180
5582,0.000,0.000,0.000,-11.426,-29.180
5583,0.000,0.000,0.000,-11.426,-29.180
5584,0.000,0.000,0.000,-11.426,-29.180
5585,0.000,0.000,0.000,-11.426,-29.180
5586,0.000,0.000,0.000,-11.426,-29.180
5587,0.000,0.000,0.000,-11.426,-29.180
5588,0.000,0.000,0.000,-11.426,-29.180
5589,0.000,0.000,0.000,-11.338,-29.180
5590,0.000,0.000,0.000,-11.338,-29.180
5591,0.000,0.000,0.000,-11.338,-29.092
5592,0.000,0.000,0.000,-11.338,-29.092
5593,0.000,0.000,0.000,-11.338,-29.092
5594,0.000,0.000,0.000,-11.338,-29.092
5595,0.000,0.000,0.000,-11.338,-29.092
5596,0.000,0.000,0.000,-11.338,-29.092
5597,0.000,0.000,0.000,-11.338,-29.092
5598,0.000,0.000,0.000,-11.338,-29.092
5599,0.000,0.000,0.000,-11.338,-29.092
5600,0.000,0.000,0.000,-11.338,-29.092
5601,0.000,0.000,0.000,-11.338,-29.092
5602,0.000,0.000,0.000,-11.338,-29.092
5603,0.000,0.000,0.000,-11.338,-29.092
5604,0.000,0.000,0.000,-11.338,-29.092
5605,0.000,0.000,0.000,-11.338,-29.092
5606,0.000,0.000,0.000,-11.338,-29.092
5607,0.000,0.000,0.000,-11.338,-29.092
5608,0.000,0.000,0.000,-11.250,-29.092
5609,0.000,0.000,0.000,-11.250,-29.092
5610,0.000,0.000,0.000,-11.250,-29.092
5611,0.000,0.000,0.000,-11.250,-29.092
5612,0.000,0.000,0.000,-11.250,-29.092
5613,0.000,0.000,0.000,-11.250,-29.092
5614,0.000,0.000,0.000,-11.250,-29.092
5615,0.000,0.000,0.000,-11.250,-29.092
5616,0.000,0.000,0.000,-11.250,-29.092
5617,0.000,0.000,0.000,-11.250,-29.092
5618,0.000,0.000,0.000,-11.250,-29.092
5619,0.000,0.000,0.000,-11.250,-29.092
5620,0.000,0.000,0.000,-11.250,-29.092
5621,0.000,0.000,0.000,-11.250,-29.092
5622,0.000,0.000,0.000,-11.250,-29.092
5623,0.000,0.000,0.000,-11.250,-29.092
5624,0.000,0.000,0.000,-11.250,-29.092
5625,0.000,0.000,0.000,-11.250,-29.092
5626,0.000,0.000,0.000,-11.250,-29.092
5627,0.000,0.000,0.000,-11.250,-29.092
5628,0.000,0.000,0.000,-11.250,-29.092
5629,0.000,0.000,0.000,-11.250,-29.092
5630,0.000,0.000,0.000,-11.162,-29.092
5631,0.000,0.000,0.000,-11.162,-29.092
5632,0.000,0.000,0.000,-11.162,-29.092
5633,0.000,0.000,0.000,-11.162,-29.092
5634,0.000,0.000,0.000,-11.162,-29.092
5635,0.000,0.000,0.000,-11.162,-29.092
5636,0.000,0.000,0.000,-11.162,-29.092
5637,0.000,0.000,0.000,-11.162,-29.092
5638,0.000,0.000,0.000,-11.162,-29.092
5639,0.000,0.000,0.000,-11.162,-29.092
5640,0.000,0.000,0.000,-11.162,-29.092
5641,0.000,0.000,0.000,-11.162,-29.092
5642,0.000,0.000,0.000,-11.162,-29.092
5643,0.000,0.000,0.000,-11.162,-29.092
5644,0.000,0.000,0.000,-11.162,-29.092
5645,0.000,0.000,0.000,-11.162,-29.092
5646,0.000,0.000,0.000,-11.162,-29.092
5647,0.000,0.000,0.000,-11.162,-29.092
5648,0.000,0.000,0.000,-11.162,-29.092
5649,0.000,0.000,0.000,-11.162,-29.092
5650,0.000,0.000,0.000,-11.162,-29.092
5651,0.000,0.000,0.000,-11.162,-29.092
5652,0.000,0.000,0.000,-11.162,-29.092
5653,0.000,0.000,0.000,-11.162,-29.092
5654,0.000,0.000,0.000,-11.162,-29.092
5655,0.000,0.000,0.000,-11.162,-29.092
5656,0.000,0.000,0.000,-11.162,-29.092
5657,0.000,0.000,0.000,-11.162,-29.092
5658,0.000,0.000,0.000,-11.074,-29.092
5659,0.000,0.000,0.000,-11.074,-29.092
5660,0.000,0.000,0.000,-11.074,-29.092
5661,0.000,0.000,0.000,-11.074,-29.092
5662,0.000,0.000,0.000,-11.074,-29.092
5663,0.000,0.000,0.000,-11.074,-29.092
5664,0.000,0.000,0.000,-11.074,-29.092
5665,0.000,0.000,0.000,-11.074,-29.092
5666,0.000,0.000,0.000,-11.074,-29.092
5667,0.000,0.000,0.000,-11.074,-29.092
5668,0.000,0.000,0.000,-11.074,-29.092
5669,0.000,0.000,0.000,-11.074,-29.092
5670,0.000,0.000,0.000,-11.074,-29.092
5671,0.000,0.000,0.000,-11.074,-29.092
5672,0.000,0.000,0.000,-11.074,-29.092
5673,0.000,0.000,0.000,-11.074,-29.092
5674,0.000,0.000,0.000,-11.074,-29.092
5675,0.000,0.000,0.000,-11.074,-29.092
5676,0.000,0.000,0.000,-11.074,-29.092
5677,0.000,0.000,0.000,-11.074,-29.092
5678,0.000,0.000,0.000,-11.074,-29.092
5679,0.000,0.000,0.000,-11.074,-29.092
5680,0.000,0.000,0.000,-11.074,-29.092
5681,0.000,0.000,0.000,-11.074,-29.092
5682,0.000,0.000,0.000,-11.074,-29.092
5683,0.000,0.000,0.000,-11.074,-29.092
5684,0.000,0.000,0.000,-11.074,-29.092
5685,0.000,0.000,0.000,-11.074,-29.092
5686,0.000,0.000,0.000,-11.074,-29.092
5687,0.000,0.000,0.000,-11.074,-29.092
5688,0.000,0.000,0.000,-11.074,-29.092
5689,0.000,0.000,0.000,-11.074,-29.092
5690,0.000,0.000,0.000,-11.074,-29.092
5691,0.000,0.000,0.000,-11.074,-29.092
5692,0.000,0.000,0.000,-11.074,-29.092
5693,0.000,0.000,0.000,-11.074,-29.092
5694,0.000,0.000,0.000,-11.074,-29.092
5695,0.000,0.000,0.000,-11.074,-29.092
5696,0.000,0.000,0.000,-11.074,-29.092
5697,0.000,0.000,0.000,-11.074,-29.092
5698,0.000,0.000,0.000,-11.074,-29.092
5699,0.000,0.000,0.000,-11.074,-29.092
5700,0.000,0.000,0.000,-11.074,-29.092
5701,0.000,0.000,0.000,-11.074,-29.092
5702,0.000,0.000,0.000,-11.074,-29.004
5703,0.000,0.000,0.000,-11.074,-29.004
5704,0.000,0.000,0.000,-11.074,-29.004
5705,0.000,0.000,0.000,-11.074,-29.004
5706,0.000,0.000,0.000,-11.074,-29.004
5707,0.000,0.000,0.000,-11.074,-29.004
5708,0.000,0.000,0.000,-11.074,-29.004
5709,0.000,0.000,0.000,-11.074,-29.004
5710,0.000,0.000,0.000,-11.074,-29.004
5711,0.000,0.000,0.000,-11.074,-29.004
5712,0.000,0.000,0.000,-11.074,-29.004
5713,0.000,0.000,0.000,-11.074,-29.004
5714,0.000,0.000,0.000,-11.074,-29.004
5715,0.000,0.000,0.000,-11.074,-29.004
5716,0.000,0.000,0.000,-11.074,-29.004
5717,0.000,0.000,0.000,-11.074,-29.004
5718,0.000,0.000,0.000,-11.074,-29.004
5719,0.000,0.000,0.000,-11.074,-29.004
5720,0.000,0.000,0.000,-11.074,-29.004
5721,0.000,0.000,0.000,-11.074,-29.004
5722,0.000,0.000,0.000,-11.074,-29.004
5723,0.000,0.000,0.000,-11.074,-29.004
5724,0.000,0.000,0.000,-11.074,-29.004
5725,0.000,0.000,0.000,-11.074,-29.004
5726,0.000,0.000,0.000,-11.074,-29.004
5727,0.000,0.000,0.000,-11.074,-29.004
5728,0.000,0.000,0.000,-11.074,-29.004
5729,0.000,0.000,0.000,-11.074,-29.004
5730,0.000,0.000,0.000,-11.074,-29.004
5731,0.000,0.000,0.000,-11.074,-29.004
5732,0.000,0.000,0.000,-11.074,-29.004
5733,0.000,0.000,0.000,-11.074,-29.004
5734,0.000,0.000,0.000,-11.074,-29.004
5735,0.000,0.000,0.000,-11.074,-29.004
5736,0.000,0.000,0.000,-11.074,-29.004
5737,0.000,0.000,0.000,-11.074,-29.004
5738,0.000,0.000,0.000,-11.074,-29.004
5739,0.000,0.000,0.000,-11.074,-29.004
5740,0.000,0.000,0.000,-11.074,-29.004
5741,0.000,0.000,0.000,-11.074,-29.004
5742,0.000,0.000,0.000,-11.074,-29.004
5743,0.000,0.000,0.000,-11.074,-29.004
5744,0.000,0.000,0.000,-11.074,-29.004
5745,0.000,0.000,0.000,-11.074,-29.004
5746,0.000,0.000,0.000,-11.074,-29.004
5747,0.000,0.000,0.000,-11.074,-29.004
5748,0.000,0.000,0.000,-11.074,-29.004
5749,0.000,0.000,0.000,-11.074,-29.004
5750,0.000,0.000,0.000,-11.074,-29.004
5751,0.000,0.000,0.000,-11.074,-29.004
5752,0.000,0.000,0.000,-11.074,-29.004
5753,0.000,0.000,0.000,-11.074,-29.004
5754,0.000,0.000,0.000,-11.074,-29.004
5755,0.000,0.000,0.000,-11.074,-29.004
5756,0.000,0.000,0.000,-11.074,-29.004
5757,0.000,0.000,0.000,-11.074,-29.004
5758,0.000,0.000,0.000,-11.074,-29.004
5759,0.000,0.000,0.000,-11.074,-29.004
5760,0.000,0.000,0.000,-11.074,-29.004
5761,0.000,0.000,0.000,-11.074,-29.004
5762,0.000,0.000,0.000,-11.074,-29.004
5763,0.000,0.000,0.000,-11.074,-29.004
5764,0.000,0.000,0.000,-11.074,-29.004
5765,0.000,0.000,0.000,-11.074,-29.004
5766,0.000,0.000,0.000,-11.074,-29.004
5767,0.000,0.000,0.000,-11.074,-29.004
5768,0.000,0.000,0.000,-11.074,-29.004
5769,0.000,0.000,0.000,-11.074,-29.004
5770,0.000,0.000,0.000,-11.074,-29.004
5771,0.000,0.000,0.000,-11.074,-29.004
5772,0.000,0.000,0.000,-11.074,-29.004
5773,0.000,0.000,0.000,-11.074,-29.004
5774,0.000,0.000,0.000,-11.074,-29.004
5775,0.000,0.000,0.000,-11.074,-29.004
5776,0.000,0.000,0.000,-11.074,-29.004
5777,0.000,0.000,0.000,-11.074,-29.004
5778,0.000,0.000,0.000,-11.074,-29.004
5779,0.000,0.000,0.000,-11.074,-29.004
5780,0.000,0.000,0.000,-11.074,-29.004
5781,0.000,0.000,0.000,-11.074,-29.004
5782,0.000,0.000,0.000,-11.074,-29.004
5783,0.000,0.000,0.000,-11.074,-29.004
5784,0.000,0.000,0.000,-11.074,-29.004
5785,0.000,0.000,0.000,-11.074,-29.004
5786,0.000,0.000,0.000,-11.074,-29.004
5787,0.000,0.000,0.000,-11.074,-29.004
5788,0.000,0.000,0.000,-11.074,-29.004
5789,0.000,0.000,0.000,-11.074,-29.004
5790,0.000,0.000,0.000,-11.074,-29.004
5791,0.000,0.000,0.000,-11.074,-29.004
5792,0.000,0.000,0.000,-11.074,-29.004
5793,0.000,0.000,0.000,-11.074,-29.004
5794,0.000,0.000,0.000,-11.074,-29.004
5795,0.000,0.000,0.000,-11.074,-29.004
5796,0.000,0.000,0.000,-11.074,-29.004
5797,0.000,0.000,0.000,-11.074,-29.004
5798,0.000,0.000,0.000,-11.074,-29.004
5799,0.000,0.000,0.000,-11.074,-29.004
5800,0.000,0.000,0.000,-11.074,-29.004
5801,0.000,0.000,0.000,-11.074,-29.004
5802,0.000,0.000,0.000,-11.074,-29.004
5803,0.000,0.000,0.000,-11.074,-29.004
5804,0.000,0.000,0.000,-11.074,-29.004
5805,0.000,0.000,0.000,-11.074,-29.004
5806,0.000,0.000,0.000,-11.074,-29.004
5807,0.000,0.000,0.000,-11.074,-29.004
5808,0.000,0.000,0.000,-11.074,-29.004
5809,0.000,0.000,0.000,-11.074,-29.004
5810,0.000,0.000,0.000,-11.074,-29.004
5811,0.000,0.000,0.000,-11.074,-29.004
5812,0.000,0.000,0.000,-11.074,-29.004
5813,0.000,0.000,0.000,-11.074,-29.004
5814,0.000,0.000,0.000,-11.074,-29.004
5815,0.000,0.000,0.000,-11.074,-29.004
5816,0.000,0.000,0.000,-11.074,-29.004
5817,0.000,0.000,0.000,-11.074,-29.004
5818,0.000,0.000,0.000,-11.074,-29.004
5819,0.000,0.000,0.000,-11.074,-29.004
5820,0.000,0.000,0.000,-11.074,-29.004
5821,0.000,0.000,0.000,-11.074,-29.004
5822,0.000,0.000,0.000,-11.074,-29.004
5823,0.000,0.000,0.000,-11.074,-29.004
5824,0.000,0.000,0.000,-11.074,-29.004
5825,0.000,0.000,0.000,-11.074,-29.004
5826,0.000,0.000,0.000,-11.074,-29.004
5827,0.000,0.000,0.000,-11.074,-29.004
5828,0.000,0.000,0.000,-11.074,-29.004
5829,0.000,0.000,0.000,-11.074,-29.004
5830,0.000,0.000,0.000,-11.074,-29.004
5831,0.000,0.000,0.000,-11.074,-29.004
5832,0.000,0.000,0.000,-11.074,-29.004
5833,0.000,0.000,0.000,-11.074,-29.004
5834,0.000,0.000,0.000,-11.074,-29.004
5835,0.000,0.000,0.000,-11.074,-29.004
5836,0.000,0.000,0.000,-11.074,-29.004
5837,0.000,0.000,0.000,-11.074,-29.004
5838,0.000,0.000,0.000,-11.074,-29.004
5839,0.000,0.000,0.000,-11.074,-29.004
5840,0.000,0.000,0.000,-11.074,-29.004
5841,0.000,0.000,0.000,-11.074,-29.004
5842,0.000,0.000,0.000,-11.074,-29.004
5843,0.000,0.000,0.000,-11.074,-29.004
5844,0.000,0.000,0.000,-11.074,-29.004
5845,0.000,0.000,0.000,-11.074,-29.004
5846,0.000,0.000,0.000,-11.074,-29.004
5847,0.000,0.000,0.000,-11.074,-29.004
5848,0.000,0.000,0.000,-11.074,-29.004
5849,0.000,0.000,0.000,-11.162,-29.004
5850,0.000,0.000,0.000,-11.162,-29.004
5851,0.000,0.000,0.000,-11.162,-29.004
5852,0.000,0.000,0.000,-11.162,-29.004
5853,0.000,0.000,0.000,-11.162,-29.004
5854,0.000,0.000,0.000,-11.162,-29.004
5855,0.000,0.000,0.000,-11.162,-29.004
5856,0.000,0.000,0.000,-11.162,-29.004
5857,0.000,0.000,0.000,-11.162,-29.004
5858,0.000,0.000,0.000,-11.162,-29.092
5859,0.000,0.000,0.000,-11.162,-29.092
5860,0.000,0.000,0.000,-11.162,-29.092
5861,0.000,0.000,0.000,-11.162,-29.092
5862,0.000,0.000,0.000,-11.162,-29.092
5863,0.000,0.000,0.000,-11.162,-29.092
5864,0.000,0.000,0.000,-11.162,-29.092
5865,0.000,0.000,0.000,-11.162,-29.092
5866,0.000,0.000,0.000,-11.162,-29.092
5867,0.000,0.000,0.000,-11.162,-29.092
5868,0.000,0.000,0.000,-11.162,-29.092
5869,0.000,0.000,0.000,-11.162,-29.092
5870,0.000,0.000,0.000,-11.162,-29.092
5871,0.000,0.000,0.000,-11.162,-29.092
5872,0.000,0.000,0.000,-11.162,-29.092
5873,0.000,0.000,0.000,-11.162,-29.092
5874,0.000,0.000,0.000,-11.162,-29.180
5875,0.000,0.000,0.000,-11.162,-29.180
5876,0.000,0.000,0.000,-11.162,-29.180
5877,0.000,0.000,0.000,-11.162,-29.180
5878,0.000,0.000,0.000,-11.162,-29.180
5879,0.000,0.000,0.000,-11.162,-29.180
5880,0.000,0.000,0.000,-11.162,-29.180
5881,0.000,0.000,0.000,-11.162,-29.180
5882,0.000,0.000,0.000,-11.162,-29.180
5883,0.000,0.000,0.000,-11.162,-29.180
5884,0.000,0.000,0.000,-11.162,-29.180
5885,0.000,0.000,0.000,-11.250,-29.180
5886,0.000,0.000,0.000,-11.250,-29.180
5887,0.000,0.000,0.000,-11.250,-29.180
5888,0.000,0.000,0.000,-11.250,-29.268
5889,0.000,0.000,0.000,-11.250,-29.268
5890,0.000,0.000,0.000,-11.250,-29.268
5891,0.000,0.000,0.000,-11.250,-29.268
5892,0.000,0.000,0.000,-11.250,-29.268
5893,0.000,0.000,0.000,-11.250,-29.268
5894,0.000,0.000,0.000,-11.250,-29.268
5895,0.000,0.000,0.000,-11.250,-29.268
5896,0.000,0.000,0.000,-11.250,-29.355
5897,0.000,0.000,0.000,-11.250,-29.355
5898,0.000,0.000,0.000,-11.250,-29.355
5899,0.000,0.000,0.000,-11.250,-29.355
5900,0.000,0.000,0.000,-11.250,-29.355
5901,0.000,0.000,0.000,-11.250,-29.355
5902,0.000,0.000,0.000,-11.250,-29.355
5903,0.000,0.000,0.000,-11.250,-29.355
5904,0.000,0.000,0.000,-11.250,-29.443
5905,0.000,0.000,0.000,-11.338,-29.443
5906,0.000,0.000,0.000,-11.338,-29.443
5907,0.000,0.000,0.000,-11.338,-29.443
5908,0.000,0.000,0.000,-11.338,-29.443
5909,0.000,0.000,0.000,-11.338,-29.443
5910,0.000,0.000,0.000,-11.338,-29.443
5911,0.000,0.000,0.000,-11.338,-29.443
5912,0.000,0.000,0.000,-11.338,-29.443
5913,0.000,0.000,0.000,-11.338,-29.443
5914,0.000,0.000,0.000,-11.338,-29.443
5915,0.000,0.000,0.000,-11.338,-29.443
5916,0.000,0.000,0.000,-11.338,-29.531
5917,0.000,0.000,0.000,-11.338,-29.531
5918,0.000,0.000,0.000,-11.338,-29.531
5919,0.000,0.000,0.000,-11.338,-29.531
5920,0.000,0.000,0.000,-11.338,-29.531
5921,0.000,0.000,0.000,-11.338,-29.531
5922,0.000,0.000,0.000,-11.338,-29.531
5923,0.000,0.000,0.000,-11.338,-29.531
5924,0.000,0.000,0.000,-11.338,-29.619
5925,0.000,0.000,0.000,-11.338,-29.619
5926,0.000,0.000,0.000,-11.338,-29.619
5927,0.000,0.000,0.000,-11.338,-29.619
5928,0.000,0.000,0.000,-11.338,-29.619
5929,0.000,0.000,0.000,-11.338,-29.619
5930,0.000,0.000,0.000,-11.338,-29.707
5931,0.000,0.000,0.000,-11.338,-29.707
5932,0.000,0.000,0.000,-11.338,-29.707
5933,0.000,0.000,0.000,-11.426,-29.707
5934,0.000,0.000,0.000,-11.426,-29.707
5935,0.000,0.000,0.000,-11.426,-29.707
5936,0.000,0.000,0.000,-11.426,-29.707
5937,0.000,0.000,0.000,-11.426,-29.707
5938,0.000,0.000,0.000,-11.426,-29.707
5939,0.000,0.000,0.000,-11.426,-29.707
5940,0.000,0.000,0.000,-11.426,-29.795
5941,0.000,0.000,0.000,-11.426,-29.795
5942,0.000,0.000,0.000,-11.426,-29.795
5943,0.000,0.000,0.000,-11.426,-29.795
5944,0.000,0.000,0.000,-11.426,-29.795
5945,0.000,0.000,0.000,-11.426,-29.883
5946,0.000,0.000,0.000,-11.426,-29.883
5947,0.000,0.000,0.000,-11.426,-29.883
5948,0.000,0.000,0.000,-11.426,-29.883
5949,0.000,0.000,0.000,-11.426,-29.883
5950,0.000,0.000,0.000,-11.426,-29.971
5951,0.000,0.000,0.000,-11.426,-29.971
5952,0.000,0.000,0.000,-11.426,-29.971
5953,0.000,0.000,0.000,-11.426,-29.971
5954,0.000,0.000,0.000,-11.426,-29.971
5955,0.000,0.000,0.000,-11.426,-29.971
5956,0.000,0.000,0.000,-11.426,-29.971
5957,0.000,0.000,0.000,-11.426,-29.971
5958,0.000,0.000,0.000,-11.426,-29.971
5959,0.000,0.000,0.000,-11.426,-30.059
5960,0.000,0.000,0.000,-11.426,-30.059
5961,0.000,0.000,0.000,-11.426,-30.059
5962,0.000,0.000,0.000,-11.426,-30.059
5963,0.000,0.000,0.000,-11.426,-30.059
5964,0.000,0.000,0.000,-11.426,-30.059
5965,0.000,0.000,0.000,-11.426,-30.059
5966,0.000,0.000,0.000,-11.426,-30.146
5967,0.000,0.000,0.000,-11.426,-30.146
5968,0.000,0.000,0.000,-11.426,-30.146
5969,0.000,0.000,0.000,-11.426,-30.146
5970,0.000,0.000,0.000,-11.426,-30.146
5971,0.000,0.000,0.000,-11.426,-30.234
5972,0.000,0.000,0.000,-11.426,-30.234
5973,0.000,0.000,0.000,-11.426,-30.234
5974,0.000,0.000,0.000,-11.426,-30.234
5975,0.000,0.000,0.000,-11.426,-30.234
5976,0.000,0.000,0.000,-11.426,-30.234
5977,0.000,0.000,0.000,-11.426,-30.234
5978,0.000,0.000,0.000,-11.426,-30.234
5979,0.000,0.000,0.000,-11.426,-30.234
5980,0.000,0.000,0.000,-11.426,-30.322
5981,0.000,0.000,0.000,-11.426,-30.322
5982,0.000,0.000,0.000,-11.426,-30.322
5983,0.000,0.000,0.000,-11.426,-30.322
5984,0.000,0.000,0.000,-11.426,-30.410
5985,0.000,0.000,0.000,-11.426,-30.410
5986,0.000,0.000,0.000,-11.426,-30.498
5987,0.000,0.000,0.000,-11.426,-30.498
5988,0.000,0.000,0.000,-11.426,-30.498
5989,0.000,0.000,0.000,-11.426,-30.498
5990,0.000,0.000,0.000,-11.426,-30.498
5991,0.000,0.000,0.000,-11.426,-30.498
5992,0.000,0.000,0.000,-11.426,-30.498
5993,0.000,0.000,0.000,-11.426,-30.498
5994,0.000,0.000,0.000,-11.426,-30.498
5995,0.000,0.000,0.000,-11.426,-30.586
5996,0.000,0.000,0.000,-11.426,-30.586
5997,0.000,0.000,0.000,-11.426,-30.586
5998,0.000,0.000,0.000,-11.426,-30.586
5999,0.000,0.000,0.000,-11.426,-30.586
6000,0.000,0.000,0.000,-11.426,-30.586
6001,0.000,0.000,0.000,-11.426,-30.586
6002,0.000,0.000,0.000,-11.426,-30.586
6003,0.000,0.000,0.000,-11.426,-30.674
6004,0.000,0.000,0.000,-11.426,-30.674
6005,0.000,0.000,0.000,-11.426,-30.762
6006,0.000,0.000,0.000,-11.426,-30.762
6007,0.000,0.000,0.000,-11.426,-30.762
6008,0.000,0.000,0.000,-11.426,-30.762
6009,0.000,0.000,0.000,-11.426,-30.762
6010,0.000,0.000,0.000,-11.426,-30.762
6011,0.000,0.000,0.000,-11.426,-30.850
6012,0.000,0.000,0.000,-11.426,-30.850
6013,0.000,0.000,0.000,-11.426,-30.850
6014,0.000,0.000,0.000,-11.426,-30.850
6015,0.000,0.000,0.000,-11.426,-30.850
6016,0.000,0.000,0.000,-11.426,-30.850
6017,0.000,0.000,0.000,-11.514,-30.850
6018,0.000,0.000,0.000,-11.514,-30.850
6019,0.000,0.000,0.000,-11.514,-30.850
6020,0.000,0.000,0.000,-11.514,-30.850
6021,0.000,0.000,0.000,-11.514,-30.937
6022,0.000,0.000,0.000,-11.514,-30.937
6023,0.000,0.000,0.000,-11.514,-30.937
6024,0.000,0.000,0.000,-11.514,-30.937
6025,0.000,0.000,0.000,-11.514,-30.937
6026,0.000,0.000,0.000,-11.514,-30.937
6027,0.000,0.000,0.000,-11.514,-30.937
6028,0.000,0.000,0.000,-11.514,-31.025
6029,0.000,0.000,0.000,-11.514,-31.025
6030,0.000,0.000,0.000,-11.514,-31.025
6031,0.000,0.000,0.000,-11.514,-31.025
6032,0.000,0.000,0.000,-11.514,-31.025
6033,0.000,0.000,0.000,-11.514,-31.113
6034,0.000,0.000,0.000,-11.514,-31.113
6035,0.000,0.000,0.000,-11.514,-31.113
6036,0.000,0.000,0.000,-11.514,-31.113
6037,0.000,0.000,0.000,-11.514,-31.113
6038,0.000,0.000,0.000,-11.514,-31.113
6039,0.000,0.000,0.000,-11.514,-31.201
6040,0.000,0.000,0.000,-11.514,-31.201
6041,0.000,0.000,0.000,-11.514,-31.201
6042,0.000,0.000,0.000,-11.514,-31.201
6043,0.000,0.000,0.000,-11.514,-31.201
6044,0.000,0.000,0.000,-11.514,-31.201
6045,0.000,0.000,0.000,-11.514,-31.289
6046,0.000,0.000,0.000,-11.514,-31.289
6047,0.000,0.000,0.000,-11.514,-31.289
6048,0.000,0.000,0.000,-11.514,-31.289
6049,0.000,0.000,0.000,-11.514,-31.289
6050,0.000,0.000,0.000,-11.514,-31.289
6051,0.000,0.000,0.000,-11.514,-31.289
6052,0.000,0.000,0.000,-11.514,-31.377
6053,0.000,0.000,0.000,-11.514,-31.377
6054,0.000,0.000,0.000,-11.514,-31.465
6055,0.000,0.000,0.000,-11.514,-31.465
6056,0.000,0.000,0.000,-11.514,-31.465
6057,0.000,0.000,0.000,-11.514,-31.465
6058,0.000,0.000,0.000,-11.514,-31.465
6059,0.000,0.000,0.000,-11.514,-31.465
6060,0.000,0.000,0.000,-11.514,-31.465
6061,0.000,0.000,0.000,-11.514,-31.465
6062,0.000,0.000,0.000,-11.514,-31.465
6063,0.000,0.000,0.000,-11.514,-31.553
6064,0.000,0.000,0.000,-11.514,-31.553
6065,0.000,0.000,0.000,-11.514,-31.553
6066,0.000,0.000,0.000,-11.514,-31.553
6067,0.000,0.000,0.000,-11.514,-31.553
6068,0.000,0.000,0.000,-11.514,-31.553
6069,0.000,0.000,0.000,-11.514,-31.641
6070,0.000,0.000,0.000,-11.514,-31.641
6071,0.000,0.000,0.000,-11.514,-31.641
6072,0.000,0.000,0.000,-11.514,-31.641
6073,0.000,0.000,0.000,-11.514,-31.641
6074,0.000,0.000,0.000,-11.514,-31.641
6075,0.000,0.000,0.000,-11.514,-31.729
6076,0.000,0.000,0.000,-11.514,-31.729
6077,0.000,0.000,0.000,-11.514,-31.729
6078,0.000,0.000,0.000,-11.514,-31.816
6079,0.000,0.000,0.000,-11.514,-31.816
6080,0.000,0.000,0.000,-11.514,-31.816
6081,0.000,0.000,0.000,-11.514,-31.816
6082,0.000,0.000,0.000,-11.514,-31.816
6083,0.000,0.000,0.000,-11.514,-31.816
6084,0.000,0.000,0.000,-11.514,-31.816
6085,0.000,0.000,0.000,-11.514,-31.816
6086,0.000,0.000,0.000,-11.514,-31.904
6087,0.000,0.000,0.000,-11.514,-31.904
6088,0.000,0.000,0.000,-11.514,-31.904
6089,0.000,0.000,0.000,-11.514,-31.904
6090,0.000,0.000,0.000,-11.514,-31.904
6091,0.000,0.000,0.000,-11.514,-31.904
6092,0.000,0.000,0.000,-11.514,-31.904
6093,0.000,0.000,0.000,-11.514,-31.992
6094,0.000,0.000,0.000,-11.514,-31.992
6095,0.000,0.000,0.000,-11.514,-31.992
6096,0.000,0.000,0.000,-11.514,-31.992
6097,0.000,0.000,0.000,-11.514,-31.992
6098,0.000,0.000,0.000,-11.514,-31.992
6099,0.000,0.000,0.000,-11.514,-31.992
6100,0.000,0.000,0.000,-11.514,-32.080
6101,0.000,0.000,0.000,-11.514,-32.080
6102,0.000,0.000,0.000,-11.514,-32.080
6103,0.000,0.000,0.000,-11.514,-32.080
6104,0.000,0.000,0.000,-11.514,-32.080
6105,0.000,0.000,0.000,-11.514,-32.080
6106,0.000,0.000,0.000,-11.514,-32.080
6107,0.000,0.000,0.000,-11.514,-32.080
6108,0.000,0.000,0.000,-11.514,-32.168
6109,0.000,0.000,0.000,-11.514,-32.168
6110,0.000,0.000,0.000,-11.514,-32.168
6111,0.000,0.000,0.000,-11.514,-32.168
6112,0.000,0.000,0.000,-11.514,-32.168
6113,0.000,0.000,0.000,-11.514,-32.168
6114,0.000,0.000,0.000,-11.514,-32.256
6115,0.000,0.000,0.000,-11.514,-32.256
6116,0.000,0.000,0.000,-11.514,-32.256
6117,0.000,0.000,0.000,-11.514,-32.256
6118,0.000,0.000,0.000,-11.514,-32.256
6119,0.000,0.000,0.000,-11.514,-32.256
6120,0.000,0.000,0.000,-11.514,-32.256
6121,0.000,0.000,0.000,-11.514,-32.256
6122,0.000,0.000,0.000,-11.514,-32.256
6123,0.000,0.000,0.000,-11.514,-32.344
6124,0.000,0.000,0.000,-11.514,-32.344
6125,0.000,0.000,0.000,-11.514,-32.344
6126,0.000,0.000,0.000,-11.514,-32.344
6127,0.000,0.000,0.000,-11.514,-32.344
6128,0.000,0.000,0.000,-11.514,-32.344
6129,0.000,0.000,0.000,-11.514,-32.344
6130,0.000,0.000,0.000,-11.514,-32.344
6131,0.000,0.000,0.000,-11.514,-32.432
6132,0.000,0.000,0.000,-11.514,-32.432
6133,0.000,0.000,0.000,-11.514,-32.432
6134,0.000,0.000,0.000,-11.514,-32.432
6135,0.000,0.000,0.000,-11.514,-32.432
6136,0.000,0.000,0.000,-11.514,-32.432
6137,0.000,0.000,0.000,-11.514,-32.520
6138,0.000,0.000,0.000,-11.514,-32.520
6139,0.000,0.000,0.000,-11.514,-32.520
6140,0.000,0.000,0.000,-11.514,-32.520
6141,0.000,0.000,0.000,-11.514,-32.520
6142,0.000,0.000,0.000,-11.514,-32.520
6143,0.000,0.000,0.000,-11.514,-32.520
6144,0.000,0.000,0.000,-11.514,-32.520
6145,0.000,0.000,0.000,-11.514,-32.607
6146,0.000,0.000,0.000,-11.514,-32.607
6147,0.000,0.000,0.000,-11.514,-32.607
6148,0.000,0.000,0.000,-11.514,-32.607
6149,0.000,0.000,0.000,-11.514,-32.695
6150,0.000,0.000,0.000,-11.514,-32.695
6151,0.000,0.000,0.000,-11.514,-32.695
6152,0.000,0.000,0.000,-11.514,-32.695
6153,0.000,0.000,0.000,-11.514,-32.695
6154,0.000,0.000,0.000,-11.514,-32.695
6155,0.000,0.000,0.000,-11.514,-32.695
6156,0.000,0.000,0.000,-11.514,-32.695
6157,0.000,0.000,0.000,-11.514,-32.695
6158,0.000,0.000,0.000,-11.514,-32.695
6159,0.000,0.000,0.000,-11.514,-32.695
6160,0.000,0.000,0.000,-11.514,-32.695
6161,0.000,0.000,0.000,-11.514,-32.783
6162,0.000,0.000,0.000,-11.514,-32.783
6163,0.000,0.000,0.000,-11.514,-32.783
6164,0.000,0.000,0.000,-11.514,-32.783
6165,0.000,0.000,0.000,-11.514,-32.783
6166,0.000,0.000,0.000,-11.514,-32.783
6167,0.000,0.000,0.000,-11.514,-32.783
6168,0.000,0.000,0.000,-11.514,-32.783
6169,0.000,0.000,0.000,-11.514,-32.871
6170,0.000,0.000,0.000,-11.514,-32.871
6171,0.000,0.000,0.000,-11.514,-32.871
6172,0.000,0.000,0.000,-11.514,-32.871
6173,0.000,0.000,0.000,-11.514,-32.871
6174,0.000,0.000,0.000,-11.514,-32.871
6175,0.000,0.000,0.000,-11.514,-32.871
6176,0.000,0.000,0.000,-11.514,-32.871
6177,0.000,0.000,0.000,-11.514,-32.959
6178,0.000,0.000,0.000,-11.514,-32.959
6179,0.000,0.000,0.000,-11.514,-32.959
6180,0.000,0.000,0.000,-11.514,-32.959
6181,0.000,0.000,0.000,-11.514,-32.959
6182,0.000,0.000,0.000,-11.514,-32.959
6183,0.000,0.000,0.000,-11.514,-32.959
6184,0.000,0.000,0.000,-11.514,-33.047
6185,0.000,0.000,0.000,-11.514,-33.047
6186,0.000,0.000,0.000,-11.514,-33.047
6187,0.000,0.000,0.000,-11.514,-33.047
6188,0.000,0.000,0.000,-11.514,-33.047
6189,0.000,0.000,0.000,-11.514,-33.047
6190,0.000,0.000,0.000,-11.514,-33.047
6191,0.000,0.000,0.000,-11.514,-33.047
6192,0.000,0.000,0.000,-11.514,-33.047
6193,0.000,0.000,0.000,-11.514,-33.047
6194,0.000,0.000,0.000,-11.514,-33.047
6195,0.000,0.000,0.000,-11.514,-33.047
6196,0.000,0.000,0.000,-11.514,-33.047
6197,0.000,0.000,0.000,-11.514,-33.047
6198,0.000,0.000,0.000,-11.514,-33.047
6199,0.000,0.000,0.000,-11.514,-33.047
6200,0.000,0.000,0.000,-11.514,-33.047
6201,0.000,0.000,0.000,-11.514,-33.047
6202,0.000,0.000,0.000,-11.514,-33.135
6203,0.000,0.000,0.000,-11.514,-33.135
6204,0.000,0.000,0.000,-11.514,-33.135
6205,0.000,0.000,0.000,-11.514,-33.135
6206,0.000,0.000,0.000,-11.514,-33.135
6207,0.000,0.000,0.000,-11.514,-33.135
6208,0.000,0.000,0.000,-11.514,-33.135
6209,0.000,0.000,0.000,-11.514,-33.135
6210,0.000,0.000,0.000,-11.514,-33.223
6211,0.000,0.000,0.000,-11.514,-33.223
6212,0.000,0.000,0.000,-11.514,-33.223
6213,0.000,0.000,0.000,-11.514,-33.223
6214,0.000,0.000,0.000,-11.514,-33.223
6215,0.000,0.000,0.000,-11.514,-33.223
6216,0.000,0.000,0.000,-11.514,-33.223
6217,0.000,0.000,0.000,-11.514,-33.223
6218,0.000,0.000,0.000,-11.514,-33.223
6219,0.000,0.000,0.000,-11.514,-33.223
6220,0.000,0.000,0.000,-11.514,-33.223
6221,0.000,0.000,0.000,-11.514,-33.223
6222,0.000,0.000,0.000,-11.514,-33.311
6223,0.000,0.000,0.000,-11.514,-33.311
6224,0.000,0.000,0.000,-11.514,-33.311
6225,0.000,0.000,0.000,-11.514,-33.311
6226,0.000,0.000,0.000,-11.514,-33.311
6227,0.000,0.000,0.000,-11.514,-33.311
6228,0.000,0.000,0.000,-11.514,-33.311
6229,0.000,0.000,0.000,-11.514,-33.311
6230,0.000,0.000,0.000,-11.514,-33.311
6231,0.000,0.000,0.000,-11.514,-33.311
6232,0.000,0.000,0.000,-11.514,-33.311
6233,0.000,0.000,0.000,-11.514,-33.311
6234,0.000,0.000,0.000,-11.514,-33.311
6235,0.000,0.000,0.000,-11.514,-33.398
6236,0.000,0.000,0.000,-11.514,-33.398
6237,0.000,0.000,0.000,-11.514,-33.398
6238,0.000,0.000,0.000,-11.514,-33.398
6239,0.000,0.000,0.000,-11.514,-33.398
6240,0.000,0.000,0.000,-11.514,-33.398
6241,0.000,0.000,0.000,-11.514,-33.398
6242,0.000,0.000,0.000,-11.514,-33.398
6243,0.000,0.000,0.000,-11.514,-33.398
6244,0.000,0.000,0.000,-11.514,-33.398
6245,0.000,0.000,0.000,-11.514,-33.398
6246,0.000,0.000,0.000,-11.514,-33.398
6247,0.000,0.000,0.000,-11.514,-33.398
6248,0.000,0.000,0.000,-11.514,-33.398
6249,0.000,0.000,0.000,-11.514,-33.398
6250,0.000,0.000,0.000,-11.514,-33.398
6251,0.000,0.000,0.000,-11.514,-33.398
6252,0.000,0.000,0.000,-11.514,-33.486
6253,0.000,0.000,0.000,-11.514,-33.486
6254,0.000,0.000,0.000,-11.514,-33.486
6255,0.000,0.000,0.000,-11.514,-33.486
6256,0.000,0.000,0.000,-11.514,-33.486
6257,0.000,0.000,0.000,-11.514,-33.486
6258,0.000,0.000,0.000,-11.514,-33.486
6259,0.000,0.000,0.000,-11.514,-33.486
6260,0.000,0.000,0.000,-11.514,-33.486
6261,0.000,0.000,0.000,-11.514,-33.486
6262,0.000,0.000,0.000,-11.514,-33.486
6263,0.000,0.000,0.000,-11.514,-33.486
6264,0.000,0.000,0.000,-11.514,-33.486
6265,0.000,0.000,0.000,-11.514,-33.486
6266,0.000,0.000,0.000,-11.514,-33.486
6267,0.000,0.000,0.000,-11.514,-33.486
6268,0.000,0.000,0.000,-11.514,-33.486
6269,0.000,0.000,0.000,-11.514,-33.486
6270,0.000,0.000,0.000,-11.514,-33.486
6271,0.000,0.000,0.000,-11.514,-33.486
6272,0.000,0.000,0.000,-11.514,-33.486
6273,0.000,0.000,0.000,-11.514,-33.486
6274,0.000,0.000,0.000,-11.514,-33.486
6275,0.000,0.000,0.000,-11.514,-33.486
6276,0.000,0.000,0.000,-11.514,-33.486
6277,0.000,0.000,0.000,-11.514,-33.486
6278,0.000,0.000,0.000,-11.514,-33.486
6279,0.000,0.000,0.000,-11.514,-33.486
6280,0.000,0.000,0.000,-11.514,-33.486
6281,0.000,0.000,0.000,-11.514,-33.486
6282,0.000,0.000,0.000,-11.514,-33.486
6283,0.000,0.000,0.000,-11.514,-33.574
6284,0.000,0.000,0.000,-11.514,-33.574
6285,0.000,0.000,0.000,-11.514,-33.574
6286,0.000,0.000,0.000,-11.514,-33.574
6287,0.000,0.000,0.000,-11.514,-33.574
6288,0.000,0.000,0.000,-11.514,-33.574
6289,0.000,0.000,0.000,-11.514,-33.574
6290,0.000,0.000,0.000,-11.514,-33.574
6291,0.000,0.000,0.000,-11.514,-33.574
6292,0.000,0.000,0.000,-11.514,-33.574
6293,0.000,0.000,0.000,-11.514,-33.574
6294,0.000,0.000,0.000,-11.514,-33.574
6295,0.000,0.000,0.000,-11.514,-33.574
6296,0.000,0.000,0.000,-11.514,-33.574
6297,0.000,0.000,0.000,-11.514,-33.574
6298,0.000,0.000,0.000,-11.514,-33.574
6299,0.000,0.000,0.000,-11.514,-33.574
6300,0.000,0.000,0.000,-11.514,-33.574
6301,0.000,0.000,0.000,-11.514,-33.574
6302,0.000,0.000,0.000,-11.514,-33.574
6303,0.000,0.000,0.000,-11.514,-33.574
6304,0.000,0.000,0.000,-11.514,-33.574
6305,0.000,0.000,0.000,-11.514,-33.574
6306,0.000,0.000,0.000,-11.514,-33.574
6307,0.000,0.000,0.000,-11.514,-33.574
6308,0.000,0.000,0.000,-11.514,-33.574
6309,0.000,0.000,0.000,-11.514,-33.574
6310,0.000,0.000,0.000,-11.514,-33.574
6311,0.000,0.000,0.000,-11.514,-33.574
6312,0.000,0.000,0.000,-11.514,-33.574
6313,0.000,0.000,0.000,-11.514,-33.574
6314,0.000,0.000,0.000,-11.514,-33.574
6315,0.000,0.000,0.000,-11.514,-33.574
6316,0.000,0.000,0.000,-11.514,-33.574
6317,0.000,0.000,0.000,-11.514,-33.574
6318,0.000,0.000,0.000,-11.514,-33.574
6319,0.000,0.000,0.000,-11.514,-33.574
6320,0.000,0.000,0.000,-11.514,-33.574
6321,0.000,0.000,0.000,-11.514,-33.574
6322,0.000,0.000,0.000,-11.514,-33.574
6323,0.000,0.000,0.000,-11.514,-33.662
6324,0.000,0.000,0.000,-11.514,-33.662
6325,0.000,0.000,0.000,-11.514,-33.662
6326,0.000,0.000,0.000,-11.514,-33.662
6327,0.000,0.000,0.000,-11.514,-33.662
6328,0.000,0.000,0.000,-11.514,-33.662
6329,0.000,0.000,0.000,-11.514,-33.662
6330,0.000,0.000,0.000,-11.514,-33.662
6331,0.000,0.000,0.000,-11.514,-33.662
6332,0.000,0.000,0.000,-11.514,-33.662
6333,0.000,0.000,0.000,-11.514,-33.662
6334,0.000,0.000,0.000,-11.514,-33.662
6335,0.000,0.000,0.000,-11.514,-33.662
6336,0.000,0.000,0.000,-11.514,-33.662
6337,0.000,0.000,0.000,-11.514,-33.662
6338,0.000,0.000,0.000,-11.514,-33.662
6339,0.000,0.000,0.000,-11.514,-33.662
6340,0.000,0.000,0.000,-11.514,-33.662
6341,0.000,0.000,0.000,-11.514,-33.662
6342,0.000,0.000,0.000,-11.514,-33.662
6343,0.000,0.000,0.000,-11.514,-33.662
6344,0.000,0.000,0.000,-11.514,-33.662
6345,0.000,0.000,0.000,-11.514,-33.662
6346,0.000,0.000,0.000,-11.514,-33.662
6347,0.000,0.000,0.000,-11.514,-33.662
6348,0.000,0.000,0.000,-11.514,-33.662
6349,0.000,0.000,0.000,-11.514,-33.662
6350,0.000,0.000,0.000,-11.514,-33.662
6351,0.000,0.000,0.000,-11.514,-33.662
6352,0.000,0.000,0.000,-11.514,-33.662
6353,0.000,0.000,0.000,-11.514,-33.662
6354,0.000,0.000,0.000,-11.514,-33.662
6355,0.000,0.000,0.000,-11.514,-33.662
6356,0.000,0.000,0.000,-11.514,-33.662
6357,0.000,0.000,0.000,-11.514,-33.662
6358,0.000,0.000,0.000,-11.514,-33.662
6359,0.000,0.000,0.000,-11.514,-33.662
6360,0.000,0.000,0.000,-11.514,-33.662
6361,0.000,0.000,0.000,-11.514,-33.662
6362,0.000,0.000,0.000,-11.514,-33.662
6363,0.000,0.000,0.000,-11.514,-33.662
6364,0.000,0.000,0.000,-11.514,-33.662
6365,0.000,0.000,0.000,-11.514,-33.662
6366,0.000,0.000,0.000,-11.514,-33.662
6367,0.000,0.000,0.000,-11.514,-33.662
6368,0.000,0.000,0.000,-11.514,-33.662
6369,0.000,0.000,0.000,-11.514,-33.662
6370,0.000,0.000,0.000,-11.514,-33.662
6371,0.000,0.000,0.000,-11.514,-33.662
6372,0.000,0.000,0.000,-11.514,-33.662
6373,0.000,0.000,0.000,-11.514,-33.662
6374,0.000,0.000,0.000,-11.514,-33.662
6375,0.000,0.000,0.000,-11.514,-33.662
6376,0.000,0.000,0.000,-11.514,-33.662
6377,0.000,0.000,0.000,-11.514,-33.662
6378,0.000,0.000,0.000,-11.514,-33.662
6379,0.000,0.000,0.000,-11.514,-33.662
6380,0.000,0.000,0.000,-11.514,-33.662
6381,0.000,0.000,0.000,-11.514,-33.662
6382,0.000,0.000,0.000,-11.514,-33.662
6383,0.000,0.000,0.000,-11.514,-33.662
6384,0.000,0.000,0.000,-11.514,-33.662
6385,0.000,0.000,0.000,-11.514,-33.662
6386,0.000,0.000,0.000,-11.514,-33.662
6387,0.000,0.000,0.000,-11.514,-33.662
6388,0.000,0.000,0.000,-11.514,-33.662
6389,0.000,0.000,0.000,-11.514,-33.662
6390,0.000,0.000,0.000,-11.514,-33.662
6391,0.000,0.000,0.000,-11.514,-33.662
6392,0.000,0.000,0.000,-11.514,-33.662
6393,0.000,0.000,0.000,-11.514,-33.662
6394,0.000,0.000,0.000,-11.514,-33.662
6395,0.000,0.000,0.000,-11.514,-33.662
6396,0.000,0.000,0.000,-11.514,-33.662
6397,0.000,0.000,0.000,-11.514,-33.662
6398,0.000,0.000,0.000,-11.514,-33.662
6399,0.000,0.000,0.000,-11.514,-33.662
6400,0.000,0.000,0.000,-11.514,-33.662
6401,0.000,0.000,0.000,-11.514,-33.662
6402,0.000,0.000,0.000,-11.514,-33.662
6403,0.000,0.000,0.000,-11.514,-33.662
6404,0.000,0.000,0.000,-11.514,-33.662
6405,0.000,0.000,0.000,-11.514,-33.662
6406,0.000,0.000,0.000,-11.514,-33.662
6407,0.000,0.000,0.000,-11.514,-33.662
6408,0.000,0.000,0.000,-11.514,-33.662
6409,0.000,0.000,0.000,-11.514,-33.662
6410,0.000,0.000,0.000,-11.514,-33.662
6411,0.000,0.000,0.000,-11.514,-33.662
6412,0.000,0.000,0.000,-11.514,-33.662
6413,0.000,0.000,0.000,-11.514,-33.662
6414,0.000,0.000,0.000,-11.514,-33.662
6415,0.000,0.000,0.000,-11.514,-33.662
6416,0.000,0.000,0.000,-11.514,-33.662
6417,0.000,0.000,0.000,-11.514,-33.662
6418,0.000,0.000,0.000,-11.514,-33.662
6419,0.000,0.000,0.000,-11.514,-33.662
6420,0.000,0.000,0.000,-11.514,-33.662
6421,0.000,0.000,0.000,-11.514,-33.662
6422,0.000,0.000,0.000,-11.514,-33.662
6423,0.000,0.000,0.000,-11.514,-33.662
6424,0.000,0.000,0.000,-11.514,-33.662
6425,0.000,0.000,0.000,-11.514,-33.662
6426,0.000,0.000,0.000,-11.514,-33.662
6427,0.000,0.000,0.000,-11.514,-33.662
6428,0.000,0.000,0.000,-11.514,-33.662
6429,0.000,0.000,0.000,-11.514,-33.662
6430,0.000,0.000,0.000,-11.514,-33.662
6431,0.000,0.000,0.000,-11.514,-33.662
6432,0.000,0.000,0.000,-11.514,-33.662
6433,0.000,0.000,0.000,-11.514,-33.662
6434,0.000,0.000,0.000,-11.514,-33.662
6435,0.000,0.000,0.000,-11.514,-33.662
6436,0.000,0.000,0.000,-11.514,-33.662
6437,0.000,0.000,0.000,-11.514,-33.662
6438,0.000,0.000,0.000,-11.514,-33.662
6439,0.000,0.000,0.000,-11.514,-33.662
6440,0.000,0.000,0.000,-11.514,-33.662
6441,0.000,0.000,0.000,-11.514,-33.662
6442,0.000,0.000,0.000,-11.514,-33.662
6443,0.000,0.000,0.000,-11.514,-33.662
6444,0.000,0.000,0.000,-11.514,-33.662
6445,0.000,0.000,0.000,-11.514,-33.662
6446,0.000,0.000,0.000,-11.514,-33.662
6447,0.000,0.000,0.000,-11.514,-33.662
6448,0.000,0.000,0.000,-11.514,-33.662
6449,0.000,0.000,0.000,-11.514,-33.662
6450,0.000,0.000,0.000,-11.514,-33.662
6451,0.000,0.000,0.000,-11.514,-33.662
6452,0.000,0.000,0.000,-11.514,-33.662
6453,0.000,0.000,0.000,-11.514,-33.662
6454,0.000,0.000,0.000,-11.514,-33.662
6455,0.000,0.000,0.000,-11.514,-33.662
6456,0.000,0.000,0.000,-11.514,-33.662
6457,0.000,0.000,0.000,-11.514,-33.662
6458,0.000,0.000,0.000,-11.514,-33.662
6459,0.000,0.000,0.000,-11.514,-33.662
6460,0.000,0.000,0.000,-11.514,-33.662
6461,0.000,0.000,0.000,-11.514,-33.662
6462,0.000,0.000,0.000,-11.514,-33.662
6463,0.000,0.000,0.000,-11.514,-33.662
6464,0.000,0.000,0.000,-11.514,-33.662
6465,0.000,0.000,0.000,-11.514,-33.662
6466,0.000,0.000,0.000,-11.514,-33.662
6467,0.000,0.000,0.000,-11.514,-33.662
6468,0.000,0.000,0.000,-11.514,-33.662
6469,0.000,0.000,0.000,-11.514,-33.662
6470,0.000,0.000,0.000,-11.514,-33.662
6471,0.000,0.000,0.000,-11.514,-33.662
6472,0.000,0.000,0.000,-11.514,-33.662
6473,0.000,0.000,0.000,-11.514,-33.662
6474,0.000,0.000,0.000,-11.514,-33.662
6475,0.000,0.000,0.000,-11.514,-33.662
6476,0.000,0.000,0.000,-11.514,-33.662
6477,0.000,0.000,0.000,-11.514,-33.662
6478,0.000,0.000,0.000,-11.514,-33.662
6479,0.000,0.000,0.000,-11.514,-33.662
6480,0.000,0.000,0.000,-11.514,-33.662
6481,0.000,0.000,0.000,-11.514,-33.662
6482,0.000,0.000,0.000,-11.514,-33.662
6483,0.000,0.000,0.000,-11.514,-33.662
6484,0.000,0.000,0.000,-11.514,-33.662
6485,0.000,0.000,0.000,-11.514,-33.662
6486,0.000,0.000,0.000,-11.514,-33.662
6487,0.000,0.000,0.000,-11.514,-33.662
6488,0.000,0.000,0.000,-11.514,-33.662
6489,0.000,0.000,0.000,-11.514,-33.662
6490,0.000,0.000,0.000,-11.514,-33.662
6491,0.000,0.000,0.000,-11.514,-33.662
6492,0.000,0.000,0.000,-11.514,-33.662
6493,0.000,0.000,0.000,-11.514,-33.662
6494,0.000,0.000,0.000,-11.514,-33.662
6495,0.000,0.000,0.000,-11.514,-33.662
6496,0.000,0.000,0.000,-11.514,-33.662
6497,0.000,0.000,0.000,-11.514,-33.662
6498,0.000,0.000,0.000,-11.514,-33.662
6499,0.000,0.000,0.000,-11.514,-33.662
6500,0.000,0.000,0.000,-11.514,-33.662
6501,0.000,0.000,0.000,-11.514,-33.662
6502,0.000,0.000,0.000,-11.514,-33.662
6503,0.000,0.000,0.000,-11.514,-33.662
6504,0.000,0.000,0.000,-11.514,-33.662
6505,0.000,0.000,0.000,-11.514,-33.662
6506,0.000,0.000,0.000,-11.514,-33.662
6507,0.000,0.000,0.000,-11.514,-33.662
6508,0.000,0.000,0.000,-11.514,-33.662
6509,0.000,0.000,0.000,-11.514,-33.662
6510,0.000,0.000,0.000,-11.514,-33.662
6511,0.000,0.000,0.000,-11.514,-33.662
6512,0.000,0.000,0.000,-11.514,-33.662
6513,0.000,0.000,0.000,-11.514,-33.662
6514,0.000,0.000,0.000,-11.514,-33.662
6515,0.000,0.000,0.000,-11.514,-33.662
6516,0.000,0.000,0.000,-11.514,-33.662
6517,0.000,0.000,0.000,-11.514,-33.662
6518,0.000,0.000,0.000,-11.514,-33.662
6519,0.000,0.000,0.000,-11.514,-33.662
6520,0.000,0.000,0.000,-11.514,-33.662
6521,0.000,0.000,0.000,-11.514,-33.662
6522,0.000,0.000,0.000,-11.514,-33.662
6523,0.000,0.000,0.000,-11.514,-33.662
6524,0.000,0.000,0.000,-11.514,-33.662
6525,0.000,0.000,0.000,-11.514,-33.662
6526,0.000,0.000,0.000,-11.514,-33.662
6527,0.000,0.000,0.000,-11.514,-33.662
6528,0.000,0.000,0.000,-11.514,-33.662
6529,0.000,0.000,0.000,-11.514,-33.662
6530,0.000,0.000,0.000,-11.514,-33.662
6531,0.000,0.000,0.000,-11.514,-33.662
6532,0.000,0.000,0.000,-11.514,-33.662
6533,0.000,0.000,0.000,-11.514,-33.662
6534,0.000,0.000,0.000,-11.514,-33.662
6535,0.000,0.000,0.000,-11.514,-33.662
6536,0.000,0.000,0.000,-11.514,-33.662
6537,0.000,0.000,0.000,-11.514,-33.662
6538,0.000,0.000,0.000,-11.514,-33.662
6539,0.000,0.000,0.000,-11.514,-33.662
6540,0.000,0.000,0.000,-11.514,-33.662
6541,0.000,0.000,0.000,-11.514,-33.662
6542,0.000,0.000,0.000,-11.514,-33.662
6543,0.000,0.000,0.000,-11.514,-33.662
6544,0.000,0.000,0.000,-11.514,-33.662
6545,0.000,0.000,0.000,-11.514,-33.662
6546,0.000,0.000,0.000,-11.514,-33.662
6547,0.000,0.000,0.000,-11.514,-33.662
6548,0.000,0.000,0.000,-11.514,-33.662
6549,0.000,0.000,0.000,-11.514,-33.662
6550,0.000,0.000,0.000,-11.514,-33.662
6551,0.000,0.000,0.000,-11.514,-33.662
6552,0.000,0.000,0.000,-11.514,-33.662
6553,0.000,0.000,0.000,-11.514,-33.662
6554,0.000,0.000,0.000,-11.514,-33.662
6555,0.000,0.000,0.000,-11.514,-33.662
6556,0.000,0.000,0.000,-11.514,-33.662
6557,0.000,0.000,0.000,-11.514,-33.662
6558,0.000,0.000,0.000,-11.514,-33.662
6559,0.000,0.000,0.000,-11.514,-33.662
6560,0.000,0.000,0.000,-11.514,-33.662
6561,0.000,0.000,0.000,-11.514,-33.662
6562,0.000,0.000,0.000,-11.514,-33.662
6563,0.000,0.000,0.000,-11.514,-33.662
6564,0.000,0.000,0.000,-11.514,-33.662
6565,0.000,0.000,0.000,-11.514,-33.662
6566,0.000,0.000,0.000,-11.514,-33.662
6567,0.000,0.000,0.000,-11.514,-33.662
6568,0.000,0.000,0.000,-11.514,-33.662
6569,0.000,0.000,0.000,-11.514,-33.662
6570,0.000,0.000,0.000,-11.514,-33.662
6571,0.000,0.000,0.000,-11.514,-33.662
6572,0.000,0.000,0.000,-11.514,-33.662
6573,0.000,0.000,0.000,-11.514,-33.662
6574,0.000,0.000,0.000,-11.514,-33.662
6575,0.000,0.000,0.000,-11.514,-33.662
6576,0.000,0.000,0.000,-11.514,-33.662
6577,0.000,0.000,0.000,-11.514,-33.662
6578,0.000,0.000,0.000,-11.514,-33.662
6579,0.000,0.000,0.000,-11.514,-33.662
6580,0.000,0.000,0.000,-11.514,-33.662
6581,0.000,0.000,0.000,-11.514,-33.662
6582,0.000,0.000,0.000,-11.514,-33.662
6583,0.000,0.000,0.000,-11.514,-33.662
6584,0.000,0.000,0.000,-11.514,-33.662
6585,0.000,0.000,0.000,-11.514,-33.662
6586,0.000,0.000,0.000,-11.514,-33.662
6587,0.000,0.000,0.000,-11.514,-33.662
6588,0.000,0.000,0.000,-11.514,-33.662
6589,0.000,0.000,0.000,-11.514,-33.662
6590,0.000,0.000,0.000,-11.514,-33.662
6591,0.000,0.000,0.000,-11.514,-33.662
6592,0.000,0.000,0.000,-11.514,-33.662
6593,0.000,0.000,0.000,-11.514,-33.662
6594,0.000,0.000,0.000,-11.514,-33.662
6595,0.000,0.000,0.000,-11.514,-33.662
6596,0.000,0.000,0.000,-11.514,-33.662
6597,0.000,0.000,0.000,-11.514,-33.662
6598,0.000,0.000,0.000,-11.514,-33.662
6599,0.000,0.000,0.000,-11.514,-33.662
6600,0.000,0.000,0.000,-11.514,-33.662
6601,0.000,0.000,0.000,-11.514,-33.662
6602,0.000,0.000,0.000,-11.514,-33.662
6603,0.000,0.000,0.000,-11.514,-33.662
6604,0.000,0.000,0.000,-11.514,-33.662
6605,0.000,0.000,0.000,-11.514,-33.662
6606,0.000,0.000,0.000,-11.514,-33.662
6607,0.000,0.000,0.000,-11.514,-33.662
6608,0.000,0.000,0.000,-11.514,-33.662
6609,0.000,0.000,0.000,-11.514,-33.662
6610,0.000,0.000,0.000,-11.514,-33.662
6611,0.000,0.000,0.000,-11.514,-33.662
6612,0.000,0.000,0.000,-11.514,-33.662
6613,0.000,0.000,0.000,-11.514,-33.662
6614,0.000,0.000,0.000,-11.514,-33.662
6615,0.000,0.000,0.000,-11.514,-33.662
6616,0.000,0.000,0.000,-11.514,-33.662
6617,0.000,0.000,0.000,-11.514,-33.662
6618,0.000,0.000,0.000,-11.514,-33.662
6619,0.000,0.000,0.000,-11.514,-33.662
6620,0.000,0.000,0.000,-11.514,-33.662
6621,0.000,0.000,0.000,-11.514,-33.662
6622,0.000,0.000,0.000,-11.514,-33.662
6623,0.000,0.000,0.000,-11.514,-33.662
6624,0.000,0.000,0.000,-11.514,-33.662
6625,0.000,0.000,0.000,-11.514,-33.662
6626,0.000,0.000,0.000,-11.514,-33.662
6627,0.000,0.000,0.000,-11.514,-33.662
6628,0.000,0.000,0.000,-11.514,-33.662
6629,0.000,0.000,0.000,-11.514,-33.662
6630,0.000,0.000,0.000,-11.514,-33.662
6631,0.000,0.000,0.000,-11.514,-33.662
6632,0.000,0.000,0.000,-11.514,-33.662
6633,0.000,0.000,0.000,-11.514,-33.662
6634,0.000,0.000,0.000,-11.514,-33.662
6635,0.000,0.000,0.000,-11.514,-33.662
6636,0.000,0.000,0.000,-11.514,-33.662
6637,0.000,0.000,0.000,-11.514,-33.662
6638,0.000,0.000,0.000,-11.514,-33.662
6639,0.000,0.000,0.000,-11.514,-33.662
6640,0.000,0.000,0.000,-11.514,-33.662
6641,0.000,0.000,0.000,-11.514,-33.662
6642,0.000,0.000,0.000,-11.514,-33.662
6643,0.000,0.000,0.000,-11.514,-33.662
6644,0.000,0.000,0.000,-11.514,-33.662
6645,0.000,0.000,0.000,-11.514,-33.662
6646,0.000,0.000,0.000,-11.514,-33.662
6647,0.000,0.000,0.000,-11.514,-33.662
6648,0.000,0.000,0.000,-11.514,-33.662
6649,0.000,0.000,0.000,-11.514,-33.662
6650,0.000,0.000,0.000,-11.514,-33.662
6651,0.000,0.000,0.000,-11.514,-33.662
6652,0.000,0.000,0.000,-11.514,-33.662
6653,0.000,0.000,0.000,-11.514,-33.662
6654,0.000,0.000,0.000,-11.514,-33.662
6655,0.000,0.000,0.000,-11.514,-33.662
6656,0.000,0.000,0.000,-11.514,-33.662
6657,0.000,0.000,0.000,-11.514,-33.662
6658,0.000,0.000,0.000,-11.514,-33.662
6659,0.000,0.000,0.000,-11.514,-33.662
6660,0.000,0.000,0.000,-11.514,-33.662
6661,0.000,0.000,0.000,-11.514,-33.662
6662,0.000,0.000,0.000,-11.426,-33.662
6663,0.000,0.000,0.000,-11.426,-33.662
6664,0.000,0.000,0.000,-11.426,-33.662
6665,0.000,0.000,0.000,-11.426,-33.662
6666,0.000,0.000,0.000,-11.426,-33.662
6667,0.000,0.000,0.000,-11.426,-33.662
6668,0.000,0.000,0.000,-11.426,-33.662
6669,0.000,0.000,0.000,-11.426,-33.662
6670,0.000,0.000,0.000,-11.426,-33.662
6671,0.000,0.000,0.000,-11.426,-33.662
6672,0.000,0.000,0.000,-11.426,-33.662
6673,0.000,0.000,0.000,-11.426,-33.662
6674,0.000,0.000,0.000,-11.426,-33.662
6675,0.000,0.000,0.000,-11.426,-33.662
6676,0.000,0.000,0.000,-11.426,-33.662
6677,0.000,0.000,0.000,-11.426,-33.662
6678,0.000,0.000,0.000,-11.426,-33.662
6679,0.000,0.000,0.000,-11.426,-33.662
6680,0.000,0.000,0.000,-11.426,-33.662
6681,0.000,0.000,0.000,-11.426,-33.662
6682,0.000,0.000,0.000,-11.426,-33.662
6683,0.000,0.000,0.000,-11.426,-33.662
6684,0.000,0.000,0.000,-11.426,-33.662
6685,0.000,0.000,0.000,-11.426,-33.662
6686,0.000,0.000,0.000,-11.426,-33.662
6687,0.000,0.000,0.000,-11.426,-33.662
6688,0.000,0.000,0.000,-11.426,-33.662
6689,0.000,0.000,0.000,-11.426,-33.662
6690,0.000,0.000,0.000,-11.426,-33.662
6691,0.000,0.000,0.000,-11.426,-33.662
6692,0.000,0.000,0.000,-11.426,-33.662
6693,0.000,0.000,0.000,-11.426,-33.662
6694,0.000,0.000,0.000,-11.426,-33.662
6695,0.000,0.000,0.000,-11.426,-33.662
6696,0.000,0.000,0.000,-11.426,-33.662
6697,0.000,0.000,0.000,-11.426,-33.662
6698,0.000,0.000,0.000,-11.426,-33.662
6699,0.000,0.000,0.000,-11.426,-33.662
6700,0.000,0.000,0.000,-11.426,-33.662
6701,0.000,0.000,0.000,-11.426,-33.662
6702,0.000,0.000,0.000,-11.426,-33.662
6703,0.000,0.000,0.000,-11.426,-33.662
6704,0.000,0.000,0.000,-11.426,-33.662
6705,0.000,0.000,0.000,-11.426,-33.662
6706,0.000,0.000,0.000,-11.426,-33.662
6707,0.000,0.000,0.000,-11.426,-33.662
6708,0.000,0.000,0.000,-11.426,-33.662
6709,0.000,0.000,0.000,-11.426,-33.662
6710,0.000,0.000,0.000,-11.426,-33.662
6711,0.000,0.000,0.000,-11.426,-33.662
6712,0.000,0.000,0.000,-11.426,-33.662
6713,0.000,0.000,0.000,-11.426,-33.662
6714,0.000,0.000,0.000,-11.426,-33.662
6715,0.000,0.000,0.000,-11.426,-33.662
6716,0.000,0.000,0.000,-11.426,-33.662
6717,0.000,0.000,0.000,-11.426,-33.662
6718,0.000,0.000,0.000,-11.426,-33.662
6719,0.000,0.000,0.000,-11.426,-33.662
6720,0.000,0.000,0.000,-11.426,-33.662
6721,0.000,0.000,0.000,-11.426,-33.662
6722,0.000,0.000,0.000,-11.426,-33.662
6723,0.000,0.000,0.000,-11.426,-33.662
6724,0.000,0.000,0.000,-11.426,-33.662
6725,0.000,0.000,0.000,-11.426,-33.662
6726,0.000,0.000,0.000,-11.426,-33.662
6727,0.000,0.000,0.000,-11.426,-33.662
6728,0.000,0.000,0.000,-11.426,-33.662
6729,0.000,0.000,0.000,-11.426,-33.662
6730,0.000,0.000,0.000,-11.426,-33.662
6731,0.000,0.000,0.000,-11.426,-33.662
6732,0.000,0.000,0.000,-11.426,-33.662
6733,0.000,0.000,0.000,-11.426,-33.662
6734,0.000,0.000,0.000,-11.426,-33.662
6735,0.000,0.000,0.000,-11.426,-33.662
6736,0.000,0.000,0.000,-11.426,-33.662
6737,0.000,0.000,0.000,-11.426,-33.662
