#{"t_start": 1761593212.1195683, "env_id": "PulleyEnv-v0"}
r,l,t
-162265.154581,23,1.325671
-135001.796171,1,1.335107
-84005.948851,19,1.448866
-106026.05117,17,1.545428
-117546.504979,1,1.549993
-91816.129882,21,1.671401
-96986.61301,35,1.872764
-71883.543619,50,2.170839
-49895.7892,77,2.787641
-136751.858168,23,2.984433
-47658.178361,96,3.670607
-109731.798734,38,3.922269
-100579.181948,30,4.123662
-133129.954362,1,4.142777
-94536.455031,72,4.690305
-101142.559309,21,4.856688
-88303.919961,23,5.02758
-86617.637451,40,5.32807
-79993.393056,37,5.625704
-115444.407187,32,5.84452
-74199.643929,32,6.064113
-126367.313442,1,6.064113
-37287.331694,98,6.753375
-87774.532955,27,6.959518
-82690.832731,31,7.18279
-61748.065167,94,7.812472
-104730.097746,71,8.758509
-57658.965813,74,10.54509
-103849.649798,12,10.836184
-80723.401196,50,12.050812
-113153.814948,15,12.445487
-182340.763927,2,12.503146
-115760.050904,34,13.327738
-143929.870097,1,13.351676
-135094.098895,1,13.372353
-86606.56906,44,14.557706
-103231.160018,31,15.25931
-90667.667132,27,15.968661
-117658.156445,1,15.986679
-92639.292316,13,16.263124
-90007.298714,26,16.88025
-86305.947346,33,17.620319
-18876.015157,180,21.835562
-102732.47141,48,23.152089
-107765.94899,18,23.577492
-153416.920149,1,23.595792
-89198.786224,32,24.322377
-91593.177651,25,24.89074
-134880.657015,1,24.907733
-95931.752947,17,25.290518
-100937.570169,33,26.12642
-64658.543517,46,27.32487
-76687.835411,45,28.452013
-134983.358506,1,28.480871
-112735.920219,12,28.75212
-52896.893686,74,30.55851
-71419.000746,74,32.350324
-93981.505527,43,33.348037
-155136.360125,1,33.391281
-95558.333976,15,33.833737
-122120.108199,14,34.149762
-85219.40176,33,34.95134
-10312.933141,174,39.153434
-34820.09968,77,41.189549
-126374.566711,1,41.220907
-120383.362406,14,41.569948
-58720.748051,68,43.276141
-38193.779376,76,45.037688
-117647.605435,1,45.058523
-94737.36502,19,45.554903
-86076.666008,22,46.070655
-58402.125211,84,48.001117
-60523.012351,75,49.967762
-89047.724785,69,51.419861
-157046.31198,2,51.470245
-143416.069632,1,51.49035
-79423.324488,47,52.519155
-87276.506677,40,53.400473
-63207.175067,71,54.913747
-135138.55836,1,54.933832
-74788.935152,39,55.671079
-86095.869624,28,56.148152
-80201.822577,42,56.914085
-68066.983887,62,57.945266
-33774.888869,145,60.287187
74572.123406,188,63.489207
36332.176669,210,67.145532
-8520.638058,162,70.061136
-6618.314846,172,73.125648
-153554.949648,1,73.144042
124708.3313,250,77.370709
-2464.904232,178,80.459655
-22780.143928,218,84.547623
151933.324487,250,90.785178
-94052.90689,19,91.234711
158045.85278,250,97.345085
103611.229347,250,103.218097
150133.44737,250,109.307534
-134982.58039,1,109.331034
153298.640178,250,115.582976
-12990.039823,148,119.22577
28604.949243,215,124.548573
-126392.404221,1,124.570383
-117445.723164,1,124.6035
-32382.532509,190,130.021665
142229.052997,250,137.734889
145782.070438,250,145.278449
118255.523654,250,152.785696
35824.496162,236,160.044379
-35912.327645,122,163.583868
-16127.404775,129,167.998284
-59013.027093,85,170.933774
158446.447343,250,178.681328
-164902.607526,2,178.740614
-135122.456928,1,178.770225
-135212.950512,1,178.794342
-126508.127268,1,178.817827
-135201.909402,1,178.843833
-39368.954719,109,181.698609
-91531.694001,102,184.166611
-496.51816,213,189.361855
-63065.064287,79,191.405218
-117569.483508,1,191.436035
-163309.40901,2,191.509889
-41739.084895,97,193.895541
-141195.217359,1,193.917964
-117544.244901,1,193.935685
-39438.123227,102,196.236725
-135198.430072,1,196.259331
-33597.795425,132,199.441209
-14516.235561,146,203.153238
-142792.747953,1,203.18406
-93217.660548,41,204.186617
-66412.746667,71,205.829536
-94685.108707,34,206.64508
-66351.131314,81,208.750613
-72602.840078,49,210.087683
-20299.692567,129,213.26825
-155241.792977,1,213.296239
-49994.031594,96,215.741142
-65297.392643,77,217.711872
-16917.362662,132,220.999123
-45050.513912,89,223.262423
-58768.224332,93,225.565403
-101012.776518,43,226.673838
-64347.11144,91,229.026223
-48307.408168,60,230.492293
-81011.368438,46,231.705005
-52359.24245,89,233.984423
-70176.261196,39,234.933743
-138510.794395,1,234.97305
-145640.309581,1,234.99621
-73645.171269,48,236.181726
-36763.144072,123,239.228266
-71446.829358,57,240.585987
-74542.426773,66,242.285212
-49394.964382,97,244.86973
-50148.591665,153,248.790449
-83862.470793,40,249.782726
11577.21539,198,254.620046
-34678.660862,138,257.938025
-65486.095061,86,260.080176
-117548.566977,1,260.100444
-61897.433701,109,262.820994
-75691.049906,42,263.906212
-117548.614668,1,263.927222
-117560.20072,1,263.947791
5385.080023,207,269.154379
-65100.180288,66,270.782819
-22689.247237,112,273.677866
-154664.443763,1,273.700583
-58977.091968,79,275.762887
-71052.115573,66,277.305216
-117552.059492,1,277.337474
-37765.244694,114,280.289042
-101377.983112,162,284.304862
-811.337378,210,289.439726
138146.490954,250,295.939417
-76075.120451,56,297.440014
37591.099947,229,303.146641
69286.642226,242,309.263812
-143951.61024,1,309.294466
-117661.310487,1,309.324845
141797.854927,250,315.881182
194311.91528,250,322.073173
223710.672714,250,328.23059
-70116.840142,55,329.450525
119915.050655,250,335.865529
-179172.907439,37,336.821901
164566.852422,250,342.988813
169270.055643,250,349.233732
-34835.840227,125,352.364207
104516.172147,250,358.506366
218229.804132,250,364.478765
-165412.661637,3,364.574373
-135127.20934,1,364.626123
147590.898433,250,370.90284
126007.824345,250,377.064149
-134993.327731,1,377.087012
-9678.288421,196,382.099911
200685.46246,250,388.413997
-117544.419019,1,388.439734
-82455.024764,50,389.727158
-117550.611773,1,389.746599
111364.70131,250,395.847697
124381.198603,250,402.183864
1259.859045,200,407.241915
149976.730015,250,413.457105
134382.084227,250,419.376175
128395.812456,250,425.498764
161783.813116,250,431.678636
166527.900028,250,437.687788
182134.439797,250,443.931721
121548.747738,250,450.070204
166492.229314,250,456.264974
-135251.58213,1,456.300431
125754.466938,250,462.68651
95440.449943,250,468.848634
249256.601598,250,474.993407
139929.032356,250,481.120197
111697.366295,250,487.241758
175639.824718,250,493.480207
110749.233378,250,499.454678
161266.215976,250,505.468378
-135092.469138,1,505.49406
-117557.933977,1,505.50921
183295.070004,250,511.747065
126207.068551,250,518.177318
112361.768442,250,524.449633
157036.678441,250,530.775248
147167.142541,250,536.927166
278671.165663,250,543.301404
-143985.880251,1,543.327656
121439.655607,250,549.725751
-126393.136489,1,549.756579
197469.445185,250,556.229454
126891.857418,250,562.5002
253741.78158,250,568.862912
317062.874066,250,574.799251
198092.079585,250,581.117368
132274.601074,250,587.731082
-166875.45482,2,587.783083
99110.692976,250,593.868478
165336.142197,250,599.49418
265897.718657,250,606.019271
124759.654842,250,612.170568
-117546.751287,1,612.201301
-117560.913158,1,612.22942
-141584.055482,1,612.249891
-151263.111863,1,612.259476
441267.723088,250,618.526504
259239.0735,250,624.633449
-142984.058008,1,624.658563
119138.161478,250,630.741604
-153413.280371,1,630.772331
126570.94855,250,637.101051
106130.226567,250,643.104723
358687.361083,250,649.374108
206723.756544,250,655.567011
-117570.932776,1,655.586326
126564.157381,250,661.624164
-171832.405986,2,661.670828
121969.210448,250,667.937902
513855.800515,250,674.263814
135636.464425,250,680.425064
171746.298962,250,686.410382
312944.900611,250,692.607378
156249.373684,250,698.801926
83022.388294,250,704.937074
-126400.919683,1,704.957044
125118.838656,250,711.139071
210524.85682,250,717.477895
125643.112672,250,723.912985
-135104.889435,1,723.943696
135090.201223,250,730.021715
117080.255261,250,736.013785
280375.144968,250,742.221636
390992.505057,250,748.4377
155713.754104,250,755.053876
146707.490627,250,761.330009
226551.015044,250,767.799329
-135092.573651,1,767.821694
-143872.319736,1,767.850623
289419.327258,250,773.82165
-135000.642113,1,773.841951
299152.473425,250,779.984525
-117575.783603,1,780.004915
283509.890231,250,786.327823
336517.140268,250,792.886191
-135216.964565,1,792.916933
208295.859584,250,799.397646
88064.0881,250,805.70001
258595.898775,250,811.919459
132170.147459,250,818.309242
519184.425094,250,824.650738
-135103.122052,1,824.676797
118363.230154,250,831.000206
203639.417704,250,837.251196
-144016.442275,1,837.280867
112282.530823,250,843.500749
79665.963767,250,849.586373
288234.057662,250,855.871212
-114870.66304,3,855.949625
105597.253091,250,862.34171
312091.509337,250,868.433508
-126318.505567,1,868.45333
162861.080433,250,874.574889
-125375.728272,1,874.595662
436655.291727,250,880.882587
318682.906646,250,887.186715
342931.00174,250,893.446869
365317.530843,250,899.475599
-135087.934499,1,899.495626
129308.573714,250,905.591998
-146993.977112,1,905.615492
-117557.761798,1,905.635742
-135019.531878,1,905.668568
123595.912715,250,911.992083
124843.532589,250,918.378807
341722.393566,250,924.525295
444550.218225,250,930.70244
120433.475934,250,936.943807
125912.985501,250,943.266693
124868.522498,250,949.281414
200114.642778,250,955.309687
-126272.440632,1,955.333243
417536.620623,250,961.717357
420589.093129,250,968.209753
-143239.71468,1,968.237053
526962.93548,250,974.326054
122009.261877,250,980.524844
119430.46698,250,986.730069
131874.222973,250,992.970835
461513.758069,250,999.561038
322118.402694,250,1005.72029
170474.762823,250,1012.173291
224928.932934,250,1018.481235
-117658.280711,1,1018.516906
118349.552542,250,1024.967939
132656.744196,250,1030.935674
121865.591462,250,1037.012022
397296.064505,250,1043.441868
133735.761499,250,1049.682707
406552.370506,250,1056.113501
-154072.84941,1,1056.137701
96726.338827,250,1062.2723
99085.724558,250,1068.327453
134039.027835,250,1074.699699
155866.657581,250,1080.612065
-126273.509416,1,1080.632399
352881.193741,250,1086.590353
-143814.72061,1,1086.605009
191186.016831,250,1092.415507
119796.37861,250,1098.564315
535820.092544,250,1104.706933
122520.070922,250,1111.119706
130415.847395,250,1117.143135
-117681.116537,1,1117.165454
456356.359164,250,1123.200154
-137721.911075,1,1123.221761
551586.544489,250,1129.339756
193467.077134,250,1135.194609
259310.699898,250,1141.449086
427552.04815,250,1147.879192
-135198.1482,1,1147.905425
597005.863842,250,1153.860597
57770.741672,250,1159.875991
-126389.08201,1,1159.902436
107500.166604,250,1165.9671
353124.318249,250,1172.051969
577451.420437,250,1178.617088
125696.752202,250,1184.829119
-135109.16382,1,1184.87361
492385.354447,250,1191.077005
-146113.894978,1,1191.102377
115196.443677,250,1197.323455
-117554.011526,1,1197.34912
277292.230713,250,1203.617448
580861.918466,250,1209.800427
-135083.913926,1,1209.826129
-155063.199674,1,1209.841511
515891.386608,250,1216.066006
-126260.627495,1,1216.107918
369012.422795,250,1222.04023
-137587.562002,1,1222.0822
-135116.572756,1,1222.126657
807577.622296,250,1316.954591
366733.355394,250,1321.343354
-149514.193027,1,1321.364242
460999.656975,250,1325.742849
414613.874874,250,1330.168922
156131.129548,250,1334.568847
-137673.373657,1,1334.590977
1030874.035228,250,1339.019332
603865.980934,250,1343.436893
-117557.438397,1,1343.453583
-135107.504012,1,1343.47835
-117646.17536,1,1343.49437
621954.466921,250,1348.266897
384959.722896,250,1353.055294
-135120.918297,1,1353.077323
499116.939451,250,1357.802852
255314.252712,250,1362.581762
242725.739438,250,1367.287542
409715.533999,250,1372.118193
-135085.651674,1,1372.139349
-126402.550383,1,1372.159015
416721.128151,250,1376.94364
388605.807074,250,1381.783504
564459.354676,250,1386.585566
750320.081702,250,1391.339789
535466.152679,250,1396.193203
130899.467163,250,1400.944218
-126300.167891,1,1400.966904
89924.197534,250,1405.767429
-134991.125745,1,1405.788962
-117449.373473,1,1405.806109
112717.316023,250,1410.575121
-135089.630661,1,1410.595434
134677.015044,250,1415.278641
388164.95159,250,1420.013501
-117550.749398,1,1420.02913
-135006.491332,1,1420.045849
554127.166926,250,1424.830442
-135193.274012,1,1424.852474
-126381.225666,1,1424.865261
-126264.999181,1,1424.891893
695988.097365,250,1429.595649
-134988.825717,1,1429.610844
555325.984556,250,1434.316881
244601.942387,250,1439.003205
537766.457285,250,1443.827134
130483.128261,250,1448.588131
-135107.883872,1,1448.606555
106224.153827,250,1453.291838
102738.217133,250,1458.11929
425829.762985,250,1462.851415
117069.093867,250,1467.407221
490714.784672,250,1471.966208
-152909.646547,1,1471.989434
165299.911398,250,1476.500786
-135085.90511,1,1476.52241
610559.915791,250,1480.983577
-176190.461835,2,1481.016442
-143958.585485,1,1481.043919
649533.339776,250,1485.590325
356233.823802,250,1490.004163
-143763.045495,1,1490.02495
484393.701576,250,1494.483923
121790.581532,250,1498.861913
92869.373235,250,1503.34124
732250.071877,250,1507.95276
-117568.839506,1,1507.963051
587583.406164,250,1512.513393
-207838.104826,3,1512.565314
118555.669977,250,1517.045985
-126385.832878,1,1517.067513
944933.577673,250,1521.5508
723252.858962,250,1525.994178
-126361.961192,1,1526.014397
-151773.865847,1,1526.024426
814800.78267,250,1530.509981
762221.921956,250,1534.762998
911452.158104,250,1539.103266
103847.562365,250,1543.577569
-163186.298655,1,1543.587583
120747.250607,250,1547.986471
588667.470742,250,1552.438548
647446.743055,250,1556.93998
-117554.065957,1,1556.960063
-117550.620265,1,1556.980777
737312.435233,250,1561.449797
648763.699057,250,1565.858184
535487.198039,250,1570.315947
-135086.644935,1,1570.341125
118436.72536,250,1574.831087
-163340.943968,1,1574.851659
557598.230157,250,1579.298418
92557.451314,250,1583.761073
762812.656276,250,1588.575082
-135205.493219,1,1588.598894
752718.859412,250,1593.405513
691166.023618,250,1598.202496
629190.541929,250,1603.020097
-87621.12293,16,1603.321834
99323.151418,250,1608.18352
530223.86267,250,1612.916699
594182.110591,250,1617.702228
261465.140391,250,1622.504045
126258.527635,250,1627.217623
88739.407249,250,1632.034079
110507.01769,250,1636.87517
343003.138241,250,1641.679794
689665.012876,250,1646.488766
-116557.264722,1,1646.501097
400105.969045,250,1651.359018
812204.265897,250,1656.163463
-126261.185039,1,1656.183993
732152.606714,250,1660.882083
111608.386951,250,1665.582652
437554.439335,250,1670.265117
114103.3132,250,1674.944862
21189.754761,250,1679.736561
106047.595606,250,1684.520565
132311.257764,250,1689.294683
734419.560564,250,1694.13296
250090.665725,250,1698.899091
863314.553516,250,1703.641934
120451.897222,250,1708.195941
-134984.538281,1,1708.216083
392079.611292,250,1712.733926
121626.113717,250,1717.205057
138139.880906,250,1721.671126
658044.754522,250,1726.154134
799199.786881,250,1730.635539
126292.587938,250,1735.16757
823926.35013,250,1739.640294
871083.3346,250,1744.176537
-117543.106396,1,1744.196288
639169.491876,250,1748.549976
503098.837361,250,1753.048736
298604.510192,250,1757.602577
97114.843934,250,1762.072917
570105.43672,250,1766.527699
842286.673503,250,1770.950515
-117546.324987,1,1770.96579
917947.990862,250,1775.396279
654135.262795,250,1779.821878
530100.313574,250,1784.298263
957184.609407,250,1788.822139
-117588.424975,1,1788.832035
548299.278718,250,1793.277545
122526.309974,250,1797.836162
663171.218586,250,1802.341061
-82894.004789,12,1802.553581
-137767.265371,1,1802.576839
314100.767403,250,1806.952422
-134994.546548,1,1806.973044
-126168.168102,1,1806.993755
-117548.403664,1,1807.003955
498723.219891,250,1811.431309
70453.074123,250,1815.898345
484474.244118,250,1820.435396
-135091.506193,1,1820.4456
110920.565009,250,1824.961223
333434.366663,250,1829.762699
1004288.408978,250,1834.586476
-159584.68326,1,1834.611618
-134993.57938,1,1834.627306
-126368.630864,1,1834.651595
259367.244772,250,1839.407604
404159.413879,250,1844.235798
-46925.440011,103,1846.211817
665917.264092,250,1851.025751
133965.235929,250,1855.790853
-143877.834569,1,1855.810896
587834.398178,250,1860.557468
89293.144893,250,1865.394539
130531.03961,250,1870.18113
107649.025811,250,1875.033908
-90256.44378,16,1875.34383
389045.901658,250,1880.122227
929879.598667,250,1884.958263
-117555.528005,1,1884.978505
-117445.611678,1,1885.000883
-155890.744425,2,1885.040014
338314.078985,250,1889.80949
127535.839566,250,1894.597767
107656.34419,250,1899.326489
712078.765117,250,1904.095312
132531.938151,250,1908.874147
885109.834232,250,1913.684667
128358.688881,250,1918.388808
-135036.810577,1,1918.414964
315601.167612,250,1923.257531
679628.601551,250,1927.971667
738511.854349,250,1932.745328
268769.624899,250,1937.564397
320340.358244,250,1942.290908
-117541.287929,1,1942.309673
-135096.085831,1,1942.331092
-155035.641626,1,1942.351275
781842.272147,250,1946.873796
820339.701347,250,1951.289446
836992.69969,250,1955.830368
795898.978705,250,1960.291534
1411337.920865,250,1964.701248
908119.783769,250,1969.342374
597654.410284,250,1974.019026
219350.134058,250,1978.483977
941095.509641,250,1982.984985
877190.464083,250,1987.37876
661986.857444,250,1991.815465
509278.613748,250,1996.2935
-135014.188913,1,1996.313383
-135003.871962,1,1996.34071
-135098.031228,1,1996.353083
-162909.251085,2,1996.393641
1041820.146713,250,2000.81286
502285.045877,250,2005.26738
-135096.835971,1,2005.283015
-160131.070686,2,2005.313925
-135102.867397,1,2005.335189
665979.917331,250,2009.861801
-153794.582042,1,2009.885096
619914.399686,250,2014.331311
-135136.548687,1,2014.35226
-135095.105003,1,2014.374071
598166.632784,250,2018.775925
1074708.213063,250,2023.254063
806660.276971,250,2027.698309
575102.958384,250,2032.085429
125931.215564,250,2036.487415
-117559.548838,1,2036.507987
459701.741111,250,2041.016407
1251769.903736,250,2045.454127
91085.928743,250,2049.833967
344712.037446,250,2054.270573
684207.238722,250,2058.668988
105668.897689,250,2063.035753
1316278.637053,250,2067.733966
592101.639411,250,2072.507042
93801.146805,250,2077.210422
437469.920434,250,2082.001091
860724.314923,250,2086.876004
-171366.157651,2,2086.911632
580909.482029,250,2091.68724
-135113.677904,1,2091.709316
117844.296574,250,2096.534661
626954.277549,250,2101.419118
855191.131905,250,2106.211356
85275.538531,250,2111.020585
1226104.983797,250,2115.88877
816771.503473,250,2120.642262
-117551.678008,1,2120.662127
-117646.246882,1,2120.681827
-135087.552698,1,2120.697127
660122.865953,250,2125.445475
323093.8181,250,2130.225785
514657.729347,250,2134.985088
116812.375736,250,2139.739309
830239.632976,250,2144.462934
-194381.349982,3,2144.523744
128110.039068,250,2149.238582
-126216.289309,1,2149.256461
-117547.308784,1,2149.276584
-143857.048433,1,2149.299147
656349.365679,250,2153.996161
-117662.875831,1,2154.018647
126963.965928,250,2158.799613
919018.830701,250,2163.654701
-129111.36505,2,2163.684989
-112156.987401,16,2163.982972
714398.065946,250,2168.710076
129091.861774,250,2173.485024
203391.465362,250,2178.296381
96835.149795,250,2182.987888
701932.879172,250,2187.539964
770437.763269,250,2192.069602
-103914.611743,15,2192.319308
-135222.128102,1,2192.339822
133436.823181,250,2196.773962
-126297.153693,1,2196.800815
-412067.07247,250,2201.289828
-117570.497928,1,2201.30735
173689.030675,250,2205.789168
473700.640387,250,2210.275546
-154972.872701,1,2210.285713
-117550.65278,1,2210.314602
836220.259785,250,2214.669434
533251.184283,250,2219.097922
-126374.02707,1,2219.115562
959451.592945,250,2223.581593
-95397.624287,17,2223.89001
90198.178166,250,2228.342255
705270.744382,250,2232.815744
881664.068245,250,2237.244326
576339.75081,250,2311.535381
-137874.549202,1,2311.555468
-126369.667069,1,2311.574209
1020156.07319,250,2316.42286
-117656.030446,1,2316.447563
111580.804556,250,2321.172035
-135085.974429,1,2321.192392
-134992.516218,1,2321.217071
515045.458395,250,2326.044434
347825.319181,250,2330.861627
1047279.901738,250,2335.631875
695095.6471,250,2340.472552
118097.439601,250,2345.341924
560655.943245,250,2350.200253
-117646.086546,1,2350.220321
539282.126804,250,2355.076123
744857.749495,250,2359.931436
120119.554232,250,2364.735466
809548.416773,250,2369.48327
706559.344307,250,2374.344341
1147859.242838,250,2379.182246
-135097.813251,1,2379.200812
-162476.786568,2,2379.241961
218387.928238,250,2383.887861
331111.79319,250,2388.618072
-159098.445953,1,2388.634698
115040.866373,250,2393.333769
-126366.519662,1,2393.352296
541511.306713,250,2398.056371
984429.87129,250,2402.784415
1060608.340358,250,2407.512449
906622.349515,250,2412.15928
575605.486923,250,2416.949583
157369.55802,250,2421.761196
-117548.257984,1,2421.78192
1189099.745242,250,2426.486551
-126291.744186,1,2426.50575
104289.863326,250,2430.979489
700894.719272,250,2435.430115
638889.217039,250,2439.99605
321311.508892,250,2444.475188
-126433.115768,1,2444.493735
916461.776367,250,2448.962109
1296241.925726,250,2453.45226
968979.884397,250,2457.976025
763023.790386,250,2462.467789
830292.892353,250,2466.935591
82997.998926,250,2471.404807
118172.80536,250,2475.855987
519306.482267,250,2480.374385
566048.482731,250,2484.901096
545199.678894,250,2489.069784
122732.916189,250,2493.439017
1779124.381693,250,2497.921467
-168071.71666,2,2497.952471
-145911.639612,1,2497.97295
871569.568243,250,2502.432575
1341311.638294,250,2506.956971
1625432.349284,250,2511.424015
1254788.508386,250,2515.897886
-117543.0061,1,2515.912939
811486.163891,250,2520.45017
1138090.586919,250,2524.94502
880880.784779,250,2529.463247
-117556.201309,1,2529.483409
1692602.17135,250,2533.943847
131634.934831,250,2538.348218
1081315.908118,250,2543.005485
83556.563816,250,2547.542759
1379249.582502,250,2552.487286
1293445.574278,250,2557.288737
1348519.211849,250,2562.017898
1193081.272642,250,2566.67562
1421477.917136,250,2571.331296
-143911.46144,1,2571.350902
859307.590544,250,2575.869253
-117567.795017,1,2575.88947
1834885.740725,250,2580.694647
1028988.884557,250,2585.451745
125578.661414,250,2590.447406
-117557.699392,1,2590.469408
-106753.462329,15,2590.781786
119172.592782,250,2595.236361
-135125.447789,1,2595.258321
115566.490438,250,2599.819923
1711306.74026,250,2604.320959
787337.640943,250,2608.755384
127975.419208,250,2613.261698
1054297.75752,250,2618.054718
1748467.933279,250,2622.494202
-117572.25346,1,2622.51493
-135212.359195,1,2622.534336
2190550.418955,250,2627.19621
123606.907947,250,2631.578783
1198657.169932,250,2636.273674
2059394.955809,250,2641.01086
-117552.927153,1,2641.031153
1290963.124556,250,2645.900868
-134183.184816,1,2645.920981
2099243.787996,250,2650.28132
1111489.812874,250,2654.911382
1877862.315099,250,2659.357154
934602.278932,250,2663.832045
116795.783923,250,2668.335759
-136693.736282,1,2668.355987
107102.655303,250,2672.992262
1900266.119639,250,2677.509077
-117563.26307,1,2677.527791
-126516.853268,1,2677.548094
1728373.149302,250,2682.104775
1499027.346221,250,2686.420018
1849686.784458,250,2690.791913
1042303.334092,250,2695.333117
-164489.164315,2,2695.374237
-117706.523867,1,2695.389437
1606327.37372,250,2699.979008
-117217.046658,2,2700.013845
1227461.93021,250,2704.483911
122240.101592,250,2709.118134
1869940.971337,250,2713.487993
132266.204303,250,2717.850108
1410791.19561,250,2722.290416
-154678.709605,1,2722.31089
1456301.071863,250,2726.60252
-154861.687902,1,2726.622423
1989561.729669,250,2731.271878
-117551.107105,1,2731.289965
2051303.410928,250,2735.78383
1781454.447842,250,2740.113512
-126270.332727,1,2740.13384
110498.500817,250,2744.517825
1232587.100959,250,2748.881496
1243387.957607,250,2753.257001
1644260.226521,250,2757.454114
-117546.561446,1,2757.477297
-117570.50414,1,2757.494734
-135279.597049,1,2757.515038
-164171.993128,2,2757.553904
-126287.113279,1,2757.572785
-155389.261537,1,2757.586018
1587985.477505,250,2761.80871
1485245.626467,250,2766.118836
-126370.171703,1,2766.139458
132041.015569,250,2770.712965
132881.929127,250,2775.019001
1974471.93043,250,2779.232024
1808983.289451,250,2783.504461
110514.230599,250,2788.208976
1700352.247611,250,2792.874286
1414358.342392,250,2797.362119
126907.157503,250,2802.242707
1861997.315628,250,2806.839978
1744420.819624,250,2811.476028
2170120.930231,250,2815.9889
2066181.85819,250,2820.821603
1966677.087878,250,2825.546441
1964324.612883,250,2830.356314
2075927.048853,250,2835.215814
1465245.184924,250,2840.003664
131713.209016,250,2844.767897
2361558.57419,250,2849.556626
85453.104891,250,2854.272843
-182864.220994,2,2854.30619
1848670.258118,250,2858.959539
124319.76233,250,2863.642246
2057626.962685,250,2868.362424
2440667.068999,250,2873.0509
-117548.679014,1,2873.072515
2347690.479391,250,2877.794742
-141118.191123,1,2877.814126
-126370.053986,1,2877.834138
-117553.87623,1,2877.855324
-126375.90461,1,2877.87875
1394375.248566,250,2882.611193
-126539.212745,1,2882.637973
235610.048198,250,2887.362813
2099178.388783,250,2892.142201
2076503.697727,250,2896.908894
1858249.081447,250,2901.587749
2036436.074323,250,2906.113247
2426289.219579,250,2910.578912
131419.248269,250,2915.044945
-183856.857709,2,2915.091898
2502246.900146,250,2919.535385
-126428.111551,1,2919.546591
-126372.055974,1,2919.566787
-135095.450886,1,2919.587638
252857.271052,250,2924.063694
-117593.755985,1,2924.083788
2135468.7706,250,2928.569343
2125299.882141,250,2933.030135
-126472.080578,1,2933.050286
2104591.1932,250,2937.525518
2022379.574842,250,2941.962979
-146385.470348,1,2941.983299
-134988.509178,1,2942.004402
-125276.11933,1,2942.023745
1949647.578103,250,2946.366483
2062567.997527,250,2950.818277
1390462.700162,250,2955.331446
1992391.276511,250,2959.801836
128610.283651,250,2964.18001
-117445.027536,1,2964.200208
-135097.493051,1,2964.220346
112414.999944,250,2968.655183
2029663.745783,250,2973.092397
1964221.455012,250,2977.570406
2386088.338622,250,2982.029021
-117583.4865,1,2982.048489
2225860.24609,250,2986.485126
-134987.736538,1,2986.505325
-136714.42122,1,2986.525985
2049470.001514,250,2990.900136
-140300.815384,23,2991.311788
2240692.828987,250,2995.701644
1469666.27783,250,3000.172839
1484964.776583,250,3004.632592
126953.9102,250,3009.081261
2218164.606676,250,3013.570829
-143838.562331,1,3013.590224
124909.298325,250,3018.031799
-152278.422118,1,3018.051968
-145690.730656,1,3018.072225
-160560.232041,2,3018.112811
2403459.643579,250,3022.611895
1660677.077655,250,3027.337575
2317495.275851,250,3032.190596
-154131.976082,1,3032.202336
1379027.764463,250,3036.965393
-126280.936002,1,3036.98439
-163842.69898,1,3037.005048
2007164.370751,250,3041.85611
1967996.600325,250,3046.717744
-117546.891798,1,3046.739882
1697868.157072,250,3051.476779
1917350.431547,250,3056.340231
-117547.084643,1,3056.360193
2438989.045835,250,3061.157459
2825421.749292,250,3065.957894
-135086.990869,1,3065.972653
2003409.450249,250,3070.874433
2376956.462994,250,3075.703604
2393105.445616,250,3080.478135
-170010.215127,2,3080.518882
2181792.128351,250,3085.370026
2083884.163336,250,3090.247474
2312422.286667,250,3094.962475
-134055.468764,1,3094.982867
1885708.939446,250,3099.596599
2190327.217868,250,3104.395541
-174181.871642,2,3104.437692
117049.126967,250,3109.213852
1992134.700918,250,3113.853206
2394980.935704,250,3118.673285
2034093.150099,250,3123.439438
1994008.733862,250,3128.073796
2015094.756623,250,3132.849147
1922911.742143,250,3137.601307
2040732.073482,250,3142.327277
1975907.284696,250,3146.884472
2097301.00517,250,3151.459729
-145710.516733,1,3151.479778
-117548.255049,1,3151.499855
2032762.080435,250,3155.973713
1852895.768042,250,3160.523704
1873620.104631,250,3165.032614
128429.912539,250,3169.430328
1975454.6938,250,3173.873341
130745.231938,250,3178.428436
2515808.497196,250,3183.000926
2133153.215797,250,3187.429658
2182513.676564,250,3191.893218
2303809.524801,250,3196.365726
1977706.9574,250,3200.79283
1862004.253141,250,3205.207832
115769.648945,250,3209.735621
-117578.828733,1,3209.758178
-134983.980747,1,3209.780494
119197.424801,250,3214.236523
-147066.214125,1,3214.260882
2315826.140914,250,3218.650379
433705.034152,250,3223.197657
2114818.732141,250,3300.843255
2057358.054012,250,3305.640316
1674696.487528,250,3310.408966
1654161.9528,250,3315.28959
1821145.693862,250,3320.135288
-135216.957956,1,3320.15548
2282671.610322,250,3324.936187
-143707.642007,1,3324.965668
2428194.443559,250,3329.742131
-135094.272451,1,3329.759996
2202128.897492,250,3334.498432
1946875.937194,250,3339.227169
1959899.388192,250,3344.014105
-135006.510958,1,3344.03459
1145058.199749,250,3348.764203
85489.069547,250,3353.534863
1666513.338069,250,3358.208322
-117545.882094,1,3358.237334
-135086.179863,1,3358.262445
-117648.287524,1,3358.277677
-155228.218907,1,3358.298007
112092.800248,250,3363.186231
-176181.469789,2,3363.22761
2086501.453665,250,3368.041287
-152612.510602,1,3368.061513
-394673.573499,250,3372.751733
2534815.879302,250,3377.595953
-176711.761055,2,3377.631546
2193475.96649,250,3382.371835
2364934.554145,250,3387.020746
2013972.688015,250,3391.571368
-117457.834599,1,3391.581776
1977737.8314,250,3396.14018
2854283.507486,250,3400.486648
2069536.936742,250,3405.011608
-137840.28244,1,3405.032333
1370629.299253,250,3409.668875
2349881.585411,250,3414.197308
1424179.047163,250,3418.821779
-117546.1225,1,3418.830473
1875508.54482,250,3423.421121
2041162.573021,250,3427.909738
-135093.148388,1,3427.929169
2317740.102612,250,3432.396019
90645.1055,250,3436.979743
2160717.565431,250,3441.380744
1961955.569716,250,3445.873718
2336779.454188,250,3450.33812
-117550.699798,1,3450.362833
2098635.769221,250,3454.824405
-137835.792794,1,3454.842989
2479783.219059,250,3459.309438
2335133.905297,250,3463.858382
131194.524538,250,3468.399163
2543101.093091,250,3472.824686
-177556.961067,2,3472.858149
-134982.590321,1,3472.878915
1665239.316278,250,3477.389181
-126271.709308,1,3477.410562
-136844.161447,1,3477.429925
2013041.53233,250,3481.982489
93901.036579,250,3486.432776
124903.779593,250,3490.906272
-139622.094624,1,3490.931947
2132361.678555,250,3495.421307
1929540.640926,250,3499.838899
1870073.325701,250,3504.279358
2065695.24166,250,3509.037257
2171174.03874,250,3513.868807
1841635.776702,250,3518.67436
-126421.163473,1,3518.696497
1996713.262839,250,3523.508673
131831.293556,250,3528.323882
-133787.411854,1,3528.343492
2314600.06876,250,3533.180879
2487378.55346,250,3537.998919
117932.224213,250,3542.854222
2056404.862586,250,3547.609836
101551.536196,250,3552.430442
1794081.271852,250,3557.255666
2306451.693937,250,3562.03235
2056976.307632,250,3566.760597
3046214.603043,250,3571.613526
2104635.099037,250,3576.446182
2224850.75242,250,3581.261811
2424801.839603,250,3586.066035
842407.952355,250,3590.937469
2530265.005589,250,3595.701777
1890030.688143,250,3600.555656
-117548.915398,1,3600.575973
1371724.99683,250,3605.366454
-117620.239765,1,3605.379286
1874948.21006,250,3610.099878
2476112.752881,250,3614.855472
-136947.731122,2,3614.890646
-155416.496126,2,3614.93109
115996.026604,250,3619.758576
1938318.725499,250,3624.511396
-117573.761796,1,3624.535871
1882748.629208,250,3628.979903
2373236.828393,250,3633.463659
-183415.849192,2,3633.494042
-149949.404821,2,3633.534577
98349.901521,250,3637.953498
2102682.240708,250,3642.400586
-117570.929493,1,3642.416057
125154.874691,250,3646.908939
-154541.453948,1,3646.928968
2703052.124189,250,3651.433842
3157312.662559,250,3655.886632
2344964.110855,250,3660.505866
126106.477136,250,3665.045387
1708785.150093,250,3669.53918
3175918.82501,250,3674.072872
3013745.75852,250,3678.590262
2957743.857895,250,3683.065328
-136481.438645,1,3683.08022
2761899.229174,250,3687.575655
2134460.085344,250,3691.995445
-117550.279263,1,3692.015575
-117649.036326,1,3692.035888
2013481.867901,250,3696.422538
102933.262521,250,3700.883135
2188678.096054,250,3705.347924
3206016.699411,250,3709.870541
3044669.719517,250,3714.263951
1602185.2927,250,3718.646641
2139780.871982,250,3723.151497
2605444.195474,250,3727.566463
100145.833234,250,3731.975174
1538253.548221,250,3736.48189
2326793.677481,250,3740.886236
2400202.324048,250,3745.444016
2018396.288301,250,3750.292221
125747.108161,250,3755.065503
2534892.444808,250,3759.821809
-117557.250485,1,3759.842073
88376.460561,250,3764.644809
2230203.033415,250,3769.453917
-135162.514252,1,3769.474097
2934036.014335,250,3774.110233
-126164.578035,1,3774.130788
-123051.322885,2,3774.161728
2204458.967376,250,3778.968528
2116100.211063,250,3783.840386
2220637.40658,250,3788.636705
1854946.849435,250,3793.434622
1991694.851313,250,3798.260117
1823964.283099,250,3803.047185
2062053.889028,250,3807.857221
1914199.999283,250,3812.67136
-117596.029568,1,3812.692276
2149834.348484,250,3817.372454
3723814.085702,250,3822.055704
1932353.393083,250,3826.832124
2096454.684742,250,3831.50092
-152820.797455,1,3831.51699
-126453.027027,1,3831.537102
129839.331335,250,3836.138148
2108908.149991,250,3841.020505
-159213.000007,2,3841.065086
2995187.614768,250,3845.846922
-117554.603678,1,3845.867373
119935.768671,250,3850.570274
-135113.887421,1,3850.587293
2040426.286985,250,3855.259136
1924484.935445,250,3860.008314
112180.916287,250,3864.694865
2327209.610598,250,3869.268408
-117555.17276,1,3869.288671
2049393.781261,250,3873.889733
2627672.502768,250,3878.278426
3407198.382504,250,3882.828705
2186098.345212,250,3887.336698
1816932.136926,250,3891.700701
-117551.663676,1,3891.720801
-135189.725997,1,3891.740895
2041146.371429,250,3896.177724
2258549.852556,250,3900.540559
2384012.886603,250,3904.944631
-126268.616764,1,3904.965132
102585.663278,250,3909.34363
2843752.744864,250,3913.825871
1860102.621727,250,3918.252422
-126398.57199,1,3918.272557
-144855.040711,1,3918.294615
2777373.378633,250,3922.75416
3402664.029427,250,3927.16512
-183310.602215,2,3927.217261
1945101.915685,250,3931.674275
-134981.819822,1,3931.696313
-143937.109289,1,3931.713234
-141132.658651,1,3931.729939
-117659.541448,1,3931.751283
-188742.843884,2,3931.785139
2091552.182325,250,3936.17787
2374892.713597,250,3940.636455
98340.107532,250,3945.207018
1971627.551976,250,3949.693728
2083373.681402,250,3954.170726
1921824.59401,250,3958.657222
-117549.808326,1,3958.677168
87117.22928,250,3963.102799
-117563.855533,1,3963.123324
1949873.037243,250,3967.601398
-117696.928244,1,3967.628704
-126284.710016,1,3967.650149
117268.985865,250,3972.116364
2151268.232403,250,3976.607817
2840049.324451,250,3981.044453
-117556.911307,1,3981.068307
1587528.879153,250,3985.624847
94231.429511,250,3990.416681
2083350.170426,250,3995.161282
-117645.193079,1,3995.180887
-168774.803583,2,3995.219354
118745.865456,250,4000.002206
1962912.918367,250,4004.776566
-126277.697102,1,4004.803087
-117552.738942,1,4004.821251
-135228.384072,1,4004.840792
-135092.710543,1,4004.853113
2200452.414416,250,4009.596278
1899053.890529,250,4014.3932
-166770.101112,2,4014.444139
63690.859256,250,4019.248914
2250180.850219,250,4024.009453
1726097.441767,250,4028.807902
2116060.649264,250,4033.640178
114380.777621,250,4038.440427
1882437.304304,250,4043.213783
2497659.241406,250,4047.920431
1891292.235085,250,4052.651301
3151446.685024,250,4057.380119
2089309.861211,250,4062.00322
-154943.349165,1,4062.023346
-134980.980068,1,4062.045498
2253587.66988,250,4066.830287
-135098.285353,1,4066.850705
2151460.049035,250,4071.54313
1879320.391577,250,4076.283751
-155073.478428,1,4076.302798
-135112.219865,1,4076.327088
2055815.794581,250,4081.122319
2484626.190162,250,4085.956347
2874504.788105,250,4090.708483
-117548.819814,1,4090.727596
128276.812523,250,4095.577279
101536.177567,250,4100.359128
2174755.322268,250,4105.017629
1572017.070963,250,4109.45686
2749794.599188,250,4114.028288
2149451.263041,250,4118.463816
2973792.131105,250,4122.948113
2420827.479291,250,4127.388412
1860455.889046,250,4131.811997
85080.269944,250,4136.295714
2560915.668058,250,4140.821068
1940797.023345,250,4145.326035
-117445.082277,1,4145.34608
-126268.496048,1,4145.361943
2441905.607545,250,4149.80615
1984900.60788,250,4154.275719
2746326.538108,250,4158.736086
2684465.831062,250,4163.179585
1942390.967585,250,4167.717408
-164237.222413,2,4167.761249
2949599.923828,250,4172.235082
-154624.917689,1,4172.256448
2028353.918732,250,4176.620047
152446.468674,250,4181.002603
1439142.814661,250,4185.503334
-117576.008764,1,4185.512188
1887145.331564,250,4189.969331
-126281.239389,1,4189.98428
-145632.624777,1,4189.999515
1906343.523999,250,4194.500037
3558251.035744,250,4199.047058
2353994.894164,250,4203.507683
3052363.179195,250,4207.909035
3008329.408649,250,4212.302278
1731958.274902,250,4216.821398
2353846.380896,250,4221.276985
-165578.713446,2,4221.310371
2356375.02356,250,4290.135399
-156264.315416,2,4290.166101
1925406.152712,250,4295.03799
1753948.875963,250,4299.812369
-135110.829185,1,4299.837214
3033154.514083,250,4304.580085
104820.7992,250,4309.416789
2895949.07804,250,4314.095134
2276459.115053,250,4318.843158
2052637.039397,250,4323.607489
-150817.115601,1,4323.627692
-135205.82701,1,4323.648448
-135089.220117,1,4323.679082
-117546.294056,1,4323.699986
2443169.335754,250,4328.49463
-117551.226227,1,4328.515224
-176873.792902,2,4328.55711
1821067.402168,250,4333.338259
-117549.870183,1,4333.356553
1966946.692255,250,4338.120587
1937437.059833,250,4342.958976
2665190.317955,250,4347.538785
2647327.412839,250,4352.043023
-117571.337446,1,4352.055892
459611.906701,250,4356.564806
2178405.944135,250,4361.001422
2039402.853286,250,4365.437035
2321508.416069,250,4369.983639
-137334.958959,1,4370.003765
-126374.356504,1,4370.024123
-143826.019191,1,4370.044156
2215163.519298,250,4374.480219
-126395.095901,1,4374.498863
1778375.543221,250,4378.985217
2050471.697675,250,4383.651794
3423412.939487,250,4388.052524
97801.597905,250,4392.478272
-117673.813682,1,4392.498336
2533439.854906,250,4396.955094
-145538.062247,1,4396.975403
2454055.068102,250,4401.46809
1720483.544035,250,4406.050997
2214318.639285,250,4410.592488
109846.731475,250,4414.968146
1815110.451446,250,4419.377093
-215958.003739,3,4419.428818
-135001.293149,1,4419.447346
1816813.487783,250,4423.91969
-135092.424547,1,4423.938372
3113667.186592,250,4428.419459
2825537.835649,250,4432.827888
1758288.023248,250,4437.310865
2750936.163499,250,4441.800361
-155444.228722,1,4441.821196
2619805.559252,250,4446.238316
-117672.764229,1,4446.254262
104335.467643,250,4450.830122
1929375.79666,250,4455.385257
1990471.927685,250,4459.890786
1943224.119275,250,4464.368264
2729539.956447,250,4469.14739
3252295.550164,250,4473.95867
-126278.515175,1,4473.970794
2825496.674137,250,4478.762718
1748893.519868,250,4483.526962
1563988.608774,250,4488.342175
-135110.295529,1,4488.362046
-161617.967475,2,4488.40555
795552.117193,250,4493.193016
-135209.339959,1,4493.217132
-117545.041564,1,4493.237357
115672.37879,250,4498.043618
1759724.776171,250,4502.850169
-143816.989146,1,4502.868519
3179993.035879,250,4507.649436
1925877.022741,250,4512.409059
2232779.806561,250,4517.222203
2750875.940808,250,4522.01675
-116548.946821,1,4522.030653
3051008.875497,250,4526.850142
122907.694494,250,4531.688086
2983703.681614,250,4536.287509
2701685.635815,250,4540.988595
2662072.462342,250,4545.776615
2978630.43781,250,4550.536139
-126375.024435,1,4550.556714
1791533.262253,250,4555.244773
1745281.179798,250,4559.963266
2643670.780634,250,4564.753496
106239.064333,250,4569.521723
125226.324611,250,4574.276108
120075.647904,250,4579.072501
2138017.326803,250,4583.81418
-126264.586175,1,4583.824641
2675188.745885,250,4588.325212
-117547.204464,1,4588.345942
122924.363573,250,4592.912305
-154353.488554,1,4592.93461
-117553.383952,1,4592.955159
2104800.73987,250,4597.41032
-117551.904887,1,4597.434865
125110.511461,250,4601.953984
2791931.873597,250,4606.461722
-117548.261911,1,4606.484115
2013345.248399,250,4610.98832
2160437.226094,250,4615.485632
1681921.80425,250,4619.99776
1725575.241593,250,4624.46002
95703.287276,250,4628.909036
2518353.634416,250,4633.425695
127693.145349,250,4637.99239
1723603.386579,250,4642.473797
-124383.690323,1,4642.493909
-126371.914006,1,4642.514199
2206464.518029,250,4647.055128
-126266.798535,1,4647.074427
2405063.668157,250,4651.567131
3120065.980836,250,4656.122109
2187515.21205,250,4660.666556
-150722.742209,1,4660.684653
1790945.657242,250,4665.128962
2935095.864746,250,4669.562007
-143925.86894,1,4669.582046
-126374.218943,1,4669.597668
3328652.709941,250,4673.934143
1880442.241801,250,4678.448946
2263249.858206,250,4682.899395
-126379.022122,1,4682.913133
2097481.84844,250,4687.348114
2243365.104541,250,4691.798059
3176595.734428,250,4696.184405
-162811.857651,3,4696.234715
-135094.94615,1,4696.255226
1876904.96247,250,4700.686157
3046996.494479,250,4705.173385
-137586.1979,1,4705.186095
2932326.84451,250,4710.078336
1395782.093861,250,4714.887295
3428565.617784,250,4719.726884
3224243.334658,250,4724.560152
2927194.037965,250,4729.362595
77468.93957,250,4734.137252
3387152.364008,250,4738.95591
-117546.134177,1,4738.974536
119872.714569,250,4743.761121
-126269.666,1,4743.783348
129235.602213,250,4748.529816
118673.549292,250,4753.369609
2106897.046682,250,4758.247418
-117643.014315,1,4758.266078
2983283.711623,250,4763.045986
-137558.362484,1,4763.066059
2871620.322121,250,4767.779967
-135028.406003,1,4767.80193
1355455.940497,250,4772.614385
-135100.634531,1,4772.63773
3295330.956534,250,4777.290936
3263739.418936,250,4781.988009
119568.569297,250,4786.804358
3036771.958098,250,4791.596975
-135260.559255,1,4791.617159
-164918.587787,2,4791.658082
1788381.094492,250,4796.403958
1943577.178222,250,4801.177783
3576885.392672,250,4805.875653
109401.688013,250,4810.565057
-166137.752283,2,4810.606167
2310944.618106,250,4815.378669
3164075.657981,250,4820.138446
101724.458961,250,4824.850374
3311032.420152,250,4829.31024
126556.201747,250,4833.853613
-134991.787696,1,4833.873805
1967090.171905,250,4838.442884
-133094.807419,1,4838.461721
-136867.786647,1,4838.480175
2061604.161629,250,4843.058196
1584802.467601,250,4847.68996
2440612.145864,250,4852.170184
1831793.506912,250,4856.616565
1887828.930212,250,4861.13395
1564794.570032,250,4865.691454
-126298.446219,1,4865.711658
1518738.291741,250,4870.152024
1901900.959196,250,4874.605855
-126272.61785,1,4874.628453
3307295.928007,250,4879.009557
2725679.806594,250,4883.345923
-117661.402213,1,4883.36637
91201.175461,250,4887.814491
2259856.155408,250,4892.321449
-148253.094123,1,4892.341777
-146148.256185,1,4892.36221
2201700.249668,250,4896.842404
-99375.965298,13,4897.070916
1820962.512251,250,4901.525789
2005853.141251,250,4906.031964
126091.267502,250,4910.43681
-138592.442876,1,4910.454435
1546614.774882,250,4914.955865
1497749.271567,250,4919.521009
3706721.094675,250,4923.950198
2696984.336764,250,4928.485432
-135103.526365,1,4928.499413
106836.87114,250,4932.910389
1508376.972205,250,4937.441034
3197152.909275,250,4941.855732
3489693.32351,250,4946.447887
1617725.537543,250,4951.215569
-126380.950998,1,4951.234984
-135113.595844,1,4951.253877
-135127.866033,1,4951.274102
2318647.691975,250,4956.128659
2914683.864678,250,4960.955042
2059892.704419,250,4965.813932
1600017.586451,250,4970.619107
3417698.878962,250,4975.382596
1925924.683592,250,4980.296503
-117542.093532,1,4980.314524
1703467.414562,250,4985.119466
1572846.007008,250,4989.905563
-135104.444033,1,4989.929528
-135010.480012,1,4989.948713
2980150.737686,250,4994.804964
-126319.16735,1,4994.827914
2790956.667556,250,4999.625043
-178127.510784,2,4999.65996
122245.75942,250,5004.421108
1755693.019053,250,5009.20896
-117571.066611,1,5009.228582
2946750.643738,250,5014.050895
-137286.875737,26,5014.538683
-143908.659892,1,5014.556787
-126368.013813,1,5014.587811
-135236.141542,1,5014.608324
-143940.751134,1,5014.618842
1837405.09209,250,5019.369491
1684816.238817,250,5024.124017
2914616.218141,250,5028.907327
1805478.391831,250,5033.523594
-95827.941931,16,5033.795428
1657252.792073,250,5038.538784
1474163.733848,250,5043.37816
2985585.173863,250,5048.023186
133310.805905,250,5052.743742
2122972.33316,250,5057.496167
2025556.569686,250,5062.217673
-126284.059972,1,5062.23821
-185209.506697,2,5062.279882
-134886.724128,1,5062.303779
1123361.518543,250,5066.81654
-143931.450921,1,5066.82645
2137004.212944,250,5071.32831
-117663.596572,1,5071.348795
122908.970696,250,5075.940372
-117654.048933,1,5075.965099
-126389.758569,1,5075.980709
3162109.898841,250,5080.414773
3425783.166716,250,5084.950378
3080930.511779,250,5089.410435
110829.520667,250,5093.925652
1631842.168685,250,5098.470482
-143948.500793,1,5098.488526
84547.824014,250,5102.982413
8191453.827872,223,5106.973638
-87364.894276,22,5107.385974
-156996.135996,1,5107.406086
3631326.217162,250,5111.900385
1885328.104226,250,5116.393769
1682537.731047,250,5120.936754
2806623.624188,250,5125.393049
110708.738643,250,5129.86245
-119164.310006,16,5130.16642
2224398.515692,250,5134.710868
-135119.028551,1,5134.730936
-126485.358158,1,5134.751198
-141126.29555,2,5134.781809
7184539.828765,165,5137.746151
1163540.185769,250,5142.230564
104105.991642,250,5146.716194
-89526.570494,18,5147.031317
117130.76724,250,5151.483566
1849317.328899,250,5155.910061
-152541.671527,1,5155.939177
2368916.518575,250,5160.456661
-117561.031617,1,5160.475628
2975931.667944,250,5164.955782
2593607.792461,250,5169.346411
-117551.996261,1,5169.363276
2685358.319818,250,5173.931779
3191736.27792,250,5178.409249
1904764.8627,250,5182.894488
3026380.287202,250,5187.592159
128412.938564,250,5192.390734
121565.871573,250,5197.126997
2334066.20803,250,5201.883307
117930.663205,250,5206.634763
-152332.219818,1,5206.655598
3086869.448879,250,5272.302772
-96230.003108,23,5272.738085
1947919.306052,250,5277.399627
-117545.432356,1,5277.420276
-128424.888765,1,5277.440322
3554738.656156,250,5282.177141
-135293.337131,1,5282.19659
-196842.311551,3,5282.258157
1308131.48623,250,5287.148725
3374039.38536,250,5291.92486
2892118.392468,250,5296.647745
125800.574997,250,5301.47453
-109141.129653,18,5301.802353
1657756.307854,250,5306.464064
2884921.175093,250,5310.910303
1849243.28206,250,5315.403089
2364345.245241,250,5319.778565
2968344.004409,250,5324.145297
2746827.612186,250,5328.668556
2675248.470211,250,5333.081456
3333824.424383,250,5337.445325
2897600.983222,250,5341.834739
1800385.062098,250,5346.404558
1924346.344817,250,5350.750205
-135110.120429,1,5350.770362
-117545.581158,1,5350.790617
110198.28474,250,5355.102007
1678500.603093,250,5359.488569
-117547.616967,1,5359.508775
3668659.466325,250,5363.857292
2141120.825485,250,5368.156163
3507263.384428,250,5372.484898
125099.478561,250,5376.900213
1556729.069433,250,5381.18441
3947044.222506,250,5385.561228
1793382.947174,250,5389.941706
-126395.140529,1,5389.961788
2158254.898353,250,5394.315922
1979670.487,250,5398.745765
3806231.545008,250,5403.238133
1644491.816078,250,5407.662017
-155101.837974,1,5407.672034
-126265.490469,1,5407.692138
106780.395848,250,5412.08137
126295.162885,250,5416.453657
1630117.019705,250,5420.818115
-154894.116031,1,5420.836095
-117546.466324,1,5420.853379
1835480.633763,250,5425.343622
-152989.851698,1,5425.364853
-161781.958737,2,5425.397978
3394038.993672,250,5430.032956
1416726.900819,250,5434.816477
106744.107128,250,5439.508233
-134128.662787,1,5439.528339
3062519.605608,250,5444.391873
-117550.86124,1,5444.416395
2598272.838953,250,5449.271385
3624656.966966,250,5454.076507
3120278.503661,250,5458.933724
-150884.484246,1,5458.955351
-126297.477136,1,5458.976566
-143933.630998,1,5458.98898
1736094.332902,250,5463.819969
125772.582454,250,5468.597623
1673185.562328,250,5473.305623
1668309.352296,250,5478.163419
301697.218724,250,5483.028465
1761929.251413,250,5487.788346
-171471.387319,2,5487.826557
-179404.147517,2,5487.86973
80292.012581,250,5492.697956
3513822.365466,250,5497.499571
-144079.201189,1,5497.523802
-126270.746512,1,5497.544485
2817382.648868,250,5502.294311
-154379.860701,1,5502.314217
1702583.95217,250,5507.173151
-126378.729304,1,5507.189475
3566768.654363,250,5511.933952
3064927.617938,250,5516.576964
-151781.746352,1,5516.586979
-117548.438809,1,5516.60962
-155130.788905,1,5516.631287
-126369.938987,1,5516.648412
2622190.820217,250,5521.295147
-135178.31008,1,5521.31684
-126287.728065,1,5521.334847
112717.324593,250,5526.170642
3018027.156783,250,5530.513927
-173334.337556,4,5530.584961
1562009.49493,250,5535.168364
-135093.704422,1,5535.186837
2370183.032376,250,5539.821407
90628.456254,250,5544.468322
-134987.495077,1,5544.490555
3467454.676687,250,5548.955533
3499532.687892,250,5553.44773
1484039.064976,250,5558.031533
-117654.738787,1,5558.055954
1824857.869397,250,5562.521548
-155136.008571,1,5562.540873
2779083.545751,250,5567.081296
-155892.248186,2,5567.108894
107353.319081,250,5571.707196
123719.470175,250,5576.203781
129397.3726,250,5580.67881
-117549.375284,1,5580.697674
-135091.122405,1,5580.709215
-117646.599961,1,5580.735237
-515510.017651,250,5585.247093
-126263.483214,1,5585.2672
-117554.349227,1,5585.287771
1850011.20435,250,5589.829584
2721739.180735,250,5594.316896
1640444.804904,250,5598.790671
-143703.186833,1,5598.813313
1776271.858863,250,5603.35709
93571.383305,250,5607.825664
1721727.211734,250,5612.290915
3458529.769151,250,5616.74137
122609.542366,250,5621.241427
2467231.884814,250,5625.695255
79957.984954,250,5630.258584
1866736.179507,250,5634.689727
2591038.369294,250,5639.214693
130043.644521,250,5643.763616
3980221.028953,250,5648.244984
3013169.074812,250,5652.63334
-117544.920827,1,5652.653951
100223.073241,250,5657.185603
-143911.206267,1,5657.195611
3756787.811499,250,5661.687442
-117561.822798,1,5661.697207
6806506.321063,156,5664.504182
6247717.125421,124,5666.860385
1783750.190908,250,5671.713039
-155091.541659,1,5671.737482
3065440.021457,250,5676.582792
-126372.698833,1,5676.603109
1687120.870131,250,5681.407743
-126292.459324,1,5681.433748
1212851.756283,250,5686.257711
-177521.834604,2,5686.298229
1807981.943143,250,5691.176078
106308.081673,250,5695.998642
-117651.252467,1,5696.018864
119938.457626,250,5700.807674
2724051.158897,250,5705.700397
1494190.651597,250,5710.524407
-126278.66894,1,5710.544902
1871136.156068,250,5715.347
-135349.880491,1,5715.367198
1577897.594377,250,5720.232783
-135106.702208,1,5720.253397
-117653.054835,1,5720.273683
1662136.126099,250,5725.134862
3477571.164694,250,5729.886212
111937.421454,250,5734.689162
-117548.445555,1,5734.712151
1814573.62463,250,5739.325222
1740425.420151,250,5743.659512
-136505.512958,1,5743.679257
-59869.154299,122,5746.03074
2740418.07489,250,5750.512933
1749954.518802,250,5755.076465
3196106.004447,250,5759.869641
1541972.334531,250,5764.716333
124579.50025,250,5769.429457
3467173.442348,250,5774.124872
2411793.977137,250,5778.823561
1387736.84447,250,5783.491557
119237.973999,250,5787.968433
2625994.815902,250,5792.49252
696143.343047,250,5797.066238
-135201.719364,1,5797.086944
1259417.323746,250,5801.579385
3102821.826545,250,5806.06599
2581279.371123,250,5810.749354
2101428.850193,250,5815.311829
1932288.772898,250,5819.756712
1857435.705696,250,5824.289552
3238593.148529,250,5828.811149
-135191.940671,1,5828.8255
2765944.941571,250,5833.219539
2925773.302802,250,5837.707789
3171962.691264,250,5842.130888
-143729.716411,1,5842.15188
2801364.804433,250,5846.569354
2153969.270887,250,5850.990952
1752783.835182,250,5855.436776
-117555.759506,1,5855.461054
3034740.455253,250,5860.061558
3180328.788995,250,5864.47356
-126261.682622,1,5864.489938
3598858.706903,250,5868.989028
-135088.977676,1,5869.009403
-117580.023677,1,5869.029859
-117659.284331,1,5869.050039
6958021.255005,132,5871.311312
1634103.323909,250,5875.719436
-134986.159639,1,5875.731269
1550017.038277,250,5880.199818
-117645.432859,1,5880.218323
1247481.942502,250,5884.702561
-116554.003321,1,5884.722932
3184834.288781,250,5889.181133
3178376.71974,250,5893.605839
2751438.775876,250,5898.125757
-142821.557236,1,5898.144629
-141562.458482,1,5898.160389
1836543.860138,250,5902.680852
-117551.501956,1,5902.702697
2629321.679879,250,5907.448396
3088741.917772,250,5912.250508
3153696.935059,250,5917.023099
1807336.760961,250,5921.810368
-135190.667504,1,5921.826514
129662.884328,250,5926.621595
-135111.023648,1,5926.641953
1669535.11855,250,5931.447993
2402332.533998,250,5936.124526
3062200.501649,250,5940.914644
3014207.876236,250,5945.80943
89384.877025,250,5950.62699
-126375.805392,1,5950.647771
2825497.103892,250,5955.535478
1522268.372379,250,5960.410228
1410387.904533,250,5965.183102
-135260.046882,1,5965.207325
2839060.572888,250,5969.930372
1668104.685228,250,5974.696044
1637310.608315,250,5979.445271
128908.778217,250,5984.154191
90896.47363,250,5988.804082
-117549.401236,1,5988.826894
3012961.465365,250,5993.445805
3084546.335722,250,5998.143868
3296634.665939,250,6002.874432
1644892.275668,250,6007.588744
2641839.327989,250,6012.36293
-88031.519515,19,6012.713249
-117585.393693,1,6012.731313
1955114.659435,250,6017.43075
-135082.293099,1,6017.451318
79324.587567,250,6022.134023
1604171.978602,250,6026.709217
-117544.149828,1,6026.729366
2900377.348109,250,6031.17262
2972891.572807,250,6035.596884
3031427.82267,250,6040.030521
103077.646091,250,6044.495961
126608.409629,250,6049.013149
89622.924369,250,6053.491014
3361048.056981,250,6058.016845
2663463.742778,250,6062.496706
3890539.411367,250,6067.010695
1645742.723145,250,6071.435334
6212399.529922,142,6073.975926
3638798.244032,250,6078.491915
-136669.669752,2,6078.519188
-126188.50591,1,6078.559592
2207734.295788,250,6083.01755
1328663.976197,250,6087.42109
69950.256152,250,6091.858084
-134849.209082,1,6091.874888
90513.362417,250,6096.388179
1793891.358054,250,6100.844624
103820.421661,250,6105.342259
-135087.345312,1,6105.365045
2870776.489374,250,6109.880731
86197.224776,250,6114.401314
1830731.522461,250,6118.825111
-135201.492509,1,6118.843489
1458389.098239,250,6123.318036
1640244.605021,250,6127.753584
3172642.284547,250,6132.095678
2846932.834624,250,6136.576413
1773465.03288,250,6141.061151
-135092.412818,1,6141.071188
3460670.886675,250,6145.589181
124186.889656,250,6150.377002
-137777.641849,1,6150.398955
3981153.692356,250,6155.21272
-137640.789415,1,6155.231583
-151635.017139,2,6155.272326
2687292.745446,250,6160.023654
2022785.168099,250,6164.854419
1998177.692952,250,6169.688964
1813986.669817,250,6174.455909
100927.759481,250,6179.270393
103390.521329,250,6184.14049
-126264.435376,1,6184.159576
1681934.138744,250,6188.969593
1830148.602317,250,6246.5207
1728636.66403,250,6251.299661
-135199.283174,1,6251.313386
-134986.12751,1,6251.337762
2528208.927054,250,6256.075248
1665370.002283,250,6260.887145
-117556.325956,1,6260.907182
2986318.263314,250,6265.612339
-135189.495252,1,6265.630678
120443.723498,250,6270.082073
-143784.794346,1,6270.102199
117506.214352,250,6274.565865
3130232.186451,250,6279.112345
121270.289522,250,6283.662777
1725864.775062,250,6288.095898
-117552.757189,1,6288.105927
3153658.129804,250,6292.596996
3091729.260418,250,6297.199518
2198780.389677,250,6301.671071
-154262.678066,1,6301.691177
-135101.660241,1,6301.71145
-126293.519875,1,6301.731759
1635906.777883,250,6306.238044
1589379.713292,250,6310.763617
-137665.969718,1,6310.784269
39498.325094,250,6315.30679
1452142.444313,250,6319.851647
-117554.315633,1,6319.881535
-117549.492214,1,6319.899147
109533.056203,250,6324.3929
2129217.123954,250,6328.873866
4055529.531592,250,6333.34557
2866606.558241,250,6337.810034
-168834.359529,2,6337.84634
1894697.498991,250,6342.409148
2724900.058342,250,6346.909758
1755520.092309,250,6351.386018
2899942.019673,250,6355.867643
3139573.882204,250,6360.377949
1285328.350119,250,6364.830157
-135087.920567,1,6364.85358
8155369.355178,248,6369.355254
3827669.673681,250,6373.813563
3231439.162242,250,6378.343052
1391409.585387,250,6382.924655
-134985.412127,1,6382.943753
3228136.009509,250,6387.572596
3341479.943577,250,6392.363659
-134987.134425,1,6392.387765
-117647.319496,1,6392.40573
1807562.407751,250,6397.218131
1836424.173603,250,6401.981775
2715207.857383,250,6406.748865
-135191.846571,1,6406.765039
-154919.834319,1,6406.786162
-135154.115764,1,6406.806777
1775906.85216,250,6411.672241
1605412.867091,250,6416.533346
2697012.501633,250,6421.271954
-117568.769345,1,6421.293252
-135200.949747,1,6421.311174
100108.954469,250,6426.136097
-117558.220397,1,6426.152878
2532861.204464,250,6431.031328
-144015.328171,1,6431.051718
-155420.671254,1,6431.072593
1728239.027842,250,6435.853454
3621662.937616,250,6440.661277
1400680.707355,250,6445.493087
1512972.544873,250,6450.187285
2165045.3432,250,6454.9249
-117547.775709,1,6454.946989
1472221.342559,250,6459.692806
1186704.877447,250,6464.534067
-126268.264481,1,6464.554117
3072467.026166,250,6469.278253
-117646.351219,1,6469.297245
74140.35369,250,6474.165581
2907561.510256,250,6478.89553
-135090.160804,1,6478.919033
-143853.375482,1,6478.936003
-135229.888022,1,6478.956281
-126274.388848,1,6478.976491
-137256.083051,1,6478.997072
1584735.896134,250,6483.826986
-117655.39232,1,6483.847423
-126375.544169,1,6483.867134
-137438.918642,1,6483.889524
1896476.195982,250,6488.649548
-117560.0728,1,6488.667859
-135050.280359,1,6488.689857
3239272.219291,250,6493.511421
1630771.057609,250,6498.304963
3520545.526776,250,6503.094999
3192498.01813,250,6507.696421
827516.950603,250,6512.207482
-157734.68082,2,6512.243426
1525230.205273,250,6516.649347
1320593.599864,250,6521.152677
-93149.506172,40,6521.862108
867193.418737,250,6526.34994
652065.755028,250,6530.898982
1338605.598356,250,6535.410024
119595.968306,250,6539.88974
-137789.695553,1,6539.904385
3201861.598952,250,6544.396281
1761325.650439,250,6549.09824
-166865.4338,1,6549.115498
1424221.952235,250,6553.676172
1037690.470675,250,6558.176374
103065.704989,250,6562.780566
2669453.195624,250,6567.348636
3210299.526913,250,6571.826605
2782181.943981,250,6576.275492
3095035.887197,250,6580.887143
1651225.735081,250,6585.389598
3050343.878333,250,6589.848044
111437.180484,250,6594.453544
-143952.486254,1,6594.468204
3348460.114315,250,6598.88474
-126194.147008,1,6598.90489
3663750.445519,250,6603.421626
7427046.093638,158,6606.275572
1445773.778951,250,6610.708114
110305.610468,250,6615.153799
1444335.564858,250,6619.704754
3009870.746999,250,6624.224365
1663432.649941,250,6629.028931
7550608.882851,209,6633.034888
-135111.828323,1,6633.064196
-145769.072709,2,6633.10722
3113879.076136,250,6637.916075
1464387.932799,250,6642.737875
2509247.350019,250,6647.512722
1975614.717047,250,6652.396554
-135012.569205,1,6652.417804
1977694.954883,250,6657.233453
-124610.069008,2,6657.275028
120511.121102,250,6662.137678
1605850.90661,250,6666.986521
1166481.321729,250,6671.838661
1319411.174659,250,6676.682485
1021242.519399,250,6681.499331
81642.496165,250,6686.314687
7353490.573406,215,6690.436137
123392.60922,250,6695.122789
2530372.87982,250,6699.930937
-126372.835208,1,6699.956395
3968124.743665,250,6704.80164
1709383.49794,250,6709.577479
1205950.366583,250,6714.404353
2953338.683147,250,6719.265758
1407032.878358,250,6724.002189
115349.624845,250,6728.785512
-117546.793505,1,6728.806053
3246797.427849,250,6733.594904
-135015.249993,1,6733.615422
2919365.402853,250,6738.406195
3557973.906375,250,6743.225156
3047433.416454,250,6747.737321
117854.630409,250,6752.186322
3168456.459998,250,6756.59111
-163815.48262,2,6756.633158
3362748.008228,250,6761.103332
112463.900854,250,6765.581019
-117549.991979,1,6765.602093
2226382.300055,250,6770.061571
1055270.614487,250,6774.595842
-126279.894756,1,6774.61384
3228705.233075,250,6779.08902
2005949.679387,250,6783.526777
1436111.288533,250,6787.911283
126583.002019,250,6792.493964
2686282.411554,250,6797.143225
126283.892938,250,6801.681438
1507343.741353,250,6806.10384
5867335.048487,98,6807.86831
-169055.58186,1,6807.886455
-117700.531451,1,6807.905592
116150.922378,250,6812.304804
7618124.284877,192,6815.685883
6382894.158724,168,6818.758669
1618195.523742,250,6823.287437
2604111.478442,250,6827.69528
3575245.498107,250,6832.127685
2086029.78336,250,6836.562272
3053721.688927,250,6841.094028
5976250.391357,138,6843.578113
-126368.959648,1,6843.594665
2820534.693758,250,6848.053895
7576886.154734,204,6851.765823
1505590.719341,250,6856.149974
119498.796446,250,6860.606737
2318935.486515,250,6865.246519
61673.878728,250,6870.040248
99557.993614,250,6874.78023
123695.040441,250,6879.568654
4096451.931066,250,6884.385279
-126371.857389,1,6884.403212
1463816.088583,250,6889.191615
1329879.761779,250,6893.988245
-138631.683188,1,6894.005007
-135125.428709,1,6894.036202
115083.991508,250,6898.866781
-142040.384865,1,6898.886883
7872117.453434,213,6902.869857
128127.604721,250,6907.646273
-117642.911037,1,6907.665176
118464.083445,250,6912.463253
115035.866922,250,6917.253575
133411.833536,250,6922.016923
-135091.893129,1,6922.036854
2455224.121308,250,6926.843892
-135091.340974,1,6926.865185
-117565.782156,1,6926.884805
-160072.398922,2,6926.920408
2908902.788187,250,6931.661433
-134238.780219,1,6931.671532
1087647.698697,250,6936.374955
1920692.976505,250,6941.166129
2448546.319584,250,6945.958985
-135175.367022,1,6945.981557
2661667.76228,250,6950.775823
-117542.916349,1,6950.788345
-117550.376487,1,6950.808816
1375907.476304,250,6955.545012
8099502.093288,224,6959.766423
1286770.98588,250,6964.379508
2881275.075564,250,6969.139886
1304391.501622,250,6973.984202
3042897.314419,250,6978.752173
5679801.255072,128,6981.150652
3278507.698639,250,6985.808452
-126316.882551,1,6985.833454
129881.816144,250,6990.358676
3172069.7144,250,6994.838046
128616.422587,250,6999.370684
3801213.789557,250,7003.941746
1417971.786906,250,7008.343292
5956384.008416,102,7010.154132
3372624.295559,250,7014.650907
1210612.203834,250,7019.088399
-117698.10915,1,7019.098405
-117550.47497,1,7019.118909
-135150.648923,1,7019.139617
2344225.844945,250,7023.634935
1422818.256399,250,7028.095714
1922200.591376,250,7032.581908
3058989.505391,250,7037.0747
-134997.208646,1,7037.100377
99658.069286,250,7041.513186
836824.549202,250,7046.037089
-117643.156047,1,7046.055768
3912076.218715,250,7050.56314
5803465.635578,113,7052.559721
2752026.676158,250,7057.010219
-117650.394296,1,7057.028706
6229862.217892,150,7059.770895
-126278.020221,1,7059.79139
2404083.953722,250,7064.356444
-117554.890499,1,7064.377899
-143947.927999,1,7064.393426
1035280.18002,250,7068.95509
6390464.611397,132,7071.333596
2916378.998405,250,7075.932198
83545.271668,250,7080.325518
-135211.115105,1,7080.354201
-117546.071685,1,7080.376795
55093.902088,250,7084.804277
3075812.430737,250,7089.318995
2022592.974334,250,7093.731272
6134536.858086,140,7096.144293
3380425.310564,250,7100.581087
2007894.777859,250,7105.071549
1309389.935221,250,7109.950633
73174.312234,250,7114.754972
129403.143854,250,7119.600981
2838121.852908,250,7124.39774
2909240.377606,250,7129.186312
129545.010961,250,7133.992688
114886.870593,250,7138.764844
6298051.453278,139,7141.400417
-139507.119252,1,7141.423434
-165564.289871,2,7141.460777
-126363.683445,1,7141.481216
-142876.906692,2,7141.521559
119888.332321,250,7146.326472
3285233.069202,250,7151.08893
113886.644668,250,7155.845206
-155022.385227,1,7155.872115
-126188.395107,1,7155.894218
2779021.887198,250,7160.62958
-134991.049035,1,7160.654088
1630390.830154,250,7165.367386
-117550.62435,1,7165.387898
969544.637384,250,7227.375037
453767.617043,250,7231.880286
6255075.620238,144,7234.397396
3096691.417913,250,7238.937738
2544065.360136,250,7243.413253
2710241.873328,250,7247.919818
-117665.684056,1,7247.940544
105905.541787,250,7252.399446
5607891.085712,108,7254.327212
128698.543159,250,7258.911022
2600185.354477,250,7263.337275
2876384.015314,250,7267.823086
-135121.01108,1,7267.843555
2575730.991434,250,7272.274138
741944.953962,250,7276.714133
-155178.137027,1,7276.732349
-92117.830411,19,7277.065559
766201.125431,250,7281.482449
-135036.494376,1,7281.492707
6583812.955671,159,7284.285434
1137787.922929,250,7288.805407
7741794.676256,208,7292.461966
1191750.920859,250,7296.918434
2207971.149973,250,7301.452589
-117551.124335,1,7301.469418
490746.376793,250,7305.936335
-155198.812345,1,7305.956678
2958809.487941,250,7310.425071
2385174.40759,250,7314.931578
630817.704243,250,7319.380877
-137841.119707,1,7319.407161
-135191.213751,1,7319.421448
6167879.892045,155,7322.130174
-117545.040112,1,7322.140174
1556441.364662,250,7326.546057
99402.469019,250,7331.035442
3218704.43726,250,7335.494999
130497.968491,250,7339.947045
-503126.395982,250,7344.420292
1080826.014112,250,7349.17226
6190149.077028,96,7350.978796
82606.023366,250,7355.721009
1292168.228812,250,7360.5791
125215.880852,250,7365.343354
-135211.579758,1,7365.370531
3210553.826301,250,7370.143803
2816877.659341,250,7374.913554
129249.805265,250,7379.738269
3200856.512799,250,7384.389945
1247173.28826,250,7389.196569
-126274.158952,1,7389.223893
7242804.544824,212,7393.275363
6054308.1025,198,7397.087636
95888.974247,250,7401.83163
3129295.722586,250,7406.681989
109086.678583,250,7411.387516
3286355.737107,250,7415.959204
3345285.556563,250,7420.72905
7856256.873788,250,7425.504881
6370877.8898,101,7427.353278
6766852.056941,183,7430.867155
5651375.31464,71,7432.215966
1397894.744828,250,7437.034159
-135243.687179,1,7437.057568
6685589.72854,153,7440.017652
1195810.904646,250,7444.845005
-152784.644305,1,7444.869491
105107.536609,250,7449.646943
-135094.151659,1,7449.670653
7198980.921459,247,7454.390937
5968483.306796,119,7456.699314
131334.645782,250,7461.409246
-145813.276601,1,7461.430034
-125270.824606,1,7461.450806
6728538.051803,120,7463.731477
2383905.149672,250,7468.343345
2184898.389107,250,7472.966801
451439.71887,250,7477.42379
-158786.782052,2,7477.464974
2902736.104046,250,7481.969494
490699.033045,250,7486.437151
1732085.489372,250,7491.000209
1948418.63334,250,7495.444958
95837.859574,250,7500.023021
7109671.344203,176,7503.194547
233681.903767,250,7507.644514
114397.005389,250,7512.102951
-143965.353701,1,7512.123494
1308036.401821,250,7516.522192
1277438.976522,250,7520.997435
-135110.688651,1,7521.015964
132607.409434,250,7525.619512
-208212.751221,3,7525.693102
1410548.412062,250,7529.93086
2342113.436658,250,7534.27407
1167263.345893,250,7538.763252
-153614.946859,1,7538.785367
-154792.587534,1,7538.807489
1973466.899171,250,7543.336502
2082584.564498,250,7547.71135
110192.772318,250,7552.088729
96297.859567,250,7556.586603
1212201.229482,250,7561.08627
2847222.770634,250,7565.49037
122542.576473,250,7569.950124
-117554.369228,1,7569.967506
88540.591988,250,7574.483875
674574.319897,250,7578.880908
118700.937651,250,7583.217506
63037.368325,250,7587.933791
-166954.004246,2,7587.968194
6117069.652338,241,7592.586105
98571.504944,250,7597.356488
3447935.899304,250,7602.196816
101437.50294,250,7606.966066
6727328.085339,218,7611.166764
-175647.003139,2,7611.207845
620457.567751,250,7616.015041
6023994.235219,145,7618.813339
101516.727423,250,7623.561415
-135262.028874,1,7623.582369
1546265.315102,250,7628.378487
5786853.238722,150,7631.242101
108512.115786,250,7636.101443
6101262.756139,221,7640.291086
8821060.331935,247,7645.006522
6126872.100178,110,7647.07753
309977.641058,250,7651.881701
116595.646093,250,7656.591468
2056103.102152,250,7661.40388
1123769.456224,250,7666.136691
2948883.808429,250,7670.811967
2466478.988632,250,7675.602077
125929.947712,250,7680.397691
948016.987065,250,7685.120331
-152723.767187,1,7685.142781
1063858.581858,250,7689.828028
-143808.842137,1,7689.847128
109155.82876,250,7694.613117
997603.843898,250,7699.389757
-117550.893919,1,7699.412385
6542260.779387,142,7702.113783
-143862.60203,1,7702.124168
935681.161648,250,7706.798858
6584889.308893,229,7710.944825
6220722.924683,178,7714.076893
-159569.891992,1,7714.08727
-156935.061975,2,7714.127562
128619.809058,250,7718.628
-135099.244585,1,7718.648623
5667090.430111,74,7719.973202
773698.093837,250,7724.360942
535256.616629,250,7728.889313
7531524.562713,215,7732.797358
127474.440406,250,7737.329213
1453434.818356,250,7741.793751
6849319.137606,170,7744.774565
-117561.71233,1,7744.795042
953691.506715,250,7749.244482
105710.134828,250,7753.725596
-143282.748636,1,7753.749804
1612701.765154,250,7758.260434
88995.371437,250,7762.622501
6298445.175074,149,7765.290762
-170968.207646,2,7765.316604
60394.382535,250,7769.875426
993615.016459,250,7774.29408
5766593.570415,127,7776.539814
-166829.520657,2,7776.573803
-167575.615888,2,7776.610501
1327018.606977,250,7781.173977
-135107.885188,1,7781.183878
-155178.643458,1,7781.211877
533345.75834,250,7785.619762
-137646.906393,1,7785.635402
5749710.465098,83,7787.091716
133800.458751,250,7791.466644
6234677.651162,195,7795.06872
127796.983782,250,7799.501598
6180057.54714,140,7801.984354
2005587.121431,250,7806.441611
7743845.114508,211,7810.199144
691295.830213,250,7814.633809
109636.762389,250,7819.009196
95262.604971,250,7823.451054
-117692.921811,1,7823.472716
530344.264594,250,7828.337203
126160.64529,250,7833.164081
-117643.654742,1,7833.182609
-151916.656946,1,7833.202749
-135112.418697,1,7833.225371
107449.007746,250,7838.017809
-143952.860359,1,7838.037986
129271.375692,250,7842.904088
-117676.505673,1,7842.920817
112312.513296,250,7847.743633
-135192.707539,1,7847.764039
103533.710484,250,7852.530043
-153845.744195,1,7852.550551
-154612.358011,1,7852.571424
126509.893049,250,7857.369607
684693.966847,250,7862.178128
124783.68025,250,7866.978585
1436098.209937,250,7871.774937
6287570.882818,158,7874.945998
1717595.576558,250,7879.82654
124274.137617,250,7884.693542
6226981.889858,154,7887.667838
-117567.656902,1,7887.687877
-163312.721843,1,7887.698272
1485900.235355,250,7892.404965
-155305.612921,1,7892.425164
2858608.667285,250,7897.156724
1109833.468719,250,7902.01348
-137328.743911,2,7902.050137
1894004.872412,250,7906.752147
101326.206727,250,7911.5171
-117550.097401,1,7911.537615
5782674.43549,110,7913.670663
107208.326702,250,7918.492098
6275890.922394,138,7921.139776
-174667.189688,2,7921.181416
71425.343143,250,7925.90099
392496.428009,250,7930.624722
892984.308978,250,7935.440735
5850934.372266,122,7937.713745
7698186.079433,211,7941.752835
-126301.446427,1,7941.761283
-117548.124733,1,7941.791726
-117545.472336,1,7941.812091
90639.2996,250,7946.312085
6827299.8986,238,7950.586247
1896210.299001,250,7955.016047
-126284.964661,1,7955.034466
-135020.321931,1,7955.056495
859541.71051,250,7959.573937
770064.685113,250,7964.075037
664810.003753,250,7968.486667
2727225.502164,250,7972.967772
-143837.926916,1,7972.98676
2728452.594267,250,7977.55801
116946.54966,250,7982.079893
-135031.66233,1,7982.092478
-143954.745078,1,7982.114897
6471357.392445,141,7984.571709
-117556.960868,1,7984.591852
-126289.060481,1,7984.612175
6397460.216474,108,7986.545604
100100.455826,250,7991.004408
5879820.099495,110,7992.972874
2375646.529525,250,7997.415774
6256517.829477,100,7999.215387
6907713.039471,228,8003.303887
2361270.501103,250,8007.755672
102431.760007,250,8012.169327
-117668.913905,1,8012.186359
100691.785365,250,8016.624121
-126187.738753,1,8016.644816
6614814.192079,248,8021.105997
7926500.774032,217,8024.937267
-143978.342846,1,8024.96346
736034.541745,250,8029.379233
5593531.370023,136,8031.794811
-155230.06616,1,8031.817612
6092044.726453,129,8034.129737
849777.356523,250,8038.573908
92891.082977,250,8042.992992
-135089.481349,1,8043.013222
130259.844064,250,8047.433316
7318182.935359,199,8050.935936
-143918.142421,1,8050.956002
122500.768531,250,8055.387434
96403.76824,250,8059.901384
6729582.099891,212,8063.615106
1059256.261726,250,8068.397135
-126303.274539,1,8068.418916
-135086.22451,1,8068.438022
7056050.463667,223,8072.6385
5715901.644061,93,8074.428754
891236.894002,250,8079.26417
90698.903023,250,8084.088593
5967856.258107,113,8086.285343
706817.6597,250,8091.119005
5534120.337675,90,8092.862131
6082387.007491,96,8094.737175
-65580.239008,107,8096.796374
6457122.4159,168,8100.017262
839908.877227,250,8104.811726
1531571.207974,250,8109.58713
-135188.560263,1,8109.605876
6484248.955521,151,8112.449044
5915507.137994,118,8114.826777
-143912.809511,1,8114.847655
127432.14768,250,8119.587083
5861693.178023,111,8121.68448
581417.931255,250,8126.514709
-151101.212855,1,8126.535047
-117553.549836,1,8126.554995
126846.826913,250,8131.253582
451177.975623,250,8135.91069
6450260.383251,174,8139.174625
6033784.052103,117,8141.394179
104138.6349,250,8146.106668
5858581.833113,115,8148.228303
5650609.649125,59,8211.843076
-145644.142978,1,8211.877929
-117562.134841,1,8211.900388
7663325.201751,237,8216.133767
80551.818024,250,8220.508482
981574.59389,250,8225.095158
5974826.342135,90,8226.702381
6289754.273695,157,8229.479469
100190.631675,250,8233.956891
-135009.221296,1,8233.97714
-117548.773981,1,8234.001881
111337.827136,250,8238.511824
6041936.882011,126,8240.796111
108931.395563,250,8245.201701
-126265.948416,1,8245.222406
560466.328021,250,8249.596412
-117547.775159,1,8249.617064
820148.828946,250,8254.155587
-135119.336136,1,8254.17582
1229315.740695,250,8258.68046
-117674.042613,1,8258.690477
126740.40198,250,8263.196324
6318249.297978,172,8266.226608
146608.405542,250,8270.64921
-137730.974967,1,8270.666721
669497.768468,250,8275.138733
-117559.661134,1,8275.158505
6224124.295294,141,8277.674181
-152330.542183,1,8277.684299
-126361.437516,1,8277.706854
102420.810763,250,8282.204553
133523.145877,250,8286.647124
6068065.497293,103,8288.43019
5797590.05705,99,8290.159074
119551.286238,250,8294.656023
1370400.962388,250,8299.105068
112959.794986,250,8303.607036
2737339.958618,250,8308.510737
133439.473149,250,8313.358418
5845495.529722,112,8315.467843
-142947.882399,1,8315.486096
7371347.979292,220,8319.716383
85883.251654,250,8324.563015
137550.520031,250,8329.360908
1932282.62958,250,8334.13728
-143919.842299,1,8334.16401
-135098.030133,1,8334.183326
342803.099879,250,8338.973321
117345.881834,250,8343.869235
114462.241931,250,8348.59904
-126406.478846,1,8348.618109
94420.873604,250,8353.316416
117425.213588,250,8358.172447
6575792.878123,222,8362.448213
529474.817281,250,8367.153659
854075.546733,250,8371.883575
7056940.80353,190,8375.510824
6182766.998736,130,8377.996176
1514324.823954,250,8382.58176
-135090.159468,1,8382.602353
96751.214668,250,8387.349526
128400.814629,250,8392.194242
6459417.337654,182,8395.559032
5992293.515311,113,8397.695251
1348973.704989,250,8402.477962
-139571.682394,1,8402.49848
6590500.948586,141,8405.255369
105962.984021,250,8409.902288
6149916.79576,135,8412.408445
-134982.65141,1,8412.428732
6096046.593678,133,8414.948979
-135043.403532,1,8414.970041
6761915.480454,173,8418.280216
1161312.855837,250,8422.987511
6170824.700869,145,8425.632822
-126286.098528,1,8425.652065
5533582.116057,55,8426.603205
-137636.51881,1,8426.623947
130175.815823,250,8431.142653
-135154.030181,1,8431.153001
-135115.615342,1,8431.175124
102872.475341,250,8435.634551
412726.571431,250,8440.14213
-91732.651548,27,8440.632018
2988423.827809,250,8445.138504
292009.09054,250,8449.681607
-166424.30244,2,8449.728398
-157560.446534,1,8449.752432
6629146.897156,155,8452.647804
5966355.77304,93,8454.322898
499925.322934,250,8458.667946
857889.632232,250,8463.216052
1148118.806836,250,8467.634628
104083.279426,250,8472.04572
6718573.642864,165,8474.91609
6281168.606973,131,8477.249033
711575.769728,250,8481.674801
-158645.539383,1,8481.695379
736430.649225,250,8486.101048
5563659.92776,73,8487.357094
-135163.240342,1,8487.376783
296023.143109,250,8491.797138
6209347.090834,125,8493.976019
7399393.861247,185,8497.165628
-135188.19017,1,8497.186402
6305385.471406,177,8500.383472
128159.995952,250,8504.871575
-126276.863728,1,8504.891661
14521.523557,250,8509.442621
1085794.70089,250,8513.896577
6087788.549659,155,8516.682086
-126287.254216,1,8516.702025
126131.979514,250,8521.191263
-135091.176191,1,8521.21182
-126270.302402,1,8521.23269
-155152.536643,1,8521.253458
-135197.314451,1,8521.274219
-116567.555444,1,8521.294915
649883.395043,250,8525.858735
6444278.080348,184,8529.124035
122603.361711,250,8533.591599
6206888.363843,155,8536.461323
1455384.150582,250,8540.866063
493768.983254,250,8545.462743
-145829.093015,1,8545.483213
-117550.507069,1,8545.50351
-126293.704134,1,8545.517016
-154147.724527,1,8545.544005
-143908.616102,1,8545.562797
72962.956227,250,8550.460339
763368.834842,250,8555.265217
-182689.225762,3,8555.322759
5926977.743238,119,8557.591003
594788.101764,250,8562.342356
96089.21365,250,8567.108844
-135197.626337,1,8567.128912
-125266.608881,1,8567.15358
6739018.058722,237,8571.716602
-135392.028942,1,8571.736302
2642535.644407,250,8576.484334
-117551.979617,1,8576.503478
5993443.43154,103,8578.444793
-117564.693801,1,8578.475467
5812593.776332,60,8579.610236
6398576.868094,145,8582.409877
2381962.790933,250,8587.112746
-117550.446933,1,8587.135981
2990933.66083,250,8591.862674
129399.38584,250,8596.719892
-135186.670643,1,8596.740941
1047865.475801,250,8601.544404
1549594.423819,250,8606.310277
902229.56032,250,8611.037444
6698586.772419,123,8613.409524
-117555.873182,1,8613.429576
6564891.666621,208,8617.300649
6390587.541012,161,8620.368608
693702.182574,250,8625.133724
127490.724087,250,8629.987199
768031.638308,250,8634.772737
6686305.562946,185,8638.243458
6624207.552537,222,8642.466023
-166702.516304,2,8642.503526
-143907.151338,1,8642.527933
130883.603369,250,8647.394388
5693632.815496,155,8650.190842
-155082.000261,1,8650.212538
766803.265102,250,8654.878034
84046.499139,250,8659.58417
-117676.865044,1,8659.603324
116016.928171,250,8664.188206
928662.635402,250,8668.664456
-126374.382913,1,8668.682643
108783.532386,250,8673.182537
-135086.170116,1,8673.202606
2727372.051214,250,8677.719091
-137778.759748,1,8677.739654
1232426.898595,250,8682.207031
129003.070115,250,8686.745514
-135083.896075,1,8686.764003
6025446.444606,113,8688.815288
157526.19693,250,8693.372303
97369.084692,250,8697.877378
110121.519446,250,8702.395561
-137620.544662,1,8702.413325
1469055.980864,250,8706.940712
337057.264282,250,8711.471412
6072200.237821,139,8713.994918
359062.666747,250,8718.493045
-126376.68939,1,8718.509082
1218875.234359,250,8722.878854
602823.341839,250,8727.203425
-126402.993124,1,8727.213679
6866379.303967,166,8730.213661
1155104.78808,250,8734.851777
101299.36841,250,8739.352958
1616461.90428,250,8743.742127
-135209.772384,1,8743.759966
249572.868855,250,8748.248731
-154575.80739,1,8748.269297
1042348.726881,250,8752.653548
-126262.408655,1,8752.674395
-159095.863078,2,8752.715725
87717.923892,250,8757.196877
5750609.397734,115,8759.274834
-143955.141772,1,8759.294188
-117647.984588,1,8759.310251
131355.611973,250,8763.795736
130314.119192,250,8768.27517
7566330.586798,237,8772.49525
6508700.667582,222,8776.519351
384710.246163,250,8781.038616
88803.045945,250,8785.613521
-135110.687987,1,8785.636078
-135093.105607,1,8785.65494
6631550.544946,184,8789.245712
5853025.139207,113,8791.400949
-117542.104675,1,8791.421662
104909.53489,250,8796.190425
559183.860543,250,8800.912931
-154085.892514,1,8800.933904
1629396.606037,250,8805.778286
717036.479872,250,8810.582033
5579228.706219,92,8812.357055
6788107.477696,238,8816.952929
-117545.651307,1,8816.973451
-117556.255121,1,8816.993991
124447.093534,250,8821.873921
6273822.909664,161,8824.962767
5963950.236155,140,8827.695631
-137334.445575,1,8827.715814
315410.786995,250,8832.483756
367357.905723,250,8837.309548
130947.658228,250,8842.118388
651734.625798,250,8846.832278
117031.229612,250,8851.571806
6326742.473877,132,8854.071434
6441768.558076,174,8857.334978
-117546.132653,1,8857.355262
6537809.723125,175,8860.670715
6865386.120681,128,8863.099761
-117546.371366,1,8863.109849
-151076.98299,1,8863.139457
-149360.256731,1,8863.159562
924552.364349,250,8867.893615
94151.078687,250,8872.679569
1002500.336029,250,8877.343433
943558.115692,250,8882.04229
-126267.053138,1,8882.06285
677777.515427,250,8886.859975
6628925.864733,162,8889.86829
124116.270314,250,8894.601827
784050.138817,250,8899.413843
126793.017635,250,8904.14818
6543477.805118,132,8906.503095
-135195.939086,1,8906.512596
6016126.036782,109,8908.459461
5749603.760259,72,8909.742675
6105844.08645,124,8911.968662
-135087.10713,1,8911.988806
-126305.464869,1,8912.009034
-133088.03463,1,8912.029088
-117656.921837,1,8912.05026
121584.475334,250,8916.529245
-135000.765449,1,8916.549709
6283409.065271,162,8919.443602
120837.285097,250,8923.879014
-135090.160815,1,8923.889331
336807.254053,250,8928.357864
116564.399411,250,8932.902642
-143908.476673,1,8932.9247
5894348.308987,126,8935.173017
1205859.087266,250,8939.600525
-156866.072757,2,8939.641177
1403708.457407,250,8944.098316
-189981.346205,2,8944.139458
-152624.876865,1,8944.159561
6019901.370423,130,8946.499197
94567.336068,250,8950.967362
-117562.137657,1,8950.987817
6440061.033393,166,8953.914282
1744694.629166,250,8958.390903
-117670.452528,1,8958.421557
109545.356343,250,8962.905007
-117548.199511,1,8962.92251
576920.796528,250,8967.354086
581147.159003,250,8971.803722
943426.177625,250,8976.257665
-155163.739941,1,8976.275278
6485273.053085,166,8979.282334
587963.378469,250,8983.719
6579668.5222,132,8986.089077
-126378.526345,1,8986.105592
6236065.868051,155,8988.862849
763211.51277,250,8993.287821
234292.652997,250,8997.785737
946424.913035,250,9002.34538
207349.774848,250,9006.768932
2304781.715177,250,9011.110677
107803.274421,250,9015.535798
5961429.341452,77,9016.893009
-117547.91801,1,9016.910085
1356999.588905,250,9021.506987
122546.662262,250,9026.031068
-135089.074087,1,9026.054338
6212314.082328,121,9028.428009
-135088.040579,1,9028.44739
5964686.336303,107,9030.522863
139119.418906,250,9035.369659
5877013.452009,87,9037.024576
-136433.357531,1,9037.05526
437494.240167,250,9041.790865
113944.202491,250,9046.64033
-135252.279223,1,9046.658543
7579254.326342,234,9051.13783
721176.468961,250,9055.920011
6157296.089816,138,9058.605326
117726.689192,250,9063.398523
1503705.697295,250,9068.183997
106227.382249,250,9072.962744
868499.559048,250,9077.845143
5759359.734213,172,9081.210297
763313.730527,250,9085.991421
5717921.842437,65,9087.195313
-117645.530698,1,9087.21559
6270632.085779,118,9089.386186
6110648.676851,171,9092.679297
-158025.851898,2,9092.724336
-134994.895903,1,9092.738586
-135219.007352,1,9092.763966
5971693.235553,106,9094.83123
117978.812147,250,9099.641224
3343903.052094,250,9104.325379
7601626.977505,250,9109.043995
6291208.062889,140,9111.723027
-135175.041153,1,9111.744772
823597.012894,250,9116.404229
6505491.969556,164,9119.469078
-117545.606211,1,9119.493438
-154493.68886,2,9119.532112
6329566.850453,150,9122.402966
168143.947131,250,9127.156307
6656776.4049,193,9130.750301
-127373.108469,1,9130.767072
-172655.349993,2,9130.810278
96276.903599,250,9193.390475
5719835.329821,90,9195.054869
-177686.364954,2,9195.095047
7052331.445774,204,9198.699907
90745.419008,250,9203.244044
6225610.789586,129,9205.579206
6612787.38674,220,9209.388582
753862.831548,250,9213.803018
6168709.452178,134,9216.153306
115627.216756,250,9220.508977
-117547.849664,1,9220.521492
315512.891248,250,9224.954205
1081033.612884,250,9229.489179
6978493.859447,207,9233.211746
84773.875797,250,9237.604881
148528.031253,250,9242.107387
88374.418567,250,9246.669911
221289.59408,250,9251.191329
6415289.534873,168,9254.172498
6141624.468729,123,9256.328374
387189.196452,250,9260.822946
121032.615923,250,9265.355163
-96898.641287,16,9265.649419
-98213.592791,18,9265.986634
115268.74824,250,9270.846268
-117553.101758,1,9270.867772
6063864.72162,133,9273.462189
-143925.485259,1,9273.485066
-133102.779862,1,9273.5087
163276.746551,250,9278.299729
114661.263934,250,9283.146924
62764.49897,250,9287.626698
5924653.403859,97,9289.420089
-117543.944274,1,9289.44105
-173940.717563,2,9289.472096
95567.990959,250,9294.085989
-117549.688139,1,9294.096155
-117563.254099,1,9294.116957
7120853.464766,228,9298.450981
1468579.59293,250,9303.21189
-117651.008985,1,9303.232152
2251252.843654,250,9308.07285
-135127.220044,1,9308.092562
129765.479237,250,9312.903913
-117549.187139,1,9312.924544
119513.779541,250,9317.709225
-137642.757569,1,9317.733488
124976.258935,250,9322.589781
-135127.518113,1,9322.603278
-135125.246349,1,9322.633497
185256.067335,250,9327.453574
6402296.058261,147,9330.209505
102667.387643,250,9334.983848
6855091.758013,231,9339.334065
5985807.800654,127,9341.702423
2503720.802067,250,9346.32009
-152801.808218,1,9346.347042
133979.141876,250,9351.133818
7021762.753079,204,9355.046468
-135125.733799,1,9355.067586
200278.976742,250,9359.816621
3009412.092036,250,9364.655346
103354.318347,250,9369.371482
-116573.404464,1,9369.393479
-117546.76052,1,9369.415736
-126305.643529,1,9369.437467
-154869.204113,1,9369.451713
6159020.079868,134,9371.938207
113295.007114,250,9376.66092
6447268.138267,167,9379.819845
-135221.915704,1,9379.841762
-126266.141264,1,9379.862133
6655522.231665,122,9382.194232
-117561.795339,1,9382.210975
-103978.670097,14,9382.475297
2247069.570897,250,9387.080211
222590.980728,250,9391.535753
292658.302903,250,9396.028687
148015.172199,250,9400.485229
5970482.782211,123,9402.680348
-117546.253404,1,9402.701089
-126362.932163,1,9402.721526
5534234.323909,63,9403.911074
7479994.458886,229,9408.038959
-182331.882757,2,9408.07224
6977300.93879,226,9412.188943
5891902.640226,185,9415.473992
-126181.626358,1,9415.484015
-117596.658121,1,9415.504332
-117544.186751,1,9415.530354
-142354.478438,2,9415.5643
-137499.918316,1,9415.580112
-117545.040651,1,9415.595943
-117552.155093,1,9415.605987
-135233.647227,1,9415.626322
478419.469286,250,9420.082547
2164375.734488,250,9424.528491
6092943.921603,133,9426.920471
-143923.337522,1,9426.935269
136190.707633,250,9431.488915
-117599.924198,1,9431.509571
-135095.955733,1,9431.536682
-126390.323697,1,9431.545648
7000218.144118,183,9434.744258
6615493.226349,187,9438.101385
-165367.580398,2,9438.141771
-135089.204261,1,9438.16265
5930223.263466,216,9442.028225
485861.430526,250,9446.624577
6387506.46474,96,9448.388249
-143944.744428,1,9448.408357
-117558.859894,1,9448.420441
-141570.062948,1,9448.438632
6597790.327041,203,9452.024199
2082950.417533,250,9456.545143
1934290.207697,250,9461.02286
-117545.379581,1,9461.043261
1908347.881557,250,9465.504723
6992632.044898,192,9468.857047
-167470.807302,2,9468.892242
169269.761419,250,9473.275337
-135116.38611,1,9473.296144
-142768.915163,1,9473.30641
-117564.102078,1,9473.331907
1240436.502325,250,9477.824665
6373661.734191,154,9480.49795
1076135.10388,250,9484.889548
6470933.013237,141,9487.47566
-135090.634485,1,9487.498305
55854.548496,250,9491.952987
5997219.547406,127,9494.228193
125496.616235,250,9498.65785
120749.049873,250,9503.185367
6078329.083929,120,9505.379364
115855.788965,250,9510.149226
412278.46595,250,9514.947522
7408025.308236,239,9519.620347
-117658.308139,1,9519.639093
6935437.906385,206,9523.53027
-88845.097061,17,9523.85182
467307.665085,250,9528.660683
107636.008931,250,9533.460354
-135012.546508,1,9533.487888
-135086.382664,1,9533.510389
101598.654776,250,9538.329885
118611.025808,250,9543.151592
-126381.457498,1,9543.17168
6253101.040673,154,9546.138715
1464495.590974,250,9551.00227
122194.436115,250,9555.813394
138539.048231,250,9560.596128
-142159.763314,1,9560.616957
479934.831838,250,9565.424458
1520923.199638,250,9570.092631
317340.782267,250,9574.769439
-126328.636599,1,9574.789914
-135089.790208,1,9574.810382
5874711.621753,122,9577.192135
5715071.233104,118,9579.537979
6069129.641414,99,9581.382185
6751646.2014,217,9585.456496
123687.987279,250,9590.246259
114044.478388,250,9595.076337
5969420.240943,94,9596.851437
-135088.034214,1,9596.868597
6067245.4308,171,9600.035373
5695676.950739,85,9601.61909
-147448.124621,2,9601.653236
1805189.310321,250,9606.449058
-117559.83988,1,9606.472356
117453.438798,250,9611.265109
93547.323676,250,9615.975095
6182866.642176,169,9619.030553
-117568.257795,1,9619.048777
93043.611196,250,9623.75483
-135216.319222,1,9623.77742
-152399.08597,1,9623.796976
6416969.436427,149,9626.498454
150548.465468,250,9630.85197
379277.823169,250,9635.381003
-169198.980357,2,9635.418704
6667728.697863,249,9639.897235
-146470.689125,1,9639.915286
-117653.192994,1,9639.935631
-154679.421452,2,9639.972395
-165603.521005,2,9640.010723
-134990.343673,1,9640.029274
-117548.223631,1,9640.049814
-144733.479351,1,9640.070054
-126273.27395,1,9640.080094
-126298.901887,1,9640.10042
-154476.6432,1,9640.120728
6550471.903353,151,9642.763051
277624.729454,250,9647.166298
-135130.005407,1,9647.188058
121495.805712,250,9651.643272
367093.223407,250,9656.217104
1254501.797532,250,9660.592906
7068030.983099,215,9664.516737
6231845.124606,123,9666.783575
471206.128284,250,9671.311292
-179710.531557,2,9671.349782
112876.722105,250,9675.821743
6787964.14065,156,9678.609439
5813268.382686,107,9680.538858
-135493.630263,1,9680.561224
-117649.784641,1,9680.571504
-164779.484168,1,9680.591948
7804208.328327,220,9684.631894
1740073.388169,250,9689.122111
-149425.94839,1,9689.141538
6472432.715431,158,9691.94742
101152.949131,250,9696.527467
6010818.889564,177,9699.720278
6057687.411868,94,9701.405112
-168506.171243,2,9701.4388
5805453.3376,71,9702.682747
-117650.157745,1,9702.707003
108839.332414,250,9707.152796
6390758.978917,149,9709.872756
117179.780669,250,9714.356108
72759.170956,250,9718.790565
98236.266883,250,9723.260105
331950.625369,250,9727.711814
-87355.289364,17,9728.031879
-126409.02813,1,9728.062292
1676054.964909,250,9732.605962
7136238.958798,208,9736.274806
-126304.953802,1,9736.296044
-143970.466961,1,9736.316091
6253465.209767,177,9739.48873
6339674.925775,180,9742.730248
97240.435349,250,9747.406976
-201652.257555,2,9747.461723
-147145.19345,23,9747.963814
-143922.439436,1,9747.985948
146459.693694,250,9752.74681
73112.805702,250,9757.580829
285871.718416,250,9762.358259
5560115.322137,121,9764.679604
-170257.463882,1,9764.698011
6476206.068525,161,9767.776193
-135122.212682,1,9767.804402
-155306.787733,1,9767.825523
102266.078871,250,9772.624473
6880534.332649,182,9776.12631
1604514.017206,250,9780.902589
5963077.923601,96,9782.73116
1656283.743916,250,9787.54073
-184779.223426,2,9787.578691
6391979.755564,140,9790.268394
85142.099764,250,9794.979913
6418099.041347,144,9797.688917
-159139.546504,2,9797.729154
-117543.487406,1,9797.749437
7576930.86838,199,9801.514524
128213.237127,250,9806.292284
6396768.704019,146,9809.050247
107825.071365,250,9813.717953
1357728.182483,250,9818.484887
-126368.225647,1,9818.510278
6516729.975424,186,9822.07399
69768.909007,250,9826.745574
-126172.561913,1,9826.765571
-134995.693583,1,9826.78638
6454873.383468,141,9829.502843
119216.938415,250,9834.309798
-152050.890938,1,9834.330649
112351.395995,250,9838.953426
6491522.191575,184,9842.382439
-126368.572556,1,9842.405203
-117584.618741,1,9842.428352
-137710.469758,1,9842.444324
5974899.460245,124,9844.825599
-117556.119544,1,9844.84132
1860594.678852,250,9849.630121
6099898.254759,153,9852.52607
1577781.089915,250,9857.287923
-135305.717204,1,9857.304209
-117466.183448,1,9857.324658
-134124.307703,1,9857.344973
-154085.170684,1,9857.365242
5950275.302509,139,9860.070557
115549.716025,250,9864.934125
6179593.836326,87,9866.538122
6155315.722052,181,9869.772774
5995329.063769,107,9871.640009
-166665.303769,2,9871.674847
-143919.93957,1,9871.696347
6812082.337793,199,9875.222034
92757.03246,250,9879.695802
5454952.666758,53,9880.648496
-155168.833407,2,9880.689317
636535.320192,250,9885.056063
5953237.154904,88,9886.633908
-143847.957838,1,9886.656729
6002652.467832,118,9888.686462
6519226.245591,157,9891.578763
-117548.872827,1,9891.599211
112063.04934,250,9896.168585
99101.732332,250,9900.583296
2414289.85985,250,9905.078126
5987798.305272,134,9907.508247
91805.056843,250,9912.105669
1852300.214572,250,9916.632505
-126378.618644,1,9916.653053
5556561.590543,106,9918.513765
101663.371854,250,9922.97172
463236.387723,250,9927.300797
7208662.266317,200,9930.852056
1346646.703003,250,9935.329443
6814116.512648,195,9938.793285
6207546.992854,197,9942.397918
118090.635103,250,9946.827155
1343388.67446,250,9951.363869
5709987.142223,101,9953.195247
108771.949514,250,9957.642165
-143819.487632,1,9957.66858
5975512.08153,164,9960.568404
178822.403938,250,9965.014855
7464420.684401,226,9969.136824
6290269.041988,141,9971.597285
-117551.843723,1,9971.607636
115679.157812,250,9976.025294
-135210.51304,1,9976.048176
-135105.618732,1,9976.070255
-117448.627001,1,9976.087485
6822732.461561,159,9978.93872
101656.863128,250,9983.410505
6191808.305756,142,9986.019247
2519419.669352,250,9990.873696
6370294.150259,223,9995.197248
-135116.556991,1,9995.218322
-117545.612781,1,9995.236204
5925211.451751,155,9998.179227
135707.935445,250,10002.928934
117791.558067,250,10007.607722
5838400.302888,91,10009.365761
130970.86867,250,10014.205852
135557.486968,250,10019.021217
6377303.419753,233,10023.52138
2347759.947989,250,10028.353431
-183430.069332,2,10028.394866
7088429.84467,210,10032.429143
6422862.500048,159,10035.576905
-117546.94224,1,10035.598842
119096.482997,250,10040.384227
-117550.042831,1,10040.409702
5662053.487406,95,10042.205378
-117563.872076,1,10042.227953
1409083.697354,250,10047.03084
123326.380825,250,10051.720369
-117570.938,1,10051.740338
1755459.715785,250,10056.52565
-117654.149397,1,10056.546839
5969754.242656,173,10059.86543
100399.242619,250,10064.683579
-117548.989249,1,10064.703103
6074573.513379,114,10066.82035
1791825.283664,250,10071.613506
122089.894767,250,10076.41786
378110.857835,250,10081.224772
7960669.802689,226,10085.640934
6737227.842731,169,10088.868014
6332939.234579,168,10092.04849
70459.576187,250,10096.728719
126396.877065,250,10101.469683
1110105.543119,250,10106.115669
373214.792177,250,10110.501722
5913700.615486,102,10112.334009
-117547.758975,1,10112.360631
5843652.314167,107,10114.31529
-117549.088634,1,10114.337609
5962719.369802,148,10116.941255
6541264.121993,132,10181.69881
554126.79874,250,10186.203582
5973817.752322,128,10188.51463
6787714.960999,242,10192.916656
-155321.988619,1,10192.930566
749909.303664,250,10197.353933
-117565.93761,1,10197.373622
40417.515007,250,10201.823862
6540990.551225,159,10204.696739
-126277.195549,1,10204.718792
6258696.747864,120,10206.886363
-135099.637919,1,10206.896393
133811.68366,250,10211.294582
312726.085816,250,10215.806493
123029.299355,250,10220.284443
7123376.871185,186,10223.59342
6413782.795081,132,10226.113041
-161532.510943,1,10226.133415
6124519.659019,133,10228.687883
110834.702446,250,10233.495501
83782.840708,250,10238.317084
207564.596552,250,10243.123925
-135117.631121,1,10243.144199
98724.379353,250,10247.968235
102456.050364,250,10252.736052
1122929.011519,250,10257.586175
-143833.432955,1,10257.606633
6708430.726681,178,10260.993503
112823.739354,250,10265.79414
663065.311137,250,10270.566611
1895888.230209,250,10275.319178
6127631.495139,144,10278.13433
87929.423152,250,10282.951853
112678.30305,250,10287.774457
745560.698194,250,10292.461515
965627.509848,250,10297.171934
-168637.058738,2,10297.210015
-117547.999842,1,10297.229164
-117548.606635,1,10297.255516
6681301.459142,154,10300.146997
-117548.596968,1,10300.167288
6071051.727591,108,10302.195722
117979.713731,250,10306.937036
-117557.09039,1,10306.966252
-135010.640563,1,10306.978671
119532.803122,250,10311.747722
-126370.361418,1,10311.775226
101932.651018,250,10316.5308
5723416.141014,103,10318.417523
99958.491114,250,10323.094202
124486.832584,250,10327.883719
-117550.997757,1,10327.906944
97657.621328,250,10332.721487
6220635.593483,141,10335.403984
-117553.480521,1,10335.425147
6884243.59235,192,10338.995801
6112849.992903,184,10342.552665
6318285.918905,235,10346.941319
6642318.684141,234,10351.162136
6590620.52517,209,10354.89283
5809528.20599,122,10357.032982
5713466.187268,105,10358.948555
6492523.745271,158,10361.824016
-117560.984203,1,10361.844093
7952616.236552,219,10365.754626
599494.946096,250,10370.254635
5642744.752693,100,10372.069464
-135193.899595,1,10372.084415
6179741.703899,127,10374.438225
107796.338344,250,10378.869122
6101143.011929,183,10382.07475
6533489.604305,145,10384.693537
-135092.02395,1,10384.703645
6222715.879703,114,10386.704151
131413.195576,250,10391.089209
56056.66219,250,10395.55097
-135207.123082,1,10395.570958
6569395.010156,165,10398.534912
-135087.071328,1,10398.55526
-135101.37177,1,10398.574283
112359.699465,250,10403.047178
6386764.237738,231,10407.252
6780524.51074,214,10411.131051
6688987.190755,204,10414.807112
-135226.565163,1,10414.827888
6051485.082278,82,10416.302627
-152863.615806,1,10416.321667
105657.774418,250,10420.785587
519187.076591,250,10425.221463
-143515.624246,1,10425.241681
47872.411957,250,10429.735791
974017.676806,250,10434.185093
98809.686091,250,10438.628178
6871268.568839,209,10442.318548
-157083.647661,1,10442.338296
-164686.445872,1,10442.358829
-126305.577341,1,10442.381557
5764645.249068,148,10444.942825
6249873.995386,136,10447.349584
-135093.586639,1,10447.366455
1504721.770007,250,10451.827595
-135084.665377,1,10451.848001
104487.927241,250,10456.274833
6102682.476791,140,10458.809731
-371704.646029,250,10463.249756
-117550.528634,1,10463.275678
-125401.237271,1,10463.293451
-132122.66937,1,10463.3091
1137643.058992,250,10467.998075
5431290.512288,41,10468.774165
6214377.403078,167,10472.023679
6108475.838938,113,10474.171944
120068.33579,250,10479.014925
125295.439145,250,10483.846413
413543.345011,250,10488.710362
-167219.909845,2,10488.744843
6307669.722633,173,10492.135735
-117648.961182,1,10492.15725
6211541.496702,162,10495.311625
-117460.215514,1,10495.32999
-117573.794914,1,10495.349969
107535.832554,250,10500.128824
-157175.155712,1,10500.14948
128562.339259,250,10504.977412
-158187.00316,2,10505.017935
-117549.006113,1,10505.037589
605277.164413,250,10509.871471
552151.256422,250,10514.687189
5817526.168304,100,10516.623964
-154903.892033,1,10516.643772
-117548.935386,1,10516.663855
82747.650172,250,10521.539985
-135096.361622,1,10521.561328
265256.261913,250,10526.428809
109077.535464,250,10531.086454
-135155.847649,1,10531.106823
-117651.795198,1,10531.119136
-134989.105508,1,10531.139616
-169852.466019,2,10531.180656
5467443.510971,93,10532.927615
2074136.753469,250,10537.654618
92027.403094,250,10542.412928
-136602.891345,1,10542.43562
6007787.163956,146,10545.240806
838331.16251,250,10550.082353
104602.466444,250,10554.866204
-134981.947026,1,10554.885827
-145766.590988,1,10554.905552
-117550.325441,1,10554.925976
5744811.433205,167,10558.114032
130897.405587,250,10562.850554
-146235.660411,1,10562.868714
6037590.379331,102,10564.758347
5681186.491101,125,10567.217269
1156970.512148,250,10572.059575
-134991.237048,1,10572.078496
512113.692801,250,10576.923351
-126272.543978,1,10576.943601
-117649.730796,1,10576.964353
128545.152231,250,10581.714247
6310561.515184,134,10584.273394
5993374.853909,132,10586.649728
6054234.684467,205,10590.299987
-154377.435214,1,10590.325944
-117548.331484,1,10590.340583
415813.60051,250,10594.866876
6919120.148285,187,10598.331547
5796790.703813,119,10600.512584
694162.604054,250,10605.04195
6030940.852009,116,10607.079178
565962.292963,250,10611.542287
5972651.950254,144,10614.194761
670457.847518,250,10618.644741
125569.760405,250,10623.124583
92067.319657,250,10627.566338
92465.920599,250,10632.141268
6090882.648983,103,10634.031789
-178506.827321,2,10634.071732
6055462.408395,178,10637.149328
-126309.814657,1,10637.168652
72604.853304,250,10641.66725
5749183.339855,70,10642.928215
112964.752283,250,10647.526674
2391806.584735,250,10652.054056
616244.166326,250,10656.5605
102410.332382,250,10661.093296
6633070.283148,190,10664.534596
5810533.870323,105,10666.393994
5785936.151998,77,10667.7835
6153643.496157,158,10670.558978
-152104.112096,1,10670.589819
5661050.548319,149,10673.258451
-117586.127062,1,10673.27513
-137263.71635,1,10673.294665
6187222.906556,174,10676.499101
-135009.502032,1,10676.519232
-161851.597846,2,10676.559597
7012243.655385,225,10680.520412
-135110.857973,1,10680.543508
99615.527137,250,10684.988836
536219.139602,250,10689.618116
5712881.43801,69,10690.909688
98623.067452,250,10695.343221
89442.859071,250,10699.793743
-117590.868248,1,10699.806815
1584619.789913,250,10704.418738
247660.758832,250,10709.323232
97190.789238,250,10714.083845
-135242.443665,1,10714.106174
469203.197133,250,10718.943245
-148135.248098,1,10718.960715
6754923.897152,186,10722.561421
-154237.442792,1,10722.581846
6024723.95718,105,10724.590662
2966275.548752,250,10729.328289
125146.53344,250,10734.046709
2024784.710734,250,10738.844889
304940.562941,250,10743.61684
-126361.776287,1,10743.637235
101507.190446,250,10748.480802
6032780.730785,187,10752.047677
6075426.365622,135,10754.668301
-135142.571101,1,10754.691178
-117550.331616,1,10754.707011
6255038.183826,161,10757.755086
494490.436912,250,10762.450407
-117457.317158,1,10762.473129
5738530.315373,99,10764.336066
6263130.099201,207,10768.257709
766741.212586,250,10772.855526
-155309.11214,1,10772.877125
7168232.273629,209,10776.809906
-137691.049685,1,10776.830805
5899828.450168,74,10778.20259
5804805.213479,96,10780.044792
-126369.783374,1,10780.062551
6094733.243606,113,10782.208008
5755556.804844,87,10783.890403
261218.974126,250,10788.639117
-92114.786667,30,10789.220187
-117656.000622,1,10789.242354
7017945.351758,209,10793.276483
5795269.068032,99,10795.212581
5985313.805697,116,10797.393853
-172161.473122,3,10797.454693
-117451.378791,1,10797.474743
-117643.239194,1,10797.494919
109547.562958,250,10802.279668
207873.898126,250,10807.043611
-117458.296421,1,10807.061244
134823.501076,250,10811.831124
123010.694153,250,10816.582962
-166433.030326,1,10816.603216
123173.415898,250,10821.212683
5900638.858753,121,10823.493558
6014949.972468,125,10825.818098
80103.129521,250,10830.337268
-134596.743329,1,10830.357235
6042049.965976,110,10832.338084
-159527.919176,1,10832.359435
124260.902037,250,10836.822049
-149815.885781,1,10836.853184
5791152.292747,94,10838.604576
-135090.061485,1,10838.621842
5740313.063517,59,10839.689626
5947203.393416,155,10842.491719
-117582.656404,1,10842.508754
5704867.587744,166,10845.522869
-134983.800446,1,10845.539971
75506.063128,250,10850.043749
6727036.097401,172,10853.16428
91225.840232,250,10857.78222
5794235.682317,205,10861.519023
-159861.782345,2,10861.55918
6372466.869725,139,10864.059972
6271145.262977,225,10868.074455
-143915.718225,1,10868.093419
111826.243727,250,10872.593979
136998.147924,250,10876.987831
120105.616959,250,10881.395515
-135091.819159,1,10881.416053
101592.76325,250,10885.95407
-183665.861864,2,10885.994021
5823248.177135,117,10888.021526
5631512.839766,69,10889.295908
747001.61297,250,10893.709699
-117544.630295,1,10893.725876
126021.840593,250,10898.122818
-117547.619764,1,10898.143089
450285.537282,250,10902.59268
2178874.095437,250,10906.998604
6781679.951079,148,10909.647985
6180722.539631,145,10912.252927
6265723.150771,201,10915.852499
5767952.621758,149,10918.535305
-171206.907181,2,10918.572031
128465.419903,250,10923.118799
5841770.092436,105,10925.006324
5799104.711484,108,10926.975234
1808985.194966,250,10931.451771
135642.166803,250,10936.008922
5704362.88731,159,10938.865752
-135097.310006,1,10938.885065
-135095.7431,1,10938.902836
5871249.954307,106,10940.883732
6053241.791993,184,10944.175474
-117663.608489,1,10944.196048
429145.134538,250,10949.027246
-113596.527631,2,10949.078921
-117544.246855,1,10949.103134
-173397.740899,2,10949.145767
5829809.799685,139,10951.80874
-135009.650832,1,10951.83357
-126187.160624,1,10951.848952
-142150.466992,1,10951.873711
6409130.774548,177,10955.301688
6222774.835807,215,10959.4968
5973554.96056,147,10962.321951
-155095.454532,1,10962.344012
734396.985449,250,10967.133666
-117568.353686,1,10967.153318
6326254.210966,187,10970.702747
-117462.182423,1,10970.717296
6137010.215897,125,10973.146801
104519.791491,250,10977.971564
1591907.728691,250,10982.762527
6666191.486074,151,10985.625385
101505.530901,250,10990.50587
92787.416404,250,10995.275875
6822318.625499,163,10998.316399
6518364.107912,139,11000.96023
6216203.916438,164,11004.128141
-135211.396428,1,11004.143712
6581613.841951,167,11007.366154
-154845.998844,1,11007.389735
-135166.578921,1,11007.410239
-117682.100412,1,11007.432865
-135097.887926,1,11007.451243
6325674.982597,142,11010.156297
451088.317012,250,11014.832587
135126.096085,250,11019.613339
-135086.418904,1,11019.634779
5646945.929901,142,11022.338771
517920.64395,250,11027.148249
5879176.036303,106,11029.103743
1759269.247921,250,11033.778881
-143966.992726,1,11033.798642
7110009.389112,179,11037.235954
101829.056464,250,11041.995031
6508516.555231,180,11045.342579
65207.632657,250,11050.133967
6498384.111502,122,11052.513057
7349595.531038,201,11056.401845
95789.146257,250,11061.122967
114535.236007,250,11065.780881
-126302.044119,1,11065.801422
6282063.16368,163,11068.736748
119993.362661,250,11073.21759
99915.930365,250,11077.749511
6889773.274551,211,11081.573675
103417.815173,250,11086.059728
6821467.400192,143,11088.664215
428654.481059,250,11093.165741
-135128.927923,1,11093.185457
6294033.600912,164,11096.139866
7188056.62384,231,11100.298574
6090485.640533,162,11103.139354
101463.630434,250,11164.093403
-117546.609991,1,11164.12583
-135220.743858,1,11164.140479
-117547.561453,1,11164.165658
5587521.955299,129,11166.463352
-117605.845231,1,11166.48332
1483511.073296,250,11170.958707
6832305.830124,135,11173.420192
1377557.485416,250,11177.8636
117855.10666,250,11182.352245
-117545.249492,1,11182.372487
-135003.850585,1,11182.394166
-135181.668267,1,11182.412799
95103.058677,250,11187.094705
5855371.169795,131,11189.626445
112229.313794,250,11194.477878
6278893.791119,108,11196.544775
6124549.447571,94,11198.316668
-145861.977153,1,11198.336799
736417.883684,250,11203.098566
5942800.887944,115,11205.313022
126436.818668,250,11210.141081
6656752.176583,233,11214.593312
102065.615757,250,11219.386371
6161416.585324,126,11221.874353
6164636.773785,141,11224.667609
5938876.928191,110,11226.788917
-134989.522681,1,11226.809284
-135150.604747,1,11226.833805
6034558.472271,169,11230.070696
243341.209741,250,11234.825496
6238012.590305,133,11237.373461
6368336.341038,201,11241.185055
-117477.02587,1,11241.203216
73797.794631,250,11245.919313
1442694.785602,250,11250.695726
6815002.133654,175,11254.008263
-135045.993538,1,11254.028792
5868332.929633,197,11257.714477
504935.872516,250,11262.450938
6505220.611198,111,11264.562678
5862755.390719,146,11267.282208
309396.052944,250,11272.101519
6314399.041453,132,11274.610636
6283708.228525,127,11277.000452
84015.286178,250,11281.717271
5999755.705128,107,11283.742946
-126363.412621,1,11283.768074
-135024.782489,1,11283.787464
2870871.801848,250,11288.526605
-135035.875764,1,11288.5493
-143816.02309,1,11288.562245
6020140.844395,199,11292.29393
127951.743612,250,11296.959622
-146531.416724,2,11296.998464
119725.883808,250,11301.812223
-135087.076553,1,11301.83267
-134197.976125,1,11301.85376
6104584.768259,181,11305.246554
6481088.842463,133,11307.593552
118624.453014,250,11312.050675
6834803.758703,220,11316.102956
-137718.800557,1,11316.12337
125057.02369,250,11320.665606
-135101.635218,1,11320.682732
5623858.069804,177,11323.867145
5889592.422517,117,11325.926277
137111.362552,250,11330.426943
-135092.241505,1,11330.444019
6681527.748459,162,11333.399776
1294224.830579,250,11337.81908
-117549.696979,1,11337.829381
82599.815623,250,11342.305597
127085.383113,250,11346.775587
6948017.335848,240,11350.967881
1045597.762131,250,11355.391732
5913708.515921,111,11357.399208
6402316.898564,122,11359.596557
110477.450563,250,11363.944359
129370.681381,250,11368.296099
6252908.280034,160,11371.075045
6040559.959697,119,11373.153559
-166994.845235,2,11373.188445
190801.337172,250,11377.601419
-155045.559449,1,11377.623881
-137756.856386,1,11377.634923
6570582.609397,136,11380.016562
118037.07976,250,11384.339624
6219572.57072,120,11386.487651
72113.266812,250,11390.777492
6056826.498737,116,11392.765105
-117501.60461,1,11392.785943
-135202.585988,1,11392.796242
6168232.27685,144,11395.29636
5999255.482518,113,11397.266046
110178.524241,250,11401.68454
1275291.283098,250,11406.059842
7662682.68255,232,11410.089887
-117471.240412,1,11410.099917
101188.197625,250,11414.446306
6061028.411692,101,11416.235681
114905.489649,250,11420.626274
-135087.115101,1,11420.648322
1121638.076353,250,11425.036456
6330345.081464,159,11428.032497
-135123.704325,1,11428.052995
772872.098559,250,11432.909013
1125533.244062,250,11437.660738
342721.879282,250,11442.43068
106717.639684,250,11447.203397
6397413.238019,156,11450.112126
5995492.545959,78,11451.573181
6100899.705876,214,11455.707073
5717402.044441,93,11457.46871
-126303.737136,1,11457.49444
-188503.490572,2,11457.534006
5933573.510377,100,11459.442624
-126262.331941,1,11459.469162
5652705.42963,112,11461.603651
207742.128931,250,11466.462393
99492.844156,250,11471.243023
100658.888059,250,11475.915897
6433622.593669,141,11478.625926
6317795.336228,117,11480.84021
-126337.423366,1,11480.8573
-117445.481683,1,11480.879691
499352.908587,250,11485.652428
-126367.727731,1,11485.684301
6655317.733623,199,11489.394156
-126264.602334,1,11489.413023
-117672.179616,1,11489.429559
-117546.708369,1,11489.449627
-143821.307572,1,11489.470011
5951481.575309,130,11491.985356
6130239.326446,206,11495.951502
-143913.224632,1,11495.971985
6231466.219249,102,11497.925622
7538288.855669,237,11502.434237
6345011.098743,153,11505.339945
6070193.472745,195,11509.061843
6761951.038164,220,11513.211922
109135.980951,250,11517.977873
6007370.110751,96,11519.746978
-126398.714311,1,11519.771562
-134989.157293,1,11519.787355
245866.473382,250,11524.507833
699016.567714,250,11529.210601
6018145.018764,121,11531.467215
112149.707377,250,11536.156491
6240503.001563,234,11540.592168
5976785.020574,133,11543.148927
5718146.541898,222,11547.186284
-126164.083315,1,11547.206201
1048335.028526,250,11551.747251
362380.839847,250,11556.286815
124891.528706,250,11560.800828
-135206.012115,1,11560.812599
5562473.706953,110,11562.790694
-117447.081749,1,11562.820903
119358.843713,250,11567.456227
5942888.960301,87,11569.108066
-116547.649071,1,11569.128295
663462.167649,250,11573.607389
104839.035561,250,11578.071439
368704.239754,250,11582.571328
5894336.797414,134,11585.007873
6891552.891265,173,11588.114376
6469791.798915,179,11591.235642
113384.826374,250,11595.764455
6378470.697107,105,11597.637839
519542.982886,250,11602.091314
95102.524443,250,11606.592921
6713048.516523,179,11609.787746
6129011.55321,109,11611.769331
7813186.218861,233,11615.934782
1488752.28837,250,11620.414327
5839976.605988,126,11622.774923
85248.343704,250,11627.300346
-135094.418433,1,11627.320716
93329.868124,250,11631.826777
-117455.273249,1,11631.847649
7034364.361892,223,11635.834986
5992612.146216,115,11637.870299
215539.721097,250,11642.32262
-143952.014928,1,11642.342843
5808172.528233,127,11644.597733
6032001.850157,129,11646.890133
93919.469672,250,11651.301917
130210.599841,250,11655.766588
-126423.835866,1,11655.784043
6075569.482704,148,11658.452696
-117562.096993,1,11658.468818
-202584.728162,3,11658.520252
124462.950088,250,11663.03094
-126403.525696,1,11663.050995
119592.680968,250,11667.740097
-154763.284829,1,11667.760849
7825004.369215,241,11672.461212
6436291.942107,150,11675.341203
188724.914384,250,11680.143442
6922573.553664,169,11683.402636
-135100.145692,1,11683.422758
-135083.134894,1,11683.452393
5690747.427752,95,11685.299359
-126377.506379,1,11685.319878
6756521.578174,192,11689.058304
6261407.513138,199,11692.89219
-134195.037584,1,11692.912581
5863244.426018,89,11694.612593
90965.136605,250,11699.431339
-143876.181278,1,11699.455537
6074777.266238,154,11702.420536
-135093.778904,1,11702.442086
94814.030633,250,11707.289592
6082870.965958,198,11711.040481
6054113.339633,138,11713.516025
6188702.421555,161,11716.296427
-135123.543171,1,11716.314532
6381665.866172,126,11718.648653
5644891.297794,60,11719.762442
6503921.712818,206,11723.63454
5965498.892799,74,11725.035691
6522006.783397,154,11727.894239
6253190.413284,107,11729.859597
104299.569041,250,11734.445502
6470646.095467,151,11737.30967
124842.227111,250,11742.078738
-117550.249976,1,11742.101055
5978433.995084,152,11745.026825
6187415.662646,85,11746.680865
6904846.642572,181,11750.221537
-126292.83216,1,11750.241599
6109454.697832,185,11753.717968
6208133.964771,121,11756.018708
-154022.665665,1,11756.03753
-171293.859752,2,11756.077397
107569.363965,250,11760.924995
283229.547683,250,11765.730386
-143934.868894,1,11765.743931
1119449.541022,250,11770.46778
5631037.221096,231,11774.85768
98652.840472,250,11779.554873
5947491.851819,111,11781.670923
5616475.460406,73,11783.045282
6305272.175357,237,11787.286029
-164879.321779,2,11787.323849
5839843.900184,139,11789.83307
-163382.309027,1,11789.853536
6317674.032269,144,11792.421021
-135154.428552,1,11792.450193
-117547.440474,1,11792.461733
7008058.287056,163,11795.468346
200221.756529,250,11800.062358
96709.307539,250,11804.574226
6331477.692385,96,11806.273823
-190884.264027,2,11806.316812
6448774.371213,155,11809.196314
317198.756962,250,11813.738114
185493.275112,250,11818.2847
112220.75424,250,11822.753662
70004.393561,250,11827.314088
7227641.496733,208,11831.027776
-135005.235972,1,11831.045498
-167089.249485,2,11831.078707
6883745.309703,170,11834.168108
6379827.063877,167,11837.231259
6659293.708811,181,11840.391376
5947464.55393,201,11843.891408
113297.78639,250,11848.346123
-133630.00399,1,11848.366148
239079.785034,250,11852.899303
5794320.353882,194,11856.409527
-135018.244551,1,11856.429193
-155329.800083,1,11856.44924
131615.148873,250,11860.966779
718259.686246,250,11865.467575
118317.070302,250,11869.859954
6679511.487673,219,11873.717007
1820135.043066,250,11878.24064
-117549.095417,1,11878.258938
6493350.814934,207,11881.990718
6131954.791985,125,11884.221683
6742965.060081,178,11887.389169
6022662.433135,72,11888.658636
2204814.247702,250,11893.097331
6569884.863255,241,11897.505907
-117662.126352,1,11897.521949
-135064.752841,1,11897.542454
-179387.991357,3,11897.592491
6955311.916877,192,11900.920227
107693.939779,250,11905.427944
-117480.736416,1,11905.448608
6431849.003957,148,11908.322626
5964942.706631,135,11910.953099
6272563.220197,127,11913.415319
1839347.623198,250,11918.205864
5685928.503044,176,11921.558219
7147514.347619,222,11925.938053
5933159.765436,103,11927.9189
5889273.255666,127,11930.37428
5790775.28611,71,11931.761286
6660632.272225,212,11935.838425
-126267.024437,1,11935.858711
-126369.007122,1,11935.883089
-117643.122396,1,11935.90741
825949.418276,250,11940.736028
-135031.442228,1,11940.756504
112430.47436,250,11945.540312
6092135.992282,184,11949.057774
6284507.105416,153,11951.988247
78318.471912,250,11956.840941
1630833.835776,250,11961.625944
6669031.797904,190,11965.288606
-117549.104678,1,11965.308248
75186.677426,250,11970.085532
6676569.70002,154,11973.001941
-126370.638635,1,11973.033593
231417.097583,250,11977.742569
103748.630047,250,11982.404038
6171042.355229,188,11985.97723
-126315.84503,1,11985.997468
80467.307809,250,11990.849147
-135114.328557,1,11990.871222
5851080.873384,181,11994.267954
-126267.160376,1,11994.288115
457904.460306,250,11999.097873
-117551.937155,1,11999.109116
124583.149992,250,12003.855768
91686.548241,250,12008.529464
-143915.633122,1,12008.552281
305418.286062,250,12013.240265
-135176.288014,1,12013.259939
-117550.591469,1,12013.28214
373423.67138,250,12018.09307
1173148.243787,250,12022.856506
-126176.505589,1,12022.882624
-126265.272559,1,12022.904264
509549.312428,250,12027.399655
5909759.937669,131,12029.71469
5673045.689448,167,12032.663421
108395.128849,250,12037.209077
-135190.342776,1,12037.229547
6154302.852392,146,12039.797812
-102311.169242,16,12040.083136
127088.822355,250,12044.546674
6691897.336716,245,12048.986774
92765.464845,250,12053.392142
6700801.289434,166,12056.365317
6741937.767005,218,12060.32171
170577.781667,250,12064.789196
5898971.85096,151,12067.461809
6172384.93909,140,12069.950555
6052262.38087,118,12072.025227
6088150.830705,84,12073.518136
6447550.971245,204,12077.215883
6965292.711746,229,12081.2616
291147.400547,250,12085.748895
6099636.296935,147,12145.800519
629865.001304,250,12150.649723
214873.478905,250,12155.488908
7570092.066227,218,12159.733077
-135203.274538,1,12159.754941
643553.322033,250,12164.603337
6177400.1323,159,12167.590931
-117552.231701,1,12167.607391
116167.345419,250,12172.482095
580468.050633,250,12177.279902
2391676.232273,250,12182.102632
6328592.201427,155,12185.09174
1839934.998911,250,12189.924507
98755.741132,250,12194.778859
114411.061013,250,12199.525773
-138738.089712,1,12199.545803
-162634.578067,2,12199.588799
-135204.086954,1,12199.612406
6068510.729143,137,12202.259746
6440082.333516,194,12206.072044
6102285.591203,119,12208.315664
6723280.851248,212,12212.275691
-117567.955105,1,12212.296639
5989659.947894,160,12215.410967
1173773.981195,250,12220.28556
-117681.339675,1,12220.307431
-155279.759166,1,12220.323056
6346430.910273,133,12222.836042
198828.555789,250,12227.524963
123097.604031,250,12232.205686
-135209.216027,1,12232.225816
136219.451332,250,12237.034842
6523358.231089,222,12241.230316
1617645.35352,250,12245.956307
6596523.501011,239,12250.535634
-135087.968842,1,12250.557206
110931.712855,250,12255.189377
269481.986841,250,12259.926032
-126187.92855,1,12259.946654
-146520.004779,1,12259.967143
6104435.69205,197,12263.738947
5476533.819348,39,12264.458286
107147.94996,250,12268.889307
115932.67459,250,12273.397847
102634.420351,250,12277.8505
-126384.68967,1,12277.870587
7292496.603057,224,12281.896465
7148160.183972,225,12285.928058
104927.707759,250,12290.407924
236503.847789,250,12295.005429
1610213.279261,250,12299.447361
5978336.377036,116,12301.508651
6363832.699074,145,12304.086226
-135109.084502,1,12304.104347
5707881.159312,110,12306.033385
364215.336461,250,12310.606384
95846.199643,250,12315.131351
-140962.717359,2,12315.157411
6617269.727881,231,12319.236444
-143851.182104,1,12319.252258
5413992.041225,26,12319.718734
5757018.920308,156,12322.438667
1550668.208269,250,12326.895116
-146219.800053,1,12326.915787
5950967.477343,139,12329.392978
6521993.792594,169,12332.401644
6248095.014864,155,12335.15327
-135093.146085,1,12335.173301
895899.248918,250,12339.71635
6151807.714588,207,12343.422714
218771.305417,250,12347.786802
6107001.771022,101,12349.607814
5715256.769357,124,12351.793466
-126195.152666,1,12351.81382
6005499.574412,108,12353.738874
-137923.338567,1,12353.754893
-144044.188746,1,12353.771132
964119.170128,250,12358.167847
6177818.06363,151,12360.778788
-146194.600026,1,12360.793562
-126296.697024,1,12360.809407
167271.815934,250,12365.265692
142658.536975,250,12369.773002
5901068.175342,118,12371.862487
6117537.889603,152,12374.595943
95337.170932,250,12378.995619
118909.153633,250,12383.419021
6127694.700966,136,12385.932607
959253.502641,250,12390.649097
5976544.050156,79,12392.160911
6465586.730988,157,12395.169631
338965.980832,250,12399.993729
6316938.39546,137,12402.618599
-137777.315603,1,12402.637749
5874351.372676,108,12404.695532
6650969.63892,147,12407.520878
6909904.0283,175,12410.888474
326715.87513,250,12415.702132
1494003.050062,250,12420.471964
6359209.466838,134,12423.002366
119389.175534,250,12427.856645
5964182.317343,177,12431.259981
5431434.976383,43,12432.054233
124236.014736,250,12436.794351
6895290.629163,147,12439.621609
-151351.322207,2,12439.662542
120786.99009,250,12444.497921
110190.002123,250,12449.246973
7468431.468933,216,12453.354452
6212549.666272,114,12455.52582
-117657.811439,1,12455.546415
7122791.016642,208,12459.496795
7186216.087605,235,12463.982896
142922.019887,250,12468.586696
96011.990342,250,12473.348425
6106342.9748,142,12476.082
6775459.085319,166,12479.217494
6584204.317824,197,12483.023034
6284291.261738,134,12485.600444
6057169.503445,159,12488.649267
5972518.153752,121,12490.972383
151936.423511,250,12495.724368
-126370.180135,1,12495.740986
6471702.612984,187,12499.329953
-135100.424266,1,12499.353617
117359.466226,250,12504.255688
92681.404778,250,12508.76093
-135001.65024,1,12508.779529
291653.046843,250,12513.297719
-135098.78414,1,12513.305485
106561.87119,250,12517.7544
1119284.387137,250,12522.305979
6709823.325577,227,12526.430913
78960.991744,250,12530.922634
6607219.506413,223,12534.915632
129825.1385,250,12539.363082
-117562.677469,1,12539.386572
502911.565505,250,12543.847626
5846815.859064,140,12546.408784
178975.105949,250,12550.908303
6974797.640845,199,12554.4628
72585.876831,250,12558.979871
-135198.420585,1,12558.999546
-135156.339626,1,12559.022848
95329.778314,250,12563.501051
6596285.249174,205,12567.201055
-143916.531542,1,12567.228084
6006220.381371,144,12569.7427
6706493.920663,154,12572.470615
-177220.676977,2,12572.501036
5823776.185152,155,12575.27909
-193396.119031,2,12575.322516
-134988.657349,1,12575.345156
129364.85678,250,12579.717307
5707659.772347,186,12582.971211
6384539.27939,160,12585.783216
238654.387739,250,12590.196948
-167443.295024,2,12590.237325
7379573.157577,230,12594.300116
6494854.614271,168,12597.223157
6577222.316494,193,12600.713077
5897503.362576,88,12602.280312
353738.050807,250,12606.830112
47260.746039,250,12611.347055
5988177.09911,113,12613.318944
153577.502926,250,12617.656557
-135089.817599,1,12617.666631
5843488.890702,113,12619.718425
6008180.495249,82,12621.168861
93333.766879,250,12625.751956
-135099.17219,1,12625.774695
-135102.579963,1,12625.797506
5905171.645882,137,12628.375106
-133192.341114,1,12628.395752
-117550.304212,1,12628.414118
387139.859726,250,12633.213434
-125365.284873,1,12633.223447
6073927.059029,174,12636.577041
-135010.777548,1,12636.591622
-117468.75408,1,12636.612744
-135099.771808,1,12636.622648
-155528.248875,1,12636.653068
6308977.199898,137,12639.294369
107826.162042,250,12643.992568
6281243.65473,173,12647.327034
6685407.409893,152,12650.226806
-136376.068237,1,12650.245989
129737.065907,250,12655.041103
108875.575857,250,12659.837909
133760.216754,250,12664.537446
-116547.127591,1,12664.559154
-138557.766388,1,12664.577459
5703389.185902,124,12666.97847
6168799.119896,160,12670.098105
170219.728096,250,12674.873742
7004962.367799,184,12678.383191
6267906.693518,184,12681.964089
112595.346463,250,12686.717886
102516.416105,250,12691.397429
-126284.11801,1,12691.407967
-171754.570674,2,12691.457378
8028663.039526,222,12695.663878
-117549.163708,1,12695.682964
-174234.306333,1,12695.70492
5985327.439545,119,12698.004176
5916394.704618,77,12699.502923
-126371.268876,1,12699.52322
-126378.183519,1,12699.543665
-89411.896953,77,12701.050805
6655050.261602,178,12704.500768
114384.217906,250,12709.190165
-117647.611225,1,12709.210328
-117450.121168,1,12709.230721
6652975.683621,215,12713.377598
2020610.951089,250,12718.128133
6243678.027485,136,12720.669543
126847.669373,250,12725.414883
-161686.608502,1,12725.435648
698701.751746,250,12730.356914
6043089.205299,143,12733.053041
-117444.873372,1,12733.073464
5754715.349663,105,12735.009865
-126312.997724,1,12735.031044
-117644.906815,1,12735.051548
519819.465068,250,12739.767275
-143452.265128,1,12739.790009
6968269.477794,190,12743.412937
6438899.284278,142,12746.054964
-117541.562171,1,12746.06499
6637213.284608,161,12748.999552
6266739.185497,124,12751.212514
-117551.79566,1,12751.238676
6073330.539407,118,12753.347791
278706.001622,250,12757.845131
1099007.835087,250,12762.386267
802084.809419,250,12766.836039
5810279.999454,105,12768.730272
124339.136653,250,12773.312296
1899171.078275,250,12777.880575
6274796.761356,135,12780.3167
7324486.185772,243,12784.642805
-135092.825717,1,12784.661743
5766119.560271,189,12788.112172
6491186.705547,169,12791.117004
6444121.913668,222,12795.041138
5738808.892312,102,12796.84726
756918.478198,250,12801.264292
-117560.268623,1,12801.293303
169339.016989,250,12805.775993
129857.784146,250,12810.270638
6799896.944593,228,12814.376912
1084333.740206,250,12818.869634
1513001.614484,250,12823.320352
-135096.32571,1,12823.341004
-117545.52437,1,12823.361542
362045.329659,250,12827.810358
6603369.839674,192,12831.212964
6129880.041135,117,12833.306189
-181447.319363,2,12833.342704
6241438.356957,220,12837.181844
6562887.375133,160,12839.952163
6266357.467324,121,12842.069726
-172457.767801,2,12842.109742
6008513.50437,134,12844.491041
6019124.67354,126,12846.705043
-126271.298748,1,12846.725438
6499890.079022,231,12850.876312
104671.210656,250,12855.290317
6051195.710076,129,12857.571513
-177865.486583,2,12857.608875
6310734.470258,114,12859.636524
-137260.873925,1,12859.652544
562695.129774,250,12864.108868
659191.972429,250,12868.874952
-117648.751917,1,12868.893405
6195836.657413,167,12872.124494
6393253.755337,201,12876.042887
6698814.340329,198,12879.797366
162283.451681,250,12884.55342
5824356.687003,169,12887.775314
55177.102536,250,12892.555698
150191.761443,250,12897.326189
5702683.649664,55,12898.358102
6912583.784264,196,12902.098424
5986836.984471,131,12904.644146
6736932.530619,241,12909.315766
7435117.825389,204,12913.147405
-135108.739519,1,12913.168281
621275.008599,250,12918.002018
5971069.268907,192,12921.727763
-135097.144368,1,12921.745957
-126277.44229,1,12921.77057
478809.471902,250,12926.530167
132078.443183,250,12931.21218
6357750.800803,169,12934.407639
877659.800826,250,12939.202641
-117582.264281,1,12939.223351
6188451.296075,129,12941.62792
6306890.311346,224,12945.937017
6969577.953608,218,12950.071426
6121367.937183,196,12953.773338
6171266.959832,158,12956.867716
6166521.516071,121,12959.128368
-117559.240436,1,12959.151157
170030.013804,250,12963.762999
153912.671921,250,12968.524856
-471022.900204,250,12973.287765
6215770.550927,161,12976.33907
-117555.317066,1,12976.359559
205873.296967,250,12981.046519
5776597.84985,103,12982.958601
-117546.436994,1,12982.978002
6139601.645808,147,12985.700343
5933794.440528,134,12988.190233
-126366.319163,1,12988.215424
6694405.389957,172,12991.357482
5830553.095455,141,12993.871335
-135194.403568,1,12993.886527
143193.870038,250,12998.467551
6565117.824434,183,13001.759186
100174.170869,250,13006.552145
6074818.159418,135,13008.950715
6106901.348104,123,13011.146357
335467.677683,250,13015.731202
5884148.861469,141,13018.246238
5731555.927183,158,13021.100658
6801974.129559,185,13024.324429
-126320.765356,1,13024.343662
-117548.364394,1,13024.359168
132541.195388,250,13028.891504
7147107.561067,246,13033.326599
6133520.871439,136,13035.74635
-142800.017758,1,13035.765652
7236465.177199,167,13038.80271
121807.356702,250,13043.391292
6162579.774691,219,13047.337464
987926.298515,250,13051.747415
105447.309332,250,13056.21095
7195839.875415,210,13060.048331
-135104.643583,1,13060.072283
-143833.10657,1,13060.09413
5879364.792175,141,13062.60919
121430.680484,250,13067.045173
123199.520056,250,13125.696657
119704.55347,250,13130.531327
-126272.436231,1,13130.555061
-163146.63145,1,13130.574179
6760195.01066,232,13135.001455
168359.225308,250,13139.841275
322342.145375,250,13144.69165
-135195.840167,1,13144.711707
-135088.506361,1,13144.730752
556882.014985,250,13149.596803
5885076.331177,120,13151.925471
-126386.97978,1,13151.948593
-154418.799791,1,13151.968053
-135112.540322,1,13151.989325
122312.298279,250,13156.845564
6821766.202576,193,13160.539507
6066239.522439,124,13162.905126
5939966.989101,93,13164.690483
275592.60732,250,13169.392537
-135096.291278,1,13169.414442
5761638.318577,96,13171.267358
6769496.633035,174,13174.531322
-117556.665003,1,13174.549824
184307.932962,250,13179.297969
-126418.585673,1,13179.328671
-127233.734857,1,13179.338689
113737.15424,250,13184.040321
-155402.323939,1,13184.061304
260368.488841,250,13188.933421
6036684.420624,96,13190.774696
117543.158315,250,13195.505767
-135011.926903,1,13195.525775
5590915.259161,67,13196.819603
-171575.68221,2,13196.858366
147049.449304,250,13201.648364
6810849.738501,228,13206.003951
6724495.473312,183,13209.393857
6345251.452562,249,13214.152152
6278519.092816,207,13218.098616
6830220.037662,187,13221.701352
5655563.663037,83,13223.29107
6163542.37169,204,13226.897079
5980983.021009,83,13228.370682
-137037.717681,1,13228.392748
-117546.378157,1,13228.411873
6719515.412248,190,13231.908451
2557255.812314,250,13236.403435
6716419.70503,228,13240.4629
5438991.34253,50,13241.363233
6728211.903415,227,13245.505938
-135232.245383,1,13245.523061
5696531.291885,90,13247.122206
6223306.950808,104,13248.959286
6622927.982401,221,13252.899279
1068343.843568,250,13257.488469
6706163.329856,174,13260.590271
7529522.048788,234,13264.849397
6770782.873541,174,13268.028815
6225489.069647,171,13271.089744
6342927.168002,145,13273.732212
200465.971683,250,13278.290649
97843.910135,250,13282.664775
-126311.001196,1,13282.686614
-117649.880027,1,13282.695858
125562.239551,250,13287.163366
-135224.119373,1,13287.173445
130218.564578,250,13291.578979
-126371.236472,1,13291.599012
105394.77802,250,13296.016511
193586.953596,250,13300.382279
5733674.74521,170,13303.419039
7069733.829246,216,13307.236728
918069.555736,250,13311.636267
-126372.684896,1,13311.655335
109036.478869,250,13316.107387
6160996.576776,182,13319.432069
267187.512353,250,13323.942645
80179.016684,250,13328.451991
-134129.490261,1,13328.472648
6090877.167855,108,13330.399615
-117645.814468,1,13330.426093
6704273.81655,152,13333.133053
6344589.741428,186,13336.459808
1602996.004297,250,13340.941165
-135156.056291,1,13340.961639
6272865.614205,226,13344.873526
115321.151996,250,13349.675516
5911564.123718,113,13351.869664
-134992.811803,1,13351.890451
132851.059246,250,13356.647035
161442.887684,250,13361.474374
92094.812587,250,13366.326797
190997.397913,250,13371.093137
-126269.853128,1,13371.113841
1072689.396608,250,13375.920915
-138505.738724,1,13375.94492
-135092.812089,1,13375.95871
719647.178637,250,13380.824411
5606933.022296,103,13382.816823
6229543.981838,177,13386.245867
5716681.132624,122,13388.607884
-117648.793652,1,13388.635665
-135200.602828,1,13388.65647
263555.423681,250,13393.399917
-135088.46569,1,13393.430215
-147572.749882,1,13393.440455
5939197.641906,133,13396.010886
751404.121737,250,13400.848228
-143919.14997,1,13400.87012
6739716.172209,244,13405.540225
6200931.054123,123,13407.900752
-134991.168165,1,13407.920614
-126377.037342,1,13407.937471
6116030.841844,114,13410.132581
6347910.330494,235,13414.61461
6045000.229004,158,13417.57866
135220.759969,250,13422.334195
-126374.727589,1,13422.356819
130510.084406,250,13427.165662
129305.605917,250,13431.898371
-135201.326575,1,13431.918854
6378233.754961,165,13435.087723
-106216.153751,11,13435.298559
6425259.636392,141,13438.065889
6197472.028019,120,13440.384186
6053902.914102,124,13442.749023
6684911.615878,190,13446.332723
580051.886335,250,13451.125136
6248481.393246,195,13454.824814
6066140.373208,161,13457.878178
6703323.078543,228,13462.284003
5994056.707801,203,13465.999084
5810930.4206,115,13468.121326
-136876.09348,1,13468.144946
5613843.830143,141,13470.715913
147015.265848,250,13475.206415
-172904.830988,2,13475.237607
243839.311046,250,13479.773576
-135094.256166,1,13479.79436
-163894.121846,1,13479.814677
6064676.153742,202,13483.390835
7019982.294869,163,13486.30556
182204.655118,250,13490.804765
6174353.44979,161,13493.626715
5746100.510588,90,13495.198066
463054.861723,250,13499.604003
7498683.223331,243,13504.059069
6592726.16529,194,13507.550579
-135099.789836,1,13507.570895
-181182.744365,2,13507.601022
5684425.477198,81,13509.029462
-161356.472294,1,13509.052743
266107.074224,250,13513.483322
140781.15969,250,13518.027995
152191.745195,250,13522.476748
-135200.586319,1,13522.50375
5930492.741631,144,13525.066375
6553262.719935,218,13529.061187
-123478.804053,2,13529.102025
6543392.903983,169,13532.136454
199102.574495,250,13536.539249
162058.572569,250,13540.941419
108055.762351,250,13545.356074
202671.923597,250,13549.815129
-145719.155713,1,13549.837752
6226910.19367,108,13551.738053
-117559.223489,1,13551.75032
-154261.449346,1,13551.768416
185448.811601,250,13556.234249
139860.182344,250,13560.649947
-117572.778969,1,13560.661767
6847315.125132,154,13563.404798
-137377.720202,1,13563.421611
-135098.940659,1,13563.445337
258935.715834,250,13567.828701
6569634.69911,187,13571.287898
7365059.659734,196,13574.79043
353518.131504,250,13579.23307
5995050.439111,121,13581.371715
-134995.197907,1,13581.391396
-135092.471311,1,13581.409511
-135018.613914,1,13581.431263
-135186.555155,1,13581.451427
1409076.535463,250,13586.00931
6906328.287758,195,13589.780357
-142051.696749,1,13589.800447
542538.797872,250,13594.679193
-117571.178138,1,13594.704609
6105791.013035,180,13598.116539
136526.551784,250,13602.954911
7061789.240175,188,13606.617408
6385052.802204,168,13609.827925
5906875.783247,123,13612.17354
6234244.076509,169,13615.457758
5938667.3123,109,13617.57877
6167505.562889,121,13619.92399
-135210.478705,1,13619.944077
-162874.104264,1,13619.968685
81260.303082,250,13624.800259
123618.158041,250,13629.624744
6253155.175373,147,13632.46163
-126375.955839,1,13632.479152
6301350.75781,239,13637.12945
273638.883678,250,13641.96576
-126264.347524,1,13641.98094
123478.582225,250,13646.704542
5789306.988306,109,13648.738921
5828032.273959,126,13651.140665
-135091.527391,1,13651.161889
-117561.815642,1,13651.183694
-135085.89255,1,13651.206653
-135097.722206,1,13651.222878
-126376.932658,1,13651.242858
-149615.069018,1,13651.258616
-157089.953522,2,13651.298561
5672837.990603,65,13652.497986
908838.998772,250,13657.219192
-134988.892343,1,13657.242265
-117569.354431,1,13657.259883
6399219.999133,207,13661.158556
-135090.130543,1,13661.183959
133827.681804,250,13665.869507
6593913.909201,244,13670.504188
-117644.562696,1,13670.515203
1088039.381212,250,13675.136944
-117567.601886,1,13675.160414
-125303.481727,1,13675.178469
5856685.785218,227,13679.519289
141953.252154,250,13684.264184
-143913.353308,1,13684.284649
5582069.994273,88,13685.921857
107011.17762,250,13690.764891
415499.895014,250,13695.585578
-137797.957026,1,13695.607821
-153252.387826,1,13695.631259
122123.251431,250,13700.32423
6260872.828731,132,13702.847507
6597066.168151,147,13705.551101
1556560.133967,250,13710.074956
-126401.142282,1,13710.09302
6002267.442652,146,13712.759579
6941169.657978,196,13716.321392
123894.045777,250,13720.775235
121390.099306,250,13725.301368
83580.176618,250,13729.82451
5827051.771237,113,13731.862657
599148.973178,250,13736.346864
-117645.795648,1,13736.366979
-117546.643262,1,13736.387068
-126313.443515,1,13736.40756
113186.445765,250,13740.87708
152684.169452,250,13745.383571
101275.14364,250,13749.86704
6799053.604937,175,13752.982628
-135114.423757,1,13753.004271
5792358.728678,157,13755.776418
1337991.74983,250,13760.223496
-137604.726999,1,13760.242492
-135015.08123,1,13760.266695
135078.750371,250,13764.804704
-136657.403253,1,13764.822605
6171593.239558,112,13766.855094
6093778.969149,186,13770.225427
-135162.297784,1,13770.245534
120075.478406,250,13774.81059
515695.629426,250,13779.183071
6502940.766112,190,13782.610976
-152094.425683,1,13782.63135
187399.059374,250,13787.140302
107117.479361,162,13789.988888
5881294.204232,141,13792.554875
-154540.57621,1,13792.564911
142095.038516,250,13797.049453
6302255.638611,189,13800.497077
5658047.723092,97,13802.22151
-135118.426245,1,13802.231931
143593.031962,250,13806.647446
101001.453121,250,13811.107612
114871.412366,250,13815.634928
305730.341018,250,13820.194288
-131223.279214,1,13820.214858
6137946.883881,135,13822.649732
125240.924394,250,13827.37443
-135169.531893,1,13827.399457
1023267.334037,250,13832.274316
5806588.230606,65,13833.514505
5771949.926239,165,13836.657157
6208125.541591,179,13840.128418
-117660.000656,1,13840.152525
-169553.395657,2,13840.189258
131664.417458,250,13844.963235
-94169.725149,25,13845.442628
1104322.307406,250,13850.215731
-135003.928386,1,13850.243473
-135094.339893,1,13850.263548
7131016.424695,188,13853.865774
110163.700305,250,13858.671059
403014.79829,250,13863.530368
2025581.550328,250,13868.39849
-155129.958775,1,13868.423025
7052466.708754,244,13873.075063
-154218.726512,1,13873.094303
-154980.916002,1,13873.117275
-161994.909976,2,13873.15042
122316.364296,250,13877.984003
7964007.965093,233,13882.430918
5567756.855732,50,13883.402077
5706997.262458,147,13886.219731
6216997.547459,153,13889.121536
120425.417221,250,13893.840466
-126363.908698,1,13893.861058
5984913.089365,108,13895.945705
-143729.109743,1,13895.966251
6425332.978794,161,13898.982314
113945.634358,250,13903.73395
6472556.731249,144,13906.559111
6461186.782811,186,13910.050899
119206.295191,250,13914.683148
-155034.05887,1,13914.714109
119430.18776,250,13919.396344
7159540.629475,197,13923.221237
5670554.073133,86,13924.852106
6628663.490542,181,13928.269605
110410.161917,250,13933.087142
-126270.886958,1,13933.106098
6427340.240182,161,13936.149581
-135104.693493,1,13936.16988
6546725.828905,176,13939.540177
123370.774712,250,13944.218837
123544.555139,250,13948.757504
6791621.597023,206,13952.505721
6598281.575594,165,13955.492288
6067474.396798,110,13957.489389
-114792.262106,159,13960.409969
-117656.64471,1,13960.427088
-126290.07768,1,13960.445745
5540190.028319,137,13962.864345
86394.68961,250,13967.321659
-117550.120218,1,13967.342599
-143800.62867,1,13967.363122
-135092.896716,1,13967.383857
-126465.462706,1,13967.404162
5470438.538783,80,13968.880926
99433.003181,250,13973.361251
6370044.847016,221,13977.339546
132241.378078,250,13981.874233
-126364.345451,1,13981.905496
6260423.410286,163,13984.885653
6372879.1788,146,13987.447041
304696.776976,250,13991.837057
311258.464478,250,13996.363842
5967739.728423,124,13998.646882
-151324.118312,1,13998.660981
85972.099016,250,14003.156844
-48694.502778,119,14005.277816
5883231.12472,123,14007.488256
141664.807429,250,14011.926075
-143925.67267,1,14011.94653
6042388.673609,137,14014.32372
-117551.906695,1,14014.343776
-117555.019364,1,14014.362838
100116.101644,250,14018.816571
151610.236913,250,14023.249935
6460690.785848,163,14026.155068
-157426.107674,3,14026.214806
105241.936918,250,14030.660513
94532.84605,250,14035.023043
1505367.68851,250,14039.459146
116154.660494,250,14043.910593
-96137.812704,29,14044.426875
5884791.328447,147,14046.998482
-151175.498081,1,14047.023026
194550.159341,250,14108.779341
6668128.458524,167,14111.950846
150495.911454,250,14116.741663
-126359.697994,1,14116.759887
117479.689877,250,14121.616597
-134995.76496,1,14121.636688
296729.720082,250,14126.398241
-117589.008242,1,14126.415452
6694289.183633,213,14130.327353
-165612.177922,3,14130.382402
-189771.330764,2,14130.423555
5567049.280068,92,14132.093805
6125912.840751,192,14135.707535
122595.085088,250,14140.534605
-172415.198055,1,14140.55519
830440.520674,250,14145.297137
127845.219234,250,14149.996236
6110950.945824,120,14152.264123
6098686.274519,126,14154.712539
252428.556213,250,14159.322549
110444.773218,250,14163.957732
-117648.077597,1,14163.976548
6931908.538871,184,14167.535273
1249675.091691,250,14172.32254
-135243.833983,1,14172.339162
5652332.463963,155,14175.329083
5923700.077641,129,14177.771053
6432967.501228,111,14179.851758
136403.64934,250,14184.578163
88755.28787,250,14189.114754
-117458.304238,1,14189.134955
145369.09238,250,14193.534652
125063.921594,250,14198.108823
5901584.552749,116,14200.199811
-126367.922304,1,14200.209844
-171388.332417,2,14200.253762
106053.876707,250,14204.727708
6571181.585442,213,14208.482339
116118.892956,250,14212.990356
5901393.34818,152,14215.80746
6282265.62968,149,14218.477309
340127.407523,250,14222.865528
-117550.663182,1,14222.886822
6517940.939063,207,14226.614574
119093.773007,250,14231.047943
-117547.377895,1,14231.058126
100832.884128,250,14235.503008
6522673.299576,190,14238.963013
172954.413417,250,14243.391484
121563.30579,250,14248.061028
132433.680382,250,14252.493316
-155236.543003,1,14252.513755
1184329.671893,250,14256.956812
6123190.644908,130,14259.28949
1014262.376903,250,14263.754523
150563.286934,250,14268.144034
-155107.628064,1,14268.163076
5524148.481711,58,14269.199126
190606.268417,250,14273.634168
6049117.977702,147,14276.205458
5952199.253527,111,14278.136641
6315937.258818,177,14281.330452
-126286.431745,1,14281.340829
5869797.329213,109,14283.29654
99938.917936,250,14287.787137
5720000.024855,103,14289.677053
130826.918912,250,14294.060621
129298.662056,250,14298.423042
-135083.302412,1,14298.43306
6202238.317498,140,14300.933078
-135098.866463,1,14300.952352
6515762.79345,156,14303.71041
6906450.783136,210,14307.73709
-155186.299886,1,14307.75785
-126300.446482,1,14307.780619
6295240.782408,126,14310.18695
1998029.522297,250,14315.041543
-117545.385302,1,14315.06215
371983.260669,250,14319.831075
7422458.108302,215,14324.005839
-135112.251238,1,14324.031611
6740017.202467,183,14327.528489
-126196.161524,1,14327.556565
5638386.965853,115,14329.736341
118413.079902,250,14334.637474
7082117.60872,218,14338.812747
5684042.636743,209,14342.86574
-126291.995404,1,14342.884383
-117554.636515,1,14342.905749
719652.079102,250,14347.663423
-137820.503621,1,14347.683427
6650825.495248,204,14351.581978
-126365.862976,1,14351.602293
98853.041373,250,14356.321374
-117558.633969,1,14356.340433
118823.278511,250,14361.189476
5938933.482746,134,14363.800432
6131163.310406,151,14366.623835
-135114.092655,1,14366.64239
6895568.587537,183,14370.039169
6104940.633218,158,14372.993017
-137479.668303,1,14373.013301
-135108.90016,1,14373.034314
211594.114333,250,14377.819972
6565336.360599,164,14381.000312
6973309.369587,169,14384.139531
-126308.99809,1,14384.160253
-174579.236919,3,14384.221782
5872394.201275,65,14385.450439
6055949.790704,144,14388.131533
6778593.728765,175,14391.481972
-152874.618987,1,14391.496126
-137714.705334,1,14391.518995
89975.908095,250,14396.248785
6059447.010377,125,14398.591408
6551926.147824,138,14401.182086
90255.735858,250,14405.939631
98600.564786,250,14410.702587
130693.918513,250,14415.420051
-117647.318988,1,14415.443165
5937430.345543,125,14417.796882
105797.677875,250,14422.457
-117542.215241,1,14422.477483
-135118.660622,1,14422.499389
92960.043861,250,14427.076235
5942802.355855,135,14429.420119
-135140.316077,1,14429.440497
1119291.201837,250,14433.849252
6202108.725398,128,14436.167201
-117568.484574,1,14436.18629
136337.679663,250,14440.765464
857444.500628,250,14445.258422
5813984.688174,213,14449.032465
6477913.160457,208,14452.806296
108424.169513,250,14457.250552
6303966.120942,179,14460.44647
6040370.022185,139,14462.93838
-135789.523726,2,14462.968287
6228664.439452,162,14465.852799
5905654.045948,172,14468.980591
7185989.31102,188,14472.341385
7313298.379908,190,14475.660034
-137469.728737,1,14475.68023
5826689.699803,127,14477.930653
-134985.992352,1,14477.955522
-117552.070007,1,14477.975493
6432118.460798,202,14481.656767
-117558.341807,1,14481.680138
6722871.354017,205,14485.314323
130052.907274,250,14489.769478
-135203.561077,1,14489.779821
-135142.714997,1,14489.81055
-67401.872237,68,14491.044231
-126399.56311,1,14491.061298
-141215.689192,1,14491.076
-159055.578783,1,14491.097891
-154118.412334,1,14491.113772
6250605.997814,180,14494.34594
6526302.026183,154,14497.130507
6847173.625329,219,14501.03871
5987861.324886,107,14502.927692
-135082.913837,1,14502.944704
6097098.329515,82,14504.41415
5863489.807853,152,14507.100541
5660086.66018,72,14508.38429
6416646.835753,211,14512.123888
132283.385131,250,14516.589715
-136619.586619,1,14516.60938
-151922.850332,1,14516.631447
104410.65424,250,14520.963779
6359369.334278,135,14523.346513
-117557.079553,1,14523.368941
1513635.849995,250,14527.829509
-153497.224778,1,14527.847627
100765.347573,250,14532.274161
6191251.598842,144,14534.790359
5632576.15347,157,14537.565911
-117565.752664,1,14537.586303
-179808.157121,2,14537.626719
6006545.78806,81,14539.061617
-117553.843637,1,14539.071645
6010887.498051,129,14541.330957
767263.622194,250,14545.874774
121060.190269,250,14550.630808
85012.823948,250,14555.37709
6166568.937772,148,14558.269474
102411.043766,250,14563.147612
5776582.588771,107,14565.176013
6715055.932206,249,14569.925672
-141538.117565,1,14569.945735
-126382.830178,1,14569.970595
-131986.328499,1,14569.986129
-153916.623787,1,14570.012973
-143936.985277,1,14570.029587
108652.264185,250,14574.74469
122283.370372,250,14579.566394
167576.824648,250,14584.342693
539347.807864,250,14589.193989
-126361.571942,1,14589.221716
-117562.77607,1,14589.242915
-143915.502726,1,14589.263351
-117554.871129,1,14589.286475
6309687.207839,132,14591.807367
5483282.001257,82,14593.400615
-135011.884386,1,14593.423118
122045.292601,250,14598.189358
6245778.094379,161,14601.284595
-135089.226707,1,14601.305313
6533505.847901,143,14604.009073
5992991.646632,95,14605.816288
6720308.930131,212,14609.831131
7042435.623478,230,14614.148953
-126312.967702,1,14614.171321
-171445.614299,2,14614.221506
129806.854129,250,14618.924897
-69690.328731,78,14620.382632
-135190.691452,1,14620.404296
6466009.50095,145,14623.129382
5883415.56517,108,14625.16742
120964.192146,250,14629.864884
-126287.408532,1,14629.889148
107708.290753,250,14634.508718
173561.206994,250,14639.235493
-126308.916843,1,14639.245533
5966584.818963,140,14641.907955
124434.292456,250,14646.762757
6184086.643313,118,14648.978543
6309706.4725,206,14652.917839
5524582.068079,165,14656.055904
5672983.605915,142,14658.704293
5789519.318746,168,14661.903163
129009.424077,250,14666.585004
5934947.521009,101,14668.346967
6968202.704977,218,14672.207874
-135131.209513,1,14672.228148
5814425.528067,126,14674.551002
6576132.462306,182,14677.810725
-135098.970684,1,14677.83272
6053409.896631,114,14679.930861
6127912.878878,162,14682.885246
6067731.064183,126,14685.109634
5939049.622393,191,14688.508239
-126287.117772,1,14688.528721
6273686.19293,141,14691.074682
5791235.858607,134,14693.452043
-117550.82664,1,14693.471335
131666.658831,250,14698.002384
6468439.362104,156,14700.727487
-159462.052541,1,14700.747548
6268028.738971,145,14703.31518
-155183.040333,1,14703.3373
-117460.108691,1,14703.361941
5505778.538668,62,14704.441961
-126264.452314,1,14704.462886
-151703.709715,1,14704.483562
-157941.928635,2,14704.520962
-155561.369692,1,14704.534175
762727.408908,250,14709.069103
106008.277086,250,14713.566768
6652088.324519,204,14717.147223
-126268.585375,1,14717.162815
121890.7833,250,14721.564632
6176831.199249,122,14723.718844
6912104.728416,202,14727.277558
-126265.348245,1,14727.294859
-163088.628021,1,14727.314719
-142337.092369,2,14727.355354
6628043.550183,214,14731.030405
6096995.811148,136,14733.47826
6335998.443204,123,14735.679667
221616.711205,250,14740.132781
94580.593154,250,14744.475055
-153909.655522,1,14744.485493
117658.02143,250,14748.933329
1253294.200938,250,14753.436507
114933.017091,250,14757.813497
6440192.83249,131,14760.112796
-143997.567782,1,14760.1356
-135241.107298,1,14760.152791
6152943.735589,135,14762.533527
5984257.468378,137,14764.955883
-117550.013376,1,14764.973704
-116551.69124,1,14764.992754
-117581.256999,1,14765.010845
131234.963927,250,14769.599857
-117544.004153,1,14769.610302
6154092.705567,192,14773.03117
5774660.431936,82,14774.510371
6348419.645367,203,14778.094047
5951322.222764,165,14781.046158
-126397.481291,1,14781.056754
102915.239729,250,14785.589579
6111553.482866,149,14788.421927
6415616.104998,153,14791.347937
-167462.619621,2,14791.389143
-126281.506643,1,14791.40893
6414297.733266,170,14794.726085
-135114.853273,1,14794.746113
6745457.82478,189,14798.35229
5853003.852103,108,14800.435553
6178003.452857,125,14802.821603
448528.066468,250,14807.625189
5795678.137134,152,14810.54048
95597.555251,250,14815.39452
6022664.12864,202,14819.264927
5892916.591155,112,14821.385958
6595649.405176,160,14824.501525
6543763.039213,166,14827.732854
6586427.364011,128,14830.223377
5941822.793129,238,14834.78016
5525813.913496,136,14837.426891
6799655.846332,212,14841.55178
5981708.618617,124,14843.964191
6415775.154808,207,14847.91874
5709165.404045,110,14849.977139
5623016.463544,103,14851.93271
5812471.837905,83,14853.516927
-109569.315515,1,14853.532354
6276260.31315,152,14856.502793
-126203.252616,1,14856.522788
6398095.00045,166,14859.67331
-143830.811035,1,14859.693955
-155400.581395,1,14859.721215
111782.001612,250,14864.400474
232316.784741,250,14869.104675
-126466.053354,1,14869.123673
5755441.176845,111,14871.278473
132838.054823,250,14876.009722
6339957.030447,115,14878.174045
-126305.77894,1,14878.194628
-117551.77834,1,14878.213129
126109.00591,250,14882.915595
5774300.700504,166,14886.070686
-117573.605103,1,14886.097857
-134990.487708,1,14886.120034
6214942.821141,214,14890.160114
6658676.209568,145,14892.963091
-152750.403204,1,14892.98473
1003976.235079,250,14897.597449
114680.852997,250,14902.371091
-117558.635092,1,14902.393907
-135088.393531,1,14902.415104
5555496.209016,120,14904.719458
6048142.618143,165,14907.668357
607046.298542,250,14912.217558
6150735.756209,176,14915.43491
5782587.11139,99,14917.175825
121412.589634,250,14921.692421
6814232.068552,184,14924.933157
6601246.308174,213,14928.749773
-154509.529188,1,14928.769574
5941304.222713,124,14931.116971
6122807.517192,150,14933.850943
355474.795124,250,14938.322879
-117584.498443,1,14938.339177
6271422.058622,98,14940.126456
-150150.402061,1,14940.146733
6346227.218879,152,14942.888086
5990767.488517,99,14944.667895
129942.849587,250,14949.083431
-155267.806242,1,14949.103573
-135095.600053,1,14949.124107
115587.143704,250,14953.511522
-155289.627383,1,14953.53283
-154582.786056,2,14953.576516
-172877.616061,2,14953.615294
6505550.516554,193,14956.967409
234356.228473,250,14961.475626
5908670.096395,102,14963.307861
105094.733221,250,14967.726573
6844281.101222,183,14970.921313
-135019.208123,1,14970.931377
47463.335169,250,14975.363706
7470762.017411,239,14979.673728
-126457.288078,1,14979.684777
109441.159362,250,14984.081692
-135126.075708,1,14984.091751
218410.585274,250,14988.487572
114512.319569,250,14992.994586
6003011.433611,151,14995.705737
-117542.367912,1,14995.725984
-135243.845205,1,14995.746063
6524402.348422,162,14998.695033
6055659.243542,106,15000.572318
5950885.40417,124,15002.826074
106154.806214,250,15007.275343
6774648.71679,204,15010.852496
6655801.352679,165,15013.695424
-126316.95513,1,15013.714099
5611601.438508,154,15016.418954
-135085.671952,1,15016.439077
5763561.620836,164,15019.381538
-135154.425679,1,15019.404997
619156.065219,250,15023.779249
192509.406257,250,15108.050678
5985938.144454,189,15111.466314
5558331.344158,129,15113.896331
5580323.250874,186,15117.242432
-144038.646787,1,15117.262832
-117582.578655,1,15117.286073
5689662.041198,110,15119.190711
-126377.299062,1,15119.211379
119975.712442,250,15123.790627
6576380.672612,154,15126.545388
-117652.134721,1,15126.558066
6235913.015582,109,15128.521458
6131912.516474,227,15132.584585
-135118.133442,1,15132.606722
130086.203088,250,15136.993859
-117646.306641,1,15137.01366
-135189.883609,1,15137.033998
6228460.095252,166,15140.131417
92622.20965,250,15144.633215
-117649.977138,1,15144.654093
-144038.230211,1,15144.666317
102883.610806,250,15148.792693
102401.220255,250,15153.24666
140070.089012,250,15157.524736
-135840.729246,1,15157.534574
1825036.148412,250,15162.00728
-117445.909468,1,15162.027713
-135191.915806,1,15162.047766
5594254.476759,205,15165.482179
5642293.620356,142,15168.059626
5976185.847083,170,15171.134606
-135233.256689,1,15171.148622
5749923.626117,154,15173.854469
-117557.020962,1,15173.874712
-135255.39649,1,15173.891734
123416.068668,250,15178.235535
6337113.015891,155,15180.960356
5864929.455339,152,15183.671122
6053067.233833,156,15186.436304
-155368.446878,1,15186.458825
938731.903965,250,15190.888882
87204.988514,250,15195.494613
-117575.484757,1,15195.512891
-147058.341754,2,15195.555316
-163488.784684,1,15195.573867
6033713.867353,114,15197.622111
148839.960924,250,15202.088134
6058620.768796,130,15204.399521
5992298.95186,124,15206.427915
118618.300364,250,15210.766984
6574734.899988,190,15214.167562
6331290.74413,140,15216.592749
-135209.954527,1,15216.612854
684062.301352,250,15220.882382
6129049.260933,157,15223.70301
6893548.282102,193,15227.033126
-155056.559375,1,15227.043142
6312675.841843,167,15229.915688
6604618.655679,246,15234.20856
-135107.962769,1,15234.217175
280566.906689,250,15239.207548
6502567.77725,206,15244.263684
-166840.461763,2,15244.298976
-126263.648484,1,15244.319343
5907712.080548,160,15247.53072
114527.77061,250,15251.685248
6476501.985759,196,15254.956797
6830261.881679,209,15258.757754
5802018.235429,161,15261.69207
91760.88745,250,15266.243341
-117557.734357,1,15266.269262
149743.416552,250,15271.038267
-117553.673382,1,15271.06168
5711517.687648,109,15273.138524
245843.507548,250,15277.908353
122214.04452,250,15282.662823
859424.506874,250,15287.52301
121474.620623,250,15292.275735
6501066.45625,149,15295.125574
-117553.707225,1,15295.14601
5741838.779013,116,15297.347281
-135191.776853,1,15297.371433
-140443.637201,2,15297.408699
-117648.340607,1,15297.430897
-117523.286769,1,15297.449937
6259580.013096,128,15299.914557
6113850.115484,225,15304.257817
158664.369831,250,15309.062768
5918790.898805,248,15313.845829
5859185.564633,80,15315.357395
5808303.543576,140,15318.064539
109620.223594,250,15322.897648
5573108.764429,131,15325.362057
119025.369303,250,15330.082515
-161488.869658,2,15330.128922
-135103.157388,1,15330.149206
123396.199413,250,15334.87858
-117649.674502,1,15334.899199
146463.338985,250,15339.665451
7536508.979769,240,15344.161407
-117543.658972,1,15344.17938
6028513.83353,146,15346.97104
670967.600042,250,15351.778626
7039394.917008,228,15356.06108
6322878.501344,185,15359.578085
-155067.12331,1,15359.598533
512869.346652,250,15364.289039
5740825.349804,240,15368.888198
5723862.178091,79,15370.404651
6994777.339641,226,15374.676911
113230.04334,250,15379.439106
237748.3632,250,15384.234015
5955066.035298,192,15387.658048
911112.919729,250,15392.126579
150706.112308,250,15396.617821
5795859.190265,106,15398.501889
6300288.969095,162,15401.394461
1077163.453043,250,15405.781481
-126269.699805,1,15405.798436
7089977.421753,237,15410.118955
1000547.795721,250,15414.481395
-126340.684649,1,15414.491532
-126474.611164,1,15414.511996
86127.043605,250,15418.982644
123911.447963,250,15423.545779
591440.973924,250,15428.172403
6017998.153912,116,15430.246379
-126270.551799,1,15430.263453
117768.157565,250,15434.65802
-154971.06006,1,15434.668206
120478.536392,250,15439.20074
5686488.648448,93,15440.902178
-135488.243316,1,15440.915391
6661109.527351,209,15444.650849
5924281.82053,107,15446.585207
-126261.399031,1,15446.612911
125848.875744,250,15451.066671
-143829.77906,1,15451.076991
6198937.38285,177,15454.26872
5731224.929685,123,15456.511979
130892.794499,250,15461.079916
-135084.322228,1,15461.098292
252362.255137,250,15465.569541
6397255.951761,164,15468.489502
-135103.993016,1,15468.506937
-152922.433893,1,15468.517014
-135003.353399,1,15468.537273
5704788.191172,109,15470.444219
5771711.829409,134,15472.828856
-117505.056514,1,15472.848763
6296235.179971,176,15475.900715
6549347.13632,194,15479.331352
123572.053529,250,15483.84496
6223920.121859,118,15485.96753
-156889.540643,2,15485.997729
6433423.126667,231,15490.099934
6414083.836359,181,15493.393545
6592980.031731,154,15496.333946
-176742.888867,2,15496.377886
-117549.281313,1,15496.399567
126110.490688,250,15500.838106
-117545.225945,1,15500.864827
5723664.528169,177,15504.006044
6588512.53201,169,15507.153054
6942516.364122,191,15510.801114
-152864.800272,1,15510.821609
-161304.673492,2,15510.868224
6482875.763969,171,15514.142588
5634042.372985,125,15516.553481
-126367.540822,1,15516.569932
-154843.725992,1,15516.590386
-163288.877088,2,15516.638336
126158.971444,250,15521.383995
7114244.703576,202,15525.306171
5783254.294436,162,15528.439965
-117559.178566,1,15528.470768
103303.20303,250,15533.234059
-117566.917571,1,15533.244411
166341.770699,250,15537.994313
6159158.516586,201,15541.87768
5762879.041935,101,15543.809739
5803163.853016,105,15545.853955
76576.463904,250,15550.604248
1138961.24505,250,15555.365571
-117663.769228,1,15555.383975
630682.615368,250,15560.078814
108965.387409,250,15564.574903
115080.524095,250,15568.934014
149431.375829,250,15573.444702
-135252.504827,1,15573.461771
782149.309543,250,15578.162337
6279555.306206,245,15582.732716
86656.247378,250,15587.394559
509441.543795,250,15592.147173
-137087.804366,1,15592.169294
6641474.615523,185,15595.664167
198160.165104,250,15600.375474
-135192.864518,1,15600.39557
-163448.805578,1,15600.417793
103364.9484,250,15605.217802
115204.282619,250,15609.957648
-135353.191406,2,15609.99825
-117569.124782,1,15610.020468
566859.794394,250,15614.689883
74419.456508,250,15619.45943
6511401.349302,135,15622.051865
629773.665564,250,15626.5774
246036.912636,250,15630.980958
330741.71586,250,15635.479093
5924723.953835,104,15637.41188
-135091.488803,1,15637.430926
850893.24466,250,15641.826251
126086.525168,250,15646.22808
491932.460892,250,15650.817026
6577939.719937,196,15654.309923
-143822.090456,1,15654.328106
-135042.95788,1,15654.350164
-117681.750625,1,15654.368743
5862055.205077,216,15658.196949
166181.116083,250,15662.755978
-135029.024869,1,15662.775263
6345339.407021,231,15666.878685
6028789.381609,139,15669.371294
119058.571281,250,15673.814868
1375442.893016,250,15678.357396
1000087.529722,250,15682.90459
6503247.199358,177,15685.962557
82767.269363,250,15690.398707
6340980.270894,149,15693.081862
6267739.94195,236,15697.265523
-135099.26534,1,15697.288119
6482885.866465,229,15701.23013
56216.344996,250,15705.924725
-155183.185922,1,15705.939038
1510987.177263,250,15710.33633
172326.215151,250,15714.668357
85211.557154,250,15719.112411
6626827.278576,199,15722.502283
124016.833814,250,15726.843384
-163333.229141,1,15726.864059
119280.158009,250,15731.433217
7185931.975234,194,15734.819434
127447.016138,250,15739.264661
115577.220967,250,15743.400522
105484.408326,250,15747.865146
-134262.809322,1,15747.884465
109214.025141,250,15752.565153
2559217.594769,250,15757.295054
99674.587977,250,15762.117534
-117552.585983,1,15762.141736
-126397.762301,1,15762.161744
-143933.786427,1,15762.179917
333182.659722,250,15766.675638
1002899.307124,250,15771.211084
5800451.598457,124,15773.397613
868662.275309,250,15777.931517
6693855.166816,146,15780.718336
632889.255022,250,15785.46587
6208887.875523,136,15787.89363
-126369.463145,1,15787.913676
-135249.564776,1,15787.939673
97846.87852,250,15792.543872
6727768.147057,218,15796.673862
-117654.820304,1,15796.684891
77408.929,250,15801.486038
-155130.694987,2,15801.516549
6228059.417584,124,15803.928433
6548116.824267,248,15808.416399
5993262.579331,161,15811.244209
111750.168209,250,15815.886685
-134987.205055,1,15815.904017
6299369.551359,239,15819.992246
123061.175402,250,15824.547441
-134096.708385,1,15824.562561
2206038.991106,250,15829.07166
-126277.508558,1,15829.086853
102639.349866,250,15833.54667
6385945.010273,145,15836.240584
6813930.845244,177,15839.570884
177109.586963,250,15844.248164
5794326.153248,218,15848.177829
226764.857439,250,15852.57533
122440.044391,250,15857.252186
6710120.0439,174,15860.597111
-117650.90142,1,15860.611396
130423.502396,250,15865.058153
6005640.512245,161,15867.663753
564159.905938,250,15871.869179
120918.217668,250,15876.318685
7722424.336511,250,15880.758863
2326841.358441,250,15885.379031
7383186.418146,208,15888.818128
5596249.093381,87,15890.365435
6145828.3057,186,15893.73817
73261.046669,250,15897.858661
6203131.524696,166,15900.776559
110650.122954,250,15905.228386
6650394.627802,114,15907.126932
6897369.161458,224,15911.074059
-117564.21074,1,15911.094535
1065074.443127,250,15915.565293
118222.992831,250,15920.031343
-135089.4142,1,15920.051785
6167361.551371,157,15922.741866
6702598.858701,183,15925.9321
5973644.397337,174,15928.87381
114047.146323,250,15933.353287
6074537.179242,133,15935.767165
-142371.231946,2,15935.803658
6391829.686349,223,15939.69473
5814236.993595,197,15943.162975
1201015.215407,250,15947.626213
6897484.57406,203,15951.238671
6352083.737073,201,15954.829309
1709850.778513,250,15959.260858
5523794.321243,129,15961.628435
-117452.90416,1,15961.645383
120334.442543,250,15966.074193
392593.034003,250,15970.521537
5999863.711322,119,15972.626525
6431345.995499,173,15975.712516
5569845.497454,126,15978.009258
610806.838218,250,15982.498115
138115.918651,250,15987.049198
6437551.238627,137,15989.686554
-179871.466985,2,15989.722876
-126374.470342,1,15989.746005
106040.305832,250,15994.595451
5901653.554249,96,15996.434618
6446530.805799,130,15998.904963
5900439.434542,206,16002.891794
6163682.481394,104,16004.886342
-135036.922683,1,16004.909947
120006.606041,250,16009.652284
93890.631288,250,16014.398283
6380554.305566,135,16079.250515
-135107.43068,1,16079.270144
116556.580427,250,16084.040236
6401009.669636,145,16086.779526
-136380.836145,1,16086.79255
-134998.157066,1,16086.815271
-135100.187123,1,16086.83046
6625259.152749,203,16090.72178
-161593.51205,2,16090.762131
6049901.242495,75,16092.159439
6676429.475451,249,16096.758299
6194956.14099,158,16099.794848
-173968.294196,1,16099.811375
6087596.847637,179,16103.325049
6279780.069681,106,16105.246605
-135114.074069,1,16105.259884
5699800.973329,122,16107.419188
7117169.746707,197,16110.971379
-180941.416021,2,16111.012685
-155269.18928,1,16111.034791
6394329.364005,153,16113.794566
224520.685874,250,16118.238677
6600905.54143,173,16121.122099
5842161.95041,100,16122.81233
-184211.98263,2,16122.834949
114035.327769,250,16127.105117
5885745.7261,122,16129.210865
71022.309049,250,16133.550023
6182934.983459,161,16136.471626
6389788.524638,207,16140.135522
6884442.840812,220,16144.030254
-126307.217437,1,16144.046302
-135103.389184,1,16144.066344
127496.770768,250,16148.49381
-150099.346606,1,16148.508845
577727.076367,250,16152.964231
5725104.128279,96,16154.648332
-126470.836203,1,16154.673673
-135225.487273,1,16154.697431
131801.682849,250,16159.12133
6254180.41006,143,16161.741956
5914989.282399,141,16164.306335
-152745.855358,1,16164.326408
-132733.921142,1,16164.34734
2079123.973048,250,16168.842725
122152.854204,250,16173.305507
-117549.584935,1,16173.321707
-117653.335654,1,16173.343271
-137365.945225,1,16173.369036
1532569.894088,250,16177.804006
-117567.495627,1,16177.824167
6130710.827206,136,16180.249299
128801.849723,250,16184.550411
111789.464674,250,16189.092858
-117454.737862,1,16189.115039
90713.273702,250,16193.730049
343113.602735,250,16198.145857
5927217.597342,185,16201.201669
-135190.525155,1,16201.211718
-117544.679307,1,16201.235982
-134189.796111,1,16201.248981
112190.076136,250,16205.647639
6658675.944872,170,16208.767418
5945384.97241,139,16211.217667
6282659.675541,183,16214.509402
-117545.554436,1,16214.529737
166658.645053,250,16218.891557
-117560.437732,1,16218.902052
105042.165244,250,16223.19714
51327.305541,250,16227.682989
6038552.196075,134,16230.224427
-117657.528784,1,16230.240996
6172163.763487,188,16233.583467
109466.080322,250,16238.401043
6724149.307143,167,16241.576283
1751745.185336,250,16246.067297
5952351.615036,108,16247.997439
6579745.197718,190,16251.310673
-117556.099105,1,16251.330908
2089052.078401,250,16255.999779
-126368.594707,1,16256.02024
678634.039476,250,16260.801986
142816.930364,250,16265.604988
6582731.26936,192,16269.293131
97018.454644,250,16274.102762
5806342.954145,90,16275.820387
6260141.830771,106,16277.833152
6303290.76804,177,16281.256924
-135227.499913,1,16281.279131
1959281.634808,250,16286.078949
-135047.481591,1,16286.103391
-170468.865988,2,16286.145203
6013246.781736,138,16288.797732
6440437.114308,169,16292.035517
7301400.690542,211,16295.956762
-151267.34783,1,16295.976945
6491647.379978,195,16299.645163
124331.29644,250,16304.338531
-182573.844453,2,16304.368814
-126472.098059,1,16304.389297
5882464.756817,54,16305.390604
111166.995339,250,16310.113221
126574.062701,250,16314.869343
168371.588103,250,16319.645784
-126268.627222,1,16319.657883
6577394.672336,232,16324.006397
6630063.561751,199,16327.848013
6057235.281418,120,16330.127234
130003.466044,250,16334.808558
-135203.149159,1,16334.827739
7289358.673663,221,16338.916286
-126303.597327,1,16338.926793
-126479.489873,1,16338.953474
-126473.79583,1,16338.964805
99556.813754,250,16343.663752
6219878.751049,87,16345.291453
-163613.310863,1,16345.31506
479136.872268,250,16349.896209
-117580.184994,1,16349.918611
-126367.3151,1,16349.935412
-135125.703031,1,16349.952477
123568.682754,250,16354.346407
6284591.45959,99,16355.984263
6120438.792113,171,16358.931336
110387.257535,250,16363.334099
5898719.951874,160,16366.156561
5627250.588628,44,16366.967404
5835509.363126,139,16369.483382
5875583.010607,117,16371.552137
770153.285451,250,16376.017743
644718.38597,250,16380.406476
-144010.221947,1,16380.416844
5449265.877346,56,16381.422261
6193593.573821,183,16384.658714
1563889.111194,250,16389.077232
126324.99639,250,16393.495739
-135198.988666,1,16393.51591
-135109.316091,1,16393.536097
-117558.121333,1,16393.556172
6305494.856665,190,16396.898371
114245.774393,250,16401.268962
6578354.970024,188,16404.613674
-117565.791338,1,16404.630422
119698.903666,250,16409.057694
131231.270879,250,16413.44293
6378793.508441,155,16416.220513
1194952.986338,250,16420.743498
844044.830882,250,16425.176185
5785133.435662,113,16427.15169
6376831.060693,158,16429.951952
-93942.19746,43,16430.754775
-117675.708349,1,16430.772705
6826918.599971,225,16434.60615
7052071.302335,201,16438.311139
-130588.500044,2,16438.350457
37206.051037,250,16442.419779
114201.337698,250,16446.590369
-153132.556471,1,16446.602919
117619.105815,250,16450.791571
6414799.057402,158,16453.610548
5852364.411963,131,16455.723473
131240.40811,250,16460.139482
120748.928733,250,16464.619076
6189835.965941,145,16467.362787
5897471.270248,115,16469.573597
5554566.017691,139,16472.24472
6136179.953557,174,16475.561378
125832.947587,250,16480.372319
6298599.66843,209,16484.307926
114369.275317,250,16489.116555
6458947.734525,128,16491.576796
5833454.036257,160,16494.679476
83234.353734,250,16499.444801
-174507.645736,2,16499.477847
6271931.644392,164,16502.616303
6554810.704189,161,16505.625236
6888271.901899,239,16510.226861
-135092.419395,1,16510.242227
-153113.680801,1,16510.264011
-152821.553251,1,16510.282872
6517715.082122,179,16513.683276
-144056.572216,1,16513.702276
5835440.32053,141,16516.410637
6251083.990901,145,16519.20925
131580.447261,250,16524.046008
115278.674468,250,16528.866508
120805.089622,250,16533.499783
-126264.832399,1,16533.521347
5699606.450223,109,16535.569361
125412.886781,250,16540.395246
117155.391844,250,16545.24057
6071168.480458,140,16547.92252
5633029.284142,160,16550.952373
5552809.492005,143,16553.649743
1092172.393978,250,16558.40334
-135098.727538,1,16558.422214
576017.630248,250,16563.202103
6191636.529637,134,16565.72787
6438532.489501,159,16568.702238
6650594.111962,171,16571.8747
-126267.943572,1,16571.894938
-164619.536891,2,16571.926791
119910.792312,250,16576.724559
79937.702998,250,16581.482664
-135109.746181,1,16581.498946
-126479.53709,1,16581.524633
6006883.362704,124,16583.848836
6242092.058433,108,16585.823074
-126302.885764,1,16585.840464
-117582.100973,1,16585.852504
6312451.395556,144,16588.425757
6473745.131056,128,16590.665901
120805.995453,250,16595.129103
5846501.795384,135,16597.608521
105100.690567,250,16602.159605
6802722.062517,181,16605.395503
747109.106781,250,16609.884836
860730.664729,250,16614.48899
5814788.421038,101,16616.300822
-126468.802125,1,16616.319462
5904946.233256,118,16618.44463
-117549.608306,1,16618.467437
124347.638843,250,16622.989506
1349329.317239,250,16627.490709
5772133.106387,82,16628.99033
-135043.522441,1,16629.010929
6168726.10435,172,16632.095446
5888560.676728,233,16636.235889
5610702.720147,114,16638.331114
981465.545885,250,16642.789633
-116559.40093,1,16642.809994
-126358.061873,1,16642.83641
117471.516594,250,16647.371103
-117649.343613,1,16647.380836
6912768.067645,169,16650.375434
-163301.323763,1,16650.385754
-126398.763889,1,16650.405926
118304.117687,250,16654.80438
6506133.580171,203,16658.466479
6213882.697199,196,16661.966407
6498634.238266,175,16665.096459
-117574.733332,1,16665.116902
6420349.100687,138,16667.464653
5970104.57373,205,16671.105381
101909.21298,250,16675.541526
131611.039425,250,16680.024761
6516959.857354,135,16682.401236
6562796.625651,153,16685.184551
-117571.526134,1,16685.205159
-126291.999764,1,16685.215542
-143825.730927,1,16685.236339
-136839.191505,1,16685.256692
92991.37041,250,16689.576746
-135098.6965,1,16689.587789
5936827.099282,100,16691.320636
152404.726459,250,16695.669666
93000.621951,250,16700.119863
-156881.249788,2,16700.166678
6178723.757833,149,16702.784046
2300818.042525,250,16707.511236
6169120.63844,179,16710.959496
1998118.747541,250,16715.681958
1777152.302791,250,16720.554446
-149619.520932,1,16720.582327
6939912.90176,209,16724.512012
6145773.156543,158,16727.574807
-136430.869415,1,16727.595552
-126370.809601,1,16727.605729
115682.131343,250,16732.07481
-142644.429701,1,16732.097326
-126181.578433,1,16732.115124
-117559.771795,1,16732.133521
1188161.07474,250,16736.915943
120461.441872,250,16741.740524
-158599.322817,1,16741.759805
132192.529088,250,16746.59002
7150656.10199,211,16750.616374
119358.601013,250,16755.35886
6029870.221302,135,16757.933485
235186.272141,250,16762.506369
6138415.872194,123,16764.834089
100739.048563,250,16769.521546
5914881.496065,136,16772.135162
7170383.902424,239,16776.463034
5780840.324385,83,16777.910792
104942.429638,250,16782.67503
6153807.769373,132,16785.169347
-135118.420987,1,16785.191895
-126272.340566,1,16785.202032
1570738.684793,250,16789.913342
-117657.700884,1,16789.930081
7649718.723188,213,16794.019271
-137680.93902,1,16794.039733
-117553.585433,1,16794.049784
-117553.065401,1,16794.070325
6293345.159728,155,16796.931051
5624313.084161,97,16798.764109
6141282.289449,135,16801.342521
1555691.285229,250,16805.952954
6072077.05341,183,16809.322353
83496.354118,250,16814.231114
88020.684957,250,16819.139145
981032.243855,250,16824.03282
119973.145712,250,16828.811715
-150654.596854,1,16828.832143
6584734.360734,187,16832.185216
6587611.037097,138,16834.504521
6541904.195395,175,16837.51785
125641.398603,250,16842.091974
99124.846414,250,16846.834802
5595502.655069,122,16849.011198
-117549.183503,1,16849.025246
6017144.724301,106,16850.856968
6783129.715732,189,16855.23893
136746.144045,250,16861.650053
6018087.450577,105,16864.27767
-170730.038213,2,16864.324323
6766497.531573,186,16869.078054
1640766.201146,250,16875.283773
1479388.841189,250,16881.708334
6333248.208685,149,16885.415037
-135113.77516,1,16885.445409
-117557.249677,1,16885.465512
-135289.99528,1,16885.487885
5951135.877517,119,16888.476217
5842548.641983,166,16892.60556
6367475.31313,233,16898.279019
5793133.901439,87,16900.424201
6074555.564126,165,16904.618547
-117445.403375,1,16904.648669
109525.752203,250,16910.690302
5800491.952094,107,16912.600447
91883.978023,250,16917.175028
6653569.504733,236,16921.32085
-126371.780336,1,16921.341013
82778.952943,250,16925.672846
6736811.089942,199,16929.103358
112931.800257,250,16933.467939
-135089.551724,1,16933.496742
221605.253462,250,16938.027532
-117550.975707,1,16938.046445
-137865.6764,1,16938.066838
-117553.686432,1,16938.076956
539357.156691,250,16942.841021
-155236.980679,1,16942.862554
1397323.126513,250,16948.140136
-117549.770729,1,16948.164251
-134862.444753,3,16948.219369
611339.618754,250,16954.102701
7014721.217405,238,16959.82035
6199783.650065,159,16963.631785
1006966.028028,250,16969.45068
-117599.667431,1,16969.476251
738636.430072,250,16975.395671
-126391.831321,1,16975.417517
98987.181916,250,16981.203084
-117467.73525,1,16981.223869
-135116.976034,1,16981.243292
81071.02376,250,16987.055194
126086.021685,250,16992.86779
-117550.655316,1,16992.891239
-154860.294686,2,16992.933284
-28396.394779,140,16996.209715
813474.778526,250,17002.301041
-135138.855533,1,17002.329463
157956.586314,250,17007.68185
6633276.333597,189,17011.290642
87636.353173,250,17016.147162
6070608.97472,136,17018.808166
5907684.143721,126,17021.186615
1647010.439525,250,17096.700652
108422.42872,250,17102.978878
-117472.081578,1,17103.003616
5492534.572644,154,17106.955791
6292411.210842,248,17113.21135
-135004.536625,1,17113.227648
5965264.629905,148,17116.927785
6125572.596073,109,17119.673231
110839.034348,250,17125.981804
6585396.081394,184,17130.448225
-167164.161969,2,17130.522935
6345516.684143,204,17135.462721
117128.959924,250,17141.676592
-135226.274032,1,17141.697686
-143892.809969,1,17141.72602
-126366.651969,1,17141.748831
-143757.266688,1,17141.779622
-167300.164715,2,17141.829991
