#{"t_start": 1761593212.1195683, "env_id": "PulleyEnv-v0"}
r,l,t
-101879.478397,13,1.267078
-135098.794516,1,1.273017
-109561.209433,31,1.455821
-97973.337313,23,1.595094
-81680.256824,57,1.909657
-94015.790734,35,2.127416
-91979.307159,14,2.220501
-147909.763683,16,2.356959
-85087.269665,49,2.748286
-117547.003104,1,2.758363
-83154.495942,43,3.078463
-43824.571258,66,3.560961
-83685.159741,29,3.794587
-77573.32643,47,4.094562
-90603.305175,27,4.299283
-71577.87508,77,4.884326
-137227.130862,1,4.890323
-93382.649265,37,5.167859
-125255.743193,2,5.17386
-101050.073373,40,5.500499
-135100.535808,1,5.500499
-79798.023273,46,5.82865
-87416.597127,30,6.03994
-73757.917813,40,6.312021
-157033.714109,1,6.328101
-97046.494229,22,6.483993
-119383.612496,59,6.891382
-61150.699868,38,7.183844
-78173.707437,35,7.421617
-88895.72061,27,7.594892
-91554.694897,31,7.801508
-78278.5605,52,8.252887
-149657.731638,2,8.271149
-79710.310523,61,9.7548
-82573.474007,34,10.634325
-126376.147113,1,10.654471
-82848.151176,44,11.699724
-96455.661245,13,12.028598
-70892.079553,37,12.961181
-116138.763956,30,13.716675
-58868.615582,83,15.852242
-166151.964464,3,15.908273
-90665.960919,19,16.321739
-90649.59309,22,16.819363
-143817.186246,1,16.847736
-98848.899627,24,17.418547
-117548.202452,1,17.43856
-116135.712005,20,17.886562
-91982.39794,20,18.335298
-125456.347923,18,18.761545
-91138.089926,22,19.270956
-85406.618429,27,19.883171
-88467.768766,18,20.315413
-90419.806047,35,21.139296
-80676.664153,78,23.174298
-109065.05974,17,23.577492
-117715.166228,22,24.070931
-93611.30377,18,24.48363
-43898.912783,119,27.434789
-83072.80011,29,28.155218
-74774.424041,58,29.535406
-102510.328934,13,29.839996
-85430.159567,32,30.650259
-100488.7855,26,31.389958
-47882.746461,121,34.226814
-117450.373033,1,34.249205
-107769.928298,24,34.852108
-80826.395091,39,35.718146
-87919.845976,27,36.412981
-58256.900106,43,37.456066
-126279.654011,1,37.476486
-124182.119703,14,37.808029
-72810.438782,54,39.153434
-149254.355172,2,39.219387
-88879.041774,59,40.803008
-70149.179436,80,42.856056
-86621.261528,26,43.466039
-126287.576184,1,43.494471
-155208.616136,1,43.523398
181045.049349,250,49.553129
-117560.636769,1,49.577242
-147179.940442,2,49.634481
-47016.782311,85,51.452048
-135135.687578,1,51.470245
-101198.357477,27,52.035143
-141156.632188,21,52.519155
-85861.815697,44,53.491711
-72400.713952,54,54.688654
-117547.01393,1,54.707102
-86297.995166,34,55.346376
-135121.526916,1,55.376215
-117551.011975,1,55.400416
-143819.763688,1,55.421717
-89032.633057,18,55.723357
-153870.13327,1,55.743867
-70498.731279,72,57.024065
-126265.292918,1,57.051081
-62721.248191,63,58.074638
-38277.323015,110,59.844252
-93928.547716,21,60.176874
-71778.77442,47,60.942245
-70621.670501,56,61.910645
-48873.776855,80,63.290217
-67529.216164,54,64.200032
-84190.667756,32,64.739336
-80321.330491,50,65.652557
-93361.661188,24,66.057294
-44603.388958,97,67.808217
-88567.381911,17,68.11225
-29411.29074,163,71.024095
156158.91109,250,75.375849
-107493.394112,18,75.699028
-134984.070341,1,75.718931
111901.560684,250,79.991596
-117651.40957,1,80.009299
-6300.221489,146,82.477597
129273.861994,250,88.435603
-31526.666365,130,91.547918
-135106.720227,1,91.566202
73446.196147,250,97.678556
167254.212685,250,103.535736
15074.450117,210,108.577119
-126401.734933,1,108.608248
-155265.03674,1,108.633746
-134013.693385,1,108.656775
7229.912518,170,112.974055
-126389.574996,1,112.999645
149540.737057,250,119.178741
127351.702806,250,125.340505
-144520.293043,2,125.387989
104753.141506,250,132.896225
-126277.966253,1,132.917567
29156.300497,220,139.628397
-137583.542546,1,139.650966
81284.87823,250,147.2953
-4164.273471,178,152.532481
136679.258709,250,160.225096
121442.710289,250,168.158622
-134985.255352,1,168.182603
-159192.632807,1,168.221233
-27095.819276,118,172.267118
130473.371565,250,179.854845
-135112.83693,1,179.870148
-135099.173447,1,179.902054
110345.538896,250,186.107341
-126266.64935,1,186.138299
26520.195115,200,191.034893
-43951.982686,98,193.53687
12312.005915,190,197.962982
-36290.128258,95,200.270681
-117039.468208,53,201.532007
-148310.956571,1,201.559745
30720.741689,183,206.070629
-43337.560206,95,208.450352
-32658.651921,190,213.296239
-32859.086876,140,216.801007
-67746.588633,81,218.90693
-23052.314236,134,222.249098
-54868.79858,73,224.019904
-57378.550386,109,226.87568
-135106.213805,1,226.897918
-62930.495438,63,228.453706
-66195.345469,90,230.727213
-98619.983985,38,231.756928
-126467.879799,1,231.78557
-52895.277835,106,234.455085
-55323.681055,80,236.48558
-52579.631205,105,239.053778
26985.322121,184,243.758766
-59214.802461,116,246.780102
-117661.379451,1,246.803558
-38712.751763,73,248.626774
-81917.57743,47,249.801223
-60768.667941,91,251.986926
-33784.015834,204,256.961974
-59610.014157,79,258.870276
-53922.244965,77,260.841114
-43219.370945,114,263.707176
-82443.446647,69,265.368705
-86140.582008,108,268.092701
-117665.138591,1,268.125346
-185628.007258,2,268.171956
-36314.034924,108,270.913049
-117650.706957,1,270.933451
-43637.612323,104,273.639139
-9864.405267,137,277.061117
-26618.937277,132,280.471094
-40612.323389,109,283.183841
-143869.049955,1,283.206225
-17882.994518,161,287.178226
-117549.246379,1,287.196213
-56299.200663,105,289.699256
-144060.74893,1,289.719213
-33473.641209,113,292.717712
-101459.207695,42,293.8638
137181.131474,250,300.116005
-126374.488119,1,300.14692
-62678.814668,65,301.843734
-126368.788352,1,301.874837
-29151.216604,130,305.085309
-35785.562811,149,308.924759
-159254.454306,56,310.388289
131220.048925,250,316.939026
-135100.168552,1,316.963607
143581.36531,250,323.153342
-155277.624905,1,323.183469
130669.653091,250,329.139107
126620.608325,250,335.52774
-117458.363816,1,335.554749
-16934.180402,199,340.39631
-42847.418119,135,343.856871
146285.050573,250,350.134281
178856.034042,250,356.097333
-161450.476593,1,356.11805
119094.33228,250,362.368021
141689.6519,250,368.59014
126760.812337,250,374.714002
114348.887798,250,381.072303
185358.388229,250,387.353502
-135210.676339,1,387.393026
110003.648423,250,393.760434
-135099.406979,1,393.781165
173985.82708,250,399.928931
153235.324796,250,406.217785
71990.009618,250,412.394874
111231.247021,250,418.466892
176721.975709,250,424.54616
127068.538478,250,430.733498
-143833.67509,1,430.767539
21457.195565,248,436.760747
95111.96904,250,442.923818
-137990.914596,1,442.962217
-6206.949145,204,447.93501
120711.396059,250,454.044425
125437.804512,250,460.485431
149370.029281,250,466.587532
192504.693902,250,472.877889
-135087.004461,1,472.898493
115798.5792,250,479.102691
105834.386708,250,485.202367
174782.449849,250,491.3704
141447.240379,250,497.306027
186212.509097,250,503.332773
156494.127616,250,509.556919
154042.034451,250,515.86737
191334.75263,250,522.176064
103821.692578,250,528.501101
142271.252002,250,534.743321
283447.647201,250,541.03746
238253.139923,250,547.347511
123192.730322,250,553.928633
121793.081838,250,560.25667
326910.818383,250,566.536239
198702.452708,250,572.599919
-159959.585956,1,572.610229
-117654.933058,1,572.631916
114395.978629,250,578.914501
-135134.915648,1,578.939795
212280.676542,250,585.365495
-126268.564571,1,585.396309
274953.573133,250,591.884956
287308.991278,250,597.419751
142572.544069,250,603.725944
120174.156001,250,610.127573
-134998.909463,1,610.157672
180522.17455,250,616.265567
235195.853531,250,622.403275
-117464.108383,1,622.423352
342495.32329,250,628.497885
131904.790143,250,634.782956
113645.492616,250,640.901002
273550.501959,250,647.101072
-135108.013399,1,647.134589
245546.840051,250,653.395306
81215.516478,250,659.257641
129576.057025,250,665.464082
-134996.617281,1,665.487832
118695.336912,250,672.013926
108492.189832,250,678.155474
-145871.670279,1,678.186321
213867.287771,250,684.349053
-134993.879708,1,684.399246
155527.863507,250,690.27321
133896.873958,250,696.457771
112013.802491,250,702.691712
298002.076784,250,708.856656
-117554.110596,1,708.870296
271804.499195,250,715.316297
155981.490032,250,721.574704
84914.540308,250,727.828357
458593.243026,250,733.810085
434078.092491,250,739.868575
-146365.334688,1,739.890054
-117545.74714,1,739.91891
93726.805762,250,746.1703
180766.805632,250,752.694391
344447.239757,250,759.081933
359841.431849,250,765.483854
293732.135454,250,771.653146
203268.104375,250,777.646011
71983.204356,250,783.914678
83538.875749,250,790.540991
141918.461391,250,797.017603
127198.918347,250,803.406714
343120.64951,250,809.623587
151189.116485,250,815.900678
533313.301516,250,822.326905
111547.930625,250,828.625952
-155037.766478,1,828.642796
146572.686607,250,834.900754
128762.741406,250,841.027151
-167316.589246,2,841.078939
367092.498665,250,847.193762
328287.835545,250,853.542714
-146763.286469,2,853.587896
-126282.492108,1,853.613931
120119.643268,250,859.939439
644218.298958,250,866.043381
114764.004635,250,872.275826
-117565.128471,1,872.30665
127651.941024,250,878.420522
-134990.18432,1,878.444511
123946.785172,250,884.904686
130088.022164,250,891.109024
137445.841395,250,897.275185
79367.358476,250,903.364379
657879.324639,250,909.620888
512244.751036,250,915.756368
256049.083834,250,922.17293
-126261.254977,1,922.202662
104749.969843,250,928.224302
-135015.051408,1,928.254916
486544.296862,250,934.430475
162440.299304,250,940.867073
131186.424045,250,946.871733
-117547.154268,1,946.904186
-136586.025897,1,946.932336
594002.248673,250,953.046393
367106.388207,250,959.252152
384498.36779,250,965.724827
129344.632426,250,971.81353
231259.929976,250,977.936522
117871.256603,250,984.44643
533218.540819,250,990.596404
284349.475779,250,997.107317
-117551.232001,1,997.127738
-117551.881636,1,997.151528
113125.847263,250,1003.237424
128266.315626,250,1009.660777
298798.195654,250,1016.087525
303385.233791,250,1022.419694
504010.011856,250,1028.694015
-155289.037874,2,1028.764449
128650.758671,250,1034.812069
137383.94273,250,1041.009714
-126282.568133,1,1041.031213
103977.523334,250,1047.263952
350206.857857,250,1053.859636
357884.922473,250,1060.004435
356767.687125,250,1066.044702
-117553.521365,1,1066.064741
-148279.792436,1,1066.085396
-126372.934666,1,1066.109831
515146.048188,250,1072.505745
-161485.276678,1,1072.535097
179634.902183,250,1078.481225
207405.924093,250,1084.469852
-126282.443035,1,1084.487473
85000.322096,250,1090.398263
674253.205015,250,1096.269639
153242.241482,250,1102.557379
265658.752296,250,1108.792196
106935.775182,250,1115.002868
126564.11882,250,1121.059918
251124.856373,250,1127.088445
-143859.404324,1,1127.108902
311647.29994,250,1133.030018
349871.913696,250,1139.214059
233940.938495,250,1145.452737
874258.384991,250,1151.715467
119987.469223,250,1157.707212
431640.636996,250,1163.549065
-135115.672179,1,1163.57449
-142825.442809,1,1163.602188
246571.625049,250,1169.883236
128235.60087,250,1176.097076
-157060.040643,1,1176.119532
134417.967984,250,1182.573869
-135099.419688,1,1182.599921
-117551.899046,1,1182.627882
-135093.174055,1,1182.652835
-135108.451518,1,1182.673329
135795.458908,250,1188.896515
-135130.656412,1,1188.916744
611696.449836,250,1195.175803
454102.136359,250,1201.359071
382323.219989,250,1207.5443
-135095.909831,1,1207.575264
91106.995099,250,1213.799342
400228.329648,250,1219.879981
360319.929158,250,1315.30212
119465.616483,250,1319.701774
373168.989377,250,1324.145659
135055.988639,250,1328.492627
559364.157519,250,1332.93445
606048.057993,250,1337.351997
98888.249741,250,1341.794927
432382.801249,250,1346.413504
-142243.207033,2,1346.451926
-151972.439646,1,1346.478519
-117570.911342,1,1346.496987
566577.716793,250,1351.262998
452142.292851,250,1356.019192
-135200.671538,1,1356.039578
-117553.514516,1,1356.060971
-125382.560991,1,1356.080837
-135185.988798,1,1356.100768
102550.800909,250,1360.846466
-157939.360024,2,1360.88391
170646.981151,250,1365.620079
-135092.950839,1,1365.640168
277763.374192,250,1370.425091
-143924.285194,1,1370.445704
240021.797406,250,1375.261946
677941.122773,250,1380.09511
-117575.445422,1,1380.113432
272177.043891,250,1384.905137
-126499.261903,1,1384.927501
391707.635787,250,1389.709067
482273.252949,250,1394.521211
-126278.960567,1,1394.544067
-147505.7677,1,1394.567749
479928.83093,250,1399.37661
-117450.968047,1,1399.396866
488742.079556,250,1404.142237
981446.762893,250,1408.936694
279168.54845,250,1413.598152
-152796.408741,1,1413.618457
270538.879222,250,1418.389308
124800.636573,250,1423.117769
-126264.183654,1,1423.136407
-135094.806578,1,1423.160346
598063.782338,250,1427.917035
100552.14143,250,1432.632473
253402.878879,250,1437.327337
570074.780122,250,1442.123878
93803.283536,250,1446.906208
-167328.111028,2,1446.950668
-117544.431331,1,1446.962919
-134496.582353,1,1446.983569
-135195.28679,1,1447.004465
393817.30764,250,1451.621697
-385225.327014,250,1456.453235
284923.730131,250,1461.232865
685554.409098,250,1465.868385
379020.810655,250,1470.412638
765763.982909,250,1474.914576
144866.081764,250,1479.384322
415644.931244,250,1483.893695
534666.368279,250,1488.38666
496411.710689,250,1492.847092
95280.085194,250,1497.240424
-117548.67867,1,1497.257877
111785.665021,250,1501.677245
-135018.786508,1,1501.700682
-141884.237952,1,1501.718786
-126486.682353,1,1501.728799
-135102.953246,1,1501.75406
409231.706709,250,1506.337878
118290.42628,250,1510.904042
-143912.643106,1,1510.922166
666971.528151,250,1515.407211
108227.117117,250,1519.904035
-195974.772694,2,1519.949735
-137711.918501,1,1519.965353
867706.775657,250,1524.400497
-135211.65227,1,1524.421349
169834.761234,250,1528.919616
-135084.829607,1,1528.929857
-117560.029131,1,1528.950277
-117558.124322,1,1528.970975
592796.019758,250,1533.318282
134120.819759,250,1537.601215
130068.64395,250,1542.025445
-155153.879082,1,1542.045908
294561.20631,250,1546.436562
498924.005939,250,1550.878074
-135187.932876,1,1550.898294
578404.328951,250,1555.415805
423221.95633,250,1559.937226
100156.222645,250,1564.326674
-154416.434176,1,1564.337732
586209.026752,250,1568.762339
98171.95226,250,1573.264341
117686.599788,250,1577.759851
663657.122532,250,1582.173791
900875.080835,250,1586.848291
100771.507134,250,1591.693612
705520.404631,250,1596.486589
-117663.318084,1,1596.510488
101298.414478,250,1601.337217
405813.549988,250,1606.19746
470714.051203,250,1610.924728
-155152.162019,1,1610.94674
135614.777602,250,1615.722925
134286.152076,250,1620.509915
-117549.650518,1,1620.530166
117878.375379,250,1625.273699
87005.489301,250,1630.097058
-87355.329598,22,1630.511327
861535.662936,250,1635.327745
-126260.881665,1,1635.341983
742901.34244,250,1640.178599
760892.837362,250,1644.964406
573379.258158,250,1649.785954
76226.328384,250,1654.637178
-171719.825735,2,1654.675196
-135115.494836,1,1654.697074
107813.398295,250,1659.404876
119033.34696,250,1664.10933
-135086.242634,1,1664.130573
367078.334923,250,1668.833177
467647.328226,250,1673.500207
-135112.779924,1,1673.510362
669423.634506,250,1678.270604
691207.42436,250,1683.052248
329227.168722,250,1687.86392
-137744.182736,1,1687.884909
692252.898079,250,1692.684501
223410.562522,250,1697.512664
-151951.647524,1,1697.534339
121674.244114,250,1702.255497
113164.312214,250,1706.868599
565211.784504,250,1711.381599
171251.8366,250,1715.868404
654995.210221,250,1720.318134
394414.918225,250,1724.7811
535605.900915,250,1729.337749
136958.944179,250,1733.79541
-135002.754639,1,1733.81646
-126266.351465,1,1733.836967
132553.323342,250,1738.365446
910682.883118,250,1742.853038
928276.328103,250,1747.254503
121643.784315,250,1751.707953
-177293.526666,2,1751.738774
483041.31899,250,1756.242846
134431.780794,250,1760.78001
767247.29753,250,1765.255244
-152141.678396,1,1765.265616
472430.762652,250,1769.669014
-137850.146924,1,1769.693737
-135224.398336,1,1769.712865
-135127.067971,1,1769.730839
-165790.373584,2,1769.758051
-155322.02868,1,1769.784584
-117655.628494,1,1769.805495
-135215.99772,1,1769.822557
-135121.736542,1,1769.842901
213020.560265,250,1774.284457
361874.375728,250,1778.680035
289377.813834,250,1783.158928
476765.829192,250,1787.668218
-126390.585724,1,1787.692648
-117546.808073,1,1787.708687
473053.858717,250,1792.171644
-117552.086216,1,1792.192485
105832.43584,250,1796.761345
622070.421044,250,1801.21808
450708.991431,250,1805.660392
280993.787579,250,1810.094896
-177438.398572,2,1810.125933
360342.803743,250,1814.550215
-153257.831302,1,1814.576531
128889.113912,250,1819.102194
-117642.625359,1,1819.12232
1140507.734079,250,1823.566407
112688.478814,250,1828.327692
405790.628011,250,1833.168923
-152534.591434,1,1833.189015
-155181.675541,1,1833.210472
654116.054638,250,1837.962283
564793.107817,250,1842.780753
757289.301276,250,1847.571611
-135088.943809,1,1847.591685
-107088.226064,14,1847.862527
-116566.739531,1,1847.882612
-117551.617656,1,1847.902913
721902.922677,250,1852.715015
463430.547478,250,1857.480225
347360.892203,250,1862.271762
-200565.918498,2,1862.320894
509636.121844,250,1867.111475
1184399.857364,250,1871.900001
1044423.208204,250,1876.760662
-149302.780276,1,1876.777391
-151198.749391,1,1876.801963
-141827.06475,1,1876.82042
-239698.587963,4,1876.902256
979873.119618,250,1881.662476
1085504.150097,250,1886.494658
-117473.65126,1,1886.520006
238569.611175,250,1891.324975
338203.620086,250,1896.072081
87873.611221,250,1900.7959
478372.573981,250,1905.615576
-117548.92557,1,1905.642647
606389.10114,250,1910.382844
-155448.081756,1,1910.399899
817167.307475,250,1915.20013
625451.16242,250,1919.953247
-135110.431532,1,1919.976323
491989.263817,250,1924.793332
-116558.895206,1,1924.810597
379723.489544,250,1929.497365
57075.61222,250,1934.314269
653243.261127,250,1939.104024
-135096.034331,1,1939.128233
738356.237091,250,1943.873101
648974.777135,250,1948.240046
129222.295303,250,1952.772944
803820.379994,250,1957.283624
949581.367583,250,1961.66956
-134986.987486,1,1961.690027
-117558.619768,1,1961.71038
828610.086237,250,1966.127888
127475.670738,250,1970.918033
261110.661588,250,1975.463437
124049.512807,250,1979.920538
-192029.458579,2,1979.96048
-134986.560958,1,1979.980514
430089.842534,250,1984.523703
603988.927445,250,1988.853153
180007.770522,250,1993.342546
732004.110692,250,1997.791889
-137668.615823,1,1997.812201
123465.306191,250,2002.212921
972484.168934,250,2006.674972
104689.015706,250,2011.211028
920406.863103,250,2015.625842
114114.749335,250,2020.095322
-117568.124946,1,2020.117248
-135085.705849,1,2020.136307
109297.287699,250,2024.568825
118946.824798,250,2029.02087
-117558.499601,1,2029.030942
654443.03743,250,2033.4431
817305.414115,250,2037.862778
798253.395349,250,2042.336829
766694.514538,250,2046.75962
-117648.554,1,2046.780094
-135207.064018,1,2046.79618
113608.117964,250,2051.229176
-117549.78462,1,2051.249741
193229.569289,250,2055.655519
-143919.586504,1,2055.67456
313389.461578,250,2060.075577
-126365.056518,1,2060.095146
-126370.302182,1,2060.109508
-136323.314307,2,2060.150523
-157991.293161,2,2060.18557
1139568.812269,250,2064.581542
-135228.883932,1,2064.602349
131509.310459,250,2069.356513
-126175.472717,1,2069.377054
-143902.564232,1,2069.401273
743773.972203,250,2074.155334
-161374.117692,1,2074.176234
114362.707348,250,2078.869287
547531.953387,250,2083.744438
112206.956147,250,2088.548486
759755.573978,250,2093.383913
-117565.244533,1,2093.403977
427720.725473,250,2098.2305
-134988.359052,1,2098.250846
741305.556991,250,2103.102419
-126277.519666,1,2103.122451
-178497.754074,2,2103.155139
161125.567148,250,2107.962517
122100.616266,250,2112.759201
-509502.039032,250,2117.633401
-185157.266964,2,2117.683438
767601.438448,250,2122.431669
-135008.997061,1,2122.448796
613437.824687,250,2127.164716
591799.175066,250,2131.993016
-154904.058775,1,2132.009008
581604.254204,250,2136.717712
-135086.70836,1,2136.732693
921564.438148,250,2141.497956
493624.649666,250,2146.237582
-126267.604895,1,2146.247864
130360.027963,250,2150.958674
-117552.773489,1,2150.971122
802889.314568,250,2155.690306
118810.097993,250,2160.506555
904756.087878,250,2165.309963
1192585.651697,250,2170.064266
-117644.749836,1,2170.084389
735460.470456,250,2174.835985
121272.508625,250,2179.616035
669610.290527,250,2184.350567
126374.893334,250,2188.869582
569709.490112,250,2193.320768
-117561.267938,1,2193.330652
754693.172629,250,2197.84366
680336.390725,250,2202.249201
517416.740414,250,2206.765894
497447.141196,250,2211.20839
450704.31746,250,2215.596316
126616.843869,250,2220.014445
-117546.994734,1,2220.034603
715163.980782,250,2224.51477
-126396.405425,1,2224.529997
-135011.321683,1,2224.555986
929957.545104,250,2228.979118
1094628.499766,250,2233.462839
550215.607276,250,2307.399854
-135106.461869,1,2307.420447
-126389.651439,1,2307.437602
-135097.398255,1,2307.459262
866748.164159,250,2312.31932
560143.62675,250,2317.133459
-154974.808186,1,2317.153936
127305.845822,250,2321.906943
118671.645049,250,2326.736117
100003.001714,250,2331.555699
1297609.686549,250,2336.348812
101486.771162,250,2341.169594
714797.296451,250,2346.040536
1055882.870142,250,2350.890904
125266.865234,250,2355.74736
433360.57108,250,2360.601721
-126264.121386,1,2360.621894
-135090.972385,1,2360.64238
1481748.669366,250,2365.450296
-143856.157994,1,2365.470827
-126301.543599,1,2365.494713
-149135.271253,1,2365.515772
623870.711359,250,2370.26886
114467.599691,250,2375.134161
-126367.82921,1,2375.150408
393169.162137,250,2379.921498
841243.237506,250,2384.617445
-135009.671487,1,2384.637307
315668.690604,250,2389.369299
797425.940732,250,2394.045346
-117650.360023,1,2394.06586
-117447.922387,1,2394.090249
-126377.565908,1,2394.106979
1200476.083556,250,2398.822037
95806.556195,250,2403.543556
-117557.710799,1,2403.561173
-117553.508104,1,2403.581221
1058592.271172,250,2408.300059
395373.094386,250,2412.957294
546265.219106,250,2417.746751
1098393.539673,250,2422.556413
-166618.834182,2,2422.587588
1256894.240641,250,2427.249029
328154.30563,250,2431.716933
654889.832985,250,2436.211512
-125286.501695,1,2436.222507
721906.855414,250,2440.772603
732009.387526,250,2445.25367
1198300.589654,250,2449.706279
-135085.486614,1,2449.726931
1244019.951071,250,2454.242923
1183418.648137,250,2458.736777
119983.989819,250,2463.22252
-167095.296314,1,2463.237724
885386.550687,250,2467.737983
-117595.501549,1,2467.753337
128303.917302,250,2472.350685
-126497.886653,1,2472.370835
1243531.644395,250,2476.683787
129708.596771,250,2481.274958
-135094.183376,1,2481.29503
1488376.272352,250,2485.792358
-135087.91024,1,2485.806466
116594.016897,250,2489.849804
596087.732479,250,2494.306362
104273.817844,250,2498.797458
-135090.757288,1,2498.819337
-135086.97943,1,2498.837439
106516.436448,250,2503.273232
-257172.443511,250,2507.816237
1376088.963246,250,2512.288514
142570.577496,250,2516.784739
-117566.033517,1,2516.807984
121029.368076,250,2521.304194
509630.912418,250,2525.802606
119747.764708,250,2530.43086
1622469.002878,250,2534.711793
1524437.34119,250,2539.238097
102662.327531,250,2543.84903
1815355.916169,250,2548.415932
-143990.84478,1,2548.438084
1574349.537565,250,2553.419799
2134530.748153,250,2558.184806
118199.708931,250,2563.00344
1350859.473887,250,2567.584609
1840770.400716,250,2572.182473
-126283.360363,1,2572.199217
1826081.897545,250,2576.79525
1296264.065406,250,2581.586838
115284.244184,250,2586.299679
1488916.68661,250,2591.325892
1178204.425188,250,2595.784586
91665.911409,250,2600.327364
1478333.430517,250,2604.815356
-158761.901005,2,2604.856141
1500277.538135,250,2609.295045
914050.339323,250,2613.809502
114880.283444,250,2618.6425
1564059.366245,250,2623.099584
1230976.56209,250,2627.680701
-117561.0354,1,2627.703201
1996355.36625,250,2632.10455
-166829.186964,2,2632.148068
127056.648012,250,2636.85243
1292111.937491,250,2641.618186
1805441.442838,250,2646.481576
1052500.506444,250,2650.889237
1728965.373922,250,2655.431021
117590.480473,250,2659.863575
1750949.281944,250,2664.368633
1767567.04898,250,2668.935304
-143908.023378,1,2668.957391
2465514.24511,250,2673.635954
123254.344764,250,2678.072527
-155088.52212,1,2678.093886
2058139.709558,250,2682.570166
-135087.903522,1,2682.580256
1726231.793091,250,2686.918589
1779320.847163,250,2691.329683
-152639.47708,1,2691.350528
1087254.109729,250,2695.896664
1537635.432823,250,2700.459085
-117570.298424,1,2700.469105
1219411.197267,250,2704.96964
139955.971593,250,2709.616973
1924046.329702,250,2713.914819
1999997.553735,250,2718.320534
2069723.168031,250,2722.72524
1314796.607826,250,2727.074758
1441355.175926,250,2731.85767
150279.208667,250,2736.212083
-93764.100459,13,2736.420684
2671933.05872,250,2740.791265
100058.928202,250,2745.134554
1701434.740319,250,2749.477683
2044712.012039,250,2753.898582
1798586.543789,250,2758.107038
1639512.234034,250,2762.292893
-117548.049398,1,2762.302899
-126368.674934,1,2762.323305
-117557.383679,1,2762.33335
-135096.284265,1,2762.353507
102834.067116,250,2766.774924
1574912.360137,250,2771.264375
1858750.969107,250,2775.574576
2004433.874787,250,2779.768403
1993266.547952,250,2784.077362
1720920.3803,250,2788.819474
138351.197298,250,2793.399199
-117543.578927,1,2793.419685
-117644.159023,1,2793.442739
1643718.337342,250,2797.994908
1777236.401498,250,2802.865132
2450484.017213,250,2807.472515
1496182.918635,250,2812.028538
2179500.078094,250,2816.64984
120618.600467,250,2821.481958
108880.558933,250,2826.208061
2013517.596681,250,2831.031046
1513468.363762,250,2835.876529
-148449.617435,1,2835.896228
2044563.558309,250,2840.680157
1812777.010458,250,2845.436687
1877184.151549,250,2850.221347
2529947.028309,250,2854.920239
1901792.932791,250,2859.561245
-135242.937669,1,2859.581529
1951607.677265,250,2864.283092
1588491.536668,250,2868.994838
-135126.513264,1,2869.015074
-117549.633671,1,2869.035565
2077402.982477,250,2873.741303
-152065.204457,1,2873.771164
1565981.139434,250,2878.468467
687421.888936,250,2883.21294
125173.4675,250,2887.966558
-135199.505839,1,2887.981291
-117444.096472,1,2887.996708
1470729.350191,250,2892.78323
2036426.510386,250,2897.512419
1003314.903057,250,2902.185245
-126466.735608,1,2902.195694
1876808.842699,250,2906.732505
-40251.113564,189,2910.102386
135100.774264,250,2914.549452
2816177.997203,250,2919.025025
1682946.061162,250,2923.476039
2201968.026643,250,2927.950799
2391079.045091,250,2932.432318
1748405.955413,250,2936.906569
130489.718337,250,2941.375923
3350090.913289,250,2945.727006
1625743.288883,250,2950.140828
-117550.701828,1,2950.163327
-126376.790883,1,2950.181125
1577515.517997,250,2954.685289
1740095.216798,250,2959.191047
2196045.4074,250,2963.54515
1798289.349464,250,2968.011901
-135084.565772,1,2968.032749
1665744.565212,250,2972.456185
2350051.088921,250,2976.928907
1965288.923482,250,2981.391573
2424234.059966,250,2985.853325
1606324.593215,250,2990.229775
126465.913816,250,2994.612713
-135107.896542,1,2994.630687
-134992.663136,1,2994.640172
-126368.500489,1,2994.660642
2420685.467353,250,2999.113027
1769574.146821,250,3003.580574
1898378.167732,250,3008.008099
2051219.709851,250,3012.493479
2181400.335689,250,3016.97274
2284917.239597,250,3021.443334
-135227.176566,1,3021.459023
1876951.524279,250,3026.107321
1814792.03635,250,3030.973541
1973648.434261,250,3035.755332
1979491.432144,250,3040.560898
1913585.310769,250,3045.466853
3160954.944472,250,3050.23058
2357616.971629,250,3055.077449
130585.154214,250,3059.872324
2112163.562455,250,3064.631352
124077.47131,250,3069.517413
121078.660872,250,3074.371291
2409343.658918,250,3079.159457
2120143.77144,250,3083.988446
129331.022249,250,3088.82601
-80783.388181,48,3089.795865
1936392.673631,250,3094.51914
-134998.62935,1,3094.539501
-135086.232989,1,3094.560357
2169930.670147,250,3099.197244
2389425.510323,250,3103.974639
2065499.680818,250,3108.736502
2146400.140063,250,3113.411357
-183424.278514,2,3113.453021
-165703.377959,2,3113.483721
1837868.636183,250,3118.279147
-135144.898765,1,3118.29707
-148195.065934,1,3118.317293
-135050.431,1,3118.340781
-156868.173535,2,3118.379779
-134986.175305,1,3118.400381
-117552.846599,1,3118.421283
117656.015059,250,3123.191337
109013.002188,250,3127.831671
-155906.135374,2,3127.872482
1984877.600339,250,3132.636779
1988500.701662,250,3137.386452
-135122.369526,1,3137.404878
106418.941948,250,3142.134896
1811172.174266,250,3146.719087
-117547.100306,1,3146.733067
1674216.568861,250,3151.283825
2101442.56872,250,3155.779782
-158371.886912,2,3155.821435
2034094.43468,250,3160.347708
1995730.235716,250,3164.85778
2151773.958864,250,3169.279885
2963279.335236,250,3173.700236
1794906.515591,250,3178.264395
2145392.70062,250,3182.834726
2745114.243227,250,3187.267742
1965860.933053,250,3191.743885
2369938.363643,250,3196.210508
67360.282879,250,3200.640929
2016549.273618,250,3205.045765
101249.03997,250,3209.582855
1720283.027489,250,3214.047411
2038113.075577,250,3218.42601
-117547.300689,1,3218.448024
2398470.356127,250,3222.992756
-117544.9429,1,3223.006207
-163035.131808,1,3223.028271
2172598.126023,250,3300.664565
118150.683953,250,3305.467755
123020.257747,250,3310.235989
1992253.367288,250,3315.116584
1218651.342311,250,3319.965105
616969.708614,250,3324.744999
2303565.412713,250,3329.538817
1916950.197403,250,3334.26441
2404011.291908,250,3338.995922
2320482.210954,250,3343.789549
1979533.157503,250,3348.531103
2246433.258895,250,3353.294066
2210403.509098,250,3357.955765
1710809.261795,250,3362.85667
-117583.907955,1,3362.875398
-117549.48595,1,3362.903774
2369986.799882,250,3367.706482
1835743.222865,250,3372.389198
2700380.399791,250,3377.264898
-135131.470061,1,3377.28588
1966886.035246,250,3382.015193
3020434.562434,250,3386.663249
2568557.818645,250,3391.200212
-135112.513034,1,3391.2188
2552720.734715,250,3395.79578
1978316.644925,250,3400.151388
70890.892253,250,3404.676773
-117543.823691,1,3404.69512
-117547.865004,1,3404.707079
-134988.071505,1,3404.727751
1945806.623744,250,3409.376981
-126378.59231,1,3409.394173
2243415.618612,250,3413.902383
2136875.712971,250,3418.52782
2154829.523902,250,3423.132102
2522346.636274,250,3427.608685
-155806.540929,2,3427.638304
2137384.443192,250,3432.094686
123523.346838,250,3436.707541
-135088.344059,1,3436.717551
2084021.061324,250,3441.097157
122684.181044,250,3445.612166
2272560.695207,250,3450.059993
1752102.442322,250,3454.559464
-126364.744626,1,3454.569565
2021461.410788,250,3459.037068
1973399.804522,250,3463.574701
2111382.443341,250,3468.119307
1137780.001126,250,3472.537773
-137042.71276,1,3472.558229
2949587.48452,250,3477.08414
2347953.564897,250,3481.614456
3042690.445766,250,3486.081659
2547687.005577,250,3490.558773
3218743.696038,250,3495.06917
2076715.422479,250,3499.46451
2100871.015611,250,3503.898512
2269639.299685,250,3508.639811
2790677.809642,250,3513.454
2652189.159904,250,3518.26404
114405.962395,250,3523.077435
3235756.855892,250,3527.905068
1969062.961211,250,3532.743354
1888582.016619,250,3537.551258
2063266.971887,250,3542.405146
2978896.74149,250,3547.17138
2139428.765923,250,3551.990821
-135012.952914,1,3552.010703
1956651.798346,250,3556.829885
2170098.233194,250,3561.613597
-145560.087421,1,3561.625699
2047376.536367,250,3566.352743
2048265.589999,250,3571.219074
2004909.245035,250,3576.029606
-126370.170462,1,3576.050425
121702.172069,250,3580.868585
1855162.387649,250,3585.692416
1567033.747274,250,3590.568305
1946494.320755,250,3595.321324
-135103.270785,1,3595.342537
2497908.444314,250,3600.173082
-126374.20387,1,3600.1934
2160153.497287,250,3605.004982
2546000.091528,250,3609.718785
-126262.936308,1,3609.735096
2981834.344636,250,3614.493418
3587894.159011,250,3619.317848
1901764.551127,250,3624.102365
1925504.296149,250,3628.552284
2368273.35286,250,3633.029918
2176344.317273,250,3637.438578
2310348.622791,250,3641.880512
-154079.654882,2,3641.914943
1722210.299487,250,3646.412856
-135094.343038,1,3646.428945
2079746.312957,250,3650.938446
-133104.308256,1,3650.958772
2000230.448398,250,3655.39335
2385963.327352,250,3660.014257
1883039.946408,250,3664.585998
-117698.130438,1,3664.596318
1813329.229524,250,3669.071604
106540.795136,250,3673.615956
1602813.174818,250,3678.135395
-135109.586193,1,3678.150641
-138240.977617,1,3678.170471
-156838.370035,2,3678.218178
1985679.825202,250,3682.691356
-150927.299212,1,3682.719511
2571649.872676,250,3687.202798
-134853.798939,1,3687.223192
-135098.24341,1,3687.243826
87634.799537,250,3691.677187
2248946.673845,250,3696.044196
-151163.624881,1,3696.064523
3140770.782154,250,3700.522366
-117586.456078,1,3700.54811
-117549.201751,1,3700.562197
-135095.558881,1,3700.582481
1944326.755781,250,3705.03481
1561407.486873,250,3709.546107
1873307.706974,250,3713.941854
2510735.339457,250,3718.345448
1944903.418863,250,3722.848045
111030.485318,250,3727.269476
2740263.518279,250,3731.686248
-135113.451824,1,3731.706452
2154729.005928,250,3736.185035
-126370.432605,1,3736.198042
2852639.31855,250,3740.62387
-184379.105826,2,3740.664394
3080575.068482,250,3745.186603
-126176.064261,1,3745.210682
-142103.878791,2,3745.249099
-135088.602337,1,3745.269847
2186761.78923,250,3750.114321
1979918.73434,250,3754.893235
2371394.986365,250,3759.645544
2405224.885689,250,3764.464614
2300980.154327,250,3769.269257
1951175.768694,250,3773.902832
-141839.61757,1,3773.921602
-134991.400785,1,3773.936407
2038845.075691,250,3778.734716
1505213.325224,250,3783.610276
1822100.734078,250,3788.398962
-155467.627962,1,3788.421721
1993475.100521,250,3793.221975
-150119.275025,2,3793.261544
2039564.878985,250,3798.087729
2098380.519796,250,3802.874047
2138386.31978,250,3807.687962
1998281.433129,250,3812.492486
2109552.738074,250,3817.170214
-135186.570226,1,3817.189962
-135209.792445,1,3817.210249
-180276.234889,2,3817.250701
1957191.148722,250,3821.934456
-117455.065557,1,3821.952975
-126277.098694,1,3821.973264
1837560.23525,250,3826.75698
2400496.506171,250,3831.422685
2277067.007299,250,3836.025054
1946604.765167,250,3840.904786
3374588.222032,250,3845.701716
2091239.231671,250,3850.395429
2003282.248702,250,3855.066501
2103132.382821,250,3859.829639
101442.837695,250,3864.509195
-135085.119505,1,3864.529806
115089.13528,250,3869.101074
2346582.992141,250,3873.70186
119369.960195,250,3878.10699
2513494.385417,250,3882.655176
2582255.810415,250,3887.166589
1704945.747629,250,3891.538864
2432252.89026,250,3895.958091
2253019.998183,250,3900.326735
-135096.512091,1,3900.347327
2214220.357123,250,3904.743939
-140809.734899,1,3904.769291
-181935.328638,2,3904.800482
-126271.239092,1,3904.820312
1848428.076124,250,3909.198004
109763.195497,250,3913.684059
2246214.53691,250,3918.120806
3242378.145044,250,3922.554434
-135002.97427,1,3922.571936
-117648.208179,1,3922.592127
1943214.316365,250,3927.019479
3471021.729229,250,3931.496951
1842166.406882,250,3935.885216
3221839.087299,250,3940.351833
-126388.945524,1,3940.369859
-155322.803849,1,3940.387105
85307.691953,250,3944.938303
1671500.487512,250,3949.448585
-163196.738364,2,3949.489425
-126271.871316,1,3949.509546
2286192.369864,250,3953.960431
-155186.167107,1,3953.981584
1673271.061672,250,3958.478727
-126260.709071,1,3958.493751
2022308.561533,250,3962.919897
1948121.702891,250,3967.405535
-135094.509848,1,3967.419464
-135024.062769,1,3967.446403
-117469.499223,1,3967.468119
-117570.806406,1,3967.488499
-150599.184235,1,3967.498559
101298.52329,250,3971.981873
1976065.812893,250,3976.451128
2417458.365816,250,3980.909389
92111.629462,250,3985.450288
1851586.471452,250,3990.242237
-137817.203215,1,3990.265217
2577983.107823,250,3995.007658
1985304.443263,250,3999.795341
118822.356361,250,4004.56709
2167253.854263,250,4009.314818
2325968.520642,250,4014.098355
110074.104706,250,4018.927794
2982508.867548,250,4023.696806
-126268.43948,1,4023.717305
2028309.459497,250,4028.507474
-151239.646696,1,4028.525546
2766241.246413,250,4033.357562
3865146.610713,250,4038.139762
-135092.154505,1,4038.166773
1938916.513039,250,4042.93758
3483298.742226,250,4047.649632
-135102.381582,1,4047.669576
-154714.843414,1,4047.689943
-135202.867369,1,4047.710166
3062611.300503,250,4052.425952
-126368.13817,1,4052.446516
-135231.408411,1,4052.467555
-137847.452547,1,4052.488106
1990116.015665,250,4057.238226
3013869.211248,250,4061.863067
2664745.550665,250,4066.655382
3814650.617734,250,4071.351518
1935137.608711,250,4076.066083
104757.954505,250,4080.881541
3053560.003387,250,4085.696547
-163183.588985,1,4085.710974
-135090.579504,1,4085.733407
86071.758388,250,4090.488742
-135028.519134,1,4090.509589
3095131.978547,250,4095.359165
2361291.225013,250,4100.153105
-117559.552747,1,4100.175144
-135102.789963,1,4100.195688
112608.564662,250,4104.847609
111965.314624,250,4109.304345
93935.841927,250,4113.863502
1587426.445132,250,4118.291973
2170400.966262,250,4122.779369
3202641.439282,250,4127.215424
-137277.717824,1,4127.233681
2103295.512444,250,4131.675706
2117498.542521,250,4136.170523
2156043.668323,250,4140.670264
2137818.277881,250,4145.173476
2670341.722371,250,4149.630516
2006854.912937,250,4154.081954
-137852.8083,1,4154.091987
-126412.480855,1,4154.11255
2633854.484222,250,4158.590554
-117669.490918,1,4158.608565
3108785.11986,250,4163.056871
110940.597497,250,4167.609809
2576992.838878,250,4172.075521
-126160.371881,1,4172.095523
1740864.125251,250,4176.46359
2776230.139464,250,4180.851464
2536976.304951,250,4185.349708
119015.618416,250,4189.791605
-137334.426685,1,4189.816596
2078586.057003,250,4194.3071
2514141.698305,250,4198.836375
3406112.51941,250,4203.284954
3062996.903883,250,4207.717323
3418893.714003,250,4212.108618
2349473.656942,250,4216.617599
2441278.498815,250,4221.071906
-117542.542363,1,4221.081921
-146491.984038,1,4221.102738
-117667.983456,1,4221.123485
-153524.568715,1,4221.14432
1690606.476221,250,4289.972438
2127993.347795,250,4294.812529
-126370.950995,1,4294.832998
2616184.140222,250,4299.623166
3322277.751866,250,4304.364098
2133569.747223,250,4309.193842
-153878.089725,1,4309.212094
1764041.759687,250,4313.913445
-167172.095829,2,4313.954157
1912836.806137,250,4318.692236
101552.615789,250,4323.4766
3370714.464502,250,4328.263312
109034.097931,250,4333.04548
1860495.617698,250,4337.801984
-135107.465763,1,4337.828269
101080.295474,250,4342.668467
2236501.081812,250,4347.272869
-117671.943593,1,4347.282936
3434999.219763,250,4351.782778
-153597.602183,1,4351.801588
-135094.32517,1,4351.823874
110163.683436,250,4356.335978
2010553.488853,250,4360.779913
-117574.934406,1,4360.789951
2002886.323311,250,4365.223363
2787630.429046,250,4369.769868
-117560.728673,1,4369.790163
-154193.399583,1,4369.809969
2653673.016696,250,4374.244385
2237540.597096,250,4378.710632
-126387.388727,1,4378.735734
1880548.329466,250,4383.418071
104786.428852,250,4387.818763
100310.39983,250,4392.245757
2427804.747139,250,4396.714516
2680292.491561,250,4401.203584
-136820.74767,1,4401.225868
-135135.937194,1,4401.235875
83442.866986,250,4405.808345
2777819.445656,250,4410.369279
2571765.087082,250,4414.751364
3038533.754299,250,4419.156816
1898449.263395,250,4423.615628
2200124.909803,250,4428.095714
2909502.635337,250,4432.495026
2207794.779555,250,4436.985991
-135132.450711,1,4437.01029
3298521.361179,250,4441.497319
3369794.969099,250,4445.915446
122027.674108,250,4450.483976
1838820.457454,250,4455.040395
-137751.029184,1,4455.060426
1796916.286384,250,4459.581147
67072.675784,250,4464.049818
2562393.147871,250,4468.797092
-135082.595924,1,4468.814488
3004506.941895,250,4473.636182
2171319.83402,250,4478.42907
3448740.03641,250,4483.1994
1922325.753567,250,4487.974922
2130896.448824,250,4492.79434
-135098.790474,1,4492.811692
-126380.737438,1,4492.833906
2871116.419462,250,4497.633913
105015.301798,250,4502.445256
-126394.922904,1,4502.465933
2748284.785261,250,4507.253146
1881412.364581,250,4512.001935
-135189.061559,1,4512.022802
97551.907696,250,4516.839756
128902.149602,250,4521.623717
2030132.959448,250,4526.429387
3361103.581617,250,4531.290661
3449838.416833,250,4535.904829
3187981.273702,250,4540.586537
3269221.835507,250,4545.385248
2040956.712476,250,4550.138398
-163651.515185,2,4550.177432
-143829.491736,1,4550.193179
3242805.436514,250,4554.895687
-135016.841968,1,4554.91798
-136968.106718,1,4554.932342
2370206.434758,250,4559.640129
2634946.278131,250,4564.434433
2858359.477734,250,4569.19036
2942991.377936,250,4573.948661
-158081.39471,2,4573.986593
2706251.835884,250,4578.779482
-135149.03894,1,4578.80028
1916898.974094,250,4583.550145
1579611.859764,250,4588.050994
-117646.674296,1,4588.078217
2727446.534107,250,4592.621377
1757978.809967,250,4597.110958
3342119.674952,250,4601.634157
118150.808877,250,4606.155084
1010420.136675,250,4610.662054
1670527.405281,250,4615.135162
3955226.665818,250,4619.664335
2727989.529765,250,4624.125087
-135094.354304,1,4624.144674
112697.32061,250,4628.577617
-135312.038116,1,4628.597734
2234306.833027,250,4633.102584
86976.142237,250,4637.663894
-117556.549022,1,4637.684509
1810633.153149,250,4642.189447
1976498.010288,250,4646.733611
2046863.963003,250,4651.223792
125447.173325,250,4655.77994
2843051.274903,250,4660.334402
3299828.807954,250,4664.776705
3351408.702559,250,4669.23482
1969383.209377,250,4673.538129
1890179.695672,250,4678.059155
2455367.105673,250,4682.511446
-135099.362711,1,4682.52668
2069462.89946,250,4686.96087
-162297.183416,3,4687.01494
-134997.426367,1,4687.024995
2548658.865167,250,4691.473078
-117559.323035,1,4691.497701
3419829.204425,250,4695.880657
-135097.988944,1,4695.903942
2027716.282133,250,4700.319104
1733731.710159,250,4704.769945
3411909.510024,250,4709.660878
2605602.285811,250,4714.490998
-135129.918292,1,4714.51456
2466428.840748,250,4719.345757
-137852.37666,1,4719.366143
111034.217213,250,4724.201537
-135005.849734,1,4724.218711
2264431.445618,250,4729.020411
2671349.768532,250,4733.784586
96351.067922,250,4738.601131
-158041.638631,2,4738.639686
-117645.332024,1,4738.655698
118541.703506,250,4743.456081
2055461.318185,250,4748.191113
-135192.401494,1,4748.211391
1782888.66274,250,4753.044189
115444.139523,250,4757.941791
-98955.808836,15,4758.227104
2690927.544864,250,4763.009035
87279.836078,250,4767.717938
-117558.173411,1,4767.742829
1964183.739484,250,4772.560897
-144014.489497,1,4772.581036
-137595.588725,1,4772.601191
2177659.485556,250,4777.260535
2352932.867351,250,4781.949736
2934626.020328,250,4786.761555
2998313.915805,250,4791.555891
2396236.915815,250,4796.311333
130242.860137,250,4801.076802
2075680.03317,250,4805.784281
3386144.101854,250,4810.482016
3574177.316909,250,4815.252528
-155268.009844,1,4815.2706
2965122.965393,250,4820.024651
-126174.248547,1,4820.045452
-154679.837494,1,4820.066366
3394434.735735,250,4824.778431
129227.634545,250,4829.241388
1470275.593058,250,4833.792727
-136565.48092,2,4833.823223
1824711.829857,250,4838.384125
1613059.232249,250,4842.976423
1792906.591738,250,4847.605305
2775843.568208,250,4852.083703
2756245.83595,250,4856.532889
2936087.082299,250,4861.04706
4129847.017752,250,4865.610579
2155152.023659,250,4870.037443
-90754.980466,10,4870.229769
3496833.01456,250,4874.683516
2828422.797388,250,4879.060292
1533271.877724,250,4883.403455
1507183.24814,250,4887.861195
1959523.065743,250,4892.36221
2136027.499548,250,4896.842404
2804578.089217,250,4901.284745
2695321.668601,250,4905.794208
112352.908017,250,4910.207802
2413082.998061,250,4914.708524
1706779.37707,250,4919.265498
-113584.807766,2,4919.309701
2205999.676185,250,4923.720887
-155332.538696,1,4923.731123
-135233.185145,1,4923.758101
109008.143166,250,4928.299
1933424.350782,250,4932.732774
2433605.105727,250,4937.258643
-126391.043344,1,4937.279256
2985008.910605,250,4941.688709
-152973.803901,1,4941.702708
-126370.486252,1,4941.723158
1869116.384006,250,4946.282712
1674273.19796,250,4951.058929
115923.288081,250,4955.919168
-126285.498789,1,4955.937919
2666015.721873,250,4960.763209
-135102.223766,1,4960.781558
3754042.350745,250,4965.642283
-135260.491881,1,4965.656826
3605492.254744,250,4970.47423
3120629.453965,250,4975.230544
2926201.148448,250,4980.132279
-142042.718219,2,4980.173289
116437.706238,250,4984.983639
-119599.721945,2,4985.024031
124243.652413,250,4989.81478
2701160.624006,250,4994.662084
-201237.805598,2,4994.699431
2754453.614126,250,4999.513312
-117548.09524,1,4999.535278
3031411.43284,250,5004.277138
2926249.125891,250,5009.066845
-126374.729908,1,5009.086913
-100745.726477,19,5009.449696
4109391.469304,250,5014.282871
2096245.900332,250,5019.027741
-117558.82209,1,5019.047948
3629706.022387,250,5023.807555
-135115.963317,1,5023.829538
-135329.756553,1,5023.850947
1783565.645893,250,5028.617644
2907918.753209,250,5033.257462
2607892.689256,250,5037.919018
1927824.606032,250,5042.806171
-134993.828482,1,5042.826188
3047508.195364,250,5047.459577
2224841.191195,250,5052.165907
113568.513836,250,5056.908156
-135007.516868,1,5056.924816
126989.793034,250,5061.694217
3379723.78703,250,5066.220139
-134088.951495,1,5066.240229
1762331.58903,250,5070.732795
-134323.79711,1,5070.752932
-82408.882728,23,5071.15581
-155088.141368,1,5071.176022
2817317.828304,250,5075.775411
1588978.442217,250,5080.21388
2708126.761108,250,5084.751181
2616810.876323,250,5089.222689
-117551.82727,1,5089.237605
3248092.251445,250,5093.750622
-117645.437763,1,5093.760636
1920452.774721,250,5098.294306
-155288.184629,1,5098.317978
2487513.343828,250,5102.826526
128196.52082,250,5107.305429
1919189.048773,250,5111.810242
2809730.291354,250,5116.299958
1648714.862815,250,5120.842792
1504193.936466,250,5125.289802
98980.047504,250,5129.771729
2854680.62726,250,5134.331625
3074216.604026,250,5138.8088
-135093.554267,1,5138.836524
-164871.400544,3,5138.900094
104426.945146,250,5143.412912
3591071.282433,250,5147.863996
3250192.340547,250,5152.284401
-135192.201767,1,5152.304608
130994.083523,250,5156.77391
2040564.939023,250,5161.295359
-159787.066817,2,5161.328913
1831352.077275,250,5165.783019
-135090.425148,1,5165.800928
1360040.047009,250,5170.234924
1809895.363818,250,5174.801137
-126379.027107,1,5174.815643
2012316.040342,250,5179.229615
2010719.757833,250,5183.760424
1667094.562571,250,5188.512697
1368792.047804,250,5193.300932
3108853.606861,250,5197.994216
1568561.290071,250,5202.787714
-135085.262557,1,5202.811527
1742617.594301,250,5207.59258
2933604.522775,250,5273.220008
-117549.549535,1,5273.238271
2436681.141146,250,5277.873582
99125.222717,250,5282.642882
1916131.319811,250,5287.537165
1804950.248982,250,5292.304368
2378384.872513,250,5297.033569
1408857.051169,250,5301.847568
-126374.669854,1,5301.859551
-117647.237002,1,5301.884177
-106926.627185,18,5302.229612
-155123.419059,1,5302.251575
2467860.440409,250,5306.887834
2987611.8895,250,5311.319735
87388.45856,250,5315.815615
2860838.229308,250,5320.190712
1629309.197257,250,5324.573109
1823569.610084,250,5329.066502
-161077.419531,20,5329.41641
-137993.909301,1,5329.435124
1619052.093176,250,5333.847755
1707936.093074,250,5338.219091
111515.257829,250,5342.632932
117437.894133,250,5347.175825
-135092.01277,1,5347.20201
2920803.931306,250,5351.541311
120983.24329,250,5355.841408
2529096.846509,250,5360.23538
119387.482575,250,5364.5603
2550851.022505,250,5368.879071
-117577.488587,1,5368.900072
4216673.326795,250,5373.25832
1942912.097096,250,5377.624301
-117552.675687,1,5377.634305
2651254.087201,250,5381.961922
-135190.741763,1,5381.982578
-135137.083935,1,5382.003036
121210.226226,250,5386.373427
3566202.92136,250,5390.748237
2788652.193336,250,5395.117855
-117451.456769,1,5395.138476
-179624.975399,2,5395.168897
3478958.317424,250,5399.600731
-126265.006481,1,5399.611109
2101585.654919,250,5404.081772
2669905.916924,250,5408.513665
2942002.942126,250,5412.928973
-126278.6953,1,5412.936914
8773595.307925,230,5416.964247
1730568.227985,250,5421.299531
2876307.622053,250,5425.841355
3391386.487955,250,5430.467499
1916273.044867,250,5435.210389
128169.325629,250,5439.945821
2699915.759475,250,5444.822433
2825514.685967,250,5449.680663
-117454.603877,1,5449.701181
3614509.959506,250,5454.503208
3457892.288728,250,5459.366036
-157623.023423,1,5459.38779
2783662.56312,250,5464.194863
1871583.940455,250,5468.961111
2070014.162009,250,5473.700863
1983264.136496,250,5478.555794
6379802.975925,162,5481.697992
1884695.362685,250,5486.504126
-117544.541978,1,5486.524991
113422.099983,250,5491.328462
2756476.374287,250,5496.107329
-126482.545615,1,5496.126465
3240630.295255,250,5500.92815
-117649.570135,1,5500.947268
-135199.099242,1,5500.967348
1638777.57672,250,5505.787643
872468.578289,250,5510.589772
2596063.626818,250,5515.23191
2922340.744017,250,5519.90265
102701.272221,250,5524.614037
-150304.318059,1,5524.634251
-154792.304251,2,5524.67295
2875839.693137,250,5529.250069
1190655.24123,250,5533.785618
-177439.249193,2,5533.827031
2788482.124317,250,5538.341097
3465536.460055,250,5543.024796
113590.635929,250,5547.54589
-133940.690873,2,5547.586783
1697088.732596,250,5552.08113
-90976.19957,16,5552.351763
2033229.342749,250,5556.907083
116128.803544,250,5561.417464
1451215.152097,250,5565.936012
124246.692773,250,5570.505649
3103684.728408,250,5575.042625
2622558.185717,250,5579.496165
-134990.912329,1,5579.521953
-126293.899521,1,5579.541407
123595.760122,250,5584.032201
3030036.856828,250,5588.620387
1688241.923288,250,5593.090106
2372623.138107,250,5597.542308
3548705.69219,250,5602.117074
1857583.08101,250,5606.617786
-126475.695428,1,5606.635237
2152865.241743,250,5611.076465
1498369.396676,250,5615.535162
5903810.055421,99,5617.358428
480776.075822,250,5621.820591
2060522.703213,250,5626.279725
-155401.998142,1,5626.299975
99097.930559,250,5630.814306
2777760.665597,250,5635.261402
-135160.96252,1,5635.281503
3378920.302282,250,5639.820926
-126400.975002,1,5639.837144
-143937.03503,1,5639.857911
7390028.084628,204,5643.571642
2814112.054979,250,5648.05796
86154.982095,250,5652.428537
1782230.037167,250,5656.978363
3170529.15103,250,5661.454393
-144096.561423,1,5661.478095
3356890.005613,250,5666.031154
1781686.228571,250,5670.883737
3590026.397721,250,5675.741866
2715438.490975,250,5680.549217
2224744.810396,250,5685.368464
2983709.209265,250,5690.270823
1594973.056859,250,5695.052403
3235798.802592,250,5699.859985
124410.070252,250,5704.742556
-117647.699675,1,5704.761229
1778151.236409,250,5709.612798
-155112.77808,1,5709.6399
1851734.620988,250,5714.42381
1886295.204873,250,5719.27789
3276720.034252,250,5724.159337
3215857.886174,250,5728.893827
-135206.762864,1,5728.908279
-134999.992571,1,5728.93625
-117544.66192,1,5728.954601
1970362.725184,250,5733.762759
1561645.017267,250,5738.480502
1470180.600151,250,5742.854738
-117558.186037,1,5742.871976
1754742.678197,250,5747.48701
-135009.54241,1,5747.507211
130819.817488,250,5751.91652
3852445.494663,250,5756.592533
-144019.728855,1,5756.612988
3480736.725268,250,5761.468059
-144094.891681,1,5761.488454
-135128.421556,1,5761.510857
1107057.778463,250,5766.314336
-164043.762231,2,5766.345765
2868663.931936,250,5771.009978
2776470.11136,250,5775.718263
3616380.437584,250,5780.378833
-143966.804196,1,5780.399318
3376154.549317,250,5785.040506
-135104.23691,1,5785.061572
1737981.958174,250,5789.507105
1761040.820797,250,5794.106462
-126411.682544,1,5794.122409
-126389.530996,1,5794.146006
-117684.26381,1,5794.16266
2430021.472801,250,5798.69439
116717.594199,250,5803.183209
-150585.865806,1,5803.193268
1849781.73274,250,5807.714215
3002544.790412,250,5812.397334
-126277.685482,1,5812.421826
1736864.236022,250,5816.901884
-135134.218883,1,5816.92117
3899510.689165,250,5821.405362
1906678.291688,250,5825.917602
-135084.705283,1,5825.925739
1875321.058862,250,5830.465471
130229.808654,250,5834.859902
2980352.619104,250,5839.39335
90140.767157,250,5843.783814
2485050.967517,250,5848.170676
-143808.21746,1,5848.197219
741455.322773,250,5852.656906
-126284.932502,1,5852.67722
113783.674177,250,5857.19056
-134090.655722,1,5857.218878
3030019.920821,250,5861.689759
-126286.12392,1,5861.708901
6912441.420898,178,5864.877775
4040642.233894,250,5869.365426
-143870.757716,1,5869.375517
2590880.737823,250,5873.713267
2119860.339002,250,5878.158482
3787568.663748,250,5882.631961
1734429.703855,250,5887.124005
111157.648403,250,5891.522916
6972349.565319,181,5894.768943
70647.740619,250,5899.275274
1686199.512601,250,5903.82954
-135096.159471,1,5903.85272
78693.941037,250,5908.65034
129512.978925,250,5913.463458
107058.561949,250,5918.191565
1595093.718312,250,5923.02114
132312.369341,250,5927.825208
2028891.917555,250,5932.587229
4179995.304071,250,5937.285346
-157945.64131,2,5937.320482
3336273.02545,250,5942.141332
2694300.718501,250,5947.024101
3588586.09503,250,5951.841091
115031.915699,250,5956.764455
3402935.533607,250,5961.565656
103400.296548,250,5966.382599
2098924.435649,250,5971.10212
-143924.037515,1,5971.114473
2409010.89479,250,5975.872335
88204.836643,250,5980.608229
92749.920957,250,5985.304121
1567927.355943,250,5989.95908
3046064.085492,250,5994.590791
2676727.136125,250,5999.28942
117278.02451,250,6004.021413
1581649.427627,250,6008.765893
-135301.570779,1,6008.780675
-107883.992534,2,6008.830872
3322902.267784,250,6013.564683
-135224.492291,1,6013.587098
-135182.828088,1,6013.604635
-126262.279374,1,6013.628451
-135222.009657,1,6013.649482
1746452.637791,250,6018.356887
2191668.379167,250,6023.025013
3222487.828147,250,6027.579206
2967388.479483,250,6032.005369
121725.412895,250,6036.424158
125596.060573,250,6040.860287
2856030.657242,250,6045.314787
3092468.800791,250,6049.814397
-161393.895314,1,6049.833498
3373826.227075,250,6054.312048
-164011.422859,2,6054.3469
-117548.307341,1,6054.364126
3073103.479895,250,6058.922444
2382058.518086,250,6063.422323
113029.492987,250,6067.854028
2912826.018349,250,6072.331446
3899768.43845,250,6076.851084
2859397.332713,250,6081.280814
2538702.747192,250,6085.74421
1662718.507603,250,6090.182769
-159757.986896,2,6090.211877
3723844.419648,250,6094.685698
3027590.440088,250,6099.213367
-172666.96328,2,6099.2448
-137258.337717,1,6099.267432
3236001.836843,250,6103.703493
1806748.825863,250,6108.259002
1602482.90026,250,6112.751025
111758.026897,250,6117.207951
2763610.922259,250,6121.638944
-142283.926112,1,6121.659605
2934182.163128,250,6126.1084
2962176.061764,250,6130.518579
78580.053432,250,6134.964876
2606375.871909,250,6139.429804
-117547.021583,1,6139.44992
-149693.33582,2,6139.480503
-153671.716685,1,6139.500792
-155514.568111,1,6139.522437
4009639.959853,250,6143.997528
110928.159261,250,6148.690384
3034359.965214,250,6153.5032
-137514.825664,1,6153.529859
-163531.545614,2,6153.564424
-134946.732621,1,6153.589037
-135193.531967,1,6153.605198
3454153.028306,250,6158.373118
2037947.181883,250,6163.188804
2708671.139033,250,6168.00497
-135232.965526,1,6168.02299
-117645.407953,1,6168.048275
2071928.237979,250,6172.835309
2906242.446409,250,6177.626638
1460868.690393,250,6182.490491
3707170.319215,250,6187.312293
-135235.088232,1,6187.336711
867829.976665,250,6244.931647
2978377.31411,250,6249.699547
1249654.81587,250,6254.408395
-137790.453787,1,6254.421411
106069.972811,250,6259.196632
2674515.647473,250,6264.05085
8006528.97414,174,6267.161324
-135207.635606,1,6267.182757
121182.119541,250,6271.640015
2157887.3203,250,6276.153065
1395979.823651,250,6280.728738
-136891.210581,1,6280.748955
-117551.700006,1,6280.771038
-135222.908681,1,6280.789527
1498007.21215,250,6285.274941
1502483.492375,250,6289.708094
3248240.336564,250,6294.252609
-126305.325221,1,6294.272954
3998220.874229,250,6298.844235
-137852.231495,1,6298.847285
1778885.699605,250,6303.263298
-117447.520675,1,6303.27718
1945599.935178,250,6307.809566
-166462.801195,2,6307.840199
1868846.249272,250,6312.389492
2700225.453621,250,6316.892708
-126300.776038,1,6316.912206
3028482.210682,250,6321.467322
-117551.507831,1,6321.4873
2598106.461482,250,6325.98158
1732780.890665,250,6330.451254
3365392.836777,250,6334.917196
-143273.207896,2,6334.952374
112364.365471,250,6339.451509
92484.940855,250,6344.050042
845428.80426,250,6348.509217
3604237.489906,250,6352.968064
118252.380794,250,6357.451909
1488778.69873,250,6361.920575
-167880.730703,2,6361.961026
1492309.807104,250,6366.438336
128086.31475,250,6371.017405
123468.371276,250,6375.47156
120324.621381,250,6380.013479
3640993.18578,250,6384.571788
94993.985016,250,6389.318425
1500987.844945,250,6394.123008
2803227.124927,250,6398.933311
76929.63717,250,6403.698703
1747861.939507,250,6408.479566
-155260.303897,1,6408.496125
2707852.540981,250,6413.361171
-119487.031719,2,6413.392109
3348075.118414,250,6418.23235
1783039.140438,250,6422.992653
-117643.514819,1,6423.009609
120192.42651,250,6427.832883
4062241.421634,250,6432.690669
2970281.446964,250,6437.476175
-148045.098036,1,6437.492884
-135091.481377,1,6437.51691
-117553.086712,1,6437.538157
102213.835135,250,6442.380183
1330873.614651,250,6447.138888
3279609.224922,250,6451.852868
1768931.075353,250,6456.616051
2381161.802792,250,6461.400101
1424670.954522,250,6466.155083
118210.629949,250,6470.932167
127986.294384,250,6475.770973
2817834.918596,250,6480.544663
2366901.231983,250,6485.330458
2144465.438786,250,6490.158964
122835.088915,250,6494.958983
-145124.194392,1,6494.978157
1781683.869707,250,6499.754281
2934723.443657,250,6504.559746
3323908.629402,250,6509.050591
1347172.626093,250,6513.549911
2630150.539984,250,6518.011302
3969457.744756,250,6522.488267
1504683.645162,250,6526.979541
6110565.579883,142,6529.529189
3235673.334289,250,6534.090209
89706.605126,250,6538.560305
3615283.748311,250,6543.027182
3546507.23968,250,6547.676376
-135104.681754,1,6547.696723
2229669.698131,250,6552.285386
2978570.559153,250,6556.815928
1098502.044506,250,6561.359726
7357816.157894,175,6564.65285
1347204.671506,250,6569.175553
2630939.349066,250,6573.637165
1667336.572728,250,6578.18308
-126369.662114,1,6578.204913
-149504.434315,1,6578.225084
105710.915304,250,6582.728859
2519339.255682,250,6587.22695
-126372.081888,1,6587.247237
3128603.372047,250,6591.736437
-117648.171471,1,6591.757142
-144026.544653,1,6591.776131
2995195.061602,250,6596.26674
3144558.68726,250,6600.782326
3571440.756397,250,6605.271453
2654850.636565,250,6609.735334
1203457.580097,250,6614.165397
3017070.456884,250,6618.716789
-135130.541584,1,6618.73727
126170.416491,250,6623.217467
-183529.552671,2,6623.248188
109581.567408,250,6628.036055
2865468.569052,250,6632.822001
7797958.437221,247,6637.585721
120947.424977,250,6642.408306
-135072.923863,1,6642.427668
6558288.953808,147,6645.242489
1789082.037835,250,6650.065976
6085955.493647,117,6652.356997
126271.739631,250,6657.167528
1435890.654721,250,6662.043984
96653.850931,250,6666.895743
1966606.626278,250,6671.747026
106332.555013,250,6676.580753
3417013.590573,250,6681.406611
2133433.299481,250,6686.222767
2961254.764658,250,6691.001151
1092001.30746,250,6695.700722
-137657.605486,1,6695.719208
-126403.081668,1,6695.740724
-117544.716492,1,6695.757986
952099.047609,250,6700.580576
106842.606434,250,6705.434521
-143921.808073,1,6705.451418
-126366.373822,1,6705.47333
-135100.341106,1,6705.500324
-117553.901051,1,6705.517319
1340138.735993,250,6710.272573
3519329.090166,250,6715.088945
95926.177112,250,6719.931198
95171.71353,250,6724.694818
128066.057626,250,6729.491381
-184926.273028,2,6729.531781
1897578.892417,250,6734.31387
5611071.831301,45,6735.184964
127107.223159,250,6739.960917
1489672.134245,250,6744.730528
2699933.283854,250,6749.207555
2006716.066266,250,6753.617992
1828960.419867,250,6758.045819
1570231.002646,250,6762.550734
6673529.616844,150,6765.233226
-117559.737639,1,6765.249489
84931.047037,250,6769.682477
628319.232203,250,6774.195831
-126486.796785,1,6774.218086
-143804.631129,1,6774.236962
1174221.060901,250,6778.736032
3427596.01086,250,6783.170847
2318398.729151,250,6787.552472
93338.243519,250,6792.134971
-152356.241488,2,6792.170559
2971224.689013,250,6796.821265
3042805.417342,250,6801.352813
-117550.481038,1,6801.372863
114656.350842,250,6805.787333
2474570.832345,250,6810.225343
-117561.133618,1,6810.247865
3428946.333724,250,6814.64394
121725.05407,250,6819.186843
-117555.823118,1,6819.203301
2975238.305473,250,6823.723821
-153023.949401,1,6823.74409
107256.307723,250,6828.144672
2438186.852475,250,6832.613481
67557.563662,250,6837.049451
-197103.841837,3,6837.112309
-163924.325834,2,6837.150155
1298642.516197,250,6841.646303
2526497.133303,250,6846.094895
-157021.32749,2,6846.136196
1197851.947799,250,6850.667273
1464882.801264,250,6855.073371
1639204.507628,250,6859.524916
3363448.610688,250,6864.087682
-117555.460814,1,6864.102919
2008103.405877,250,6868.883843
-117544.49135,1,6868.902305
-143844.492918,1,6868.922771
6193002.561921,102,6870.908503
1051911.683619,250,6875.661841
103055.684319,250,6880.415006
-135167.297763,1,6880.435879
-135007.247375,1,6880.461578
5636111.080609,141,6883.200963
1433119.570391,250,6887.970105
2689827.674686,250,6892.778506
2653086.863773,250,6897.645234
1203932.807602,250,6902.319163
1331919.706593,250,6907.090375
125764.436986,250,6911.877481
3251196.282739,250,6916.665984
2610489.783031,250,6921.431128
-135003.665019,1,6921.459857
1463416.055736,250,6926.253854
-135108.456189,1,6926.283028
1189186.385054,250,6931.028146
-135088.558685,1,6931.04718
-117560.006247,1,6931.059259
-117545.585775,1,6931.079866
107242.871942,250,6935.768527
-139602.104476,1,6935.789182
821100.129002,250,6940.611952
-117554.506079,1,6940.632019
-135089.529712,1,6940.652377
1454965.337699,250,6945.442313
-137228.46005,1,6945.468134
6951440.597453,146,6948.217743
107465.865201,250,6953.00037
1490529.623061,250,6957.730104
-153062.344394,1,6957.748967
106048.920846,250,6962.385638
1191940.165737,250,6967.100259
-126286.79427,1,6967.129965
3250401.3943,250,6971.935734
-117646.661151,1,6971.954885
1615782.098486,250,6976.725346
1523736.688177,250,6981.480048
-136080.020585,1,6981.49608
-117549.002352,1,6981.508601
3182955.00924,250,6986.150426
2607853.997048,250,6990.685192
82973.5518,250,6995.173721
2975936.151934,250,6999.724132
-135126.484958,1,6999.745131
-143934.70929,1,6999.763619
-153349.41004,1,6999.779976
7616798.703581,226,7003.893369
124614.75801,250,7008.29373
103184.670922,250,7012.765959
-135213.479413,1,7012.782012
1492134.726954,250,7017.249801
-126286.311038,1,7017.270506
1219056.721464,250,7021.755141
5965772.366103,124,7023.955225
-117542.188283,1,7023.974692
1608802.793181,250,7028.448846
8135065.310314,250,7032.923839
1799462.158702,250,7037.418234
7772504.200369,227,7041.415977
95435.953662,250,7045.946213
2901533.485907,250,7050.445218
1708702.07343,250,7054.885283
-135214.739415,1,7054.913018
-77922.73657,60,7055.957834
3296488.531661,250,7060.539191
3906012.645399,250,7065.105446
3091941.753743,250,7069.635609
963827.06493,250,7074.245654
-163085.737403,1,7074.258993
-126367.221306,1,7074.28346
-117561.891436,1,7074.300145
3075888.086408,250,7078.719958
944440.802135,250,7083.147974
3555485.102502,250,7087.599626
-117447.924714,1,7087.608626
2849563.045909,250,7092.13461
-69105.70597,82,7093.549185
3308515.799544,250,7097.902547
2932492.94497,250,7102.337046
-143815.447387,1,7102.357551
6085427.357756,131,7104.721137
131773.416376,250,7109.600388
6195824.425795,120,7111.921045
-117684.688482,1,7111.941052
-135107.37981,1,7111.960445
96174.343147,250,7116.757418
1449265.100982,250,7121.608789
-135296.335731,1,7121.628674
-117581.684244,1,7121.644694
1978630.928636,250,7126.421197
1159926.156942,250,7131.238567
6948381.225157,173,7134.557793
2881578.730835,250,7139.318059
1644700.84405,250,7144.109812
-135121.810942,1,7144.124099
1593616.727596,250,7148.889747
3469365.571794,250,7153.644716
128344.985172,250,7158.410086
-117452.82495,1,7158.430582
-126168.039091,1,7158.450972
1128807.446939,250,7163.175373
2652618.386824,250,7167.923611
-143818.284113,1,7167.948149
65253.597199,250,7229.838561
-170368.287922,2,7229.868935
-155321.874127,1,7229.889347
6087940.93382,158,7232.656507
864970.440522,250,7237.110927
90985.089561,250,7241.582418
125037.02128,250,7246.16058
92943.22002,250,7250.662505
2513683.814611,250,7255.100095
3190187.25999,250,7259.656583
78059.973677,250,7264.056396
-135184.014502,1,7264.076716
1847498.448229,250,7268.575907
93002.691042,250,7273.010303
-160721.714963,2,7273.040589
-155614.33357,2,7273.075687
-117550.761258,1,7273.091135
78499.63512,250,7277.516291
-141847.78682,1,7277.536639
100882.755097,250,7281.963491
113797.221559,250,7286.384128
877029.023582,250,7290.879993
-126367.241129,1,7290.898102
6191473.177434,132,7293.228037
-135186.367111,1,7293.248602
-135220.752218,1,7293.269754
8097287.487133,241,7297.574029
3331452.634694,250,7302.128095
-126265.699644,1,7302.147309
-137555.212161,1,7302.168366
2623462.908921,250,7306.62226
-135094.794147,1,7306.641775
81151.627772,250,7311.08717
80476.295865,250,7315.619992
104125.083725,250,7320.045159
-134129.860096,1,7320.055164
6324330.548048,135,7322.403805
-164951.231584,1,7322.424049
839137.673972,250,7326.841314
-117646.652598,1,7326.860001
-117549.555395,1,7326.871978
6047428.612053,123,7329.08763
3016265.051329,250,7333.592285
-137347.708837,1,7333.612883
1532740.281989,250,7338.024099
120398.303752,250,7342.480597
92411.160794,250,7347.14545
2908371.914257,250,7351.861695
125496.758587,250,7356.59737
-152736.231405,1,7356.617673
1359724.376279,250,7361.486546
6034487.961343,70,7362.82681
-148099.565284,2,7362.867319
118429.317503,250,7367.611193
-158736.233785,1,7367.631803
2814288.478058,250,7372.391456
-117548.756883,1,7372.412379
-117554.794201,1,7372.431791
309539.299045,250,7377.25013
5901905.115721,102,7379.205329
-143902.605648,1,7379.225871
7253112.625091,201,7382.994997
2919400.894423,250,7387.722224
7905888.525372,245,7392.453933
-172121.146212,2,7392.495298
-137413.729315,1,7392.509824
-135305.92881,1,7392.530645
59171.42139,250,7397.349743
2762817.603227,250,7402.079575
6448047.86845,149,7404.965555
1021424.077304,250,7409.718289
-135103.16265,1,7409.734026
-163286.290041,1,7409.75439
104014.343943,250,7414.340702
3217007.95297,250,7419.044621
1995531.220645,250,7423.877314
2876927.902062,250,7428.542374
8157631.179947,248,7433.306465
6184318.912795,121,7435.628298
6459072.641957,147,7438.471488
6490958.648237,199,7442.354545
978605.627247,250,7447.103712
115796.1873,250,7451.920006
7238806.716567,197,7455.70729
-131969.075317,1,7455.733366
3428054.24621,250,7460.465791
-448602.087503,250,7465.204711
3747079.54415,250,7469.789431
110309.335686,250,7474.36121
1030935.644765,250,7478.824257
125930.625573,250,7483.311331
-152556.335328,1,7483.337568
7340936.463631,195,7486.823311
125526.379125,250,7491.387676
2503931.226263,250,7495.864035
637760.544957,250,7500.408052
-135009.096824,1,7500.429319
91955.663456,250,7504.951294
3271019.943756,250,7509.407538
-143830.050489,1,7509.429532
-142909.336755,1,7509.448104
110694.746512,250,7513.801279
6095677.267194,164,7516.754723
108367.914958,250,7521.218016
-126795.935212,1,7521.234015
8168196.014129,243,7525.725587
5613597.761496,53,7526.623434
122092.094385,250,7530.876401
97469.189298,250,7535.2181
-143820.585627,1,7535.239391
-126443.989202,1,7535.258124
109776.809918,250,7539.778378
-117542.774877,1,7539.804714
2358795.251205,250,7544.317016
-170885.944692,2,7544.348277
809932.170092,250,7548.737706
-135155.585885,1,7548.756271
7029684.638946,173,7551.773419
6052807.917051,115,7553.84242
-134939.954371,1,7553.858476
-135098.440107,1,7553.878429
-126387.32813,1,7553.88876
63516.680008,250,7558.393588
-135108.741743,1,7558.412516
102799.366662,250,7562.910666
-117560.258438,1,7562.929954
-151904.325018,2,7562.963443
1027566.19809,250,7567.337558
1731228.234277,250,7571.828066
76612.123443,250,7576.283088
3193079.550675,250,7580.674931
5700521.866448,99,7582.372953
1351306.316154,250,7587.014646
5848051.864181,98,7588.897473
3289199.04315,250,7593.658031
-197764.524619,3,7593.716926
1039751.200626,250,7598.525342
-135038.241039,1,7598.548742
87977.406759,250,7603.383049
-134988.160404,1,7603.403395
89479.386508,250,7608.138086
-117448.825308,1,7608.157583
-135301.638011,1,7608.17934
6380699.556318,157,7611.229893
6028431.980412,81,7612.767233
150933.359506,250,7617.593222
2639884.067763,250,7622.378189
795794.797215,250,7627.133306
138824.094693,250,7631.939761
-147757.485586,1,7631.953797
1221522.324244,250,7636.793637
115333.415182,250,7641.526799
-175386.947109,2,7641.567093
6971008.297637,137,7644.220733
2294506.393309,250,7648.998013
-135136.97612,1,7649.021572
-117557.018861,1,7649.039617
-534747.320089,250,7653.805959
-117550.529237,1,7653.81857
1480272.813174,250,7658.519043
82698.831861,250,7663.344435
109834.859742,250,7668.002959
2405517.971262,250,7672.720621
1517211.538314,250,7677.545025
5798471.978458,128,7679.976738
81348.724629,250,7684.71448
5758108.815208,60,7685.843339
6284484.039946,165,7688.972324
-126502.127831,1,7688.997194
-164832.393969,1,7689.013222
6372460.418437,104,7690.944189
6558215.433732,127,7693.393648
5924522.420968,123,7695.727676
-159859.471209,2,7695.768786
6469521.42447,169,7699.000056
89172.24263,250,7703.725838
6391507.137065,163,7706.766057
5656620.917534,90,7708.386111
-117662.983223,1,7708.410089
118535.722116,250,7712.856982
6080975.817076,89,7714.445993
621925.311819,250,7718.950553
-117594.539737,1,7718.964176
56456.742745,250,7723.383341
1133611.340884,250,7727.853149
96432.749288,250,7732.431062
110061.387216,250,7736.924782
2017166.076857,250,7741.447539
898707.638362,250,7745.841821
1100919.191163,250,7750.298396
333965.701267,250,7754.812632
124084.897739,250,7759.269022
1640323.08822,250,7763.647977
269810.214514,250,7768.169742
2997193.580168,250,7772.621975
-144017.147959,1,7772.630724
6031763.293017,183,7775.869677
6798340.070253,123,7778.141183
121815.134135,250,7782.620497
133822.751805,250,7787.022651
-143941.914774,1,7787.040669
-117551.855621,1,7787.061087
5917236.715766,122,7789.184933
-143829.354209,1,7789.203016
1225966.364193,250,7793.67013
-117647.746458,1,7793.690715
2903722.81556,250,7798.253373
1776883.773827,250,7802.632384
106253.798585,250,7807.113797
818294.624206,250,7811.54298
-134885.343931,1,7811.563528
-169765.630808,2,7811.594123
-135087.496536,1,7811.621556
6387738.18124,146,7814.211898
-151779.6558,1,7814.23203
2848403.700265,250,7818.618959
-126269.627096,1,7818.639367
-137681.579858,1,7818.662733
-175141.25272,2,7818.696504
334484.123175,250,7823.121581
578370.139158,250,7827.935446
-135086.367441,1,7827.964095
99440.976102,250,7832.787931
549759.408695,250,7837.587501
121630.208736,250,7842.449856
467434.193263,250,7847.282786
-126264.432172,1,7847.302171
820292.232321,250,7852.074062
130120.350082,250,7856.859251
82812.350922,250,7861.685704
82195.553858,250,7866.487728
6538070.728759,195,7870.216476
119197.296744,250,7875.162244
1034052.65236,250,7880.050609
5523261.686778,73,7881.448798
-117645.099995,1,7881.468388
-143166.796468,1,7881.488937
430091.936378,250,7886.347586
2619536.575663,250,7891.111381
-117561.632608,1,7891.132201
131195.449351,250,7895.787202
2946059.957739,250,7900.669308
6006885.832985,143,7903.356023
113604.198379,250,7908.118387
6066372.960764,111,7910.217515
98889.208376,250,7915.043844
2495026.357417,250,7919.845742
5787524.594369,143,7922.62328
5921635.752216,116,7924.806828
-126281.600689,1,7924.824105
5794001.315257,170,7927.994278
-154292.12634,1,7928.004431
-152677.100526,1,7928.035259
-154563.954515,1,7928.05582
6026221.768601,113,7930.192728
2267080.681033,250,7934.996208
6057886.446468,237,7939.477211
-135091.080213,1,7939.50341
2114134.486354,250,7944.195467
88066.091887,250,7948.612979
2604513.979646,250,7953.077409
6136105.629114,189,7956.46237
135247.132381,250,7960.969424
6018838.100515,145,7963.577362
-117572.163637,1,7963.602279
879674.831994,250,7968.044317
114821.033191,250,7972.51092
7845242.911127,237,7976.79785
-152212.380373,1,7976.818053
1011761.716107,250,7981.363397
-167294.402067,2,7981.406401
945311.400137,250,7985.830479
1111362.532066,250,7990.285266
7109337.478309,203,7993.940003
993951.339519,250,7998.355981
3272599.039147,250,8002.837854
-126470.18604,1,8002.865639
7230573.121314,211,8006.641779
-158592.780323,2,8006.690372
105098.054955,250,8011.095244
2342876.945258,250,8015.539338
7756513.368877,208,8019.285022
736069.746454,250,8023.677794
109255.452411,250,8028.118996
3148162.047439,250,8032.573034
93464.156022,250,8036.971585
-117552.479019,1,8036.988643
7096893.529595,231,8041.123859
-117653.061366,1,8041.146373
1869760.594267,250,8045.57306
-154768.644017,1,8045.587434
966796.849442,250,8050.022177
99453.914997,250,8054.417628
1020328.660431,250,8058.890513
5680966.034853,104,8060.760959
-116548.258406,1,8060.783896
121997.13054,250,8065.221669
-126373.469831,1,8065.233519
-155070.139263,1,8065.252443
-126223.030183,1,8065.279239
6466844.227844,163,8068.503027
6214111.034051,168,8071.649778
374472.830094,250,8076.463992
-155464.717926,1,8076.477607
5873209.870674,104,8078.488147
7283054.737889,247,8083.266774
-117546.714205,1,8083.287165
2888241.455962,250,8088.100879
1030823.500074,250,8092.95962
1027688.332181,250,8097.809411
6462383.939208,145,8100.582216
3365302.742433,250,8105.373973
2260845.682832,250,8110.123326
127223.829742,250,8115.003525
-126268.400638,1,8115.022639
6187388.754244,125,8117.361171
127262.445807,250,8122.122193
135948.660821,250,8126.960882
85318.106328,250,8131.631794
566595.749448,250,8136.280001
-117654.107502,1,8136.300499
542373.877588,250,8141.038142
1136244.54785,250,8145.751855
625466.181878,250,8212.927088
6003742.543724,113,8214.905004
6687446.894678,219,8218.789612
114801.131783,250,8223.297069
-137888.081114,1,8223.310985
1127694.531577,250,8227.76388
-135199.978826,1,8227.783974
-143713.025302,1,8227.806493
1179449.073588,250,8232.277049
346428.026104,250,8236.774632
-126301.118249,1,8236.794947
-117553.532721,1,8236.805343
-117652.770045,1,8236.825499
6707758.646167,196,8240.389402
5726615.019049,105,8242.274524
6132120.963119,138,8244.676293
-135371.301937,1,8244.686279
107041.16642,250,8249.038944
6320157.990083,138,8251.577431
119529.371857,250,8256.071609
5948273.366702,117,8258.192315
-161448.086151,1,8258.212646
102262.694167,250,8262.706214
1690182.444489,250,8267.118822
-143814.854691,1,8267.134861
6499549.143562,171,8270.180653
5917242.987301,127,8272.399352
867253.593438,250,8276.902918
56234.375187,250,8281.406504
-143811.479411,1,8281.429474
97663.782272,250,8285.883069
7103297.861225,248,8290.197812
1269229.540855,250,8294.685619
-155071.42633,2,8294.725852
979697.890308,250,8299.17587
6716760.30885,183,8302.452633
-158315.165356,2,8302.493057
7518068.265626,238,8307.02483
120174.091985,250,8311.949793
6781709.259675,148,8314.760407
521199.128819,250,8319.5586
606347.140281,250,8324.407495
115347.86859,250,8329.208328
-117557.440834,1,8329.228508
2773067.465701,250,8334.002624
-126232.002315,1,8334.018968
6819823.230906,177,8337.406786
-126335.379701,1,8337.424812
6227485.917724,131,8339.935879
7806234.299389,215,8344.174836
-183472.138049,2,8344.21539
6610866.001931,197,8347.908016
116836.589395,250,8352.641814
62189.071383,250,8357.478809
1826419.877903,250,8362.293922
5739782.043041,64,8363.522037
126252.518797,250,8368.220152
6096238.388398,136,8370.759372
5552883.348902,44,8371.608954
121698.547847,250,8376.403422
1389800.098349,250,8381.055224
73221.705525,250,8385.727913
6481748.609233,152,8388.642699
456775.691758,250,8393.450762
720350.38597,250,8398.129572
2321873.298617,250,8402.913242
1610199.879306,250,8407.687441
-135022.644489,1,8407.709609
-142913.363785,1,8407.730129
570783.363638,250,8412.356964
6422929.873393,159,8415.389462
112630.732718,250,8420.163657
1098517.987131,250,8424.811246
281376.703731,250,8429.239517
116778.209278,250,8433.731997
91648.144563,250,8438.227381
-126377.632165,1,8438.247683
6204353.419346,164,8441.187472
-159511.084634,1,8441.213475
5890118.493417,104,8443.074428
-117656.984181,1,8443.094604
6947315.690616,171,8446.224147
-134187.863621,1,8446.248638
-135098.309514,1,8446.269474
6088539.898225,177,8449.44851
2816425.389278,250,8454.08774
120882.146477,250,8458.440612
5967476.92786,148,8461.062838
1003162.319256,250,8465.625281
-117646.735222,1,8465.645632
87763.126105,250,8470.076092
111011.910268,250,8474.416012
-117547.224581,1,8474.434113
6035791.548931,126,8476.664884
999363.186886,250,8481.08624
-135096.962475,1,8481.106288
6005224.857429,126,8483.345079
493585.753128,250,8487.711422
5718899.626594,98,8489.411218
1087041.644265,250,8493.834157
5897940.205493,76,8495.168882
-135098.108279,1,8495.189007
-147274.261449,1,8495.199022
590536.74166,250,8499.618266
-97361.095205,13,8499.852376
6371708.827698,171,8502.899218
75366.399654,250,8507.415498
6483200.640998,154,8510.201391
1207464.210357,250,8514.678834
107676.50088,250,8519.163489
-125369.836526,1,8519.184
1024801.137599,250,8523.75156
6461275.439449,188,8527.130906
278803.084678,250,8531.595298
337476.516765,250,8536.1408
127378.795065,250,8540.56938
5865840.831716,112,8542.566356
-129340.9377,2,8542.597991
6943145.823801,167,8545.734644
-117564.463491,1,8545.754662
5677192.420632,90,8547.564378
-117577.20778,1,8547.584555
7259508.104739,195,8551.352491
7685615.600021,208,8555.346561
6173995.585343,234,8559.787002
1131011.225841,250,8564.577227
5827138.804896,114,8566.724294
-165939.507337,3,8566.788629
121734.464788,250,8571.597072
131905.563246,250,8576.358747
6073022.78085,122,8578.662774
-117551.313798,1,8578.682739
6312816.847974,134,8581.263623
-126270.107222,1,8581.279863
6492841.127927,144,8584.022743
436916.553138,250,8588.749079
935433.224742,250,8593.450817
681796.703835,250,8598.358993
1050070.665857,250,8603.150199
126406.830159,250,8607.869623
-117548.390315,1,8607.88482
126975.676083,250,8612.6465
6664634.762166,198,8616.374449
-134988.340446,1,8616.392475
-126405.772802,1,8616.40861
6899182.049177,239,8620.914857
2729729.312559,250,8625.719438
5639094.905808,94,8627.539619
7021300.149234,249,8632.324801
1656236.019402,250,8637.046013
863576.820841,250,8641.829826
-117547.866095,1,8641.857958
109667.690657,250,8646.715842
1111398.190652,250,8651.237675
6258735.670339,146,8653.986783
2811033.657098,250,8658.708669
-154050.252777,2,8658.749033
736362.630174,250,8663.368175
89963.634278,250,8667.868695
7726740.948038,246,8672.28746
5992920.750697,76,8673.638025
-152799.004167,1,8673.661947
104302.382089,250,8678.203283
-154094.730668,2,8678.234768
-126270.058277,1,8678.249495
1852260.653034,250,8682.681318
-135091.213203,1,8682.701994
106700.191612,250,8687.28296
847899.429892,250,8691.874892
124433.155709,250,8696.369377
6757722.168031,152,8699.032607
-117643.882983,1,8699.052917
2257099.156889,250,8703.594388
106158.987514,250,8708.186676
-117550.556935,1,8708.202589
6168000.218587,151,8710.921378
686237.674346,250,8715.437953
1221478.001541,250,8719.893066
-135003.683834,1,8719.909483
106685.241998,250,8724.283337
6176397.589404,77,8725.621863
6602861.600079,171,8728.586261
6080562.27915,117,8730.720954
-126289.36237,1,8730.731011
-135093.74275,1,8730.751548
131021.073297,250,8735.405699
1010741.847407,250,8739.868486
-162814.665442,2,8739.899021
-117547.760915,1,8739.920584
5890970.179967,125,8742.097485
-126265.651817,1,8742.117832
853905.714923,250,8746.581431
-493612.694295,250,8751.037221
-139564.647925,1,8751.057797
94335.953593,250,8755.492504
5817081.599397,119,8757.62848
-162285.947818,1,8757.647299
-135145.440845,1,8757.665286
6213632.626283,109,8759.645911
-126303.740242,1,8759.674494
6218114.363618,135,8762.086883
1409868.423427,250,8766.534336
5891736.861431,124,8768.761081
-154994.246953,1,8768.781716
6052513.507171,85,8770.296554
-151978.087104,2,8770.336835
-126266.144387,1,8770.357276
5984016.912567,107,8772.247999
7790318.284782,241,8776.622224
103738.901724,250,8781.132808
5791313.52749,91,8782.753386
369367.823343,250,8787.542319
777345.475051,250,8792.31293
6584474.565351,213,8796.37044
6603187.14118,178,8799.727658
6310309.911715,142,8802.432985
96181.578226,250,8807.291201
-117646.137131,1,8807.308798
-117543.518557,1,8807.332829
126296.804087,250,8812.149238
-126379.681954,1,8812.165186
-135095.129368,1,8812.185285
-126284.162513,1,8812.210429
1730351.196562,250,8817.034162
-135096.623123,1,8817.057988
6628151.222956,185,8820.664069
-135095.904048,1,8820.684912
6097150.392494,126,8823.117634
6212273.461322,171,8826.442262
-117543.053204,1,8826.466041
120041.58306,250,8831.270251
5987967.667735,87,8832.902629
75961.100813,250,8837.74077
331722.786949,250,8842.534717
-126380.362359,1,8842.554338
-135180.356085,1,8842.579071
-126276.458991,1,8842.595396
6939409.520413,194,8846.270402
763902.411826,250,8850.993083
6518571.911056,147,8853.767872
-135191.744192,1,8853.788774
-135083.000949,1,8853.813979
1053641.103999,250,8858.510629
6767884.328956,224,8862.754142
-155279.666011,1,8862.77995
117752.869595,250,8867.518759
1421099.45642,250,8872.278177
6673199.395714,203,8876.084651
-135095.435623,1,8876.108347
6333537.410535,145,8878.814407
7475533.447139,186,8882.328314
6660799.330084,150,8885.209684
815496.588769,250,8889.90894
103292.317905,250,8894.643976
-117551.276065,1,8894.662398
-117556.549497,1,8894.682587
715925.55517,250,8899.499547
85564.037362,250,8904.222757
-143956.784884,1,8904.237667
-159694.700521,2,8904.277625
297480.315843,250,8908.707655
768427.414334,250,8913.213543
119505.394408,250,8917.684277
699365.589657,250,8922.160161
-117550.073127,1,8922.178714
6083509.074296,129,8924.443602
-125263.419807,1,8924.465544
6121942.175027,97,8926.175114
-176405.515624,2,8926.205034
121281.222131,250,8930.724411
6655898.815647,161,8933.662715
-158360.088639,2,8933.699326
217319.520695,250,8938.159322
5683701.935027,91,8939.743251
5699769.365212,61,8940.832242
104972.05351,250,8945.3179
-135223.521854,1,8945.341837
6346402.323617,144,8947.949096
-196064.301865,2,8947.982096
-155287.302537,1,8948.002726
2133676.382891,250,8952.405572
250143.409257,250,8956.889949
102768.742135,250,8961.403165
7162983.436171,212,8965.095401
342042.995579,250,8969.607868
248984.759354,250,8974.004223
461537.775329,250,8978.479725
-117544.42539,1,8978.496968
134563.351869,250,8982.989348
5882311.669932,149,8985.632838
7715289.438586,220,8989.550473
1609877.081007,250,8994.014519
150410.114912,250,8998.528442
2011909.789157,250,9003.067731
-135102.521053,1,9003.08844
5948114.746906,140,9005.600971
-158183.342479,2,9005.631821
-126265.115573,1,9005.648457
-117644.895043,1,9005.668612
6477182.838658,154,9008.266644
6781868.991055,185,9011.525406
6000342.007039,186,9014.830693
567300.639743,250,9019.333094
-117647.130591,1,9019.353834
6623496.068863,232,9023.538715
5620132.348587,85,9025.075736
-117545.917307,1,9025.086203
6024194.714411,77,9026.556076
116060.20751,250,9031.451288
5487796.932641,43,9032.271613
133662.283265,250,9037.108919
542049.924641,250,9041.841689
-117550.559789,1,9041.871642
5592609.219483,118,9044.152513
6049251.301056,122,9046.529872
-117570.847705,1,9046.54996
5898567.914233,118,9048.775835
-135175.98215,1,9048.796326
7014294.802902,183,9052.322421
193590.813229,250,9057.115595
5933653.325642,122,9059.485442
579431.142352,250,9064.286205
-174031.550851,2,9064.32432
5746997.718324,49,9065.253948
-160186.530515,1,9065.27952
6232537.435878,128,9067.705483
257129.07966,250,9072.50386
997238.712247,250,9077.391801
7022690.646332,189,9081.071692
-117478.556224,1,9081.091663
1272324.997722,250,9085.866551
-137251.102663,1,9085.887372
-134990.412181,1,9085.903405
-134996.003144,1,9085.928225
810926.797043,250,9090.621028
-117557.259645,1,9090.641169
107434.215757,250,9095.485144
5708653.760381,121,9097.800399
245757.85473,250,9102.547444
6384786.177133,130,9104.966116
6462952.623683,117,9107.192353
6119111.397439,118,9109.390708
-127291.154214,1,9109.417048
-135037.860891,1,9109.431607
6874828.753619,186,9112.93198
2108645.574138,250,9117.633863
-145952.151513,1,9117.644398
-155329.503457,1,9117.664914
-135030.586675,1,9117.685622
134331.085586,250,9122.449251
-169582.69706,2,9122.482629
1099221.250058,250,9127.228777
6804740.119121,193,9130.835876
5933998.23572,127,9133.236966
2864589.504044,250,9195.749098
5781807.407341,87,9197.264478
6564585.733786,128,9199.548639
112373.205733,250,9204.122612
-135145.076795,1,9204.143338
-166548.095875,2,9204.186618
1748698.555081,250,9208.54434
84040.621633,250,9212.929517
-135092.196895,1,9212.950087
5651296.956194,64,9214.084222
114411.430621,250,9218.468122
5978276.566047,113,9220.421204
6243064.536054,175,9223.512926
85343.817941,250,9228.035578
-144066.744456,1,9228.055707
7051247.591676,161,9230.903122
92373.756559,250,9235.400124
6342443.113803,149,9238.008214
6049194.556026,130,9240.311262
-155376.679214,1,9240.339718
93454.009965,250,9244.984806
6152502.892175,121,9247.143653
3166192.238525,250,9251.618475
-117550.600201,1,9251.638862
6093411.458595,115,9253.693077
1871741.837392,250,9258.136969
7180182.297242,202,9261.749898
237109.678541,250,9266.325411
1457103.86401,250,9271.192069
-155312.794085,1,9271.212571
6068146.812387,130,9273.758013
-126431.1029,1,9273.782188
-135189.489234,1,9273.804068
431007.570273,250,9278.561794
5949360.813064,95,9280.377161
545935.275188,250,9285.050355
115466.555288,250,9289.651028
-156527.102103,2,9289.681608
-136715.342925,1,9289.702509
94084.576478,250,9294.33694
6711855.169971,182,9297.778688
-143848.105736,1,9297.799232
120360.663536,250,9302.560784
6227843.105197,165,9305.747463
6429623.90265,167,9309.002169
6193724.676237,157,9312.004086
124262.102193,250,9316.762549
-162438.549294,2,9316.802999
108612.003078,250,9321.654405
7532277.664568,232,9326.180615
-117651.706896,1,9326.198813
1102624.437484,250,9330.93116
102580.49602,250,9335.704512
-116552.740193,1,9335.723277
5722235.372811,107,9337.716879
-135113.207587,1,9337.737352
7080910.139422,197,9341.426461
5431693.526585,43,9342.182885
6138369.458232,137,9344.749173
-117445.060335,1,9344.769226
732006.706111,250,9349.496319
1759708.076746,250,9354.285006
-135094.418623,1,9354.3103
5903420.088515,172,9357.592103
-159137.586164,2,9357.627428
-117562.108554,1,9357.647079
103875.56675,250,9362.414572
6061479.727071,118,9364.731151
-149505.122511,1,9364.751632
7356405.634242,213,9368.774587
6892002.084778,188,9372.284265
1877956.641057,250,9376.999237
89440.227014,250,9381.748208
612366.887139,250,9386.416828
-98032.296736,18,9386.726071
-126395.132356,1,9386.745628
534594.417051,250,9391.202704
6847735.247521,195,9394.684304
-135022.829247,1,9394.70444
7246970.051112,219,9398.659178
-135182.470514,1,9398.679825
69427.019082,250,9403.135076
99532.474791,250,9407.678666
-134996.358861,1,9407.703071
1211104.047024,250,9412.23596
116612.976787,250,9416.691197
5808887.859095,135,9419.079005
6966634.015246,214,9422.891268
-135200.757301,1,9422.911412
6390742.194255,140,9425.389141
116832.567225,250,9429.943718
117303.335692,250,9434.388326
5954944.151056,133,9436.750196
-155185.670577,1,9436.766409
107471.123296,250,9441.253611
131435.61496,250,9445.853871
116084.659079,250,9450.353438
507639.727284,250,9454.799205
-117566.112544,1,9454.818941
5898287.091691,129,9457.154339
96369.364814,250,9461.654209
575041.738852,250,9466.07182
111932.929362,250,9470.464676
-171355.561197,3,9470.512722
7477292.31175,221,9474.432396
-126381.208706,1,9474.452513
139466.080868,250,9478.920916
100340.796114,250,9483.283992
-137286.82004,1,9483.304358
5817989.822182,90,9484.87177
92926.483455,250,9489.397224
6199273.016512,153,9492.119864
109968.618031,250,9496.58255
110691.450614,250,9501.062347
6409084.94327,127,9503.355728
-152727.38352,1,9503.368792
-134993.782994,1,9503.394694
623056.186617,250,9508.082038
-139845.101993,1,9508.102952
-126450.521141,1,9508.123282
122376.288099,250,9512.898399
5525973.940239,44,9513.753578
125139.411647,250,9518.614492
6236701.782018,120,9520.941494
6359341.442228,160,9523.958567
-126323.493626,1,9523.972408
80119.22373,250,9528.768561
6404389.838743,247,9533.531306
80657.651194,250,9538.349333
-117583.398739,1,9538.369719
6209758.263552,132,9540.920392
-117564.30586,1,9540.940717
563218.686039,250,9545.754869
-135089.767074,1,9545.773494
6145547.893772,141,9548.519901
-168726.769974,2,9548.563726
-135230.591902,1,9548.583207
69393.671855,250,9553.38214
-134991.099604,1,9553.402637
123378.23724,250,9558.231102
-143354.096828,1,9558.251266
130312.364854,250,9563.034767
896237.309812,250,9567.779605
-135148.863747,1,9567.801779
7060192.925172,195,9571.451672
5658932.222848,119,9573.685125
2192170.784536,250,9578.522735
6370354.515005,203,9582.366467
6637202.565718,151,9585.20888
101605.339383,250,9589.982711
6805606.550474,169,9593.283767
100087.79264,250,9598.003022
49084.111804,250,9602.643998
5933939.913253,92,9604.427269
-126486.368755,1,9604.44458
-143808.150499,1,9604.466611
5856106.581569,102,9606.427286
-126187.007528,1,9606.453112
69177.124154,250,9611.245058
114447.479588,250,9615.947451
6065704.26302,166,9618.957694
103875.899071,250,9623.644044
-155008.737688,1,9623.670557
107850.372772,250,9628.176147
322567.10758,250,9632.57543
-134994.431404,1,9632.587459
-134112.483064,1,9632.608044
1874822.565597,250,9637.09756
-117547.71606,1,9637.113685
-135201.7599,1,9637.131163
1805132.956097,250,9641.612953
-117548.00174,1,9641.630462
685398.643648,250,9646.050705
7194220.580105,228,9650.024016
5691227.285383,65,9651.223012
6248412.638818,153,9654.053375
5602749.60049,68,9655.28285
5778569.589878,203,9658.885546
5961147.410514,113,9660.864048
6995939.111439,218,9664.859043
6008008.101012,117,9667.009547
-135195.097385,1,9667.03831
6580979.778829,123,9669.243296
5746508.559267,109,9671.227794
5844978.276848,117,9673.294959
5901695.911549,105,9675.165732
1145301.843864,250,9679.661299
1583401.702603,250,9684.225794
-177299.375855,2,9684.267253
70134.319576,250,9688.773112
-117643.577937,1,9688.793341
-118452.314842,2,9688.823919
-126367.047265,1,9688.844018
-117548.390492,1,9688.870885
-126366.620883,1,9688.890042
111294.663855,250,9693.341022
2493328.649517,250,9697.911298
6476648.06259,194,9701.426391
522852.077848,250,9705.827811
106272.088361,250,9710.370136
6677960.769473,197,9713.92762
6298788.330248,155,9716.610828
885768.76535,250,9721.152892
6703009.725855,204,9724.753564
7059929.166132,220,9728.741486
6090725.173902,167,9731.736182
-117642.80667,1,9731.755049
1098771.139098,250,9736.209564
-126366.605543,1,9736.224183
-175525.957932,2,9736.254442
1738932.226732,250,9740.763314
462513.902375,250,9745.34105
96783.878572,250,9750.178061
135446.601166,250,9754.959
5865207.755099,126,9757.382876
-116544.495583,1,9757.403126
6117600.612643,137,9760.04323
6538116.671069,159,9763.080508
-117577.573048,1,9763.100694
5901358.951146,105,9765.101342
-117561.347088,1,9765.1218
6074294.393246,159,9768.176521
766029.587852,250,9772.981969
104394.835164,250,9777.746927
1117364.742319,250,9782.538461
6348136.680667,192,9786.226103
5732878.468564,120,9788.523599
339392.092861,250,9793.280524
-117556.076698,1,9793.301354
-149001.370969,16,9793.602327
1911790.067531,250,9798.307264
-117558.612446,1,9798.327848
-143819.413496,1,9798.347359
-93748.145799,15,9798.61869
-135088.979782,1,9798.641007
7244250.399661,227,9802.971063
6510715.507316,176,9806.331686
1060017.371185,250,9811.008991
124376.048973,250,9815.803354
-117549.622885,1,9815.822988
318806.455807,250,9820.540178
1271440.661937,250,9825.236609
-117556.282718,1,9825.257417
461840.207965,250,9830.03251
-124524.81914,2,9830.071638
-143828.071967,1,9830.089508
6117796.39229,121,9832.414943
7236678.05897,230,9836.784203
6845238.398827,152,9839.592131
5587157.690581,81,9841.092036
5968039.112481,134,9843.653682
129542.289882,250,9848.398746
5546062.976194,52,9849.392637
-135213.00429,1,9849.414541
-184153.100208,2,9849.457786
-126310.808044,1,9849.477955
1044548.055689,250,9854.209635
477610.814386,250,9858.99468
6299997.710974,105,9861.084098
5566108.936276,184,9864.655083
723940.404955,250,9869.193558
6601438.250979,186,9872.456262
1557263.422156,250,9876.855609
98059.074075,250,9881.385816
-117544.805952,1,9881.398984
-173025.972729,2,9881.439281
6326557.910799,125,9883.638766
5964607.332332,90,9885.189543
6191333.237874,151,9887.866707
-126235.292533,1,9887.876767
6084282.141422,120,9890.011884
6791207.101666,119,9892.238239
-117549.114226,1,9892.249177
5827792.761934,124,9894.495281
977041.373882,250,9898.996883
-191026.875303,2,9899.036994
6525491.788516,165,9901.939877
-160394.695734,1,9901.949917
125348.412504,250,9906.449736
6975449.155066,235,9910.792892
-117546.706877,1,9910.811978
369639.794009,250,9915.347889
-135148.620949,1,9915.363098
-172369.910938,2,9915.403675
6450545.963911,167,9918.360538
472531.219396,250,9922.812928
6775802.947365,162,9925.617877
81356.521651,250,9930.023499
-153959.770729,1,9930.046185
183442.418718,250,9934.481683
-151034.593799,1,9934.502474
6737377.28437,179,9937.695115
1099740.302999,250,9942.253987
-117555.50637,1,9942.271816
100394.638667,250,9946.698688
1196632.40883,250,9951.23647
6097323.033923,114,9953.307028
1168446.471109,250,9957.764066
5738359.460096,114,9959.757636
402313.791826,250,9964.231489
-153842.805495,1,9964.252119
-117551.640788,1,9964.272469
5831483.733007,98,9966.025517
6975118.322098,205,9969.733104
-117587.989803,1,9969.749196
150956.511917,250,9974.175128
102859.447232,250,9978.596545
360375.281765,250,9983.074521
6271508.68684,161,9986.019247
6421437.212141,169,9989.314388
6145507.558352,135,9991.909311
-135453.749928,1,9991.933697
-135100.132539,1,9991.955838
-126371.079885,1,9991.976969
-126605.955654,1,9991.997896
6122053.996301,181,9995.488116
78040.033713,250,10000.26246
357851.125233,250,10004.976348
-124300.741326,1,10004.995875
106783.901961,250,10009.74182
6873602.023566,173,10013.086918
6240876.79791,149,10015.961736
6522396.072888,233,10020.452742
1487376.669338,250,10025.2585
110788.630431,250,10030.126346
893031.526407,250,10034.962727
6349374.565067,148,10037.853081
6527926.701584,188,10041.420666
6101284.122987,154,10044.378678
5593667.048904,95,10046.235744
2165800.585226,250,10050.926305
6021691.734737,130,10053.365857
6278023.096749,138,10056.036398
-142746.789942,1,10056.057732
-125404.300689,1,10056.07797
33107.056329,250,10060.880037
6417055.545258,171,10064.15022
6403696.983256,115,10066.32212
6370723.808573,99,10068.186001
-135152.443648,1,10068.213719
-117543.652392,1,10068.228142
7221135.2459,173,10071.561497
6798883.746543,181,10075.047032
-135164.418787,1,10075.067068
101012.438753,250,10079.885352
5905021.206482,96,10081.685295
111370.411448,250,10086.60591
6571370.937489,142,10089.28909
-135101.059615,1,10089.311687
-126388.518408,1,10089.330577
529247.882471,250,10094.072028
113491.007674,250,10098.7133
129929.990622,250,10103.504567
-126197.494559,1,10103.525147
1760911.314535,250,10108.014888
-152305.557008,2,10108.047989
107670.49437,250,10112.465669
5626923.237105,101,10114.31529
-142038.604382,1,10114.337609
5819785.478439,58,10115.373674
1652182.790518,250,10182.186022
413206.350763,250,10186.704636
94590.426652,250,10191.23019
6211817.592678,126,10193.549302
107306.830675,250,10197.930743
7718290.968526,231,10202.060909
6260361.668762,134,10204.493023
6325646.683113,122,10206.697228
-126380.197382,1,10206.716527
-135106.394133,1,10206.733528
5972132.340056,132,10209.062928
6029323.200652,194,10212.473597
137572.75962,250,10216.966154
6023347.229597,138,10219.421432
-135253.04575,1,10219.452059
5769774.200399,113,10221.500118
-134986.285108,1,10221.519876
116371.698838,250,10226.133415
5700755.866991,90,10227.885824
492153.899285,250,10232.680174
6284708.593421,229,10237.08561
-135189.069383,1,10237.105317
6128959.523396,229,10241.516848
1005730.607536,250,10246.331459
5958351.367011,118,10248.592584
6074201.444324,142,10251.28891
6862849.609066,159,10254.362094
-135127.689668,1,10254.383183
-117565.28491,1,10254.405797
-169980.63866,2,10254.447886
6253982.253045,226,10258.795932
6227278.138793,173,10262.100994
79302.352882,250,10266.905032
119286.82692,250,10271.689962
-135202.299388,1,10271.710054
2236661.585895,250,10276.431985
5887717.750661,98,10278.378591
6054936.151821,155,10281.377676
-126313.72312,1,10281.401261
626934.734752,250,10286.215206
-139690.388716,1,10286.232771
6133548.310917,142,10288.921137
1781225.475082,250,10293.587938
-117545.727625,1,10293.598067
3034059.34207,250,10298.357313
122199.451869,250,10303.083997
108326.387937,250,10307.819645
6557061.415948,171,10311.097351
5840446.465016,120,10313.355965
128528.096092,250,10318.050477
5738945.534359,68,10319.366816
6040966.769242,90,10321.041095
5583910.372047,92,10322.737265
-161376.251476,1,10322.757538
6061680.930841,97,10324.583417
6134156.43857,219,10328.791521
5473508.464761,104,10330.812385
6347183.67121,120,10333.119995
-155261.366786,1,10333.136707
7005384.731789,221,10337.341635
6208918.306194,130,10339.764389
120115.30218,250,10344.566198
6278741.665972,131,10346.957172
6968463.41692,239,10351.263403
6093743.117474,168,10354.264919
5860856.399567,75,10355.606707
522074.476744,250,10360.100593
107223.068881,250,10364.59632
6299457.145596,142,10367.170524
5695992.418373,89,10368.742584
1585642.206643,250,10373.31127
6216298.840656,232,10377.463391
-126369.585048,1,10377.483498
-143859.14948,1,10377.503665
5954937.5126,114,10379.494073
6135296.287544,126,10381.690903
-136406.261895,1,10381.700926
1153833.332687,250,10386.154975
6099787.480493,139,10388.616198
104429.145619,250,10393.029977
1166440.596794,250,10397.469631
6331201.134298,150,10400.197436
100493.54668,250,10404.686782
6408533.455468,158,10407.588747
182640.16364,250,10412.079486
6463556.195522,162,10415.014134
5571642.840079,154,10417.75645
2536164.034069,250,10422.247724
122563.780603,250,10426.654563
-153368.455537,1,10426.671026
6002999.721605,239,10431.00978
600065.480862,250,10435.478739
101392.552681,250,10439.896762
212889.128984,250,10444.25177
6249149.081456,143,10446.785086
371089.6261,250,10451.245303
817830.567456,250,10455.692722
5694338.558488,91,10457.294759
298083.966222,250,10461.787133
2192336.283113,250,10466.348296
-126361.423525,1,10466.366121
-126164.949423,1,10466.389941
-126265.957602,1,10466.410036
340142.808014,250,10471.233184
6517184.40714,158,10474.243183
6448983.92895,201,10478.140912
-135095.246679,1,10478.161526
6698823.846103,182,10481.693887
6413823.088325,243,10486.428411
5875842.648481,137,10489.054412
6280913.528142,136,10491.720693
363132.566304,250,10496.606542
5947095.363726,112,10498.716541
6142193.933615,119,10501.007483
118183.150829,250,10505.807199
6065471.599196,192,10509.539374
96540.483422,250,10514.351047
2485303.48157,250,10519.26004
-164201.800461,2,10519.300972
6004569.092866,122,10521.640489
-152181.899179,1,10521.660607
118104.093815,250,10526.524578
-189201.669231,2,10526.565199
99059.027933,250,10531.221154
7015347.574382,145,10533.950958
104381.588971,250,10538.663461
6439648.003947,152,10541.557484
-190575.327632,2,10541.604975
5923155.497738,121,10543.92989
5588654.116034,95,10545.773757
-119134.702493,2,10545.816566
87254.753941,250,10550.636284
6290539.401291,145,10553.373906
2440671.332171,250,10558.203538
6735985.831391,134,10560.710505
5579019.872337,94,10562.531548
6751090.534818,172,10565.806862
6595503.317652,165,10568.975422
127475.899898,250,10573.840537
-116556.4792,1,10573.860811
6613786.35608,116,10576.112568
6167954.945829,151,10578.922351
6560895.383398,185,10582.500064
5765379.777227,99,10584.379595
6041397.958237,117,10586.48713
-135195.779251,1,10586.507225
-117549.709684,1,10586.517233
113568.504991,250,10591.014748
1274859.591004,250,10595.530432
6200745.616733,144,10598.199917
337196.310869,250,10602.785579
-117551.459275,1,10602.805664
-126288.663497,1,10602.81567
5656951.466566,65,10603.99802
2063121.585283,250,10608.436899
5740276.428297,120,10610.583962
-117602.322279,1,10610.604257
588661.06143,250,10615.102158
-187819.460461,2,10615.132693
108264.237043,250,10619.610632
7332924.461662,245,10623.984787
-152366.234283,1,10624.004674
130516.522095,250,10628.471258
6059614.248434,191,10631.984339
101907.722533,250,10636.429546
6111129.883674,154,10639.207051
1616159.568436,250,10643.686958
7110101.082003,183,10647.049893
5818404.170978,112,10649.080854
6296031.480108,169,10652.146311
-135096.285362,1,10652.161361
-154635.132445,1,10652.175727
5513009.876345,104,10654.045157
-134422.790369,1,10654.067875
-126399.421259,1,10654.086043
94273.902575,250,10658.593453
7442638.835209,219,10662.623283
803938.533735,250,10667.069031
6135460.973765,154,10669.7856
-117546.573021,1,10669.795878
-126398.818109,1,10669.826401
6724867.147865,161,10672.70393
-155270.800088,1,10672.722257
-145815.387247,1,10672.740592
-135153.292667,1,10672.76134
6755510.875728,220,10676.796276
5925613.782346,137,10679.209946
6245129.174815,138,10681.629138
-117545.77479,1,10681.64949
-117443.907644,1,10681.672983
5658873.860609,121,10683.797283
92865.81672,250,10688.445379
-125269.635854,1,10688.455559
6571872.488483,160,10691.404055
633094.339157,250,10695.815348
5694960.567757,118,10697.875424
6230843.304548,138,10700.409719
86176.939115,250,10705.0195
5815394.725806,82,10706.636409
-126274.766882,1,10706.656927
-135212.866581,1,10706.673879
6470469.631303,147,10709.569242
-125365.486066,1,10709.585848
95669.755404,250,10714.358557
6294900.349552,145,10717.17918
-149963.600398,1,10717.199245
131262.918617,250,10722.011873
-143908.109194,1,10722.03389
5696456.694624,90,10723.769103
-135184.169551,1,10723.793468
6712671.224667,172,10727.032069
125336.606054,250,10731.838007
-154146.176228,1,10731.856451
119334.811198,250,10736.571607
1006449.292376,250,10741.318627
935739.3598,250,10746.147521
123632.684867,250,10750.959573
6117482.517565,106,10752.990588
113106.031764,250,10757.773007
128289.537245,250,10762.473129
-117547.515701,1,10762.491553
6344200.262277,173,10765.760457
6025366.923492,80,10767.282715
103523.552264,250,10771.886271
-159133.295441,2,10771.929108
-135088.369921,1,10771.947854
5748040.233381,96,10773.757303
5865194.549092,116,10775.909565
-151401.949028,1,10775.928985
-135099.37259,1,10775.943095
-117575.155195,1,10775.970924
-126380.022587,1,10775.99081
6253882.047994,226,10780.282083
5795941.338233,65,10781.506078
-163884.442231,2,10781.540381
6323271.643592,183,10785.050344
-158736.851652,1,10785.070899
549229.708189,250,10789.842576
6340594.431986,157,10792.866628
-117499.601934,1,10792.884477
6563890.488384,242,10797.536834
-126385.658784,1,10797.559946
-135097.30613,1,10797.575352
-135176.145153,1,10797.595428
104322.556803,250,10802.373307
453895.432606,250,10807.13339
-117553.3781,1,10807.157544
5829760.309169,109,10809.271669
-117557.639581,1,10809.290394
-164469.370347,2,10809.334344
-117574.975673,1,10809.350553
-149427.520366,1,10809.370721
99171.20108,250,10814.097476
137398.343691,250,10818.78467
6147943.980998,123,10821.051652
1041485.067718,250,10825.726766
-117546.186075,1,10825.746243
6376975.832269,119,10827.87529
7690393.685416,196,10831.458175
5567579.128893,83,10832.953862
6158144.963276,142,10835.464584
123656.225174,250,10840.046853
109606.813574,250,10844.574648
5696630.169767,67,10845.748909
113837.51956,250,10850.253771
683708.573373,250,10854.853996
7245083.677095,197,10858.474788
120179.368834,250,10863.032706
109968.585976,250,10867.447958
6227584.115309,120,10869.639091
5615855.074481,125,10871.899996
105252.055737,250,10876.320442
-117549.29745,1,10876.336331
6253141.49246,177,10879.431277
5752393.418881,105,10881.295434
6087717.622954,136,10883.762593
121196.052419,250,10888.193647
108377.282588,250,10892.639177
-143806.921024,1,10892.658336
6343609.528831,164,10895.560544
92793.409544,250,10899.988835
6099587.415512,126,10902.234251
967552.430797,250,10906.628382
5802245.867746,162,10909.535655
-162213.588476,2,10909.576243
-134983.976048,1,10909.598713
5740033.179391,148,10912.252927
-175500.338605,2,10912.289058
538408.61028,250,10916.769385
1635808.326052,250,10921.305238
93639.618058,250,10925.84665
6436781.051304,202,10929.497925
6596845.051921,216,10933.394619
111303.157254,250,10937.855778
-126288.155304,1,10937.872035
-117469.817949,1,10937.892199
2749528.228339,250,10942.480539
5972184.381536,115,10944.579933
6674877.228507,182,10948.092199
1195769.261596,250,10952.940056
-117444.419906,1,10952.967687
98289.728809,250,10957.844868
101783.709006,250,10962.645403
6125484.598175,116,10964.867595
107037.21936,250,10969.631534
112218.140885,250,10974.446804
136780.549944,250,10979.264022
1301956.812089,250,10984.045196
-143907.02627,1,10984.065553
105108.256778,250,10988.905219
5708937.636341,132,10991.459628
114316.354799,250,10996.2025
284008.696825,250,11000.929951
6213815.289223,155,11003.915534
6840114.200838,157,11006.955292
6351303.480503,196,11010.691245
6226004.858605,131,11013.138966
5833392.010116,86,11014.741265
5741898.126569,142,11017.451859
-126299.342918,1,11017.468309
6258270.296065,90,11019.190316
6264005.969408,166,11022.360013
5756617.043229,112,11024.533985
6394836.724841,188,11028.085929
-135193.457501,1,11028.103165
114037.930049,250,11032.757282
1916857.158854,250,11037.530349
284348.518044,250,11042.271502
560304.442051,250,11046.97753
-134987.122606,1,11046.99066
6849054.661665,181,11050.487208
126203.778593,250,11055.384663
-145667.502073,1,11055.406785
-117546.318423,1,11055.426022
-126325.652287,1,11055.447495
6502046.935792,168,11058.577767
-126284.711339,1,11058.601448
6979279.738617,245,11063.241037
-117554.849113,1,11063.261399
5734682.870613,127,11065.603221
-117569.153332,1,11065.613425
397763.692125,250,11070.103061
430263.853555,250,11074.629276
5624510.422244,135,11077.071294
-117548.805763,1,11077.081608
131107.188671,250,11081.613941
-126365.417531,1,11081.634219
106647.914769,250,11086.114049
1002987.187413,250,11090.641154
6368830.709051,178,11093.83664
1076830.408707,250,11098.365012
-117654.230945,1,11098.386872
6460718.929608,167,11101.332075
305273.952371,250,11105.712026
6203200.814762,196,11165.79546
-135201.846718,1,11165.815721
266591.746683,250,11170.279351
6019850.779492,190,11173.711763
-126299.989387,1,11173.721784
5986740.678812,113,11175.760408
5923082.719186,113,11177.759313
-126416.216571,1,11177.76933
6140920.477557,102,11179.585487
7150093.077878,220,11183.552434
6940045.895349,170,11186.795949
7145060.365244,229,11191.215328
-117551.764623,1,11191.235995
-117583.471486,1,11191.260782
6669421.862558,161,11194.387844
7157509.467102,220,11198.57233
6330598.374664,144,11201.317523
-136920.797036,1,11201.336708
6376564.06989,135,11203.914904
887169.555407,250,11208.741061
125565.126732,250,11213.513859
1031604.248637,250,11218.308913
6396874.442049,189,11222.009636
115170.526583,250,11226.912055
127228.056655,250,11231.689175
109511.596582,250,11236.452586
-126262.136029,1,11236.472983
84707.701955,250,11241.222688
143388.49358,250,11245.937326
1084109.786314,250,11250.715561
-150189.468682,1,11250.735702
102624.882657,250,11255.398055
5784053.596325,103,11257.373635
5923575.400039,131,11259.852382
6818293.527086,149,11262.690492
6590766.812731,243,11267.244918
6704729.014422,172,11270.558952
6939654.276917,166,11273.746991
-117648.949971,1,11273.76691
-117562.533809,1,11273.787232
-126268.702514,1,11273.805959
79963.301843,250,11278.509081
-126419.258561,1,11278.537688
120828.799959,250,11283.233261
147175.435348,250,11288.007416
74159.514834,250,11292.705576
6555283.968009,210,11296.587731
-126300.014345,1,11296.598181
5586340.818113,55,11297.684359
5844908.325483,170,11300.96018
5996153.484516,115,11303.155793
6876891.76237,226,11307.246829
6881176.749657,202,11310.847671
1287780.117315,250,11315.389902
498762.317464,250,11319.931308
117475.940227,250,11324.464737
1082269.410211,250,11328.921994
5733567.006296,119,11331.073937
-135140.914637,1,11331.094815
-154522.459551,1,11331.114118
-177208.721402,2,11331.149839
5750630.465956,119,11333.312315
5895147.415959,100,11335.076807
6229758.880715,147,11337.675798
6053615.016811,138,11340.120082
80080.370749,250,11344.613794
-135089.413106,1,11344.637955
263723.702504,250,11349.053294
-153914.815899,1,11349.071287
119895.612754,250,11353.483315
5562874.733898,153,11356.184142
6047874.857681,127,11358.484613
6270612.139496,168,11361.478024
6410399.446985,179,11364.570399
98650.280359,250,11368.897665
997835.045125,250,11373.255587
104337.117478,250,11377.681646
115508.327815,250,11382.011922
5737972.142083,119,11384.07574
666783.354788,250,11388.473636
566936.020603,250,11392.751901
6800807.230829,163,11395.559142
646685.419058,250,11399.959056
121164.135079,250,11404.385697
-166480.922915,1,11404.40582
118440.250473,250,11408.7613
6064683.325715,174,11411.730114
5983041.623674,153,11414.410087
479270.14058,250,11418.787592
5719954.916253,139,11421.235143
6504195.068514,176,11424.292957
-134993.728239,1,11424.313302
-152313.111761,2,11424.352859
6759716.84429,218,11428.48673
-135078.719106,1,11428.507093
5812106.986741,80,11430.048486
5891146.938629,132,11432.617483
-135099.781289,1,11432.638033
5654612.282956,82,11434.254506
107405.247714,250,11438.9676
5829900.515601,135,11441.52498
-126266.013206,1,11441.542982
2005248.169763,250,11446.292253
6861160.281318,187,11449.837596
128006.24514,250,11454.614182
-155205.544617,1,11454.634877
-158596.816304,1,11454.65531
6039765.472494,128,11457.09119
-117576.62307,1,11457.10882
5727906.626466,153,11460.035098
5855566.605343,200,11463.907981
5791489.790345,114,11466.107929
-135090.238804,1,11466.131874
325429.16466,250,11470.912803
6238561.622741,152,11473.75932
5684184.523277,52,11474.742037
5887060.986292,90,11476.426517
5890287.024011,111,11478.56281
-117664.358465,1,11478.583395
-135117.665789,1,11478.603959
6410752.904722,185,11482.123009
7102300.776802,202,11485.973452
-157040.065692,2,11486.01033
614860.046344,250,11490.727131
-146036.145995,1,11490.749202
5956584.128476,118,11493.058138
623401.542176,250,11497.832025
1250657.545377,250,11502.576159
115587.589646,250,11507.317328
181313.633658,250,11512.061132
-117553.982381,1,11512.083643
-152660.199169,1,11512.102363
92083.900725,250,11516.871153
6676111.535442,155,11519.772067
7212499.62748,248,11524.454698
108966.286756,250,11529.14377
-117587.610354,1,11529.164111
-126396.386144,1,11529.191523
6403410.631787,158,11532.150242
6080678.450068,116,11534.328059
5729520.883298,67,11535.604052
126528.062183,250,11540.316525
5705940.071033,128,11542.75996
-133217.230604,1,11542.778339
6258629.239717,148,11545.518304
5961635.069191,152,11548.261093
-134107.289553,1,11548.286324
95007.905168,250,11552.824381
89379.971956,250,11557.344188
-163433.390588,2,11557.385489
-143808.631739,1,11557.403884
120790.158179,250,11561.938217
486402.406264,250,11566.473011
-182295.699266,2,11566.510119
5993268.471689,117,11568.765821
110357.609156,250,11573.253254
-117545.966789,1,11573.264112
6494244.534273,128,11575.542321
6535495.107479,193,11579.013644
124997.111998,250,11583.524776
119230.244562,250,11588.041886
5968730.91348,217,11591.81551
896867.779842,250,11596.37329
5480048.61927,48,11597.208355
6305169.867784,139,11599.698903
5828745.590372,81,11601.158716
-137055.320412,1,11601.172236
6016328.068844,203,11604.80524
114946.847763,250,11609.294613
6223441.028949,140,11611.819813
6222776.928065,111,11613.805641
5915898.275761,154,11616.55938
417326.932916,250,11621.043249
1124129.059752,250,11625.632331
-117554.226767,1,11625.652968
-117655.63555,1,11625.665273
-172404.881028,2,11625.703449
5857781.612834,117,11627.841568
-117457.112221,1,11627.864013
6052988.787885,121,11630.06625
-117552.875901,1,11630.08642
-140694.924864,1,11630.106698
2018693.757436,250,11634.565292
6126449.069786,171,11637.606021
5633966.685124,67,11638.771435
96917.998601,250,11643.244891
6354028.438581,197,11646.758393
6603287.658521,159,11649.573628
6198830.791642,102,11651.353797
-126403.921832,1,11651.363839
100403.524221,250,11655.829705
116724.056146,250,11660.335575
6408186.657404,148,11663.0209
-117549.921779,1,11663.03094
-117553.294512,1,11663.050995
5964273.423346,102,11664.912605
6119989.583642,144,11667.658446
8422654.318733,248,11672.498227
6704241.355621,208,11676.508142
-126498.260736,1,11676.528549
-126367.387136,1,11676.54923
5935294.562189,115,11678.74688
6665001.154448,174,11682.085842
5900261.799426,183,11685.642299
98135.37652,250,11690.506939
6920738.732087,186,11694.072094
6124562.461686,77,11695.550782
119685.639888,250,11700.358906
6685925.852201,243,11705.070153
5590821.165141,165,11708.27174
365274.596852,250,11712.905183
-137006.23363,1,11712.925675
5805972.196229,108,11714.793827
5841351.830608,186,11718.128876
6062057.221978,95,11719.900217
100641.004964,250,11724.602659
73003.637612,250,11729.248242
115524.857383,250,11733.792497
6117558.172896,139,11736.464939
123581.065197,250,11741.190597
-151327.985232,2,11741.228344
464192.605697,250,11746.070857
114966.106977,250,11750.904753
6255148.339048,193,11754.542594
122321.117331,250,11759.377548
-143924.539488,1,11759.39335
1010948.600635,250,11764.212506
-126367.232812,1,11764.226539
6896066.18677,248,11768.941505
6761178.771662,197,11772.644528
549663.799448,250,11777.360305
6145382.943627,160,11780.4231
6530196.471937,164,11783.514549
122480.489499,250,11787.962373
-117605.937177,1,11787.978181
-161181.052063,2,11788.00854
122351.280637,250,11792.512517
753802.634857,250,11797.148799
-155312.843975,1,11797.168951
6616947.644723,155,11799.981705
468735.39718,250,11804.496298
6183781.453287,164,11807.467532
326738.270373,250,11812.070045
6061498.99908,163,11815.023333
94424.139239,250,11819.56327
-135142.024179,1,11819.579159
180212.467576,250,11824.061529
-134089.006863,1,11824.085686
6495635.441533,215,11827.977859
112954.926506,250,11832.477516
261727.027683,250,11837.019078
124657.406121,250,11841.389775
6382674.561167,156,11844.123052
1410062.765591,250,11848.579127
196456.00066,250,11853.122701
6689787.956398,163,11856.071916
6395145.753397,199,11859.655253
681542.848264,250,11864.128794
-117548.250028,1,11864.143039
5910014.300232,236,11868.381146
607310.205293,250,11872.778718
-126389.611652,1,11872.796654
512932.189551,250,11877.285236
129071.468573,250,11881.783191
-117566.418178,1,11881.803679
-126312.433857,1,11881.827069
6654908.178573,162,11884.717757
114080.695184,250,11889.159455
-117573.775744,1,11889.183852
5712556.485723,116,11891.249648
5763228.743444,125,11893.454524
395785.285649,250,11898.009788
6061186.039087,205,11901.570856
-126383.648785,1,11901.589895
-178830.148116,2,11901.620177
-126380.221766,1,11901.640451
6505504.930914,247,11906.165615
6522488.9654,148,11909.058135
-154510.983048,1,11909.076985
1401234.047005,250,11913.912669
1150944.465706,250,11918.708083
1303112.193498,250,11923.526906
5909746.387953,139,11926.263535
103804.900592,250,11931.10053
-126266.434059,1,11931.114013
5810417.107608,173,11934.465646
-117571.260489,1,11934.487617
322385.30412,250,11939.31041
6094156.846898,101,11941.259059
88757.555945,250,11946.024946
5815594.778602,74,11947.453164
144862.156385,250,11952.244452
6173523.901267,148,11955.099731
6324010.651207,155,11958.107484
6193982.717842,122,11960.451326
723732.473539,250,11965.2475
6094280.934463,133,11967.777951
6245281.161338,82,11969.368272
1675172.994305,250,11974.107707
115935.393001,250,11978.779017
103267.640291,250,11983.481871
-190455.633667,2,11983.519602
-138435.238687,3,11983.578356
6092707.977424,119,11985.839768
-126270.795723,1,11985.859799
-167670.682776,2,11985.890181
6089958.136401,129,11988.385787
-135171.044999,1,11988.405561
5943216.47811,118,11990.711012
6199417.027625,176,11994.019946
110705.41442,250,11998.829363
6431260.120168,124,12001.154681
-117553.202074,1,12001.173272
6692309.093927,182,12004.64591
121893.112181,250,12009.322014
-126370.562427,1,12009.346431
6404512.730826,217,12013.413549
5803793.017705,133,12015.952033
117630.016025,250,12020.754505
-117561.342872,1,12020.785443
127461.095888,250,12025.430027
6029042.553963,122,12027.599679
105903.689683,250,12032.009948
5751163.338328,67,12033.223961
5528592.049504,95,12034.987256
109023.329581,250,12039.418733
-135111.20553,1,12039.434105
6309006.871559,138,12041.88486
-135173.241049,1,12041.90531
5619690.928477,83,12043.377518
-126267.353547,1,12043.394652
6148670.028655,133,12045.780216
57115.37295,250,12050.2685
6070781.596594,231,12054.378166
6684310.64629,216,12058.232107
454418.702744,250,12062.824225
107153.675567,250,12067.207305
-135122.35363,1,12067.228953
118111.181803,250,12071.651802
5578921.736437,83,12073.124174
-117554.535803,1,12073.142619
111681.015708,250,12077.685322
6091804.839032,123,12079.886191
5907672.363801,92,12081.453161
215709.599977,250,12085.941651
5897767.949501,213,12147.290167
5991118.437614,156,12150.305699
-143828.672734,1,12150.333454
6133753.86718,117,12152.584127
115514.689692,250,12157.451402
1155567.061523,250,12162.292418
-117566.363831,1,12162.316983
-152203.62761,1,12162.338294
717433.138763,250,12167.110584
1093457.685465,250,12171.962024
6331819.785086,210,12176.014479
-117562.642634,1,12176.03518
-117644.221422,1,12176.060635
132804.206218,250,12180.863429
5587641.732002,72,12182.264182
959848.803908,250,12187.074909
-135149.061139,1,12187.097677
-134218.654588,1,12187.123685
264372.672487,250,12192.030338
-135146.66318,1,12192.0495
76167.626297,250,12196.78388
6031686.291575,156,12199.774312
88871.019523,250,12204.631961
-126392.164435,1,12204.665088
5815485.56001,144,12207.439976
-126373.407515,1,12207.460056
95690.315416,250,12212.124926
6005532.248994,84,12213.736729
-117644.016606,1,12213.755635
-117565.378556,1,12213.775753
1318283.697331,250,12218.671708
115322.791646,250,12223.415882
5806992.125169,151,12226.270443
6851944.423624,214,12230.268834
121735.871528,250,12235.051134
-135192.812145,1,12235.070187
1975048.147128,250,12239.82586
6836411.789526,217,12243.883244
6375543.46177,228,12248.254464
-126272.546762,1,12248.274833
-135272.23967,1,12248.297882
198476.240207,250,12253.028128
6199373.069986,119,12255.202381
92113.973231,250,12259.946654
191821.12193,250,12264.684557
6518050.464117,210,12268.404331
5779500.260175,83,12269.911933
-180717.681094,2,12269.942446
6162882.558853,119,12272.098443
-135096.14371,1,12272.119372
6007579.131825,98,12273.858672
-126377.133371,1,12273.868714
6325229.213796,202,12277.468471
6268388.082505,153,12280.220926
5798887.430245,119,12282.380918
5788613.962083,153,12285.113151
442380.132474,250,12289.566334
5687162.66702,92,12291.262078
6883392.605816,149,12293.975456
5885437.767578,147,12296.69243
6133040.560405,137,12299.09076
-137629.02011,1,12299.111257
6432361.69791,162,12301.968241
-148149.074208,1,12301.98887
5532455.851504,64,12303.123952
6842734.469508,214,12306.91954
113724.62421,250,12311.493627
-162346.933787,2,12311.523956
-137441.284243,1,12311.554337
6361777.351882,181,12314.815214
5637154.310352,156,12317.567592
6471273.850898,122,12319.734073
5929888.633258,175,12322.795879
-157194.592407,1,12322.816001
1136601.997034,250,12327.272612
108289.366401,250,12331.74378
-134991.348298,1,12331.76412
6700588.299043,195,12335.214048
6963897.175678,147,12337.885709
103375.671232,250,12342.387643
6537997.149248,199,12345.87447
127701.987157,250,12350.31182
-135101.707032,1,12350.336897
639263.290759,250,12354.73749
168254.808226,250,12359.137938
-117642.194638,1,12359.158165
-158483.631971,1,12359.168343
118182.58996,250,12363.585056
6811711.29049,175,12366.684513
6275627.012455,104,12368.547601
6129530.470395,121,12370.74401
6053680.655604,100,12372.516907
1612180.011113,250,12376.960083
-141844.385268,2,12377.003868
154855.453867,250,12381.430539
7012623.097065,187,12384.755077
6863380.664031,242,12389.305456
5841350.042905,107,12391.359999
6345834.161579,160,12394.425293
-117581.162436,1,12394.445717
6318118.966921,105,12396.460961
7220054.73357,161,12399.564401
-134195.764402,1,12399.585002
5786185.347976,102,12401.543999
411945.305895,250,12406.336986
116519.384139,250,12411.136046
5467667.262092,72,12412.534371
6327330.251705,133,12415.091414
-137723.082124,1,12415.107909
102749.747736,250,12419.872708
127704.913951,250,12424.60422
6341306.241253,161,12427.774729
171344.426616,250,12432.565804
5517680.547739,106,12434.561765
5927132.818127,103,12436.504543
6471404.053202,202,12440.39709
-177141.756983,2,12440.43815
6657158.762377,183,12443.974839
-160965.109113,1,12443.993234
6273932.284908,138,12446.5565
81827.366437,250,12451.369613
108137.042462,250,12456.128634
6623705.460991,170,12459.36222
93001.473731,250,12464.143341
110308.697026,250,12468.748497
899928.044185,250,12473.513358
130470.48892,250,12478.278954
5995886.712974,118,12480.550566
110581.085516,250,12485.347514
94967.495812,250,12490.147265
6926721.532186,249,12494.901335
6436800.499067,210,12498.92075
-126374.253947,1,12498.932407
304666.024208,250,12503.842834
6047727.932581,127,12506.173897
133730.68022,250,12510.68967
282513.1242,250,12515.122602
6181426.995085,110,12517.066611
-187573.324724,2,12517.1076
6055408.923853,118,12519.257175
552990.08045,250,12523.816293
136504.918053,250,12528.339175
-117650.989867,1,12528.359787
267335.502861,250,12532.830587
5711836.317135,89,12534.411634
116914.494589,250,12538.89703
-151242.819447,1,12538.913612
177377.27542,250,12543.327054
124117.742374,250,12547.922052
5760865.445121,118,12550.035146
-135232.985097,1,12550.05552
6586269.539557,152,12552.731883
6400357.122075,184,12556.045545
-135048.790528,1,12556.070748
6311164.317559,156,12558.911344
-132638.326799,1,12558.928804
5662793.398,150,12561.660542
5778950.383458,177,12564.841551
1015220.736658,250,12569.22989
74906.674167,250,12573.686955
5797400.710466,116,12575.75579
5669348.01216,115,12577.753931
-135187.724684,1,12577.774143
5689119.497417,112,12579.758419
-143068.964947,1,12579.788099
387958.395015,250,12584.153617
116038.17661,250,12588.559748
-117568.147862,1,12588.577181
-165083.314997,2,12588.62048
-135120.787348,1,12588.64109
-117690.192501,1,12588.66254
6000228.520678,158,12591.386677
80242.421893,250,12595.814118
77342.371619,250,12600.314225
122783.607378,250,12604.82427
-146088.149548,1,12604.844525
70981.006872,250,12609.40628
-132087.02556,1,12609.426346
6063913.593452,116,12611.45852
3074176.311091,250,12615.791126
970015.68528,250,12620.263101
2168794.642571,250,12624.75381
-176953.228827,2,12624.795282
604471.166069,250,12629.54826
5940895.781618,65,12630.77968
-117644.17811,1,12630.808195
5801369.301968,111,12632.941869
103783.518207,250,12637.749315
6199158.108464,128,12640.207863
2170257.835046,250,12644.926173
2352287.192781,250,12649.702548
5914548.086433,231,12654.143794
5646808.369385,121,12656.454309
6686818.552716,174,12659.800037
5997143.946935,126,12662.12689
-117645.054429,1,12662.141078
5841029.850973,126,12664.561158
116723.037129,250,12669.405612
-135091.751525,1,12669.42602
116141.745332,250,12674.215085
-187522.62631,2,12674.25199
-117552.211026,1,12674.268467
-117557.710305,1,12674.291152
-117559.59381,1,12674.308438
717857.756442,250,12679.10509
118005.278422,250,12683.966988
6779197.074391,126,12686.332536
-137296.791498,1,12686.353145
1038960.006437,250,12691.04459
1833917.831385,250,12695.767369
-126170.320893,1,12695.784035
141110.485493,250,12700.638739
-117654.468972,1,12700.661985
-170115.632053,2,12700.697261
5615860.824878,58,12701.830683
531628.021549,250,12706.624199
6829587.169846,212,12710.608086
5884393.055059,137,12713.258669
-135134.396925,1,12713.27475
-45851.973492,188,12716.882319
6082214.725873,236,12721.295319
-126408.139363,1,12721.315506
6751256.736388,190,12724.918425
-143856.310764,1,12724.945206
5788426.687489,113,12727.151883
5689318.985759,153,12730.162628
5934806.338718,139,12732.789225
103096.655319,250,12737.451049
-135089.683021,1,12737.474684
6657436.359892,214,12741.526918
-126417.048409,1,12741.555342
-117549.02852,1,12741.575185
6164687.405277,153,12744.491182
6969048.685028,189,12747.92984
6187040.842768,160,12750.827174
1045665.603253,250,12755.313309
-135201.802366,1,12755.336514
-134993.068758,1,12755.355284
-134984.872521,1,12755.378488
5964513.001983,148,12758.025054
5475793.050065,68,12759.277761
478219.010217,250,12763.791208
6406195.057241,161,12766.645223
205181.262076,250,12771.169619
-135095.703153,1,12771.189742
-134033.816736,1,12771.21004
6031763.527518,133,12773.662211
6634073.049945,196,12777.248065
-117565.813819,1,12777.26829
-117553.81847,1,12777.278755
815791.329717,250,12781.743693
6983063.15542,213,12785.598617
5997933.400805,102,12787.472382
-117551.113087,1,12787.485703
7137654.96013,235,12791.662959
-135095.143012,1,12791.685193
6923537.686888,240,12795.956814
121292.463698,250,12800.323859
5800188.985754,184,12803.634063
6519868.6291,164,12806.573622
5861098.162756,181,12809.82925
1301926.640795,250,12814.336428
119093.424698,250,12818.829324
5824832.16527,190,12822.19891
-117713.42507,1,12822.218894
134757.950881,250,12826.684532
141691.0267,250,12831.131816
5945364.600992,116,12833.180423
78867.701911,250,12837.54448
128394.429929,250,12841.914853
133616.638631,250,12846.342468
1079010.706055,250,12850.816372
6688616.708796,141,12853.326001
105703.42368,250,12857.754078
53703.328692,250,12862.169823
502670.018627,250,12866.803009
6752045.479046,171,12870.087405
5785977.745702,178,12873.559462
-117552.045868,1,12873.579865
6782455.311801,155,12876.599354
6386999.075102,136,12879.166176
6605696.464184,153,12882.061981
7857498.170571,249,12886.79855
6032349.310345,126,12889.235208
114963.011157,250,12893.997415
6779945.670655,162,12897.089068
5581561.710863,69,12898.378584
6420941.630904,114,12900.552576
6220181.714677,146,12903.34999
6477095.295241,169,12906.621422
1962046.027592,250,12911.368708
6085645.387449,135,12913.984486
6243002.52215,198,12917.805424
403813.176533,250,12922.660936
-135187.453939,1,12922.681372
6659061.720481,177,12926.071848
179671.833368,250,12930.739774
86652.349971,250,12935.470447
-100621.537062,14,12935.74681
6394855.147362,152,12938.647162
6214595.540128,145,12941.352918
115369.075117,250,12946.160124
-146234.34713,2,12946.195479
-163169.986693,1,12946.210548
6097330.634245,90,12947.925761
-126365.420653,1,12947.949813
6743330.196099,187,12951.48378
-117650.210153,1,12951.504397
6447052.176291,148,12954.315094
5816066.607125,117,12956.602837
-135093.700166,1,12956.628322
6678717.451207,159,12959.59552
6536047.518332,178,12962.896743
-147647.75569,1,12962.922733
5957616.753844,169,12966.112568
110700.417738,250,12970.926164
-134985.069094,1,12970.946682
7205724.1961,247,12975.584777
6275686.143586,137,12978.143628
6569678.037998,213,12982.135116
7121820.682225,229,12986.366832
5958667.303462,111,12988.481889
-117649.768217,1,12988.501833
99450.902271,250,12993.024407
6856528.379145,177,12996.196262
5830844.610859,89,12997.823141
1054395.690687,250,13002.387751
85504.368548,250,13007.144957
-126295.585397,1,13007.169244
-117550.520326,1,13007.186404
234930.609803,250,13011.621568
117621.846494,250,13016.220776
116896.748698,250,13020.691786
5881293.46419,185,13023.929806
785777.554031,250,13028.443893
317388.506646,250,13032.950566
98446.797555,250,13037.495095
431083.874886,250,13042.035144
978233.51,250,13046.564871
116119.730696,250,13050.971031
-158331.124979,2,13051.011733
6210792.337864,156,13053.783438
6193121.75469,122,13055.976457
6773031.756485,203,13059.683099
1207382.498759,250,13064.151781
6339295.459862,217,13068.020531
7477080.09117,218,13126.134768
117684.573235,250,13130.959884
6369706.348515,211,13134.99091
5562036.128843,75,13136.452037
-117647.0718,1,13136.472614
80331.350404,250,13141.296917
173059.929404,250,13146.122831
-126376.218639,1,13146.135074
116302.95162,250,13151.047252
5742506.229943,192,13154.782194
522666.589149,250,13159.575526
6551783.033727,196,13163.342157
5988825.541166,133,13165.889349
5921781.296673,99,13167.714984
5729055.440487,169,13170.932842
-135117.035531,1,13170.952402
-153382.654084,1,13170.972061
5482416.01725,51,13171.966822
93742.974887,250,13176.696213
6191134.598963,139,13179.297969
99425.710734,250,13183.9991
5800563.49516,219,13188.296871
118559.644286,250,13193.044728
5854102.203682,113,13195.174109
6225412.360193,119,13197.527755
5981851.273352,80,13199.027623
1215833.74575,250,13203.797122
106356.069902,250,13208.457455
137670.437477,250,13213.227779
117331.835847,250,13218.019566
-135146.040949,1,13218.027694
109872.386534,250,13222.812881
6869484.858341,198,13226.349132
5659630.778545,157,13229.161356
-132990.900138,1,13229.189417
112289.35859,250,13233.745713
6670582.743331,148,13236.423812
-135148.694042,1,13236.444082
526045.42739,250,13240.900234
-178637.201493,2,13240.936558
-126366.214089,1,13240.946602
5505148.854267,55,13241.935636
-117550.691784,1,13241.956035
-117657.178291,1,13241.966224
88217.545773,250,13246.514105
5963580.596037,141,13249.009701
-135093.124573,1,13249.029965
136513.42913,250,13253.487498
150041.818279,250,13258.075573
6248902.542469,168,13261.112179
6035237.595016,181,13264.395587
6082962.195868,132,13266.782267
-167985.123897,2,13266.82865
-143911.203218,1,13266.852901
-117556.602414,1,13266.872749
6385491.300137,199,13270.415344
6434179.633246,113,13272.482941
6690383.037749,185,13275.891478
7202660.80113,184,13279.16538
5573521.39417,226,13283.145798
6490081.84631,155,13285.917612
960805.808291,250,13290.320239
-126285.483568,1,13290.340607
1977536.316489,250,13294.731411
6045605.142561,127,13296.966933
-135217.116667,1,13296.987351
-117651.797999,1,13297.005424
-135115.485981,1,13297.019424
6515294.14807,146,13299.578034
5805810.575809,111,13301.548178
6398866.364108,120,13303.681038
6163839.617449,90,13305.304315
119498.038326,250,13309.662392
1113079.304294,250,13314.115199
6005656.219211,146,13316.759903
-126273.315817,1,13316.781854
6491362.124446,149,13319.485467
6464366.859994,131,13321.842461
-155320.09353,1,13321.86839
125422.566033,250,13326.365844
6397151.982772,151,13329.105564
128575.181615,250,13333.547175
58680.796083,250,13338.009779
-172145.152434,2,13338.050516
-143827.545697,1,13338.063312
-126291.152355,1,13338.091888
-173502.665577,2,13338.132681
5551851.066725,112,13340.165792
148184.678808,250,13344.483222
212034.549105,250,13349.274701
137824.403025,250,13354.073311
-117565.315488,1,13354.095902
-126394.965066,1,13354.116143
92928.514602,250,13358.924729
6944380.053294,189,13362.552108
117728.406016,250,13367.405711
2709642.597312,250,13372.182983
-126368.408954,1,13372.202921
-68099.00369,67,13373.491797
6327722.425919,199,13377.29525
170155.685226,250,13382.174162
-144004.882274,1,13382.189828
6781023.72091,197,13386.016089
6102771.313345,115,13388.248869
155858.779986,250,13393.009207
125876.368699,250,13397.843809
163190.328648,250,13402.654458
-117651.805648,1,13402.671416
1625221.591303,250,13407.443848
-141872.762976,1,13407.466852
5966398.48617,121,13409.793802
6423016.205709,146,13412.605687
6364003.868707,122,13414.923497
5928834.445702,188,13418.469487
-126265.532807,1,13418.487692
5939957.531874,145,13421.249254
6246689.732075,134,13423.80678
-117459.644306,1,13423.827123
-144010.785292,1,13423.849126
16917.906972,125,13426.221763
129445.763625,250,13430.993705
104807.284976,250,13435.790233
166385.415702,250,13440.639925
1877892.717154,250,13445.397811
5933844.280748,111,13447.511046
-135207.073757,1,13447.525953
136712.449989,250,13452.310891
-143808.352577,1,13452.331122
6059089.779952,221,13456.520459
-117548.276714,1,13456.528979
5878322.762239,152,13459.46364
2170162.431152,250,13464.224194
-155156.351067,1,13464.245236
178757.290383,250,13468.773392
5710755.704052,129,13471.129263
1315783.5808,250,13475.62438
-162119.126055,2,13475.670212
-137476.011392,1,13475.687922
6499679.176815,180,13478.94968
6257459.100861,154,13481.699175
6778528.021529,148,13484.322893
-135108.587268,1,13484.343604
168790.441283,250,13488.809963
7069678.271594,208,13492.543871
1405012.422279,250,13496.920764
-126361.963998,1,13496.934818
-135091.623312,1,13496.958409
6488431.518777,183,13500.214488
93660.101033,250,13504.764718
-144078.734095,1,13504.785195
107434.99413,250,13509.242939
99405.751412,250,13513.6733
140083.010438,250,13518.227628
-143926.004654,1,13518.252093
6657611.328295,195,13521.752263
148269.850053,250,13526.190158
6120479.848213,191,13529.700921
5711062.220344,167,13532.709708
6169425.233106,158,13535.451571
6836631.986732,166,13538.399217
5714827.567326,100,13540.142557
148328.131803,250,13544.571643
6219319.294209,129,13546.871222
6486130.780642,174,13549.962117
5747955.577985,128,13552.213043
-117651.133231,1,13552.234332
6319452.361408,229,13556.326121
130906.074169,250,13560.736371
-135188.053359,1,13560.753055
5857590.919261,95,13562.473185
6203452.080397,139,13564.899765
-151712.480312,1,13564.91986
6318993.230978,176,13568.015876
6850999.803926,239,13572.387363
7017459.82631,167,13575.363008
120537.199047,250,13579.818612
6403575.225139,148,13582.443412
5763271.11725,117,13584.544412
-126393.449277,1,13584.565642
6012029.725605,169,13587.803647
124756.27116,250,13592.693484
116275.041282,250,13597.488883
6191698.517519,135,13600.04862
6173517.083089,199,13603.948721
6037436.751691,158,13607.020553
121896.285051,250,13611.7746
5777229.696982,100,13613.704267
-173777.889204,2,13613.743456
-135261.589216,1,13613.761816
6310290.182128,114,13615.976215
6651816.299184,212,13620.107649
315834.663619,250,13624.930576
7060144.29986,248,13629.719712
848689.137674,250,13634.543772
6569500.992292,217,13638.77179
184174.399603,250,13643.572063
7527367.404277,186,13647.07605
-135110.031081,1,13647.097159
-143859.882645,1,13647.119779
5469511.59788,113,13649.250029
-117558.738801,1,13649.264026
6702414.714348,166,13652.393008
-108001.818561,21,13652.767193
-92480.695612,14,13653.032707
-117554.042596,1,13653.053355
6077349.787406,173,13656.339966
2326214.095183,250,13661.05075
2007469.727492,250,13665.736959
-126168.470849,1,13665.756483
172516.45934,250,13670.504188
-117549.274306,1,13670.515203
-192572.22464,2,13670.566258
-135124.5811,1,13670.576284
1888474.538864,250,13675.199187
-117598.068802,1,13675.222558
-117551.0244,1,13675.239403
5831050.690815,113,13677.388071
6128297.26764,130,13679.845555
-117547.505749,1,13679.865627
-95775.202593,20,13680.243125
-117555.2784,1,13680.261307
6663650.661311,159,13683.292318
5752817.481804,173,13686.571461
6851654.439191,143,13689.340334
-117548.791283,1,13689.359227
-126263.812751,1,13689.379352
146693.933519,250,13694.216859
-149116.229199,1,13694.237212
179674.379195,250,13698.966433
-135086.003309,1,13698.986885
6440258.958309,158,13701.991532
2065481.973101,250,13706.575435
325674.506368,250,13711.132307
-143832.388884,1,13711.140315
5992944.718544,169,13714.226863
6077411.618167,96,13715.994133
6228638.494294,230,13720.076651
5710023.006524,148,13722.711462
5759068.593782,141,13725.301368
6152128.314727,138,13727.813542
-135092.310435,1,13727.835068
-137213.023266,1,13727.857122
115169.751553,250,13732.35454
145868.021425,250,13736.840025
5975662.713825,169,13739.830851
-126378.112094,1,13739.850793
116123.155633,250,13744.388338
-401896.119469,250,13748.881003
-153579.244097,1,13748.895196
6215795.598078,95,13750.563107
-169882.14827,2,13750.593399
-173403.762599,2,13750.635276
6835186.375379,166,13753.588446
5977195.978585,106,13755.482241
127210.847576,250,13759.924141
121702.647279,250,13764.46859
-90302.730405,21,13764.839429
118377.964591,250,13769.391052
132807.721873,250,13773.943499
-135190.580195,1,13773.953828
126680.881711,250,13778.365674
-155192.432759,1,13778.388832
6765994.221381,184,13781.697461
136104.562717,250,13786.18481
6732438.898983,176,13789.312883
-146094.496203,1,13789.329746
91072.214128,250,13793.822956
6346835.554441,205,13797.503441
6486294.543162,162,13800.459186
117706.231018,250,13804.914541
5815877.828823,141,13807.357166
-184676.697881,2,13807.387042
500396.259055,250,13811.867195
7172534.991483,225,13815.985358
5596004.778159,99,13817.774471
-117651.440153,1,13817.794566
829660.837942,250,13822.319911
-158524.915493,2,13822.35713
-143731.362727,1,13822.377561
6810477.388828,169,13825.534541
66172.219291,250,13830.378978
-154254.749421,1,13830.405685
5603914.749748,123,13832.786491
6219163.592776,192,13836.447336
-126266.150208,1,13836.467568
6581945.919285,217,13840.678381
6244388.299868,129,13843.1276
1127193.736205,250,13847.936908
-133195.461545,1,13847.957427
107697.972066,250,13852.720621
123833.980311,250,13857.513666
208192.155461,250,13862.382892
-117551.405421,1,13862.400043
6245389.647058,140,13865.075351
-135206.555166,1,13865.096132
161484.246606,250,13869.958622
7028198.076615,182,13873.443906
6486728.258226,197,13877.289429
133022.516153,250,13882.024748
6125337.592803,212,13886.108658
6369731.114355,180,13889.53056
334269.955916,250,13894.256927
6006500.303715,248,13898.947808
5737864.963102,113,13901.089919
-113282.753048,13,13901.331428
6310502.370895,161,13904.411167
5906896.407071,112,13906.628684
5585636.151506,80,13908.1292
105880.735344,250,13912.757108
6457887.394297,172,13915.99355
-117656.133936,1,13916.024496
5612593.642048,42,13916.819639
143884.9595,250,13921.547885
6419012.429634,172,13924.853117
-152668.501647,1,13924.869158
553963.41564,250,13929.595672
6710306.161262,190,13933.278278
1392118.384698,250,13938.014355
6366800.812606,172,13941.26137
6417543.76872,214,13945.224675
-126271.808624,1,13945.243707
6096723.287262,166,13948.290884
5919125.195,84,13949.773345
-126261.417001,1,13949.791173
5956905.176241,108,13951.782002
-135166.968314,1,13951.812397
6604874.798018,139,13954.353338
1096409.420959,250,13958.86284
141597.80287,250,13963.37211
310979.965618,250,13967.848957
-156863.409589,1,13967.869299
546383.797083,250,13972.426748
6702248.672506,173,13975.476718
-126422.812952,1,13975.493704
106075.429084,250,13980.065541
6441341.92353,150,13982.742939
6959415.495336,170,13985.821564
6185923.325761,156,13988.559447
6021460.732351,170,13991.553551
735239.162975,250,13996.072978
6570145.769326,176,13999.298507
5982216.571093,129,14001.597929
126639.524491,250,14006.0913
5799342.525849,109,14008.033586
-168985.066291,2,14008.070746
109807.602175,250,14012.496712
6870317.568002,211,14016.196846
81847.989639,250,14020.637218
5569322.004526,82,14022.07016
5845705.26582,132,14024.453748
159952.541613,250,14028.90344
125465.620368,250,14033.296735
-133725.061269,1,14033.317413
-143878.91192,1,14033.327583
-152032.091577,1,14033.358566
117419.703507,250,14037.768408
6463652.626817,153,14040.497958
-117565.485024,1,14040.528513
-135028.895069,1,14040.538873
-126406.614246,1,14040.559511
-126365.347617,1,14040.586964
130915.024453,250,14045.035712
134281.950377,250,14106.537903
6403866.883785,152,14109.497825
-117560.82124,1,14109.511755
1569300.840735,250,14114.265003
-126270.273525,1,14114.28457
756248.243194,250,14119.120838
7179041.797272,224,14123.47344
735638.333036,250,14128.128946
7534437.873868,234,14132.415227
6777699.235126,176,14135.728487
6239370.199786,220,14139.959909
-137212.073985,1,14139.97936
-168114.752947,2,14140.010393
-135110.086932,1,14140.041298
-117573.594152,1,14140.051511
6485833.463623,153,14142.960564
5816315.05975,129,14145.429241
1473813.864953,250,14150.139438
-135086.097986,1,14150.160171
5478549.385407,131,14152.644476
5686706.429072,154,14155.581637
6994446.305121,193,14159.133315
119192.474449,250,14163.776803
6115355.405642,143,14166.534809
-146233.363368,2,14166.574974
5962441.946519,79,14168.079569
-160836.093268,1,14168.102418
-186715.336422,2,14168.129549
5940155.809273,109,14170.255234
-126295.500475,1,14170.276185
6569196.118034,206,14174.22402
6377005.724802,164,14177.338989
5844037.686371,115,14179.483948
-135143.02333,1,14179.499047
6133341.514625,229,14183.850815
5677263.443509,107,14185.806501
5916346.183089,148,14188.510375
122900.879751,250,14192.936143
1135819.770486,250,14197.474508
108796.611651,250,14201.966973
-126387.75488,1,14201.989506
1527547.798515,250,14206.426135
-117654.381284,1,14206.444298
5519714.084363,94,14208.119875
6004038.735476,172,14211.176553
-168162.477065,1,14211.204572
-117680.307836,1,14211.223251
118697.154027,250,14215.827878
126679.035661,250,14220.266957
886727.031566,250,14224.668689
-138908.878029,1,14224.686139
5875538.240646,166,14227.706515
254431.797542,250,14232.10837
6891704.433248,206,14235.804878
7042324.167976,209,14239.584062
6300047.263499,184,14242.853521
124317.190768,250,14247.466626
6326358.016674,182,14250.711255
7188648.341485,236,14254.929884
-117556.644553,1,14254.949994
103982.828945,250,14259.431094
6527731.525026,215,14263.244772
96070.073097,250,14267.645888
-166217.112166,3,14267.696771
109424.474193,250,14272.134183
-104238.956916,18,14272.437269
112431.669119,250,14276.843327
-97123.196445,14,14277.097286
68268.941531,250,14281.569825
117252.524642,250,14286.066097
115350.99477,250,14290.559166
6298082.739731,150,14293.183711
-135200.25198,1,14293.196854
156900.741792,250,14297.575716
-135102.527214,1,14297.589836
-179623.809169,2,14297.628399
934980.171833,250,14302.061593
6010869.711642,110,14303.992528
786442.114852,250,14308.833119
5876959.698347,126,14311.231317
-135083.503933,1,14311.249931
-117545.689336,1,14311.266737
-155073.041241,1,14311.280986
-139433.871574,1,14311.303345
6100483.58447,172,14314.646469
-126401.246849,1,14314.66829
155798.688802,250,14319.447081
528631.824238,250,14324.301191
6112791.354501,153,14327.23016
6156790.094444,105,14329.214955
6040597.150527,82,14330.823241
6586298.962763,213,14334.988727
156747.794395,250,14339.75232
131620.899754,250,14344.61853
1598160.53601,250,14349.371014
-117544.814337,1,14349.389998
6367557.285485,174,14352.673244
-135201.557842,1,14352.693213
106254.047152,250,14357.458584
6164978.368132,121,14359.796769
-117651.760163,1,14359.816277
6968615.997901,165,14363.031831
-135036.61001,1,14363.056219
6746521.073615,212,14367.052005
-117541.281091,1,14367.068418
-126265.063475,1,14367.088643
5842858.409347,177,14370.390882
-126268.787287,1,14370.408548
-126376.261114,1,14370.429073
-165572.40659,2,14370.474651
-150490.298234,1,14370.489791
1640901.8105,250,14375.190972
124562.608698,250,14380.014215
5754222.627249,200,14383.749576
131322.41612,250,14388.465034
5940093.278065,154,14391.404879
-126430.24756,1,14391.430752
140451.498799,250,14396.160208
5492415.047565,87,14397.778398
1149458.264501,250,14402.472523
-135026.129488,1,14402.493041
71673.166375,250,14407.28556
5821756.337087,75,14408.697754
-135097.914676,1,14408.716175
132605.327749,250,14413.456738
6775340.728479,243,14418.031616
145774.823029,250,14422.700779
-137825.498166,1,14422.710608
76702.255682,250,14427.27072
-135289.621674,1,14427.290185
-148089.722513,1,14427.310741
-117547.524715,1,14427.335008
96229.097931,250,14431.700984
115373.422957,250,14436.18629
117878.985735,250,14440.765464
5721360.598431,105,14442.646718
6626479.452688,140,14445.149066
5666538.529486,165,14448.068048
6497555.996599,126,14450.342897
-126262.00235,1,14450.360729
5827778.574182,132,14452.775289
-126384.156312,1,14452.795786
5790619.505088,82,14454.249505
6912886.683969,159,14457.074202
101187.128414,250,14461.578518
-126405.107227,1,14461.600502
127252.459897,250,14466.011371
-126166.695734,1,14466.024465
5813389.168769,156,14468.873011
6227105.373273,195,14472.359496
6192661.298262,186,14475.603189
6304555.482778,156,14478.397666
5816099.549974,140,14480.936484
-126373.751212,1,14480.946493
-168795.42864,3,14481.009392
5663562.378576,65,14482.204614
197959.820809,250,14486.590823
142791.665047,250,14491.117776
-156951.121912,2,14491.154617
-126286.818038,1,14491.172446
135774.082111,250,14495.652827
5797833.962993,219,14499.601206
-155130.255449,1,14499.619392
141274.874052,250,14504.059585
6316769.960112,223,14508.010279
5610287.362745,130,14510.336124
1912370.882668,250,14514.798123
122928.4437,250,14519.165365
245863.553789,250,14523.540321
831442.006967,250,14528.015101
-143808.373842,1,14528.035466
-126467.796852,1,14528.055688
5823701.01719,130,14530.337066
6838412.863108,210,14534.023236
-117557.281739,1,14534.043691
6022251.433419,218,14537.920722
182013.402856,250,14542.301009
124610.319838,250,14546.926286
6528647.589315,127,14549.356742
6292312.523859,146,14552.120083
-117647.34824,1,14552.138973
6040175.778021,132,14554.634534
108642.03218,250,14559.497306
89190.754351,250,14564.371561
-133240.538391,1,14564.391727
107057.186714,250,14569.131074
-143796.515982,1,14569.151262
5607717.675057,48,14570.07202
6283601.122876,138,14572.657261
-126306.439574,1,14572.677088
-135094.225709,1,14572.698382
-117663.359833,1,14572.712523
-195041.013409,3,14572.774773
109408.094646,250,14577.569981
70854.905744,250,14582.301581
5773499.153566,62,14583.531295
-117549.83513,1,14583.555236
6349037.885955,194,14587.304814
-117558.266028,1,14587.32502
-135033.985159,1,14587.344827
121704.630787,250,14592.189512
-117504.0789,1,14592.209848
5933118.092223,138,14594.88245
6780188.197183,187,14598.421818
-134988.371216,1,14598.442024
-117646.25983,1,14598.462532
6007823.798493,213,14602.533346
1072676.526492,250,14607.262357
6592168.310645,146,14610.024553
-155413.02338,1,14610.045078
7229350.248026,250,14614.763204
1325689.067152,250,14619.481015
-126292.043101,1,14619.50108
118772.458338,250,14624.191685
5832178.176418,235,14628.607101
1369673.276422,250,14633.222684
678570.472058,250,14637.968991
777542.290968,250,14642.682436
-117554.283709,1,14642.702022
-146718.325859,1,14642.720605
-135093.389978,1,14642.74339
-145702.49057,1,14642.761082
5990703.531317,104,14644.78627
6011665.821972,182,14648.284786
-117548.891344,1,14648.304954
-145947.691654,2,14648.344823
116753.076343,250,14653.111217
6011760.834444,105,14655.093371
6132589.3282,137,14657.65502
5751918.329385,122,14659.991858
-134995.030912,1,14660.010872
6941032.288964,197,14663.792024
83586.069726,250,14668.281488
6555259.524856,153,14670.978814
-117656.618403,1,14670.998244
6007602.196522,147,14673.677455
6276831.984238,143,14676.245939
132639.335578,250,14680.819466
223266.529157,250,14685.292051
-117549.62133,1,14685.313137
6398379.490054,155,14688.065498
6585512.121181,134,14690.498478
6708749.986512,194,14693.972121
-126266.172719,1,14693.99196
-155879.943152,3,14694.043079
113681.368267,250,14698.507343
464186.717234,250,14702.926023
5712895.461471,112,14704.938108
6270545.041976,140,14707.506203
1140624.41888,250,14711.996171
6673160.061108,215,14715.815979
-135276.753967,1,14715.827543
6591917.701728,186,14719.073072
94913.030063,250,14723.478165
5967403.162424,174,14726.555142
-144049.300075,1,14726.575168
124225.877049,250,14730.877612
-117644.002401,1,14730.89363
117041.067252,250,14735.370806
6930495.91827,202,14739.001113
-126455.383877,1,14739.024442
119766.200329,250,14743.362488
5590108.218555,162,14746.201405
-126191.707732,1,14746.211961
6229906.219623,150,14748.896152
6108747.461847,162,14751.832869
129748.00144,250,14756.234059
6614714.575494,169,14759.219161
5971397.118646,121,14761.329242
6206259.778779,143,14763.856269
115299.504532,250,14768.441473
111305.354647,250,14772.891835
145153.251621,250,14777.346916
5854430.841279,163,14780.229418
1900703.279154,250,14784.727809
124202.378607,250,14789.472166
-135101.43657,1,14789.496789
-117646.096548,1,14789.512978
6349402.659485,153,14792.452719
6225295.834292,110,14794.611738
119368.562186,250,14799.401002
7604798.218834,233,14803.841951
204065.228245,250,14808.646732
102313.698677,250,14813.47601
131893.089435,250,14818.290235
-135101.31272,1,14818.310875
127652.252417,250,14823.101193
56073.844178,250,14828.007573
1008568.328224,250,14832.811508
261768.312905,250,14837.645256
96288.254539,250,14842.470912
5732797.993588,72,14843.904408
97553.328216,250,14848.678885
2171169.15201,250,14853.399488
6095065.756444,128,14855.905158
-126242.619027,1,14855.929435
7146403.015299,227,14860.252036
977909.156926,250,14864.928734
-125377.819834,1,14864.952032
860923.429825,250,14869.664929
-117568.107706,1,14869.685368
163436.704013,250,14874.495058
6560187.418758,102,14876.37435
5561944.04216,125,14878.747413
6112716.678715,124,14881.071288
6552413.627206,188,14884.62281
6566454.072788,201,14888.474013
224778.558844,250,14893.229192
476204.761881,250,14897.839649
241567.169818,250,14902.627102
6405369.347421,183,14906.040392
6562416.393738,237,14910.34011
5875276.765168,165,14913.342268
88983.823291,250,14917.840361
102223.761129,250,14922.327016
120765.238274,250,14926.756434
261840.822375,250,14931.375025
-171237.910566,2,14931.412554
-117453.515535,1,14931.431778
6748114.162767,193,14934.95085
6196375.763696,144,14937.514157
134347.78197,250,14942.017893
-544606.547493,250,14946.476422
119951.747022,250,14950.927446
6030226.635083,129,14953.151899
-145631.098494,1,14953.172032
886700.225992,250,14957.550733
-117460.57809,1,14957.574318
5743071.47845,112,14959.586519
129837.399513,250,14964.097843
6392645.745603,170,14967.100372
6234779.20738,160,14969.851495
6711696.140717,145,14972.444323
-117559.930902,1,14972.460224
483184.424209,250,14976.944191
-156938.212658,2,14976.983324
7447163.141161,233,14981.161037
5656997.390601,63,14982.246049
889535.603216,250,14986.580349
-166695.345099,2,14986.609751
5919458.87153,175,14989.733358
5574657.888397,92,14991.402006
294442.392744,250,14995.910207
120975.421204,250,15000.409883
6888942.85844,192,15003.911553
-117595.430839,1,15003.931958
6133624.557483,178,15007.066331
-135139.917373,1,15007.083992
6214216.738623,121,15009.228184
145054.331609,250,15013.524646
7152618.129969,220,15017.400155
106146.609948,250,15021.875694
121753.063383,250,15106.01194
5805453.006149,177,15109.233526
6942790.019612,176,15112.55119
-135098.802982,1,15112.571782
6197154.004564,148,15115.232568
116457.373937,250,15119.655882
-126386.759873,1,15119.67018
112831.249561,250,15124.261672
125358.686775,250,15128.743471
6648692.770658,185,15132.050573
-117557.367658,1,15132.079533
-126481.738089,1,15132.094791
107384.042858,250,15136.459795
-151968.034775,1,15136.479393
5891462.306492,117,15138.657703
-117551.812191,1,15138.67807
115837.414553,250,15143.348294
5786945.01391,181,15146.401401
6025444.409696,119,15148.309161
-155279.424901,1,15148.333408
5701221.511201,142,15150.76365
5835607.763026,132,15153.17002
7116912.13475,229,15157.087433
-117668.273892,1,15157.106951
100290.960672,250,15161.514825
119086.297345,250,15165.810984
6100159.548289,157,15168.652964
1636994.485049,250,15173.119915
1382151.905015,250,15177.446857
5573527.984876,141,15179.930974
6572687.928949,184,15183.19522
-117556.127934,1,15183.217395
5961432.201616,191,15186.596205
-148015.765952,1,15186.606235
6499980.42525,249,15191.025065
6241095.857005,196,15194.654611
106629.517449,250,15199.118317
5893691.189311,121,15201.330199
5892342.340387,129,15203.662955
6010675.841619,178,15206.621773
155014.253053,250,15210.939256
-137728.551071,1,15210.953126
5640416.589516,157,15213.745543
1721788.382663,250,15218.157812
267871.219667,250,15222.435452
125038.591021,250,15226.799281
125919.020719,250,15231.046195
-117609.629082,1,15231.067003
1184966.383472,250,15235.405536
116651.247063,250,15240.945568
6532520.809645,162,15244.874574
6067052.53482,133,15247.515662
5816962.821907,109,15249.317179
-144088.33508,1,15249.335274
-163187.062119,1,15249.355853
118973.427818,250,15253.571677
5977894.301435,117,15255.483122
6876352.40584,186,15258.889988
116983.359086,250,15263.399502
69516.500979,250,15268.085402
5629287.939585,115,15270.290642
-159453.621418,1,15270.310252
-117557.365658,1,15270.32587
6002427.256271,149,15273.17552
216637.389754,250,15277.946133
6001360.257204,137,15280.51199
-126387.070528,1,15280.532401
150862.095187,250,15285.376759
189874.955597,250,15290.195825
7572409.329621,232,15294.605623
276348.761064,250,15299.37348
6097411.79341,134,15301.976851
-126362.594504,1,15301.996178
6379350.454877,216,15306.168186
425982.722806,250,15310.977515
7088702.280285,225,15315.285376
6478389.604588,141,15318.010306
139778.817649,250,15322.837922
-117544.03675,1,15322.861591
6475894.465263,154,15325.740489
109134.855757,250,15330.498402
6836346.285916,160,15333.529299
125383.546212,250,15338.279625
6121556.72337,169,15341.448534
5802931.09384,81,15342.96599
6794737.386416,195,15346.677737
6545137.999456,165,15349.863081
-135253.079339,1,15349.887784
6636661.87216,156,15352.859828
7004730.771881,199,15356.577469
5950877.807565,139,15359.233247
6034927.872543,224,15363.417632
132939.36328,250,15368.199142
6252582.222389,156,15371.215964
-143904.928325,1,15371.23845
131810.352369,250,15375.967241
106989.960271,250,15380.713572
-168674.706642,2,15380.750239
101891.665062,250,15385.517924
-135199.77927,1,15385.538005
-135192.797059,1,15385.558167
-134992.224741,1,15385.577975
6050036.553548,95,15387.217505
149362.451148,250,15391.67048
128900.346229,250,15396.196245
-117468.482132,1,15396.20483
138518.315068,250,15400.636788
-117669.38358,1,15400.65948
-137317.344863,1,15400.675152
-126318.259063,1,15400.697552
150557.333423,250,15405.090734
-137677.472742,1,15405.110999
154982.303348,250,15409.649384
128167.78633,250,15414.028511
302120.878468,250,15418.490905
6416392.479627,220,15422.494597
6324191.406915,152,15425.321051
-152240.939152,1,15425.341767
224447.642386,250,15429.863263
6339725.007352,198,15433.375526
-117552.45897,1,15433.390412
119324.649848,250,15437.846031
106511.447966,250,15442.399148
-135194.776023,1,15442.420002
82885.793737,250,15446.877852
127903.34448,250,15451.351004
128751.97188,250,15455.882395
-133758.292152,1,15455.892409
93858.456921,250,15460.458272
6071989.257761,121,15462.615204
6423480.090499,217,15466.512205
5766845.7967,231,15470.598027
5690277.665412,117,15472.655336
6371347.596364,175,15475.708183
543555.281282,250,15480.132207
5449590.700801,53,15481.133617
1648349.072421,250,15485.592101
-135295.853946,1,15485.617568
138217.842593,250,15490.06092
-117545.568561,1,15490.080127
126668.258399,250,15494.617275
80415.9066,250,15499.282761
6393140.098437,176,15502.367001
476637.02646,250,15506.96035
91293.200734,250,15511.742435
5890256.955978,162,15514.848097
5945793.707245,156,15517.86303
-497849.536571,250,15522.639581
-117643.76127,1,15522.667155
954226.456261,250,15527.508726
63290.443741,250,15532.323305
6421280.376236,168,15535.450607
6483754.291737,193,15539.155572
6510902.4144,176,15542.550161
6136336.257612,120,15544.853043
111246.617755,250,15549.633096
1841926.879387,250,15554.391727
1536959.964614,250,15559.118134
6534130.323434,196,15562.671247
62185.85243,250,15567.131653
187579.539232,250,15571.527349
5587042.7071,124,15573.785863
5481992.07448,134,15576.300713
835901.96434,250,15580.977126
6110689.297948,109,15583.018245
2532207.965894,250,15587.669214
2486219.647138,250,15592.440012
1495915.211716,250,15597.141589
-135199.687199,1,15597.151616
5860637.994514,117,15599.367316
6281147.597406,137,15601.974866
101990.537472,250,15606.805846
5899495.642904,123,15609.137868
5900724.782587,168,15612.253741
-154751.706429,1,15612.275002
-137733.758857,1,15612.297751
5905037.604041,160,15615.311571
1401491.073093,250,15620.071065
6601258.757479,186,15623.601856
6391526.285075,224,15627.571335
108592.361643,250,15632.002341
-124405.029617,2,15632.035631
6497059.240494,165,15635.009281
5669303.531026,126,15637.336034
-154522.746539,1,15637.356762
6848128.973212,180,15640.530195
1320298.339362,250,15644.920761
-126285.894135,1,15644.941046
115220.998155,250,15649.441323
-135098.969165,1,15649.460027
-117556.629993,1,15649.474905
-117544.814272,1,15649.494338
-135087.886214,1,15649.509471
75279.289154,250,15654.024296
549967.386379,250,15658.484194
6236955.143843,148,15661.196192
-143359.699368,1,15661.213884
-137808.005176,1,15661.233479
-126369.496908,1,15661.253981
5971026.029419,108,15663.209822
5910717.829194,191,15666.594447
673690.198323,250,15671.042589
108115.936694,250,15675.518461
2621963.098715,250,15680.125569
6381208.078028,211,15683.862043
-135149.730473,1,15683.882069
6038782.482534,104,15685.69778
5866625.541522,112,15687.644564
103487.210588,250,15692.122946
6753108.458426,180,15695.362803
91009.654109,250,15699.698675
6609185.553941,159,15702.501965
-135189.036364,1,15702.522144
-117550.837917,1,15702.542705
5966983.422515,146,15705.260742
-145811.301074,1,15705.278845
226840.635809,250,15709.741733
122243.725655,250,15714.043886
5986481.965986,226,15718.159998
5924600.57722,207,15721.67024
5920664.189412,151,15724.240108
5820991.810723,121,15726.369408
-117544.604904,1,15726.379707
93826.946621,250,15730.977937
5844094.651779,114,15732.990744
5714458.131468,68,15734.169927
120074.198727,250,15738.610644
6829979.903694,250,15742.779117
5851466.882436,98,15744.459958
-126366.332641,1,15744.474862
-135233.117252,1,15744.503811
131363.693089,250,15749.008919
128343.9873,250,15753.684029
-126273.927892,1,15753.703721
-143951.40758,1,15753.726192
5827891.575906,130,15756.188285
5852211.006834,156,15759.204453
-158634.777442,1,15759.227961
53967.385471,250,15763.853173
-145526.623804,1,15763.863185
-135145.72887,1,15763.892309
-117575.974383,1,15763.910214
-143922.252149,1,15763.927503
-155212.294585,1,15763.94662
6435878.514025,180,15767.246633
6858291.087669,236,15771.551411
7404567.578555,219,15775.458337
6136892.669073,129,15777.772964
-143915.955902,1,15777.793749
6092062.174047,220,15782.023191
5976475.327644,100,15783.92009
-136723.148134,1,15783.934126
330325.992548,250,15788.444469
-126283.24728,1,15788.461086
-126386.072291,1,15788.475396
133366.679782,250,15793.152507
127071.53306,250,15797.885235
6590959.819301,184,15801.425017
5564494.753075,63,15802.650257
-143782.071267,1,15802.669521
5515234.029968,90,15804.396728
-126264.229596,1,15804.417485
-157353.710392,2,15804.454878
2419976.618208,250,15808.983293
5870865.988048,185,15812.264836
-117559.238612,1,15812.2821
-117550.720963,1,15812.300352
6274194.537491,108,15814.320785
5580855.272366,50,15815.239817
-126365.682779,1,15815.263742
119563.6475,250,15819.586976
5613044.540455,134,15821.980533
104923.312481,250,15826.495508
161130.177986,250,15830.965705
6427112.91569,223,15835.009851
6073759.087932,246,15839.651924
-152625.939219,1,15839.67237
-134993.896459,1,15839.692807
5905657.866772,97,15841.519707
117836.110252,250,15846.071163
-117547.895348,1,15846.091637
98739.482261,250,15850.597373
5837101.227724,186,15853.909965
6869833.364426,192,15857.525717
109104.91787,250,15862.278783
99100.299244,250,15866.498515
80185.148236,250,15870.660395
-134129.159138,1,15870.671379
115346.207242,250,15875.078968
1412043.999135,250,15879.512298
6086628.221692,133,15882.017401
5947493.443492,193,15885.474901
106104.526292,250,15889.65238
6592470.808216,162,15892.532567
-135144.382455,1,15892.55325
7001330.058028,205,15896.010412
6030925.085648,125,15898.143312
6024884.413257,137,15900.558427
6111072.898315,161,15903.425807
5863366.361631,217,15907.167733
1858496.010627,250,15911.55575
-126346.011712,1,15911.565915
132282.013569,250,15916.057017
-135228.534321,1,15916.077623
-126298.439334,1,15916.087434
880091.834042,250,15920.641184
5555129.948548,97,15922.222466
-135083.540866,1,15922.242748
6337980.271518,235,15926.299106
5570020.375203,132,15928.534883
6159462.271134,115,15930.549654
-138283.913381,2,15930.586212
105583.600461,250,15935.154366
117207.039257,250,15939.518202
118335.486749,250,15943.905843
7231018.187995,249,15948.376949
-117552.329001,1,15948.398485
790616.178333,250,15952.780375
110545.740171,250,15957.28041
1159438.431422,250,15961.784629
119015.630094,250,15966.225342
5825851.401556,99,15967.961525
98816.420528,250,15972.39975
1851028.595243,250,15976.914049
-135201.946152,1,15976.934628
6147906.079615,175,15980.123299
-20607.25343,182,15983.32302
62852.441032,250,15987.949927
6887072.171043,201,15991.849963
-135088.034696,1,15991.870188
-135091.288559,1,15991.885421
5819940.2582,65,15993.123868
7540344.298052,243,15997.784647
-135041.531564,1,15997.815501
119239.115655,250,16002.653648
5621333.290232,135,16005.230378
6209731.652292,116,16007.420558
102821.286372,250,16012.192401
119590.444369,250,16079.211814
5633038.491445,63,16080.451414
6095910.108814,138,16083.052743
-155261.979686,1,16083.075259
6197341.378553,238,16087.602311
109625.034658,250,16092.33837
106469.403225,250,16096.940871
98585.349557,250,16101.813778
878424.666828,250,16106.39234
5937701.549501,145,16109.008994
-126473.074221,1,16109.029302
110035.351203,250,16113.551241
6688764.93725,208,16117.296408
107665.033186,250,16121.461813
-134995.783837,1,16121.494442
-117592.681789,1,16121.510417
5890508.656916,140,16123.862607
-143945.69221,1,16123.882794
5826732.02597,171,16126.821687
127534.314117,250,16131.078969
-140601.193998,1,16131.096244
-135096.48326,1,16131.115858
96265.973384,250,16135.592759
6523584.636355,150,16138.304272
-126374.392082,1,16138.318335
6742273.552101,182,16141.509689
5922306.291432,214,16145.316916
5904544.860439,103,16147.150559
6443458.29409,154,16149.842548
-135102.920153,1,16149.852453
74905.557794,250,16154.311136
6955891.810961,205,16157.922103
120588.233594,250,16162.499174
1424779.008266,250,16166.989223
-126265.115561,1,16167.002499
5954013.961501,148,16169.683493
125390.024708,250,16174.14029
-135111.889269,1,16174.160448
115256.304761,250,16178.637084
6506749.683489,162,16181.534555
76815.12879,250,16185.823356
-126371.429903,1,16185.841584
-117555.100139,1,16185.8613
-152720.887113,1,16185.881084
-143921.098096,1,16185.901177
130424.30809,250,16190.490756
6076880.305855,182,16193.825863
7160963.983043,186,16197.148464
132362.802046,250,16201.299528
-126268.077674,1,16201.317799
106291.100482,250,16205.723821
107037.018593,250,16210.246521
5831886.54075,129,16212.55308
128918.617639,250,16217.070538
6156799.301228,189,16220.328149
6514415.817258,228,16224.105714
6031882.24572,136,16226.599858
-117446.344954,1,16226.615277
-140857.640863,1,16226.645315
7143667.409872,183,16230.057951
-125287.59122,1,16230.078395
6495620.236561,118,16232.160222
6098023.484816,210,16236.0924
121128.472527,250,16241.000933
107082.810169,250,16245.402287
6128455.159739,101,16247.30567
6286614.506528,156,16250.021766
5857119.114037,114,16251.999479
6418338.451179,150,16254.803382
125006.833755,250,16259.59295
-135191.1329,1,16259.613549
5753493.815337,126,16262.012777
119781.714905,250,16266.812449
79623.008253,250,16271.633466
161741.622782,250,16276.409602
-141612.972209,1,16276.429699
115625.846335,250,16281.256924
6464509.589595,191,16284.944415
6583364.284347,160,16288.030294
5833633.907981,215,16292.126926
114807.082364,250,16296.803409
6690451.204831,172,16300.029798
6114969.658852,196,16303.730703
541004.515132,250,16308.373112
-117576.493793,1,16308.39336
-117547.668975,1,16308.415115
5640114.260837,169,16311.612446
55360.981725,250,16316.406096
101444.903587,250,16321.140965
105555.700303,250,16325.856653
127604.260712,250,16330.654732
5853498.206295,105,16332.647184
-117667.926474,1,16332.663254
5748012.312522,121,16334.904496
-126377.327298,1,16334.91938
6111289.020121,90,16336.604767
6171638.399582,177,16339.83864
944557.36618,250,16344.570577
5708551.928868,105,16346.503231
6608734.898929,154,16349.313338
129565.720002,250,16353.802954
5715646.550557,81,16355.118509
121537.016244,250,16359.396746
-448563.083805,250,16363.819291
-126300.702854,1,16363.839584
-135099.758934,1,16363.860181
97169.358561,250,16368.346163
118745.088544,250,16372.763826
-126268.006079,1,16372.783826
7149381.110214,206,16376.473935
105181.855622,250,16380.87153
6357255.473299,171,16383.868411
6146498.007231,141,16386.34808
123211.289236,250,16390.795006
6394848.398043,188,16394.140361
120232.379529,250,16398.520852
-155279.367649,1,16398.532001
6438926.723537,222,16402.446047
-117562.784113,1,16402.456087
6515792.805708,176,16405.583479
7278432.380985,250,16409.957751
6223257.99885,117,16412.051447
-143699.171225,1,16412.071949
6226658.566566,176,16415.17714
-117651.775609,1,16415.197179
6836155.826804,189,16418.646502
6294824.449478,183,16421.945864
6027588.807652,102,16423.743956
5618530.650621,127,16425.955688
6648998.020737,114,16427.988063
366246.781791,250,16432.3705
-156685.744284,1,16432.393081
5902591.595206,115,16434.339922
5907939.563887,151,16437.123338
6049817.416376,210,16440.632854
95044.223435,250,16444.781313
-117644.821286,1,16444.794861
6000066.575165,169,16447.690809
6407156.116349,138,16449.930032
-135145.913844,1,16449.950901
6355587.018444,138,16452.334
6244265.974846,132,16454.626785
1504214.237912,250,16458.907207
987229.149391,250,16463.39843
128035.349065,250,16468.081256
-117553.051701,1,16468.103219
5700387.198165,160,16471.180192
2958998.203881,250,16475.947111
-144052.803275,1,16475.966978
6210707.985804,130,16478.447031
5895183.018769,123,16480.833429
2401008.137849,250,16485.565604
-133136.835691,1,16485.593621
105176.171444,250,16490.36962
132254.571457,250,16495.234769
-156747.980192,2,16495.26469
6457767.402791,157,16498.2793
7172195.426666,239,16502.807322
494376.999612,250,16507.561498
6140835.508592,237,16512.059123
6396773.544398,186,16515.630036
107569.100492,250,16520.431605
6558736.829479,131,16522.963809
-126270.762774,1,16522.981586
5661988.175221,78,16524.504478
107481.7096,250,16529.299583
-135215.358744,1,16529.319728
5903960.610319,130,16531.780849
-152263.125349,1,16531.796027
-126475.926556,1,16531.816819
114172.686726,250,16536.481902
-117678.717775,1,16536.50576
6565363.289591,214,16540.629519
129011.723705,250,16545.467842
6232119.985285,112,16547.624336
-117545.01609,1,16547.644844
5952364.257747,150,16550.479178
5895055.097933,155,16553.39189
6513063.708521,191,16557.026428
6950136.976712,183,16560.519228
-154567.232474,2,16560.560634
6380737.08584,178,16563.969422
-117559.61035,1,16563.989438
121722.465488,250,16568.667716
6663841.435814,175,16571.905308
859373.610242,250,16576.702556
6767988.648794,205,16580.580418
2077464.611688,250,16585.275752
6534927.470508,203,16588.883939
5996988.591235,132,16591.180363
6193090.298098,135,16593.572265
1948595.293205,250,16598.190658
109981.292353,250,16602.722134
6627818.794754,175,16605.847502
-126279.292825,1,16605.872047
6099268.944113,167,16608.873112
225777.786011,250,16613.413136
5773860.700652,79,16614.862086
269607.55024,250,16619.368606
5463615.462253,101,16621.242707
-79563.974159,33,16621.834374
6909297.296345,196,16625.318537
-136799.163798,1,16625.328545
-117574.830601,1,16625.351071
2692791.548483,250,16629.900701
-126306.252186,1,16629.917949
-117545.668852,1,16629.931001
-165223.672589,2,16629.96801
149615.169223,250,16634.450197
6717957.217524,177,16637.646931
5665527.040227,176,16640.76486
-117560.520923,1,16640.786007
-135097.674633,1,16640.805021
-126270.855914,1,16640.825311
6107674.879317,150,16643.526297
-117556.922464,1,16643.549411
5766458.473518,130,16645.946533
6544559.805524,189,16649.31815
-117543.263551,1,16649.338308
6762824.67398,161,16652.177568
106413.858306,250,16656.598098
-117662.765893,1,16656.618161
6057565.202865,129,16658.928677
6386828.273712,136,16661.341306
1066114.185131,250,16665.790626
6879353.253225,178,16668.881562
6218971.189074,102,16670.693549
5502511.387542,60,16671.77536
6659124.696545,182,16675.005956
263522.166632,250,16679.451632
-117554.813625,1,16679.471844
220201.008692,250,16683.937244
5961129.400918,107,16685.873004
114703.360852,250,16690.189522
-152658.481507,1,16690.209986
121511.324343,250,16694.556374
7907669.393839,242,16698.788705
122195.292201,250,16703.234296
459654.006484,250,16708.002057
2755431.382709,250,16712.811281
6070948.844528,214,16716.882849
5750672.035844,105,16718.9403
5740258.451289,142,16721.648013
503866.278288,250,16726.353091
-135115.928709,1,16726.373696
6428517.75056,133,16728.922701
6471055.478095,233,16733.103707
6815886.128431,213,16737.217783
-135032.251124,1,16737.233859
6696964.514325,226,16741.590125
110801.074101,250,16746.398768
74812.288944,250,16751.181046
90455.757597,250,16755.911134
-135009.805193,1,16755.935604
5714794.557172,114,16758.123034
5601143.21205,82,16759.685069
123401.618845,250,16764.252845
5938769.914863,130,16766.713394
106284.986368,250,16771.373996
6271371.346703,235,16775.733081
-151816.680094,1,16775.753568
-155578.041338,1,16775.774039
124451.580729,250,16780.352244
-176855.600198,1,16780.371975
-152740.378849,1,16780.395527
5693486.381571,89,16782.0718
5771587.231618,105,16784.077614
5762196.626025,161,16787.123592
6141515.189832,247,16791.796806
76276.548447,250,16796.513783
6709434.888165,184,16799.961275
6810756.778591,188,16803.622118
6755695.478173,175,16806.717582
5699604.677882,113,16808.743358
5940986.240165,121,16811.165101
5719559.637514,135,16813.809604
6585664.278118,112,16815.960079
5931513.462919,169,16819.315877
-117548.035621,1,16819.332074
93989.946953,250,16824.21294
109087.815813,250,16828.984468
5839301.416303,127,16831.270741
-126262.522842,1,16831.28052
5810561.317482,186,16834.456721
6170673.779877,166,16837.303868
1999541.590071,250,16841.869888
84357.806486,250,16846.518215
-117668.496783,1,16846.542243
-126390.799003,1,16846.564518
-158322.991502,2,16846.657424
-117644.439797,1,16846.688208
-126380.450986,1,16846.714846
6214513.162833,138,16849.164925
29795.870113,250,16854.347723
5968988.755571,165,16858.549621
5870043.884201,159,16862.546149
-135090.62294,1,16862.564876
-126169.775632,1,16862.5885
113514.567984,250,16869.004768
351488.194096,250,16875.200104
-117552.072808,1,16875.220888
-125294.077972,1,16875.255064
121781.266184,250,16881.670328
5974474.952003,209,16886.882698
6140028.359481,153,16890.751515
5946052.66664,156,16894.535868
135596.648393,250,16900.668816
164491.834126,250,16906.990849
5686455.892227,75,16908.950433
-135127.2489,1,16908.974593
-134985.906811,1,16908.995281
6183040.787725,142,16911.731591
1028525.219623,250,16916.443553
139245.973785,250,16920.765071
123088.948692,250,16925.188487
-117616.296994,1,16925.213221
5978098.015937,191,16928.419605
6154430.092776,163,16931.247566
-146113.954155,1,16931.263669
1511375.07035,250,16935.762392
-135215.367246,1,16935.784134
5713039.106046,204,16939.670771
7195047.231778,247,16944.107733
5958360.796231,201,16948.698861
-117565.482943,1,16948.720888
5967757.894794,114,16951.356169
-117575.417526,1,16951.384606
-135214.550079,1,16951.413019
5772248.56463,182,16955.749752
-143928.631794,1,16955.773951
-126366.428605,1,16955.792877
-117563.519105,1,16955.813425
2343757.911897,250,16961.841265
1104424.668475,250,16967.669572
6092373.990212,123,16970.618341
116779.907395,250,16976.499292
6260130.42523,171,16980.488384
111107.217653,250,16986.248593
6012770.547567,111,16988.934861
-143909.920853,1,16988.964326
98985.564834,250,16994.658217
5650151.469418,74,16996.441618
5799577.71433,139,16999.777613
6492894.882521,173,17003.971866
-175290.12279,2,17004.023068
-126262.376001,1,17004.043496
65989.550432,250,17009.066813
118967.952769,250,17013.892244
-126306.743197,1,17013.910264
6217266.037233,231,17018.40569
6952858.370865,216,17022.48366
-138157.187234,1,17022.501869
2268600.279709,250,17098.453783
5912243.092366,162,17102.514907
6368009.780907,140,17106.100496
6120163.815194,185,17110.830701
-117543.931811,1,17110.854441
1098557.794466,250,17117.065512
-143922.279929,1,17117.095922
6228770.326329,150,17121.185596
104419.038703,250,17127.262811
-117546.455357,1,17127.303306
5890056.001005,138,17130.54523
5937344.886043,161,17134.418207
5714092.301339,72,17136.14514
