#{"t_start": 1761518847.1066954, "env_id": "PulleyEnv-v0"}
r,l,t
-155237.953377,1,1.165656
-140658.168749,31,1.338882
-103671.280732,28,1.505302
-154070.439836,1,1.513931
-97978.123888,37,1.718453
-132424.518608,28,1.862947
-75113.21208,66,2.229445
-165596.765188,2,2.239805
-72986.361911,76,2.647195
-92691.603248,23,2.776085
-117571.505426,1,2.779085
-135138.832623,1,2.788298
-137331.532622,17,2.875947
-101758.548332,23,2.996129
-94512.892916,18,3.087219
-99898.663909,25,3.222876
-115311.765265,17,3.312996
-142832.291028,1,3.31771
-90240.791744,52,3.587568
-126341.688373,1,3.605663
-117671.166497,1,3.613836
-83132.850413,35,3.79705
-117556.40905,1,3.803385
-82700.850661,74,4.208548
-94040.096205,33,4.388026
-99601.43083,19,4.495197
-63983.938619,61,4.832103
-112835.085767,24,4.959748
-94191.304121,20,5.068202
-67111.262309,80,5.480847
-90531.116788,15,5.560794
-95547.092685,15,5.639748
-64581.847104,79,6.090993
-84915.012335,20,6.203317
-53947.938264,64,6.592732
-117553.435103,1,6.60312
-39110.574019,148,9.19794
-92455.253667,21,9.565423
-89426.916814,17,9.844334
-143991.948765,1,9.865696
-91452.961692,28,10.329678
-95398.209011,48,11.115673
-87468.628287,22,11.528856
-133979.096366,1,11.545491
-100090.976908,15,11.826977
-134994.066209,1,11.844733
-170168.270364,2,11.88521
-95950.683093,15,12.148619
-100252.040626,15,12.405859
-117666.892036,1,12.423937
-125825.187502,37,13.098765
-104017.029046,22,13.519372
-99242.855271,14,13.788064
-92133.346305,12,13.990564
-94857.738377,13,14.222419
-102776.321398,20,14.601887
-84449.526552,56,15.586739
-61921.199883,65,17.052038
-91896.042068,25,17.607842
-80833.598987,30,18.201488
10162.206681,111,20.139215
-80635.699241,29,20.636192
-104119.953603,30,21.196901
-58092.762616,63,22.285769
-96600.794117,18,22.579286
-117666.285082,1,22.59479
-135095.741481,1,22.611141
-81686.398219,19,22.924706
-88421.693621,24,23.379836
-27995.574373,104,25.284578
-73035.358136,41,26.05043
-117553.600066,1,26.070101
-135234.580857,1,26.09102
-117662.270872,1,26.113266
-78739.053672,41,26.864779
-117548.889537,1,26.885543
-53477.83826,48,27.760719
-58304.086867,76,29.123491
-90425.951619,20,29.494786
-92397.067748,18,29.826725
-91421.392563,28,30.32504
-92562.293427,18,30.649951
-91360.107484,53,31.576209
-65205.701842,77,32.929868
-108900.157979,58,33.932977
-95259.467909,27,34.417775
-119431.120343,17,34.725456
-87721.626743,32,35.359131
-117567.411716,1,35.369201
-126307.969408,1,35.393298
-126225.970594,1,35.4165
-94387.217907,17,35.755917
-79900.586527,49,36.565991
-76224.025018,73,37.847193
-66727.23905,46,38.727562
154198.822801,250,42.905222
-117549.540179,1,42.925388
-83493.662724,34,43.473718
-104791.550604,47,44.277711
-91677.682168,19,44.58713
-87874.25694,36,45.189604
159074.20961,250,49.708663
-57512.206967,107,51.540208
-126343.752969,1,51.54637
122659.67917,250,55.758791
20931.80227,233,59.786885
-24072.392985,189,63.106473
-137531.208172,1,63.123709
152398.737106,250,67.587497
-21081.327281,151,70.25384
-135006.828626,1,70.274368
136908.824851,250,74.73373
-137304.333204,1,74.753883
-117574.825071,1,74.762375
108001.42959,250,79.015285
130989.599607,250,83.597375
-117551.505543,1,83.607404
-117544.633287,1,83.627553
132122.879085,250,87.90906
-136936.210501,1,87.929115
147695.807717,250,92.426369
-134992.152281,1,92.444736
120357.094305,250,96.996283
-21999.479676,179,100.195172
-50159.433845,101,102.034458
136447.180465,250,106.478865
-179863.20434,2,106.519183
-23648.8898,135,109.050549
-135239.054761,1,109.076245
174826.005784,250,113.80386
120566.708376,250,118.542743
-155141.66737,1,118.558291
-142170.058149,1,118.58027
-135190.204395,1,118.604524
151234.887632,250,123.360702
-152785.501872,1,123.377791
1266.371363,157,126.410309
-36232.46306,152,129.177649
41545.259782,238,133.52729
-170294.270238,2,133.557621
44851.776594,200,137.184326
-107930.983057,37,137.875843
-41760.835714,109,139.763343
154961.126088,250,144.241563
46301.890928,239,148.605755
3327.227372,182,152.253868
-67074.9324,116,155.832676
-76755.881247,51,157.196217
14112.181038,211,162.893624
-13014.678854,115,165.908399
-22042.811222,122,169.10369
6759.859269,170,173.154875
-135137.47827,1,173.183147
-50181.169117,92,175.419104
1031.215081,171,179.537636
-58761.815767,113,182.055413
-117451.212364,1,182.075083
-62431.706432,92,184.222987
-71200.59684,86,186.259191
-95737.542453,63,187.718913
-70591.922103,115,190.459781
-59958.903111,77,192.35685
-80415.583307,58,193.73215
-91378.428866,84,195.706984
-134972.375405,1,195.737293
-51703.946626,96,198.005649
-135210.107164,1,198.031332
-174626.383239,2,198.107761
-52673.723726,111,200.743835
-38094.981804,105,203.101647
-46749.546494,163,207.024601
-117552.634769,1,207.040451
-60210.732304,51,208.156027
-117544.655463,1,208.179377
-126271.647753,1,208.20891
-26339.856607,117,210.9431
-99266.916513,47,212.056409
-27137.118609,141,215.456613
-78212.797021,45,216.671948
-105716.991263,43,217.632972
-21219.002202,122,220.720517
-135083.158923,1,220.750619
-35564.823504,125,223.591727
-83194.913552,74,225.280697
-112018.59198,43,226.331676
-68049.74096,77,228.231966
-92078.860909,53,229.47635
-134990.222767,1,229.496183
401.629626,181,234.224172
-44769.285677,119,237.241652
-117570.269465,1,237.274522
-163765.897143,2,237.332539
-75359.060344,79,239.338287
-97529.913782,10,239.583668
-63399.731858,79,241.102293
-24429.999267,234,245.277004
-135093.67932,1,245.3012
-53084.318794,99,247.029229
-48645.134206,99,248.745949
-65163.618008,76,250.031955
-211271.703554,3,250.098454
-32340.797185,133,252.349259
-50920.552504,77,254.104772
-117549.040166,1,254.129046
-143970.773339,1,254.153482
-84560.841964,47,255.403642
-62421.032374,124,258.669348
-46051.010295,89,261.056405
-106237.412878,30,261.87612
-126365.149478,1,261.903913
-135201.850253,1,261.928134
-98958.808809,58,263.527838
-55876.655332,77,265.367588
-73155.855527,140,268.876773
-107121.510509,34,269.752802
-135108.409529,1,269.775511
-2032.706017,146,273.434381
41853.943683,185,278.044443
-135198.463043,1,278.078713
-135226.098436,1,278.101205
-156341.24107,45,279.218095
-117456.073176,1,279.248426
-32066.600787,127,282.351626
-117642.425822,1,282.372036
-26187.522692,166,286.5675
-156763.643413,2,286.607526
-77228.792954,79,288.546476
139297.539995,250,294.629078
246706.361846,250,300.7984
-3201.896704,160,304.769137
-117446.465293,1,304.789536
-75674.674877,51,305.96596
-68818.212585,118,308.719744
117579.586771,250,314.761522
39864.998619,195,319.531381
-154999.280421,1,319.55624
-149320.087568,1,319.58314
99080.099575,250,325.519998
209572.577776,250,330.975889
-141912.981548,70,332.695602
-171206.20474,2,332.742764
157834.710217,250,338.836894
132553.850633,250,343.987255
-18548.155032,145,347.305713
104258.462571,250,353.106892
-135085.790627,1,353.133211
169479.756857,250,359.362775
127491.043089,250,365.326676
172510.703755,250,371.281225
-126184.295395,1,371.305483
138909.216925,250,377.221059
125126.835362,250,383.502641
-117568.468801,1,383.528287
-117656.088114,1,383.557496
119409.093386,250,389.515461
131398.440695,250,396.530461
122780.873419,250,403.386685
-117552.758021,1,403.406223
151814.078582,250,409.114017
110548.11327,250,415.057352
-151232.278323,1,415.076251
109157.474761,250,421.178606
-135122.248972,1,421.205456
292884.270201,250,427.239784
-135133.559954,1,427.262492
-175704.599959,2,427.310789
48236.813099,250,433.316049
153599.652328,250,440.259597
-152640.36788,1,440.280364
-136482.455128,1,440.299302
127815.332895,250,446.542826
124822.573422,250,452.211914
-126171.571829,1,452.241902
-117552.657446,1,452.261243
184115.12563,250,457.894083
126456.275558,250,463.811904
441989.007779,250,469.715785
248780.440923,250,475.378921
156606.810112,250,481.347495
115855.318533,250,487.322428
132654.203878,250,493.514302
118746.046198,250,499.944575
122016.847724,250,506.189241
190548.48542,250,512.002677
195942.013758,250,518.198539
-135190.792451,1,518.247036
-137635.102963,1,518.271077
134164.06692,250,524.365581
109622.79347,250,530.596542
-133082.820194,1,530.624595
119753.806307,250,536.506575
117201.520419,250,542.645413
106137.452061,250,549.136309
-155218.776251,1,549.169451
-117553.70948,1,549.197236
334658.654693,250,555.781769
-117555.951029,1,555.805085
127506.393511,250,561.88134
-135107.030856,1,561.909017
-135189.531177,1,561.941519
442310.579619,250,567.654397
326500.283387,250,574.28268
361839.427975,250,580.915807
123023.667439,250,587.254396
323203.468286,250,593.854701
-126291.173549,1,593.880996
456438.103059,250,600.799553
-117556.377776,1,600.839521
116091.373215,250,606.638987
341664.58841,250,612.546895
129496.495806,250,618.850667
488489.477853,250,624.885569
131626.155028,250,630.475827
187339.470813,250,636.24575
114338.951771,250,642.115784
349520.007492,250,648.046199
-117541.542415,1,648.067253
-117456.132664,1,648.095507
128323.804558,250,653.626468
-135108.339916,1,653.643669
-135013.595829,1,653.667551
360459.307102,250,659.559143
159955.235532,250,665.580257
148071.713021,250,671.500195
-117550.023287,1,671.520775
347414.753485,250,677.400427
-135119.748141,1,677.423489
310340.399846,250,683.338945
-135111.823169,1,683.360947
281616.761857,250,689.329509
460077.187662,250,695.180471
530993.775321,250,700.684269
-164216.147752,2,700.737937
481826.073045,250,706.765089
105336.861082,250,712.581431
-126367.512786,1,712.603016
521513.164246,250,718.58176
132523.93987,250,724.673182
131859.48749,250,730.300178
481939.686821,250,736.517704
116749.558112,250,742.760264
-126315.725931,1,742.779701
181791.404934,250,748.925402
-155176.879829,1,748.951589
121547.651187,250,755.151994
368602.451312,250,761.342991
132389.432843,250,767.60218
-182442.969114,2,767.643148
468563.682178,250,773.515088
130346.772302,250,779.617923
288923.457132,250,785.522863
435163.628242,250,791.53379
-183557.668908,2,791.58148
447398.072779,250,798.314187
335047.794083,250,805.366598
102328.595025,250,812.58521
243036.541895,250,819.001823
113166.612866,250,825.619105
-135101.442573,1,825.641094
121640.407567,250,831.564442
105761.099302,250,837.452135
468703.961612,250,843.258231
-117553.988814,1,843.275271
254547.356641,250,848.705681
632957.94015,250,854.721428
194719.131667,250,860.669961
-158465.013624,2,860.719954
-201933.20965,3,860.79922
152644.157572,250,866.788278
-126301.074008,1,866.815535
191191.032419,250,872.864973
129980.200152,250,878.840081
-126376.156243,1,878.852138
555774.012107,250,884.461941
-117650.707358,1,884.474635
304458.144004,250,890.617184
-143924.648873,1,890.646811
-117550.500099,1,890.671429
-125268.380303,1,890.695707
606769.389028,250,896.764977
451477.215249,250,903.611207
-157964.764238,2,903.686677
244321.542335,250,909.844018
589299.299089,250,914.502569
-143908.426739,1,914.521541
424596.740121,250,919.140192
499484.725839,250,923.793934
179358.933936,250,928.326603
346189.275907,250,933.041251
380168.135727,250,937.736967
146142.483137,250,942.549159
117768.891201,250,947.182272
-126471.595845,1,947.200588
126170.469426,250,951.622637
-137759.558399,1,951.639558
-135096.626157,1,951.661429
-126279.870585,1,951.682427
591457.388673,250,956.099679
-117559.018739,1,956.115016
699939.121063,250,960.759208
639844.587119,250,965.294374
-117552.151537,1,965.315361
115303.70896,250,969.930555
497629.622787,250,974.564078
206835.680313,250,979.119887
-117546.258662,1,979.137702
759525.139887,250,983.504899
-177040.290442,2,983.543422
670963.951972,250,987.803523
-117557.409414,1,987.824938
438301.63305,250,992.161754
111897.633286,250,996.602762
-117566.296586,1,996.613818
554928.717625,250,1001.178155
392556.94211,250,1005.702543
-117645.706695,1,1005.718559
352191.866793,250,1010.286284
117496.670844,250,1014.757152
666078.831268,250,1019.278268
378149.592683,250,1023.526745
129843.298708,250,1028.031285
-126269.060536,1,1028.041993
279676.475187,250,1032.540408
-135191.250091,1,1032.566247
-155295.780007,1,1032.586313
336500.158351,250,1036.983063
607761.594938,250,1041.268719
450310.56672,250,1045.752224
329940.864001,250,1050.290587
567897.309005,250,1054.639683
340449.161116,250,1059.052962
788063.867484,250,1063.361941
226553.953937,250,1067.868615
-135088.303604,1,1067.878944
344939.662757,250,1072.380394
-153252.015148,1,1072.40088
824858.435533,250,1076.917883
728375.207486,250,1081.742312
-19745.013384,139,1084.462041
-137516.59577,1,1084.487835
-135132.906037,1,1084.498001
-143915.038477,1,1084.52565
551840.993036,250,1181.815944
105631.681106,250,1187.820098
109777.215379,250,1194.369733
-126397.843941,1,1194.393517
451092.022578,250,1200.64373
487271.029289,250,1206.9608
525001.856277,250,1213.063047
374999.235448,250,1219.362969
476895.481809,250,1225.680093
60068.108043,250,1231.864491
751162.007613,250,1238.212714
125923.652851,250,1244.197157
536058.829367,250,1250.296432
589441.127772,250,1256.482752
529547.6121,250,1262.645242
-117551.484459,1,1262.662658
673412.367781,250,1268.906821
-117555.991509,1,1268.931838
124456.654352,250,1275.124451
117357.637918,250,1281.123755
-135192.958827,1,1281.150783
119651.95618,250,1287.363234
648684.153531,250,1293.388353
-152125.595853,1,1293.413634
322288.685217,250,1299.461907
127678.136236,250,1305.528023
642247.520998,250,1311.493062
126367.715988,250,1317.460355
-126293.753351,1,1317.47376
739160.872524,250,1323.610245
-143926.223847,1,1323.636754
560697.869624,250,1329.680638
704479.693073,250,1336.180166
508079.426388,250,1342.244371
126008.124867,250,1348.304512
110586.546317,250,1354.544579
483746.387929,250,1360.576977
685443.279275,250,1366.318137
747793.121653,250,1372.39277
595536.119541,250,1378.330995
-126302.02609,1,1378.358485
114994.64612,250,1384.31957
-117662.091468,1,1384.341428
912408.273638,250,1390.422629
658915.291351,250,1396.473014
512103.719722,250,1402.49088
611602.251674,250,1408.640271
-155240.077331,1,1408.665049
-3179.541452,181,1413.251167
-126284.739631,1,1413.282318
-135088.01622,1,1413.301328
-135120.103427,1,1413.331591
492435.055474,250,1419.627811
280430.515221,250,1425.871665
-126163.987608,1,1425.899048
693754.660881,250,1432.080794
-137070.067652,1,1432.107921
118541.3841,250,1438.430678
-147850.77944,1,1438.461166
-126375.300646,1,1438.491735
335478.592519,250,1444.696838
128571.87492,250,1451.011976
-117551.378297,1,1451.02975
-135090.561219,1,1451.059937
119655.346245,250,1457.282994
663876.494228,250,1463.503279
506773.360137,250,1469.727147
681141.5334,250,1475.95272
450024.737926,250,1482.238605
431520.190702,250,1488.36054
-117545.485562,1,1488.380698
960606.580233,250,1494.669063
467345.304753,250,1500.862042
1056915.327496,250,1507.268517
236065.940603,250,1513.554725
365093.999015,250,1519.739546
115437.859359,250,1526.176044
-117656.773858,1,1526.205379
469865.860841,250,1532.314198
706784.459004,250,1538.593684
702184.564645,250,1544.661179
-143920.692422,1,1544.681785
678980.533915,250,1550.707288
787795.325109,250,1556.715424
819116.367793,250,1562.620072
-137560.887848,1,1562.643969
-137515.311173,1,1562.663572
-134990.372669,1,1562.695386
-143915.744308,1,1562.718616
861289.375885,250,1568.86782
736518.809785,250,1574.737955
589753.70262,250,1580.671725
-155266.972798,1,1580.697103
-155379.341256,1,1580.721545
612963.956699,250,1586.711758
566604.90975,250,1592.79741
1475832.608774,250,1599.183894
676059.359688,250,1605.304426
721806.824357,250,1611.251179
1003551.046636,250,1617.418288
177486.46002,250,1623.45047
85327.449798,250,1629.397649
116445.712746,250,1635.39485
904746.423645,250,1641.50186
-117552.720517,1,1641.521934
542258.335118,250,1647.582718
-126372.833475,1,1647.607502
889033.375479,250,1653.623143
553970.577505,250,1659.721663
-190583.328907,2,1659.772463
-135009.902747,1,1659.800887
807391.592911,250,1665.817254
451836.238669,250,1672.084963
753760.100353,250,1678.293618
781821.658944,250,1684.757894
607642.883494,250,1691.005034
-126403.383527,1,1691.02563
135333.496404,250,1697.116627
871989.977832,250,1703.288049
130508.552945,250,1709.155612
628255.475205,250,1715.207815
663819.411852,250,1721.227526
925479.787,250,1727.410098
661548.947731,250,1733.480096
790148.872019,250,1739.477968
941122.975097,250,1745.731852
720255.497081,250,1751.656814
822839.710662,250,1757.724292
-117547.097264,1,1757.744634
127063.810745,250,1763.774261
-137637.792876,1,1763.795388
819795.433205,250,1769.779525
710293.651734,250,1775.836126
880086.143979,250,1781.854674
260813.738004,250,1787.943988
972397.901081,250,1793.989392
-138799.234109,1,1794.017733
883083.995004,250,1800.011404
849191.930892,250,1806.106207
134960.310956,250,1812.278125
-126265.698465,1,1812.302546
-135244.067103,1,1812.328655
-135039.518036,1,1812.348826
-126292.965004,1,1812.369431
1300297.833121,250,1818.257542
762661.366346,250,1824.058
123144.605801,250,1829.982919
119656.85257,250,1836.072639
62788.392562,250,1841.919836
1090173.775977,250,1848.051236
901885.743106,250,1854.078361
752256.817457,250,1860.389865
337023.334249,250,1866.413797
-179315.654077,2,1866.462892
409073.495029,250,1872.538014
776988.790536,250,1878.699653
-151211.521346,1,1878.723994
-360675.758964,250,1884.740051
127484.108214,250,1890.945999
1295258.260832,250,1897.145572
130601.974371,250,1903.094082
88364.90666,250,1909.160325
1008635.893123,250,1915.362121
1013764.317036,250,1921.478811
130501.656729,250,1927.755754
910937.212872,250,1934.213167
733713.702411,250,1940.365274
-117648.813544,1,1940.386293
154155.245215,250,1946.69404
1271110.122227,250,1953.070526
117145.224385,250,1959.238375
1037452.894627,250,1965.435851
98072.18041,250,1971.610412
935351.334007,250,1977.996991
992160.63605,250,1984.360634
-162727.574735,2,1984.410811
128246.120553,250,1990.693056
1009437.59375,250,1996.951072
1229779.758297,250,2003.106682
-155389.58343,1,2003.134501
-135098.979872,1,2003.158071
869835.504496,250,2009.412426
124916.425928,250,2015.497907
898516.330162,250,2021.588756
705339.13633,250,2027.723079
1085187.70264,250,2033.716567
-117453.554361,1,2033.736859
428928.658363,250,2039.65395
135120.430286,250,2045.717532
-125284.873116,1,2045.746967
1472650.647124,250,2051.657212
1228528.864126,250,2057.829059
-135083.940915,1,2057.85627
768542.818963,250,2063.803031
1185767.530358,250,2069.889187
992296.671671,250,2075.889823
1265594.213499,250,2081.969919
406171.435357,250,2088.032541
926401.724498,250,2093.878558
72618.265956,250,2099.815115
-126387.170085,1,2099.836532
875224.6014,250,2105.840551
-134992.439726,1,2105.86833
-135117.426522,1,2105.889378
-136056.164356,1,2105.912882
688052.389354,250,2112.043374
1040592.081036,250,2118.313806
1035050.142225,250,2124.511622
-126260.870267,1,2124.543522
1375983.482904,250,2130.639662
364944.029649,250,2136.799833
-117577.399576,1,2136.818659
1270652.825415,250,2142.897839
51580.594678,250,2149.014211
1673528.767036,250,2155.351871
-189418.479989,3,2155.426004
-135201.305503,1,2155.450437
1467248.686683,250,2161.793211
132089.328942,250,2168.023793
1415994.179535,250,2174.348461
1648461.33668,250,2180.564911
339987.592302,250,2186.885465
926136.876415,250,2193.219274
266373.470006,250,2199.505153
1131570.69107,250,2205.953373
-126377.485248,1,2205.973922
1065850.12086,250,2212.356942
-117642.792793,1,2212.382691
129165.184119,250,2218.733575
1219891.677413,250,2225.006707
-176614.689707,2,2225.059412
-125635.331703,29,2225.745014
-117572.424778,1,2225.768936
999022.959586,250,2231.855779
-126367.625322,1,2231.877868
109910.779266,250,2238.341444
-117566.580603,1,2238.371791
-117550.302879,1,2238.391898
1177378.810865,250,2244.617782
1035513.944087,250,2250.87296
131711.370949,250,2257.289938
1510761.382186,250,2263.594631
1000896.611112,250,2269.670846
1033879.389747,250,2275.465471
104587.759009,250,2281.708316
1255343.033837,250,2287.645452
1134024.381867,250,2293.700944
-145843.471806,1,2293.725044
1155730.861633,250,2299.577486
-142873.775486,1,2299.598131
346879.182151,250,2305.707036
431924.099674,250,2311.756154
1182144.949643,250,2317.839206
-137615.579711,1,2317.869511
1496383.235766,250,2323.95702
-126376.22021,1,2323.988383
1167527.569625,250,2330.079187
1033463.34381,250,2336.28508
161635.832562,250,2342.477449
1152403.486754,250,2348.651161
1259904.628609,250,2354.706727
1119470.292894,250,2360.686935
118067.43755,250,2366.851161
1129666.141645,250,2372.841979
1284147.845868,250,2378.880898
1136663.195362,250,2384.956462
1454460.660874,250,2391.272542
1158123.15414,250,2397.847038
1170638.730145,250,2495.136
984065.954624,250,2501.593716
139091.505404,250,2507.947899
-143821.384638,1,2507.966181
1268415.413959,250,2514.174384
1435982.594781,250,2520.305272
-117566.686577,1,2520.336716
1401923.855661,250,2526.574381
-126374.75454,1,2526.61456
225793.317431,250,2532.700485
1262389.209453,250,2538.759221
-135024.321781,1,2538.789804
1062014.788322,250,2544.556011
1212324.227303,250,2550.35346
-155102.383274,1,2550.373955
-135099.955922,1,2550.408454
524476.736475,250,2556.184933
119086.950275,250,2561.99205
-149823.046618,1,2562.017716
1977766.89839,250,2567.915035
133926.274543,250,2573.968057
1779445.099586,250,2579.78167
-440604.52091,250,2585.824173
1601359.431236,250,2592.071609
1053524.277293,250,2598.357208
174599.027781,250,2604.415079
1369975.753738,250,2610.529491
1322632.326755,250,2616.658511
1308555.618686,250,2622.787629
1505027.024704,250,2628.921092
1701121.767649,250,2635.198347
-126262.22309,1,2635.238935
917714.263326,250,2641.729011
1133549.398974,250,2648.170006
1356107.744604,250,2654.4969
690170.691577,250,2660.826114
1164322.97148,250,2667.240837
117252.78241,250,2673.549461
1642881.356164,250,2679.898491
-135161.043299,1,2679.928474
891418.392045,250,2686.268588
1681183.767989,250,2692.518701
1203779.682905,250,2698.648855
964964.880105,250,2704.920913
530809.152718,250,2711.31206
-126387.209131,1,2711.331862
1312381.932861,250,2717.735223
612524.401088,250,2723.482688
1010763.390541,250,2729.454106
-135218.5742,1,2729.482182
1778034.211739,250,2735.714607
1558749.34727,250,2741.834598
-117556.678814,1,2741.853635
-140200.685389,1,2741.873986
931662.719934,250,2748.06673
1911972.367886,250,2754.011083
1464270.249344,250,2759.994667
-149238.530298,1,2760.016704
2048258.500813,250,2766.061399
1875271.450724,250,2772.237314
1906956.925466,250,2778.470698
1886650.154511,250,2784.678509
1729174.698845,250,2790.990149
2125343.07794,250,2797.204443
1996464.990741,250,2803.370833
-133774.771862,1,2803.39554
2023331.007748,250,2809.377202
2002448.519667,250,2815.471148
1875117.60848,250,2821.489553
1110390.073316,250,2827.711218
2063497.835039,250,2833.77647
1423062.762001,250,2839.882761
283911.117819,250,2845.801636
1063603.18709,250,2851.87167
1059139.648065,250,2858.001362
2067412.818999,250,2864.199988
1689168.586752,250,2870.400904
-145933.475598,1,2870.424432
-126277.762735,1,2870.44966
2586222.096998,250,2876.689773
1825636.423017,250,2883.117507
-117549.971181,1,2883.147241
1750755.833496,250,2889.547865
119230.209084,250,2895.829806
-135235.057052,1,2895.860674
1771370.218358,250,2902.163958
-157556.891846,2,2902.209184
-135090.886594,1,2902.235131
1725009.068748,250,2908.55655
2431484.358871,250,2914.922814
-117647.806698,1,2914.940577
2281388.504269,250,2921.132087
1978656.994785,250,2927.5251
1876997.091496,250,2933.666384
2609502.359827,250,2939.888649
2282935.187158,250,2946.180792
-143915.467313,1,2946.202326
1706302.551027,250,2952.308252
-194839.400542,3,2952.380081
2624429.388288,250,2958.551599
2133486.210071,250,2964.786483
2135289.294027,250,2971.2256
1828548.090042,250,2977.325404
1755897.952829,250,2983.642269
1699064.245545,250,2989.979847
1124450.209205,250,2995.965866
-117576.208709,1,2995.992006
1936788.724315,250,3002.102439
-135014.606167,1,3002.12388
1769419.357383,250,3008.181225
-143803.789911,1,3008.209435
-110766.572673,20,3008.725169
1935846.569307,250,3014.697514
1230764.75235,250,3020.550951
2122326.511461,250,3026.525599
1927304.712634,250,3032.554529
1960055.202081,250,3038.516992
-143932.702429,1,3038.539286
-117552.733106,1,3038.560011
1863048.677932,250,3044.560898
-117566.70514,1,3044.581017
3556819.911618,250,3050.732379
2198843.989702,250,3056.967707
-142818.285657,1,3056.993375
-126296.427725,1,3057.013802
2679102.510463,250,3063.273304
-126397.079485,1,3063.294414
2844477.346181,250,3069.405244
1961251.891649,250,3075.726681
1729988.26016,250,3081.935206
-116610.424855,1,3081.965858
2121116.337911,250,3088.141436
-151056.060834,1,3088.163033
2258182.277113,250,3094.264374
2591521.44125,250,3100.254482
2156660.734249,250,3106.552639
2287603.680145,250,3112.876399
-117551.23114,1,3112.90244
2068335.722654,250,3119.120405
158007.816496,250,3125.30544
1977885.345503,250,3131.649174
2545101.625465,250,3137.850949
1457662.917926,250,3144.238609
2644428.315322,250,3150.8852
-126367.94497,1,3150.909333
-109063.794653,11,3151.217124
1856185.438008,250,3157.4194
2370112.922806,250,3163.67164
1847586.333975,250,3170.016928
-133090.440234,1,3170.04239
1705296.59678,250,3176.360716
-143205.150526,1,3176.388714
2920497.866319,250,3182.719845
2032452.942464,250,3188.978412
-126388.764623,1,3188.999145
2756743.886631,250,3195.355879
-135196.915456,1,3195.377526
-180408.995909,2,3195.439881
1742892.151453,250,3201.787625
1740967.720016,250,3208.073623
-117555.951658,1,3208.101152
3006105.007587,250,3214.362123
2289786.617157,250,3220.683778
-135020.530975,1,3220.704281
1681551.225046,250,3226.976867
2194245.616083,250,3233.123085
2223701.189508,250,3239.259611
126553.445402,250,3245.311032
1968533.367067,250,3251.47803
3374034.248456,250,3257.717245
-117573.894218,1,3257.739038
292573.870048,234,3263.532584
-136808.462389,17,3263.960406
1919853.423536,250,3270.103367
-117456.082266,1,3270.1352
-135113.460384,1,3270.162645
-117561.917888,1,3270.186174
1142541.700377,250,3276.170566
-143167.300177,1,3276.190788
1174370.253815,250,3282.229406
-135090.956897,1,3282.260581
1367859.555446,250,3288.17129
1743238.038167,250,3294.317631
1754105.26925,250,3300.457357
-135089.473221,1,3300.485264
1502045.845775,250,3306.54898
-126302.216792,1,3306.582547
-134986.870826,1,3306.609639
1964216.13864,250,3312.882095
2312997.609667,250,3318.824387
2378399.566025,250,3325.086222
-135109.474906,1,3325.116479
1958549.622844,250,3331.461764
1939378.414606,250,3337.551058
2011570.886983,250,3343.794716
1386629.423481,250,3350.177394
1441903.990245,250,3356.670763
-117549.593257,1,3356.699628
2990715.387151,250,3362.941773
1824851.896968,250,3369.456045
1563235.225282,250,3375.873504
1946863.84217,250,3382.008992
-126266.379245,1,3382.02924
2501399.244911,250,3388.339329
1992318.792422,250,3394.874989
-92567.771413,12,3395.19121
1856815.65606,250,3401.637636
1697474.596514,250,3407.839447
-117578.278521,1,3407.865179
-117552.804587,1,3407.889219
1557401.379519,250,3414.072006
1718257.67865,250,3420.289948
1702610.087452,250,3426.486186
2311537.38765,250,3432.655918
-108632.843654,16,3433.041053
-111447.300421,15,3433.397653
-94107.191935,15,3433.769771
-135006.551406,1,3433.810846
-117544.456044,1,3433.832269
3319699.096661,250,3440.206252
-117668.862228,1,3440.235513
1630009.313027,250,3446.601948
2250404.411534,250,3452.892247
-117648.855841,1,3452.914421
3050797.128394,250,3459.239826
2164143.287042,250,3465.37541
-150690.073728,1,3465.398916
-152642.706824,1,3465.419358
2641911.764262,250,3471.640817
-139510.024783,1,3471.662667
-165298.705851,2,3471.712904
1961393.413582,250,3477.709086
3164344.627725,250,3483.677108
2640966.115435,250,3489.68544
2530985.024696,250,3495.686366
1601526.473425,250,3501.730969
-198598.024348,2,3501.778587
1693011.393297,250,3507.96298
1433479.08633,250,3513.972399
3081948.529722,250,3520.0618
2313075.6123,250,3526.160571
-151793.116023,1,3526.185169
-135114.97653,1,3526.207055
-137657.911942,1,3526.223186
-152842.313222,1,3526.25462
-109518.614901,28,3526.947595
-117551.938312,1,3526.978468
2091345.153838,250,3533.073781
2760716.482573,250,3539.248883
2369428.894538,250,3545.294205
3601211.548715,250,3551.412533
1995598.326886,250,3557.602338
1869832.584495,250,3563.664348
1664378.691928,250,3569.62305
-135088.529186,1,3569.639151
112943.864208,250,3575.554683
3086347.132647,250,3581.681905
-57157.228434,73,3583.424327
-117546.260395,1,3583.443937
1667656.728982,250,3589.348437
1938930.223953,250,3595.651221
3233334.014354,250,3601.796801
102091.416987,250,3608.056113
-152948.294318,1,3608.087085
1636117.866701,250,3614.209824
2178846.939665,250,3620.456665
-137767.405187,1,3620.491641
2995760.253397,250,3626.703407
-143914.499627,1,3626.727509
2039448.822061,250,3632.869753
2834937.843036,250,3639.275197
3564443.342332,250,3645.501459
1879750.950616,243,3651.608766
773737.922632,250,3657.837825
-160282.371599,2,3657.898723
596581.725754,250,3664.290484
-179832.563112,2,3664.335954
1788228.942096,250,3670.473662
-95023.093929,10,3670.728266
1676316.95117,250,3676.899869
-153471.635265,1,3676.921421
-101916.233614,21,3677.457143
-103997.812202,30,3678.190378
85706.467924,250,3684.331161
-96156.116819,10,3684.558856
225699.209461,250,3690.815535
1051064.134148,250,3696.884611
1138800.474913,250,3703.138868
-151073.078324,1,3703.169734
2869905.624232,250,3709.356163
1709465.273938,250,3715.459675
1758285.939821,250,3721.568594
-137704.296497,1,3721.588579
638769.634593,250,3727.860299
-117473.985764,1,3727.886926
1256545.267114,250,3812.434998
2807892.964593,250,3818.54589
671248.610605,250,3824.499262
874033.810563,250,3830.774082
-117581.738666,1,3830.806387
-93518.531372,16,3831.196501
2373799.301163,250,3837.397398
-126286.592681,1,3837.420429
-143871.237032,1,3837.450591
561960.119683,250,3843.755409
306820.919123,250,3850.020486
-134987.613794,1,3850.051102
1452854.402171,250,3856.589534
374192.15921,250,3862.863296
-155156.6559,1,3862.893227
543330.810224,250,3869.205396
-76941.617835,22,3869.762318
-153796.686033,1,3869.791269
2543577.110197,250,3876.229361
753678.7294,250,3882.409155
1796606.990666,250,3888.563298
2355690.949195,250,3894.821628
468962.785748,250,3900.991195
1365589.516305,250,3907.165403
-117654.409785,1,3907.195846
-136599.576943,1,3907.220241
2996266.106343,250,3913.39108
1044847.591136,250,3919.717805
-143983.759338,1,3919.747206
-143946.817876,1,3919.777982
103166.700909,250,3926.020968
647351.500226,250,3932.217076
1575713.815419,250,3938.529914
1618264.296166,250,3944.799057
2070788.412199,250,3951.20169
2829406.561574,250,3957.295868
-135220.68344,1,3957.32203
2624816.135528,250,3963.357841
1413808.52605,250,3969.519333
156864.597522,250,3975.620139
3184997.946584,250,3981.775757
1144298.954574,250,3987.832991
557138.341908,250,3993.927145
2963414.234765,250,3999.784355
-94919.213072,18,4000.216039
-135191.305817,1,4000.242651
3308772.146878,250,4006.117157
2292279.635639,250,4012.025283
2732394.201053,250,4017.920787
-126393.298851,1,4017.949014
-135215.052205,1,4017.963254
2877479.523276,250,4024.06616
722917.775479,250,4030.099107
2211311.263062,250,4036.320402
1945301.75014,250,4042.233689
963134.804923,250,4048.563834
3438893.391597,250,4054.760087
2392851.878257,250,4060.999072
2606703.56105,250,4067.259866
-135093.370091,1,4067.27622
2185910.818334,250,4073.653332
2186323.199565,250,4079.958704
95793.93624,250,4086.227949
135579.279031,250,4092.463842
3310896.172867,250,4098.794358
105425.981779,250,4105.09365
2411885.519672,250,4111.458837
1635409.993493,250,4117.778273
-117555.927064,1,4117.803248
-135109.371729,1,4117.827755
1971792.4362,250,4124.225525
-155001.267529,1,4124.256171
116758.695313,250,4130.43197
1980688.744972,250,4136.649951
1433657.869091,250,4143.076921
2227173.535752,250,4149.305611
-117552.185018,1,4149.339053
2036067.442817,250,4155.514865
2119242.431966,250,4161.666348
-155220.591838,1,4161.691727
78055.146471,250,4167.724646
2765304.739066,250,4173.967339
3413385.595302,250,4180.213445
2833038.567013,250,4186.365356
-102272.272312,11,4186.617138
2963034.11801,250,4192.712394
-135095.769793,1,4192.743656
-142977.806012,1,4192.763759
2977477.483265,250,4198.684969
3069898.740996,250,4204.832366
-135149.577731,1,4204.854616
2357216.627068,250,4210.873769
2986763.799927,250,4216.915979
1356529.994318,250,4223.112093
-135111.368646,1,4223.128949
3270520.506176,250,4229.29109
1304551.93397,250,4235.450708
-126468.655191,1,4235.468274
-148895.252629,17,4235.902114
1654714.740514,250,4242.159211
1894190.158755,250,4248.307333
2704727.775259,250,4254.485863
1648280.129373,250,4260.702013
-117550.990659,1,4260.725687
3751049.156867,250,4267.03201
3068691.629533,250,4273.046551
2961143.238035,250,4279.127719
3241970.656679,250,4285.189641
2143070.46285,250,4291.492855
1511196.847396,250,4297.401001
2681680.26501,250,4303.541555
1705853.088622,250,4309.605849
2835338.297316,250,4315.793188
-126271.466494,1,4315.814179
2262666.129169,250,4322.422601
1524290.453331,250,4328.729124
2713915.440028,250,4335.137136
2546488.825441,250,4341.31955
3631245.572766,250,4347.519305
-143239.862678,1,4347.542447
1493184.143462,250,4353.820511
1519279.135431,250,4360.110546
127440.484674,250,4366.346854
2246176.731701,250,4372.532275
1728502.37544,250,4378.889618
89317.350184,250,4384.858167
-135093.822678,1,4384.876785
-117551.787592,1,4384.896619
2167056.72714,250,4391.157899
3037791.221085,250,4397.534255
98897.671546,250,4403.790485
-117553.294608,1,4403.830286
1700749.040661,250,4410.078967
-135124.121536,1,4410.103554
-117564.124793,1,4410.135674
1756636.3445,250,4416.322867
-135090.972996,1,4416.357714
-117645.824752,1,4416.374708
-126270.292785,1,4416.396772
-143936.13583,1,4416.414647
1774252.010868,250,4422.659834
-117463.410983,1,4422.686612
1783239.727657,250,4428.983299
3142124.397826,250,4435.176219
-135099.422629,1,4435.197629
106005.02819,250,4441.358928
3072593.371298,250,4447.29601
-117554.228115,1,4447.322289
1691375.360928,250,4453.408287
1764558.301326,250,4459.442154
2513430.610934,250,4465.438206
3062775.420295,250,4471.379561
3549243.604471,250,4477.319818
1474291.004184,250,4483.4388
2775967.127913,250,4489.311192
106500.240777,250,4495.629961
-135153.686797,1,4495.656808
2364254.526706,250,4501.976639
1617184.528864,250,4508.130617
1375054.387232,250,4514.435941
3067189.188765,250,4520.529917
2936442.443646,250,4526.929183
3469447.938108,250,4533.319538
-135283.170973,1,4533.34464
1901233.667699,250,4539.413104
1818884.246393,250,4545.536971
1808478.965086,250,4551.647154
2683809.847239,250,4557.847883
3401090.117232,250,4564.103349
3048015.015381,250,4570.363688
3084770.246907,250,4576.837341
1540453.143127,250,4583.093167
3386632.431121,250,4589.563448
3159025.327549,250,4595.810085
2331324.265012,250,4602.139773
-117556.673508,1,4602.165723
-117444.419374,1,4602.193884
2638708.376478,250,4608.319678
2280927.718324,250,4614.491725
2955101.714894,250,4620.803298
2725009.575191,250,4627.156695
3148690.730141,250,4633.514918
-126161.532089,1,4633.535425
2267945.887203,250,4639.770126
1618129.912294,250,4646.091477
2135624.849713,250,4652.534297
1681213.408555,250,4659.047048
3003042.981728,250,4665.26845
3394955.012037,250,4671.315459
2700607.967002,250,4677.281439
-108945.795902,1,4677.30227
2548982.789381,250,4683.342741
1855503.233255,250,4689.416225
1954417.698444,250,4695.456354
2214282.897078,250,4701.527209
-135202.74352,1,4701.547096
-135019.382506,1,4701.565758
-135096.917426,1,4701.586434
2141522.690897,250,4707.596369
-135207.596919,1,4707.620209
1882377.022871,250,4713.685394
-135102.40013,1,4713.713823
3530363.056478,250,4719.966009
2904466.699918,250,4726.04325
-126209.770887,1,4726.066099
1898144.431157,250,4732.173838
1549695.049735,250,4738.008075
3248537.730966,250,4743.966964
3113696.540067,250,4750.044574
3900300.159407,250,4756.009644
2160783.639547,250,4762.049043
1341647.076304,250,4768.211245
3373108.233018,250,4774.239503
1416335.875137,250,4780.422498
2228064.567523,250,4786.518976
1827663.528528,250,4792.739014
-117446.693181,1,4792.764559
-143782.18803,1,4792.789663
101859.232747,250,4799.008022
125387.101752,250,4805.248307
-125265.539747,1,4805.274102
1853352.631769,250,4811.566075
2765726.286418,250,4817.785662
2498040.023023,250,4824.07993
1737570.887228,250,4830.53742
122596.549374,250,4836.752005
-152244.840227,1,4836.782905
2043936.133967,250,4843.34347
-135087.48635,1,4843.365075
-137901.598683,1,4843.389178
-139424.454326,1,4843.419425
-135191.588276,1,4843.445466
1342290.897444,250,4849.728467
2684193.295197,250,4855.900598
2699207.048687,250,4862.140124
-135092.693316,1,4862.16217
-143809.407108,1,4862.202512
2886075.66034,250,4868.532196
1569478.511848,250,4874.632148
2325011.130302,250,4881.047265
1715364.627512,250,4887.274198
-126270.045131,1,4887.311953
-135091.674821,1,4887.334261
1830824.456108,250,4893.606059
-117654.934017,1,4893.634409
2946248.356274,250,4899.888336
-133204.972049,1,4899.91891
2184342.043547,250,4905.938616
1470157.581988,250,4912.118084
-177403.977012,2,4912.165128
2009361.677809,250,4918.352681
1498684.223689,250,4924.308946
1728068.869296,250,4930.438901
3909613.680211,250,4936.285143
67224.267553,250,4942.30606
3348852.605038,250,4947.975386
1694478.585363,250,4953.410239
2102362.24974,250,4959.149955
-126163.391115,1,4959.176835
-152839.641887,1,4959.201544
1933639.10887,250,4965.001743
3523234.647948,250,4971.018287
3386745.253559,250,4976.540729
2970975.036223,250,4982.445933
-117544.740075,1,4982.466399
3119665.446126,250,4988.447654
3111939.445575,250,4994.369854
2084618.114278,250,5000.764236
-143943.971961,1,5000.792283
3341352.650708,250,5006.971475
-117646.532619,1,5006.993864
-150613.519554,1,5007.023747
-117663.37998,1,5007.052923
-117675.395501,1,5007.079786
-135115.406407,1,5007.117055
2356119.782482,250,5013.043984
2619796.544027,250,5018.742013
3419243.485953,250,5024.727087
-126385.232717,1,5024.747882
2922426.71288,250,5030.993936
2839326.365111,250,5037.482294
1699343.046675,250,5113.822438
2550645.160352,250,5120.069216
1579250.207262,250,5126.519518
122189.449826,250,5132.905941
1815230.437224,250,5139.154107
1800956.117292,250,5145.411991
112785.430219,250,5151.372493
1463299.291155,250,5157.347128
2585464.925134,250,5163.23463
1875699.454345,250,5169.33515
-135201.370574,1,5169.368128
1986101.797215,250,5175.318668
-156360.50065,1,5175.343177
3350261.193695,250,5181.436973
2680471.672898,250,5187.437291
1887214.065007,250,5193.474949
-135100.512101,1,5193.509614
1838321.289373,250,5199.549227
2022364.62417,250,5205.661016
3554951.244378,250,5211.726321
2655272.015817,250,5217.825314
2177249.399618,250,5223.933619
-126272.587191,1,5223.959845
-117548.382003,1,5223.985726
2931260.713688,250,5230.070714
-173158.064251,2,5230.118945
-126277.369871,1,5230.136165
1111863.351216,250,5236.271118
2398376.626768,250,5242.331038
3262284.70882,250,5248.284891
-158416.881277,2,5248.335459
1510412.052316,250,5254.45657
-137550.627007,1,5254.482638
2887829.074442,250,5260.509132
-135128.143173,1,5260.527805
126404.686665,250,5266.472258
3011563.725114,250,5272.783684
3178340.003989,250,5279.056569
-135036.076148,1,5279.084032
3336066.417349,250,5285.237195
2781137.184089,250,5291.571018
2514445.099059,250,5297.726875
93192.090337,250,5304.123926
-174417.81213,2,5304.184733
1678515.541926,250,5310.541284
1369967.176109,250,5317.023027
2852933.32391,250,5323.27966
2284459.612953,250,5329.45793
-145843.656043,1,5329.484875
3222748.884445,250,5335.587539
1051912.2312,250,5341.903443
2930559.992943,250,5348.225894
-135092.981158,1,5348.257799
1750364.032151,250,5354.321573
3842983.23571,250,5360.324914
2905456.71209,250,5366.43927
-126262.23168,1,5366.470166
2602465.251971,250,5372.488314
1687150.926537,250,5378.721285
124053.275675,250,5384.947834
2396231.272659,250,5391.075897
3606546.371648,250,5397.229496
1654586.740994,250,5403.436613
3164629.251033,250,5409.531165
2919688.460172,250,5415.726364
-117567.244866,1,5415.750929
-117543.240271,1,5415.776951
-117549.875997,1,5415.801555
-134987.294896,1,5415.824367
3642278.047128,250,5421.70154
2519210.447536,250,5427.581394
2639980.111833,250,5433.585702
-159998.834861,1,5433.616569
83823.89703,250,5439.617064
3719736.639449,250,5445.656708
70231.525191,250,5451.606278
1519203.297778,250,5457.662542
1449596.164709,250,5463.514977
109862.387977,250,5469.516513
2972233.25195,250,5475.72906
3276419.347391,250,5481.85695
3807016.250541,250,5487.949191
-135089.552505,1,5487.997651
-126276.66197,1,5488.028203
1551604.815971,250,5494.170475
1995923.168065,250,5500.516202
-126389.067368,1,5500.534678
3282926.503803,250,5506.789977
-163860.886032,1,5506.811636
-135102.176517,1,5506.841651
-126181.957681,1,5506.867299
2736637.773873,250,5513.346877
1577371.650339,250,5519.658913
-117560.16778,1,5519.682868
2739023.041088,250,5525.964247
-135116.380418,1,5525.995759
109583.714866,250,5532.523845
3141965.183157,250,5538.950993
2648601.73814,250,5545.433704
105838.720507,250,5552.099185
-135015.268687,1,5552.128293
122829.847675,250,5558.473675
1842949.247169,250,5564.862799
3170414.664949,250,5571.146939
-185994.355199,2,5571.200584
-117654.423314,1,5571.220728
1533863.911262,250,5577.403316
2583962.873699,250,5583.743645
2495919.056152,250,5590.034951
112792.22739,250,5596.331431
-133099.205531,1,5596.37419
2564054.924766,250,5602.581004
2232153.248186,250,5608.593996
114954.585133,250,5614.810818
-117550.021057,1,5614.83761
3291753.20282,250,5621.102123
-126174.401942,1,5621.131925
122562.649604,250,5627.403429
2512882.144647,250,5633.381056
3544212.024866,250,5639.497036
109807.90364,250,5645.661054
-117553.083696,1,5645.687179
3082683.237201,250,5651.851185
2624622.123721,250,5658.008318
-117452.521006,1,5658.028538
-134996.241719,1,5658.055564
1925400.168576,250,5663.94586
2642156.387613,250,5670.05727
2658763.902301,250,5676.264188
3314303.297138,250,5682.51062
1648468.074887,250,5688.681548
933986.848055,250,5694.806658
3599425.616279,250,5700.907497
-126385.495529,1,5700.937238
-135111.536793,1,5700.96861
1104767.441574,250,5707.00335
3040216.260747,250,5713.285432
3642025.604997,250,5719.415703
2243329.768023,250,5725.63526
2708450.754882,250,5731.795441
-157061.402822,1,5731.81661
2204460.703395,250,5738.110539
-135010.72203,1,5738.134942
2474694.166131,250,5744.343982
-117557.578608,1,5744.368994
-126395.509767,1,5744.398757
1786268.848328,250,5750.554554
3394490.381939,250,5756.685271
2096442.713017,250,5762.88888
3523545.673283,250,5769.140562
3173876.377446,250,5775.494416
-126262.137234,1,5775.524354
2972551.288053,250,5781.847317
-135093.365801,1,5781.868068
1943404.887477,250,5788.25985
97234.474893,250,5794.457423
2458788.250367,250,5800.640815
2499058.573864,250,5806.895657
125733.794402,250,5813.009337
-143908.190688,1,5813.031791
125680.689269,250,5819.221698
1793062.118074,250,5825.334997
3113347.856983,250,5831.601498
3359971.106173,250,5837.884787
1819915.279716,250,5844.202892
2751528.697911,250,5850.695741
3097908.015421,250,5856.88351
3105455.188267,250,5863.226991
1539229.282174,250,5869.477783
1307277.338032,250,5875.486902
1537732.828445,250,5881.63069
3265412.949292,250,5887.577236
2991296.328172,250,5893.879907
3393109.577926,250,5899.965456
2801514.140048,250,5906.068128
1389604.987719,250,5911.988841
1341686.322947,250,5917.982741
3401296.481053,250,5923.983326
3068105.639185,250,5930.085515
-135087.037096,1,5930.114357
3041443.87661,250,5936.476907
-126342.166816,1,5936.496609
2683949.045271,250,5942.60884
-126285.981059,1,5942.633049
2306682.41805,250,5948.778184
1350342.328538,250,5954.869556
-152770.499152,1,5954.891187
3451556.550853,250,5960.962348
-127108.948202,1,5960.984391
2951650.548888,250,5967.275223
1318927.363927,250,5973.224119
-154192.373943,1,5973.262983
3262121.137692,250,5979.479811
1140055.962697,250,5985.645962
3546064.576703,250,5991.835862
2233634.480331,250,5998.253473
-126368.8304,1,5998.281614
3176089.781698,250,6004.482972
3718012.017219,250,6010.960844
3073588.906514,250,6017.266952
-117551.252016,1,6017.283885
1550897.558118,250,6023.570273
-117568.513184,1,6023.592447
3183574.237772,250,6029.927641
1303043.997558,250,6036.168257
1354061.682199,250,6042.563233
1784728.618036,250,6048.754479
110168.379169,250,6055.059848
2416678.792381,250,6061.259915
-135106.8666,1,6061.284385
3279606.181545,250,6067.37917
-135102.953362,1,6067.399127
1695277.4609,250,6073.607415
2409406.14269,250,6079.720616
136739.844033,250,6085.956899
123457.505459,250,6092.053094
948051.923795,250,6098.166513
-143805.790749,1,6098.186807
3265424.394348,250,6104.620404
-126181.213432,1,6104.640566
2007378.74615,250,6110.946494
2111352.971363,250,6117.119102
-137804.526255,1,6117.144182
-117551.509625,1,6117.169814
-188283.929781,2,6117.224528
93138.878577,250,6123.326105
-126269.782546,1,6123.350221
-154904.785671,1,6123.365745
3516165.512575,250,6129.517876
1027318.366716,250,6135.594893
1834896.792479,250,6141.576213
-117549.875354,1,6141.606823
-125272.463313,1,6141.627643
-135201.497086,1,6141.668543
-117551.201844,1,6141.690501
1314491.446566,250,6147.822896
93419.855821,250,6153.684521
2684269.490237,250,6159.751513
2592833.625024,250,6165.650372
2828556.263483,250,6171.561606
-126363.721767,1,6171.582425
-154489.755174,1,6171.605132
1166895.956342,250,6177.743608
2823424.859329,250,6183.80143
1587877.242118,250,6190.04891
-134992.783414,1,6190.07999
67540.804833,250,6196.196605
-135701.222532,1,6196.217385
3011125.819713,250,6202.335349
-149657.084451,1,6202.36585
1104671.162415,250,6208.413929
-135084.917498,1,6208.437353
121684.208402,250,6214.623915
1978401.406146,250,6220.756575
1609149.958172,250,6226.78018
-137723.429884,1,6226.810639
-139627.69273,1,6226.83098
2168220.334642,250,6233.238855
1366801.875176,250,6239.688342
3662224.659509,250,6246.117905
3558539.053756,250,6252.328431
2955194.764796,250,6258.665944
2387552.122718,250,6265.03615
-117551.35923,1,6265.066433
-126264.637405,1,6265.09337
-117658.999107,1,6265.127506
1379165.297859,250,6271.251648
1099682.126443,250,6277.383221
-151592.001655,1,6277.399924
99924.35394,250,6283.804929
-143835.262628,1,6283.8453
3331464.327387,250,6289.940121
-117653.930784,1,6289.968494
98674.543705,250,6296.242327
-143926.131354,1,6296.267685
2699309.569814,250,6302.702427
-135093.914797,1,6302.733813
128598.470685,250,6309.26783
1147230.319179,250,6315.479006
2104647.497379,250,6321.862357
-117450.659171,1,6321.879585
-162132.598948,1,6321.909956
-117553.289299,1,6321.937226
-126366.170245,1,6321.963653
3195547.992497,250,6328.185971
730279.280912,250,6334.336941
5937885.730732,133,6337.650926
-117550.50958,1,6337.681108
1175845.978332,250,6343.967055
109857.230104,250,6418.175536
-151455.179775,1,6418.203482
-134987.142186,1,6418.234727
-126182.306016,1,6418.260506
2168281.168499,250,6424.144782
-134988.966727,1,6424.165305
2025148.090308,250,6430.062387
945320.309126,250,6435.677139
1670397.993245,250,6441.738611
-126281.305247,1,6441.758473
3702889.489091,250,6447.623951
-143761.618288,1,6447.654734
883442.280119,250,6453.640563
3286527.762915,250,6459.60327
3296326.960395,250,6465.716777
3686553.089313,250,6471.813657
97226.73927,250,6478.009897
1593913.485232,250,6484.105103
69949.550623,250,6490.25558
3487006.884091,250,6496.363457
3168930.216834,250,6502.542963
2432219.930893,250,6508.735445
-117657.65214,1,6508.757614
1237206.833297,250,6514.938127
-135143.162684,1,6514.966305
2510628.698765,250,6521.008938
740556.835928,250,6527.329857
-126391.168033,1,6527.354779
-117564.407181,1,6527.372519
2622736.636806,250,6533.804476
2712008.510402,250,6539.87873
2238473.262873,250,6546.335567
-178306.074803,2,6546.39096
2530079.220928,250,6552.678517
-135095.678182,1,6552.701102
-126402.283586,1,6552.731768
-126363.557941,1,6552.752641
1126362.682274,250,6559.075817
2066041.147219,250,6565.402157
115262.145871,250,6571.735115
2491741.575449,250,6578.093691
2209958.688789,250,6584.06582
2857035.830827,250,6590.129185
1940833.020309,250,6596.149918
2782314.544932,250,6602.107662
-135243.687955,1,6602.130035
2053653.401824,250,6608.219448
-135194.32389,1,6608.237309
2372110.142685,250,6614.193965
2446890.876473,250,6620.172846
1900652.126735,250,6626.114997
2006063.019556,250,6632.099564
3138416.747118,250,6638.226326
-126261.704305,1,6638.260685
1275859.776745,250,6644.346666
1648315.112039,250,6650.357788
-135082.284908,1,6650.388901
2640408.906343,250,6656.495597
131944.453063,250,6662.448247
125798.845397,250,6668.426995
2352069.101078,250,6674.60774
1064710.561802,250,6680.749147
1140845.531278,250,6686.667406
1446109.560834,250,6692.789419
-105254.621428,15,6693.174592
1938322.673196,250,6699.040242
-126383.225732,1,6699.067771
1036101.067138,250,6705.033273
-134990.124452,1,6705.061057
-174726.042928,2,6705.134276
813666.543371,250,6711.489293
-143811.521439,1,6711.529572
116985.080642,250,6717.656003
-137722.007804,1,6717.6899
1226531.426896,250,6724.019562
2087234.546899,250,6730.2958
1655988.564473,250,6736.737788
1072541.89985,250,6743.08944
68704.341987,250,6749.234602
1561291.387396,250,6755.73432
971326.129167,250,6761.980612
2812017.54722,250,6768.0984
-117548.121134,1,6768.132475
2501482.09811,250,6774.230939
1079577.29965,250,6780.41844
-135086.482611,1,6780.459485
-143809.527427,1,6780.478279
1745074.060698,250,6786.6903
-143914.843883,1,6786.719106
2795231.073352,250,6792.646399
891572.440675,250,6798.903199
-126280.394457,1,6798.930735
3031834.135651,250,6805.045818
-135239.299418,1,6805.066507
-117573.401769,1,6805.092788
3811194.612431,250,6811.465464
2911378.839786,250,6817.789861
-143809.352926,1,6817.811041
2019570.997466,250,6824.068599
3467008.344548,250,6830.34818
-135092.268144,1,6830.380335
3157868.662819,250,6836.359393
1369979.595506,250,6842.506325
3669574.989242,250,6848.471054
2991686.695446,250,6854.443569
2742409.861448,250,6860.505037
3285200.445472,250,6866.322002
2779344.205253,250,6872.3641
-117562.188181,1,6872.389953
3190898.500423,250,6878.311555
651236.556056,250,6884.268744
-88248.835231,20,6884.727018
1012294.037794,250,6890.86404
3350630.182583,250,6896.913428
3220893.752066,250,6903.061309
107447.916664,250,6909.265874
2326731.86486,250,6915.309886
1385298.17945,250,6921.331055
1985616.651259,250,6927.37025
-117546.3834,1,6927.39786
2471453.155239,250,6933.487023
983551.248517,250,6939.637734
1026591.804698,250,6945.545799
2183304.780692,250,6951.749263
-134986.766178,1,6951.778328
3277136.902437,250,6958.137259
1686419.315559,250,6964.411078
-135091.62219,1,6964.437389
1672959.895901,250,6970.584242
2934802.262817,250,6976.945303
-135104.685778,1,6976.968483
3273786.453116,250,6983.036494
2506783.145589,250,6989.400132
3126658.080134,250,6995.454664
773680.156202,250,7001.761749
3150450.536863,250,7008.020895
2682471.961414,250,7014.357214
1358903.148923,250,7020.620905
1051930.72853,250,7026.819811
-117654.709954,1,7026.847789
3333211.321668,250,7032.954499
608229.53863,250,7039.03147
-117570.267411,1,7039.055881
-126371.345585,1,7039.079352
929552.060009,250,7045.215571
1424067.704731,250,7051.430782
842458.339141,250,7057.420551
1522645.157412,250,7063.424627
121221.583559,250,7069.422063
-126281.800489,1,7069.447559
-117549.618305,1,7069.469272
129989.479026,250,7075.59851
1099459.007909,250,7081.695754
-135110.289203,1,7081.721802
3588751.009146,250,7087.869003
3880652.096062,250,7093.868358
2996082.515741,250,7099.961716
700836.191446,250,7106.220105
1320767.091152,250,7112.279024
3136437.314962,250,7118.403706
2941669.363562,250,7124.368225
112018.020308,250,7130.611575
3735680.659304,250,7136.714808
2899078.088736,250,7142.698882
2790416.108464,250,7148.596791
2871430.512201,250,7154.692314
1207970.636067,250,7160.774679
3502677.677715,250,7166.802884
491527.291784,250,7172.884454
3300862.234236,250,7179.038872
1235230.865163,250,7185.008197
-126382.933387,1,7185.030502
3053651.799894,250,7191.119268
793176.277725,250,7197.413636
800490.691522,250,7203.52971
3421233.551919,250,7209.706347
-135231.432417,1,7209.732496
3318264.701665,250,7215.944556
-135571.583516,1,7215.976516
2954975.196307,250,7222.125166
933092.770079,250,7228.575722
883155.640549,250,7234.888778
880258.142982,250,7241.168111
1021925.055134,250,7247.360399
3309260.803798,250,7253.676452
2314542.513435,250,7259.874222
3162133.520159,250,7266.147719
-135196.002426,1,7266.170834
2669821.224659,250,7272.489298
3060700.456919,250,7278.654172
67689.60123,250,7284.808911
1831798.988576,250,7290.988341
644795.268403,250,7297.089479
-91618.817083,18,7297.55736
137115.769607,250,7303.80777
856256.599497,250,7309.857978
113738.69949,250,7315.994405
579646.13323,250,7321.79066
-135123.087954,1,7321.809688
81607.488559,250,7327.760915
3334604.675624,250,7333.769691
-164046.12521,1,7333.799396
-126371.480352,1,7333.82843
790309.973232,250,7339.653589
3200064.583509,250,7345.529868
3040247.396408,250,7351.690092
-155159.945486,1,7351.717539
-126374.300387,1,7351.744951
-167033.65673,2,7351.800528
-135145.575575,1,7351.827112
-160912.95189,2,7351.875821
3299119.286384,250,7358.038342
2999298.055862,250,7364.009878
116280.219731,250,7370.206994
-126376.982263,1,7370.227463
-117544.074435,1,7370.248053
1707882.705635,250,7376.435705
-136385.435001,1,7376.451568
80301.943962,250,7382.607738
2944844.469457,250,7388.68159
2400659.848225,250,7394.836651
3787045.817464,250,7400.713793
885786.976622,250,7406.723517
3573214.526226,250,7412.452797
3042803.638847,250,7418.634218
1307154.263797,250,7424.582925
-143911.212911,1,7424.603522
1406628.710288,250,7430.722601
2420721.411956,250,7437.015694
-135205.433575,1,7437.044172
-126267.186388,1,7437.07065
65131.417648,250,7443.101218
754282.612405,250,7449.472995
3006306.486561,250,7455.693036
96603.462629,250,7461.828322
-135592.814897,1,7461.866472
2895702.115909,250,7468.036557
8376723.16224,225,7473.719296
3118259.597232,250,7479.94597
6785661.12215,115,7482.821841
6270565.105284,107,7485.509805
3288100.055645,250,7491.822016
3200163.825168,250,7498.025867
2957654.834873,250,7504.167642
94941.025096,250,7510.366137
947283.348061,250,7516.626372
-126268.789549,1,7516.644549
460259.037466,250,7522.892071
7316544.442174,193,7527.553576
3664140.276151,250,7533.732337
3471871.619257,250,7539.895736
-126272.975069,1,7539.915424
3814855.770791,250,7546.165528
83948.141158,250,7552.264489
662492.136929,250,7558.19244
124682.108014,250,7564.362437
-107534.28341,42,7565.379318
96687.229245,250,7571.521549
538636.850132,250,7577.575483
3562653.4056,250,7583.539406
1069342.197702,250,7589.456694
-135593.244246,1,7589.476858
92365.290465,250,7595.454746
-137610.925641,1,7595.488693
105592.3111,250,7601.452072
2930770.787811,250,7607.316557
3226283.339128,250,7613.329739
525809.085744,250,7619.348003
-135248.970624,1,7619.378827
7128531.804163,186,7623.902878
117062.388839,250,7629.961046
103050.876889,250,7636.218091
3267032.464457,250,7705.083133
-143955.066748,1,7705.105209
-126268.570439,1,7705.143176
3237489.720724,250,7711.274769
116935.432799,250,7717.511591
2506106.038361,250,7723.924927
3309594.333239,250,7730.132371
2481605.466834,250,7736.205415
-117550.509526,1,7736.224783
-135094.428023,1,7736.255104
3923305.663553,250,7742.575106
1625237.23568,250,7748.583876
3044569.657697,250,7754.764307
102181.897374,250,7760.872735
-117545.418554,1,7760.896755
-117648.076818,1,7760.922754
3568387.842663,250,7767.220083
677880.857366,250,7773.366686
6499620.610216,148,7777.088817
1050050.292071,250,7783.469488
1322531.325394,250,7789.631709
2944957.463151,250,7795.693643
3331466.662933,250,7801.825004
3706792.901779,250,7807.942998
3351702.772417,250,7814.027685
-143951.400077,1,7814.059922
-126164.798652,1,7814.088414
3122142.701211,250,7819.995771
3299913.991857,250,7826.060661
300553.441738,250,7832.002293
3560382.824238,250,7838.165081
2837200.350465,250,7844.206483
1125031.451703,250,7850.173635
3020516.160685,250,7856.229436
124683.859753,250,7862.373476
939869.102807,250,7868.317715
-117656.085903,1,7868.343861
-86940.194469,16,7868.708989
102765.145471,250,7874.724009
-117558.53697,1,7874.753475
1664508.152704,250,7880.882858
2882904.315569,250,7886.964473
708923.706846,250,7892.994477
1308567.550224,250,7898.96568
3006303.345403,250,7904.96593
1632956.28911,250,7911.217909
-126364.973958,1,7911.242934
81000.029554,250,7917.460523
3071807.78941,250,7923.611128
1374860.392536,250,7929.939613
3337404.450264,250,7936.148063
3247279.400825,250,7942.447281
-137424.92073,1,7942.477792
3540796.523942,250,7948.694438
3609086.529821,250,7955.106213
2025621.960043,250,7961.507249
-126282.521012,1,7961.535929
1384080.670581,250,7967.977558
-126373.333096,1,7968.003185
-137110.308401,1,7968.026974
-59683.007387,68,7969.799738
2947015.049471,250,7976.155303
-135094.602959,1,7976.190831
-117550.125812,1,7976.215141
-159571.424554,1,7976.241288
3428651.667802,250,7982.368988
-156800.276592,2,7982.421399
-126262.240782,1,7982.442517
-126267.234909,1,7982.461053
1345687.542054,250,7988.955966
-117549.26041,1,7988.982858
2727819.686103,250,7995.15366
99641.925302,250,8001.316368
2494955.418468,250,8007.576275
3694738.147601,250,8013.873046
2269141.24919,250,8020.275691
-117561.426732,1,8020.304547
7544578.544225,195,8025.019545
1187373.057158,250,8031.674005
-117648.815871,1,8031.697081
-117551.682981,1,8031.728057
-150314.247908,1,8031.748894
2096420.521218,250,8037.697095
2385898.979574,250,8043.702048
-117576.066241,1,8043.734267
2909188.299722,250,8049.883105
472371.850888,250,8056.001274
462568.719691,250,8061.88305
2500203.484944,250,8067.687836
3043242.60085,250,8073.799359
-143816.8629,1,8073.821367
-41584.100518,106,8076.45056
3271876.514127,250,8082.560808
3687929.513967,250,8088.550728
75050.874266,250,8095.323249
118983.98477,250,8101.445817
-135131.050962,1,8101.476741
83072.086584,250,8107.783826
3403966.494997,250,8113.849272
-135110.749609,1,8113.873113
4051158.829678,250,8119.854907
122745.648568,250,8125.846816
-143920.920209,1,8125.869556
-170352.562334,2,8125.914744
1065165.140889,250,8131.89458
2844431.986289,250,8137.988613
2212534.162557,250,8144.106601
84916.685312,250,8150.370139
3150259.944199,250,8156.644841
-117565.335874,1,8156.670708
3476522.446167,250,8162.89387
1064765.271325,250,8169.279402
5912769.025371,120,8172.317815
3511731.963885,250,8178.588058
94611.939299,250,8184.90979
3208392.864518,250,8191.039456
-154707.703297,1,8191.064033
-117576.891245,1,8191.081095
3254024.983709,250,8197.263233
2469647.714418,250,8203.45517
2893204.309179,250,8209.541136
1727896.326597,250,8215.583478
2704438.441928,250,8221.609617
-135146.943225,1,8221.640838
3805822.909381,250,8227.709612
-117649.458986,1,8227.730078
-143995.531376,1,8227.750711
80953.359574,250,8233.825765
-117546.612282,1,8233.850591
-170319.140834,1,8233.876657
-135090.434059,1,8233.906688
3199843.699837,250,8240.252471
2832946.82774,250,8246.38219
-143817.500861,1,8246.412508
1039009.698034,250,8252.629766
3149686.037984,250,8258.984186
8129413.091287,207,8264.066182
3548378.099505,250,8270.152259
-117566.60436,1,8270.183338
201335.649316,250,8276.262146
90438.058193,250,8282.350488
2700919.983337,250,8288.156888
-126271.353945,1,8288.18368
-117553.958881,1,8288.207441
5994650.52612,119,8290.932453
-135113.467015,1,8290.958544
-163458.086363,2,8291.00781
2883616.061497,250,8296.913811
2869538.976286,250,8302.826341
96157.001419,250,8308.519031
113431.799625,250,8314.622674
521565.140907,250,8320.540738
1498743.133808,250,8326.455519
1840290.050833,250,8332.49382
1075147.542016,250,8338.65859
-187561.874476,2,8338.70996
2605074.507004,250,8344.966745
123870.198557,250,8351.131454
-154921.714061,2,8351.16998
6743820.623293,158,8355.059468
1527452.327262,250,8361.014006
-126271.271011,1,8361.037007
-133874.255825,1,8361.062759
7331954.442008,152,8364.809335
-186146.209986,3,8364.873233
7639620.434236,194,8369.701622
3481311.994082,250,8375.911579
303632.98185,250,8381.703306
79722.670883,250,8387.656405
108524.128749,250,8393.7693
-135107.044308,1,8393.796329
-100528.82078,17,8394.191735
-142331.167739,1,8394.214696
7814751.407262,218,8399.562637
3147772.34888,250,8405.904377
2978063.97023,250,8412.090465
74145.127847,250,8418.48222
3272613.411865,250,8424.753194
-170174.586484,2,8424.807822
4115971.319287,250,8431.169547
-126370.754405,1,8431.193489
-135213.042223,1,8431.216552
3276485.310896,250,8437.605032
3360291.404415,250,8443.890779
2804348.266772,250,8450.22778
1454154.024976,250,8456.394014
3477155.909014,250,8462.522416
1698863.039997,250,8468.467669
6076295.111112,136,8471.756118
3146086.611124,250,8477.916109
2847412.335218,250,8484.009539
-135112.204871,1,8484.034033
106810.085788,250,8490.28217
98876.294856,250,8496.378492
3264467.519177,250,8502.535247
64956.018094,250,8508.763968
295118.861738,250,8514.842476
2534205.407466,250,8520.948476
3184919.85167,250,8527.008723
1141692.513312,250,8532.763624
3524480.929973,250,8538.508929
1309164.006103,250,8544.24637
596189.467098,250,8549.913191
-165613.895183,2,8549.954532
335169.734722,250,8555.516121
-117649.650085,1,8555.536405
-117547.051591,1,8555.556604
-126370.877956,1,8555.59699
-135116.026543,1,8555.627296
234444.631078,250,8561.226987
751181.166488,250,8567.365988
1405409.285298,250,8573.34834
2995509.831685,250,8579.238986
95433.356755,250,8585.258473
3530432.467923,250,8591.21985
257049.554623,250,8597.216199
-135020.091057,1,8597.246562
1170009.222303,250,8603.618838
2958725.734402,250,8609.950536
3539602.274988,250,8616.100827
-135085.971362,1,8616.128482
128040.363941,250,8622.127872
3360205.875869,250,8628.147882
-135195.526779,1,8628.181449
3333592.662521,250,8634.27914
-117492.496165,1,8634.304349
3312608.470519,250,8640.684734
-117550.736162,1,8640.713645
6758437.317021,182,8645.109239
115828.653916,250,8651.183115
-126397.538009,1,8651.207562
-143927.762622,1,8651.234796
-117560.440812,1,8651.255294
-165654.83517,2,8651.305795
-204801.984471,3,8651.376282
3497757.726448,250,8657.643657
5529592.863763,49,8658.915815
3499186.63631,250,8665.099335
96471.86734,250,8671.49591
-135199.009339,1,8671.519274
3410249.438718,250,8677.964013
-159018.171502,1,8677.991728
-143831.218136,1,8678.020206
6257413.677705,153,8681.958008
329238.385211,250,8688.215008
3137504.468454,250,8694.168843
128988.796089,250,8700.545403
3374546.268115,250,8706.727678
2642822.463156,250,8712.986104
-126375.103642,1,8713.011531
2792609.664771,250,8719.333451
3119215.668583,250,8725.575544
125020.324948,250,8731.906449
3603697.260771,250,8737.844385
93296.165235,250,8744.020764
1160286.70198,250,8749.973997
1056869.401333,250,8755.858264
104767.940529,250,8761.930133
3468774.345599,250,8768.008144
7398881.802987,205,8772.895646
6359960.015208,99,8775.260346
7781373.169003,220,8780.714662
-126304.41062,1,8780.740099
128335.079814,250,8786.944334
-117566.032008,1,8786.967471
-135119.37327,1,8786.995712
-117646.661557,1,8787.023322
226607.225823,250,8793.105169
3505454.541164,250,8799.071296
-117552.309854,1,8799.092867
116681.733231,250,8805.315827
3118585.116316,250,8811.575411
103797.713457,250,8817.725861
-126391.801703,1,8817.747245
101532.556825,250,8823.746633
2564949.527795,250,8829.955765
-117545.410534,1,8829.985893
3316460.224563,250,8836.13448
103360.682289,250,8842.11973
168159.487084,250,8848.103212
1200425.589521,250,8854.090138
2985114.409851,250,8860.076653
514958.781464,250,8866.205315
-117574.606273,1,8866.239479
-165380.552404,2,8866.281614
-126371.322164,1,8866.310198
-135190.826241,1,8866.335883
2995419.477927,250,8872.460354
3601953.870466,250,8878.625908
5893901.691409,126,8881.926666
-126472.166298,1,8881.952022
86451.443777,250,8888.181909
89358.596207,250,8894.465247
-117447.645909,1,8894.495778
2899712.69551,250,8900.711109
5767197.475239,56,8902.13927
3311388.092864,250,8908.393669
7085808.719919,176,8912.803365
-135199.757671,1,8912.833676
-135102.919775,1,8912.87165
-89367.839434,20,8913.394289
3213709.320343,250,8919.580651
119069.782923,250,8925.821492
-135104.125151,1,8925.862175
7527511.975309,196,8930.805592
-135097.459321,1,8930.845949
-117557.919145,1,8930.886518
-117579.215219,1,8930.913895
-126365.081942,1,8930.936415
-135208.857111,1,8930.961628
555943.592322,250,9003.283696
6242883.238096,174,9007.366771
-161007.162659,2,9007.409962
7392572.116246,192,9011.958932
-82725.263806,18,9012.400535
3161222.831302,250,9018.688081
160392.021341,250,9024.804358
-153612.529985,1,9024.834776
115741.479665,250,9030.919115
292993.589964,250,9036.985138
2888659.507903,250,9042.944806
-161688.716657,2,9043.009127
-144040.558693,1,9043.034903
109145.685292,250,9049.210569
670268.983797,250,9055.37161
6090797.624097,66,9056.949483
114701.444326,250,9062.913593
561807.865553,250,9069.213125
-151760.845474,1,9069.233277
82574.866113,250,9075.233993
3660583.483526,250,9081.208446
7124011.466805,217,9086.492838
94259.567917,250,9092.717092
5951704.888357,96,9095.059969
-143805.177953,1,9095.080682
3425703.076142,250,9101.177822
3933117.263466,250,9107.246686
110168.308231,250,9113.536892
101843.373569,250,9119.933719
-156260.783309,2,9119.983704
1978532.632153,250,9126.289033
7017684.929859,160,9130.15713
2737299.520469,250,9136.408243
3061049.524601,250,9142.560232
8531129.890208,203,9147.532292
104479.89628,250,9153.736611
-117549.466212,1,9153.767823
231978.566264,250,9160.125989
97376.55904,250,9166.568809
-117544.225981,1,9166.592003
317769.0658,250,9172.600828
390053.205251,250,9178.946482
3405574.689528,250,9184.99712
92029.536578,250,9191.050852
124316.275884,250,9197.313975
6057975.390037,144,9200.908015
2266697.842879,250,9207.071792
126018.029421,250,9213.228946
-126198.119277,1,9213.249726
3282973.023674,250,9219.606942
6849274.404564,170,9223.870214
3608843.02019,250,9229.936308
269575.478286,250,9235.941273
7760687.650634,203,9240.833516
199908.437291,250,9246.854874
2903661.904931,250,9252.980165
-134090.394882,1,9252.99908
3466364.48452,250,9258.834034
7494650.928176,187,9263.204476
1113757.862007,250,9269.240248
-108148.452858,15,9269.586141
295713.90263,250,9275.526467
5983684.332268,118,9278.360808
100687.276528,250,9284.522659
2122510.87989,250,9290.559026
3820402.60444,250,9296.694244
99990.986617,250,9302.784392
374962.832937,250,9308.90783
2871283.910527,250,9315.017891
-117566.140976,1,9315.041249
2222881.308646,250,9321.131406
-126369.288216,1,9321.166272
111622.014368,250,9327.11237
3663892.710302,250,9333.215512
259894.643857,250,9339.406971
-143655.38731,1,9339.439564
1409714.45858,250,9345.400128
93017.280499,250,9351.489874
6908806.07481,175,9355.869058
870221.371971,250,9362.097169
3176883.084279,250,9368.301722
-145952.010939,1,9368.322027
368175.987052,250,9374.680968
3534776.707103,250,9381.049558
-155195.459013,1,9381.079438
6284913.965659,110,9383.894446
5763177.578527,108,9386.626443
-167385.838944,2,9386.675385
3942376.660821,250,9392.722532
387968.286747,250,9398.80688
-117564.716636,1,9398.840826
3598197.463031,250,9405.18167
201816.177998,250,9411.576828
233754.610266,250,9417.7748
82033.832895,250,9423.97893
216666.862044,250,9430.329994
119563.142077,250,9436.668362
1367614.987838,250,9442.841254
8082096.233882,237,9448.823452
78474.866136,250,9454.795732
7237141.214728,174,9459.278977
6135531.677359,115,9462.220466
6543444.670446,140,9465.703815
-163780.69394,2,9465.750903
2403421.99875,250,9471.864782
86911.364072,250,9477.802898
-117667.231646,1,9477.822765
344274.788229,250,9483.760125
-180990.790896,3,9483.841138
109654.500316,250,9489.933554
-135118.987561,1,9489.953906
62527.881654,250,9496.162619
80322.004414,250,9502.243594
3054250.038353,250,9508.284439
6504158.513689,110,9510.909968
6013089.434792,88,9513.021087
7224718.091351,163,9517.035578
101427.730881,250,9523.006555
112772.231767,250,9529.035641
7706707.006191,203,9534.150791
7028100.378913,183,9538.601429
840748.973805,250,9544.625269
-117548.213054,1,9544.643635
-135083.570408,1,9544.678834
845946.258537,250,9550.763697
6245312.60131,165,9554.729888
85393.506245,250,9560.712363
7901653.996651,231,9566.338316
-126467.727522,1,9566.358679
95441.494443,250,9572.220431
337444.306281,250,9578.278863
115466.45843,250,9584.306497
6469692.076288,155,9588.060077
-117653.067901,1,9588.08862
2825960.650663,250,9594.481975
800908.666629,250,9600.60547
-90170.125871,15,9600.978245
1217268.637395,250,9607.270212
103884.148477,250,9613.394639
6220838.920297,106,9615.911916
7158759.891338,176,9620.374614
6911284.053251,178,9624.92123
-126374.863365,1,9624.947121
6815303.896063,183,9629.573003
228242.897518,250,9635.900768
119105.499007,250,9642.037957
-143922.202573,1,9642.060688
-159767.274369,1,9642.08667
6589973.731587,154,9645.963256
6225854.086163,158,9649.859491
1942410.755662,250,9655.906018
6494266.710513,139,9659.284303
6650740.795177,193,9664.178452
-154905.311591,1,9664.199065
-155182.009817,1,9664.228622
7485138.666155,184,9669.095864
-126457.526217,1,9669.116725
211528.339717,250,9675.352598
2814991.900519,250,9681.485116
2883214.56459,250,9687.813614
207343.195809,250,9694.161593
-155216.724416,1,9694.197511
-135158.961741,1,9694.22225
-126283.85726,1,9694.257809
-162031.184079,2,9694.30553
55618.165578,250,9700.641937
-155428.073724,1,9700.681386
-153568.40136,1,9700.707404
6779917.490424,186,9705.109639
2679683.677763,250,9711.223516
7462980.204694,201,9715.997258
3042440.29292,250,9721.833871
6149542.325137,141,9725.190011
961697.769358,250,9731.197644
114868.694774,250,9737.113315
-134150.172076,1,9737.136905
-137575.12551,1,9737.155719
6209095.874671,97,9739.475003
-151094.818363,1,9739.502305
5493981.005577,82,9741.334368
316425.587756,250,9746.807443
468289.838366,250,9752.697035
5952546.987913,110,9755.376747
93307.734132,250,9761.343222
-135196.685271,1,9761.366704
357656.328297,250,9767.386612
123002.314806,250,9773.508426
-171097.51702,2,9773.55613
6225382.945138,103,9776.112301
97749.399342,250,9782.099603
5946933.331946,101,9784.547866
3129151.049317,250,9790.616278
3054909.183707,250,9796.879219
1081441.614943,250,9802.936931
958288.623028,250,9808.778062
564954.937254,250,9814.812997
-116557.984586,1,9814.839106
-135099.931715,1,9814.865275
-117559.688288,1,9814.88473
5678476.932646,111,9817.483271
-135149.37905,1,9817.513629
-145854.995373,1,9817.534215
99762.35153,250,9823.481712
124049.395701,250,9829.606846
-135286.732942,1,9829.627063
252577.874962,250,9835.793854
7725377.707726,217,9841.333145
-163850.270668,2,9841.377724
6177091.739099,130,9844.746551
6612593.132343,175,9849.129267
289772.392585,250,9855.3551
849184.45397,250,9861.629944
6319440.705949,141,9865.144961
117070.015637,250,9871.3995
127431.446837,250,9877.662481
297316.368357,250,9883.6534
6633225.941424,132,9887.175176
-155239.326628,1,9887.195696
3290678.76082,250,9893.53875
-135101.577389,1,9893.56149
104774.366448,250,9899.396357
-135325.636995,1,9899.413502
6399187.987825,98,9901.797974
7295869.417321,184,9906.43925
-117450.526619,1,9906.460078
-135108.819278,1,9906.480349
547445.890982,250,9912.663079
261101.833132,250,9918.905351
678854.967759,250,9924.856392
6366033.457696,158,9928.699066
477830.598751,250,9934.801272
7071777.762382,190,9939.560892
123570.116455,250,9945.681322
-135089.678142,1,9945.703718
2732412.979543,250,9951.811279
6016122.52786,148,9955.533556
6130367.327645,89,9957.765771
-117550.897296,1,9957.79331
3605323.717507,250,9963.853671
2125701.731436,250,9969.884899
-126388.046959,1,9969.916144
346559.138685,250,9976.173709
87515.365403,250,9982.270467
288915.491378,250,9988.079981
446918.851001,250,9994.066519
111170.426928,250,9999.880709
5859984.592012,76,10001.724232
6908032.39752,169,10005.720143
5966300.948582,125,10008.758527
6161866.999269,127,10011.729351
5766832.067559,66,10013.306024
105792.584458,250,10019.283845
382185.815906,250,10025.389951
284334.69983,250,10031.40518
-135094.122138,1,10031.437096
-126328.034747,1,10031.462797
6623684.834176,163,10035.371728
8142142.856359,238,10041.185026
-135106.090335,1,10041.218453
7456276.954856,180,10045.467748
-117563.223283,1,10045.496341
-117666.238674,1,10045.5175
314464.298559,250,10051.635735
-139892.66403,1,10051.653952
131179.286534,250,10057.700794
-117561.336085,1,10057.714096
-163478.689648,1,10057.755293
5813207.412785,127,10060.823784
8092665.031595,228,10066.298711
141306.129783,250,10072.584778
6653587.573878,168,10076.905203
-135174.882705,1,10076.931198
280830.915614,250,10083.165807
-126383.420677,1,10083.191475
3451218.220915,250,10089.516984
-145623.579401,1,10089.543789
-135195.260098,1,10089.568044
-176957.69997,2,10089.620179
6616543.53726,155,10093.449748
-126462.723351,1,10093.487739
5975883.004648,87,10095.628554
125348.956644,250,10101.641003
5984556.763171,96,10103.980134
6441186.573839,135,10107.254597
-154870.122716,1,10107.284413
5878246.953845,108,10110.05774
98752.091142,250,10116.448574
-177853.107457,2,10116.49988
5986791.565708,66,10118.1761
242904.051613,250,10124.626312
2915462.550105,250,10130.909421
6073467.124887,155,10134.700858
-126367.893565,1,10134.729055
118228.573003,250,10141.032981
6026948.763639,97,10143.455085
-175271.969774,2,10143.50897
117684.582898,250,10149.724822
-117547.522865,1,10149.750503
-126275.769598,1,10149.775901
107076.678601,250,10156.18561
405526.876722,250,10162.385442
385311.75052,250,10168.549307
7254420.339405,204,10173.560302
105190.441868,250,10179.590848
5781307.549682,140,10182.9856
5745489.482732,69,10184.604817
-145918.461392,1,10184.632827
6610683.912863,165,10188.587663
6090376.443952,144,10191.914546
-146389.873203,1,10191.932347
-126374.569591,1,10191.953349
5888678.785898,121,10194.718621
6248793.454794,76,10196.545621
-117574.627734,1,10196.566189
5704666.211317,90,10198.690818
5629127.16902,181,10202.964629
-126276.392107,1,10202.993525
6742746.657697,173,10206.999302
663384.032307,250,10212.847478
-134987.891122,1,10212.873115
6836895.836608,150,10216.475456
5885674.110192,81,10218.437094
324478.827179,250,10288.237873
6615465.627679,178,10292.500782
2702930.415242,250,10298.711245
-117550.102892,1,10298.730966
107817.83016,250,10304.904567
-135090.53226,1,10304.930804
-117549.192565,1,10304.953062
7144892.821505,142,10308.473516
-167206.588541,2,10308.523313
-126393.570146,1,10308.550143
-170063.666558,2,10308.604283
-137713.160245,1,10308.635042
6394768.32535,96,10311.035012
317075.261548,250,10317.348533
6308723.996831,143,10320.910716
107055.560997,250,10327.166589
6509401.264023,137,10330.617726
1862179.393014,250,10336.927212
5772545.791732,67,10338.695791
7116563.011389,199,10343.728912
6532118.882103,165,10347.92397
925916.583368,250,10354.280146
505212.576696,250,10360.563537
6808978.463791,185,10365.281438
6113169.618098,121,10368.348305
-94659.965324,11,10368.622655
6101381.888581,124,10371.746643
-126264.94897,1,10371.762955
-143808.106521,1,10371.794377
-117546.608563,1,10371.816212
6344199.846929,132,10375.070463
102422.508416,250,10381.140999
177270.877335,250,10387.24419
6726889.58716,129,10390.434946
6355492.225237,93,10392.829359
5551664.660185,76,10394.680662
-117547.593417,1,10394.708341
-137503.973234,1,10394.727625
6361855.036158,131,10398.037927
387360.453057,250,10404.163382
2107744.409326,250,10410.413312
-117543.004853,1,10410.433638
3831904.804884,250,10416.741554
6424257.341971,150,10420.454001
124000.426322,250,10426.723319
-144077.047477,1,10426.749319
6945975.4312,165,10430.769634
6107796.437375,121,10433.631923
3670686.041552,250,10439.506299
-117552.50831,1,10439.524548
103812.220548,250,10445.600658
1674688.114533,250,10451.659935
5656000.309308,67,10453.217549
398326.901247,250,10459.186716
215488.628418,250,10465.25464
1853638.777995,250,10471.299273
114936.45109,250,10477.315179
129791.226256,250,10483.354795
130195.536417,250,10489.409327
251060.605788,250,10495.582837
116895.714317,250,10501.724125
79308.392796,250,10507.808832
373760.829272,250,10514.024385
6780416.222481,168,10518.17306
-117570.282873,1,10518.19542
132072.366054,250,10524.211427
-151860.892267,1,10524.233219
3244516.522807,250,10530.429989
5982618.565602,82,10532.399569
331678.830262,250,10538.183153
-170973.28082,1,10538.205259
-117562.843925,1,10538.223878
101398.672099,250,10544.24584
5968384.514882,128,10547.322662
-136295.250021,1,10547.345554
-137502.402188,1,10547.36952
-117544.219569,1,10547.394394
97853.397031,250,10553.623345
5823389.974443,81,10555.642049
6990911.662668,196,10560.582112
5986364.706652,110,10563.290366
519611.106365,250,10569.526417
-117642.97289,1,10569.547584
5907595.062205,123,10572.581009
104505.51321,250,10578.916586
6333540.56523,136,10582.225303
-135201.561542,1,10582.253948
6135825.599634,126,10585.420546
-117558.794128,1,10585.444269
-135193.332679,1,10585.465562
6754129.038245,154,10589.456646
124442.167229,250,10595.681701
8012185.144197,229,10601.440424
360750.870977,250,10607.55553
6640004.795706,164,10611.696553
-117550.103726,1,10611.721771
6085036.266923,118,10614.707814
-137815.349249,1,10614.731809
126761.571639,250,10621.154685
6445795.574181,109,10623.794067
126905.313816,250,10629.874227
7658587.481927,207,10635.015774
-167402.887918,2,10635.070604
118322.088345,250,10641.176994
5778245.783864,94,10643.42075
-154860.156991,1,10643.441458
-136078.283351,1,10643.471716
124999.859906,250,10649.751742
6554606.328823,140,10653.174833
6047037.661102,91,10655.500172
2477834.145814,250,10661.732326
-117646.267437,1,10661.758731
-126174.238513,1,10661.778518
-126370.768812,1,10661.809739
184341.985221,250,10668.085826
6183156.200611,132,10671.251082
6267689.36554,86,10673.410419
93188.221358,250,10679.524113
2343171.133079,250,10685.63748
1511794.833775,250,10691.73743
7384663.110446,207,10696.701048
-117547.744496,1,10696.725815
6635224.6047,178,10700.881098
-135087.607674,1,10700.906622
7881848.085472,220,10706.180754
-117549.342351,1,10706.206944
-126261.722089,1,10706.233184
130063.096406,250,10712.223245
3155694.382324,250,10718.143325
-137649.080432,1,10718.165724
6007496.63998,97,10720.538866
6197819.708364,84,10722.682456
87280.58644,250,10728.709719
1723984.932971,250,10734.57633
91076.798859,250,10740.667178
5983995.270435,140,10744.234691
6179051.694613,103,10746.82191
6556451.087582,150,10750.641629
111077.304598,250,10756.695391
107493.692554,250,10762.660517
-160291.718595,1,10762.680942
-117554.534317,1,10762.70138
935549.106491,250,10768.764766
5695895.674485,109,10771.371015
5702048.520308,67,10773.026751
-126164.057874,1,10773.063444
5987596.717627,77,10774.866805
5928091.094777,65,10776.506985
-145701.480055,1,10776.525429
6304166.096292,105,10779.138492
6494528.445779,128,10782.496169
7121213.531286,164,10786.459361
7007094.682431,196,10791.226102
497424.703616,250,10797.450352
6026964.80539,78,10799.436997
-135097.796594,1,10799.457398
6386856.334041,123,10802.523559
-135014.874963,1,10802.543441
-117551.909244,1,10802.573978
-126500.887217,1,10802.594065
6672559.713139,142,10806.056932
119802.840911,250,10812.290848
-135188.202313,1,10812.321568
-117659.462396,1,10812.346288
-137557.325609,1,10812.375659
-143953.565793,1,10812.396785
5862696.532064,72,10814.232196
6258812.061564,180,10818.881146
1964318.666472,250,10825.052011
241641.489181,250,10831.39291
100357.340588,250,10837.701298
7154482.902358,181,10842.523283
5623407.381713,106,10845.20294
-148211.387655,1,10845.22347
-152152.517308,1,10845.259255
1091203.072892,250,10851.582929
229024.260414,250,10857.867758
6580680.23252,147,10861.532979
-135185.050264,1,10861.559927
-143984.801979,1,10861.579767
7107009.537421,194,10866.40384
5965701.381857,129,10869.714144
168170.824741,250,10876.193341
-154808.597122,1,10876.204946
6761200.205517,157,10880.260622
6488945.297018,139,10883.763608
5969984.585673,116,10886.635418
905493.677712,250,10892.953204
92611.205537,250,10898.986829
-155014.035332,1,10899.010725
107271.475976,250,10905.044119
6241862.036825,138,10908.264451
-135092.482353,1,10908.284489
6594507.987839,141,10911.59244
6252858.845549,125,10914.570816
-165810.213705,1,10914.596963
2215207.956686,250,10920.641641
113298.845369,250,10926.853633
675536.94043,250,10932.827827
6026239.956232,94,10935.117891
63147.779625,250,10941.314784
-117566.857611,1,10941.345054
2562284.744725,250,10947.607324
290593.126761,250,10953.598577
131917.068498,250,10959.625243
332197.242249,250,10965.779733
-143822.984566,1,10965.811364
6830462.007324,151,10969.472948
109632.802443,250,10975.463557
-135093.598937,1,10975.483911
202994.708139,250,10981.534965
5673039.67009,51,10982.766994
352168.721006,250,10988.717055
313229.849464,250,10994.845403
589029.744039,250,11000.87066
239102.344257,250,11006.878206
-373040.962992,250,11012.964922
-135101.979235,1,11012.992804
-134161.45428,1,11013.021236
-126281.009326,1,11013.051601
5943882.045522,103,11015.657458
6861211.043576,175,11019.837075
94853.984388,250,11025.987789
227472.013608,250,11032.255758
5604597.059503,58,11033.689904
109813.72587,250,11040.056811
5950369.62939,105,11042.595891
-143988.040248,1,11042.63209
254947.391528,250,11048.586059
-154584.525575,1,11048.610335
-117561.974487,1,11048.635259
109338.747742,250,11054.828495
125906.556062,250,11061.030989
-134987.081894,1,11061.055331
-197464.250099,3,11061.131156
5769376.142957,120,11064.245395
6620620.197629,168,11068.428543
103097.854434,250,11074.648247
273740.26484,250,11080.973272
6189338.365788,136,11084.360762
-128063.78081,12,11084.656582
377399.058091,250,11090.873972
-163728.029571,2,11090.926412
-199281.674159,3,11091.004403
5963651.466511,107,11093.721798
98032.100147,250,11099.775448
6587713.501779,176,11104.019945
7289559.071966,214,11109.242885
96342.329579,250,11115.472015
-153896.450924,1,11115.497764
118314.957846,250,11121.603976
6185685.843352,149,11125.086697
132483.087258,250,11131.054569
-143940.343514,1,11131.080897
336985.575466,250,11136.872495
6067571.837647,104,11139.41547
325583.295238,250,11145.660965
128869.143862,250,11151.537629
-135103.785761,1,11151.561492
6406048.713543,137,11154.664443
-155279.680707,1,11154.681471
6098090.471717,115,11157.238895
5889527.281721,104,11159.561136
122063.016221,250,11165.157876
6437771.391501,134,11168.394979
96889.362189,250,11174.149093
5766198.487187,55,11175.406741
6081068.857266,126,11178.260847
523258.934134,250,11184.009074
6125819.093814,125,11186.95125
6149245.611066,113,11189.634268
1713885.056278,250,11195.637727
-117552.283789,1,11195.663871
2550843.558666,250,11201.55462
-117545.315116,1,11201.585155
-116556.230126,1,11201.610596
-135100.746934,1,11201.63584
90357.465451,250,11207.566675
6444006.492185,145,11211.053084
6376659.237139,144,11214.491794
274341.806585,250,11220.365
107806.856194,250,11226.30641
-136992.529523,1,11226.327111
5822017.826645,70,11228.082912
-137732.464417,1,11228.103416
6359187.11828,130,11231.246468
-126268.644428,1,11231.26386
122441.776832,250,11237.232529
-117559.84006,1,11237.247291
6835237.919486,208,11242.170323
5856719.868032,133,11245.366146
71867.725571,250,11251.300886
-126263.383707,1,11251.324675
196739.352653,250,11257.433379
6563091.068526,148,11261.040872
-153487.114019,1,11261.064592
6230731.058281,140,11264.417267
6283788.160115,95,11266.706782
-126261.047114,1,11266.738508
6124403.668284,114,11269.548594
57138.836427,92,11271.788506
5771826.651371,88,11274.042515
6632018.085353,154,11277.932708
7043457.507918,230,11283.540762
-126296.603716,1,11283.568515
7300946.12781,186,11288.351326
6622463.251548,169,11292.58744
-117584.740553,1,11292.611507
-117548.012284,1,11292.636753
109542.208444,250,11298.821787
6428732.102696,161,11302.96546
5670632.434441,91,11305.251612
6414830.064992,133,11308.507695
-117556.232975,1,11308.529242
226989.43646,250,11314.709058
6098194.802053,116,11317.41151
6112010.407471,108,11319.88388
6462742.205305,134,11322.931184
-136239.400479,1,11322.962247
-149308.899267,1,11322.988149
331444.462821,250,11329.178298
5928845.682164,107,11331.826221
6462265.050605,155,11335.469777
-117555.728029,1,11335.499929
357885.065378,250,11341.282429
2241544.709641,250,11347.554725
141196.236402,250,11353.540281
-137675.238637,1,11353.569992
5859243.560022,135,11356.871284
753723.998235,250,11362.880143
133122.369487,250,11368.758748
6554273.402034,172,11373.008452
6187557.452353,128,11376.222982
849917.22959,250,11382.320211
361558.386619,250,11388.443485
5758811.507856,97,11390.817534
5699396.771064,59,11392.210848
-183202.248501,2,11392.262418
6463845.984896,133,11395.339641
5863178.153506,70,11397.033951
6350709.558347,147,11400.492726
44399.01829,250,11406.410915
6165647.989047,126,11409.439887
-126364.934684,1,11409.460076
6126254.170894,94,11411.856302
128914.532696,250,11417.887268
-134990.559388,1,11417.907753
325506.063387,250,11423.706995
105267.59368,250,11429.60294
81007.202086,250,11435.534417
104003.779314,250,11441.376496
142127.885038,250,11446.971707
5976874.924239,122,11449.794091
80245.975063,250,11455.843559
-135100.950702,1,11455.867008
-117570.54297,1,11455.890343
6366266.957928,182,11460.227339
6470831.217628,144,11463.577633
131337.66908,250,11469.661162
5923580.35773,88,11471.779798
-136831.773689,1,11471.795681
350208.488302,250,11477.969934
5999997.656344,114,11480.774164
5483897.672108,131,11483.894275
6324753.788004,124,11486.895276
-135142.559882,1,11486.916386
2289871.845133,250,11492.994314
-117445.18383,1,11493.016754
93743.756261,250,11499.064546
119500.932523,250,11505.181141
-135107.346989,1,11505.209654
5710146.952605,72,11506.9605
-133945.436348,1,11506.987408
2454437.073659,250,11579.445399
6066377.861224,126,11582.591076
1822853.463665,250,11588.823841
101966.581943,250,11595.048066
6936561.623738,179,11599.302658
94445.936043,250,11605.531932
429548.882264,250,11611.689733
6018992.880723,108,11614.37369
354522.554843,250,11620.612329
-125266.558031,1,11620.638016
-126382.098309,1,11620.661598
6301357.374967,129,11623.792079
-117565.958764,1,11623.81174
-126372.59661,1,11623.832274
-135148.486612,1,11623.862471
6126029.477491,117,11626.734236
6525445.300736,151,11630.514815
-155865.599705,1,11630.538846
6033986.298888,102,11632.997761
-135095.636249,1,11633.020298
-126160.563842,1,11633.043942
111879.714413,250,11638.963222
6174498.024038,80,11640.863966
6285726.637825,130,11643.998396
-126279.689445,1,11644.028573
5916045.123347,121,11646.935294
125332.889089,250,11652.946554
-134992.620977,1,11652.97104
107704.400795,250,11658.972374
118903.060737,250,11664.914192
94725.80649,250,11670.86232
-135004.096799,1,11670.89287
269895.381614,250,11676.760598
1814895.194206,250,11682.708475
-135091.964994,1,11682.739908
-117641.37082,1,11682.767977
6231728.944769,99,11685.077509
5679509.07104,104,11687.620829
6234139.704237,129,11690.838964
6110335.153091,155,11694.728979
1111170.040841,250,11700.680469
285558.662041,250,11706.679402
90247.512831,250,11712.75382
359043.953071,250,11718.771852
-117551.44032,1,11718.798385
-117592.869082,1,11718.823125
5849700.396687,82,11720.935501
113234.311429,250,11727.09498
-153778.534149,1,11727.115338
6847414.51912,152,11730.677923
100357.669878,250,11736.749551
8064088.545032,246,11742.843472
90120.364367,250,11748.842282
6252909.981715,112,11751.66708
6030861.728413,119,11754.699772
86759.550611,250,11760.929412
-158570.132612,2,11760.997295
-143821.775751,1,11761.019635
100546.004431,250,11767.170988
-117655.250307,1,11767.201299
6168885.227342,86,11769.350692
5926919.856425,143,11772.965749
-117649.586563,1,11772.992986
118447.538839,250,11779.111196
6254628.388358,150,11782.806463
-126277.166264,1,11782.835256
175798.106398,250,11788.947562
5968454.625773,103,11791.431588
-126388.439026,1,11791.453987
-133928.117566,1,11791.476104
6428149.065019,136,11794.85735
6016470.066998,141,11798.432031
1367109.148952,250,11804.640552
-143822.430728,1,11804.65911
6184020.412603,136,11808.12659
-117567.929163,1,11808.158172
8012510.71621,217,11813.608093
6046296.171703,129,11816.792531
5648223.838905,76,11818.674263
-204218.475284,3,11818.738926
6562070.640832,119,11821.66313
6622550.411767,226,11827.333981
-191888.553488,2,11827.389373
6872010.529706,192,11832.155397
-126280.398907,1,11832.181295
-117444.486559,1,11832.198071
5819344.184681,99,11834.70523
-156717.387687,2,11834.756727
129522.682687,250,11840.941937
110937.970322,250,11847.130089
-143995.72611,1,11847.160719
6016371.935619,79,11849.133196
-126442.17829,1,11849.153296
-134998.970851,1,11849.180984
127184.998934,250,11855.523501
5668187.06683,113,11858.320582
6462401.401868,148,11861.929124
-117557.305143,1,11861.947753
-134985.214804,1,11861.978759
6960210.338147,187,11866.57659
-135005.714251,1,11866.604814
5861794.393633,77,11868.369081
121688.432463,250,11874.352167
-117649.348944,1,11874.371274
-135222.447333,1,11874.399549
1885577.227154,250,11880.221252
7054834.665838,218,11885.699743
106867.141246,250,11891.854852
195737.356687,250,11897.994931
6327958.324729,156,11901.810353
-153753.624484,1,11901.841281
6711905.22337,170,11905.964468
263637.041007,250,11912.159213
-117553.84035,1,11912.179307
677062.808018,250,11918.185477
-186249.195912,2,11918.240046
87427.055456,250,11924.22248
-137234.908949,1,11924.241284
-137697.591691,1,11924.271322
6745200.738476,180,11928.621214
6299460.653403,94,11930.896973
-149007.37966,1,11930.919099
120421.343067,250,11937.034527
123054.449521,250,11943.094033
-126263.763205,1,11943.117971
-137632.716897,1,11943.15378
-117453.832042,1,11943.179277
6485150.985207,157,11947.012138
139428.877539,250,11953.010978
5918025.260724,134,11956.153241
-139964.12012,1,11956.177703
5888012.058297,130,11959.35451
6629075.04895,168,11963.399805
6456429.433801,141,11966.719503
-134409.785045,13,11967.024151
6669920.886083,164,11970.841559
256147.25644,250,11976.823219
-126269.152802,1,11976.857842
6138772.072466,134,11980.029552
203291.092528,250,11986.245329
-126513.532504,1,11986.264846
6426936.988568,145,11989.925471
6661935.510384,165,11994.136179
6223207.281649,126,11997.326665
-148073.714792,1,11997.361019
-117557.710843,1,11997.381188
7042321.875066,170,12001.547915
6200528.606591,142,12005.269317
6935616.070007,221,12010.955823
-146124.140004,1,12010.978993
7051378.584944,196,12015.80197
-197846.866227,3,12015.878432
6317169.640072,114,12018.750612
-126261.501877,1,12018.77169
308925.956043,250,12025.019452
-117678.115347,1,12025.042144
6176767.164301,177,12029.553449
6387524.90223,182,12034.300599
6191574.154599,139,12037.867362
-135113.797836,1,12037.899814
114955.081128,250,12044.102165
-143916.297985,1,12044.122693
113262.538882,250,12050.457654
132710.606727,250,12056.594829
5861922.634193,157,12060.415391
123796.942243,250,12066.718021
-117555.246309,1,12066.738422
-117644.768467,1,12066.778477
5639475.267133,99,12069.090833
5652843.942934,97,12071.469227
134275.696832,250,12077.749724
109795.986715,250,12083.979867
115445.552881,250,12090.133726
6143829.372318,119,12093.114609
-152231.320344,1,12093.147426
-135108.491892,1,12093.172799
6146294.316458,130,12096.513513
6328061.255378,130,12099.675654
6967490.243201,220,12105.335659
133704.240673,250,12111.384704
2595426.714441,250,12117.60827
-135116.420823,1,12117.639067
6012308.663615,111,12120.262464
5943430.516945,123,12123.221351
-135111.467801,1,12123.251476
-135128.191679,1,12123.27194
6400668.118289,149,12126.785449
111933.685744,250,12132.591373
6006697.159365,143,12135.871784
2452777.484871,250,12141.936943
6444970.660948,138,12145.232956
6887275.428899,168,12149.249038
88932.464245,250,12155.407275
6924959.012218,181,12159.577556
-117563.754059,1,12159.610037
101543.124959,250,12165.446388
-126182.786847,1,12165.469751
7626875.88877,197,12170.192676
312376.347283,250,12176.294828
261391.612422,250,12182.420828
576214.186641,250,12188.534254
5460992.303705,59,12190.044111
-117560.869819,1,12190.068977
-143952.843086,1,12190.094462
357467.701863,250,12196.200103
-135103.536515,1,12196.220204
105731.282672,250,12202.33596
-135190.868388,1,12202.361328
-154470.418554,1,12202.385973
-135094.605103,1,12202.404655
-117555.017271,1,12202.425036
6504642.283801,215,12207.662004
-152209.557488,1,12207.688488
279766.13844,250,12213.750553
97569.323291,250,12219.789609
5947103.880053,132,12222.888987
6422361.548258,156,12226.792954
98183.500335,250,12232.939422
302112.332208,250,12239.159357
-140191.291597,1,12239.182451
6301558.978433,164,12243.235812
5921764.709243,168,12247.5271
-159216.529963,2,12247.5826
-135206.250266,1,12247.616968
6616944.820269,158,12251.555188
6553937.054111,151,12255.395258
333755.689889,250,12261.556494
-137794.334585,1,12261.585046
-117662.576851,1,12261.624013
5971938.449996,95,12263.920155
-126267.135621,1,12263.950712
1513230.989588,250,12270.234361
6997299.460504,196,12275.421973
6137259.438658,135,12278.768873
-142742.181491,1,12278.801976
5923132.703741,115,12281.64982
117593.592347,250,12288.005615
-135134.056603,1,12288.028564
109273.748175,250,12294.170084
126667.986714,250,12300.247199
212699.656808,250,12306.52603
-126171.763764,1,12306.557059
217529.358793,250,12312.631018
-137745.452607,1,12312.661061
534361.119974,250,12318.912443
-150506.998072,1,12318.931663
-135093.15811,1,12318.956537
1191583.436781,250,12324.910582
6263762.144977,144,12328.414551
6592294.531893,125,12331.523802
113255.358279,250,12337.789911
116039.329953,250,12344.054751
197907.925494,250,12350.275024
6399193.359521,142,12353.724609
6046449.171847,111,12356.394332
6977895.811731,242,12362.443063
6639545.023185,151,12366.06991
5853209.626187,85,12368.058247
296134.712674,250,12373.946351
104550.912818,250,12379.940576
127207.332886,250,12386.093234
-126269.550359,1,12386.118786
6537391.550686,143,12389.56393
-173124.655915,2,12389.614393
7423640.814742,248,12395.494853
6179863.706788,112,12398.133956
380058.396969,250,12404.243263
-161628.778628,2,12404.296066
5814984.469026,125,12407.249012
-117644.288773,1,12407.274726
6102779.688054,94,12409.635214
-126262.45882,1,12409.66231
5520234.602042,99,12411.9763
-126364.996449,1,12411.997606
-135100.903153,1,12412.026958
354838.53222,250,12417.895006
131845.946518,250,12423.935722
5610899.246186,44,12425.072128
-173263.824939,2,12425.117403
6667884.482795,175,12429.397759
6585447.718715,177,12433.749244
5617606.132408,55,12435.038961
-153542.433271,1,12435.068254
140709.881321,250,12441.020181
-117660.535766,1,12441.058827
-117566.413973,1,12441.088144
-117551.900755,1,12441.103013
-154798.749979,1,12441.140495
309569.317956,250,12447.192189
107954.086926,250,12453.13562
5926781.609875,145,12456.736639
95569.478954,250,12462.78473
249351.846029,250,12468.916551
99915.706457,250,12475.266187
-117550.949681,1,12475.292525
-133843.150234,1,12475.306365
-126274.280297,1,12475.326569
6618827.809652,180,12479.942699
128261.990008,250,12486.229852
121053.519953,250,12492.433349
6072432.92681,131,12495.82022
132988.348979,250,12502.096632
111904.840496,250,12508.284207
6006169.962732,113,12511.217909
6629061.533301,199,12516.139547
6281724.825165,129,12519.340582
115243.078919,250,12525.631302
6097909.65132,113,12528.5199
6113715.117914,126,12531.803565
92127.689365,250,12538.142926
402978.213718,250,12544.460484
6555141.867156,178,12548.847769
-126373.77867,1,12548.872946
492025.934056,250,12555.216073
-163634.590239,2,12555.267715
249109.087622,250,12561.555375
575450.525154,250,12567.774801
7242326.7434,247,12573.980241
5933833.067645,101,12576.400609
128034.548984,250,12582.488597
158833.558104,250,12588.562796
-54344.85349,90,12590.654834
161252.275933,250,12596.566483
-204093.982528,3,12596.64349
6401388.867693,130,12599.801704
-160884.197471,1,12599.825945
-135090.772693,1,12599.85657
-126266.211852,1,12599.876659
123393.477217,250,12605.934936
-117574.985531,1,12605.955334
227015.245391,250,12611.931221
5687188.658671,106,12614.384156
-118993.479717,17,12614.796239
1432487.046245,250,12620.860348
1737635.08647,250,12627.144892
5792765.973522,125,12630.180516
897996.996616,250,12636.257308
87920.526632,250,12642.342255
77023.976978,250,12648.473233
6233352.181016,126,12651.564688
6272373.822818,159,12655.467193
6849365.085626,173,12659.744773
110769.709967,250,12665.879235
5706054.683243,58,12667.290213
-126363.516623,1,12667.313463
525579.026257,250,12673.525421
7366500.608879,206,12678.408914
6479347.26495,151,12682.030979
-135158.85034,1,12682.058236
-184952.079033,2,12682.106541
118988.756988,250,12688.225529
6271296.365597,107,12690.853925
6532999.604372,175,12695.105853
352125.16648,250,12701.123937
-117549.537695,1,12701.144799
118555.803629,250,12707.184856
-117555.614198,1,12707.222785
-117556.990324,1,12707.250424
-126374.926225,1,12707.270691
-135089.727089,1,12707.296372
-148308.800665,1,12707.320923
5887207.641887,119,12710.367699
-139463.611967,1,12710.394636
-117559.032788,1,12710.408471
6762619.705741,170,12714.62703
122164.384816,250,12720.825773
90499.541348,250,12727.741603
7149699.850182,192,12732.588102
-134992.470627,1,12732.614808
6744185.447031,143,12736.581603
118813.432263,250,12742.78849
6207807.328212,143,12746.23927
5751714.088799,113,12749.074036
-126272.550422,1,12749.106497
-161490.265135,1,12749.124642
7156818.320345,198,12754.083704
106478.958457,250,12760.250255
-117565.624029,1,12760.265137
7109233.410853,210,12765.514457
7436569.041101,220,12771.02746
6757768.74771,146,12774.550351
7131892.815134,196,12779.279454
5586488.303628,49,12780.529775
6504843.363605,139,12784.066317
6931661.76359,182,12788.507267
7428512.031325,230,12794.159425
-156946.960039,2,12794.207342
292486.002587,250,12800.492395
-117558.839871,1,12800.517412
7180042.996607,179,12867.849509
-135628.434749,1,12867.877899
-145796.716309,1,12867.898883
6470536.544389,183,12872.399562
-117548.84055,1,12872.4239
5967049.483371,104,12874.868215
-126171.813099,1,12874.896133
5760064.715535,83,12876.937443
6015560.880934,109,12879.607789
-126459.004362,1,12879.635712
108185.661762,250,12885.783399
2378237.131429,250,12891.994309
91916.87994,250,12898.201447
-126270.910664,1,12898.226068
6395509.742113,148,12901.783056
5882944.316574,200,12906.653251
7558269.398019,212,12911.970068
1280409.948073,250,12918.247177
-135087.65025,1,12918.271398
149402.794679,250,12924.131968
6362221.933541,127,12927.243544
317974.238224,250,12933.715331
6124462.875334,120,12936.566041
-136620.42858,1,12936.586556
128430.35894,250,12942.494285
-148152.3607,1,12942.525351
-151096.821412,1,12942.544023
6871493.825013,218,12947.928891
118904.328066,250,12954.267372
6173753.996223,166,12958.495003
5866409.302407,120,12961.63043
5811221.850926,173,12965.99294
116218.554587,250,12972.287652
124308.051037,250,12978.765096
-144064.17267,1,12978.788964
106737.156317,250,12985.16749
6149479.47862,114,12988.019738
194357.599176,250,12994.386553
-90124.065043,13,12994.707971
-136659.511627,1,12994.734197
75757.880828,250,13001.098162
-149591.985662,1,13001.126075
-135202.344717,1,13001.158481
122313.658739,250,13007.497921
6169443.266249,110,13010.157324
-166167.852454,1,13010.189693
6345605.55275,163,13014.249339
124817.573807,250,13020.670099
6637279.414709,157,13024.693481
5815065.86826,92,13026.981258
121611.340382,250,13033.245502
6327568.049484,146,13036.925454
-183888.344603,2,13036.986527
90989.978187,250,13043.103503
2188787.989145,250,13049.416271
113778.931849,250,13055.774654
118843.639739,250,13061.958141
-135226.038118,1,13061.986543
-126273.203031,1,13062.021141
6101070.078018,116,13064.945673
2421750.688908,250,13071.410845
114728.799673,250,13077.385171
-117545.92735,1,13077.406148
5987593.176174,124,13080.452264
7108898.033532,196,13085.248699
5649990.590572,72,13087.028408
134263.101186,250,13093.106232
3050541.300144,250,13099.048829
6050418.679177,108,13101.564422
269956.644275,250,13107.371429
6038179.957722,111,13110.109168
-125374.075511,1,13110.136227
5716159.800407,93,13112.32838
6099319.910831,141,13115.636735
120451.728754,250,13121.801671
-135104.524266,1,13121.81953
-143124.14743,22,13122.358887
-117554.22761,1,13122.380976
5738501.236767,121,13125.220486
-134991.934354,1,13125.245423
87471.3105,250,13131.574198
-117550.18982,1,13131.596515
116433.841298,250,13137.770138
1190470.929409,250,13143.99768
-143926.643594,1,13144.017674
6407794.593926,147,13147.675844
6150252.764077,157,13151.558013
5965447.995247,135,13154.96829
5585098.839397,40,13155.910985
6137285.651503,98,13158.349912
-140337.010574,1,13158.373425
1768233.761829,250,13164.531043
-99980.051087,12,13164.80523
5837677.589056,99,13167.203775
518657.814072,250,13173.331609
6390888.637594,113,13176.060471
-95266.779783,12,13176.337766
-125265.091986,1,13176.363089
-143925.088862,1,13176.387244
346422.443148,250,13182.328956
7177189.981651,246,13188.150526
6327408.119859,139,13191.663199
121658.67861,250,13198.059192
5641713.912946,57,13199.439328
6420189.501355,189,13204.259777
6879674.431694,205,13209.424376
-151154.048583,1,13209.445073
5646806.476278,103,13211.988842
-117665.293691,1,13212.011585
-142192.233909,1,13212.031544
168463.92663,250,13218.268916
-126264.000688,1,13218.310286
6090195.74144,112,13221.162074
6740601.630395,178,13225.706165
97523.606613,250,13231.873466
5523648.181745,91,13234.131224
6370170.961671,139,13237.674065
121445.855816,250,13244.019916
1702817.109651,250,13250.241418
135350.070479,250,13256.451532
141394.907491,250,13262.803716
2994785.804348,250,13269.048946
-136999.631345,1,13269.07661
6949115.756228,199,13274.096669
5611830.85177,151,13277.840252
5989520.915987,126,13280.960278
5873982.972147,74,13282.71363
-135096.435404,1,13282.739981
-117574.079827,1,13282.766834
-135224.826176,1,13282.798402
-126280.35265,1,13282.822953
84941.882374,250,13289.133022
5782598.731047,70,13290.903926
2276626.582681,250,13296.91474
-117545.040893,1,13296.9533
-169430.664103,2,13297.009493
133125.843831,250,13303.322736
-126369.253776,1,13303.342765
-143940.517697,1,13303.369789
5897213.278308,91,13305.502611
122742.680394,250,13311.74778
94256.070777,250,13317.868311
476575.098365,250,13324.0374
-135150.613597,1,13324.067776
-181180.96412,2,13324.119442
-142734.699785,1,13324.146994
5687412.792537,73,13325.869143
6416661.622159,158,13329.758833
6143765.929677,103,13332.263396
207876.132322,250,13338.460427
-137700.173172,1,13338.48357
6098904.891552,143,13341.907716
97357.785859,250,13348.024936
6110827.218449,151,13351.731246
258977.336531,250,13357.67637
-135106.672658,1,13357.706748
226419.782691,250,13363.402772
120793.424393,250,13369.365291
201858.327185,250,13375.66438
-126275.28438,1,13375.688574
5955453.459193,95,13377.995247
6304556.137729,121,13381.033311
-135109.996355,1,13381.065366
-117662.369036,1,13381.083965
106988.525101,250,13387.330719
94231.066416,250,13393.475613
6086237.658946,170,13397.540284
6926952.749026,221,13402.9415
5682155.993934,88,13405.094069
6060391.08446,184,13409.706433
6045570.252978,197,13414.690908
112093.61632,250,13420.872296
-117641.691958,1,13420.906234
-117657.416305,1,13420.932514
498840.270668,250,13426.792236
5769668.265062,83,13428.829801
5761360.072611,114,13431.730451
98677.756831,250,13437.932549
3078194.238854,250,13444.226328
6931564.044414,198,13449.380156
119777.97668,250,13455.746532
130016.505913,250,13462.010672
-139841.210715,1,13462.030809
5616258.093457,101,13464.538829
-1456.169587,226,13470.27975
-150264.397222,2,13470.325757
129181.363954,250,13476.568766
-135090.847506,1,13476.582882
6317267.397165,139,13480.087927
-126365.089233,1,13480.119966
122738.9376,250,13486.389319
136253.957742,250,13492.340761
138673.949388,250,13498.526616
5755647.289683,109,13501.176498
-154940.323132,1,13501.199914
225244.414716,250,13507.556944
1838198.888116,250,13513.803646
6437592.27433,154,13517.636804
129727.779772,250,13523.762866
2315629.124059,250,13530.165626
5637671.36469,68,13531.805517
124947.289985,250,13537.992916
-135110.263836,1,13538.019831
-155377.697195,1,13538.038098
7226450.014223,223,13543.584571
132996.8993,250,13549.5131
-126379.375532,1,13549.53863
-126301.238162,1,13549.555295
5704606.759066,103,13552.122883
124957.082373,250,13558.036176
6279798.266402,195,13562.730664
-137463.349735,1,13562.760895
845895.723055,250,13568.76393
-117496.669553,1,13568.791976
104730.354298,250,13574.699123
5750274.386749,101,13577.068213
6884613.169932,192,13581.677151
-148144.715047,1,13581.697375
5892767.301168,122,13584.592865
-135190.62527,1,13584.625718
94199.653524,250,13590.626898
5440541.625308,52,13591.927015
87373.172505,250,13598.034764
-117654.174426,1,13598.055087
6084451.594386,154,13601.809896
221564.051518,250,13608.051824
-135046.153859,1,13608.079394
-117445.848669,1,13608.100566
6167347.905643,110,13610.690463
-153895.591183,1,13610.722826
6177479.080455,144,13614.207554
409816.528672,250,13620.259594
6086549.140834,148,13623.937984
301310.262597,250,13629.963044
6251088.230315,147,13633.579022
88630.395499,250,13639.570031
-117547.515932,1,13639.592499
-135108.289576,1,13639.622344
268518.043679,250,13645.941685
5688228.77113,114,13648.640422
-117547.346928,1,13648.668755
-135047.131225,1,13648.689665
-137250.325323,14,13649.046919
-161462.70788,1,13649.07585
-135084.493793,1,13649.102911
7078724.810155,168,13653.262311
6400269.913937,147,13656.872668
118045.284173,250,13663.129295
5635033.578894,89,13665.301259
6132864.85916,115,13668.137534
6192892.478994,191,13673.008943
6211561.187871,97,13675.384739
-135109.295175,1,13675.412018
-135038.038872,1,13675.432235
-135198.434377,1,13675.462722
6034191.712122,98,13677.862649
-135095.378089,1,13677.875948
-143864.611046,1,13677.91068
-170460.227604,2,13677.961337
158886.916853,250,13684.143719
6492701.505077,143,13687.794805
124120.542593,250,13694.103612
133283.9804,250,13700.52816
104892.045077,250,13706.916083
-135226.880378,1,13706.938153
114438.387929,250,13713.244126
5894001.085515,176,13717.582572
155953.235374,250,13723.428565
-117465.742328,1,13723.447955
6535018.122,148,13727.082061
6356347.364659,109,13729.749001
5909622.02431,108,13732.612794
-137527.216436,1,13732.632759
5783182.242425,110,13735.207017
6345834.750149,146,13738.09445
5962755.685756,134,13740.542902
6220527.868064,128,13742.934399
6489234.125838,193,13746.546312
2402878.647672,250,13751.18416
6343038.078088,197,13754.827424
-154899.48688,1,13754.858763
5875522.689122,116,13756.904927
-117542.55262,1,13756.924273
111130.864199,250,13761.462051
6565033.511853,189,13765.989888
-106233.050322,10,13766.260103
5670835.997073,122,13769.282275
-135025.891333,1,13769.307855
2034248.148416,250,13775.550695
6174449.906291,235,13781.303664
6278129.753005,137,13784.577607
6396036.384129,140,13788.015188
-117567.257265,1,13788.045635
131123.237413,250,13794.065413
5796499.335875,184,13798.582295
5432809.568287,60,13800.166487
-144049.166273,1,13800.200679
-117553.714394,1,13800.230661
6974171.567064,166,13804.330208
170266.536093,250,13810.461757
5997330.123774,124,13813.492713
127146.868743,250,13819.495343
92644.4858,250,13824.593322
5853110.078335,77,13826.0168
-117547.871165,1,13826.031293
116028.58246,250,13830.713394
6120475.301457,139,13833.431648
6222000.735249,179,13836.881228
-172228.594761,2,13836.920498
-155651.19602,1,13836.938529
-165125.908247,2,13836.979472
280442.53544,250,13841.867944
-155031.018844,1,13841.891426
127195.785831,250,13846.706062
6196953.34083,100,13848.583827
-126267.530226,1,13848.602421
127742.408037,250,13853.409932
6552802.136484,179,13856.564709
252929.161047,250,13861.122893
-117548.911539,1,13861.143189
127748.485998,250,13865.773634
5622759.391077,211,13869.456683
5525030.598353,149,13872.16097
5989512.942827,103,13873.981068
5500655.54477,158,13876.935489
7048361.849265,178,13880.296489
116308.018645,250,13884.905218
268365.928369,250,13889.633053
-126168.458579,1,13889.64962
5888268.734265,156,13892.618947
-149928.771494,1,13892.645049
-159465.812339,1,13892.660267
114153.977416,250,13897.365635
-117650.476546,1,13897.38727
155364.93207,250,13902.097322
-135149.457685,1,13902.117648
5845884.740523,83,13903.712422
5860078.479617,156,13906.65225
6652357.921087,129,13909.035356
-146192.269035,1,13909.051766
5639044.034246,176,13912.266928
6545930.436535,186,13915.707318
6093108.271962,114,13917.79981
5730453.847415,72,13919.177498
-117547.814274,1,13919.195865
-126384.877548,1,13919.221018
-126264.898775,1,13919.24227
6017528.501792,122,13921.503861
7056720.849771,235,13925.844905
-126375.50562,1,13925.874995
-116551.779868,1,13925.894236
6059927.600142,142,13928.520522
-126369.478418,1,13928.544737
6844890.507894,214,13932.161181
117650.989562,250,13936.71834
91685.738255,250,13941.339957
7173001.708283,191,13944.570471
105505.280412,250,13949.022229
6797608.796847,182,13952.312009
-135091.687396,1,13952.330784
98165.901005,250,13956.859898
6503642.875639,179,13960.161974
6812871.959041,173,13963.575609
319855.795704,250,13968.272042
5925827.446382,177,13971.496564
5639887.350876,118,13973.693229
-117568.833397,1,13973.713547
5918436.10972,124,13976.036915
143615.614956,250,13980.684357
-165384.240386,1,13980.703438
-126276.3755,1,13980.721407
-126278.918072,1,13980.742429
5879213.578703,165,13983.637359
5686419.811219,62,13984.745386
-191614.214796,2,13984.7876
5838626.058466,151,13987.525002
93611.553164,250,13992.112149
308589.420079,250,13996.774573
123140.655831,250,14001.42497
-135115.91942,1,14001.442973
62545.028398,250,14005.987792
-155846.583775,2,14006.029096
171432.295558,250,14010.698575
6684844.640817,172,14013.999591
-155190.87314,1,14014.016562
424031.626528,250,14018.800078
115805.777276,250,14023.2809
-126435.872315,1,14023.291872
-135123.133417,1,14023.314335
-144017.500273,1,14023.322538
120117.911285,250,14089.980171
-126313.279021,1,14090.001479
129192.120906,250,14094.675277
5894798.747857,146,14097.412507
42346.064544,250,14101.955425
-126180.138401,1,14101.975785
5504010.776905,83,14103.510953
91392.182649,250,14108.178722
-144004.105813,1,14108.198314
98698.331232,250,14112.752983
-135005.047852,1,14112.782919
