#{"t_start": 1761518847.1076944, "env_id": "PulleyEnv-v0"}
r,l,t
-137784.478138,1,1.164657
-89504.10889,24,1.302401
-77160.847293,49,1.587363
-135098.820735,1,1.595587
-87217.046415,67,1.959218
-87562.365463,25,2.094008
-143814.142629,1,2.098015
-59024.83738,60,2.422519
-135134.424087,1,2.436089
-87704.23793,43,2.655573
-119580.969291,20,2.767584
-155144.33037,1,2.775086
-79036.240257,38,2.972962
-74589.034221,48,3.227988
-99572.091781,27,3.365981
-88547.194941,23,3.492047
-135092.395123,1,3.492047
-92117.724086,31,3.665698
-97678.800864,45,3.912156
-94904.713969,30,4.077842
-135004.572249,1,4.077842
-155266.939098,1,4.091339
-115135.667516,54,4.387028
-66180.755163,60,4.704947
-100271.793916,12,4.783396
-154199.630768,1,4.783396
-47177.620372,106,5.352368
-102255.304007,37,5.549505
-144026.575097,1,5.549505
-86636.151922,26,5.686252
-82449.051878,41,5.906873
-99574.16635,66,6.284111
-117565.107866,1,6.299123
-111929.130634,33,6.530076
-110279.640362,28,6.868098
-85050.034638,37,7.462092
-67314.616885,60,8.486936
-101721.152515,28,9.018026
-126482.954141,1,9.033999
-155434.585588,1,9.063651
-156858.885497,1,9.084898
-126387.759778,1,9.105213
-117570.041033,1,9.125285
-90208.645929,35,9.697712
-155282.117707,1,9.717803
-135094.349895,1,9.738444
-98064.650996,10,9.920317
-126388.952553,1,9.943817
-135092.725722,1,9.96043
-80112.012983,33,10.505138
-93456.777993,16,10.770699
-126304.580109,1,10.780719
-135082.651895,1,10.800823
-135092.952623,1,10.821246
-92263.08247,20,11.134795
-135105.337248,1,11.156551
-130970.066936,24,11.607329
-92253.207085,15,11.886858
-96060.429892,26,12.347185
-83393.907372,25,12.788
-137465.426771,1,12.808628
-102384.087146,36,13.480616
-92997.539821,17,13.807801
-93715.483176,14,14.05433
-155293.758083,1,14.070422
-97074.841386,12,14.284253
-69306.043823,64,15.43206
-73811.485118,46,16.285783
-89148.414475,40,17.341527
-135253.679471,1,17.359686
-51396.242427,104,19.292724
-91110.348216,38,19.955674
-97715.9554,37,20.594838
-85488.285756,17,20.901277
-83852.514557,21,21.304913
-95589.656231,13,21.534875
-86269.282253,37,22.152315
-118369.255343,17,22.434467
-111939.515517,51,23.31791
-64788.070248,103,25.212255
-93147.962864,15,25.496036
-83322.26554,34,26.132584
-117567.001346,1,26.149114
-117090.876785,16,26.451653
-110374.398656,27,26.934773
-117577.104272,1,26.961513
-101520.953163,17,27.248768
-78583.656149,34,27.891562
-68236.22911,53,28.829097
-117932.118115,23,29.264153
-112594.749803,16,29.549331
-91141.607801,29,30.077079
-76012.96625,37,30.739873
-95297.188394,20,31.078506
-95975.460358,46,31.87824
-126263.812439,1,31.900282
183190.159114,250,36.383268
-87626.305389,67,37.544556
-85143.688633,29,38.085127
-117446.881657,1,38.101873
-85651.331256,61,39.19605
-59188.41431,83,40.583267
-155301.51593,1,40.603388
-91873.022327,102,42.333653
-142853.03593,1,42.351651
-152423.154017,1,42.372228
-73758.692851,66,43.425252
-63483.790688,59,44.428704
-76296.005029,41,45.104711
-154624.635915,1,45.124733
-87876.056684,23,45.528979
-117487.290166,1,45.548598
-36191.895697,113,47.551222
143835.675704,250,51.966591
27496.419567,222,55.707151
-168421.828104,2,55.73515
-180108.178297,2,55.778014
-17053.15423,218,59.550536
-78068.437874,44,60.306266
-151358.884115,1,60.326693
170042.152496,250,64.789449
133662.509412,250,69.223182
163827.920292,250,73.650275
151274.543922,250,77.876388
-58292.245002,88,79.486659
-37273.622361,108,81.446186
141474.66458,250,85.802512
96584.615129,250,90.269864
-29383.533436,104,92.13189
143169.98837,250,96.69722
9826.321729,185,100.004254
-80819.451874,81,101.461427
19956.764854,219,105.366242
-39871.245603,171,108.52568
-1953.716092,187,112.037782
149115.433707,250,116.782362
-6540.23183,159,119.826048
-30731.242028,144,122.583416
65974.964093,250,127.320845
139757.374624,250,131.965591
891.972946,201,135.565741
-33350.297983,127,137.862329
120101.187269,250,142.259497
-27018.598317,156,145.059118
17167.389289,227,149.25563
-68561.002179,66,150.610965
-126282.492555,1,150.629321
153277.68541,250,157.272081
-68230.842709,73,159.17454
40399.549851,233,165.461487
-52476.621639,102,168.15997
142702.336151,250,174.190825
-46812.371466,96,176.486984
-66286.881437,77,178.326805
-126364.760482,1,178.35531
-76617.509469,70,180.07934
-117563.986531,1,180.096244
-40266.696026,94,182.164606
-117549.923925,1,182.178654
-55205.515327,75,183.933648
-135094.378908,1,183.951165
-163157.676545,2,183.998982
3304.346801,172,188.029414
-32896.908723,113,190.693412
-95025.645949,32,191.480716
-53116.578074,115,194.300023
-136418.818833,1,194.322003
-74834.359131,50,195.488148
-105942.27052,33,196.276669
-63069.648892,75,198.030333
-135185.903971,1,198.072386
-80782.396591,56,199.410133
-137542.808523,1,199.447883
-125681.12464,60,200.864803
-143846.523372,1,200.882214
-60401.778297,70,202.457389
-63717.284311,45,203.502549
-135098.945756,1,203.522704
-126369.528334,1,203.54649
-62149.985253,61,205.013772
-68649.321117,50,206.07761
-54180.856206,73,207.851661
-48378.327899,97,210.160414
-60012.694723,67,211.674172
-220704.604121,3,211.749808
-96397.927591,58,213.12911
-139777.488209,1,213.146166
-112612.841283,62,214.680617
123159.946566,250,220.950816
-60458.15473,70,222.566658
-90539.174693,101,224.831296
-66995.833811,106,227.333169
-111597.946828,43,228.423973
-47054.077643,146,232.13466
-91363.835379,101,234.798379
-135110.800119,1,234.82894
-135089.63535,1,234.865455
-136065.69512,1,234.901726
-77258.838021,58,236.32279
-71239.849391,88,238.54989
-137616.705606,1,238.57683
-126268.067773,1,238.600886
-15742.162289,191,242.368202
-60229.140695,83,243.817104
-140037.355924,47,244.673653
-94516.198257,30,245.227924
-90165.493802,33,245.853953
-74193.147613,83,247.264147
-164362.859144,2,247.306103
-31298.078432,123,249.42327
-114547.270526,34,249.99808
-73289.65595,61,251.069332
-65175.05966,122,253.257496
-155189.247415,1,253.284542
-56487.173736,104,255.963356
-117556.037846,1,255.978281
-75233.726844,46,257.123117
-89528.789577,34,258.081676
-126263.357023,1,258.108456
-77661.571334,34,259.106607
-117652.86695,1,259.134218
-61688.470624,75,261.167309
-59054.329987,84,263.460135
-101109.804879,98,265.830092
-167814.748971,2,265.877357
-156974.025764,2,265.929159
-55325.563538,119,268.910447
-126285.970552,1,268.927244
-86958.39363,30,269.69503
-77468.0836,59,271.179782
-47545.488836,96,273.574964
-89078.861426,52,274.879496
-117556.731074,1,274.902608
-52895.170733,151,278.648439
-30186.347881,175,282.966292
-72302.479489,92,285.301598
-117545.999263,1,285.32235
-46546.633926,106,287.949577
128265.256424,250,294.031513
-135117.348605,1,294.059832
-149177.308935,1,294.093998
155013.214685,250,300.294212
171750.497379,250,306.349346
-22945.41958,148,309.78679
-117476.594413,1,309.808619
-143919.939072,1,309.839119
116794.346996,250,315.926162
-151150.480918,1,315.960365
129086.59509,250,321.940356
145217.187499,250,327.754488
11014.342165,224,332.844461
175298.742651,250,338.930187
127529.474405,250,344.06718
139266.572432,250,349.772309
145429.112432,250,355.928157
-135232.758043,1,355.959243
143915.04123,250,361.912149
232373.343765,250,367.901398
232390.188669,250,373.794455
-117548.432575,1,373.813925
84493.240619,250,379.9084
278788.11083,250,385.85782
138878.372446,250,392.539847
114141.654985,250,399.41081
-117545.756546,1,399.431028
102634.292519,250,405.815203
275936.736159,250,411.583314
135787.545173,250,417.511373
-117645.668739,1,417.530367
126917.679629,250,423.80695
-143877.145921,1,423.821381
103333.14204,250,429.853269
-135100.076084,1,429.883487
41909.334142,250,436.48907
99363.96732,250,442.994872
124528.042319,250,448.919396
-135058.348437,1,448.939624
124183.945418,250,454.525697
397290.454266,250,460.219983
109851.287997,250,466.203775
130914.792233,250,471.997621
391720.425351,250,477.945626
-152994.637811,1,477.976321
395064.658673,250,483.809137
-117547.450581,1,483.829748
165098.416203,250,489.840635
176542.373412,250,496.236091
121508.224828,250,502.516227
265877.000972,250,508.59959
221870.871355,250,514.643565
251150.499025,250,520.718667
-126365.710324,1,520.749559
125778.804312,250,526.967335
-117644.178275,1,526.987657
-117552.974357,1,527.008004
-126307.701386,1,527.048733
335058.050994,250,533.04193
115281.430777,250,539.008619
113501.527306,250,545.459336
345056.109977,250,551.951043
187153.065168,250,558.382942
-126406.892415,1,558.406932
118794.284209,250,564.315966
493862.837857,250,570.12345
56061.501577,250,577.182985
-117664.212605,1,577.218903
155610.297396,250,583.492739
342214.712577,250,589.721085
342389.663078,250,596.678306
-135044.162111,1,596.7082
310136.241506,250,603.221793
-126376.851938,1,603.241796
127896.027458,250,609.019365
130856.563611,250,615.096674
-126262.969244,1,615.117328
437477.43914,250,621.328961
134701.174239,250,627.1372
329477.667324,250,632.902544
-156872.656388,2,632.988142
393459.656051,250,638.670471
241310.037082,250,644.559116
395918.025457,250,650.387437
-117548.336314,1,650.408928
409659.206844,250,655.857594
130023.542438,250,662.132072
-151633.850477,1,662.151597
287362.208603,250,668.158403
-135307.798189,1,668.178487
-153970.913802,1,668.198503
-126285.832734,1,668.218529
135186.745113,250,673.936378
116593.573608,250,679.918222
-117588.56171,1,679.941458
230255.100025,250,685.83789
130478.966278,250,691.826622
305655.186856,250,697.56597
403262.139066,250,703.065925
-185423.159933,2,703.110661
299994.305997,250,709.060047
-117549.70111,1,709.080477
-172545.934597,2,709.131543
557261.909446,250,715.06428
-135106.188315,1,715.086834
270728.064991,250,721.281524
730979.520934,250,727.023329
131525.796508,250,732.993961
214703.560805,250,739.242189
173533.923356,250,745.482522
429873.100831,250,751.573174
-141251.224775,1,751.600725
451491.686296,250,757.745988
129859.333951,250,764.028722
-117551.902602,1,764.049728
675926.556679,250,770.196636
139137.343743,250,776.031419
125034.559594,250,782.155007
293573.09316,250,787.955183
-145747.266236,1,787.989059
130588.397824,250,794.122678
-126300.286004,1,794.15667
121599.655834,250,801.374825
125963.516979,250,808.299304
299365.724585,250,815.451452
455407.170918,250,821.824132
137245.962063,250,828.238074
-126308.544872,1,828.266521
-167429.146686,2,828.325609
368061.025342,250,834.10586
247374.951388,250,840.081974
-157661.422062,1,840.108104
133115.079756,250,845.571016
-137545.573788,1,845.592898
-134235.727862,1,845.611144
485923.822152,250,851.283944
582145.766597,250,857.443057
-144046.036058,1,857.467079
524114.668966,250,863.336733
-117446.294034,1,863.366959
-135112.915371,1,863.392413
270834.984809,250,869.406815
122588.688488,250,875.441476
-117570.366096,1,875.467757
-117565.763376,1,875.48201
374509.351651,250,881.119929
-117445.862139,1,881.13891
727712.479978,250,887.038521
-117558.051295,1,887.064892
-195176.515634,2,887.107432
359992.327956,250,893.211786
131128.143721,250,899.496082
331930.255956,250,906.575485
225502.909985,250,911.803465
140902.771748,250,916.496078
-137625.186052,1,916.514591
139198.922813,250,921.074705
293514.483437,250,925.620653
496866.943693,250,930.30076
232552.981823,250,935.023974
-150025.036164,1,935.044041
133012.984938,250,939.783048
339874.69671,250,944.589127
637476.670489,250,949.087433
536591.670675,250,953.419563
520895.55904,250,958.00428
-54572.128194,96,959.772945
75519.806603,250,964.361802
489791.366849,250,968.932143
-117596.706273,1,968.950707
-117547.580597,1,968.966747
-126370.010258,1,968.983009
358310.13741,250,973.623736
-117566.18102,1,973.646845
189173.167776,250,978.221599
346670.884431,250,982.534305
384592.671954,250,986.90516
145036.472891,250,991.266481
163474.400132,250,995.6131
-126399.757312,1,995.633374
-135035.021932,1,995.653428
861754.784942,250,1000.223755
588543.265129,250,1004.730034
-126372.93054,1,1004.750165
248706.531371,250,1009.373394
-126367.855348,1,1009.394898
-125370.641579,1,1009.413914
484787.973596,250,1013.863423
546014.203166,250,1018.43388
648054.082152,250,1022.659224
389258.841362,250,1027.086097
638226.278997,250,1031.639699
109102.52268,250,1036.049999
-135111.07828,1,1036.068
563806.441927,250,1040.336429
-155088.623876,1,1040.346841
-117552.389914,1,1040.367321
97885.431393,250,1044.836749
679391.250654,250,1049.438549
739120.441197,250,1053.72408
465034.808395,250,1058.22061
578617.12369,250,1062.525613
210746.258124,250,1067.007297
-126405.657688,1,1067.027553
-135104.299869,1,1067.037626
-153333.976547,1,1067.05831
498577.652244,250,1071.540801
976584.52697,250,1076.024181
179303.587485,250,1080.802635
632347.988524,250,1177.353497
338426.966051,250,1183.256531
278836.687935,250,1189.347138
525454.517868,250,1195.887353
120027.805713,250,1202.080995
-117544.70015,1,1202.095463
574615.42985,250,1208.446284
460499.246338,250,1214.577092
131807.745423,250,1220.785863
116981.004433,250,1227.170651
422427.821681,250,1233.405223
454377.346384,250,1239.610068
674732.157467,250,1245.63114
-117550.931501,1,1245.658074
389531.096847,250,1251.698408
112669.25183,250,1257.901395
132765.916847,250,1264.029454
-117650.853411,1,1264.060183
340784.927041,250,1270.397382
480797.938927,250,1276.543342
917908.648122,250,1282.553734
-135086.753505,1,1282.594921
302778.958173,250,1288.784333
134088.577606,250,1294.790896
124194.428447,250,1300.82503
818681.018104,250,1306.952363
600449.858495,250,1312.760488
243912.220512,250,1318.790962
107515.456995,250,1324.94007
704979.568115,250,1331.010793
600848.120859,250,1337.479737
666973.931874,250,1343.74171
-183189.651359,2,1343.806067
716300.02596,250,1349.81278
670481.282605,250,1355.866896
-143747.445898,1,1355.890953
372915.702548,250,1361.957871
-126389.953952,1,1361.972778
619631.503701,250,1367.739209
514219.892541,250,1373.805748
554887.668475,250,1379.772914
-135004.332251,1,1379.800326
487027.47262,250,1385.716667
-183620.746645,2,1385.775526
271760.705483,250,1391.909364
700694.210483,250,1397.919428
705605.83682,250,1403.994013
-116566.691499,1,1404.016983
133625.155135,250,1410.176284
-117458.150498,1,1410.191615
962088.778583,250,1416.529999
417063.236666,250,1422.836761
675812.00841,250,1428.875093
636045.237089,250,1435.343753
583323.968219,250,1441.550797
758971.394947,250,1447.858715
571421.568509,250,1454.018772
621539.357907,250,1460.199093
747919.963521,250,1466.617365
641715.41908,250,1472.741383
660239.986614,250,1479.055621
300631.288207,250,1485.186296
-135100.514111,1,1485.204313
-126471.781562,1,1485.234915
219710.827358,250,1491.5489
779512.788469,250,1497.599694
74031.363544,250,1503.947492
897834.667989,250,1510.40485
415652.795314,250,1516.553536
97663.892865,250,1522.847141
201322.5093,250,1529.144535
648111.412164,250,1535.376621
542439.100932,250,1541.501459
854735.519125,250,1547.566253
870332.41415,250,1553.5904
137805.022702,250,1559.40598
-137446.714165,1,1559.436113
636097.248522,250,1565.638825
752079.857042,250,1571.65495
855011.424818,250,1577.567626
820165.913927,250,1583.387585
1070583.283325,250,1589.424917
853421.552271,250,1595.612421
-144664.839475,1,1595.642876
987031.548974,250,1602.101859
832464.2339,250,1608.005372
776677.955752,250,1614.166435
-135096.284788,1,1614.20513
192979.665988,250,1620.212687
480818.630889,250,1626.260681
1063710.625143,250,1632.217247
134232.346656,250,1638.216132
1023159.811757,250,1644.281347
-163261.5751,1,1644.313762
449378.264207,250,1650.367223
-126276.786331,1,1650.395128
134610.088055,250,1656.483224
764209.59317,250,1662.569841
-155208.147556,1,1662.598829
129717.075382,250,1668.712757
1204185.276924,250,1674.947032
748870.581487,250,1681.267128
613358.133332,250,1687.670817
590978.646049,250,1693.817361
-117562.026786,1,1693.8314
194699.938648,250,1699.954089
85512.880025,250,1705.970461
136126.402924,250,1711.983456
561314.087459,250,1717.954592
843343.205511,250,1723.991821
932872.080157,250,1730.211437
-126370.421578,1,1730.236408
874140.139904,250,1736.310205
91323.593647,250,1742.316085
666047.3796,250,1748.48728
-126276.860381,1,1748.507441
932429.445672,250,1754.474191
784667.987911,250,1760.571197
478066.011071,250,1766.472227
1941267.085047,250,1772.606798
131232.421285,250,1778.61833
1128833.328166,250,1784.555546
880447.970366,250,1790.730517
1178390.953345,250,1796.805182
-126483.156036,1,1796.832629
-126278.978022,1,1796.856941
672779.359518,250,1802.787639
261019.031957,250,1808.959917
-133086.48804,1,1808.987566
-160341.952139,2,1809.040527
-117552.339841,1,1809.068015
-135203.529231,1,1809.108091
1016661.494207,250,1815.125058
660845.647581,250,1820.937366
-135025.374272,1,1820.950873
165690.440691,250,1826.696834
-152770.364165,1,1826.713993
1154275.758472,250,1832.931001
326006.181781,250,1838.914354
-117578.719885,1,1838.945191
110631.792916,250,1844.801048
646490.173885,250,1850.905895
377379.385499,250,1857.134462
678053.014244,250,1863.372459
993754.682702,250,1869.303614
783034.047802,250,1875.433882
134832.843516,250,1881.59365
494469.785822,250,1887.70771
135916.966514,250,1893.734016
124451.809817,250,1899.884553
1373826.861179,250,1905.900992
634026.169027,250,1912.146121
-135089.500722,1,1912.170479
823174.937981,250,1918.185887
704276.614154,250,1924.456227
853672.686536,250,1930.782029
-135200.491892,1,1930.817
696646.167112,250,1937.130899
128842.953036,250,1943.433228
962437.399351,250,1949.680195
142548.237846,250,1956.031786
-117562.112696,1,1956.048246
1179019.638512,250,1962.085436
-164158.683124,2,1962.137128
-126415.562485,1,1962.162973
800415.761428,250,1968.476846
-117552.281946,1,1968.505167
751903.303205,250,1974.756983
1408778.080388,250,1981.179861
-135116.417788,1,1981.199661
932299.02774,250,1987.523528
841001.228006,250,1993.786577
-126267.464973,1,1993.818097
882299.476203,250,1999.941814
1315160.809066,250,2006.095601
85916.003294,250,2012.339847
1185249.874698,250,2018.419665
1182858.423301,250,2024.554904
1148952.40706,250,2030.673136
365361.669194,250,2036.599378
190333.643775,250,2042.536204
857096.23457,250,2048.574012
-126271.470601,1,2048.596953
-137476.000804,1,2048.627985
-117566.160789,1,2048.645346
-117554.184829,1,2048.67576
-117546.791671,1,2048.695251
-117551.630939,1,2048.724837
-117549.639353,1,2048.744881
980213.991661,250,2054.821584
602434.46844,250,2060.873005
-187185.227278,2,2060.929327
436757.845664,250,2066.872653
548481.818009,250,2072.877952
124855.987047,250,2079.086929
686325.818105,250,2084.965216
-117564.005106,1,2084.988941
-149411.272196,1,2085.025511
1226737.767685,250,2091.074527
142151.939345,250,2096.872323
862273.151462,250,2102.917797
1088083.779197,250,2108.93705
-117553.829257,1,2108.96953
-146471.912869,1,2108.996497
1299576.600107,250,2115.17564
299953.335062,250,2121.563764
1165259.987312,250,2127.657462
938522.574382,250,2133.732423
1456992.181348,250,2139.928359
1599376.385138,250,2145.979563
956967.067468,250,2152.281432
-117647.891872,1,2152.313499
781220.803993,250,2158.575678
462583.090947,250,2164.852619
1358574.821121,250,2171.048022
1146794.30251,250,2177.401433
1061566.772827,250,2183.611149
834319.471842,250,2189.979661
-126277.978015,1,2190.001534
1015288.242684,250,2196.259384
-126307.810394,1,2196.294661
1215261.557024,250,2202.706986
1518710.340222,250,2209.108191
1160960.84624,250,2215.530192
926416.373499,250,2221.892779
-126268.607994,1,2221.917876
-126368.754643,1,2221.945371
-176373.352481,2,2222.015081
117439.836835,250,2228.05124
-126189.505059,1,2228.074196
-172402.186621,2,2228.117503
-117642.393369,1,2228.142085
1313822.345373,250,2234.395918
125041.96343,250,2240.757902
1159577.270252,250,2247.016683
-117555.037808,1,2247.038927
120224.168084,250,2253.376948
-143916.404562,1,2253.404369
499296.430444,250,2259.676108
1115462.926172,250,2265.95847
1434026.288971,250,2271.915866
1252429.286293,250,2277.863012
119353.088113,250,2283.992546
1506787.811868,250,2289.934061
1305550.592621,250,2296.020479
-155798.715472,1,2296.035807
811956.252736,250,2302.013075
1452471.080765,250,2308.100725
-135097.483607,1,2308.12621
1957860.47841,250,2314.196614
1021138.013935,250,2320.223013
-117647.345666,1,2320.243566
1069124.281734,250,2326.271549
129194.548986,250,2332.442682
-117548.492092,1,2332.465393
-145992.724678,1,2332.483781
1861252.512059,250,2338.699883
412517.612675,250,2344.885827
124766.945517,250,2350.988487
-117544.016731,1,2351.011613
1287522.258417,250,2357.119425
978594.645734,250,2363.101244
1259179.92602,250,2369.241951
844714.744866,250,2375.208552
-126279.02747,1,2375.232552
1285981.612418,250,2381.227214
-162180.579954,1,2381.260576
1062824.53693,250,2387.486153
-135026.005989,1,2387.511395
1432789.297172,250,2393.971343
-117558.129854,1,2393.991543
806538.914413,250,2400.41052
1608014.918169,250,2497.802836
898444.144941,250,2504.202043
1239056.634196,250,2510.529601
-135199.359124,1,2510.552033
1265410.628161,250,2516.707108
1426778.888681,250,2522.825679
1450212.044033,250,2529.100436
665421.112181,250,2535.069932
109173.767394,250,2541.080925
1142703.035791,250,2546.87213
1209840.593649,250,2552.567175
845346.99635,250,2558.497854
1871899.998058,250,2564.283607
1256363.407341,250,2570.30927
106867.25534,250,2576.211907
94723.964879,250,2582.113949
1277075.669274,250,2588.221033
1405922.191773,250,2594.55332
-174277.467881,2,2594.603975
1003224.677653,250,2600.783998
115279.257064,250,2606.813433
-117645.224382,1,2606.854226
-117647.00468,1,2606.87527
119345.006707,250,2613.074862
2096083.89699,250,2619.200886
-126261.712555,1,2619.231566
-136072.859728,1,2619.252376
1184501.000252,250,2625.346994
1418871.442115,250,2631.509341
1829469.490727,250,2637.905127
1616572.881307,250,2644.305824
-117553.965915,1,2644.326015
953115.1929,250,2650.750547
552914.679034,250,2657.1071
135173.356134,250,2663.534514
1283199.832875,250,2669.938294
-145786.955191,1,2669.960005
1648178.560509,250,2676.214659
853494.43772,250,2682.58609
1505480.193138,250,2688.877996
1564420.708344,250,2695.044948
1331730.318604,250,2701.246044
1198262.145226,250,2707.517084
-117563.065098,1,2707.537121
1711791.089326,250,2713.837188
1668940.746426,250,2719.979222
888575.800022,250,2725.856849
133674.662247,250,2731.947249
1340173.113566,250,2738.237659
1145587.215003,250,2744.364547
136382.815259,250,2750.44252
-126282.411312,1,2750.480265
861999.839772,250,2756.350016
1553967.166741,250,2762.336063
-135232.608204,1,2762.378398
1834163.877027,250,2768.559592
1866344.248523,250,2774.775386
1923698.503705,250,2780.933921
610409.608393,250,2787.309327
569579.404874,250,2793.499494
1189153.267279,250,2799.80484
-160519.73837,2,2799.860474
-137519.451024,1,2799.884244
-117565.024681,1,2799.91462
-126374.778399,1,2799.934769
1226494.583754,250,2805.916222
-164194.164549,2,2805.961279
2120270.952628,250,2812.021104
-126294.873442,1,2812.051689
-137274.623112,1,2812.071791
1163253.981875,250,2818.087286
-126378.332904,1,2818.107578
-155460.883619,1,2818.127684
1648063.175621,250,2824.197123
-116704.28689,16,2824.653453
1741134.00208,250,2830.817919
1703079.531991,250,2836.913076
1313055.708016,250,2842.86627
1797129.615587,250,2848.914728
-137666.654106,1,2848.945427
-95393.898946,19,2849.415204
1762934.444001,250,2855.363514
-145951.915797,1,2855.386003
1900317.594167,250,2861.731146
1730149.229168,250,2867.883421
1798804.958306,250,2874.015838
2631689.420891,250,2880.408567
-140705.73303,1,2880.444812
-135088.917665,1,2880.474174
-126390.374668,1,2880.500625
1399208.18619,250,2886.952974
96661.371521,250,2893.269176
2065326.897632,250,2899.523414
2213336.536455,250,2905.912677
139371.75259,250,2912.237289
2185078.438962,250,2918.462886
-135086.349277,1,2918.48256
2287376.332888,250,2924.836385
963761.677793,250,2931.09733
-128132.224286,1,2931.116704
-126378.2151,1,2931.138969
1574151.582156,250,2937.283406
1609327.1195,250,2943.601444
1775722.901035,250,2949.750439
469347.457165,250,2955.816772
-152197.192057,1,2955.839777
2175494.218242,250,2962.03601
1937956.472762,250,2968.450595
3020224.865169,250,2974.696847
2193739.13149,250,2980.819396
1711090.715371,250,2987.265886
1732966.984782,250,2993.486808
-151124.730713,1,2993.512405
2029938.992324,250,2999.498747
173627.553634,250,3005.630951
-168430.036731,1,3005.648148
-152641.8288,1,3005.669183
2173471.513884,250,3011.672592
1916710.020725,250,3017.544045
2234746.712354,250,3023.501849
1448960.781558,250,3029.465216
1764181.681644,250,3035.578693
1419069.236674,250,3041.399369
1436819.673631,250,3047.553573
-135183.848843,1,3047.58345
-135201.789952,1,3047.606846
-135001.397168,1,3047.627039
-126382.590099,1,3047.6546
1888021.836428,250,3053.812719
-126372.322699,1,3053.83077
-155368.520937,1,3053.864588
1640026.296791,250,3060.071082
1663915.858534,250,3066.331847
2281448.932881,250,3072.539269
1816419.036727,250,3078.795338
1781423.228811,250,3085.036903
-117643.727684,1,3085.059956
1872017.137666,250,3091.235827
1627475.921972,250,3097.056317
3244795.265187,250,3103.445894
3061434.16239,250,3109.565737
1707100.737645,250,3115.893569
1921927.576333,250,3122.093011
3333107.266126,250,3128.360396
2611173.839371,250,3134.699106
-135101.660046,1,3134.724612
3388024.131289,250,3140.927388
109407.621496,250,3147.440157
2855026.163078,250,3154.033383
2974389.357092,250,3160.234869
-117553.74884,1,3160.252974
2631622.524494,250,3166.422606
1999639.638989,250,3172.888254
-117560.701007,1,3172.918396
-126368.950674,1,3172.941317
2352362.691517,250,3179.253251
-171369.568901,2,3179.304083
1975551.673416,250,3185.538909
1719348.194585,250,3191.929525
2305556.51467,250,3198.236549
1987425.737167,250,3204.552754
2020804.308325,250,3210.779841
2734830.541671,250,3217.113219
2370870.865235,250,3223.457642
87524.802402,250,3229.544576
1840499.87969,250,3235.701884
3065107.009649,250,3241.790349
-143907.963782,1,3241.819722
2831299.735252,250,3247.906142
1844928.397552,250,3254.185341
1451109.670226,250,3260.304023
-187559.945717,3,3260.367263
611969.289878,250,3266.648107
-117567.706499,1,3266.690591
1163271.251756,250,3272.685564
1603597.454648,250,3278.773862
2384150.497021,250,3284.807426
-148154.221461,1,3284.830372
1492507.76744,250,3290.795944
1378235.41675,250,3296.984317
-154270.770309,1,3297.015759
1652353.656953,250,3303.074078
2290988.579133,250,3309.22636
97315.784922,250,3315.360599
-195317.709114,3,3315.440978
-117646.836608,1,3315.461066
-98650.657778,7,3315.631066
-111830.058189,7,3315.809456
-97907.964249,9,3316.022269
893196.008156,250,3322.003666
1659052.35449,250,3328.487014
-154803.28685,1,3328.512016
1557106.869492,250,3334.663182
1961675.655166,250,3340.901947
-126261.654571,1,3340.937312
2203256.488567,250,3347.154089
1451742.61577,250,3353.579598
-117551.867967,1,3353.612097
1471032.180529,250,3360.088406
1688554.729242,250,3366.369587
2070334.757003,250,3372.865756
1398117.110455,250,3379.118659
1955292.154679,250,3385.239477
2011459.069725,250,3391.743157
1987579.985712,250,3398.225091
2007276.213102,250,3404.577924
1465185.876714,250,3410.841721
3119722.126475,250,3416.925738
2864973.877298,250,3423.242319
1697451.301155,250,3429.411476
2872968.330963,250,3435.542064
-95291.672799,19,3436.016439
-134987.162386,1,3436.042895
2835310.025633,250,3442.520539
1941259.20853,250,3448.821811
1745466.664819,250,3455.141474
1807179.425763,250,3461.439976
2629709.94187,250,3467.585468
1909611.380648,250,3473.675432
-126304.643622,1,3473.699969
2162041.618977,250,3479.682006
1851403.83322,250,3485.669188
2124749.936411,250,3491.690643
1562419.958622,250,3497.679862
-127555.878387,10,3497.923912
-117646.22099,1,3497.944798
2157842.45408,250,3504.032311
1666997.865275,250,3510.21788
1805338.62061,250,3516.202257
1840900.314796,250,3522.295303
119771.206598,250,3528.461063
-117553.691228,1,3528.484161
3234498.800773,250,3534.540698
2116464.121865,250,3540.704121
1967202.613748,250,3546.735874
1712956.358606,250,3552.828534
-135188.358145,1,3552.855132
1698300.283072,250,3559.096628
2433828.969077,250,3565.120536
1795184.676116,250,3571.079132
82417.226351,250,3577.096596
-185180.119571,2,3577.14377
1567500.800745,250,3583.16069
2179324.055259,250,3589.078572
2286404.821059,250,3595.351473
-117546.217672,1,3595.3778
1860458.220827,250,3601.519491
2364629.300431,250,3607.775744
-137787.914612,1,3607.806463
-117575.679907,1,3607.826571
3052567.508557,250,3613.941109
2736242.438715,250,3620.228083
1752989.922225,250,3626.442909
3280855.333227,250,3632.540678
-154104.504634,1,3632.572056
2680078.985274,250,3639.012154
-143918.827496,1,3639.042151
-163573.178212,2,3639.088192
1928306.727558,250,3645.284264
2583534.036719,250,3651.582504
784807.955259,250,3657.814442
123811.274015,250,3664.22324
850932.531143,250,3670.351532
-89544.319551,27,3671.049165
-93349.182362,12,3671.326234
-135083.745706,1,3671.35018
-141124.876602,1,3671.375847
149368.682793,250,3677.566766
188746.884814,250,3683.725392
1386248.533075,250,3689.937126
256310.651583,250,3696.015519
418668.900166,250,3702.269207
-127099.654237,9,3702.480984
952058.086859,250,3708.654477
771056.804151,250,3714.75214
-117669.427963,1,3714.782698
-153947.237294,1,3714.813821
1752767.504814,250,3720.899111
-117556.064514,1,3720.927939
1408366.621868,250,3727.180133
-97643.566442,22,3727.765864
2795905.083779,250,3812.305363
-126262.946467,1,3812.341053
1800045.327222,250,3818.449773
349282.168926,250,3824.416888
979013.600431,250,3830.673082
1505342.306812,250,3836.893125
1205345.90707,250,3843.143352
232624.637322,250,3849.425041
-126372.966571,1,3849.467224
2895706.041405,250,3855.993559
-170291.718074,1,3856.020475
2274224.91837,250,3862.323063
-87625.835955,23,3862.892228
1136776.75587,250,3869.207375
869355.050538,250,3875.658522
991101.327232,250,3881.865642
-162367.79853,1,3881.888466
-135003.64738,1,3881.920481
-93646.102217,10,3882.159644
3464791.803253,250,3888.294993
1232326.912496,250,3894.55429
541104.26407,250,3900.726713
1780002.5688,250,3906.892849
-117547.095603,1,3906.92339
1555911.12245,250,3913.097679
-126289.135031,1,3913.131427
1392879.830756,250,3919.39184
-134895.742754,1,3919.418797
2812926.083848,250,3925.712927
3382133.423612,250,3931.907661
311480.470315,250,3938.240189
288992.58517,250,3944.50115
-143896.261319,1,3944.525482
2212075.359694,250,3950.954576
3180602.37411,250,3957.036583
111315.542812,250,3963.070988
2957520.672402,250,3969.203408
-126377.990132,1,3969.231611
1790624.477412,250,3975.349074
1896568.07427,250,3981.516636
728613.351461,250,3987.559868
118432.77964,250,3993.68207
-134996.063954,1,3993.707215
-126368.308904,1,3993.732781
1123652.773503,250,3999.587402
1447284.339405,250,4005.413752
124493.308095,250,4011.356767
1514565.837282,250,4017.196375
-126268.005056,1,4017.235748
86062.517071,250,4023.357509
1485777.943364,250,4029.390974
2118355.6409,250,4035.575059
924064.765068,250,4041.574816
2181380.892789,250,4047.830769
-137010.039333,1,4047.854756
2024914.428619,250,4054.092326
115398.358587,250,4060.306682
-126375.134749,1,4060.34196
-117652.720773,1,4060.369833
2451423.578997,250,4066.618652
-117576.456045,1,4066.649875
1882295.043274,250,4072.986675
1083625.730145,250,4079.271488
-117555.514463,1,4079.305383
3595851.890582,250,4085.576531
-117548.14786,1,4085.596713
2671142.997457,250,4091.859997
3103348.064172,250,4098.164999
-126268.286415,1,4098.189806
2896347.759051,250,4104.505378
-126362.666629,1,4104.533208
1696392.95134,250,4110.844951
2892294.824835,250,4117.137707
2720490.966451,250,4123.653703
-135119.736318,1,4123.684638
2945690.939947,250,4129.863839
2247229.090005,250,4136.0427
843605.525927,250,4142.46925
1370540.60292,250,4148.728505
1670338.725099,250,4154.918295
1714576.526876,250,4161.028328
2002340.824439,250,4167.073802
1556765.749005,250,4173.309648
1365080.131572,250,4179.538422
122721.910957,250,4185.682795
2786719.457267,250,4191.83992
2119587.151821,250,4197.728881
2914093.986528,250,4203.895281
2086123.893658,250,4209.889946
3785320.412516,250,4215.929617
2646573.418586,250,4222.098225
3253628.275037,250,4228.261894
2795163.639486,250,4234.425404
-179471.331322,2,4234.476672
2808428.754308,250,4240.795859
1507388.306273,250,4246.951637
-134041.389216,1,4246.980127
-135125.097912,1,4247.006858
1678174.191147,250,4253.125845
-117678.455455,1,4253.154651
125276.887659,250,4259.353068
3202217.321025,250,4265.573354
2053375.896305,250,4271.752928
2542301.752009,250,4277.836864
-155539.540383,1,4277.868088
2675669.363594,250,4283.863523
2978353.583848,250,4290.140952
2812810.415808,250,4296.102887
3323751.787605,250,4302.273788
95223.82461,250,4308.249222
-135220.825738,1,4308.265183
1630654.540522,250,4314.451627
3016460.6193,250,4321.0161
2851752.165498,250,4327.405727
3341248.001642,250,4333.665803
2775420.146599,250,4339.925714
-126482.73138,1,4339.956279
1817804.397931,250,4346.219209
1861297.456721,250,4352.459781
68225.384489,250,4358.704437
1670324.627343,250,4365.073591
1502675.735364,250,4371.187814
2091977.110879,250,4377.474308
-126175.339025,1,4377.500776
2812222.523159,250,4383.592621
2928394.610795,250,4389.744024
-117566.444412,1,4389.773831
2177287.467477,250,4396.179311
3679556.245613,250,4402.477098
2094186.441177,250,4408.685765
-135920.476074,1,4408.71431
-126192.827675,1,4408.746385
-135209.241949,1,4408.780613
1740545.960271,250,4415.034335
59300.258814,250,4421.17669
-135016.988328,1,4421.194178
2697971.597957,250,4427.503235
3249395.484374,250,4433.7065
1466856.324539,250,4439.923629
-135085.678829,1,4439.93902
-137609.344121,1,4439.97023
3401636.600695,250,4445.98424
1506478.777912,250,4452.060735
2345703.079043,250,4458.019708
2208476.75754,250,4464.001984
-117543.482283,1,4464.022114
2291293.32165,250,4470.039837
1872184.253948,250,4475.964231
2937917.939773,250,4482.0794
3096383.095783,250,4487.931353
1782576.462472,250,4494.224131
119421.575502,250,4500.477129
-167178.563518,2,4500.53458
-155127.63647,1,4500.548987
-155109.303302,1,4500.583659
-137187.612095,1,4500.610148
2935295.376042,250,4506.787634
-135667.108839,1,4506.82342
118987.579465,250,4513.136928
3227768.856762,250,4519.204074
124164.587231,250,4525.590026
-134991.478294,1,4525.613964
-149039.351488,1,4525.640834
3055847.628193,250,4531.985521
-117547.397293,1,4532.026072
2661252.485481,250,4538.245538
2450089.429449,250,4544.348175
2023690.330946,250,4550.349884
1442534.650517,250,4556.605117
-135002.834825,1,4556.626117
3369917.405108,250,4562.877011
1770032.02132,250,4569.165722
-149325.977212,1,4569.184289
1978856.139101,250,4575.552506
-135239.847894,1,4575.592396
106430.491628,250,4581.859262
2118613.53963,250,4588.375082
-144051.928826,1,4588.406462
1477675.85908,250,4594.60939
1844748.358144,250,4600.973051
3848137.004541,250,4607.102713
2643007.035654,250,4613.282969
3289393.60785,250,4619.596103
-117548.298229,1,4619.622112
2011153.243675,250,4626.00075
110559.116205,250,4632.312962
124066.675854,250,4638.580003
-117655.077172,1,4638.611012
-172458.36188,2,4638.661897
3313589.419782,250,4644.977663
3317907.681185,250,4651.283852
2414359.280601,250,4657.857291
2281877.286044,250,4664.174473
2992581.282093,250,4670.232851
3450941.9611,250,4676.197176
3039586.409627,250,4682.230742
2989937.075649,250,4688.305882
1624729.699121,250,4694.367189
-171126.970527,2,4694.427312
3039931.774641,250,4700.493527
3106325.663847,250,4706.458833
2276302.589805,250,4712.543881
-155297.000513,1,4712.56621
2101445.724253,250,4718.765111
-135226.116548,1,4718.785406
3168867.786917,250,4724.870188
3116135.861315,250,4731.022532
-163276.591125,2,4731.075556
1491960.302286,250,4736.963808
-135293.512386,1,4736.991475
2523442.24335,250,4742.847851
-186959.00702,2,4742.908277
1882559.465334,250,4749.023482
1112358.244446,250,4754.991522
-135120.652657,1,4755.011193
-190150.912351,2,4755.058431
2511074.777314,250,4761.038432
-117555.763626,1,4761.048902
1861416.848344,250,4767.250572
-148092.00216,1,4767.27603
3473617.35982,250,4773.319175
-135222.992506,1,4773.339273
-126263.803061,1,4773.365166
3271932.86799,250,4779.51879
3222872.909131,250,4785.660781
2665478.337175,250,4791.809994
-155121.561344,1,4791.830052
2848242.18627,250,4798.118311
1697008.357495,250,4804.239716
2198130.641537,250,4810.628217
3054637.45552,250,4816.733325
-135199.844872,1,4816.771831
2567063.964541,250,4823.101621
-176492.917328,2,4823.166173
-135089.251047,1,4823.199515
2098556.452,250,4829.693877
1679612.257742,250,4835.881594
2988478.202117,250,4842.41798
2425288.353137,250,4848.745584
1785326.625079,250,4855.012026
-117565.947793,1,4855.034904
2899479.159747,250,4861.153966
2631248.269239,250,4867.552835
-135110.354959,1,4867.583328
-137654.373929,1,4867.605689
1839970.409798,250,4873.673615
2147755.173115,250,4880.11234
125986.148331,250,4886.367929
2695972.425218,250,4892.628657
3017895.370859,250,4898.890708
1921969.179152,250,4904.935808
-132540.865067,1,4904.967854
2951836.829405,250,4911.055389
-117561.549641,1,4911.086645
2039242.249257,250,4917.349141
2273067.445003,250,4923.267808
2484315.201157,250,4929.495763
3305839.413186,250,4935.30267
-135090.423719,1,4935.329974
-135092.067508,1,4935.34714
117905.953349,250,4941.367702
1907163.278851,250,4947.127806
2885682.689038,250,4952.538695
1635920.985997,250,4958.232284
3733127.265337,250,4964.036812
-117464.061111,1,4964.055579
1294358.288395,250,4970.087402
1641924.795434,250,4975.64788
1361352.094865,250,4981.482852
1964111.342704,250,4987.468915
-143910.176978,1,4987.489442
-135049.599487,1,4987.525118
97112.928336,250,4993.383345
1757483.112512,250,4999.675456
1695986.44934,250,5005.946991
-126272.168342,1,5005.977262
-126370.464338,1,5006.00771
3534353.760847,250,5012.023918
1556482.851299,250,5017.737383
-143926.751058,1,5017.759084
3008304.480352,250,5023.699949
2884087.24509,250,5029.892368
1736684.622278,250,5036.317545
2255043.83468,250,5042.805839
2809961.804509,250,5118.93625
3003668.407772,250,5125.457032
3164041.766269,250,5131.804755
-135254.015322,1,5131.825074
2959261.85285,250,5138.025756
-172507.296921,2,5138.069337
-135223.565892,1,5138.089018
-126477.129115,1,5138.127044
2441511.580296,250,5144.444086
2958510.317806,250,5150.435593
3174392.835673,250,5156.44106
-150820.206586,1,5156.462029
3089475.241632,250,5162.26981
-135018.9757,1,5162.298977
3822279.560445,250,5168.400431
2783398.824379,250,5174.424524
2878207.692761,250,5180.491939
-159524.444889,1,5180.523083
3199464.031618,250,5186.534644
-117546.061977,1,5186.555422
3017333.984191,250,5192.533688
3005826.305542,250,5198.660501
1915214.310826,250,5204.735987
3622412.896628,250,5210.763814
1303598.413121,250,5216.837936
2798990.347705,250,5222.948359
3250095.628475,250,5229.101294
2337781.622747,250,5235.262669
109386.777812,250,5241.304774
2786182.556862,250,5247.314753
2775075.105356,250,5253.39869
-135095.568781,1,5253.412094
3444656.182185,250,5259.464645
1705033.927619,250,5265.383476
2800033.764598,250,5271.574772
3103820.810683,250,5277.925478
1608027.426422,250,5284.052761
2024408.774704,250,5290.396122
1763132.764967,250,5296.607581
3225546.11117,250,5302.961263
1587234.905618,250,5309.237189
1482748.750779,250,5315.815092
3019476.625013,250,5322.051457
3305035.873769,250,5328.257054
2181320.707089,250,5334.37655
2784721.418492,250,5340.695127
3628352.076775,250,5346.950341
-135098.310986,1,5346.988201
2789812.685495,250,5353.101138
3124106.930288,250,5359.169214
-186387.302077,2,5359.223948
2977377.301933,250,5365.296938
2849782.624386,250,5371.271398
2914539.413513,250,5377.395389
2650076.479574,250,5383.710668
2517001.56785,250,5389.912304
2512263.503222,250,5395.990704
3213721.188133,250,5402.237419
1673816.090503,250,5408.336331
1439480.760255,250,5414.561393
1699176.876193,250,5420.482675
-125293.601477,1,5420.504641
3089436.949425,250,5426.275788
-126366.90215,1,5426.31197
2973128.245878,250,5432.342017
1767060.270941,250,5438.378017
-126389.480023,1,5438.398096
179822.870439,250,5444.450028
-156825.209088,2,5444.497413
3296034.646696,250,5450.398211
2500436.736057,250,5456.49838
119808.854556,250,5462.333775
2552322.758182,250,5468.329553
3566114.17109,250,5474.571828
-135125.258366,1,5474.594936
-134195.704302,1,5474.621057
2503209.625151,250,5480.711023
2928099.608122,250,5486.805646
-126384.029893,1,5486.825796
2041080.328696,250,5492.975276
-143905.692787,1,5492.998808
1598581.092053,250,5499.316316
1715090.819901,250,5505.58347
-117646.266445,1,5505.615263
2621778.552023,250,5512.087282
1494066.541335,250,5518.389438
2302738.222544,250,5524.716135
1810790.27086,250,5531.167121
1767158.186855,250,5537.53916
2837258.4826,250,5544.120592
-161455.350932,1,5544.146428
2208845.233816,250,5550.648072
1919945.725736,250,5557.163468
-169153.919522,2,5557.217395
-163435.651834,2,5557.263928
3372166.42323,250,5563.633775
-117556.897769,1,5563.654167
2476123.969133,250,5569.986229
1792388.194166,250,5576.164524
2596844.66954,250,5582.503847
1395456.461943,250,5588.781359
-135209.010583,1,5588.807404
-117548.234978,1,5588.826986
-117556.139856,1,5588.853037
801526.818207,250,5595.152244
-137330.856927,1,5595.178121
-117554.509933,1,5595.200536
2405756.536496,250,5601.42187
-126365.876584,1,5601.439836
2024337.406081,250,5607.465139
1458978.19368,250,5613.684255
2829618.935887,250,5619.898644
1719326.236715,250,5626.176913
2970439.794457,250,5632.272068
3486818.500623,250,5638.327859
3199610.981428,250,5644.486966
3437920.963853,250,5650.698048
3267088.821494,250,5656.827514
-143914.551995,1,5656.858716
824729.486769,250,5662.783454
132104.998208,250,5668.791346
-174775.779889,2,5668.851748
3105624.517215,250,5675.122794
1557035.888979,250,5681.364491
-135198.917665,1,5681.384619
-135104.441878,1,5681.415236
2637492.817605,250,5687.613238
1348886.586953,250,5693.713736
2601237.348157,250,5699.822319
3102069.043462,250,5705.915119
1600306.072376,250,5712.129512
2497705.904817,250,5718.241746
120460.014418,250,5724.4613
-135193.436854,1,5724.489728
3337515.238319,250,5730.667067
1888848.882284,250,5736.959741
1208498.204146,250,5743.16026
72580.690759,250,5749.345476
1379968.131757,250,5755.461402
-117558.542584,1,5755.481459
3397341.032417,250,5761.726352
-117661.193006,1,5761.757008
1186979.297192,250,5767.939163
3260526.124587,250,5774.257439
2946324.187662,250,5780.603884
3129197.710194,250,5786.962624
-117548.797802,1,5786.995636
2759478.091498,250,5793.295382
2962794.962155,250,5799.409235
-117651.659391,1,5799.43565
3424021.691194,250,5805.645748
2368718.530584,250,5811.860601
-135202.428024,1,5811.880026
-163916.762964,1,5811.914388
2755381.393948,250,5818.052508
118525.569621,250,5824.187574
99477.571554,250,5830.42291
-143946.76493,1,5830.454606
3608013.627247,250,5836.747882
2109381.547497,250,5842.982522
-126270.770171,1,5843.012401
3288846.549296,250,5849.548098
1827123.598943,250,5855.785954
-135115.227681,1,5855.806669
2798148.330304,250,5862.074533
1291219.571418,250,5868.41986
1648670.84097,250,5874.387361
2680185.483629,250,5880.591261
-153343.130711,1,5880.617687
2346389.467299,250,5886.554682
-145619.79641,1,5886.578535
88375.982044,250,5892.865834
2362334.777975,250,5898.924597
1485907.352138,250,5905.0513
2771171.983963,250,5911.058224
-191781.472854,2,5911.100978
96422.964485,250,5917.008144
1380100.742423,250,5923.007458
1915711.685931,250,5929.079963
1270789.926995,250,5935.464058
1556973.2937,250,5941.581728
-117545.5332,1,5941.614774
3890767.521166,250,5947.773299
1080148.731783,250,5953.809275
1025785.37426,250,5959.940924
912041.943327,250,5966.206385
-137722.051749,1,5966.24899
1407189.649827,250,5972.230254
-154332.181331,1,5972.262873
-117548.473341,1,5972.281306
116567.865444,250,5978.432916
3870857.005172,250,5984.595893
-135192.81284,1,5984.618462
-126382.778166,1,5984.657941
1390639.343626,250,5990.804246
-137843.774492,1,5990.845181
3164760.560356,250,5997.227159
2964854.987949,250,6003.417505
122429.612009,250,6009.959762
-144025.850545,1,6009.977668
1184599.673231,250,6016.355284
1306911.53673,250,6022.559972
2386651.15374,250,6028.914633
1632965.098447,250,6035.159549
-154318.314942,1,6035.180175
-126261.000863,1,6035.210868
1627884.859523,250,6041.589478
72415.821694,250,6047.863804
2126651.373157,250,6054.079546
-155256.877092,1,6054.099788
1128017.568246,250,6060.350844
2420750.549288,250,6066.420781
1502042.214803,250,6072.576489
2552675.580918,250,6078.785833
2985330.673727,250,6084.979898
-126272.334184,1,6085.00551
-126363.92267,1,6085.025617
-117545.795141,1,6085.049465
1230381.646194,250,6091.119114
3330117.043236,250,6097.245055
1797833.387481,250,6103.635459
1804821.176745,250,6109.949764
1296681.729491,250,6116.151817
2594989.389542,250,6122.262417
3013154.996212,250,6128.359849
728533.063166,250,6134.4528
1130533.747678,250,6140.439957
2976644.129099,250,6146.681352
-126266.963099,1,6146.706348
2153746.50991,250,6152.478742
1738239.90694,250,6158.590235
-155177.917013,1,6158.610497
-117550.407051,1,6158.630586
2039620.25254,250,6164.570147
1512503.320215,250,6170.415373
3439259.674541,250,6176.50143
-135163.05786,1,6176.525738
1256224.935203,250,6182.702835
-143825.66302,1,6182.733594
2795299.004654,250,6188.966043
1090075.001695,250,6195.098785
-135096.199886,1,6195.129758
-135224.657096,1,6195.150159
-181703.67692,3,6195.237738
2465534.171902,250,6201.265211
-117553.422283,1,6201.283166
-135019.379005,1,6201.316969
122641.417842,250,6207.407521
2241229.644236,250,6213.561983
3113825.147201,250,6219.690699
1396405.851188,250,6225.804394
796858.378909,250,6232.077319
2929136.580556,250,6238.554126
-126182.283328,1,6238.586777
-155081.527851,1,6238.605882
112116.505169,250,6245.008049
559355.493697,250,6251.311729
694426.559791,250,6257.52792
1212968.56641,250,6263.9572
2869257.928772,250,6270.088095
3769323.3071,250,6276.293088
1881106.901348,250,6282.643325
-185861.035202,3,6282.717521
1644021.063185,250,6288.854809
-135152.040565,1,6288.878519
1630722.802817,250,6295.12274
119082.267881,250,6301.492622
-150169.122203,1,6301.532815
2246999.980345,250,6308.1169
2228112.341744,250,6314.345464
3508652.58221,250,6320.652851
1873549.232666,250,6326.996954
1048597.739404,250,6333.080677
458875.033293,250,6339.299605
1936381.944534,250,6345.621052
-183697.662288,2,6345.669789
3432021.809984,250,6419.876428
124372.90112,250,6425.662104
3094025.286803,250,6431.490175
1514521.593739,250,6437.294548
-117465.879549,1,6437.314914
124541.563569,250,6443.303353
-177158.419721,1,6443.320235
-137730.880414,1,6443.354663
828610.505268,250,6449.263126
3157768.403572,250,6455.187745
-117548.193234,1,6455.21022
3214720.028947,250,6461.200385
-117565.384963,1,6461.237793
-165054.460195,2,6461.284448
2535373.617461,250,6467.34609
-181795.161111,2,6467.397045
2937918.753361,250,6473.597836
1334611.166685,250,6479.72295
-126297.776494,1,6479.753292
1022356.434815,250,6485.860946
93087.391199,250,6492.018675
2647369.5287,250,6498.109127
2682037.611895,250,6504.293096
1626820.173922,250,6510.536874
-137325.796941,1,6510.555045
-143129.463003,1,6510.582007
2616743.895336,250,6516.726439
3197045.509199,250,6522.779939
-117567.512113,1,6522.800712
2976147.062691,250,6529.225955
1274059.475999,250,6535.541704
-137203.917495,1,6535.566528
2288818.069355,250,6541.728486
-135198.266679,1,6541.75527
2787080.685827,250,6548.194316
2122483.607197,250,6554.496842
-117564.670926,1,6554.521893
-135138.499098,1,6554.547611
1514813.363961,250,6560.801917
2896975.845415,250,6567.147064
2799232.572692,250,6573.531293
-149171.88876,1,6573.551387
-135201.678443,1,6573.576594
2795878.614398,250,6579.808414
102696.568334,250,6585.796902
2846591.371849,250,6591.836697
-126371.805835,1,6591.861556
1222020.795034,250,6597.79515
2669699.580843,250,6603.902939
-135198.812655,1,6603.932894
1048696.185209,250,6609.951292
808765.771463,250,6615.849674
2811010.46924,250,6621.852431
97077.50109,250,6627.852481
2489050.539641,250,6633.850315
660376.87796,250,6640.022384
1261925.667331,250,6646.004802
-137627.007603,1,6646.045407
3221941.512891,250,6652.094251
1735102.713151,250,6658.197248
-126435.376192,1,6658.220177
-135105.117966,1,6658.24476
469099.131082,250,6664.222275
8131026.954068,243,6670.084973
2307555.988238,250,6676.224109
1847885.298478,250,6682.326845
2557210.201088,250,6688.334817
1225668.84625,250,6694.341421
3314116.410063,250,6700.235859
2443515.874951,250,6706.314766
2846961.277635,250,6712.689897
2911481.009931,250,6718.84038
110018.203005,250,6725.179338
1679356.253763,250,6731.481825
2669648.659185,250,6737.841521
842302.915253,250,6744.169785
1144981.074495,250,6750.444462
-176580.033966,2,6750.483218
92947.858161,250,6756.893062
2060512.444964,250,6763.102489
118906.348118,250,6769.317509
3061757.23443,250,6775.329468
-117455.671646,1,6775.347466
749061.977379,250,6781.595452
2067663.974322,250,6787.792568
-126266.204654,1,6787.808489
132580.879861,250,6793.795421
1542571.367902,250,6799.98031
2464029.777407,250,6806.196647
-91955.146941,14,6806.555109
3023244.06007,250,6812.927156
-89209.428987,16,6813.331678
2833863.426759,250,6819.601053
2332951.171301,250,6825.956252
2897943.705883,250,6832.007889
-135091.816422,1,6832.028805
118759.199602,250,6838.083156
3072061.157249,250,6844.31883
3031916.651847,250,6850.078982
2887184.907227,250,6856.23425
-135194.354744,1,6856.264343
-126263.203864,1,6856.294621
2750195.455383,250,6862.221436
1215317.963647,250,6867.990527
2823583.137884,250,6874.133116
861584.545098,250,6879.999958
1170053.947323,250,6886.063882
-117544.761388,1,6886.094806
1881321.509946,250,6892.089642
948816.413539,250,6898.235051
112058.826963,250,6904.409441
2851577.693954,250,6910.524974
2550189.972269,250,6916.65592
-135108.342117,1,6916.681161
693657.000053,250,6922.615223
3591957.581941,250,6928.740473
305892.648435,250,6934.816727
2995872.735706,250,6940.9054
-176456.080358,2,6940.955812
2781325.294971,250,6946.899114
-126376.762466,1,6946.93961
-135085.605532,1,6946.959869
-89050.005963,14,6947.345481
98632.122797,250,6953.552905
2088859.634379,250,6959.86126
-148067.825257,1,6959.891586
-137781.279598,1,6959.922397
-135009.367297,1,6959.94328
3408316.559939,250,6966.167137
3289006.962832,250,6972.467599
-135093.196854,1,6972.497647
-135253.421301,1,6972.521978
1784645.865386,250,6978.703136
3147890.311246,250,6984.861017
2060983.142417,250,6991.178134
2883647.882215,250,6997.226202
3040221.596255,250,7003.62996
3032156.393621,250,7009.815901
3136945.532532,250,7016.14476
2577594.104136,250,7022.522133
3701404.49303,250,7028.615898
6883462.867202,159,7032.477963
-135224.872205,1,7032.502209
2557658.779609,250,7038.589812
108609.006899,250,7044.701685
918133.068397,250,7050.933387
882324.733307,250,7056.973135
3651648.927834,250,7062.912653
3598358.104418,250,7068.949723
2852959.127748,250,7075.066648
3135999.068809,250,7081.144378
903635.826428,250,7087.319002
3229130.567468,250,7093.336406
771103.186681,250,7099.387393
3211476.804788,250,7105.685074
3833466.672368,250,7111.692567
3362694.611421,250,7117.823831
2893311.145711,250,7123.808706
3791767.092166,250,7129.991168
2863859.918661,250,7136.166862
975027.336549,250,7142.140076
547012.89989,250,7148.036144
58206.860995,250,7154.163942
118520.128214,250,7160.232373
3150657.770205,250,7166.229174
-147644.380576,1,7166.249543
-135197.411741,1,7166.26963
2587230.584447,250,7172.366323
-143835.705238,1,7172.409724
3185838.266262,250,7178.549088
3504698.602371,250,7184.51892
1274887.817323,250,7190.647252
3045099.18762,250,7196.909533
126105.400304,250,7203.017579
3132123.826832,250,7209.186459
3070020.722221,250,7215.373642
1493286.884045,250,7221.474196
1158897.390683,250,7227.985758
-154934.591443,1,7228.009541
-143909.286928,1,7228.036717
3183660.703777,250,7234.365345
875142.327269,250,7240.609382
3095414.606638,250,7246.863006
1267193.2572,250,7253.169219
3199667.869828,250,7259.29964
-126369.772288,1,7259.321912
3243213.336345,250,7265.640213
123219.474763,250,7271.93931
582172.385607,250,7278.159424
711082.760432,250,7284.279772
-117542.889854,1,7284.310951
1162336.939717,250,7290.53173
495572.998058,250,7296.630353
3811369.215287,250,7302.882384
-117668.918018,1,7302.914335
2987382.037317,250,7308.984816
3214157.336586,250,7315.078816
1498919.450753,250,7320.906758
2867651.523198,250,7326.838274
3297088.885743,250,7332.897972
991716.157416,250,7338.732474
2472066.97289,250,7344.586855
2111826.902828,250,7350.713824
274070.36708,250,7356.840712
67344.942111,250,7362.903981
3108669.897881,250,7369.068421
-103225.058364,20,7369.550595
115399.21228,250,7375.767424
2518886.631635,250,7381.861124
-135149.97925,1,7381.876467
3448299.407302,250,7387.961578
-134985.416919,1,7387.992738
2575765.56148,250,7394.134124
-99630.821412,12,7394.434975
-135198.497948,1,7394.462356
2869156.868389,250,7400.349323
119296.818233,250,7406.349659
434873.640266,250,7412.121953
-161593.07848,26,7412.718014
99812.247033,250,7418.917005
2970327.300264,250,7424.853704
3351651.24627,250,7430.983055
-142688.541375,1,7431.013565
2301043.948945,250,7437.282743
2732824.814893,250,7443.315333
3173157.13642,250,7449.726679
2093683.709693,250,7455.903173
106454.835429,250,7462.07585
1057671.810415,250,7468.236324
168194.602307,250,7474.538191
-135231.562113,1,7474.581943
3309891.637848,250,7480.766685
2866838.976707,250,7487.164532
1054146.014006,250,7493.357129
-135086.649551,1,7493.383475
3727501.949983,250,7499.61988
64838.098026,250,7505.756925
3710711.47076,250,7511.877773
3882635.687945,250,7518.127017
3293386.240978,250,7524.370963
3483413.370786,250,7530.572383
4213074.124482,250,7536.647646
610103.055364,250,7542.872037
127469.028326,250,7549.101756
7627459.457851,205,7554.004663
-117550.601411,1,7554.024802
3009405.167101,250,7559.996692
1305823.178238,250,7566.193024
-135085.984486,1,7566.218528
-117558.546033,1,7566.238264
580228.899277,250,7572.399582
2807237.201653,250,7578.356815
1426527.862729,250,7584.394409
85341.569176,250,7590.27537
2394275.242816,250,7596.305395
4347887.70275,250,7602.180717
3705104.38828,250,7608.118013
-135135.658146,1,7608.137947
99019.328652,250,7614.111938
-117558.388832,1,7614.136456
1546010.133313,250,7620.151515
3582448.731118,250,7626.278448
3429237.38449,250,7632.421298
-143812.868392,1,7632.441857
3450254.823955,250,7638.655246
558297.968166,250,7707.558403
2906093.631876,250,7713.657184
3085538.040188,250,7720.034179
3823045.50036,250,7726.404423
2930747.785794,250,7732.485029
3492548.284686,250,7738.648371
3930190.031459,250,7744.840905
-168871.842961,2,7744.892051
-126373.368495,1,7744.914975
1612896.295719,250,7750.915181
3338934.627876,250,7757.177651
3201454.525317,250,7763.243827
3017836.174,250,7769.609367
118231.912253,250,7775.711638
-135093.885987,1,7775.73849
4396776.817955,250,7782.20168
2757707.505016,250,7788.37447
-117647.42151,1,7788.396301
-117548.251724,1,7788.420292
-117560.947758,1,7788.44921
894676.969725,250,7794.486541
432684.290792,250,7800.640452
-117555.15792,1,7800.667366
1359620.807137,250,7806.739704
106413.395489,250,7812.839566
-117566.689504,1,7812.861703
3038188.974648,250,7818.827415
-136867.447987,1,7818.857846
3486449.954791,250,7824.919248
3396390.661229,250,7830.836472
6889097.861675,188,7835.499908
510822.468547,250,7841.556587
4008686.276443,250,7847.534278
3507034.360796,250,7853.50573
-169960.157115,2,7853.554396
-133043.22791,1,7853.570893
262482.940093,250,7859.736605
1685227.353418,250,7865.773839
3328473.802614,250,7871.635719
2851874.646321,250,7877.840363
5739159.539671,66,7879.480225
-126375.157814,1,7879.50705
1226056.417977,250,7885.520594
122227.630579,250,7891.61141
-155171.824703,1,7891.635474
101799.527994,250,7897.61441
2436341.963241,250,7903.633084
-143833.909742,1,7903.654066
3823839.40774,250,7909.751542
676175.17245,250,7915.984281
-117562.252092,1,7916.006064
2892437.575676,250,7922.222754
-135037.109477,1,7922.243261
1797408.76487,250,7928.590357
-117645.706422,1,7928.618197
2425045.361474,250,7934.83529
5993029.784115,118,7937.714429
-173286.333696,2,7937.776431
3773536.504384,250,7944.094371
2088177.422153,250,7950.304891
-117554.454165,1,7950.324865
114699.153003,250,7956.784605
3719276.88531,250,7963.290056
-117648.771221,1,7963.319222
3014238.658673,250,7969.701238
3387276.446751,250,7976.055297
1348846.575541,250,7982.197564
1483418.659523,250,7988.675639
-126269.049114,1,7988.700377
4156227.896743,250,7994.884795
2567431.352165,250,8001.039865
3644902.337116,250,8007.310009
2940938.979947,250,8013.599179
651189.924177,250,8019.989527
103885.211316,250,8026.384826
7407743.897104,181,8031.017985
523771.246311,250,8037.033282
-135194.134879,1,8037.053582
-153808.860136,1,8037.073646
3467614.299943,250,8043.031842
-136972.07431,1,8043.061785
115752.919014,250,8049.28426
-117548.279104,1,8049.304913
5881451.412881,94,8051.539688
3592338.142683,250,8057.624593
3302316.46315,250,8063.493309
-117648.98423,1,8063.516929
-135018.144671,1,8063.544616
-135090.862239,1,8063.57116
3313715.551326,250,8069.448853
-135085.206414,1,8069.479123
8509244.99757,247,8075.50332
54305.261607,250,8081.625782
1087056.535415,250,8087.642734
-152679.109011,1,8087.665198
8292269.125129,245,8094.239686
3084659.309201,250,8100.423244
2485608.404683,250,8106.721206
-134982.167828,1,8106.745222
246249.469283,250,8112.822335
123659.211077,250,8118.824403
106768.103816,250,8124.827999
3256819.51051,250,8130.789545
-143831.763902,1,8130.811357
3829976.385223,250,8136.899101
2681284.704419,250,8143.030652
-126266.868866,1,8143.059602
2891273.106693,250,8149.224329
3848957.655406,250,8155.554595
104604.609942,250,8161.778729
1463007.031395,250,8168.142229
3571641.528088,250,8174.418136
2232371.902241,250,8180.664028
103696.040746,250,8187.012192
-135150.599798,1,8187.039473
2784001.552753,250,8193.141999
88384.39161,250,8199.393896
-117552.055249,1,8199.414861
2766013.710056,250,8205.436193
1734524.903057,250,8211.698833
3654832.285924,250,8217.61855
271063.592241,250,8223.683253
780805.547551,250,8229.867098
2908154.505317,250,8235.914876
271869.319891,250,8242.232324
2602867.043725,250,8248.326819
2275623.588013,250,8254.630075
2969908.275108,250,8260.884897
3206806.181392,250,8267.106858
-125263.423389,1,8267.133241
-117550.729779,1,8267.153361
-117550.929452,1,8267.183753
315020.991934,250,8273.11044
3438318.043038,250,8279.255876
3294251.777627,250,8285.159905
-135025.142209,1,8285.182614
3226578.086393,250,8291.006811
1463574.042071,250,8296.915651
2873773.849363,250,8302.825342
25513.50912,248,8308.477598
668394.151839,250,8314.569637
2382951.910891,250,8320.495715
343647.027027,250,8326.403597
3016172.137825,250,8332.455258
-117547.008115,1,8332.474322
3491941.278106,250,8338.635097
-135092.347071,1,8338.661858
1264394.53093,250,8344.918404
3216595.635661,250,8351.081344
1554330.675905,250,8357.225711
8135681.403993,205,8362.047913
-126366.041695,1,8362.069481
2631051.885061,250,8368.200629
3517862.61532,250,8374.516311
89546.456878,250,8380.401876
-117547.52019,1,8380.421943
2925099.393827,250,8386.243412
-117465.498299,1,8386.269528
211890.970728,250,8392.453348
867757.737296,250,8398.480881
-134683.309625,1,8398.508715
-117550.651616,1,8398.540114
2745939.946361,250,8404.89872
-86659.265463,24,8405.499119
2628941.552953,250,8411.692955
2126915.589578,250,8418.050738
3372427.140157,250,8424.357368
2259972.486879,250,8430.689413
36555.932551,250,8437.061276
3062755.459649,250,8443.402558
3017581.604226,250,8449.774814
3297088.797908,250,8455.917328
-135020.204017,1,8455.947756
6849372.838306,122,8458.934362
6515943.489984,134,8462.237796
2762676.871756,250,8468.182941
3873960.021756,250,8474.172779
3071745.363148,250,8480.410333
-148966.327261,1,8480.433533
-126372.941355,1,8480.454534
-117545.103368,1,8480.484586
2213850.663532,250,8486.578667
102590.606288,250,8492.84082
-135090.66969,1,8492.868783
-126276.67237,1,8492.892133
-117563.249482,1,8492.919833
259703.796672,250,8498.975838
109593.606041,250,8505.198647
111099.391479,250,8511.222172
120502.878558,250,8517.383643
-117566.929332,1,8517.416271
-155149.999613,1,8517.444353
228684.534387,250,8523.516866
108432.232045,250,8529.525436
-143822.626838,1,8529.556623
3432463.032241,250,8535.211329
-143917.042738,1,8535.241225
7150284.341743,177,8539.427685
1154452.023205,250,8545.147421
3235718.046611,250,8550.738037
460229.726429,250,8556.28823
2736794.104928,250,8561.937987
7063885.173459,134,8565.285163
-143818.913723,1,8565.305462
-180249.698961,2,8565.362497
2820217.240604,250,8571.456872
6417420.662261,106,8573.915214
-165064.505034,2,8573.971193
96754.488895,250,8579.823663
-117550.433173,1,8579.845373
4020314.613959,250,8585.955237
666819.262097,250,8591.848711
4053965.510712,250,8597.896881
-117585.844014,1,8597.92704
7460104.50078,213,8603.21402
-117665.111223,1,8603.257217
2509997.659866,250,8609.735973
3059834.561483,250,8615.905436
-117549.496382,1,8615.924626
-145821.464149,1,8615.948385
6596588.787013,155,8619.721103
1219688.235121,250,8625.648133
-135102.024325,1,8625.678492
85402.200059,250,8631.747794
-126372.634508,1,8631.768089
3809508.356311,250,8638.017361
549163.911806,250,8644.274952
247923.439273,250,8650.290078
-126293.729014,1,8650.331291
-102660.517963,19,8650.799724
1997871.719093,250,8657.064149
6258692.129193,101,8659.557855
-126276.466366,1,8659.578907
3047674.566051,250,8665.838351
-132725.959918,1,8665.860792
3048337.582215,250,8672.296448
6283663.205725,128,8675.572774
-135194.118084,1,8675.601001
3173902.676801,250,8682.023561
120738.950134,250,8688.293798
3571606.521747,250,8694.253639
4059290.030568,250,8700.64758
2940962.430157,250,8706.816537
-135002.395264,1,8706.847641
-135021.855257,1,8706.868051
-126281.800966,1,8706.900473
-135092.727281,1,8706.933141
334223.870997,250,8713.161093
3267376.638385,250,8719.487885
3020564.526526,250,8725.732587
6055911.30357,119,8728.701782
588160.376647,250,8734.918602
6425081.017629,110,8737.476538
-143809.032428,1,8737.50738
3873105.428396,250,8743.698406
-117554.788114,1,8743.729062
121164.110841,250,8749.647579
6586769.281979,180,8753.880714
207130.105381,250,8759.878661
361338.233701,250,8765.980883
121133.98733,250,8771.996721
3131885.549314,250,8777.953988
272803.098876,250,8784.314498
97871.755179,250,8790.367028
1277604.386467,250,8796.405759
-117557.307935,1,8796.428145
-117545.397818,1,8796.454641
2973464.124494,250,8802.540487
2954137.011111,250,8808.820332
3296900.662372,250,8815.00632
-117549.731149,1,8815.019816
3485548.265308,250,8821.196601
110369.402818,250,8827.176178
8407692.079562,208,8832.404238
3881069.754438,250,8838.481168
-126366.069626,1,8838.515046
-134982.753635,1,8838.546752
104409.089984,250,8844.475058
2939192.114111,250,8850.464594
7000980.272786,171,8854.551078
2613052.085554,250,8860.536759
3622087.377106,250,8866.705598
3435625.434242,250,8872.854442
116451.688434,250,8879.03651
-117650.381288,1,8879.060413
-135318.180931,1,8879.085946
-117675.417647,1,8879.117242
2890729.88141,250,8885.460283
6961857.046247,185,8890.063603
125043.362225,250,8896.324957
128839.02231,250,8902.610545
-89056.220001,19,8903.116811
92879.024435,250,8909.355745
390140.780674,250,8915.62586
122235.05057,250,8921.771602
-136776.375461,1,8921.79476
126821.593256,250,8928.139236
2480085.085789,250,9000.535767
4158990.798252,250,9006.553058
-126338.177263,1,9006.576925
133829.154781,250,9012.509097
94242.512781,250,9018.780357
3048352.161896,250,9024.906394
-135091.349371,1,9024.934083
-135189.185274,1,9024.960065
3618527.281638,250,9031.028797
7182598.649437,202,9035.927633
-134987.948029,1,9035.958019
117197.872101,250,9041.942652
115536.833177,250,9048.099928
7564824.70103,211,9053.272175
-126311.508987,1,9053.302994
212836.312761,250,9059.400141
3377213.363502,250,9065.536828
-117545.403796,1,9065.56789
371923.847153,250,9071.643024
342460.492003,250,9077.635069
7093940.623316,179,9081.914782
-117650.92159,1,9081.943103
241819.10905,250,9088.079949
2792015.410148,250,9094.277021
901410.424445,250,9100.408993
965616.355417,250,9106.489696
-157061.089154,1,9106.51599
266987.338994,250,9112.736553
415159.553218,250,9119.092819
-183981.897777,2,9119.155321
8130349.252909,236,9125.129713
-135095.414433,1,9125.167763
7838478.001127,206,9130.175224
132801.819173,250,9136.435432
-154415.525853,1,9136.465476
1844675.407588,250,9142.608961
311971.028167,250,9148.78193
3860898.647525,250,9154.94484
59946.708281,250,9161.364509
1327398.454153,250,9167.741369
-143946.057202,1,9167.762023
5797579.659899,147,9171.31454
-152727.574347,1,9171.337739
2942700.067127,250,9177.561577
-117659.311584,1,9177.588078
-135110.500381,1,9177.608148
6143146.927986,100,9180.134097
304378.973869,250,9186.178586
-134992.087037,1,9186.208127
2803803.351619,250,9192.345778
2723870.81872,250,9198.520118
218334.030615,250,9204.721705
104694.538057,250,9210.89861
241252.973574,250,9217.162345
2816281.704687,250,9223.495034
8300437.083639,244,9229.372366
1036040.941173,250,9235.429706
-126211.981509,1,9235.459205
89098.527076,250,9241.482193
-117650.072609,1,9241.502471
-139454.55216,1,9241.533339
-117665.039719,1,9241.553421
114479.820779,250,9247.58421
6556668.950676,157,9251.460248
6333770.661383,132,9254.585314
241253.183724,250,9260.3267
865204.289641,250,9266.359926
1949877.722385,250,9272.267306
-126299.027114,1,9272.305877
3074338.344697,250,9278.297516
-135104.825842,1,9278.334155
3062933.827019,250,9284.496669
6398944.606853,168,9288.598792
-117546.687784,1,9288.619609
-172188.25126,2,9288.679744
83963.183301,250,9294.764459
-117646.629494,1,9294.79463
105299.7756,250,9300.900026
2768352.114011,250,9306.964944
1423334.251842,250,9313.05482
2972547.988197,250,9319.158323
221425.813101,250,9325.15609
116251.002514,250,9331.217983
3088320.119667,250,9337.41381
415133.431494,250,9343.434098
577059.444668,250,9349.511171
-117646.841304,1,9349.538393
117591.863706,250,9355.736827
3068846.280575,250,9361.953109
6626946.450322,156,9365.852515
-126374.064639,1,9365.877898
116068.65728,250,9372.052465
124060.542075,250,9378.548419
124516.542719,250,9384.881188
6410045.003386,151,9388.639552
133175.446545,250,9394.607314
-174885.000655,2,9394.658075
584887.442921,250,9400.90306
3198140.478088,250,9407.220087
6355389.875035,156,9411.230627
225114.933626,250,9417.466006
6411420.472367,156,9421.353808
3313940.657031,250,9427.614901
6531847.72747,157,9431.653621
231211.722961,250,9437.955387
-117443.801741,1,9437.984007
91707.899909,250,9444.112341
511295.449629,250,9450.366673
6453139.81665,166,9454.299181
927392.236129,250,9460.685305
-146130.206055,1,9460.705426
6471605.793929,195,9465.621823
-117565.18535,1,9465.642546
1473550.669708,250,9471.7621
-135095.824235,1,9471.785842
249239.461515,250,9477.727698
2381178.655195,250,9483.673439
3790388.211063,250,9489.755041
-135109.879109,1,9489.783821
133135.789713,250,9496.00749
1278859.835127,250,9502.086778
122698.67234,250,9508.115832
-145973.846307,1,9508.146246
5999021.543554,90,9510.311334
237689.530641,250,9516.376
1788474.091932,250,9522.387371
2927118.521737,250,9528.409937
5766047.601486,81,9530.361075
3078021.015521,250,9536.647545
5587880.82108,60,9538.097738
5886372.866936,134,9541.26063
5957500.587937,99,9543.735357
6115395.501634,150,9547.285155
-175445.134163,2,9547.336552
7926860.402667,226,9552.843146
106220.42624,250,9558.851374
2554354.831201,250,9564.955621
-126411.975167,1,9564.982718
7076452.90398,214,9569.978303
424057.320488,250,9575.912691
1980664.118433,250,9582.028167
93965.505811,250,9588.062105
6083751.05499,126,9591.326856
6990216.362681,204,9596.3894
-110306.869247,15,9596.736156
3017533.803336,250,9603.022723
435532.823608,250,9609.240878
6553612.956438,184,9613.691827
466362.644847,250,9619.915672
-126180.042393,1,9619.946227
278132.867325,250,9626.315181
1803484.606936,250,9632.634085
-126366.389867,1,9632.6668
5738470.625599,101,9635.201449
353086.858588,250,9641.33655
6198853.526244,141,9644.868266
-135085.861814,1,9644.890532
236595.627717,250,9651.066972
6716783.105855,191,9655.692728
-117546.364282,1,9655.722924
3349254.449004,250,9661.852085
-160539.933776,2,9661.890519
1104942.826742,250,9668.429788
6676165.378311,130,9671.803655
5810524.495862,115,9674.567604
101770.334676,250,9680.77314
312378.035989,250,9687.050162
-117561.480032,1,9687.080676
813184.858187,250,9693.423028
1088735.905627,250,9699.852192
-135091.967252,1,9699.878082
2741246.182194,250,9705.796496
614024.766218,250,9711.928496
-117548.734087,1,9711.95562
3187607.290657,250,9717.801392
5986361.516156,112,9720.426979
2876572.990662,250,9726.385006
-117445.069913,1,9726.406625
97709.438812,250,9732.433813
2546255.734665,250,9738.30925
6218761.160242,159,9741.970177
-117554.457259,1,9741.990809
284012.304052,250,9747.492138
108229.926769,250,9753.401698
-126465.344995,1,9753.424927
111456.897288,250,9759.414388
102375.413295,250,9765.414756
364915.237832,250,9771.509428
7454505.993074,197,9776.360887
3203266.469618,250,9782.348098
1494190.637342,250,9788.429203
-117549.424076,1,9788.449329
-134994.545864,1,9788.479953
2619465.461311,250,9794.669593
-135097.373541,1,9794.693269
6162894.820362,98,9797.147373
3036711.446771,250,9803.205025
-150934.049185,2,9803.244041
-117643.929413,1,9803.27432
78772.559141,250,9809.094592
6298334.345332,117,9811.912563
-135092.414791,1,9811.932938
6681160.989305,170,9816.052848
6692271.904241,158,9819.829477
6796261.948352,162,9823.624847
-135010.523004,1,9823.657476
6386928.182671,122,9826.569622
-138692.750325,1,9826.589726
448657.690984,250,9832.951642
-126275.791224,1,9832.974618
133494.723508,250,9839.057885
7713212.848588,231,9845.051305
-143960.648093,1,9845.071913
2328770.270791,250,9851.353611
256572.846327,250,9857.576036
6132725.023729,102,9860.171617
6067982.759748,146,9863.764385
3792357.721086,250,9869.976068
-189248.120075,2,9870.034519
-135091.342508,1,9870.072633
-163479.670019,2,9870.124588
117730.235395,250,9876.466154
261606.064205,250,9882.442493
-117546.888662,1,9882.462816
6201101.265744,153,9886.455876
-117544.894753,1,9886.476227
343140.619316,250,9892.851125
6287841.321581,145,9896.316576
124801.821588,250,9902.258304
509360.922912,250,9908.450401
5805729.450637,111,9911.286829
2990301.319161,250,9917.420308
273407.131229,250,9923.501971
115567.632207,250,9929.534855
-126295.414075,1,9929.55086
6592635.702601,162,9933.459528
93990.240946,250,9939.725587
92463.718051,250,9945.862795
6165586.484846,135,9949.196486
350882.929191,250,9955.366482
6675647.714375,179,9959.794679
5806025.127759,101,9962.22521
6599243.229585,151,9965.861165
-117556.823972,1,9965.873657
-155293.178376,1,9965.911752
388662.582508,250,9972.060566
7475985.807937,197,9976.94261
421086.948357,250,9983.033435
3147885.834427,250,9988.852555
2622547.706978,250,9994.793285
258431.019673,250,10000.69353
371943.921046,250,10006.63763
-126375.934428,1,10006.660638
108457.807088,250,10012.597327
59591.344328,250,10018.569317
6018345.391371,122,10021.570907
122444.700472,250,10027.640703
5896467.496115,112,10030.310009
3230397.540856,250,10036.278804
-143814.685126,1,10036.298855
98664.223493,250,10042.396744
6704079.539461,152,10046.049827
347759.134373,250,10052.189822
6119893.664874,133,10055.33318
-135126.468402,1,10055.353365
37032.522028,250,10061.425587
3480670.538906,250,10067.430169
6203756.522673,146,10071.182493
98052.295211,250,10077.548695
6112870.330958,130,10080.833195
6440924.113905,143,10084.324775
-126279.618109,1,10084.352196
6223185.939978,82,10086.447524
5766792.084681,85,10088.609352
120503.594625,250,10094.827072
6572792.458121,130,10098.097275
337913.503374,250,10104.005138
-135118.935335,1,10104.027674
5861641.51609,116,10106.833664
2849278.15982,250,10113.277248
360922.511954,250,10119.67472
-135094.506337,1,10119.690893
-135090.389838,1,10119.722654
-117565.858757,1,10119.752177
-126425.045288,1,10119.782769
75558.678672,250,10126.168799
363408.277327,250,10132.410253
-126393.500879,1,10132.43072
1309597.624764,250,10138.562516
102741.315038,250,10144.842321
5901999.620303,73,10146.647518
6321175.09592,141,10150.216552
6262598.355386,89,10152.497212
6312081.123491,87,10154.726965
-135113.163641,1,10154.749304
-126377.772764,1,10154.778696
7133775.601896,223,10160.414952
5799064.124145,106,10162.993416
5935472.018787,110,10165.705719
1606768.95414,250,10171.818111
126909.628858,250,10177.893327
91527.705052,250,10183.917843
111981.629694,250,10189.890009
7134639.167157,163,10193.601324
-153537.625874,1,10193.626742
394641.632973,250,10199.534004
-135202.980597,1,10199.554291
5555095.322306,78,10201.426937
6139275.484501,118,10204.183178
110632.148341,250,10209.995365
36029.146559,250,10215.914199
129463.420039,250,10221.966697
342918.006886,250,10291.743888
2432459.981285,250,10297.94347
5991374.366122,118,10300.86628
123521.317596,250,10307.038123
-117648.802567,1,10307.057591
-190091.280758,2,10307.108637
6217809.690506,125,10310.200686
2139863.392307,250,10316.512763
2736182.072374,250,10322.748801
-135113.431096,1,10322.771585
-91365.031746,11,10323.05655
108544.591359,250,10329.354647
6149674.675634,134,10332.690545
-169950.48018,1,10332.710617
306005.021671,250,10339.11193
102535.768339,250,10345.433124
5829067.222957,78,10347.436923
-137392.980706,1,10347.468684
6912499.179706,160,10351.539793
-126402.873974,1,10351.570436
-117551.026432,1,10351.590218
6274108.299334,172,10355.994407
5804624.202635,111,10358.717235
6205675.827867,112,10361.529286
-137691.790824,1,10361.560247
-126279.776658,1,10361.59342
117977.267331,250,10367.98806
-155210.973043,1,10368.003074
-135190.282162,1,10368.033485
-126262.18164,1,10368.065364
418180.042827,250,10374.254098
6599066.063755,161,10378.190133
6534549.628973,148,10381.824512
8236927.81122,240,10387.663426
97681.857531,250,10393.930087
6426286.049178,127,10397.115145
6255319.485086,122,10400.171722
-143908.003064,1,10400.197699
5665931.90229,60,10401.679575
125864.87615,250,10407.736234
-126286.474918,1,10407.764267
-154546.539191,1,10407.790071
108570.828701,250,10414.172041
369225.539601,250,10420.395008
6054763.226135,119,10423.342489
-135199.549887,1,10423.374074
5715397.936903,52,10424.706646
86030.574778,250,10430.842798
262900.159312,250,10436.634228
7471580.906144,199,10441.44266
-143812.092495,1,10441.465687
-167732.447911,2,10441.514688
-143908.172383,1,10441.540318
3075622.774549,250,10447.678417
5932993.199687,84,10449.648006
7055756.574191,173,10453.801097
224170.604012,250,10459.757984
135171.650327,250,10465.837991
118265.059749,250,10471.856821
3351516.531434,250,10477.912397
-117451.880659,1,10477.937687
-117657.725145,1,10477.963808
263791.4095,250,10483.940008
5783261.310072,64,10485.532428
6029991.36408,178,10489.878053
255248.724867,250,10496.034119
-155374.79391,1,10496.072733
103516.886926,250,10502.206456
127576.755353,250,10508.235504
7885764.485576,221,10513.76913
2855661.746252,250,10519.831888
-126289.361374,1,10519.852757
5633289.312466,61,10521.338977
6799309.952768,146,10524.963253
309996.05454,250,10531.116273
-135202.977023,1,10531.147625
116224.192389,250,10537.023742
-135094.113467,1,10537.046429
729101.96645,250,10542.859691
-143814.234715,1,10542.889504
132993.251753,250,10549.012568
7499980.408598,222,10554.551366
-134996.550711,1,10554.58157
6172713.00582,177,10558.993023
-126313.456729,1,10559.023578
124450.925391,250,10565.286398
102046.189766,250,10571.502177
-167779.449589,2,10571.542627
6033879.68168,97,10573.997112
-126262.093916,1,10574.023811
772647.08939,250,10580.264764
-117442.764255,1,10580.288239
5692883.147871,53,10581.576186
125767.053523,250,10587.951852
120300.122332,250,10594.278044
-134991.167032,1,10594.298198
-117650.054658,1,10594.318227
115983.427433,250,10600.533459
-135061.644677,1,10600.557245
129248.493021,250,10606.685589
-135034.353993,1,10606.706819
5758490.669653,69,10608.476387
877608.190176,250,10614.751089
310880.279293,250,10621.178914
6034891.677835,93,10623.460655
-154775.141935,2,10623.504254
6591509.495621,167,10627.517151
6956829.472654,175,10631.824446
6069615.936135,85,10633.944503
6570717.937732,137,10637.335752
-117553.620941,1,10637.356188
-135101.906139,1,10637.376301
5805002.994822,102,10639.802129
6790573.946739,150,10643.477046
129519.99508,250,10649.753724
-117558.343977,1,10649.769511
-143924.861552,1,10649.799363
118393.403371,250,10656.026906
5554984.531648,53,10657.332106
-117547.395679,1,10657.351
6075733.638883,114,10660.17438
-135220.772145,1,10660.196064
6160661.772188,99,10662.710788
93080.294593,250,10668.948486
5976593.765035,72,10670.678879
70362.534201,250,10676.847337
5838664.473963,158,10680.683616
-135647.877746,1,10680.712504
6091196.285923,124,10683.742021
5971049.88432,115,10686.575896
6915387.584901,223,10692.043287
371327.528396,250,10697.981914
345112.567525,250,10703.872228
7659321.657358,208,10708.861293
108905.944969,250,10714.805543
-126175.382141,1,10714.83177
95316.161395,250,10720.878044
-135195.693303,1,10720.902877
6034689.360341,61,10722.441697
-87489.613889,20,10722.950831
5856839.139237,79,10724.860398
-143980.801237,1,10724.880802
6207042.165548,130,10728.047165
305879.109566,250,10733.87237
109475.367668,250,10739.957296
-158007.747703,2,10740.008605
120662.992576,250,10746.319677
-167755.824095,1,10746.343859
6300963.207354,126,10749.508586
6050532.657342,125,10752.648973
6126113.798382,125,10755.673528
7340389.016778,180,10759.94867
6779063.697648,164,10763.859435
481414.912832,250,10769.958165
498639.62213,250,10776.004695
-161385.695072,1,10776.027156
-135095.473912,1,10776.063342
7011971.406711,176,10780.486079
6698152.248518,163,10784.564932
5601596.985834,45,10785.692715
-137850.853338,1,10785.713161
115136.135199,250,10791.754848
392729.288961,250,10797.992056
5711869.339127,98,10800.484452
-143934.564068,1,10800.509092
1107512.603554,250,10806.661812
6043410.101794,110,10809.369983
94772.612609,250,10815.788251
6380217.709012,135,10819.236428
5851484.813686,100,10821.690886
5880800.66181,106,10824.327164
115974.850266,250,10830.681512
-135092.798072,1,10830.703998
6578302.597137,138,10834.153627
5495381.320966,67,10835.877732
-117566.882556,1,10835.91789
109162.939479,250,10842.420223
6066233.609366,121,10845.478613
5822095.322688,129,10848.708732
2610262.987384,250,10854.933953
6862070.297998,130,10858.358305
6220628.761481,145,10861.930029
85411.054947,250,10868.195956
-137656.187118,1,10868.21811
603667.663915,250,10874.695747
-135093.458974,1,10874.730721
6268485.870371,130,10878.071723
-137505.613899,1,10878.101974
-135016.554477,1,10878.132289
6849503.806818,157,10882.091866
5944060.92452,114,10884.957327
5541587.582844,54,10886.304818
-155092.140709,1,10886.325779
485416.462809,250,10892.650228
-135095.257932,1,10892.68066
-149737.219228,1,10892.700689
-135318.908463,1,10892.736661
6573380.894566,140,10895.994046
5870262.13329,121,10899.044716
193753.282527,250,10905.066786
-117550.964077,1,10905.087723
6964492.886291,173,10909.106929
6053404.253888,113,10911.779768
-154549.666788,1,10911.799879
435453.502044,250,10917.787332
-135145.113652,1,10917.810775
-153939.694846,1,10917.840315
240207.895411,250,10923.972151
102176.628508,250,10930.072929
6527108.588859,154,10933.793437
-135134.411157,1,10933.824815
7180667.789333,195,10938.618187
6224321.888013,91,10940.859417
5788277.854955,91,10943.1701
6093212.857628,112,10945.994276
267583.171056,250,10951.984665
-135199.340947,1,10952.005105
5794985.299456,135,10955.264159
392737.393975,250,10961.382727
-163825.102616,2,10961.433764
-135095.738195,1,10961.454051
6160893.000137,95,10963.753231
865604.704861,250,10969.82871
154136.424106,250,10975.836575
-134994.845748,1,10975.858161
104176.23528,250,10981.957536
126343.099033,250,10987.821303
7668290.992019,211,10993.032957
235572.195867,250,10999.111965
-135122.154546,1,10999.132393
7138429.43226,195,11003.770342
6818264.238471,149,11007.403049
103301.602753,250,11013.514626
97878.720585,250,11019.577318
5912337.600268,121,11022.640546
112583.426703,250,11028.69672
6485069.029042,149,11032.523477
5965061.322203,105,11035.109507
6166493.446644,131,11038.493727
-166569.752253,2,11038.541831
5843992.375032,105,11041.112974
-142805.826096,1,11041.133482
6295253.815196,136,11044.461695
1753511.242274,250,11050.481649
5820065.296048,94,11052.749015
-117562.885472,1,11052.77719
-117721.519699,1,11052.797421
107244.566386,250,11059.095942
6336350.090886,123,11062.121912
297199.998112,250,11068.446271
2461070.277169,250,11074.672486
142693.607719,250,11080.998703
-117545.733394,1,11081.019261
-143939.142397,1,11081.054135
-117444.015852,1,11081.08065
6004709.126841,127,11084.232964
6335084.672013,132,11087.413009
-135001.872673,1,11087.45978
6204325.596033,95,11089.893589
45599.85201,250,11096.143354
-117566.261796,1,11096.164186
-161982.825045,2,11096.215052
-219241.109735,4,11096.309744
-137816.029372,1,11096.329617
92533.808001,250,11102.301407
-152591.452083,1,11102.32386
6879068.949966,136,11105.665386
-135088.400988,1,11105.70106
-135003.2512,1,11105.72093
5514574.349866,46,11106.823082
1661545.872198,250,11113.069731
5888951.759918,97,11115.445145
7281470.061948,204,11120.398048
-126492.823542,1,11120.450965
5830872.550618,80,11122.380132
5770245.697292,123,11125.258635
-117564.60152,1,11125.281402
6226906.443358,154,11129.018708
281587.080751,250,11134.83356
-117662.453834,1,11134.851205
5983388.478114,90,11136.92598
6179871.486275,97,11139.292414
6337309.965118,145,11142.949159
5740046.161773,66,11144.56909
-126278.993408,1,11144.591396
-117544.285921,1,11144.621938
6177895.102203,125,11147.641276
6521816.342992,139,11150.877702
6359162.856697,135,11153.991076
7339111.358188,190,11158.182807
-137247.739302,1,11158.213777
5628309.880868,48,11159.294916
310490.068878,250,11164.882546
6181912.422615,131,11168.04799
5844665.363064,127,11171.035001
-171043.423217,2,11171.079856
6316590.228231,121,11173.792281
-117571.837848,1,11173.812641
6362169.364042,179,11177.899882
1404547.563082,250,11183.628612
2769055.055857,250,11189.549989
121305.99933,250,11195.542621
424035.580612,250,11201.430594
6424476.031584,151,11205.019861
-135090.253626,1,11205.04743
5734566.744252,64,11206.577703
6002592.745221,131,11209.715436
6724758.696305,160,11213.518655
5659880.050562,95,11215.855394
123790.60697,250,11221.65316
-326303.687594,250,11227.667705
-135129.73096,1,11227.698074
-133111.871419,1,11227.719895
-133763.404131,1,11227.743248
140154.332322,250,11233.747434
6815313.164777,169,11237.829247
-135145.892299,1,11237.851389
-126162.597432,1,11237.867852
7302893.262756,179,11242.070446
-126371.324844,1,11242.08903
5912591.081563,98,11244.413028
-139642.849894,1,11244.454033
130605.164132,250,11250.43338
-163679.521158,2,11250.484479
1494372.725886,250,11256.58482
248767.320445,250,11262.623132
6689370.755446,168,11266.665364
5879646.015197,95,11269.007357
6181076.085603,113,11271.766574
-126327.206478,1,11271.787507
121482.068203,250,11278.121658
113327.594185,250,11284.262773
6234837.402458,121,11287.380579
125395.781572,250,11293.663621
-135136.241303,1,11293.70145
173032.073094,250,11299.913252
262152.41063,250,11306.256749
105815.570316,250,11312.37595
6035838.104998,117,11315.291518
-93893.991148,13,11315.586968
460751.463534,250,11321.298372
6171955.205304,112,11323.844211
124476.871721,250,11330.107156
2729579.99577,250,11336.079924
5622797.92913,64,11337.568183
113274.62562,250,11343.502775
6871927.560068,184,11348.151814
-135088.075865,1,11348.174943
5781596.752004,85,11350.299191
-175655.237941,2,11350.36009
6284570.179016,124,11353.211233
7394372.77464,187,11357.758715
-126374.954355,1,11357.779122
6490325.553995,141,11361.113574
-117644.88807,1,11361.142862
6617813.017094,166,11365.129284
-178032.296586,2,11365.183527
6024460.890519,99,11367.482254
-135114.052433,1,11367.509398
93390.054138,250,11373.640523
-137421.564291,1,11373.658816
240814.170833,250,11379.801469
-126163.5056,1,11379.825831
-117551.046018,1,11379.853434
103871.209422,250,11385.980171
5971866.509045,117,11388.86038
123858.11569,250,11394.789074
-459217.982944,250,11400.718045
6197789.095314,99,11403.087947
-160472.545718,2,11403.137259
6168315.57073,118,11405.894452
-135007.419826,1,11405.924127
6703037.725986,158,11409.717858
-126278.214308,1,11409.74476
-143929.220728,1,11409.769308
6135876.519358,130,11412.989029
6999639.82879,200,11417.844225
-155360.824152,1,11417.86609
93607.114241,250,11423.664757
220204.139582,250,11429.561253
-135114.504704,1,11429.591727
2172038.408905,250,11435.514834
-135090.478728,1,11435.533418
7535539.819934,200,11440.237169
496378.820917,250,11445.870327
5980057.485515,102,11448.14394
-137419.132035,1,11448.181176
6453392.146933,162,11452.085732
-126265.077269,1,11452.111121
5916052.832768,96,11454.387581
1105539.27855,250,11460.381242
243120.631166,250,11466.30358
5911321.457706,88,11468.513297
-126176.833503,1,11468.533583
3350272.11445,250,11474.518482
6869412.042391,163,11478.59064
106851.892403,250,11484.613169
6364822.338562,151,11488.242016
-135009.888525,1,11488.272834
7281686.030169,194,11493.023694
-117547.762523,1,11493.046611
6116532.775226,135,11496.259909
6270181.700711,139,11499.688852
7501456.39937,243,11505.619424
414540.015592,250,11578.00921
6573941.871205,165,11582.170118
6030790.57324,107,11584.829442
227873.656675,250,11591.100526
6457204.283629,146,11594.69399
6368083.703957,139,11598.026426
-135460.75126,1,11598.049744
-137761.227913,1,11598.08733
6674919.797144,187,11602.662284
94016.14065,250,11608.86196
254339.706926,250,11615.031159
275057.167229,250,11621.282348
120825.073593,250,11627.452441
-155355.112892,1,11627.47806
-117543.847628,1,11627.493051
7668529.988811,247,11633.497078
6457187.276708,136,11636.659777
6329794.971693,98,11639.035148
-117674.69445,1,11639.057255
6066711.570683,94,11641.302055
6358137.886669,200,11646.164768
121781.703785,250,11652.168829
6492191.811059,197,11656.825323
102475.706652,250,11662.80074
5870861.405215,79,11664.698353
1297032.868085,250,11670.670397
6364878.195996,128,11673.634416
-117558.978479,1,11673.646267
5545562.116276,108,11676.231268
1839452.870282,250,11682.148794
7798570.124221,221,11687.438477
-134994.625516,1,11687.469129
290607.102015,250,11693.70848
-126303.618927,1,11693.741509
6423519.4517,150,11697.408926
-117654.296649,1,11697.429196
5810421.862725,68,11699.001539
-126572.116495,1,11699.026126
204292.5696,250,11704.985677
6611059.542352,182,11709.449222
100894.619303,250,11715.455968
401529.418887,250,11721.649148
145314.058304,250,11727.766926
125630.417621,250,11733.610023
-117671.367667,1,11733.630223
6433872.389434,109,11736.3808
5888184.55785,71,11738.173982
-126172.518231,1,11738.204931
6591646.837515,151,11741.944522
-126374.534083,1,11741.965216
6833241.596701,184,11746.335119
7087252.960701,176,11750.736031
-117558.796234,1,11750.768479
6746991.065411,145,11754.417714
-135200.897686,1,11754.442459
-137192.169911,1,11754.46557
-117543.620573,1,11754.488129
-135186.78465,1,11754.52167
-126272.045845,1,11754.551292
6410645.912915,158,11758.498122
-154505.979842,1,11758.526684
-117646.873281,1,11758.548528
-188445.989959,2,11758.589383
-137384.082332,1,11758.622173
7844958.713366,208,11763.731981
6320140.662885,135,11767.100669
341346.216048,250,11773.404301
5827393.399652,130,11776.522914
182033.559676,250,11782.721533
7612912.478693,246,11788.761093
79154.53515,250,11794.859667
-173124.373622,2,11794.930236
-135188.452794,1,11794.957196
130727.317993,250,11801.296222
-126390.322675,1,11801.326499
395728.945112,250,11807.502971
-126268.980694,1,11807.533899
7004723.221391,177,11812.004943
-126290.000689,1,11812.034364
6266039.191499,124,11815.053605
-135219.952527,1,11815.082594
313325.656156,250,11821.322078
1445399.207522,250,11827.568701
6245075.764388,123,11830.624143
6717712.81295,145,11834.188895
5939807.181868,76,11836.128564
116728.699468,250,11842.314916
270900.596093,250,11848.572238
7179282.091722,247,11854.720568
6427651.996548,164,11858.891382
1884928.069267,250,11864.991904
5940895.326557,107,11867.557458
2865888.108832,250,11873.470028
113731.633084,250,11879.307975
6380089.888774,146,11882.989347
105050.764678,250,11889.15771
-117646.474811,1,11889.179723
873781.038138,250,11895.334946
69006.716822,250,11901.447584
-126372.184852,1,11901.471733
-117549.462556,1,11901.498135
295155.833706,250,11907.637892
1408438.523764,250,11913.865663
-184194.387749,2,11913.905126
6007703.826648,121,11916.711516
520526.766572,250,11922.730134
6865042.97663,179,11926.9264
6596225.104812,148,11930.603117
6274150.095814,154,11934.373258
6547988.137106,153,11938.084306
6166413.183201,124,11941.054462
-117550.963953,1,11941.086732
125011.419958,250,11947.204273
-134139.521044,1,11947.229372
6754499.90034,187,11951.768725
-117646.183268,1,11951.792702
7128222.226023,215,11956.879125
-190113.958661,2,11956.929594
106943.97432,250,11962.92435
5635758.286172,56,11964.282232
7389915.321458,243,11969.97292
6688054.811237,178,11974.149825
127117.1073,250,11980.190277
258822.31737,250,11986.383125
7327573.952318,193,11991.236176
5570696.828652,54,11992.687876
-140618.685584,1,11992.711242
6259236.330791,142,11996.297741
321969.685948,250,12002.507676
159219.697688,250,12008.9667
6790378.315291,160,12012.977905
6098628.60157,126,12016.130512
6720402.497625,178,12020.565993
102946.654979,250,12026.798831
6206402.880179,186,12031.601968
-112033.891,14,12031.991908
228987.567615,250,12038.431189
-126418.091582,1,12038.44589
255583.486303,250,12044.671529
-117558.614858,1,12044.691958
-136324.968708,1,12044.723167
5774731.275897,77,12046.706763
5929110.471856,80,12048.731362
128172.403237,250,12054.986431
2542866.109964,250,12061.044115
479764.56525,250,12067.283499
-135091.664693,1,12067.307398
6022287.082759,125,12070.337427
-134987.832447,1,12070.372321
-126268.166679,1,12070.399726
7031648.531147,195,12075.168676
2224254.33013,250,12081.477679
6325820.434183,127,12084.623283
5768697.674104,84,12086.695328
-148225.071507,1,12086.726049
6439202.611656,237,12092.577317
-117447.188057,1,12092.608677
130127.898037,250,12098.882423
6322806.133932,114,12101.803887
5871143.735066,174,12106.208167
6315494.69379,142,12109.686511
176714.825948,250,12115.737294
7083021.27535,189,12120.388209
-143807.410163,1,12120.423192
87584.117222,250,12126.35434
6330168.451966,139,12129.702333
109422.659813,250,12135.336331
-146270.030546,1,12135.35685
3394852.913105,250,12141.460255
-135103.917005,1,12141.480524
6637661.027542,185,12145.879927
-137740.638254,1,12145.905156
6766397.820176,140,12149.25396
207122.241758,250,12155.406276
6947988.360142,163,12159.146758
6404527.416316,144,12162.439178
6371356.478366,149,12165.966313
-164966.063866,2,12166.006437
-136456.494633,1,12166.029647
-152553.709481,1,12166.054029
161688.797691,250,12172.187155
1195667.719765,250,12178.294981
6044746.927971,114,12181.024579
5997587.317533,141,12184.490206
6541814.124917,146,12188.086687
6024438.753509,169,12192.259342
-117545.320158,1,12192.281348
1692801.563044,250,12198.397031
-174554.646018,2,12198.43931
5860495.121338,67,12199.987785
7016143.398325,172,12204.231563
6481881.697573,160,12208.167231
-117551.123248,1,12208.197201
-126948.960989,1,12208.225382
5992718.358067,108,12210.884169
7081010.207153,184,12215.315165
-117654.149358,1,12215.336901
6168195.392051,229,12220.809381
5790829.257047,108,12223.399598
385060.572586,250,12229.570136
-117562.412572,1,12229.610838
6171449.565141,138,12233.018723
6274328.756774,133,12236.39079
-171906.298375,1,12236.415457
-117545.493171,1,12236.438436
6387791.799446,114,12239.209635
252315.824626,250,12245.479873
-126268.22851,1,12245.503807
-135280.416725,1,12245.530945
6110440.662454,140,12249.101617
8001867.088255,237,12255.060178
305350.217134,250,12261.237051
6095518.764146,117,12264.086442
-117558.617979,1,12264.106716
6610366.8931,201,12269.137069
-135331.363678,1,12269.157243
-117560.98833,1,12269.189531
125843.917041,250,12275.75026
-126371.723939,1,12275.769843
6564483.133865,169,12279.956593
5669248.602207,68,12281.65275
127888.57792,250,12288.007377
-126378.47366,1,12288.02959
5528156.892389,43,12289.080307
229523.799636,250,12295.231571
85539.404996,250,12301.281629
582779.513474,250,12307.565868
6052544.525866,126,12310.647862
-177289.388475,2,12310.710207
7013856.954217,189,12315.403372
6272812.709862,123,12318.43985
-167633.385849,2,12318.474804
2411475.081239,250,12324.462119
-135100.577051,1,12324.490061
7800743.845434,190,12329.133077
6438158.155415,167,12333.232449
113496.554563,250,12339.53103
101600.581438,250,12345.783103
6878038.850862,179,12350.25343
6437404.519441,153,12353.946383
5892276.398591,95,12356.251753
6792918.198505,147,12359.833348
6031633.727267,87,12362.083698
112795.088211,250,12368.060801
-146017.293413,1,12368.079225
345069.679331,250,12373.965484
-165676.520241,2,12374.026802
-117442.787049,1,12374.047142
-117547.408018,1,12374.078002
6317022.743585,141,12377.368313
119557.971178,250,12383.559218
-126268.894138,1,12383.583583
6253630.817048,125,12386.584399
107234.969328,250,12392.57647
6222314.114766,108,12395.162492
5824769.828299,62,12396.657319
-134565.649721,1,12396.693988
476163.152985,250,12402.637642
132817.984562,250,12408.778791
-117552.722542,1,12408.809637
7417411.077414,216,12413.927087
84391.782624,250,12419.795205
2797979.986686,250,12425.946361
6578612.2356,154,12429.726728
5587065.405916,203,12434.665885
6536196.404912,167,12438.57038
116129.059861,250,12444.703203
5901815.697532,90,12446.84053
5780460.41463,108,12449.412356
6235648.405848,137,12452.662688
125169.449195,250,12458.788299
5938024.345481,133,12462.001188
6173027.299376,87,12464.197857
6306303.374088,137,12467.512312
-151234.507132,1,12467.53856
6447696.645726,142,12471.056756
5864730.232546,124,12474.289974
5992385.120503,121,12477.327691
381119.716983,250,12483.644798
6908663.585767,209,12488.879156
92894.689554,250,12495.204881
6767387.399628,168,12499.399031
-149130.211657,1,12499.419261
1935613.255892,250,12505.633161
-135092.864165,1,12505.657407
7088244.709429,224,12511.397263
6382244.964529,130,12514.614155
559310.915329,250,12520.767843
6437973.09073,143,12524.458109
-150574.448381,1,12524.486953
-155244.499345,1,12524.514214
-126193.488804,1,12524.529015
-117549.500001,1,12524.562332
6055468.597276,123,12527.628361
-126372.835215,1,12527.654225
6693010.033849,202,12532.905198
131865.939132,250,12539.224734
6205094.304846,95,12541.763455
450491.364455,250,12547.845695
6299102.550182,141,12551.363489
-134990.634091,1,12551.391417
2659376.94945,250,12557.856883
155036.910215,250,12564.018599
329212.950788,250,12570.304606
120096.875402,250,12576.427555
-143964.430781,1,12576.444736
-117553.461115,1,12576.464937
1728419.991396,250,12582.5559
262167.172359,250,12588.632922
7729370.385792,238,12594.195368
-135162.237014,1,12594.214581
121248.865686,250,12600.301388
-141061.969048,1,12600.336599
5700544.844715,130,12603.451982
-135189.763198,1,12603.47213
255813.80747,250,12609.425825
-137585.1469,1,12609.451935
-151495.86611,1,12609.47629
276873.969902,250,12615.375905
6012076.740156,79,12617.255967
-117548.157126,1,12617.27993
-134992.486937,1,12617.309718
-132227.377921,1,12617.339666
5567562.674019,77,12619.188216
7031918.350098,156,12623.124826
338512.70126,250,12629.362618
6335568.770448,136,12632.648599
-117543.726032,1,12632.679069
-170571.547478,2,12632.729852
6478868.372172,169,12636.826084
5975806.953415,126,12639.888672
-143821.260137,1,12639.93371
5848396.082383,136,12643.200493
6553426.731682,178,12647.64667
6078527.482842,121,12650.584029
-135206.978152,1,12650.608058
6356022.347868,145,12654.191576
-166112.831512,2,12654.233063
240460.366719,250,12660.404978
700763.120609,250,12666.539956
6269043.031241,144,12670.086336
6677642.787907,164,12674.157375
-135199.154344,1,12674.190491
110649.03553,250,12680.083376
318522.604173,250,12686.098601
5435499.54402,26,12686.767531
-134994.287384,1,12686.797842
-186944.930915,2,12686.858521
-145543.55963,1,12686.881655
-125367.979483,1,12686.903849
5768425.138783,62,12688.441016
6518831.715606,158,12692.301413
215901.127091,250,12698.331817
5543253.15482,56,12699.703748
6484364.081685,162,12703.584772
5946417.943264,122,12706.513731
6439207.243023,130,12709.856861
92058.935408,250,12716.095775
-117445.532672,1,12716.116176
-117454.821193,1,12716.14391
114494.756364,250,12722.328378
-141725.56697,1,12722.351602
7176024.968082,229,12728.670185
-117549.970576,1,12728.690263
6389293.767106,154,12732.664502
6550284.765514,200,12738.009988
6332641.24992,131,12741.294122
6048325.401334,119,12744.228569
7105862.801002,179,12748.626808
47417.316882,250,12754.779262
-117552.728647,1,12754.805591
-126390.575545,1,12754.825319
-134996.838641,1,12754.850921
6731656.341464,170,12759.087287
6030802.064946,125,12762.289612
6148084.435968,235,12768.200666
116501.590956,250,12774.263712
637822.09982,250,12780.333374
-117560.578346,1,12780.361545
327618.082091,250,12786.646839
5899907.424732,189,12791.242795
166140.716084,250,12797.503955
-155060.992321,1,12797.541495
6269648.237091,144,12801.128481
117446.238847,250,12870.125522
450816.373638,250,12876.221274
616411.243462,250,12882.375631
-125386.230308,1,12882.401772
113727.722574,250,12888.518358
89751.15379,250,12894.743031
1450185.155701,250,12900.909033
108782.188748,250,12906.965052
5909784.039161,119,12909.914877
6489364.629189,187,12914.639183
-117575.326438,1,12914.662952
7220245.069863,213,12919.934898
-117550.784293,1,12919.954351
7325252.146055,223,12925.213471
92386.447551,250,12931.736624
-117556.619374,1,12931.763412
108423.44277,250,12937.664984
2438190.117468,250,12943.658481
-143827.221356,1,12943.685839
6882779.830182,169,12947.859959
6295407.357855,146,12951.559416
117903.430582,250,12957.907777
6409546.959914,153,12961.879428
6818260.541043,173,12966.243375
6957597.382477,138,12969.739036
141094.671951,250,12976.042379
-126417.394838,1,12976.073911
6760349.828786,216,12981.643718
-126347.066361,1,12981.673378
1472885.892335,250,12988.045198
6921923.750768,164,12992.258533
-92716.101079,16,12992.655003
6956653.580858,190,12997.515646
6220693.115181,131,13000.812281
-184165.481273,2,13000.871272
-156817.664352,2,13000.912344
6583841.114342,129,13004.122617
7042088.029435,197,13009.044198
-135000.438757,1,13009.0728
138788.30711,250,13015.393484
-126305.834203,1,13015.420782
6657480.04735,168,13019.688784
6960886.166565,232,13025.609257
1566592.856038,250,13031.873029
6337352.028235,139,13035.368986
6049567.379028,116,13038.284094
5840853.541707,120,13041.158232
-143901.147856,1,13041.185616
-146419.894927,1,13041.216595
6875473.928027,184,13045.864349
-126378.642421,1,13045.895427
7289882.913565,228,13051.64317
5742179.63455,78,13053.596145
5967212.822605,136,13057.050705
6419232.272018,169,13061.17658
6315878.799566,160,13065.232335
-137492.086905,1,13065.266411
5982116.972154,92,13067.709453
6280837.873067,134,13071.159467
189437.235384,250,13077.099993
5900713.159502,174,13081.367849
122846.445393,250,13087.521352
6304146.436388,150,13091.150668
-117648.011308,1,13091.180439
6332068.047949,172,13095.412732
5909481.33789,131,13098.46193
5930848.907748,120,13101.249823
6127038.014186,150,13104.682162
6833843.006671,183,13109.100016
6637683.430968,163,13112.944956
185862.053594,250,13118.892185
-126299.571721,1,13118.919366
-135098.702174,1,13118.947047
-117642.480457,1,13118.971991
276878.525987,250,13125.075755
-142233.438731,1,13125.096639
154715.756348,250,13131.413778
6263492.267113,151,13135.141898
6778836.64969,192,13139.878044
128674.227386,250,13146.151786
5740724.064203,231,13151.8601
5778051.345425,95,13154.248374
115733.598559,250,13160.393841
5646562.641812,84,13162.454804
-126266.011898,1,13162.480861
2504731.186922,250,13168.626282
6569712.960607,153,13172.313266
-135068.733001,1,13172.343836
-176461.005304,2,13172.40654
-137249.446672,1,13172.432147
-117551.233645,1,13172.451811
-117560.318849,1,13172.476837
6779273.458777,245,13178.343529
5933942.876387,102,13180.78064
2338539.612817,250,13186.723266
177034.773083,250,13193.035139
485887.103849,250,13199.286196
322573.827815,250,13205.621448
-154561.944782,1,13205.65355
81563.929409,250,13211.911025
5954208.386216,142,13215.414438
231417.998345,250,13221.791765
-117558.107274,1,13221.822286
-143858.158844,1,13221.8523
5566785.937183,216,13227.274538
6195220.38768,153,13231.065269
-163694.959641,2,13231.121803
86305.823162,250,13237.373172
-174485.559579,2,13237.415367
5886253.203034,137,13240.925456
6289475.829002,153,13244.767499
7332125.550064,186,13249.408479
135327.425702,250,13255.672476
-117823.089828,15,13256.035437
-135007.484294,1,13256.059673
-169044.856084,2,13256.107588
-153902.800963,2,13256.158708
-117585.580264,1,13256.191998
206592.212373,250,13262.492893
127868.129681,250,13268.736646
6221562.076936,150,13272.510022
128602.767979,250,13278.761111
-117553.901996,1,13278.774108
-126265.364573,1,13278.805793
-135101.222165,1,13278.835575
6612976.882356,172,13283.01412
122839.674075,250,13289.345003
-138540.085926,1,13289.379859
125694.362688,250,13295.461099
6626006.470212,176,13299.820357
6274197.263737,113,13302.723509
-126275.127167,1,13302.743393
-171717.716943,2,13302.793837
6068194.060555,128,13305.850723
2869138.762188,250,13312.058433
6746674.317595,191,13316.737758
5941695.817968,130,13319.955347
-181000.870075,2,13320.014259
6245675.674019,143,13323.535079
6698965.436805,179,13327.901963
6709928.825283,188,13332.44569
5732548.335616,89,13334.706765
6380949.431844,150,13338.392782
-155339.007069,1,13338.410733
6186338.281001,132,13341.567315
-117545.763053,1,13341.602665
-135194.299764,1,13341.6311
-117443.143466,1,13341.665188
92674.14277,250,13347.738858
6090393.862762,177,13352.091529
6035082.240114,88,13354.105658
-152558.936908,2,13354.153749
6375625.199653,221,13359.443072
152679.206253,250,13365.185826
132073.888422,250,13371.235954
-126273.925372,1,13371.264692
99724.955361,250,13377.508892
5745266.045043,106,13380.169131
85201.801904,250,13386.390706
5515801.417382,75,13388.227488
7006712.729811,214,13393.545291
92938.705895,250,13399.571188
168661.692691,250,13405.637957
6065646.646456,130,13408.903278
-135150.612286,1,13408.93768
115203.026176,250,13415.270702
83019.133534,250,13421.428785
-150061.439251,1,13421.448722
103236.504543,250,13427.326785
67848.374263,250,13433.582827
-164419.094445,1,13433.611206
-152943.593831,1,13433.638532
453029.164766,250,13439.924284
7900871.318606,232,13445.795805
-135082.686305,1,13445.82052
6067444.432747,161,13449.995858
456858.967289,250,13456.332694
-153657.807449,2,13456.381918
-100274.525134,13,13456.717461
-182816.574575,2,13456.767659
-117569.274961,1,13456.790075
5656484.518441,60,13458.27472
-135063.347571,1,13458.314706
118025.57485,250,13464.53912
6561513.984636,169,13468.851244
5776794.844596,85,13470.995756
110228.044705,250,13477.209822
121795.536914,250,13483.484086
6682424.728164,148,13487.260899
-126387.097533,1,13487.293186
-117649.617057,1,13487.306161
-136015.046488,1,13487.337349
6603072.519045,193,13491.873117
127774.831549,250,13497.985374
281217.03545,250,13504.222516
5985946.380134,69,13506.012178
-126302.644531,1,13506.035506
95871.825988,250,13512.30829
122839.440858,250,13518.512719
191306.188368,250,13524.648798
6985099.145754,212,13530.09487
-152496.215586,1,13530.122914
-88462.643254,53,13531.382893
6683655.872129,196,13536.206718
-117554.835828,1,13536.237331
6390081.68858,159,13540.172969
5757340.819231,115,13543.073931
6133437.933309,124,13545.974058
5828159.455252,150,13549.584126
83333.132685,250,13555.643564
6841944.571101,200,13560.448152
-135140.81505,1,13560.478397
5611979.268183,52,13561.694113
-117557.396261,1,13561.721096
6113895.65497,130,13564.818507
-135121.725092,1,13564.847417
6338508.713385,105,13567.347503
6246723.033495,139,13570.736074
5834097.110977,130,13573.751128
-126407.010693,1,13573.769442
5848348.992566,124,13576.667481
7702502.869434,212,13581.767947
-135093.105722,1,13581.788386
148467.830414,250,13587.774383
35912.909653,250,13593.852533
-155409.123985,1,13593.893723
-195717.813168,2,13593.965133
6406372.567451,158,13597.772161
6819506.019715,215,13603.069985
124601.452128,250,13609.239577
5694198.816189,61,13610.679366
-144014.373099,1,13610.689464
-179321.272676,2,13610.750939
5991733.246642,146,13614.301592
6263064.245988,187,13618.737216
5770019.335785,114,13621.649066
6795432.702294,151,13625.253021
5549898.514049,41,13626.257179
6400098.723709,90,13628.424525
6125278.579819,144,13631.983498
253558.469602,228,13637.313263
-109639.783383,1,13637.334038
166047.317369,250,13643.735641
6359268.820649,225,13649.226728
174981.675658,250,13655.423443
358784.478203,250,13661.647608
-117570.000076,1,13661.671923
6315276.892156,134,13664.97908
-117668.906684,1,13664.998115
6170614.93637,97,13667.355128
5982694.787206,117,13670.297327
6580008.335998,180,13674.870757
6902998.960743,211,13679.96155
6185723.16901,158,13683.941345
-117545.536278,1,13683.972525
6404130.933498,181,13688.580585
-117645.73048,1,13688.608861
-126369.204847,1,13688.633869
259271.269516,250,13694.911714
5767966.383992,129,13698.172173
-117545.638738,1,13698.187449
-135282.526407,1,13698.21699
123614.814358,250,13704.614621
6164550.756262,97,13707.220928
127933.211351,250,13713.485729
-135268.526804,1,13713.514047
-126378.133795,1,13713.536512
217805.593347,250,13719.786784
-126398.069279,1,13719.806957
125674.054651,250,13725.508179
-126294.570935,1,13725.529556
130405.74767,250,13731.981429
-139403.72652,1,13732.001867
-117664.92576,1,13732.027819
-126269.751337,1,13732.051503
81861.013136,250,13737.52715
-126422.585462,1,13737.547513
6332524.191645,153,13740.330596
7233996.61747,200,13744.077582
6117920.547902,137,13746.616777
118469.848205,250,13751.261837
106818.658396,250,13755.9059
5837319.340043,118,13757.893367
-117678.593582,1,13757.903521
-117573.861424,1,13757.928881
5692999.979955,121,13760.01781
-202882.825733,3,13760.065207
6182686.688368,148,13763.466795
320767.235868,250,13769.513496
5971196.018668,91,13771.8164
184783.693624,250,13777.974769
135557.385782,250,13784.038626
6540422.775296,183,13788.582199
5734142.295141,120,13791.371475
87546.012485,250,13797.50718
6382727.437703,202,13802.528963
110322.419474,250,13808.741371
5493666.049361,145,13812.265155
-147888.725052,1,13812.295806
-135092.68444,1,13812.326363
-135091.883097,1,13812.351581
445359.919655,250,13818.405196
-117653.134787,1,13818.423908
124847.675893,250,13823.778948
-117649.089324,1,13823.799084
6255823.246953,146,13826.464372
-117605.326934,1,13826.48185
5544121.166141,163,13829.512702
125775.992583,250,13834.392093
138462.47383,250,13839.246597
7913612.789551,234,13843.739719
6074651.256236,138,13846.435816
6600462.475053,223,13850.622023
128229.802456,250,13855.292746
477071.569888,250,13859.796748
6498939.065272,176,13863.088322
115953.173409,250,13867.593871
121902.544245,250,13872.056404
121028.589948,250,13876.602891
-117548.31736,1,13876.626103
133902.571932,250,13881.338436
-150689.501458,1,13881.357628
2272272.743218,250,13885.981042
121356.245811,250,13890.719332
6626979.178112,176,13894.046273
151107.509649,250,13898.770455
-135064.708813,1,13898.780972
237570.491343,250,13903.517006
6128315.933355,174,13906.81113
119915.220606,250,13911.385964
81117.179439,250,13916.000273
-172050.712228,1,13916.018498
-126366.667727,1,13916.038919
7037706.972599,185,13919.510868
5908591.657828,105,13921.439844
-117546.089713,1,13921.468391
6642023.187212,144,13924.133509
118336.742589,250,13928.743135
6833800.17652,165,13931.488163
6363266.596889,136,13933.972776
-154046.182358,2,13934.009913
-126373.556867,1,13934.025981
122452.023464,250,13938.582315
64493.724271,250,13943.071298
5643048.292869,130,13945.302161
142275.499311,250,13949.757022
106881.380556,250,13954.296915
138552.548431,250,13958.867597
6020570.252736,131,13961.34058
111898.541183,250,13966.210324
374141.987348,250,13970.747796
114135.019323,250,13975.41222
6603692.748246,166,13978.533408
5936321.968063,115,13980.64141
6341680.562223,178,13983.774865
120310.73128,250,13988.300529
-135060.815323,1,13988.323874
-126372.699332,1,13988.342593
6095637.582785,135,13990.801378
172372.473044,250,13995.406028
-137249.276369,1,13995.425632
54416.985365,250,14000.222472
6917352.876365,162,14003.054597
6187245.614587,132,14005.485773
-126361.301679,1,14005.508528
-162039.817743,2,14005.549406
5774931.655602,186,14009.023698
121127.272056,250,14013.796141
825577.218115,250,14018.587245
-153872.009198,1,14018.609175
5825271.530296,91,14020.316032
-117546.943268,1,14020.332168
93351.648046,250,14086.825844
-152921.07223,1,14086.846109
5428996.289211,49,14087.728157
-84137.501565,61,14088.848861
5566928.13862,94,14090.580952
6102821.545724,133,14093.147071
6108517.183809,142,14095.709449
-135241.973558,1,14095.729666
2725160.801278,250,14100.31888
5756330.075104,110,14102.370024
273922.098111,250,14107.077171
5506714.668214,162,14110.089877
6738001.341823,174,14113.183653
