#{"t_start": 1761689074.9409928, "env_id": "PulleyEnv-v0"}
r,l,t
-182759.583582,37,1.407977
-131811.831084,31,1.593995
-86433.651689,53,2.045924
-93073.726609,21,2.203484
-85952.556961,31,2.494097
-86163.995765,20,2.674975
-95087.995749,17,2.889752
-147217.455944,17,3.05456
-90374.601556,12,3.140505
-95154.638424,30,3.395445
-160472.066972,25,3.575518
-56264.949221,85,4.303782
-110094.938623,26,4.515671
-85953.514312,17,4.709432
-148290.562334,33,4.983775
-82794.880128,25,5.154726
-81510.453207,41,5.491671
-88792.346555,30,5.728968
-92760.135284,20,5.872648
-65625.16918,40,6.181691
-93617.315958,14,6.288663
-81542.856012,42,6.628449
-73708.049713,203,8.535644
-52927.833661,95,9.383953
-88824.176296,29,9.628407
-32918.228359,122,13.434897
-93871.152552,15,13.823163
-141809.644337,8,13.98859
-118487.270881,54,15.228643
-84011.992021,33,16.061169
-122311.164516,35,16.823926
-75706.100127,45,18.076302
-177680.206047,41,19.037267
-85543.801311,33,19.828767
-171105.552985,23,20.324731
-70623.163198,38,21.330749
-114847.374337,32,22.065427
-90456.661156,24,22.680734
-120965.480778,20,23.142331
-151388.54878,66,24.756169
-95846.873225,25,25.334307
-88604.512308,17,25.733705
-189597.796831,21,26.194216
-96425.804606,9,26.395168
-68245.144712,59,27.852516
-117622.388766,66,29.443927
-79312.74604,24,30.026826
-63920.917656,72,31.884215
-93250.470615,58,33.366988
-72043.624266,39,34.396021
-173684.155639,14,34.75194
-134438.853086,42,35.772045
-77672.370836,50,37.045892
-47008.319127,102,39.538807
192675.780752,250,45.6943
-21341.675094,114,48.500667
48585.22457,250,54.67748
151643.568714,250,60.982635
126055.481019,250,67.248113
125662.700999,250,73.474933
212931.374852,250,79.73632
215726.290017,250,85.998327
274563.626269,250,92.205301
199381.531977,250,98.427636
46099.6386,250,104.701085
194502.229708,250,110.772132
118378.27237,250,117.044687
120871.723434,250,123.275159
29915.940153,250,129.580266
125459.356483,250,136.046912
285315.468177,250,142.488398
334230.02943,250,148.979182
211996.034369,250,155.463044
351452.428089,250,161.833851
151833.548912,250,168.319514
371709.621897,250,174.863956
107014.245581,250,181.404621
226791.068897,250,187.99785
297538.138028,250,194.623132
240155.527149,250,201.225509
350717.311335,250,207.897442
265466.559505,250,214.433679
447103.220487,250,220.937456
571837.500735,250,227.254336
425010.675602,250,233.598073
586127.875379,250,239.874248
638319.844385,250,246.344769
176902.456148,250,252.768597
422580.763902,250,259.259391
449370.058199,250,265.655745
699075.794877,250,272.167333
426726.63742,250,278.553049
613628.154548,250,284.925242
79990.043523,250,291.017831
245946.112195,250,297.047968
707581.440008,250,303.404141
575758.015499,250,309.498777
921689.56661,250,315.725238
662689.571311,250,321.771433
1013260.946708,250,327.997835
971749.07977,250,334.190122
630286.757201,250,340.439592
1146536.419308,250,346.556915
1886604.033848,250,352.772411
1077376.752029,250,359.131875
1194790.666285,250,365.388071
1040826.744024,250,371.504085
557130.08759,250,377.797839
1651883.833244,250,384.056582
513478.662338,250,390.378388
1612022.228487,250,396.78738
1482289.348549,250,402.963271
1866402.760308,250,409.344275
1637259.986615,250,415.973013
918915.603133,250,422.415845
1439208.017128,250,428.874619
2303332.954166,250,435.397562
1673775.139022,250,441.843756
2433461.980845,250,448.431549
1556972.544395,250,454.978483
1746441.153872,250,461.500154
2010210.510642,250,467.83884
2964920.210366,250,474.301888
1116444.102091,250,480.513842
890654.132133,250,486.743431
1528950.915258,250,493.001099
1992687.458042,250,499.140375
3052341.88682,250,505.508676
1249309.326284,250,511.692965
2730429.2145,250,517.700351
2131865.118731,250,524.129008
2398069.049163,250,530.367641
2705806.719833,250,536.735349
1029487.026657,250,543.031351
2580462.367899,250,549.484494
2440761.58571,250,555.831101
3460795.012949,250,562.054722
1517677.781113,250,568.135744
2397309.056528,250,574.015491
2347494.666374,250,580.202136
2100186.063483,250,586.272237
1385897.940056,250,592.565214
2103453.997187,250,599.090306
2770540.719249,250,605.687275
2132712.947494,250,611.889807
2804345.673297,250,618.136284
2524436.300214,250,624.469879
2386719.237678,250,630.667417
2533722.525613,250,637.077609
2999430.050047,250,643.467713
2377417.886536,250,649.915641
2644336.586245,250,656.279609
2449943.075623,250,662.70547
1932807.095073,250,669.117185
2634729.020311,250,675.421354
2254646.793896,250,681.950585
2967264.145284,250,688.310644
3256950.048155,250,694.733636
2908835.367097,250,701.26278
2222552.315701,250,707.628856
2537207.791682,250,713.984518
1817603.74881,250,720.237458
2702464.91904,250,726.507307
2837311.922444,250,733.141471
2273854.288913,250,739.325059
2917547.088963,250,745.77482
3137556.753677,250,752.146372
1473414.54176,250,758.288167
3166164.473035,250,764.358799
3231580.794436,250,770.628822
2779377.907422,250,776.665576
2784095.101807,250,783.062469
3196020.925915,250,789.22532
3531680.017832,250,795.356037
2976556.806416,250,801.819399
2736950.062357,250,807.94864
2749345.380075,250,814.103187
1841428.520039,250,820.353749
3061067.337229,250,826.532536
2436879.074507,250,832.960537
3274900.225228,250,839.255476
3479978.219292,250,845.648422
3081243.294338,250,851.784754
3253427.780188,250,857.914544
3815059.739657,250,864.295034
2818052.161164,250,870.667104
3509194.41548,250,877.016521
2893977.050748,250,883.344002
3420210.685895,250,889.926878
2069133.404815,250,896.343113
3295315.802368,250,902.815293
2886162.360315,250,909.38102
3492738.007036,250,915.764613
3070670.007847,250,922.265141
3220188.015323,250,929.013661
3171726.40595,250,935.627239
3752296.145203,250,941.968213
2611274.804073,250,948.22219
3330943.523388,250,954.494355
3638366.628369,250,960.772891
3464061.370578,250,966.962254
3016306.596498,250,973.258729
3597623.397865,250,979.572459
3319634.08476,250,985.71167
3969860.707877,250,992.284249
3000792.275862,250,998.690811
3975669.96765,250,1005.050662
2731560.463534,250,1011.270902
3313220.982242,250,1017.62977
3216692.906198,250,1023.967064
3046213.949735,250,1029.991755
3327562.028458,250,1036.174932
3063569.188561,250,1042.29828
4002694.240175,250,1048.634487
3444755.48461,250,1054.714927
3335197.441822,250,1060.759894
7530734.397559,196,1065.716525
3557878.446162,250,1071.89977
2755334.453063,250,1078.193629
3198658.209514,250,1084.498205
3880502.006815,250,1090.740607
3781366.645316,250,1097.067155
2923048.047464,250,1103.403616
3889548.849608,250,1109.731381
3432914.600174,250,1116.012985
3191220.363077,250,1122.453315
3041312.270575,250,1129.040629
3423540.36789,250,1135.478709
3508184.509862,250,1141.980571
3723488.902647,250,1148.396609
3435103.879066,250,1154.980438
2486908.953259,250,1161.171218
2255247.65216,250,1167.667551
2777131.380671,250,1174.249771
3163690.503507,250,1180.706617
3437405.029961,250,1187.119497
3486589.424975,250,1193.344023
3361598.227747,250,1199.903625
3870360.700745,250,1206.157771
3285042.343211,250,1212.510484
3140903.422625,250,1218.79646
3005139.150117,250,1224.792326
4208799.335528,250,1231.07059
3846872.834079,250,1237.307993
4290546.049485,250,1243.698845
3838632.776837,250,1249.796492
2955296.841953,250,1309.639317
3444084.662468,250,1316.042717
3180285.249281,250,1322.406602
3618886.262811,250,1328.82327
2737656.780359,250,1335.01699
3651481.051957,250,1341.358392
2926641.197303,250,1347.79393
3127782.157585,250,1354.164328
2779360.8215,250,1360.442276
2903986.377359,250,1366.976364
3236782.260401,250,1373.556053
3347589.479888,250,1380.049467
3739037.105351,250,1386.652445
3274860.362653,250,1393.218865
3861054.573688,250,1399.725835
3270268.434887,250,1406.339173
2836089.427217,250,1412.866957
7936167.680886,208,1418.174983
3813745.965366,250,1424.584092
3760694.257554,250,1430.969692
2845771.925497,250,1437.330956
3258381.130006,250,1443.905665
2785226.952828,250,1450.192264
3705062.003869,250,1456.57047
1358944.728065,250,1462.812168
3085258.162928,250,1469.177491
3146565.633487,250,1475.438362
6224016.532164,92,1477.683619
3252687.189494,250,1483.920192
3682809.953707,250,1490.049596
2889275.644278,250,1496.358799
3904295.756249,250,1502.614759
3225989.604527,250,1509.107238
3301541.673924,250,1515.193325
3500431.993894,250,1521.450552
9305842.252132,249,1527.732161
3326590.999714,250,1534.139623
3443808.271251,250,1540.150613
2965470.442682,250,1546.742819
2811124.043544,250,1553.044365
2708737.50032,250,1559.336235
3066467.617703,250,1565.786499
5837845.684087,74,1567.540509
3312909.441169,250,1573.906559
3226565.267647,250,1580.028989
3241246.880657,250,1586.850373
3132611.221389,250,1593.55894
3596654.604546,250,1599.918565
8131352.390419,202,1605.250901
7189424.219416,152,1609.206907
5745027.726106,73,1611.114121
3295809.315561,250,1617.543066
3291041.218839,250,1624.102606
3391107.612297,250,1630.485874
2680409.131637,250,1636.878303
3021597.846883,250,1643.386815
2881043.92681,250,1650.005306
3298017.335755,250,1656.679441
3672297.536564,250,1663.266116
2431293.146454,250,1669.516567
3343335.344946,250,1676.113215
4010472.743002,250,1682.558956
2350215.7811,250,1689.008535
3131885.87223,250,1695.475812
4233269.223694,250,1701.740519
2408536.176022,250,1708.24904
2057183.715485,250,1714.164956
3748837.527354,250,1718.533907
3488935.505089,250,1723.085453
4381039.014937,250,1727.633296
2861680.081378,250,1732.41194
4122111.811871,250,1737.329292
6587901.932416,97,1739.220736
2977289.295798,250,1744.000914
3494041.574816,250,1748.621427
3482976.766752,250,1753.479981
2663182.70176,250,1757.951041
3652442.17636,250,1762.709572
3344391.359204,250,1767.361985
951202.247038,250,1771.967824
4033141.707068,250,1776.753948
3520270.681204,250,1781.692501
3193786.760554,250,1786.547917
1858791.45225,250,1791.354899
3237151.241028,250,1796.131211
2708681.515145,250,1801.004906
2564601.72451,250,1805.836836
2741217.376143,250,1810.733302
2384895.641186,250,1815.503472
1962893.294373,250,1820.305738
3155904.765732,250,1825.058377
3672383.621754,250,1829.88604
2031654.352924,250,1834.687053
3882808.092285,250,1839.512606
3222587.296307,250,1844.238038
2974176.751917,250,1848.770999
8897142.490722,219,1852.763868
2605663.984548,250,1857.348911
3405770.576717,250,1861.896281
3657451.564399,250,1866.389812
5470472.44303,36,1867.030669
3976728.230815,250,1871.507144
2610949.914523,250,1875.985048
2554503.31481,250,1880.653777
2414864.76351,250,1885.153704
2662155.104289,250,1889.678403
3077957.890796,250,1894.191572
2634838.196092,250,1898.781871
2971813.406021,250,1903.353431
7512304.008903,167,1906.313816
3530793.180895,250,1910.884636
3952392.563659,250,1915.454904
7251664.068797,175,1918.595243
4038341.780578,250,1923.236179
3396688.008575,250,1927.902015
3028262.098304,250,1932.41892
1760757.084614,250,1936.973593
2002424.465006,250,1941.59567
3209883.657264,250,1946.064685
3045477.010138,250,1950.480938
3607963.415025,250,1954.934868
3212859.626373,250,1959.493346
4214279.554824,250,1964.162922
3346921.550542,250,1968.994799
2134213.734022,250,1973.941685
7203643.318537,129,1976.54879
2184354.274094,250,1981.45571
3483499.78559,250,1986.371161
3801395.836945,250,1991.283563
4151477.331032,250,1996.219236
3835641.30608,250,2001.12154
6796716.02561,99,2003.061262
2957377.994601,250,2007.90277
3044944.213429,250,2012.663004
3436168.740451,250,2017.609657
6276036.521159,128,2020.116851
2771351.709035,250,2024.95738
2592485.90678,250,2029.771942
3059672.398656,250,2034.616919
2296109.38079,250,2039.395808
2109721.369588,250,2044.177029
3051801.575579,250,2049.034488
2996802.782372,250,2053.804566
4057634.389164,250,2058.585553
2263875.762914,250,2063.493749
3409196.592024,250,2068.410844
3570010.286988,250,2073.333902
3253521.308102,250,2078.177152
2128184.545126,250,2082.978068
2832599.113862,250,2087.465831
3605741.87785,250,2092.088511
2474300.369394,250,2096.689463
1884511.035142,250,2101.222811
2035021.297502,250,2105.880298
6014369.784827,123,2108.127734
3541442.908659,250,2112.678183
2252017.69151,250,2117.248592
2631835.213262,250,2121.920929
3007290.791336,250,2126.41233
4048448.103054,250,2130.853041
3132857.29188,250,2135.308629
3058105.926879,250,2139.903448
3294634.583993,250,2144.391361
3294850.491471,250,2148.918804
2741303.717764,250,2153.441942
3300654.825452,250,2157.920064
5890448.755391,90,2159.527651
3649309.924043,250,2164.087877
6338305.140737,127,2166.447461
3856366.534729,250,2171.124683
2609284.801697,250,2175.697708
5974815.746464,68,2176.92984
2893775.192812,250,2181.603388
3913632.753045,250,2186.128999
4363441.55667,250,2190.618342
3343010.248048,250,2195.251515
2583587.023606,250,2199.789356
6310675.334442,114,2201.876091
2604912.225768,250,2206.671397
2283167.409109,250,2211.539446
5648949.62392,46,2212.447654
2953048.325493,250,2217.358652
6085450.251181,93,2219.116605
3324822.483478,250,2223.961683
2647783.521218,250,2228.800722
2230533.50842,250,2233.602331
2281400.837859,250,2238.497078
3191951.543712,250,2243.373715
3112964.594586,250,2248.213394
2609495.891858,250,2253.061257
3100306.648828,250,2257.980976
1968967.194702,250,2262.840692
2518822.186311,250,2267.690196
2134979.065764,250,2272.518256
1344865.139304,250,2277.130043
6379768.667883,108,2278.956474
9303964.506109,240,2283.380215
8396925.603192,210,2287.295807
3045888.578283,250,2292.112007
2324845.548607,250,2296.82405
1637901.212775,250,2301.645333
2402768.036952,250,2306.385638
1186197.086692,250,2311.127728
2862623.414408,250,2315.942831
2838771.101675,250,2320.794285
2787028.609024,250,2325.3608
5518943.425235,58,2326.438851
3412208.393243,250,2331.068737
3791477.358467,250,2335.638027
2464085.391583,250,2340.187802
5603325.071514,57,2341.237001
7952530.891356,219,2345.29319
3200453.796153,250,2349.853023
3378580.168922,250,2395.881733
2565741.948322,250,2400.365524
2295860.727504,250,2404.985566
5837092.165977,63,2406.157778
3355498.265058,250,2410.775318
1909418.520305,250,2415.395247
2315286.218993,250,2419.86864
3131435.90324,250,2424.398782
2546398.77813,250,2429.002243
1945576.729435,250,2433.574398
3194938.758662,250,2438.118772
2447156.673207,250,2442.893167
2982456.065275,250,2447.693528
3108151.384758,250,2452.546995
2373869.033524,250,2457.485523
3939188.744449,250,2462.252681
1772059.18268,250,2467.114326
2096441.701297,250,2472.015772
2338382.966724,250,2476.941068
5467969.466051,76,2478.428621
2670989.089471,250,2483.292112
1641026.784948,250,2488.276349
2978487.625758,250,2493.177038
2348764.999924,250,2498.020393
1873322.960437,250,2502.876969
3360105.290825,250,2507.664873
6137534.006282,104,2509.64877
3841064.805696,250,2514.486765
2485706.571444,250,2519.349679
3378706.342631,250,2524.10308
3095463.316642,250,2528.88067
1840866.651762,250,2533.567189
3044676.861992,250,2538.394137
3434165.682314,250,2543.268186
1752083.846018,250,2548.175798
2911822.835682,250,2552.939832
3147846.502895,250,2557.751271
1765660.287591,250,2562.56727
-113515.691051,18,2562.912495
1868173.26133,250,2567.46432
2227798.704668,250,2572.064276
2230020.982105,250,2576.643976
2708011.802245,250,2581.1485
2873664.612195,250,2585.769575
2537586.029482,250,2590.375352
3028344.774745,250,2594.902034
2464978.515218,250,2599.462237
2761386.030929,250,2604.038941
7085256.757544,154,2606.849293
5836582.631162,95,2608.633611
2237818.01436,250,2613.215075
743913.749916,250,2617.775922
3045751.548235,250,2622.427127
871005.918871,250,2626.891159
5519474.807749,70,2628.156492
2385920.280542,250,2632.767731
3755058.783208,250,2637.251214
3693761.314278,250,2641.769438
1971672.684492,250,2646.349362
1974461.383723,250,2650.897892
2206234.997008,250,2655.403272
2138485.509839,250,2659.886421
2224351.763375,250,2664.385155
3253345.817013,250,2668.88814
5514278.424175,78,2670.308169
2349530.498531,250,2674.891196
3441758.805439,250,2679.539772
3022023.445877,250,2684.215613
5419570.215462,34,2684.855798
5718039.737351,104,2686.883873
2762600.273291,250,2691.753377
849487.06878,250,2696.682217
869811.924579,250,2701.514771
2731259.133544,250,2706.436425
2941452.994361,250,2711.289205
5887135.688498,118,2713.573035
2242574.571635,250,2718.405959
2258807.501469,250,2723.329385
3566751.277911,250,2728.340956
1859259.019671,250,2733.173432
1864854.038406,250,2738.09204
3034584.699593,250,2742.91767
868330.438929,250,2747.734228
3072466.777058,250,2752.634104
7520498.058032,192,2756.328028
1893255.869028,250,2761.091722
2419029.566249,250,2765.890849
1702570.25533,250,2770.721598
2747848.527921,250,2775.592309
1512462.393018,250,2780.427083
2340698.292788,250,2785.205094
3282277.560748,250,2789.935044
1439623.94557,250,2794.718171
1243663.254151,250,2799.58129
5516217.568138,81,2801.154642
2137540.885199,250,2805.757096
1673644.999779,250,2810.283206
2420576.401176,250,2814.845989
5773228.709064,95,2816.61055
1788538.372305,250,2821.17089
970878.8077,250,2825.886781
3468102.256516,250,2830.591255
2563148.844965,250,2835.105005
1980280.780083,250,2839.631687
5624872.841119,40,2840.339846
5847432.210861,51,2841.267482
1832771.201029,250,2845.827094
1743235.904417,250,2850.295183
2479297.772251,250,2854.882115
2439941.304341,250,2859.370688
1773153.603433,250,2863.978109
2603767.710286,250,2868.515223
7157204.356611,153,2871.344425
2350911.044842,250,2875.794842
1741832.301446,250,2880.210304
3154120.403817,250,2884.710596
2794939.756899,250,2889.290559
1509533.331915,250,2893.832616
3017474.511957,250,2898.397756
3275398.995622,250,2902.951799
1287501.120574,250,2907.473399
2225467.691711,250,2912.074526
1609447.785251,250,2916.64289
2175368.711117,250,2921.266131
5573630.550335,82,2922.847392
3429984.817925,250,2927.729589
2821680.321463,250,2932.674868
1521985.206673,250,2937.500911
5657302.066407,72,2938.910642
1933569.570781,250,2943.788647
6201961.141437,77,2945.269992
8386512.749701,199,2949.18769
2050409.504038,250,2954.062851
1798151.800341,250,2958.939373
2354711.710267,250,2963.886686
2899310.80969,250,2968.708767
2478340.105083,250,2973.626709
1731193.201263,250,2978.527444
1950586.19723,250,2983.318969
1599807.16097,250,2988.135001
2317556.370071,250,2992.937004
2020501.36201,250,2997.776389
1934971.449867,250,3002.537422
1705839.040169,250,3007.318876
6024415.81021,113,3009.51336
6052572.310923,121,3011.83268
1693731.921227,250,3016.591932
6966622.052354,131,3019.137786
6554520.680811,154,3022.084523
1582029.087342,250,3026.914816
3066405.234063,250,3031.600362
735030.908714,250,3036.445712
5675734.49843,93,3038.255011
2122597.508274,250,3042.966711
2599117.528772,250,3047.531807
2930578.378936,250,3052.18826
2950172.924625,250,3056.837893
749086.86435,250,3061.359757
2539339.543073,250,3065.982356
6242782.14446,109,3068.062443
2087513.028707,250,3072.683399
1843976.890142,250,3077.232177
7388558.905448,180,3080.537804
6102369.569922,114,3082.638787
2256434.291501,250,3087.187329
5792171.35127,92,3088.82589
1754098.945406,250,3093.326843
4002672.609009,250,3097.811156
1113612.034439,250,3102.287786
1780921.044272,250,3106.875659
462216.868699,250,3111.503355
5925848.821691,120,3113.678913
6498278.567503,105,3115.550547
3135496.894768,250,3120.071029
1475450.554731,250,3124.640464
1598249.905632,250,3129.226326
1303208.544421,250,3133.750019
7681281.102894,155,3136.523169
2901507.55269,250,3141.14055
1897793.588062,250,3145.650232
2762959.968949,250,3150.262238
3938404.123084,250,3154.880874
6438604.938365,113,3156.899099
2995581.084985,250,3161.452447
2600026.686437,250,3166.280791
5517130.68072,77,3167.803124
2613238.553008,250,3172.688724
2542147.945858,250,3177.541882
3645929.482082,250,3182.443228
3022271.467302,250,3187.323944
431724.42341,250,3192.211782
1932741.810012,250,3197.11956
2431126.177008,250,3202.065319
5407623.0185,79,3203.650745
1924152.061708,250,3208.408808
2481090.463487,250,3213.325885
1336946.225214,250,3218.222959
5416174.862701,79,3219.745265
1044240.404865,250,3224.521446
3008960.921053,250,3229.360866
1409677.556403,250,3234.17755
3846270.784465,250,3238.939755
3294059.094531,250,3243.807177
2110298.630833,250,3248.672782
1530217.842909,250,3253.473878
1812767.700277,250,3258.328553
5524461.964686,37,3259.049461
1654361.7837,250,3263.897056
1801734.71993,250,3268.732414
3118793.281333,250,3273.60567
6712848.249856,137,3276.207951
2742945.142266,250,3281.044377
2729284.333309,250,3285.618269
5501939.120089,86,3287.173129
1846059.74859,250,3291.755121
3485120.356358,250,3296.435705
3838719.324168,250,3300.957159
1612355.866826,250,3305.572302
2453118.917031,250,3310.192352
5742404.301318,82,3311.690859
2191549.476859,250,3316.272648
1449717.369424,250,3320.916246
5510881.782033,58,3321.949817
2331141.807756,250,3326.452706
1935798.021402,250,3331.028997
2382447.341795,250,3377.589282
1986091.046897,250,3382.12572
1724966.000007,250,3386.660646
2398487.182855,250,3391.133191
2735589.772277,250,3395.693739
6399402.00104,145,3398.37489
2982577.013336,250,3402.991551
2163068.064089,250,3407.879267
5703814.600752,45,3408.759412
3647986.348722,250,3413.727809
2026344.937076,250,3418.61607
2013120.368169,250,3423.44294
2006111.882107,250,3428.445163
1834499.061194,250,3433.382194
5800003.560058,74,3434.830834
2575956.155278,250,3439.749242
1547788.075185,250,3444.694141
1879694.853591,250,3449.531241
2992312.003735,250,3454.425185
2686690.164798,250,3459.377801
2614550.949275,250,3464.281208
7798797.610539,223,3468.570181
6408498.548775,92,3470.363304
2401794.679094,250,3475.326227
-116479.554837,10,3475.524692
5438061.818679,29,3476.102715
2437735.582245,250,3480.91593
1643713.840737,250,3485.758627
575564.523624,250,3490.603924
2423054.254011,250,3495.395335
2029213.36551,250,3500.227218
6023267.126824,68,3501.543168
1729676.266141,250,3506.321065
2553561.436321,250,3511.216328
2401689.180709,250,3515.999351
2515546.012449,250,3520.905843
3428355.748311,250,3525.49246
2394538.392655,250,3530.059314
2221281.428617,250,3534.70089
6213950.176559,130,3537.122679
6687083.852606,153,3539.899424
6360463.553281,121,3542.076184
3815009.157305,250,3546.617697
1705921.781131,250,3551.238046
4115082.615153,250,3555.749552
5950484.919611,116,3557.824223
8064832.626526,177,3561.025731
2665028.104543,250,3565.640187
5424258.85727,28,3566.153613
1921601.177526,250,3570.798999
5431047.073283,28,3571.323171
5480684.395862,48,3572.220662
1984749.02333,250,3576.805992
2782581.533181,250,3581.357437
5431391.751776,24,3581.793305
5911762.207698,56,3582.794372
3044308.124449,250,3587.317273
2350701.149943,250,3591.885445
1513249.097625,250,3596.441747
2601739.234885,250,3600.950415
6514137.795089,94,3602.654845
-163691.389396,54,3603.636501
5692271.420503,72,3604.966423
1639024.468687,250,3609.515237
6542328.210022,153,3612.280894
5519245.725751,82,3613.755083
2524481.649796,250,3618.426308
5472166.381019,33,3619.023788
5518125.609292,35,3619.684418
6366265.649173,127,3622.021113
2192055.988995,250,3626.653886
2816713.855888,250,3631.226331
5823559.744925,87,3632.762177
5431790.337971,25,3633.206419
3321856.017867,250,3637.668376
3608862.761777,250,3642.323295
6002038.330612,122,3644.713992
3202790.685435,250,3649.594092
2125340.392035,250,3654.485392
1919191.133515,250,3659.336865
2909107.771591,250,3664.291772
7234043.712135,138,3667.007554
5886525.998872,92,3668.834267
5573097.779779,44,3669.718054
5767616.453228,50,3670.678345
6524049.025185,143,3673.479776
2207368.641128,250,3678.356378
6872606.420428,157,3681.461916
6080271.959334,122,3683.85104
5488354.320053,72,3685.263437
2088379.672508,250,3690.104594
7151677.093567,155,3693.101677
1755179.501771,250,3697.954345
2328641.561756,250,3702.813471
2572833.894929,250,3707.573027
5722876.567611,87,3709.279239
5412679.617485,89,3710.969153
6253956.362316,146,3713.892115
8190083.772769,217,3718.149347
2866995.665732,250,3722.967253
7848377.506276,229,3727.448907
2691478.335546,250,3732.328305
3169569.546739,250,3737.12798
-145298.171246,15,3737.422501
2446413.516437,250,3742.286047
5493365.752148,73,3743.728799
5456739.949018,68,3745.036955
2039982.485778,250,3749.777954
2640970.599583,250,3754.482388
2699665.396298,250,3759.274015
1994121.186731,250,3764.017269
1944324.084284,250,3768.585631
5493431.787269,74,3769.926779
1721176.023811,250,3774.444669
6718560.021133,157,3777.28549
7355131.242345,214,3781.204941
689841.88841,250,3785.821336
2115124.07607,250,3790.41208
2525463.96194,250,3794.973507
2137889.482636,250,3799.558673
2061515.647673,250,3804.068956
539381.76688,250,3808.72632
1875915.385724,250,3813.294525
3428269.022495,250,3817.914756
2401449.990506,250,3822.494888
634255.986799,250,3827.008684
6268186.552515,97,3828.79531
1994121.17705,250,3833.431383
2211601.944003,250,3837.905478
543484.485137,250,3842.482875
6977756.717718,108,3844.455012
5456972.913448,63,3845.57465
5462512.819011,87,3847.174222
2453919.066299,250,3851.672318
1698311.615323,250,3856.308578
3124157.458096,250,3860.958897
2181596.829792,250,3865.563408
2425886.111127,250,3870.118445
1746563.677381,250,3874.627049
2156180.986332,250,3879.201369
6940885.51669,160,3882.130048
1988132.735726,250,3887.0139
5593292.749798,70,3888.378343
1389731.889868,250,3893.250172
1818947.365663,250,3898.096796
2742444.943373,250,3902.926277
5401402.768462,78,3904.513439
2831827.495034,250,3909.405062
2980569.874825,250,3914.259998
1894681.046445,250,3919.178978
2533266.889514,250,3924.121291
2837062.739942,250,3929.039888
7128424.214667,168,3932.383772
3047561.15187,250,3937.34139
736993.443442,250,3942.184284
2303766.542153,250,3946.933574
925371.044972,250,3951.909411
5854488.201047,124,3954.251759
2548693.664566,250,3959.020298
5467053.342986,31,3959.580991
2117227.046482,250,3964.4027
3923593.97597,250,3969.251886
6620940.839088,156,3972.261156
5490202.115878,67,3973.560395
668207.204697,250,3978.352232
2568702.942966,250,3983.205946
2130898.891642,250,3988.015436
261016.205577,250,3992.805055
4240422.222743,250,3997.58632
2212715.155288,250,4002.376371
2760328.246539,250,4006.893719
1819297.804175,250,4011.102222
792130.343222,250,4015.562575
5765872.613466,50,4016.470078
5403850.510821,81,4017.935082
1649836.681924,250,4022.511353
5586346.768106,60,4023.599383
2413155.832051,250,4028.13697
5453612.764963,34,4028.755145
1350629.3788,250,4033.246239
6345896.400832,99,4035.030713
5840432.051564,65,4036.252742
5742875.648659,48,4037.171398
7171724.700214,187,4040.691063
5898724.550716,127,4043.015966
5848333.324295,97,4044.707045
5784276.52587,110,4046.708931
5758693.044596,119,4048.834088
2669552.852217,250,4053.417853
5477558.654797,78,4054.86578
2173172.759229,250,4059.476728
5468183.250653,29,4060.004374
5607787.646896,62,4061.165614
2114544.271917,250,4065.725178
3344263.684025,250,4070.225166
6017319.256359,93,4071.882215
7825446.486332,216,4075.753143
457192.550774,250,4080.341381
1464132.016129,250,4084.942844
5899416.018808,52,4085.864406
2902373.319359,250,4090.418112
1990167.863932,250,4094.935073
1861649.318779,250,4099.567121
5429739.020922,85,4101.114038
1973682.428181,250,4105.666491
5723782.180596,85,4107.190074
2939056.418349,250,4111.804861
2595563.565167,250,4116.403826
5829672.301077,112,4118.454999
2301336.003776,250,4123.075611
5867772.939097,57,4124.192845
2749188.979811,250,4129.13656
5517526.132805,86,4130.788137
5438847.221127,79,4132.298045
2475658.220063,250,4137.183661
1846998.946122,250,4142.092869
5481587.096034,103,4144.135374
6225118.168213,129,4146.620639
2506089.054382,250,4151.465631
2217763.198144,250,4156.373851
5417997.767517,28,4156.93602
3033993.506288,250,4161.86863
2187754.767032,250,4166.728742
2018444.013554,250,4171.572296
5741073.269182,52,4172.602543
5453126.907706,78,4174.149187
5460860.076872,80,4175.74865
552911.325843,250,4180.599937
1774176.477441,250,4185.503674
542027.188095,250,4190.384441
6873229.34667,172,4193.699641
13644.137879,250,4198.493481
2579899.762603,250,4203.37981
2603228.161177,250,4208.132359
7830387.760782,243,4212.842053
2297789.759208,250,4217.663673
4384861.07206,250,4222.484905
5503608.793659,60,4223.635031
934108.006358,250,4228.453375
3070774.012393,250,4233.31247
3471683.513941,250,4238.200788
5604691.615331,79,4239.71648
5466489.050199,63,4240.939911
6513589.164037,88,4242.544164
1157898.000551,250,4247.366076
5528617.145098,110,4249.438561
2250188.573655,250,4254.080815
3436124.698389,250,4258.688582
2278684.35966,250,4263.197056
1645584.801196,250,4267.82626
2145412.420113,250,4272.386461
2631318.258579,250,4276.997115
1770315.085514,250,4281.507488
2379075.679698,250,4285.963975
5496209.992927,82,4287.462272
5512616.380254,83,4288.984099
5578975.247714,106,4290.901364
5551866.782519,89,4292.633967
5401724.438322,77,4294.043208
5454514.348441,44,4294.84375
1959821.061027,250,4299.367616
2436612.506837,250,4303.933758
5533403.528434,63,4305.07296
1726135.974336,250,4309.764622
5563806.810729,53,4310.733295
1786490.298497,250,4315.274556
5472902.694632,28,4315.779075
2617059.337887,250,4359.760903
2197910.518339,250,4364.496786
1064333.807741,250,4369.368315
2363986.733269,250,4374.267979
5500767.040228,86,4375.964503
5846844.854561,48,4376.904013
6085728.633094,76,4378.375364
2140751.729955,250,4383.22619
5487438.698689,83,4384.863405
5408285.152739,77,4386.383926
2235367.237304,250,4391.271142
2425256.791333,250,4396.111762
6212036.175485,69,4397.494595
1709832.414723,250,4402.419173
5429768.861658,28,4402.969152
5438584.485114,32,4403.608203
5577490.947375,85,4405.288071
5553885.195999,73,4406.684539
5781311.364762,106,4408.727109
5418450.84442,30,4409.312052
1828757.7037,250,4414.29154
5500791.961533,88,4416.049943
5844737.582154,100,4418.019187
3817621.868751,250,4422.86523
5487979.68143,73,4424.209026
5556764.451439,75,4425.602445
5543458.386386,73,4427.002593
1815209.860804,250,4431.805963
5489498.243415,26,4432.3169
2407733.832902,250,4437.204389
313181.837095,250,4442.021769
5450474.128965,32,4442.634416
2446549.246094,250,4447.521522
5418266.817696,29,4448.078916
1949196.692432,250,4452.95093
6999555.173153,170,4456.266238
5457564.479597,76,4457.748449
2281768.94335,250,4462.582317
327082.468213,250,4467.497806
2388707.045398,250,4472.346814
2756650.069048,250,4477.181262
7391863.185662,192,4480.905339
1509727.004628,250,4485.531787
2652059.810757,250,4490.070009
1804355.856045,250,4494.721142
3161678.694099,250,4499.308819
2520637.998121,250,4503.849536
5568379.681229,49,4504.751522
1802151.637875,250,4509.415943
2135020.013119,250,4514.082356
2392970.219899,250,4518.607754
1720186.575462,250,4523.209773
5449770.368996,47,4524.061528
5433398.016663,77,4525.517442
2077945.735152,250,4530.116761
5417639.659897,27,4530.582596
4006102.092479,250,4535.149868
5438155.009422,84,4536.681176
307216.460807,250,4541.293761
1106743.350946,250,4545.917835
2103664.0838,250,4550.622242
383668.820822,250,4555.208507
5471339.555695,35,4555.84235
5685707.163247,48,4556.753346
2474835.184493,250,4561.346109
2452690.547254,250,4565.900408
5419755.42229,30,4566.44264
1941895.926838,250,4571.070032
5540032.639271,83,4572.56989
5511392.786134,58,4573.642003
5467214.351892,78,4575.130595
5455201.386362,37,4575.823936
5588291.266213,33,4576.420623
2716321.341073,250,4581.147809
1846454.462276,250,4585.818583
5417357.765464,72,4587.133909
5450524.638247,79,4588.588827
8508412.876666,246,4593.082546
5549896.556355,84,4594.705183
5402573.572909,81,4596.260425
511396.780082,250,4600.790209
5471827.889749,76,4602.19825
5577784.611498,72,4603.566651
5465862.02153,66,4604.833811
498293.058339,250,4609.647251
5485039.342418,34,4610.326527
5467092.219254,50,4611.32079
5455972.379341,85,4613.014528
5462589.924864,73,4614.461354
5422828.499287,89,4616.163411
2268527.542227,250,4620.86781
529269.520451,250,4625.678305
5807666.428014,108,4627.715886
5454575.616635,61,4628.92464
5458647.904372,66,4630.199953
1508685.345608,250,4635.022091
2251228.95272,250,4639.90257
5445491.912841,81,4641.492922
1905888.065203,250,4646.484112
398663.851566,250,4651.320107
5569391.645697,97,4653.200172
5736678.707587,116,4655.439509
2763578.70983,250,4660.385709
1949190.465273,250,4665.249145
363690.453711,250,4670.172676
5462755.843667,46,4671.052577
504620.183735,250,4675.88718
1291599.107607,250,4680.699385
5488130.048028,49,4681.650352
5460833.005924,77,4683.105036
634325.236334,250,4687.973394
2135715.330792,250,4692.720778
5467262.603652,68,4694.011317
1470948.489257,250,4698.86972
2134970.276302,250,4703.803561
5421920.660044,27,4704.331129
5490335.157122,35,4705.025203
648549.742182,250,4709.85933
2366663.863867,250,4714.722936
5510773.676686,64,4715.980825
5451744.334767,37,4716.704248
237843.154697,250,4721.551214
1914090.9548,250,4726.077032
2319728.813744,250,4730.613202
5648129.28766,76,4732.026264
5424601.882089,36,4732.664804
267173.995408,250,4737.287426
1970334.496892,250,4741.803674
5505674.524944,62,4743.048252
1643970.838294,250,4747.650276
5426040.63969,31,4748.204624
5492510.439387,48,4749.071339
5475342.741427,31,4749.60756
5485160.587495,77,4751.015546
5439444.165667,71,4752.293428
6738924.172321,130,4754.640881
5469839.448162,79,4756.086241
310419.442981,250,4760.602293
2735778.04835,250,4765.170838
6611780.599345,153,4767.935909
5489039.603531,64,4769.110588
271826.972674,250,4773.745661
5415778.290802,78,4775.158571
1631350.160411,250,4779.773741
5471738.146873,76,4781.151366
5439407.693284,36,4781.784703
5433526.421979,29,4782.318877
5419339.744246,29,4782.834137
1997305.814885,250,4787.360314
5934051.645313,115,4789.59724
5423905.623461,81,4791.216727
5449054.025766,72,4792.547844
2795160.904994,250,4797.106947
5469064.529232,58,4798.116057
5454254.207942,69,4799.377216
2925468.371394,250,4803.901956
5435478.164984,28,4804.389564
5417911.669665,25,4804.846372
2610133.359101,250,4809.316723
1197865.654316,250,4813.838221
5465601.113595,30,4814.36518
2723950.987689,250,4818.919899
5445283.411054,36,4819.558075
870553.160534,250,4824.150626
862423.813183,250,4828.770329
5420067.368663,29,4829.287698
5398782.043311,75,4830.648837
1293703.777161,250,4835.192101
2069898.220871,250,4839.764666
2054224.764817,250,4844.517208
5459595.020416,32,4845.178277
5434574.790348,31,4845.782497
5435999.593434,77,4847.26022
2377876.705363,250,4852.091205
5448710.975984,84,4853.701437
7210235.325406,164,4856.885026
5469959.042816,72,4858.280199
5664478.700614,102,4860.2544
653282.451048,250,4865.225276
5814332.033196,55,4866.27665
5410416.78871,72,4867.675523
827541.385476,250,4872.517376
1094404.242043,250,4877.377842
2697851.99735,250,4882.302862
1747578.857422,250,4887.117486
665400.559315,250,4891.978683
5439947.343382,75,4893.468782
5474733.413881,52,4894.565284
5458928.918143,79,4896.112114
5490738.443816,65,4897.392701
-105707.1783,15,4897.687521
5809276.272462,89,4899.420965
5519112.249248,36,4900.131874
5640191.268343,44,4901.008387
5846551.18568,165,4904.179643
5477697.593467,69,4905.525163
5451499.024933,80,4907.018101
5480875.50386,55,4908.072948
5585696.681049,52,4909.077262
5471065.694117,48,4910.011222
5454033.576524,78,4911.467044
5421937.754609,30,4912.049016
5402255.520032,73,4913.428808
1255718.973573,250,4918.19283
5574091.179659,78,4919.692928
1139001.891979,250,4924.442147
5519553.408168,72,4925.847392
5480769.127844,59,4926.990191
2045007.077054,250,4931.848906
465909.873498,250,4936.631033
5457905.954013,49,4937.609362
5369694.34936,81,4939.213721
5496219.383374,74,4940.664301
5464154.526742,61,4941.828172
5482609.405255,41,4942.625553
5456602.2022,73,4944.01485
1977458.303376,250,4948.750215
515399.107969,250,4953.519837
1138238.894057,250,4958.42633
2156563.19527,250,4963.096793
1855742.379193,250,4967.560589
5808183.169256,107,4969.582333
5422143.780929,32,4970.189502
5452524.574068,26,4970.668405
5423240.610739,33,4971.263685
5653008.61279,82,4972.760648
422379.016945,250,4977.332405
5482771.937856,51,4978.215891
1088812.356749,250,4982.848011
5474091.984073,60,4983.958349
5456319.766864,33,4984.549335
5774345.33842,93,4986.295952
5470495.539704,72,4987.593297
785066.070035,250,4992.163399
1440089.765881,250,4996.75606
1109557.949797,250,5001.314692
5512199.317011,58,5002.37903
5754184.359445,112,5004.416103
5504531.36748,41,5005.148476
5460136.558295,37,5005.81454
5475954.082049,66,5006.953401
5448696.034852,67,5008.145475
5493408.842997,71,5009.453984
5444458.544719,84,5010.959198
5465230.482322,63,5012.116065
1372813.643567,250,5016.694415
5445452.685028,29,5017.191802
5726701.504597,70,5018.379246
5417592.499703,28,5018.836631
2952993.447454,250,5023.221385
5421767.72903,30,5023.733693
5498411.071967,51,5024.680699
1137980.13508,250,5029.308158
5536645.492657,48,5030.198933
5711700.582982,94,5031.93846
5463216.337278,73,5033.279106
5430130.908378,85,5034.858145
7162522.638886,193,5038.354055
5533335.936639,74,5039.700739
5575346.839405,90,5041.398842
5486144.838228,40,5042.140406
1199292.33393,250,5046.748814
5800497.009549,86,5048.293708
5805312.652743,104,5050.113458
5416043.225213,27,5050.601665
3191199.700519,250,5055.174198
5478188.367095,71,5056.450164
814701.180633,250,5061.10491
1061655.966271,250,5065.669355
5461237.779727,45,5066.463289
2318994.463054,250,5070.95871
5453121.959202,77,5072.350833
5974104.544683,79,5073.838201
5586630.457283,55,5074.834316
5607138.848029,86,5076.40592
5498324.658533,52,5077.362166
1743996.797865,250,5082.102209
5397870.201581,77,5083.595065
5505698.816369,42,5084.388983
5754832.143043,72,5085.812036
1096798.262734,250,5090.678445
1056689.56888,250,5095.490216
5472168.899701,48,5096.418199
1404297.495521,250,5101.253915
5498394.839755,71,5102.626055
5451725.662685,29,5103.188963
5643756.1585,72,5104.604791
569170.492989,250,5109.413877
189766.151279,250,5114.236938
5463949.326887,35,5114.913206
5459046.685688,51,5115.91575
5458442.61665,66,5117.223073
5503723.221899,36,5117.912806
2508973.851805,250,5122.818451
5459973.65666,64,5124.080311
5432989.490507,83,5125.7084
1210730.83927,250,5130.621549
5461856.297802,27,5131.156826
445894.716427,250,5136.031437
5456603.209432,42,5136.855651
5498946.450149,73,5138.263266
5536226.930101,50,5139.226262
5500385.49523,53,5140.229323
5491584.805558,69,5141.563041
5498939.429001,63,5142.774766
5389756.665807,66,5144.04854
5355306.253826,75,5145.49281
5444227.112201,70,5146.872178
5459893.699068,89,5148.586851
1281986.290199,250,5153.438659
5444061.591472,80,5154.97735
5573978.320525,46,5155.866717
5473821.369675,60,5157.008268
357372.78878,250,5161.812751
774794.869441,250,5166.649235
1772343.553048,250,5171.462024
5635331.535985,44,5172.307241
5446840.743272,78,5173.822829
766838.800432,250,5178.777605
1251801.097496,250,5183.694605
-108618.191175,60,5184.808036
5509827.658679,75,5186.258317
1354328.302883,250,5191.104291
1194784.405153,250,5195.996001
5479385.460982,77,5197.497568
5734393.03414,77,5199.016539
1382934.357277,250,5203.765437
5419069.494862,77,5205.186157
483782.621681,250,5209.756091
252509.859407,250,5214.43777
5426809.024001,47,5215.298305
5440618.045412,76,5216.736785
6307836.753755,127,5219.128088
5427443.75751,73,5220.470907
5479954.549709,48,5221.332833
5435084.20058,37,5222.03967
5451601.097604,81,5223.598526
5479469.864228,69,5224.843459
1750060.229597,250,5229.471906
1632056.732382,250,5234.038591
873974.646512,250,5238.658204
5439642.777791,77,5240.051379
772574.090272,250,5244.673933
5496964.908524,62,5245.803849
127485.54016,250,5250.343755
5465330.447149,66,5251.595153
5458473.529317,70,5252.879326
5460806.360117,74,5254.253283
2300531.553041,250,5258.858134
5473856.921841,76,5260.225935
5463523.823878,33,5260.835302
5469287.795093,66,5262.017678
1096637.047469,250,5266.648018
1615343.081175,250,5271.333256
5436108.788721,35,5271.974407
5423968.256444,67,5273.171852
5419268.579373,31,5273.737385
5450901.12597,74,5275.018675
5419710.990302,83,5276.503048
5471080.387355,73,5277.84513
5464481.476697,68,5279.070815
5472260.072139,54,5280.076347
337711.29379,250,5284.783399
1126381.97559,250,5289.397987
5408938.348323,72,5290.677284
5385603.195352,72,5291.979038
5426439.094936,35,5292.623887
805592.011347,250,5297.226779
6266046.371417,133,5299.613438
5370698.349793,78,5301.047091
759927.296642,250,5348.47806
5512995.956533,54,5349.540101
5425170.321962,38,5350.297428
5506041.936605,39,5351.073592
1470938.587347,250,5355.895196
5364861.675902,80,5357.455459
5481047.052798,67,5358.737155
5476570.55875,77,5360.227476
5481930.757353,38,5360.977497
5449131.697489,41,5361.781767
5515690.428757,69,5363.1358
5589912.990642,41,5363.927469
6134014.546131,115,5366.181561
5465902.309471,45,5367.047525
5441722.538836,30,5367.623034
5457682.750905,69,5368.951149
5452254.996937,35,5369.657164
5470275.713824,71,5371.02646
1234147.961639,250,5375.836338
5442752.640417,31,5376.435744
5441103.147302,35,5377.129117
5433301.307516,28,5377.666529
5482030.095999,66,5378.952704
541054.995414,250,5383.8858
5457384.211741,44,5384.752016
5739365.804599,91,5386.461249
5430714.390234,74,5387.897191
5501069.383841,67,5389.157326
5920654.231036,78,5390.657427
6042725.064394,107,5392.77546
508377.96963,250,5397.579607
6621251.712392,112,5399.786694
5427321.373503,33,5400.439362
1012936.409968,250,5405.232175
5606849.120553,86,5406.885825
5463199.147379,60,5408.029411
5481434.61908,71,5409.432824
1329825.337434,250,5414.389215
5471594.615617,66,5415.712343
977605.397441,250,5420.634145
5767660.373403,102,5422.603424
5479667.677858,37,5423.312422
5489813.834629,75,5424.785441
5463695.721747,34,5425.454551
-186728.574964,18,5425.802917
5453323.699536,73,5427.214236
5483646.00944,52,5428.245008
5444080.012373,35,5428.950434
484023.121839,250,5433.743433
689204.192522,250,5438.60303
5421152.475184,70,5439.983065
5467859.575074,75,5441.43289
1719125.711771,250,5446.125279
5497859.154434,57,5447.23945
5435493.33145,67,5448.48058
5452794.297523,33,5449.067625
5416081.591254,79,5450.524431
5415828.070638,72,5451.859157
5748717.503088,76,5453.271017
5426592.196487,33,5453.915399
5399828.640978,74,5455.244406
450123.784559,250,5459.909282
5478953.928857,56,5460.892061
5475360.595365,33,5461.502131
5497000.858469,55,5462.496679
5480722.423391,54,5463.449677
5468641.790434,41,5464.185396
5474578.149681,39,5464.932874
325684.348139,250,5469.472376
1207788.205617,250,5474.081228
5468163.01183,34,5474.669244
1588291.678034,250,5479.204127
1776184.90982,250,5483.816432
5397227.70364,75,5485.207181
5432529.605353,29,5485.757363
5488735.078323,59,5486.810311
5419432.698408,72,5488.168235
5419212.617418,83,5489.689059
5491748.532606,60,5490.761129
5422789.49872,82,5492.255075
5793287.537859,93,5493.938182
8558488.003204,221,5498.129496
5466256.964516,60,5499.218859
5458992.007223,41,5499.95957
5474920.36738,71,5501.311996
5442589.507648,37,5501.987098
2073886.976898,250,5506.624305
3174710.997059,250,5511.167043
742427.628046,250,5515.8282
5413103.660939,74,5517.175075
5480974.886964,49,5518.068053
5386463.302512,77,5519.477189
5432050.340578,31,5520.039185
5473393.694285,57,5521.117274
5476550.580134,61,5522.235037
2835837.360846,250,5526.827457
5434890.923186,69,5528.077744
-142190.368369,11,5528.265141
5461942.921779,31,5528.84636
1147207.508475,250,5533.322066
5468804.409157,76,5534.700715
5522101.218274,66,5535.924623
475128.493869,250,5540.495442
5692754.827431,56,5541.49825
5444400.622979,78,5543.022972
5461651.789576,32,5543.608245
5510496.383793,72,5544.946727
5456534.046037,72,5546.239168
5462743.053887,56,5547.262225
5896975.277056,104,5549.188974
5397852.750685,82,5550.703732
5486764.092632,75,5552.117261
5818064.195426,104,5554.072815
5443495.367318,78,5555.544454
5471422.553791,50,5556.42271
5424859.401637,33,5557.002491
5474435.291911,69,5558.269623
1555745.903997,250,5562.880929
5403695.525236,72,5564.264196
5460070.172007,49,5565.205657
5420656.229662,29,5565.759953
1530564.580246,250,5570.642138
5446588.842045,38,5571.371583
5446341.928183,31,5571.986459
875328.624635,250,5576.82095
5486295.887011,63,5578.030218
5425319.3934,30,5578.634669
5430989.851496,30,5579.214008
5455042.630549,29,5579.781525
5450864.740449,44,5580.637232
5466203.19045,33,5581.266527
5433066.208407,71,5582.645044
5464158.587457,62,5583.844951
1399452.757404,250,5588.697006
1325253.424654,250,5593.675231
5657510.655537,86,5595.332372
5384849.687225,82,5596.895212
2658000.674516,250,5601.779763
2612753.684652,250,5606.672018
5405668.775325,75,5608.137967
5489079.598259,69,5609.476361
5456474.076745,60,5610.630403
5493031.851207,68,5611.955352
5476420.248881,71,5613.347092
5494919.333913,37,5614.047927
5449242.198751,73,5615.438172
5510774.210422,80,5617.002925
5476425.018948,73,5618.43065
5410244.132907,72,5619.848776
5446851.191569,28,5620.388108
5447712.849029,78,5621.900728
553346.748969,250,5626.712503
5441288.417408,69,5628.010111
5440946.77323,74,5629.439688
5450272.669946,57,5630.510581
5444197.821908,67,5631.782217
1552154.813125,250,5636.69034
5468840.83211,78,5638.201651
5369177.198542,77,5639.822208
5559323.589686,73,5641.245672
5757916.650516,84,5642.897296
5481420.041793,48,5643.81165
5466479.275551,49,5644.714016
5610512.094022,88,5646.372246
5484746.718173,46,5647.254008
5853420.371123,93,5649.087415
344268.633596,250,5653.986753
5420330.16777,30,5654.549418
5457445.671826,60,5655.705756
625478.553659,250,5660.530658
5436800.509615,80,5662.07808
5458249.059515,36,5662.79306
5483703.902408,70,5664.158238
484059.776826,250,5669.124845
5420198.36627,29,5669.681051
384414.412041,250,5674.447031
5457828.55355,74,5675.884693
5467528.495576,35,5676.579006
5472719.564023,64,5677.807215
5412419.363273,75,5679.24681
5438903.590428,68,5680.579638
1079836.664982,250,5685.236779
5434291.775442,31,5685.795511
5481689.072396,64,5687.044384
5436326.074028,34,5687.661758
5444420.666056,34,5688.277144
5441858.406965,25,5688.723498
5391330.748644,79,5690.175121
5581213.367342,72,5691.480044
5425133.57363,32,5692.065757
5498699.350857,69,5693.362992
5412006.462413,73,5694.790159
5427942.888023,29,5695.352718
5418592.377676,64,5696.570086
5357000.423967,74,5698.005696
5463963.419482,37,5698.678927
5475390.154738,45,5699.490385
5463963.164085,71,5700.810148
5470275.525317,73,5702.129758
5447711.38904,81,5703.583404
5484346.594946,54,5704.579085
5428965.845401,71,5705.9096
5492658.671125,68,5707.138444
5477428.428613,57,5708.199496
5570418.000834,73,5709.539033
5441551.232194,78,5710.97241
5422597.842668,30,5711.56272
1107798.390562,250,5716.146348
625282.821472,250,5720.69915
1038381.175213,250,5725.293775
5431211.732329,72,5726.659769
383529.715247,250,5731.311733
5827678.731238,114,5733.348449
5445615.694402,26,5733.834242
5475872.898845,69,5735.083155
5418595.478101,27,5735.590409
5421078.820034,29,5736.146612
5377903.847048,78,5737.57762
674095.831808,250,5742.134292
1167229.028602,250,5746.655494
5463935.065789,43,5747.435185
375680.501559,250,5752.074742
414550.728625,250,5756.801223
5443506.499555,35,5757.461354
840505.910536,250,5762.002493
5416832.691064,75,5763.336926
5425868.198226,26,5763.813113
1030965.901248,250,5768.401692
5470965.828907,75,5769.82043
5463766.276758,53,5770.836387
5442343.610232,71,5772.172052
5486300.468819,54,5773.150557
5451488.481901,62,5774.255142
5443794.178338,28,5774.83501
409336.099807,250,5779.379961
5716879.824724,45,5780.236188
5478514.012548,46,5781.072757
738827.391688,250,5785.681241
5465957.272942,81,5787.222147
5443520.660217,35,5787.870858
5422736.080205,30,5788.422584
5421805.879573,73,5789.742411
5416472.026791,80,5791.195162
5456435.462242,36,5791.842007
5685578.097369,84,5793.334743
5473463.046031,64,5794.455251
5436270.280671,73,5795.766228
5440571.251534,30,5796.314947
5538257.867434,52,5797.296894
5474576.277152,70,5798.559647
5476936.826474,51,5799.471081
5442187.212883,73,5800.865129
474086.786992,250,5805.664803
5427170.654959,30,5806.262447
5455478.182813,34,5806.923513
5478955.301621,73,5808.343713
5447481.97902,29,5808.908802
5429796.260297,37,5809.631114
5511456.758254,51,5810.622249
1396892.945166,250,5815.522654
1032892.286007,250,5820.383637
5406306.950832,71,5821.761628
1509485.964663,250,5826.711542
5464456.92529,39,5827.47892
1120701.986383,250,5832.393676
5463621.273843,43,5833.218323
5471109.799743,30,5833.819763
5488445.994402,73,5835.236064
5458852.781355,70,5836.621074
5435666.081329,28,5837.177217
5465860.042551,67,5838.487362
5495183.786167,70,5839.823093
5447322.929445,32,5840.417245
5426134.835399,33,5841.064097
5459424.54327,67,5842.376849
5480149.453433,74,5843.851074
5448193.881585,39,5844.597248
5474291.464239,49,5845.551997
5433584.310843,34,5846.231608
5486358.879986,62,5847.455058
6333092.977063,131,5849.998995
5462468.807251,43,5850.811374
5452039.278033,39,5851.553445
5517102.663975,71,5852.925461
5477950.198755,72,5854.285085
767360.480439,250,5859.158723
1110405.698652,250,5864.091554
5444778.580495,30,5864.670702
5746542.954531,48,5865.619212
5387290.210489,77,5867.095681
5499078.160942,68,5868.421374
5430772.968654,76,5869.861315
5476538.486712,46,5870.813554
5501090.314387,72,5872.224494
5494540.122773,66,5873.481958
482453.294606,250,5878.310961
5427923.40761,32,5878.919486
1367766.026167,250,5883.737554
5427610.543099,32,5884.325091
5495325.413857,72,5885.687129
5461289.162816,46,5886.566196
5397787.174789,75,5887.998533
5418412.304576,27,5888.500891
5487783.67805,69,5889.84096
5426249.658915,36,5890.552743
5470685.954704,43,5891.372435
6122032.985534,133,5893.923949
2950783.262547,250,5898.725019
5452820.268012,77,5900.233484
5491002.424259,68,5901.562994
641673.569102,250,5906.471344
5446509.462915,70,5907.856625
5486174.529487,57,5908.932253
1086467.046055,250,5913.692358
5500111.658377,78,5915.210471
402027.10206,250,5920.065311
5422884.576143,29,5920.62342
819317.423838,250,5925.292404
5451930.439662,32,5925.879714
5413834.501895,73,5927.183929
5448752.43868,34,5927.835836
1004971.280586,250,5932.328644
5382803.145534,76,5933.706755
5462793.941299,40,5934.462944
5425616.185304,83,5936.018631
5460927.547408,65,5937.272192
5416741.733456,74,5938.635892
5472551.584606,56,5939.649474
647653.827051,250,5944.220474
5501186.250633,64,5945.405243
5819418.541572,97,5947.197265
5491510.487728,66,5948.416049
168592.55421,250,5953.045086
-128580.370301,20,5953.38887
5434727.837704,34,5954.005417
5505341.826376,67,5955.194738
5502262.275745,68,5956.427179
665476.537359,250,5961.038439
5470551.125536,66,5962.211241
533050.397975,250,5966.964323
5498989.372443,49,5967.8429
5463748.241685,31,5968.401077
5380229.667687,73,5969.779539
5435433.502199,32,5970.3787
5420341.926839,28,5970.868245
587951.737644,250,5975.385766
1263186.223032,250,5979.889734
5426488.282779,75,5981.261233
5445050.566247,49,5982.137965
5423128.690368,67,5983.338438
5457943.426186,49,5984.244256
5488892.755589,54,5985.253562
5448139.953636,47,5986.118045
5496392.164547,65,5987.300188
5424680.182416,33,5987.870322
592314.939331,250,5992.322041
5627208.698594,78,5993.790569
555506.167971,250,5998.443873
5443928.117561,28,5998.951986
246729.588087,250,6003.452328
5655893.218269,44,6004.241572
890152.916377,250,6008.911506
5457754.401274,35,6009.560168
3652150.51107,250,6014.242004
5426257.806565,34,6014.930559
5493788.155281,42,6015.726342
9302534.422434,241,6020.12311
5485082.668283,67,6021.354672
5430994.783959,67,6022.584018
5411208.329212,76,6023.968107
5521881.29393,34,6024.59455
5430693.822976,28,6025.089641
5429525.233979,70,6026.392577
3480062.516166,250,6031.028947
5450377.902627,28,6031.548107
5453194.046661,32,6032.140321
601196.072008,250,6036.732312
5425313.409496,31,6037.278448
5476200.33903,49,6038.193024
5448080.602847,74,6039.58788
5486188.070729,76,6041.005942
5495187.189461,61,6042.202401
5480808.14917,82,6043.752067
5477004.663277,73,6045.16475
5363294.025174,73,6046.583991
5494402.643315,60,6047.712716
5447928.800618,36,6048.40308
5458239.784733,58,6049.507374
5457627.786401,71,6050.883506
5432853.325553,71,6052.287979
1058432.794715,250,6057.154346
1681844.898164,250,6061.921162
815648.957867,250,6066.808069
5379714.821531,78,6068.338803
208974.955463,250,6073.256196
5464616.56062,62,6074.466312
970810.444647,250,6079.306849
5409649.312694,65,6080.565743
394696.935269,250,6085.45698
373421.679472,250,6090.355552
5481159.203165,60,6091.524219
5405499.214949,77,6092.994662
1038893.245763,250,6097.937892
5461199.967432,49,6098.88903
5407096.335513,75,6100.357972
5489396.014283,57,6101.484064
387579.097107,250,6106.332596
2416296.107023,250,6111.237519
543356.507944,250,6116.124067
5433616.09782,75,6117.626665
5471360.521346,43,6118.4722
5461894.87763,73,6119.892517
5439410.764868,35,6120.541197
5447568.269698,58,6121.606325
5481598.477868,63,6122.753451
5457227.673433,76,6124.168673
2148854.455451,250,6128.892213
5445130.532631,32,6129.512508
5427776.888316,31,6130.109815
5436822.54309,29,6130.666007
378030.988013,250,6135.490323
5434705.818845,83,6137.065309
5458036.166349,73,6138.475522
5473027.425181,58,6139.591968
5445745.661049,50,6140.551576
5436028.481992,73,6141.932867
5395057.959667,67,6143.234972
5420411.740932,80,6144.803638
5483006.355531,77,6146.271216
5492044.320327,60,6147.425285
5449512.222282,35,6148.112828
5509178.975809,62,6149.309735
5442676.427994,33,6149.950116
5493286.086704,73,6151.36249
404485.725547,250,6156.166263
523132.598368,250,6161.06415
5483895.934683,52,6162.023786
400693.264264,250,6166.604015
479546.568024,250,6171.106512
5728955.964824,84,6172.663913
5456061.425546,48,6173.529984
5404483.140525,71,6174.860482
5478630.119743,54,6175.842744
5454187.000494,66,6177.095832
5484923.769045,66,6178.32106
-150267.135001,15,6178.608599
415162.786744,250,6183.129001
5409813.141115,79,6184.549619
5471816.704488,68,6185.750848
5489979.337701,39,6186.473467
5444774.089267,36,6187.135668
5421839.346133,80,6188.63204
5451425.348644,44,6189.440388
5444745.06559,37,6190.130096
5416749.830582,82,6191.7043
346518.03538,250,6196.178559
5478014.443592,38,6196.872963
358131.539953,250,6201.468943
467171.233253,250,6206.092151
5464063.600988,34,6206.777075
5950269.879218,60,6207.904933
-179950.1268,15,6208.162185
5459036.619255,31,6208.742208
5477072.682321,70,6210.003018
-100192.811432,11,6210.195085
5497079.210783,70,6211.497424
312351.980335,250,6216.058499
5487561.062263,41,6216.762699
326095.920594,250,6221.376503
5498381.879361,58,6222.41108
5421740.378928,29,6222.918379
5485904.093527,55,6223.903031
5833466.702817,53,6224.882218
5451034.89523,31,6225.452281
5482030.003443,48,6226.31806
5439251.661515,39,6227.041317
5647730.724754,49,6227.940137
5480868.572118,69,6229.190933
5425170.347565,30,6229.770648
5419784.787297,28,6230.270575
5455275.640872,69,6231.550187
5456339.90322,32,6232.157644
5580783.592056,91,6233.840108
5421283.525382,73,6235.152243
5425306.701775,73,6236.454534
5484820.90901,64,6237.620436
5477330.671392,36,6238.278848
5467308.110274,40,6238.986218
5418821.59552,31,6239.545247
5450130.911789,48,6240.403255
5421015.460098,25,6240.86831
5461548.025309,50,6241.770626
5442633.135317,35,6242.418116
5500918.904156,70,6243.657728
5420922.033353,30,6244.211816
5415937.230888,79,6245.65169
5473329.155938,51,6246.577434
5737420.57808,99,6248.363495
429520.693558,250,6252.94057
434730.322567,250,6257.626965
3137107.028924,250,6262.172765
5719239.729726,87,6263.745721
5459604.027521,65,6264.944879
5490895.036178,50,6265.874931
5513786.365015,67,6267.09426
422094.795123,250,6271.608088
519846.200997,250,6276.231942
5504935.594092,41,6276.992847
5479968.445299,71,6278.290937
450976.692643,250,6282.963534
5457693.639396,44,6283.793289
5454271.019974,74,6285.209944
388568.484344,250,6325.247041
5485757.308143,37,6325.975516
5480508.980637,65,6327.295156
1031875.063322,250,6332.179815
429904.213349,250,6337.05993
5453787.85113,31,6337.666864
409904.596162,250,6342.561615
5419026.34398,25,6343.053435
1709130.482852,250,6347.952831
5873010.047128,62,6349.135814
514038.303137,250,6353.919753
5480039.152402,76,6355.361389
5437189.797188,71,6356.74087
5422006.217559,69,6358.081079
5423340.957987,34,6358.733586
5423641.79634,23,6359.18234
771460.195687,250,6364.091145
5423339.81571,31,6364.6686
5407005.024361,71,6366.005078
5382436.400882,79,6367.47681
5429616.226723,31,6368.075639
5498314.338615,88,6369.733874
5442597.240993,80,6371.274327
5427655.613609,28,6371.823124
5369926.271977,82,6373.403665
5477588.272279,75,6374.911285
5475552.229574,50,6375.883783
5990388.985647,84,6377.527374
5496505.464886,92,6379.313834
5389457.930298,78,6380.822731
6016254.093165,111,6382.986591
5466101.997253,80,6384.547538
1681067.955016,250,6389.336796
5467701.427571,38,6390.101718
5422418.395253,29,6390.674583
5430035.89524,76,6392.166942
5703954.678281,55,6393.238552
5449195.669327,80,6394.832125
1051216.297791,250,6399.617514
5456350.237927,30,6400.217963
5438230.740289,69,6401.535337
214805.229978,250,6406.087524
613091.114372,250,6410.765555
914739.002789,250,6415.370833
5473286.508407,63,6416.526114
5661906.28233,65,6417.701524
5430168.789578,27,6418.17645
5523092.513601,68,6419.408545
5502249.75155,60,6420.546237
5751330.526112,51,6421.478135
5485671.820524,63,6422.622248
6393779.35821,89,6424.325841
5456663.844793,57,6425.393873
5477664.242775,41,6426.144927
5432538.845251,28,6426.672568
5480093.772972,34,6427.310545
5469665.825274,62,6428.424827
5365296.248077,76,6429.810827
5454397.765689,37,6430.529771
555239.937589,250,6435.212283
5468863.557113,28,6435.739605
5458076.159386,64,6436.963472
5487820.309957,62,6438.076221
5478807.411693,70,6439.377179
524933.98701,250,6443.876395
5496539.324311,60,6444.955772
-165698.894769,13,6445.199815
386735.156708,250,6449.693143
5483224.430954,74,6451.004985
5461921.965569,70,6452.319879
5449079.683351,37,6452.988077
5464393.698865,47,6453.838918
5438450.072511,34,6454.461735
6084546.643702,105,6456.35878
-167739.410308,21,6456.770397
5491301.026766,39,6457.478615
5433078.39191,81,6458.948408
5439374.629763,25,6459.386252
5428347.377204,35,6459.991662
5421169.758035,78,6461.406695
5807838.367645,98,6463.191131
5454379.196834,74,6464.52032
5462635.824108,42,6465.281707
5442661.761294,43,6466.092551
5377494.17389,76,6467.513489
608617.828505,250,6472.157058
-172291.084869,18,6472.492432
5412189.169819,80,6473.940113
5411187.650738,78,6475.340919
5483489.508149,67,6476.556703
5431806.250189,32,6477.135866
5474343.261241,36,6477.780635
377054.885375,250,6482.349818
5468162.681994,59,6483.453807
5433376.985927,73,6484.813465
5464885.987025,42,6485.613554
5434183.273673,34,6486.208992
1470731.166343,250,6490.838777
5462932.064384,43,6491.599406
5484192.387438,69,6492.900216
5520114.123163,68,6494.150166
5454511.685472,36,6494.829335
5491434.936869,74,6496.162145
6027334.747989,89,6497.843547
5468895.984803,53,6498.806859
5559656.101898,98,6500.590727
429572.121551,250,6505.125779
5473812.663772,57,6506.167651
5788197.479282,97,6507.901408
5496051.475702,43,6508.710314
5450416.192889,70,6509.959574
363510.816654,250,6514.552848
5479051.486703,68,6515.823847
5424870.314626,30,6516.392652
5436191.389889,76,6517.783214
5404770.445167,70,6519.172471
5735934.174262,77,6520.567458
5440661.599191,38,6521.275836
5422424.286729,30,6521.843691
5456140.207546,70,6523.198341
5426663.770501,74,6524.643505
5406639.129492,76,6526.135167
5471500.341553,44,6526.989758
5468860.689247,71,6528.379794
5467551.128376,65,6529.636139
6770101.882147,136,6532.243101
5422332.261952,34,6532.899431
535373.122246,250,6537.766689
5443464.122147,76,6539.252971
5420562.148437,31,6539.852433
5467352.381546,36,6540.552634
5526566.341069,69,6541.900071
5428905.662396,43,6542.762744
5481357.690294,72,6544.162746
5462879.228354,45,6545.036148
3945747.731953,250,6549.895632
5421452.11774,30,6550.477372
5467793.977957,35,6551.186472
5706325.719112,76,6552.682744
5412040.172858,78,6554.217693
5493715.259816,67,6555.522212
5417796.459533,28,6556.067871
5442898.611981,52,6557.092062
5414464.473079,73,6558.518934
5463646.550412,44,6559.37325
5530070.666825,33,6560.002605
5484440.203803,60,6561.167204
5483640.344075,66,6562.445447
5473776.390953,35,6563.114473
5467590.467629,50,6564.099308
5439769.815842,26,6564.607126
2025498.283285,250,6569.56214
5429138.955526,31,6570.185502
1866754.918456,250,6575.135084
5499374.269264,71,6576.525476
5501138.864522,76,6577.99704
5467632.802656,75,6579.447535
5452953.347247,32,6580.07365
5452077.851539,41,6580.861469
5432369.140092,33,6581.512531
6022401.048225,76,6582.938829
5519373.029067,41,6583.743317
5376500.584313,80,6585.285718
5427670.942243,36,6585.982302
5475310.255322,68,6587.301147
445631.641754,250,6592.194337
977028.274441,250,6596.973788
5746261.978722,98,6598.875188
5498472.672745,60,6600.066127
5455456.6918,35,6600.726522
5351607.625688,79,6602.252112
5690693.017106,65,6603.493539
5640986.100959,88,6605.206515
5497028.62372,67,6606.479916
5447985.991956,80,6608.026401
5444751.856721,31,6608.64281
5454441.620271,34,6609.263566
524875.973567,250,6614.051439
489522.552557,250,6618.963261
5462307.551514,67,6620.257273
3367475.098256,250,6625.101207
5479388.907393,73,6626.48832
5486388.532191,59,6627.616712
5479853.138777,68,6628.952742
538000.002933,250,6633.967939
5484892.449342,72,6635.350742
5464369.271436,30,6635.947889
5473504.981456,34,6636.586831
5464339.445378,61,6637.764327
5783231.342444,79,6639.305556
5482774.186514,68,6640.666413
5439452.396979,31,6641.278577
5388779.724166,80,6642.776631
5452649.712686,59,6643.886024
5479603.922513,60,6645.000456
5437137.771966,36,6645.655988
265512.185495,250,6650.27783
5479664.850073,72,6651.617073
6577171.613288,124,6653.896668
5423428.864373,36,6654.570345
5413658.533692,77,6656.006976
5465482.122644,41,6656.778306
5407916.232901,72,6658.087825
5454717.858007,45,6658.959162
5441591.691795,83,6660.476339
5799385.442934,101,6662.332101
5459929.080374,66,6663.565185
1238940.485379,250,6668.113722
5457924.584913,43,6668.897093
5421383.409841,32,6669.507352
5493645.271102,67,6670.769145
5764130.844463,89,6672.446031
5564609.56536,34,6673.041088
5462924.329883,70,6674.319841
5474600.532982,62,6675.500222
5486445.485464,68,6676.757547
413810.913393,250,6681.325088
5431710.674398,31,6681.902731
5417459.232348,26,6682.366745
5449559.039652,31,6682.92446
5627334.613719,92,6684.570779
5503875.574352,79,6686.058823
5471808.571533,68,6687.34436
5463792.869275,44,6688.116418
5555707.343074,44,6688.948768
5481247.786929,65,6690.138998
5496327.70967,73,6691.479719
5422058.280792,30,6692.024558
5474297.8867,39,6692.72283
5457319.347493,67,6693.957479
5491664.991172,57,6694.997053
5763821.285603,90,6696.669082
5468346.157931,64,6697.826135
5422718.287794,35,6698.442432
5467708.616755,76,6699.837528
5439411.532434,77,6701.226954
5463652.120478,75,6702.619026
5476668.364773,62,6703.778305
5984220.54341,85,6705.358773
5780838.616686,92,6707.03659
5777324.634735,102,6708.952769
5417405.672001,73,6710.294341
5468284.758242,35,6711.016367
5450054.018048,35,6711.65526
5421020.983693,30,6712.206047
516494.642136,250,6716.719525
5418294.303941,81,6718.206501
5568074.750903,79,6719.698227
5464477.506318,64,6720.865602
5475503.895181,80,6722.356124
5486471.747495,65,6723.530287
5449090.844027,42,6724.274487
5474787.513367,53,6725.246032
5452652.044,36,6725.905848
-141319.612616,17,6726.214555
486018.666671,250,6730.77674
5393159.057938,77,6732.212166
5484194.119763,37,6732.883555
5451375.621232,40,6733.627552
460863.889577,250,6738.251218
5476556.784726,58,6739.306242
569259.843861,250,6743.814246
5438721.557583,29,6744.376405
5439909.816152,37,6745.054237
5724801.881293,60,6746.141829
5461012.00812,68,6747.427526
5394495.506423,77,6748.845982
403888.379565,250,6753.507823
5482214.952577,76,6754.975763
5442045.083011,30,6755.536958
5456770.205152,69,6756.771162
5466431.423954,78,6758.140388
5470588.37797,49,6759.138144
380143.202408,250,6763.840415
5442709.175832,69,6765.186172
5463735.916977,69,6766.543141
5476889.588784,64,6767.804519
5462082.732656,33,6768.449465
5374443.604353,78,6769.989349
5470250.3645,79,6771.506274
5390765.347532,75,6772.967958
5443256.296466,36,6773.667807
5458479.669537,33,6774.299528
5446691.11954,31,6774.91008
5421388.050147,28,6775.455951
5486868.158235,56,6776.563308
5472427.745542,52,6777.585199
5403514.490244,72,6778.993924
5467346.326879,54,6780.058349
5474128.977216,59,6781.209096
5458690.281773,46,6782.121863
5454210.773612,32,6782.757441
5450100.068519,77,6784.294322
493045.785971,250,6789.144107
5438325.163136,35,6789.801867
5404027.943135,78,6791.323514
5465541.996272,60,6792.494461
5426988.540285,23,6792.952713
5399448.390735,81,6794.541239
5496110.288446,65,6795.797224
2972674.981705,250,6800.709817
5477183.933709,63,6801.905916
5588280.773198,76,6803.375597
5498233.013822,54,6804.449904
505269.600721,250,6809.453247
5598587.738344,82,6811.058641
5646352.735281,77,6812.584654
5445368.13011,33,6813.234531
5419439.577608,31,6813.855206
5427563.462482,32,6814.488626
1548961.224108,250,6819.404438
5440591.974037,76,6820.903304
5395251.874344,83,6822.502904
5372764.700759,78,6824.029509
5424470.324805,35,6824.709937
5458529.587445,59,6825.881079
404845.703205,250,6830.781631
5429723.4494,31,6831.384726
5527274.371679,63,6832.582683
5334155.516249,80,6834.086043
6215221.14445,102,6836.086887
5441208.486581,74,6837.485228
5418715.933238,75,6838.953776
5585818.861566,54,6840.005378
5450843.232924,78,6841.539855
5472568.878517,67,6842.873227
5428102.124109,29,6843.451966
5438868.454632,29,6844.008971
5493194.388198,64,6845.270015
1341093.889918,250,6850.089181
5441588.581257,32,6850.696867
5453947.918992,69,6852.003935
5420391.654278,74,6853.409338
5403703.410875,79,6855.015318
5452435.269086,34,6855.664942
5487482.440969,80,6857.224206
530782.720326,250,6862.100519
5453732.747695,74,6863.52335
5467553.919057,30,6864.099305
5407062.278153,77,6865.582504
5426739.367038,74,6866.977465
5510330.218303,70,6868.321881
5425629.67489,33,6868.939092
5367226.972025,77,6870.405703
5426092.222237,27,6870.945265
5475325.380269,62,6872.146323
558324.918912,250,6876.964209
5463680.424478,36,6877.645554
5457160.135612,70,6878.996566
5382906.357275,72,6880.331834
5445092.985868,72,6881.688569
5431350.660198,31,6882.234096
5478240.504995,80,6883.716766
5551864.854351,82,6885.211891
1426488.543467,250,6889.840612
5440756.568961,29,6890.389921
5471037.793197,37,6891.076986
5435935.063945,72,6892.385904
5428510.109375,31,6892.955039
5473150.917701,63,6894.072577
5446465.861367,35,6894.718387
5460361.430833,36,6895.377173
5408985.669287,76,6896.745108
5485422.971745,60,6897.799677
5462182.10507,78,6899.21181
5446772.017416,72,6900.531589
5425194.97505,29,6901.051247
2218406.349675,250,6905.674603
5470763.090327,72,6906.966213
5468613.112975,64,6908.101338
5441806.258335,51,6909.003642
5497037.972655,45,6909.819016
5461135.486086,66,6911.035919
5478543.512903,77,6912.460628
5426345.234234,29,6912.984782
5498781.576831,56,6914.017011
5441973.585246,33,6914.667633
5473826.336535,58,6915.739094
5471382.8498,76,6917.153199
5459859.641202,38,6917.88436
5466112.349204,71,6919.209672
5385366.384771,74,6920.528909
5489547.23462,70,6921.75728
5490759.707944,45,6922.537646
5505054.290917,38,6923.208475
5477356.59693,55,6924.195618
5445936.636724,32,6924.8006
5434164.766661,33,6925.400611
5422685.035272,73,6926.721169
5479975.986968,60,6927.835093
434371.346685,250,6932.372664
5473687.686727,42,6933.113783
5457459.402653,54,6934.11341
5471093.251459,49,6935.014901
5846516.703553,76,6936.385714
634605.263412,250,6940.917377
5417172.828223,70,6942.214715
5450623.354749,72,6943.563292
5752529.603761,52,6944.498008
5779806.651752,90,6946.163723
5498787.496099,60,6947.273276
5466133.768424,38,6947.92905
5462832.274141,77,6949.307117
5475579.94694,36,6949.976587
5949035.710657,112,6952.007294
5444585.979227,71,6953.306898
5422624.069144,72,6954.640455
5485456.611747,76,6956.06562
5452975.336293,33,6956.649711
5546124.417538,68,6957.943663
5483177.993425,60,6959.071761
5372060.271752,78,6960.540722
519018.239553,250,6965.147159
5368492.031204,77,6966.555899
5479037.092551,61,6967.670536
5441314.614429,37,6968.31691
5473007.167201,71,6969.596309
522931.97712,250,6974.130372
5483657.128383,61,6975.259859
5436562.204997,31,6975.806613
700218.039938,250,6980.402457
5420390.336585,30,6980.950507
5457869.772064,45,6981.804383
6336115.982166,105,6983.695017
5393434.784128,75,6985.077993
5395263.133285,76,6986.473738
5466763.013506,39,6987.192147
5418838.373913,27,6987.675492
5423576.370457,32,6988.242626
400404.347458,250,6992.769527
5564112.739415,73,6994.24959
5446595.823608,75,6995.600345
6995360.532528,126,6997.9738
5459361.720524,32,6998.564738
5473090.511157,57,6999.592452
5552256.472201,60,7000.638256
5457424.930934,57,7001.684901
5468255.698633,37,7002.406603
5426505.553549,66,7003.713126
563056.61784,250,7008.630946
5479107.599512,34,7009.289641
5469714.509009,67,7010.587842
5430725.756621,30,7011.184522
5467685.002989,55,7012.251644
5460533.237545,47,7013.173639
5459469.99274,47,7014.094047
5448793.24828,33,7014.742612
5457213.21086,52,7015.762316
5599250.611557,74,7017.204083
5752936.851617,54,7018.257263
5449562.659555,34,7018.92181
5465737.462368,64,7020.17576
5415262.03896,75,7021.638909
5485208.54514,51,7022.642036
1253349.408955,250,7027.576479
5366761.14839,73,7028.998445
5474742.192765,75,7030.413073
5500953.907735,67,7031.719052
5448077.600407,60,7032.90983
5456562.375906,31,7033.513505
5466348.406418,36,7034.225234
5437881.901781,24,7034.695955
5431725.567424,30,7035.270803
7559694.109213,203,7039.236262
5483118.590788,44,7040.098149
5459476.565304,31,7040.704422
5446490.475211,33,7041.355976
5487311.902437,44,7042.227701
5470584.455671,76,7043.713909
5449819.974584,35,7044.384536
5486054.986551,55,7045.468727
415354.727648,250,7050.316076
5443669.743609,40,7051.092876
5466471.671595,66,7052.393517
5377096.177441,76,7053.879305
1053916.57053,250,7058.755407
5427789.209458,28,7059.300458
5465510.08688,49,7060.241709
5455800.861187,46,7061.14337
5485268.186415,66,7062.422807
5431310.539367,38,7063.186914
5482579.390444,54,7064.255332
5459871.009361,61,7065.467472
5459090.463385,38,7066.21051
5457420.228996,33,7066.868119
5479698.712463,54,7067.917735
5480211.563929,75,7069.416548
5468088.951018,52,7070.458048
5503147.463711,61,7071.652475
5461349.547612,67,7072.946353
5423603.848575,30,7073.484874
5461615.050704,35,7074.130013
5411526.099472,80,7075.679932
5490576.209199,64,7076.921699
5427671.069897,27,7077.442271
5404357.217538,77,7078.952185
5445568.224896,34,7079.598907
492158.309052,250,7084.498595
5489045.042982,75,7085.950888
5451977.635484,36,7086.624456
5490910.958949,66,7087.861299
5476248.541922,53,7088.901662
5481298.75151,79,7090.420412
5461448.643186,64,7091.647222
5457010.816202,38,7092.359983
5463133.759398,54,7093.3789
5621373.528622,43,7094.204309
5434690.966899,31,7094.782871
5472600.619318,67,7096.089351
5421175.619454,34,7096.748818
5769878.367827,97,7098.607318
5481658.534591,51,7099.549564
5454875.472341,82,7101.094891
5409233.38975,75,7102.535628
5433275.851922,29,7103.100303
5602676.926569,75,7104.573964
5858694.561582,79,7106.094625
5477260.922013,50,7107.069072
5464614.615305,68,7108.354121
5444909.852122,58,7109.47214
5481775.202012,68,7110.790663
530849.350479,250,7115.653096
5417710.545388,29,7116.202183
545128.837224,250,7121.015937
5567317.685105,44,7121.856898
5464745.893694,38,7122.536294
5483129.733736,38,7123.202395
5446921.010398,28,7123.710776
5491920.078303,39,7124.412332
5421849.057742,30,7124.965832
5445517.915569,67,7126.211582
5457419.852326,26,7126.708833
5432705.27045,73,7128.081915
5435373.881039,75,7129.51346
5459754.986404,66,7130.78889
5594479.965953,80,7132.245846
5502706.644136,47,7133.069519
5372326.901653,76,7134.479013
5451456.225707,78,7135.896471
5466126.685028,59,7136.959938
5473043.118813,58,7137.971463
5439830.815984,32,7138.552224
5470900.21629,66,7139.759864
5456340.871561,32,7140.333071
5420529.22994,74,7141.666655
5436460.505918,28,7142.170315
5498527.585092,73,7143.496293
5577704.34578,59,7144.588522
5443277.127579,30,7145.117566
5485502.14513,47,7145.978885
5444575.36537,71,7147.284958
5786296.220152,58,7148.357501
5447062.806974,74,7149.714855
6113957.680879,71,7151.015307
5448605.887888,72,7152.333451
5549790.56562,67,7153.539146
5445573.756349,33,7154.123439
526814.897207,250,7158.78886
5466867.630061,67,7160.139013
5453545.742497,34,7160.844492
5427906.163918,71,7162.130039
5474263.398761,49,7163.036154
5489424.860734,56,7164.099875
5390433.697337,76,7165.549141
5447493.098161,74,7166.934893
5466770.911834,86,7168.4829
5438079.074284,79,7169.909223
5488996.46455,43,7170.678284
382897.600021,250,7175.339338
5466868.617394,52,7176.273915
5784020.231966,54,7177.289272
5442506.477926,36,7177.951989
2112474.249998,250,7182.511133
5375013.384712,80,7183.977779
5532411.103326,83,7185.530135
5422368.655746,30,7186.098625
5436796.638041,82,7187.654751
5465262.069859,49,7188.559028
5449570.508913,46,7189.454665
5406375.59258,69,7190.713868
5468462.350622,47,7191.608269
5443977.232627,76,7193.031732
5446317.949654,70,7194.370501
5447443.958566,73,7195.656164
5443127.771274,79,7197.043819
5402707.021763,77,7198.406983
5439791.990003,30,7198.996432
310334.868637,250,7203.591723
5464348.861644,48,7204.487906
5443411.968812,34,7205.109884
5512300.547036,45,7205.923926
5473255.896649,57,7206.99939
5426987.101966,31,7207.630611
5466823.639785,55,7208.67061
5839263.070006,87,7210.272909
5453702.292538,33,7210.883192
5462433.277283,74,7212.24329
5448919.872833,56,7213.272772
5478359.851545,54,7214.294716
5488114.348558,68,7215.522678
5480296.512189,52,7216.503082
5480088.55573,70,7217.792987
5469881.239462,41,7218.54169
5493732.454774,70,7219.810409
5423413.964661,27,7220.322754
5483389.683287,70,7221.627015
5513671.086703,72,7222.946141
5412908.197936,83,7224.466616
1356701.061072,250,7229.151847
5462591.449542,71,7230.446549
6062820.706161,133,7232.902019
5384477.933684,67,7234.184738
568000.966326,250,7238.789313
1402768.554132,250,7243.582486
5467455.698819,58,7244.718717
5441222.480548,35,7245.410531
5435569.997801,74,7246.853688
5431977.105422,34,7247.527416
5445488.533604,27,7248.050774
5421226.003052,83,7249.693675
5467690.680561,75,7251.182721
527859.143107,250,7256.081394
5419235.366335,78,7257.597327
5452626.833596,65,7258.855447
5748647.178298,88,7260.590835
5486536.09936,69,7261.960603
5459600.337003,44,7262.827666
5474655.03452,63,7264.054331
5450391.16121,64,7265.330462
7012171.654767,161,7299.460422
5473237.853239,48,7300.423333
5508946.174071,44,7301.286717
5487491.063093,66,7302.590432
5482526.258397,68,7303.949636
5365770.325659,75,7305.41926
5425894.211727,27,7305.956685
5573895.899648,61,7307.119365
5435223.249218,76,7308.569841
5424239.106929,72,7309.986363
5458839.777171,44,7310.851342
557387.629779,250,7315.838547
5439476.412132,31,7316.437186
5490574.10338,71,7317.777947
5459495.195616,75,7319.237916
5652527.061819,91,7321.033195
5510752.813658,74,7322.486807
5422344.024447,86,7324.135724
6405237.175935,86,7325.775562
5443731.865658,33,7326.430958
5598056.056487,75,7327.860615
529962.258375,250,7332.668941
5507469.123414,66,7333.939136
5516848.786494,78,7335.390441
5480703.807733,66,7336.644878
5472394.24906,69,7337.994646
5524614.002166,76,7339.473721
5460851.669643,38,7340.21357
5563194.028723,54,7341.261735
5445080.656116,80,7342.8206
5446656.421021,32,7343.42171
5471167.919528,56,7344.530921
5423673.818496,31,7345.137778
5420416.002742,80,7346.669986
5485592.29888,64,7347.926058
5409703.876123,75,7349.372555
536639.396273,250,7354.20462
5426244.504175,30,7354.804585
5480503.179285,51,7355.793854
5480396.97957,70,7357.170476
5466441.375947,75,7358.65377
5500806.915185,77,7360.153794
5454199.483499,61,7361.316623
5430681.840422,81,7362.844069
5499807.278698,61,7363.949612
5495442.409205,61,7365.067751
5459246.765733,36,7365.72606
5452080.31821,74,7367.098646
5381143.732071,72,7368.457856
5426529.960302,76,7369.922286
5451732.503177,46,7370.75193
5450740.056653,32,7371.341246
5461248.563023,78,7372.770123
6226477.320048,75,7374.161521
5437421.215848,33,7374.7563
5441523.675289,74,7376.150449
5389040.710114,76,7377.578393
5437913.860681,76,7378.977372
5437468.937873,31,7379.562344
620604.761897,250,7384.084684
5485825.003387,78,7385.506253
5426324.872632,29,7386.028881
5555318.019231,53,7386.980508
5445576.230544,70,7388.258054
5473167.865424,59,7389.364536
2435329.85278,250,7393.993531
5850382.252368,91,7395.640801
5520774.052662,49,7396.528727
5459733.832688,63,7397.708976
5428995.5832,27,7398.225488
5489121.526169,55,7399.216956
5470066.753021,73,7400.611349
5468430.989217,78,7402.000296
5482626.557332,65,7403.197191
5470277.931771,43,7403.99469
5460747.391111,32,7404.607727
5450810.719829,31,7405.196994
5445756.325173,38,7405.901817
5497439.243462,64,7407.094262
5410504.209309,84,7408.691004
6178222.336897,91,7410.295557
5400391.096947,75,7411.602156
5469994.900482,75,7413.004296
5460894.817785,38,7413.697283
5500941.499047,36,7414.347579
5947925.201394,93,7416.033321
5456281.481093,64,7417.221955
342316.60518,250,7421.925945
5481367.606873,45,7422.725973
5616435.344468,82,7424.224881
5455254.246877,39,7424.920112
5497051.676805,58,7425.986761
5483656.762016,53,7426.978716
5453956.733426,33,7427.58136
5469807.649957,68,7428.851339
5376449.506168,73,7430.197038
5510145.621243,83,7431.753869
5514898.937056,58,7432.808539
5477621.082317,49,7433.690659
5643993.718611,58,7434.742865
5457019.603485,70,7436.040541
5464407.856561,68,7437.289941
5423646.680555,32,7437.878494
5431172.735403,26,7438.365487
5475877.513962,57,7439.387988
5446696.662333,77,7440.788708
5447681.004628,45,7441.637764
6170327.263855,117,7443.749456
5469110.169135,63,7444.891342
5471734.038559,50,7445.816353
2828824.212725,250,7450.500446
5483005.274486,78,7451.935612
5461087.751578,57,7452.993226
5872562.028678,98,7454.77079
5354124.89445,79,7456.218865
5711318.410219,63,7457.395915
5464506.793239,77,7458.828628
5452602.702768,36,7459.479349
5490306.121712,74,7460.848026
5450779.852335,77,7462.236063
5488492.352649,59,7463.325037
5464980.786652,49,7464.231434
265451.426692,250,7468.849234
5454865.349841,83,7470.344291
5433078.692993,25,7470.801177
5425184.236202,28,7471.316963
5564601.755367,79,7472.743513
6125109.499902,108,7474.730406
5477517.078134,73,7476.066588
5439162.383037,33,7476.70203
5823246.667646,52,7477.682742
5347778.302971,80,7479.123759
5503158.827734,63,7480.282816
5943545.64772,84,7481.890739
5616369.294429,60,7483.02688
5842316.999251,55,7484.090453
584675.231955,250,7488.925356
5413822.667448,83,7490.554863
1126487.509672,250,7495.497106
5787121.202031,51,7496.586644
5515183.122785,66,7497.847975
5450265.983128,78,7499.358159
5398406.449185,78,7500.897201
5491574.441956,83,7502.533745
5425647.849581,31,7503.146199
464367.75711,250,7508.01496
5476897.345694,48,7508.924154
5468413.015997,72,7510.324576
5981776.904913,107,7512.39798
5433576.850448,33,7513.037719
5480081.303453,75,7514.509487
5477851.220799,69,7515.866775
5582797.982141,41,7516.700292
6137400.636108,100,7518.660011
5706584.109296,74,7520.120726
5449666.072896,34,7520.78483
5509549.946056,85,7522.466958
5436967.414885,33,7523.105962
5468258.958055,69,7524.41887
5468160.724711,72,7525.863338
5422647.965535,29,7526.449985
5471622.097781,68,7527.78569
5438164.857497,32,7528.400299
5477502.001292,101,7530.362931
5442987.451393,32,7530.981591
5447288.862655,32,7531.612553
5454328.011604,31,7532.202779
5534896.45455,63,7533.40874
609750.879105,250,7538.282208
5470216.465247,60,7539.462611
5502112.885128,58,7540.62161
5419407.573904,79,7542.164702
5429035.396333,32,7542.804487
5455498.763034,33,7543.43672
5723588.227545,88,7545.090818
5451189.19426,73,7546.484355
5462936.797716,81,7548.022278
5486380.236357,60,7549.166578
5460057.460494,75,7550.650613
5444298.667895,71,7552.037618
5440059.186303,27,7552.612078
5449515.663347,29,7553.161916
5789361.667171,101,7555.114089
5375011.173449,72,7556.509436
5448208.382026,37,7557.228416
5480929.895395,78,7558.768478
5454299.582124,76,7560.242762
5458449.91563,78,7561.771705
5445253.218333,29,7562.340155
5451775.134425,34,7563.019403
5490400.645209,70,7564.371896
5475096.537709,65,7565.616907
5492147.244705,53,7566.650946
5470255.704956,66,7567.980764
5448608.615422,71,7569.388911
5462411.492144,89,7571.137086
5500907.821872,47,7572.05515
5422083.613357,34,7572.715793
5446969.010587,66,7574.004182
5473640.126239,74,7575.473398
5418859.07273,24,7575.935445
5467066.724104,79,7577.42839
5489441.344773,66,7578.703824
5418122.942453,28,7579.249943
5399747.771588,77,7580.74576
5433035.772426,37,7581.458842
5500374.513213,50,7582.422188
5454522.527235,51,7583.420398
5445744.836153,36,7584.135182
251271.598783,250,7588.945776
5420825.919988,78,7590.457207
5455111.201119,62,7591.61664
5482144.273945,57,7592.759115
5457681.292795,45,7593.617625
5449997.270751,80,7595.150271
5481339.976105,82,7596.743834
5487695.018576,60,7597.933917
5475295.495629,74,7599.370923
5482425.239044,53,7600.41495
5388280.879331,76,7601.903831
5458413.029375,57,7603.009892
5430112.838199,73,7604.375861
5445349.401315,73,7605.753639
5468135.897542,72,7607.087636
5526475.576376,41,7607.851463
5497534.561138,68,7609.095923
5458559.145622,70,7610.358
5466629.839337,36,7611.02031
5683093.581484,93,7612.728333
5975907.185403,114,7614.84227
5462178.681188,72,7616.165203
5498216.721158,94,7617.898881
5438708.414843,81,7619.395666
5444841.358734,79,7620.855992
5407901.301385,82,7622.331088
5465530.731727,45,7623.155355
5433816.437618,36,7623.799835
5594796.351907,73,7625.153437
5491648.55118,71,7626.459858
5455597.481341,71,7627.770299
5476212.488827,79,7629.215139
5822025.90063,68,7630.520416
5493605.318565,81,7632.038206
5454716.010611,86,7633.584844
5442428.541578,29,7634.117133
6064656.09553,108,7636.056103
5547417.152816,47,7636.920246
5470186.396776,74,7638.274169
5496751.225462,81,7639.779436
5447136.996295,36,7640.506469
5421042.289231,30,7641.098628
5462522.367678,41,7641.859733
5420418.730439,81,7643.359149
5479134.606014,48,7644.262892
6301607.663707,141,7646.872161
5449910.828753,27,7647.363492
5490623.509341,77,7648.737391
5533318.405935,93,7650.422081
5926303.478266,103,7652.310423
5493796.090319,71,7653.615197
5385435.857,84,7655.142323
5883787.795672,66,7656.351288
5493313.254328,64,7657.544573
6980256.50224,154,7660.404841
6735638.280254,135,7662.902183
669197.359561,250,7667.490613
5429585.787101,80,7668.936583
5566086.197202,83,7670.44441
789519.310556,250,7674.947459
5606021.233866,68,7676.132346
5426348.220241,79,7677.579089
5525389.511911,100,7679.425095
5854697.189924,85,7681.010953
416842.363516,250,7685.567346
5397948.57889,80,7687.029063
5522432.931394,69,7688.372525
5476893.836664,66,7689.62028
5442045.708584,82,7691.14327
5736703.37119,88,7692.754983
5493517.951287,68,7693.959367
5455521.338999,38,7694.632337
5423368.166939,32,7695.223297
6134523.115997,137,7697.72652
5469295.71565,34,7698.363062
5732801.193177,101,7700.179908
5440640.377642,58,7701.227103
5425470.090189,30,7701.79776
5459541.204442,45,7702.616205
5474082.355026,76,7704.041008
5504449.213231,32,7704.632818
5514889.050986,31,7705.211565
5439290.549563,76,7706.6467
5424013.765559,26,7707.145452
5466049.766028,64,7708.286964
5430089.599685,71,7709.594503
5483746.056148,79,7711.033924
5453016.987932,82,7712.539616
5435725.099631,31,7713.097178
5411661.84691,72,7714.378147
5498658.143107,77,7715.821128
5467796.861189,70,7717.086022
112865.183569,250,7721.632456
5437474.02198,31,7722.24223
5533573.54391,33,7722.887172
5551285.859724,40,7723.672332
5554329.019565,76,7725.146457
5737775.844526,89,7726.883418
5438278.050038,32,7727.521076
5835925.31099,96,7729.393536
5598102.720406,41,7730.201058
5472229.952449,37,7730.924481
5455415.468741,39,7731.688427
5861312.347194,81,7733.277313
5413008.538005,92,7735.075403
5480324.355588,54,7736.168947
5526589.58723,64,7737.498953
5459933.976073,36,7738.203446
5433613.070859,27,7738.741659
5730692.956023,67,7740.03991
1121626.721553,250,7744.896562
5627565.050211,45,7745.777839
5671284.189939,81,7747.360944
1392465.990596,250,7752.244509
5447343.717141,33,7752.889029
5372316.846707,79,7754.416174
5478744.419575,67,7755.695002
5762127.234155,79,7757.270871
5875664.060171,75,7758.743706
5480627.75067,72,7760.124177
5442989.382163,76,7761.615108
5484255.147288,59,7762.781652
5434636.068622,79,7764.319661
5435334.898013,33,7764.969711
5482633.358564,51,7765.991683
5476338.585591,35,7766.644146
5492383.626554,40,7767.417284
5487326.677003,72,7768.759287
5392379.147232,81,7770.332177
5777431.477356,97,7772.174516
5841682.721034,67,7773.49441
5432543.191382,30,7774.077588
5432733.183986,34,7774.738695
5479620.170128,56,7775.823709
5498929.892946,39,7776.604319
5418834.106047,82,7778.234455
5498657.451023,79,7779.775077
5439815.809008,27,7780.307672
5684138.058577,59,7781.458503
5487342.441837,51,7782.426787
5546301.649792,42,7783.242517
5450886.672276,37,7783.960988
5447647.557926,45,7784.907946
5449580.826742,51,7785.908657
5472254.815783,65,7787.164044
5427338.995811,80,7788.643834
5516548.691174,41,7789.409993
5661699.996706,67,7790.635898
5454726.71926,76,7792.070826
5430759.078087,32,7792.684438
5451306.70004,34,7793.353637
5947932.463751,97,7795.20547
5470644.184109,67,7796.500811
5466497.759491,54,7797.567472
5635525.974566,44,7798.421874
5480642.367906,58,7799.511219
5365800.816556,80,7801.043403
6139932.040714,108,7803.110276
5900437.080147,56,7804.208394
5425235.197137,74,7805.670362
5492268.319981,74,7807.124915
5450531.218341,35,7807.81182
5456865.964875,34,7808.453557
5480956.787918,41,7809.277675
5489383.039403,53,7810.311103
6080424.765932,94,7812.162816
5457469.851626,73,7813.611574
2350787.551333,250,7818.469508
5369070.526741,76,7819.772254
5408169.579513,89,7821.432665
5493285.876235,68,7822.669004
5680723.545541,49,7823.573946
5420117.566444,23,7824.128565
5427303.70203,39,7824.865161
5846927.236335,101,7826.716941
5434375.419026,29,7827.247306
5443655.351995,33,7827.85007
5440871.900097,34,7828.455984
5413271.899811,78,7830.00612
5465328.244907,44,7830.789034
5483814.098302,40,7831.4697
5469174.351558,58,7832.565144
6095578.492626,130,7834.901588
5426468.877406,40,7835.670384
5491411.485966,71,7837.018632
5450200.509485,35,7837.639415
5411130.278419,79,7839.03971
5638972.146729,44,7839.874884
6269667.885972,115,7842.019049
5411572.705449,75,7843.34294
5445026.383154,81,7844.669025
5431720.052742,76,7846.092254
5470638.613205,69,7847.282237
5438264.662957,76,7848.621472
5471220.012535,77,7850.074987
5437692.958641,31,7850.656255
5971145.806881,64,7851.793976
5530948.99808,74,7853.084546
5491702.431643,49,7854.038209
5541581.978591,35,7854.716452
5428958.025135,34,7855.435374
5401446.293452,81,7856.954574
5421566.043967,88,7858.605469
5438172.168503,36,7859.223516
5488092.486293,78,7860.589585
5492653.650767,36,7861.257681
5507748.496252,41,7862.112381
6444391.994861,87,7863.549768
5439559.77276,31,7864.057076
7578522.281187,218,7867.987171
5448997.697635,34,7868.602802
5466953.472886,29,7869.131487
5916844.091332,104,7871.01909
5423947.36631,32,7871.601278
5432653.32593,79,7873.038579
218857.863214,250,7877.572651
5413040.615304,24,7878.056583
6101660.410789,106,7879.97587
5854617.858296,103,7881.843594
5555112.853823,39,7882.563676
5773860.15265,95,7884.248943
5513137.378526,40,7884.971845
7113044.148033,126,7887.305868
5442778.638206,84,7888.834569
5404032.214877,84,7890.349818
5500578.610181,73,7891.728693
5901902.720808,67,7892.937162
5425851.309547,74,7894.310026
256100.295874,250,7898.843032
5512187.490998,79,7900.261507
5447675.93016,56,7901.286821
5422210.377486,32,7901.884007
5465035.294979,51,7902.789017
5442339.501449,80,7904.196181
5504642.94975,82,7905.676101
5405642.199873,75,7907.024864
5495039.882538,78,7908.428364
5472677.850375,72,7909.749412
5470930.346403,51,7910.664695
5593658.934556,85,7912.240668
5426383.643759,78,7913.667156
5447549.59978,36,7914.33518
5445507.358752,44,7915.124015
5622138.146422,41,7915.873637
5898472.801486,75,7917.240911
5682570.335043,41,7918.013607
5425597.258126,28,7918.522032
5648061.275135,86,7920.065003
5467507.974642,57,7921.082203
5617064.939775,71,7922.356944
5459126.794283,68,7923.56023
5451642.369363,30,7924.110002
5548104.029081,42,7924.850677
5468066.433948,75,7926.281724
5583224.692178,56,7927.385395
5447684.368516,72,7928.727697
5452265.801772,46,7929.577258
5498009.341727,70,7930.859889
5626434.710997,91,7932.537573
5463567.612869,56,7933.563542
5422077.801252,31,7934.123416
5473416.147512,38,7934.800959
5477315.850105,54,7935.766686
5492078.513315,63,7936.904187
5399386.456401,76,7938.287431
5469161.347239,81,7939.733165
5822314.780534,53,7940.731507
6281792.444069,92,7942.409608
5452598.167211,48,7943.244133
5449067.056662,32,7943.811109
5897089.870031,79,7945.252838
5470410.529797,66,7946.46766
5451010.498207,80,7947.914269
5510006.641013,34,7948.535055
6127441.096173,73,7949.830364
5478149.114647,73,7951.159322
5459350.051881,36,7951.817942
5460508.053905,59,7952.858444
5422646.393404,83,7954.370271
432846.345228,250,7958.968372
734325.564374,250,7963.711848
5869876.589824,58,7964.842824
5431457.305703,103,7966.827928
5392025.105401,86,7968.514575
5438295.434626,83,7970.161789
5459858.232939,44,7971.034073
5425044.204045,32,7971.674674
5425269.90876,35,7972.374495
5608834.350046,88,7974.107599
5817976.983126,53,7975.238464
5632931.748762,57,7976.334424
5361218.612459,80,7977.895961
5488090.068767,39,7978.648931
5395498.97115,83,7980.268498
5391416.75725,83,7981.870618
5790557.295688,54,7982.907768
5456827.578664,77,7984.407971
5593945.454362,91,7986.213507
5402239.674105,80,7987.795617
5413295.311589,75,7989.262078
5444704.450724,32,7989.908151
5421667.499654,29,7990.477626
5458116.528451,28,7991.026245
5524063.827607,80,7992.574811
5489075.276176,76,7994.04197
5425982.601668,35,7994.712888
5660719.985546,38,7995.437342
5578739.763694,61,7996.640564
5759646.690558,60,7997.808122
5450697.418162,36,7998.496522
5479810.732411,75,7999.965315
5421039.345576,78,8001.502998
5477356.7778,70,8002.891869
5488090.388908,67,8004.210701
5867217.604964,83,8005.848777
5424923.791352,31,8006.465821
5511879.017535,61,8007.657177
5452560.728837,35,8008.307106
5446167.350817,39,8009.078093
5493408.633252,74,8010.497593
5401269.532539,80,8012.067379
5490894.352794,55,8013.138976
5967438.58241,111,8015.307179
5453956.919297,81,8016.914603
5691215.865402,94,8018.781165
5649333.892963,51,8019.783756
5462471.41865,86,8021.456561
5842000.588901,64,8022.781216
5786858.044047,83,8024.403813
5458040.329452,44,8025.248495
5488015.958569,34,8025.891105
5470430.800019,61,8027.049219
5436579.366245,30,8027.619534
5823772.739136,51,8028.614701
5426517.027757,40,8029.383937
5620419.595381,91,8031.194489
5569011.50736,42,8032.018948
537367.466379,250,8036.890959
5455188.003209,85,8038.507157
5673408.932832,72,8039.89733
5436810.586255,80,8041.45114
5478263.312401,68,8042.786282
5483681.754782,89,8044.470871
5464580.273347,34,8045.127553
5459470.196638,56,8046.22023
5551134.466289,49,8047.147995
5430885.412272,36,8047.859056
5359291.483353,74,8049.307503
5487413.31799,66,8050.616589
5448355.292842,71,8051.995482
5464003.990986,44,8052.845938
5424606.794086,30,8053.421839
5444876.596089,37,8054.151919
5468522.880549,43,8054.985855
5456492.599996,33,8055.641672
6383894.221426,127,8058.102967
720682.752001,250,8062.936441
5385020.311954,80,8064.502077
5882834.491573,98,8066.421869
5504075.917174,65,8067.671687
5622133.766005,85,8069.275672
5390679.517493,77,8070.806447
5463273.271531,87,8072.478238
5460906.345855,79,8073.973238
5460352.042127,38,8074.715539
5478866.014527,69,8076.046718
2187060.258401,250,8080.883128
5490401.294997,74,8082.313813
5463060.966894,80,8083.7733
6039353.194969,101,8085.624286
5492360.694707,63,8086.777681
5387639.577858,78,8088.205047
5855720.537858,72,8089.560441
5454749.735148,36,8090.209087
5448114.189923,56,8091.212085
5429862.370849,81,8092.716693
5440288.0185,60,8093.833172
5446019.339656,32,8094.432619
5639221.629102,56,8095.464149
5405202.059435,77,8096.90721
5906194.100415,103,8098.757782
5369243.383402,78,8100.167679
5450106.18031,73,8101.476963
5444991.768979,31,8102.042682
5483992.629441,69,8103.331292
5404257.593809,81,8104.834694
5535300.480658,54,8105.847724
5809482.186171,60,8106.920226
5377215.282161,80,8108.388908
5446876.639393,36,8109.068312
5487507.247525,49,8109.970886
5464665.476513,37,8110.640211
5450821.494172,75,8112.062466
5481686.844625,81,8113.543625
438182.869929,250,8118.133604
5681872.438216,66,8119.294399
5462352.052148,66,8120.482225
661236.798734,250,8125.064071
5466704.415989,42,8125.864529
5485842.017042,84,8127.418419
5409210.939057,80,8128.913085
682916.949247,250,8133.416181
5429046.511015,79,8134.841364
5448065.346902,76,8136.24127
6250738.335004,110,8138.281514
5365112.197473,79,8139.699783
5419453.844615,30,8140.270197
5445543.365997,39,8141.022264
5437994.150321,84,8142.572963
5491779.659296,75,8143.965896
5537643.077949,74,8145.28534
5434968.367196,88,8146.885968
5670685.669179,42,8147.64719
5547771.758827,49,8148.527257
5506962.221295,83,8150.056958
5582640.318403,41,8150.848844
5467976.751017,67,8152.070307
5787674.098944,94,8153.785039
5503512.140845,74,8155.166044
5471580.462349,61,8156.256671
5635192.741412,44,8157.05934
5445182.304768,49,8157.950191
5455158.15939,38,8158.625501
5500354.030679,77,8160.010573
5501840.266084,62,8161.14649
5475627.887282,80,8162.665005
5462860.718409,47,8163.515213
5549586.58572,44,8164.327673
1316681.422424,250,8168.990771
5448790.311729,72,8170.347515
5467120.027366,50,8171.300748
5636917.399123,62,8172.432762
5470672.782977,47,8173.292785
5395642.629881,83,8174.803644
5528706.946204,38,8175.497264
5448236.729276,64,8176.670791
5451163.85426,74,8178.01835
5457214.722756,85,8179.608512
353753.741493,250,8184.144893
5487613.743994,63,8185.304015
5476041.933724,77,8186.696593
5844755.947155,91,8188.302502
5865848.496158,97,8190.051461
5588733.439683,64,8191.194368
5478486.428402,85,8192.739587
5413262.338936,84,8194.279678
5442205.338924,34,8194.90831
5550052.442365,85,8196.442085
5759387.215039,94,8198.174685
5497715.891953,91,8199.834319
5444054.363016,40,8200.521485
5452567.181408,35,8201.161174
5441637.58134,39,8201.91164
6815746.161052,203,8205.865038
3244659.170897,250,8210.712846
5571301.398234,45,8211.563768
5433766.136978,32,8212.192313
5432632.070034,81,8213.775287
5491268.025312,74,8215.354068
5561935.281022,39,8216.114479
5463189.62004,34,8216.782124
6663385.199641,142,8219.548064
5492006.444289,72,8220.948846
5471687.09081,76,8222.449258
5436059.044891,35,8223.15793
5707285.662125,102,8225.16877
5440135.039829,82,8226.769078
5740571.22851,98,8228.7242
5518415.733062,78,8230.266917
5593583.675334,76,8231.761069
5416137.817843,82,8233.361821
5436185.129076,84,8235.000057
5478624.03752,71,8236.382722
5424775.900764,91,8238.1703
5428411.801006,34,8238.843814
5451068.889158,72,8240.263451
5470870.18778,67,8267.743587
5375024.87486,81,8269.348775
5481744.475804,49,8270.307253
5396721.767957,85,8271.947584
5513084.791322,40,8272.712273
5478533.849745,51,8273.677618
5471207.405219,53,8274.716913
5421398.18313,88,8276.401135
5451141.662103,40,8277.182199
5490482.681292,72,8278.573739
5415289.300025,83,8280.214845
5490444.785557,79,8281.754336
5881311.943828,61,8282.963988
5423822.744794,28,8283.489243
5938978.367445,59,8284.623916
5437213.754875,34,8285.293771
5425050.350073,34,8285.956969
5516260.266474,52,8287.026262
5693782.539047,95,8288.873601
6154267.429299,78,8290.383111
5667251.563572,46,8291.266402
5461454.081534,37,8291.982595
5652649.090284,88,8293.663339
5890931.464329,76,8295.1742
5468319.955495,78,8296.696144
5683802.981087,42,8297.537076
5482831.942084,69,8298.884259
5446708.175337,49,8299.877972
5572468.592899,40,8300.650097
5483959.64541,86,8302.304718
5477135.551416,37,8303.033128
6079948.094511,76,8304.472107
5476480.887029,48,8305.393572
5412847.563254,67,8306.670774
5411669.592764,80,8308.189301
5631649.176298,65,8309.457706
5404968.157763,75,8310.903537
5440339.257954,32,8311.51664
5636666.725717,78,8313.025831
5547059.039233,70,8314.380009
5508431.461151,73,8315.807362
5752552.988817,55,8316.831484
257455.921798,250,8321.661144
5488303.91494,49,8322.566059
5473724.040282,63,8323.769086
5457397.421025,72,8325.108556
5460416.689802,70,8326.417897
5472732.610683,28,8326.933984
5922631.681226,65,8328.1813
5494166.717339,83,8329.687755
5458997.796273,75,8331.116029
5507264.126326,52,8332.082566
5417493.254792,26,8332.563545
5474747.961435,49,8333.420232
5831719.996093,63,8334.599217
5552808.158608,91,8336.306351
5484644.839073,77,8337.671154
6120160.890135,70,8338.958952
5494970.657892,57,8340.056754
5464909.655401,39,8340.780582
5468854.300709,41,8341.564924
5665403.781899,83,8343.123418
5508544.05981,76,8344.499816
5581058.064674,41,8345.262421
5497030.928034,63,8346.432727
5475375.281693,76,8347.881207
5958479.584704,97,8349.691109
5480779.69378,58,8350.731971
5379281.704028,74,8352.102693
592429.667007,250,8356.60302
5474894.281371,39,8357.342529
5426629.731892,79,8358.81834
5414583.782351,77,8360.225554
5489784.700204,73,8361.594694
5376153.378299,78,8363.036103
5685349.772463,74,8364.420323
5440516.260874,29,8364.99007
5412284.747755,76,8366.413009
6503420.004298,131,8368.802634
5510411.697292,34,8369.419384
5517172.625268,63,8370.561257
5575077.313684,73,8371.898389
5466425.091375,76,8373.283208
5960555.086018,113,8375.364503
5596207.271266,91,8377.029967
5701595.910136,52,8377.943763
5631732.880615,50,8378.846346
5504119.288915,40,8379.556172
5485630.501546,33,8380.167712
5587070.494129,42,8380.931697
1175964.622528,250,8385.540924
5431650.47539,29,8386.072437
5637226.718268,80,8387.492918
5461358.102671,75,8388.84622
5518717.699308,52,8389.776418
5474772.622089,76,8391.176547
5547757.143162,65,8392.354996
5539627.841314,40,8393.077581
5733172.098554,102,8394.906924
5443271.669158,34,8395.505159
5453814.378145,50,8396.40924
5777783.421008,82,8397.838187
5455087.73526,72,8399.123434
6033568.740798,113,8401.209679
5615587.625342,48,8402.071323
5542967.401137,71,8403.368889
6058166.461214,69,8404.64532
5599258.298938,90,8406.209896
5403710.007644,85,8407.782093
5480037.349644,71,8409.096924
5508024.492007,66,8410.329127
5423446.989385,84,8411.860726
5446876.504892,34,8412.460839
5434799.048491,29,8412.968428
5440768.982596,34,8413.578104
5435130.484623,86,8415.171623
5478992.482926,81,8416.658624
5843583.077471,63,8417.810976
5480002.919919,38,8418.479796
5683741.321256,47,8419.343352
5420773.691469,79,8420.776077
5697699.891908,98,8422.556108
5493615.620415,45,8423.351862
5384165.151419,78,8424.783541
5444607.889696,35,8425.412285
5433571.519339,86,8427.008166
5459164.608562,76,8428.338691
5480934.200014,65,8429.575487
5448450.366722,78,8431.048051
5432076.58548,28,8431.553089
5571220.378878,81,8433.030426
5730756.500339,48,8433.956985
5421613.126913,80,8435.37537
5478667.710183,66,8436.592719
5801507.269764,52,8437.527819
5414740.563235,76,8438.929044
5442166.810739,48,8439.831022
5443013.989176,73,8441.164639
5464267.023075,74,8442.599184
5482636.883876,58,8443.738175
5560328.275202,47,8444.666999
5497318.52466,81,8446.239553
5464053.279924,61,8447.427634
5818120.544636,50,8448.40758
5651280.427454,59,8449.553929
5456010.18502,53,8450.56549
5795032.507105,52,8451.553719
5466644.561404,79,8453.087116
5683253.776993,91,8454.853991
5472520.065436,62,8456.068317
5450604.788035,32,8456.703971
5474861.123391,81,8458.290558
5473373.604215,42,8459.113505
5440093.821797,32,8459.747181
5489913.816061,72,8461.154694
483086.261284,250,8466.038574
5400005.224688,82,8467.618674
5485653.671599,68,8468.935799
382188.214715,250,8473.891779
6340617.088601,71,8475.259693
5443126.777816,82,8476.853656
6408024.548337,91,8478.669263
6790149.504954,164,8481.834041
5884043.101044,57,8482.9392
5480382.831135,78,8484.450124
5478745.719229,84,8486.104777
5886373.236652,108,8488.211866
5611941.918798,61,8489.413906
5414626.894902,80,8490.984489
5516646.509932,78,8492.530676
5460878.247417,47,8493.461058
6245890.83687,110,8495.624161
5456049.42336,34,8496.280041
5410631.46084,73,8497.735757
5433423.819209,83,8499.350054
5538172.006643,43,8500.169828
5495140.319417,67,8501.478979
5615521.953247,43,8502.323947
5440210.378689,80,8503.893639
5431631.682339,86,8505.542055
5851724.72948,98,8507.442035
5483508.039799,58,8508.581884
5458161.4921,41,8509.385041
5383785.328817,86,8511.048533
5495238.562568,74,8512.473189
5485772.55231,62,8513.628359
5518820.571923,61,8514.773217
6097219.599932,85,8516.394582
5465945.719873,72,8517.779221
5700530.674612,45,8518.690877
5558591.064383,80,8520.309943
5514945.252333,60,8521.480285
5472238.117668,75,8522.958226
5430725.576727,32,8523.592549
5473896.097893,78,8525.125361
5457041.435799,56,8526.193482
5475984.529844,58,8527.302492
5526903.677042,89,8529.030436
6768345.175892,115,8531.268395
5404979.651393,78,8532.800946
5431855.455728,32,8533.429023
5443223.50949,35,8534.106204
5432079.406793,90,8535.869033
5450970.793134,32,8536.493545
5435356.358509,31,8537.104651
6192489.01706,77,8538.625857
5475404.634993,76,8540.123705
5372690.605011,75,8541.573241
5388243.036837,79,8543.075803
5812961.650751,55,8544.103676
5470896.256249,79,8545.589223
5588159.730769,90,8547.309472
5455671.06117,50,8548.266806
6176861.163733,126,8550.69584
5431311.342385,82,8552.278748
6130446.55846,116,8554.541026
5426749.361646,80,8556.115652
5756555.381632,89,8557.868878
5699829.549927,103,8559.85416
5586141.142121,52,8560.863025
5470069.368515,48,8561.760364
5437237.438398,29,8562.285117
5432351.222299,79,8563.734704
5722032.691816,95,8565.516749
5597156.159818,56,8566.562279
5470656.359537,78,8568.070284
5458845.377301,31,8568.649992
5500955.339075,77,8570.071769
5554728.681344,95,8571.825494
5485404.207779,69,8573.076496
5635801.395451,38,8573.762839
5715716.650266,50,8574.681926
5454097.04358,38,8575.363919
5473890.113201,62,8576.481972
5505558.088378,80,8577.977321
5479804.320205,80,8579.443058
5455041.628607,46,8580.272006
5458464.517186,38,8580.940302
6031267.589053,113,8583.064336
5474059.674662,49,8583.945746
5408251.429406,83,8585.518244
6169550.857835,123,8587.81773
5539272.829876,43,8588.6085
5842090.587304,88,8590.217703
5465970.565248,78,8591.639179
5988833.081377,86,8593.245535
5485688.157365,63,8594.39856
5495685.707988,86,8596.013912
5667210.303067,61,8597.183679
5455003.992927,79,8598.64265
5453978.584758,54,8599.650545
5390373.278375,81,8601.158672
5445744.158734,77,8602.556196
5500431.935364,74,8603.928226
5937868.40534,65,8605.162377
325448.909531,250,8609.718536
5487049.691262,88,8611.349043
5479513.374819,37,8612.081292
5491397.835047,38,8612.758971
5512911.701944,81,8614.216348
5677457.863602,95,8616.022491
5550013.957736,74,8617.336683
5494449.100362,67,8618.572787
5540997.122854,40,8619.302961
5447529.70652,41,8620.083409
5462228.122358,47,8620.961059
5471131.857913,30,8621.536952
5388537.56509,87,8623.117553
5421071.363092,32,8623.725754
5456195.075192,40,8624.461364
5448866.487919,52,8625.426621
5446642.753208,32,8626.009506
5642388.907358,60,8627.112916
5456152.826889,49,8628.039383
5477510.156953,75,8629.440183
6743055.540793,147,8632.111758
5488060.517266,67,8633.312964
5957592.16864,54,8634.278885
5471275.752934,57,8635.292194
5436527.500389,85,8636.79583
5454676.642099,50,8637.678335
517379.01317,250,8642.333385
5440379.896062,74,8643.705397
5564804.73818,80,8645.137258
5447068.847822,43,8645.928186
5460386.49277,83,8647.461972
5442817.215601,33,8648.078511
5466647.245634,39,8648.752326
5453668.064224,72,8650.008417
5433468.203663,29,8650.553372
5451101.802791,44,8651.33551
5458990.9894,72,8652.618382
5438088.454698,45,8653.421368
5444356.915889,32,8654.031558
5435374.766399,78,8655.474849
5417342.649351,86,8657.04477
5912443.065048,89,8658.68963
5479662.156806,82,8660.234948
5441090.155636,37,8660.902567
5440341.615179,35,8661.522282
5444109.517325,33,8662.11972
5467779.974055,37,8662.844762
5527625.707485,59,8663.902364
5747382.417087,96,8665.631576
5439670.121598,87,8667.241181
5478758.601069,73,8668.554367
5475725.747166,63,8669.705274
5679540.652001,75,8671.080285
5480097.789455,56,8672.128837
5415852.088253,89,8673.755947
5498048.376945,70,8675.02271
5467109.047616,74,8676.352032
5444798.040911,33,8676.976878
5391439.756509,85,8678.523613
5453032.552621,33,8679.099979
5425497.226335,75,8680.423389
5458748.091242,82,8681.988074
5458817.687344,72,8683.366248
5390465.64373,82,8684.972671
5438602.266605,76,8686.454359
5573832.470346,84,8688.119728
5434919.70574,36,8688.816088
5433848.606566,82,8690.433347
5483451.013614,54,8691.46028
5464110.090512,78,8692.94426
5476678.045456,90,8694.716236
5444982.97239,75,8696.172679
5543437.987691,75,8697.628958
5440514.873477,38,8698.370364
5418437.234917,80,8699.923988
5457736.960401,63,8701.130032
5899871.114391,59,8702.263818
5882462.76973,102,8704.248865
5608621.196714,90,8705.987615
5471563.463991,35,8706.66602
5480388.769297,32,8707.293221
5441352.674646,79,8708.818224
5471728.267022,68,8710.134396
5682269.764542,46,8711.09427
6303792.373337,99,8713.040681
5461543.715029,84,8714.689943
5448578.128897,54,8715.777992
5432753.734417,37,8716.50417
554657.476689,250,8721.371874
5653474.450607,89,8723.09923
5501658.498316,67,8724.39594
5907579.413545,55,8725.420873
5468222.317728,39,8726.176769
5453506.4805,74,8727.572118
5521623.645808,82,8729.148676
5375539.864742,77,8730.642814
5446229.708137,83,8732.253407
5486070.137767,72,8733.657804
5613882.870338,93,8735.464469
5796377.581092,94,8737.261153
5460108.74883,65,8738.531194
5441458.258275,44,8739.383524
341895.37397,250,8744.228428
5478706.67364,57,8745.335218
407643.900273,250,8750.169374
5458145.378819,26,8750.678547
5492398.590355,68,8751.985333
5435063.939885,31,8752.598119
478347.795487,250,8757.429922
5828335.166784,76,8758.930469
5459577.68573,49,8759.88016
5457611.748045,34,8760.560997
5442190.947322,32,8761.17145
5685653.371608,44,8762.011123
5468599.862462,72,8763.403866
5614268.134421,63,8764.612803
5455235.575031,42,8765.43393
5440650.682561,43,8766.243947
169842.755306,250,8771.036411
5440412.859878,39,8771.785638
6330994.777896,100,8773.700661
5420180.446932,26,8774.208173
5389783.080672,85,8775.879792
5437650.018154,81,8777.480782
5462636.771247,49,8778.447246
5482676.983337,75,8779.91809
5632001.778059,95,8781.747965
5459588.123225,37,8782.45813
6137394.378272,69,8783.796625
5428351.171967,32,8784.43144
5664623.431288,49,8785.365936
5455399.736729,38,8786.092321
5458424.314089,37,8786.794428
5448303.090074,40,8787.55
5439151.019976,83,8789.157419
5470598.872908,86,8790.838964
5459302.347787,78,8792.378932
6076652.245094,64,8793.612654
5475425.114501,50,8794.582996
5465194.776273,34,8795.212315
-107179.953323,78,8796.724267
5419767.024111,30,8797.291267
5478894.496885,58,8798.380012
5393385.081941,82,8799.897346
5445813.959655,31,8800.490436
5479976.851844,60,8801.625916
7332755.090267,203,8805.333976
5615644.735172,40,8806.042769
5468035.206606,68,8807.378633
5448585.237028,40,8808.096885
5453776.597996,41,8808.839823
5446749.71072,39,8809.564262
5825609.010173,53,8810.518018
5507326.032231,84,8812.054431
5673586.602242,70,8813.33499
5412993.696301,74,8814.688678
5419241.361013,74,8816.000132
5425607.906509,73,8817.297394
5477478.536596,59,8818.367009
5489132.333016,55,8819.35913
5611031.07167,55,8820.395368
6098185.916596,122,8822.712456
5505827.741906,51,8823.654723
5405745.135531,75,8825.029173
5897024.780602,49,8825.95202
6067832.480564,92,8827.652438
5528518.195088,45,8828.464741
5618748.73256,78,8829.85957
5485132.145506,61,8830.983708
5409012.724472,84,8832.509288
5566068.471221,80,8833.970097
5464920.087181,36,8834.607876
5656263.183538,45,8835.47365
5423765.227879,79,8836.903087
5998660.767231,113,8839.030524
5433219.652231,31,8839.578414
5459753.321617,28,8840.078521
5447863.645946,35,8840.712354
5730638.973255,122,8842.98009
5466374.904242,68,8844.240874
5795138.613393,80,8845.725649
5444913.49479,56,8846.739655
5430901.271456,33,8847.345009
5440375.861892,89,8848.950037
5522936.420347,34,8849.577479
5532170.060439,60,8850.655286
5663351.254031,88,8852.26811
5453577.038694,79,8853.711159
5459788.692406,70,8855.100655
5795773.928521,63,8856.273345
5497797.520436,64,8857.480914
5444374.228155,40,8858.220475
6023292.661235,58,8859.328535
5429512.534192,89,8860.941983
5443571.401344,31,8861.509587
5446496.04404,33,8862.111007
5460917.262725,32,8862.698446
5404190.959432,80,8864.135874
5625498.367389,81,8865.625332
5484224.737248,64,8866.786441
5492936.301373,65,8867.975142
5499174.413792,30,8868.543197
5514122.538702,55,8869.556575
5501566.07924,38,8870.253077
5607946.532382,96,8871.987361
5483533.255919,63,8873.105421
5492954.69543,71,8874.370334
5435506.945615,82,8875.849451
5472896.241506,77,8877.249788
5523146.861898,85,8878.836616
5436027.65279,38,8879.544384
5499725.249812,76,8880.925344
5460251.866887,32,8881.502709
5602594.029562,89,8883.123783
5518810.193657,82,8884.659179
5483965.622206,63,8885.79305
5889098.098365,70,8887.097717
5413720.725967,87,8888.720808
5595196.735245,41,8889.473586
5461290.133502,61,8890.569825
5430611.662238,81,8892.014735
5397047.347221,78,8893.511262
5401840.040676,81,8895.007099
5767544.933228,97,8896.756353
5573175.557214,69,8898.015177
5435096.696439,33,8898.622994
5490793.102705,76,8900.029423
5438912.471352,85,8901.534925
5467476.488057,79,8903.074752
5542989.910139,55,8904.048763
5455953.764753,79,8905.464112
5433659.541116,32,8906.058331
5800206.469396,56,8907.08816
5637192.79076,93,8908.791397
5486430.329191,77,8910.226758
5434953.304348,30,8910.788854
5466824.938079,34,8911.413242
5467022.303999,81,8912.886912
5508227.010005,83,8914.473271
5455676.145826,78,8915.920382
5457207.037416,37,8916.561016
5495885.270705,71,8917.87982
5438896.308492,30,8918.411812
5477752.669999,50,8919.3399
5464059.519886,46,8920.210216
5627112.586479,40,8920.939082
5430522.18766,33,8921.563025
5786826.440423,99,8923.509701
5473546.071676,89,8925.244939
5477345.221522,68,8926.55212
5495700.006556,64,8927.80246
5440843.487001,33,8928.447948
5473194.989708,66,8929.726584
5454986.02298,39,8930.46038
5479825.214328,82,8932.016146
5360356.366987,80,8933.49358
5453530.126853,27,8934.002836
5468472.979639,62,8935.188045
5496564.923152,47,8936.095791
5459679.300965,60,8937.259129
5460313.32174,56,8938.355843
5902303.590612,101,8940.308879
6967712.700405,125,8942.7584
5573445.063861,96,8944.659944
5494265.372951,55,8945.707993
5435378.744127,28,8946.247678
5450980.944561,80,8947.781969
5506683.79012,37,8948.509256
5506249.827543,76,8949.986152
5416127.5601,86,8951.780513
5447553.965839,35,8952.469137
5382279.733863,79,8954.027558
5940427.79731,99,8955.941637
5497516.13255,68,8957.30116
5429687.7494,33,8957.952186
5433874.116014,80,8959.548062
5420465.55838,87,8961.226317
5453416.040749,80,8962.801791
5503839.661287,75,8964.236211
5454355.352756,76,8965.731182
5456701.386408,68,8967.057969
5850471.514807,86,8968.664615
5601508.451131,39,8969.430318
5454000.97179,85,8971.080855
5461446.54361,70,8972.456038
5449323.067612,33,8973.111782
6087751.432262,96,8975.01173
5459986.942487,80,8976.534359
5540013.322001,91,8978.294343
5982772.13154,60,8979.453964
5614154.706576,88,8981.143938
5484932.221213,59,8982.286837
5944249.924503,112,8984.359658
5491776.544869,64,8985.581949
5469891.433146,38,8986.329362
5492393.687912,66,8987.607088
5440977.870857,78,8989.136161
5868956.505048,68,8990.474989
5482446.1754,87,8992.167599
250483.7611,250,8996.974243
5484954.705456,69,8998.302289
5489560.203979,77,8999.816348
5450336.14218,65,9001.067461
5770082.188835,72,9002.435134
5433739.340623,82,9004.020527
5464063.934286,67,9005.308113
5431960.974431,86,9006.89632
5457052.733143,30,9007.489333
5812325.516517,94,9009.304668
5478211.418502,64,9010.545747
5466369.936973,65,9011.828388
5558181.146597,88,9013.537585
5474172.750569,62,9014.716268
5451976.399676,45,9015.605784
5474417.494217,41,9016.41233
5384613.049647,74,9017.828549
5477368.176506,38,9018.5732
5715325.134769,66,9019.883563
5465737.616739,55,9020.949452
5435592.801438,87,9022.598884
5434078.977151,29,9023.166812
5463322.988071,66,9024.452455
5466905.973972,76,9025.940958
5504988.399086,56,9027.009596
5584881.380749,45,9027.828502
5409780.51325,84,9029.39911
5587835.846733,70,9030.744064
5699980.27439,45,9031.627844
5481915.848909,77,9033.150635
695166.100329,250,9038.029533
5441814.305873,78,9039.531027
5480812.555849,37,9040.249145
5508017.762546,47,9041.168692
5478839.498564,76,9042.567774
5676043.980942,50,9043.450954
6527879.797361,127,9045.801979
5549414.324553,93,9047.601589
6122470.587916,96,9049.451077
5553069.428958,93,9051.186886
5528336.720618,70,9052.544271
5965847.690698,67,9053.779857
5443256.914961,33,9054.405174
357272.858048,250,9058.961
5430930.861955,36,9059.639568
5452962.92242,73,9061.005177
5665793.96222,47,9061.87887
5439778.78658,36,9062.553515
5458342.811266,78,9063.940102
5396777.460745,77,9065.361615
5456101.582118,54,9066.336116
5876628.204899,60,9067.466346
5415723.955642,79,9068.937376
5454713.937964,83,9070.487351
5612134.84267,61,9071.61502
5456379.618456,58,9072.68396
5635242.972079,40,9073.387626
6244570.994059,110,9075.358364
5436164.416375,34,9076.031252
5392415.633356,78,9077.463283
5737233.641345,77,9078.849939
5440083.787649,72,9080.170663
5500354.745806,53,9081.135466
5901882.09203,97,9082.8609
5368434.935543,80,9084.268315
5445177.919787,54,9085.272469
5446775.946414,77,9086.753402
5384504.660235,88,9088.363123
5755384.395358,56,9089.396297
5745789.261659,93,9091.142721
5436208.776653,76,9092.570623
5472573.571021,59,9093.670756
5501235.964612,35,9094.330555
5455361.521852,38,9095.089921
5502735.006937,51,9095.994899
5417365.351743,93,9097.670914
5475712.892041,53,9098.651146
5466473.729819,56,9099.656882
5933279.719108,102,9101.463831
5689270.0399,49,9102.331434
5437393.140236,88,9103.90843
5496452.474887,59,9105.01631
5435580.905576,37,9105.676774
5441069.175805,30,9106.240422
379508.41381,250,9110.728923
5436380.942135,76,9112.124985
6109194.700591,109,9114.092948
5699654.604708,45,9114.895488
5512744.430434,49,9115.793844
5497015.91533,78,9117.182278
5389184.214816,91,9118.866302
5644674.088504,100,9120.689896
5476905.919916,61,9121.78479
5497068.784669,72,9123.102926
5399572.464795,83,9124.609742
5414145.897973,73,9125.902438
5489352.537669,84,9127.443701
5686527.488986,46,9128.277095
5430812.046778,29,9128.796953
5468944.472438,81,9130.271399
5422497.043985,91,9131.913457
6317324.937871,95,9133.668262
5460617.712868,52,9134.601313
5379923.715749,82,9136.105286
5579750.727419,83,9137.643153
5476460.49252,88,9139.239768
5744662.201534,75,9140.569654
5660359.274244,66,9141.74824
5463827.090604,52,9142.748178
5465734.233939,38,9143.468227
5450633.410966,80,9144.896748
435071.503555,250,9149.444348
5512578.603796,62,9150.576535
5475534.55092,69,9151.8346
5456110.514517,83,9153.396369
-176229.734388,11,9153.588751
5619319.575006,98,9155.390869
5426963.232157,39,9156.08997
5484940.402977,70,9157.404143
5433177.218104,31,9157.948243
5728985.09961,63,9159.086096
266698.410098,250,9163.887242
5620964.852975,66,9165.193479
5468715.013445,71,9166.583489
5667317.412121,50,9167.56426
5489153.104646,79,9169.096003
5452201.376146,39,9169.841191
5450275.266783,38,9170.579117
5478039.099203,82,9172.161559
5349150.764397,92,9173.940859
5442697.221558,87,9175.57938
5461575.028648,47,9176.493897
211299.788518,250,9181.380408
5583668.987464,92,9183.187292
5474293.863967,58,9184.312592
5460093.446239,36,9184.996739
5480719.943087,77,9186.474332
5449978.866642,33,9187.110615
5859980.287823,56,9188.178038
5510352.234536,44,9189.033245
5523686.8139,77,9190.560515
5759436.84409,48,9191.555434
5490608.962663,78,9193.079839
5397869.77788,81,9194.655447
5438619.397163,70,9196.010719
6029279.897163,58,9197.143407
5543081.14928,39,9197.899169
5402795.014446,76,9199.37209
5503391.009447,54,9200.40528
5782850.815071,95,9202.275528
5410160.3534,78,9203.798906
5451693.510809,70,9205.161327
5466983.865773,38,9205.929956
5503603.444264,77,9207.405481
5668304.035963,102,9209.372249
5838684.744088,94,9237.84125
5553434.109759,79,9239.400256
5691740.294682,61,9240.576364
5503931.11818,76,9242.037925
5473800.383734,73,9243.472511
5504639.648734,75,9244.894442
5469684.111906,80,9246.378816
5480248.550753,52,9247.378168
5437630.65054,39,9248.1489
7541976.093222,185,9251.775957
5436354.748496,27,9252.310507
5436505.790746,33,9252.981518
5805936.868427,101,9254.985934
5459159.683626,48,9255.93689
5501445.18882,65,9257.193489
5441266.935725,79,9258.718635
5533174.563245,96,9260.541152
5573626.158251,85,9262.18363
5819646.604959,55,9263.272959
6725606.063262,113,9265.480487
5456049.238886,83,9267.106551
6569097.998228,110,9269.203652
5456369.714068,72,9270.606288
5449189.433801,76,9272.054159
5682555.237115,73,9273.457103
5885367.973398,56,9274.529434
5536864.249184,56,9275.585149
6126772.951066,68,9276.889707
5505966.77367,46,9277.80512
5471201.187365,75,9279.263429
5460796.721079,67,9280.59006
6257219.985664,76,9282.051032
5431200.915623,76,9283.493635
5848941.969856,87,9285.123336
5674764.359229,79,9286.593643
5591441.155898,47,9287.454185
5449953.677375,36,9288.101032
5483366.812413,87,9289.673681
5472775.151859,78,9291.111953
5769828.280882,74,9292.456129
5477309.844472,55,9293.485205
5698060.474183,102,9295.38592
5840419.079821,57,9296.430182
5362314.108511,73,9297.759205
5495556.872692,73,9299.120791
5496983.238452,83,9300.645598
6172040.394949,77,9302.07642
5467786.68161,43,9302.936255
5426359.190173,24,9303.372217
1200971.334533,250,9307.945467
5457630.127488,63,9309.147812
5589835.651755,40,9309.882484
5893871.750908,96,9311.652889
5471426.421134,44,9312.442604
6760774.002378,109,9314.399133
5443372.357319,87,9316.005401
5779885.52397,102,9317.887054
5469738.297981,31,9318.447262
5448408.996315,85,9320.02828
5574473.402898,81,9321.530496
5600054.161675,87,9323.17076
5495451.907815,87,9324.792859
5448467.234027,49,9325.735995
5449475.659642,73,9327.105629
5477952.379842,39,9327.809159
6060187.210275,70,9329.103651
6169588.887488,69,9330.353144
5744225.26416,95,9332.0812
5420862.189481,31,9332.646106
5479101.665147,50,9333.55875
5592075.002479,88,9335.149444
5452391.542009,85,9336.709195
5397914.033033,81,9338.242453
5461507.826041,77,9339.671333
6088911.924167,66,9340.852467
5428224.952849,80,9342.283838
5629393.575681,83,9343.852726
5781888.62902,55,9344.852926
5485954.014806,40,9345.598185
5558359.708876,79,9347.049622
5454903.364922,31,9347.609684
5448760.744888,39,9348.356676
5487863.667866,88,9349.94414
5385820.815497,86,9351.534465
5533102.394354,38,9352.250695
5423293.328858,33,9352.858945
5515760.430881,90,9354.546199
390278.647482,250,9359.208803
6018842.73534,105,9361.082368
5459207.643666,38,9361.76789
5503531.18821,58,9362.814231
5531176.71811,83,9364.355719
5529248.777249,66,9365.522185
5550832.787884,73,9366.898808
5738449.039511,86,9368.511555
5848806.455274,54,9369.511221
5469215.169258,83,9371.044492
5636409.683507,99,9372.876042
5415921.395643,82,9374.373114
5425757.95802,27,9374.865113
5544379.765394,84,9376.359275
5469707.984219,70,9377.65274
6347381.129932,136,9380.117532
5421836.006958,33,9380.721893
5440657.143846,87,9382.273859
5467414.826703,77,9383.674887
5444107.356396,33,9384.275203
5436251.474685,51,9385.213965
6852693.095919,174,9388.526594
5481479.193706,73,9389.866563
5649940.944685,96,9391.618605
5787747.86253,103,9393.465982
5658468.81231,50,9394.384091
5450957.608689,75,9395.726373
5493713.246586,78,9397.134795
5426962.95333,73,9398.45094
5647686.947052,66,9399.708539
5501888.921,75,9401.050509
5467239.575159,72,9402.425547
5431982.495148,27,9402.933867
5445646.172095,74,9404.366452
5423713.250505,86,9406.054351
5444404.232434,38,9406.791595
5469875.846123,61,9407.961967
5437767.592364,77,9409.452512
5808929.340781,106,9411.528852
5480939.614856,35,9412.207555
5788331.250028,49,9413.182235
5459398.015726,81,9414.771074
5424086.068337,32,9415.409291
5553214.56728,86,9417.085502
5388110.420826,88,9418.79239
5707267.842757,48,9419.728827
5478386.736492,81,9421.321756
5441411.843738,26,9421.826257
5439092.259505,84,9423.447453
5616102.047611,38,9424.218679
5446573.082733,78,9425.735719
164474.185982,250,9430.633374
5446373.260104,32,9431.267244
5375044.1287,85,9432.951734
5463918.38549,74,9434.371325
5450834.537743,32,9434.99154
5482661.764369,81,9436.591618
5762718.099019,103,9438.620084
5573700.924879,62,9439.842644
5669400.725614,90,9441.644463
5581894.197896,95,9443.506553
5435069.389048,31,9444.116982
5527827.927053,93,9445.965461
5501770.412919,71,9447.455985
5925122.194318,100,9449.414538
5475947.031946,35,9450.089804
5469324.624538,88,9451.783892
5618552.062598,42,9452.603498
5451252.134793,63,9453.812245
5378001.32632,78,9455.346745
5464126.275749,45,9456.236819
5480665.468496,83,9457.881141
7253401.724223,189,9461.601907
5733034.44172,94,9463.419231
5670773.618902,93,9465.185833
5442758.140582,32,9465.81089
5506135.577797,73,9467.242154
5410384.59526,77,9468.717623
5460457.761163,33,9469.323308
5547179.723151,93,9471.142784
5722880.960694,86,9472.837112
5520079.859918,79,9474.411556
5476109.518668,63,9475.677319
171049.615144,250,9480.559894
5447284.79928,78,9482.02519
5519152.694961,38,9482.759538
5469469.727091,82,9484.355544
5441949.422732,34,9485.006864
5450437.612227,33,9485.641189
5467657.210724,78,9487.137829
5427188.532621,90,9488.906451
5450528.96586,33,9489.560412
5427967.854304,37,9490.270899
5438298.871794,36,9490.979211
5433727.733635,91,9492.763979
5483439.229585,87,9494.489514
5491985.51907,72,9495.956911
5476036.519351,84,9497.573352
5445610.644884,79,9499.15431
5420415.656704,32,9499.77142
5621508.402108,84,9501.440192
5359957.369349,84,9503.080103
5473932.40554,52,9504.088624
5511615.02849,63,9505.344437
5748354.651239,79,9506.902811
5432936.684965,76,9508.384084
715054.011301,250,9513.180854
5466033.835295,39,9513.943163
5391935.60816,73,9515.349054
5440698.10005,34,9516.008168
5444363.862291,38,9516.713163
5698822.047838,72,9518.110623
6231163.996061,123,9520.528975
5461025.277722,75,9521.994724
5602772.748416,48,9522.903601
5470252.271694,53,9523.891216
5354572.997333,84,9525.457974
5673052.464773,55,9526.465489
5480271.081795,57,9527.499501
5742390.227331,49,9528.392715
5743676.107365,99,9530.208236
5457457.581404,40,9530.985293
5465167.894088,85,9532.636574
6013936.064085,68,9533.901243
5393683.899581,81,9535.405879
5435485.954489,80,9536.903508
5473524.870484,39,9537.62688
5683984.971548,77,9539.050628
5452681.787311,45,9539.874558
5563315.840542,40,9540.612188
5440820.877434,80,9542.082186
5422477.709198,33,9542.75935
5719695.320014,100,9544.658568
5480410.670101,57,9545.712185
5440353.475951,32,9546.283618
5448376.859161,48,9547.176035
5438704.775729,84,9548.728715
5421629.694356,32,9549.328211
5445179.901825,31,9549.912005
5448140.212945,74,9551.342086
5538238.700227,54,9552.323918
5650094.309089,89,9553.960327
5468216.684179,75,9555.401549
5502299.499461,83,9556.892684
5578061.503921,48,9557.772961
6076387.800717,86,9559.348435
5427581.836481,83,9560.842828
5525507.837183,62,9561.921546
5739126.500364,92,9563.653374
5487866.497661,64,9564.855482
6469590.28466,88,9566.48612
5510060.611347,35,9567.138881
5426423.598518,69,9568.433875
5453408.859407,31,9569.001015
5701549.433533,106,9570.988128
5543940.971417,37,9571.647634
5455537.753333,52,9572.595189
5459604.532012,58,9573.689343
5971843.323562,105,9575.627741
5555513.761397,71,9576.943741
5743367.223364,99,9578.70002
5458165.666605,39,9579.398968
5422292.768883,83,9580.985476
5610286.56826,65,9582.176616
5445375.068352,33,9582.791808
6368534.564687,142,9585.356185
5646650.060328,82,9586.835503
5465638.284918,71,9588.158231
5475292.354273,28,9588.687042
5438800.919092,91,9590.36918
5471301.506138,88,9592.095994
5468593.048687,84,9593.65685
5483375.236357,35,9594.33582
5467371.338105,46,9595.20845
5989944.595676,68,9596.46828
5477001.72296,58,9597.540311
5432463.108443,27,9598.017145
123271.86489,250,9602.513814
5490595.949069,86,9604.052916
5543198.986015,74,9605.368022
5960923.977333,101,9607.192809
5481790.914287,62,9608.303156
5600756.436271,81,9609.845835
6444778.107567,227,9613.994612
5442748.71139,66,9615.149535
5476812.122403,78,9616.595848
303544.291991,250,9621.186128
5453415.940114,33,9621.755592
5470419.877925,88,9623.368666
5738456.548925,70,9624.622427
5612820.174187,49,9625.538623
5477263.717953,76,9626.925052
5423208.954281,36,9627.590502
5464232.827421,37,9628.238824
5755413.173371,80,9629.661109
5461875.082273,82,9631.142401
6135029.511848,72,9632.486821
5429563.920804,75,9633.859634
5436472.97508,81,9635.326044
5480666.055306,40,9636.056986
5632415.969279,54,9637.07397
5353359.308292,84,9638.626374
5647245.22212,43,9639.432683
5602999.131199,94,9641.164612
5460213.293939,72,9642.572005
5652316.218551,54,9643.598716
5706837.960851,45,9644.477234
5514519.6837,74,9645.916469
5535474.087823,92,9647.697543
5439007.920758,27,9648.222731
5532314.25748,90,9649.980122
5630670.914116,54,9651.022894
5400996.999047,81,9652.588448
5487707.805762,40,9653.385533
5464604.786613,64,9654.644348
5440076.960823,39,9655.410024
5571258.764958,85,9657.095007
5824606.352049,103,9659.090578
5477479.859431,85,9660.763838
5399933.372923,83,9662.37113
5413335.82019,84,9663.996926
5830568.584384,96,9665.848633
5542926.949511,56,9666.945788
5842919.349627,59,9668.081887
5483499.61593,75,9669.534147
5419652.110108,73,9670.967481
5854904.885636,76,9672.445407
5469800.635556,47,9673.368277
5462043.766588,56,9674.444306
3391772.311403,250,9679.26518
5491068.579117,74,9680.695197
5521692.424885,88,9682.406834
5440479.214006,27,9682.936939
5472921.883762,88,9684.679757
5434101.245796,38,9685.421176
5463045.59632,71,9686.888038
5435081.871657,31,9687.519784
6595172.813392,149,9690.307219
5386624.836414,83,9691.888937
5889535.583046,74,9693.338779
650851.3962,250,9698.252391
5595946.031958,90,9700.023156
5447467.659852,74,9701.461395
5473355.43818,50,9702.437759
5472024.655076,98,9704.362834
5421957.703828,83,9705.955854
5499836.710472,46,9706.812949
5460590.582683,77,9708.268442
5445324.758277,34,9708.921751
5701478.954104,46,9709.828
5498383.356648,88,9711.474237
5433317.402793,31,9712.086678
5448814.487374,40,9712.87766
5518586.242524,82,9714.467463
5468951.355629,67,9715.744167
5453481.173142,88,9717.476766
5456854.240417,44,9718.35868
5802220.546395,107,9720.420547
5676442.253254,89,9722.104818
5735532.168945,89,9723.823343
5436665.294719,79,9725.302215
5435359.324214,87,9726.971305
5425034.385505,32,9727.583672
5362193.183019,81,9729.176408
5438011.999811,37,9729.907056
5420567.135792,83,9731.537798
5509074.783338,90,9733.281414
5894031.799974,107,9735.376465
5888382.911551,47,9736.280953
5927800.272166,102,9738.254912
5439292.616245,71,9739.626549
5458303.19218,97,9741.509746
6017883.570912,77,9743.003581
5631135.510753,45,9743.830921
5427155.564358,27,9744.336027
5479167.327738,47,9745.239604
5452615.874169,80,9746.801782
5608225.121959,86,9748.500732
5485662.682808,58,9749.637787
5460212.374358,86,9751.283937
5604469.714489,45,9752.148293
5452953.879934,36,9752.848195
5451821.597509,39,9753.610265
5708665.212548,72,9755.013846
5407590.922943,81,9756.561264
5445289.249501,82,9758.113924
5480217.989775,47,9758.97566
5427094.41322,30,9759.530179
5421227.420854,26,9759.982565
5440693.844788,43,9760.726624
5417689.140543,71,9761.996783
5463583.421638,58,9763.025527
5453805.064872,73,9764.299481
5880440.962338,59,9765.320748
5382852.455591,84,9766.806954
6473657.703795,128,9769.067432
5872852.491555,75,9770.454346
5689554.242812,42,9771.211767
5428971.80592,75,9772.597197
5438866.199188,32,9773.157051
5463726.091956,84,9774.658509
187700.226591,250,9779.32542
5672285.176336,63,9780.479636
5422037.243944,29,9780.996506
5681175.664831,45,9781.818676
5470217.57333,75,9783.26415
5459931.784131,72,9784.543285
5524863.037177,37,9785.167085
5494800.14608,82,9786.624661
5450588.452121,73,9787.921722
5471200.299202,80,9789.318761
5442911.492225,45,9790.100873
5450789.619638,85,9791.592876
5495960.816078,74,9792.895096
247480.901014,250,9797.410232
5449681.286593,31,9797.961345
5758320.220306,77,9799.355597
5922045.759878,97,9801.148208
5456136.474442,72,9802.477539
5488244.640145,37,9803.151941
5499238.738599,52,9804.11472
5599198.341144,93,9805.898012
5814934.963562,109,9807.956683
5371424.89947,80,9809.412143
5428874.371379,80,9810.865627
5485401.62148,77,9812.31432
5449240.322044,76,9813.755182
5478847.972025,76,9815.25737
6318196.231152,93,9817.090928
5694549.67614,63,9818.246091
5719887.171669,95,9819.991071
5484787.034721,81,9821.524351
5450807.398944,31,9822.091483
5462615.16547,81,9823.618084
6322208.397292,83,9825.132391
5628110.12018,46,9825.97836
5449220.288571,36,9826.652274
5531076.823766,40,9827.403945
5423199.602729,81,9828.892942
5484133.952704,51,9829.882442
5469740.248765,68,9831.269697
6097810.633702,129,9834.026708
5770050.35359,99,9836.116176
5484200.489623,92,9837.908038
5479064.639955,34,9838.589723
5371424.171938,79,9840.089604
5479392.150275,84,9841.720203
5767348.679906,102,9843.728962
5794802.282769,100,9845.745056
5437400.453694,33,9846.429731
5448823.193959,32,9847.063207
5447794.983249,47,9848.012327
5467501.285235,56,9849.187003
5710520.18969,98,9851.124299
5462783.178885,35,9851.796227
5707575.03719,49,9852.709293
5408545.416694,88,9854.324245
5680453.84001,95,9856.092957
5615126.639304,60,9857.22408
5410233.95581,83,9858.789672
5428110.461987,87,9860.45901
5449877.567272,31,9861.051985
5464990.189881,85,9862.625845
5447482.122934,85,9864.20012
5819135.051548,102,9866.157603
5463590.084609,76,9867.643627
5826202.581065,56,9868.71844
5461680.454187,66,9869.958696
5451677.725687,35,9870.635344
5429509.344294,32,9871.256968
5475291.403504,51,9872.266734
5485246.43885,43,9873.077912
5725172.669141,53,9874.051251
5396943.651933,67,9875.314536
5426769.410378,37,9876.01856
5527786.53356,67,9877.286438
5430142.029387,89,9878.942491
5951179.858447,63,9880.167706
5428188.383087,77,9881.682548
5466710.882725,56,9882.824579
5511598.078398,36,9883.535024
5495442.521852,83,9885.117542
5383891.955147,77,9886.582527
5734575.348261,75,9888.09876
5435236.99691,37,9888.82738
5483024.040235,59,9889.96682
5367404.309331,84,9891.580415
5553973.463833,101,9893.52868
536791.942955,250,9898.278507
5647753.536225,99,9900.197914
5593066.083241,92,9901.973413
5467347.646327,47,9902.864423
354997.695579,250,9907.528922
5627658.345584,82,9909.018554
5476060.193024,81,9910.559856
5455153.659119,77,9911.972545
6143466.754817,73,9913.302961
5467002.665611,61,9914.484115
5415072.387435,83,9916.072468
5434420.11981,37,9916.793413
5457713.147514,42,9917.59194
5479959.078413,66,9918.866288
5515293.840561,74,9920.273857
6028482.37148,112,9922.461674
5462584.77462,66,9923.708655
5498570.659922,54,9924.816951
5472701.066338,83,9926.44434
5758455.229401,79,9927.940219
5419704.770559,78,9929.417597
5475271.892725,65,9930.66712
5416432.2336,80,9932.224712
5583274.988286,65,9933.479633
5462758.445111,56,9934.49704
5446064.250131,79,9936.008834
5469108.587326,80,9937.565142
5493457.89345,87,9939.247333
5582022.228371,39,9939.974339
5661671.24901,64,9941.183605
5477183.937741,59,9942.309544
5908463.096772,100,9944.260308
5440636.458452,76,9945.76159
5766230.056183,74,9947.257516
5812846.788046,48,9948.176264
5519438.784402,52,9949.28349
5471823.852994,66,9950.602704
5438034.588834,38,9951.372919
5487461.964152,54,9952.433659
5431671.485977,37,9953.22683
6056490.224841,63,9954.630588
5431489.397103,85,9956.356511
5819429.872,114,9958.76833
5434961.707876,32,9959.445702
168608.237161,250,9964.721977
5740939.581115,106,9966.786509
5453594.893166,34,9967.429659
5458912.922184,33,9968.07307
5504141.331487,59,9969.208338
5408244.546647,81,9970.781319
5518035.51829,77,9972.304127
5462391.641925,68,9973.67936
5685635.991026,95,9975.55552
5486189.446853,61,9976.735902
5418006.576802,85,9978.401968
5460995.270962,70,9979.733953
5391804.435559,89,9981.453725
5431778.113171,27,9981.987447
5395985.574747,92,9983.787305
5513409.830702,84,9985.421151
5955884.58843,100,9987.438278
7356988.661804,131,9989.856896
5840377.645596,100,9991.734126
5436541.174321,33,9992.345157
5422096.260087,86,9993.960925
5532759.887156,89,9995.642972
6045813.395792,105,9997.696907
5431132.753251,83,9999.314295
6240008.106193,121,10001.678937
5446886.651222,36,10002.363446
5711731.060032,50,10003.303519
6007054.30433,62,10004.499264
5424039.046642,30,10005.070219
5450662.878477,31,10005.673425
5594128.248635,77,10007.161684
6577321.735865,115,10009.37372
5488512.89811,70,10010.701512
5371179.184752,81,10012.284983
5436962.857258,33,10012.92224
5485456.472385,59,10014.031057
5436279.370525,86,10015.758188
5485767.822771,70,10017.15528
5935694.329588,66,10018.435515
5396228.891045,81,10020.041785
5524045.740457,79,10021.759283
5440804.143329,88,10023.494919
5470309.469003,75,10024.965011
139134.127908,250,10029.860468
5481213.141909,79,10031.445882
5702512.980666,100,10033.453675
5755014.672345,74,10034.950123
5422940.947272,90,10036.720135
5461151.100034,67,10038.0224
5428430.339952,33,10038.663844
5462366.042587,77,10040.177746
5800087.685567,55,10041.270571
5482455.895288,78,10042.809185
5620915.504975,46,10043.704664
5458158.205638,30,10044.313007
5452596.983152,62,10045.542147
5473221.074297,89,10047.363289
5473913.959768,41,10048.15185
5457586.441999,39,10048.925644
5487235.568055,78,10050.461731
5391522.52732,87,10052.142659
5403260.882664,82,10053.750819
5450528.495811,81,10055.2939
5485034.529033,37,10055.998683
5808530.451248,86,10057.587631
5434441.516365,31,10058.171653
5488424.91466,31,10058.753856
5451467.906971,29,10059.297939
5737198.912991,91,10061.0128
5413039.062704,84,10062.645287
5475311.190919,39,10063.419902
5451136.748255,87,10065.138726
5432343.554553,30,10065.728694
5461156.359769,83,10067.376604
6077217.872899,70,10068.856099
5789310.380592,49,10069.882172
5442090.541261,74,10071.347847
5499176.017287,69,10072.71549
5439025.83223,34,10073.379253
6415801.232867,117,10075.649892
5464237.3333,36,10076.351824
5451165.163595,36,10077.067447
5439358.606475,34,10077.720511
5750172.418011,46,10078.61242
5550509.76771,38,10079.349031
5444514.002138,78,10080.888594
6016565.856958,105,10082.905747
5676019.143561,46,10083.789131
5808439.9355,49,10084.727535
5490920.764411,72,10086.14922
5381060.670533,95,10088.030905
5582229.970675,59,10089.19542
5670280.014008,86,10090.89171
5462493.536597,40,10091.674191
5448082.237352,51,10092.688498
5462814.940912,51,10093.6773
5646461.535424,50,10094.642426
5631815.664433,100,10096.577475
5441542.032972,33,10097.215564
5881452.875343,95,10099.033941
5461087.439846,47,10099.910528
5486182.539229,74,10101.349128
5445879.5121,67,10102.636775
5802533.534019,83,10104.232124
5475592.278851,60,10105.381576
5707522.223406,47,10106.344053
5429933.09594,88,10108.081843
5429843.859189,28,10108.611648
5657185.455332,106,10110.639604
5429741.574553,38,10111.394248
5435962.534143,35,10112.067596
5758584.580237,57,10113.195623
5447068.430147,43,10114.033731
5372414.705483,75,10115.499762
5829106.92499,54,10116.566347
5482590.363619,37,10117.337161
6211738.133659,72,10118.807557
5547162.139996,46,10119.696757
5762702.289837,47,10120.614791
239962.789452,250,10125.384883
5470307.325979,71,10126.738562
5587450.544605,69,10128.086325
5425286.365685,31,10128.668524
5457559.283539,32,10129.329178
5661032.694792,91,10131.110784
5410477.889149,85,10132.809335
5420186.523886,76,10134.318966
5518002.729078,81,10135.906898
5424780.300052,30,10136.500695
6168516.282832,104,10138.551283
5432355.185476,36,10139.238894
5484050.681437,77,10140.745861
6769466.648219,134,10143.347821
5435832.875663,82,10144.945637
5439274.146443,88,10146.709477
5510686.315248,37,10147.471349
6183460.170028,119,10149.805235
6286242.889582,114,10152.116839
5637533.919111,66,10153.43668
5454351.180999,44,10154.300428
5392223.100883,83,10155.931229
5455244.931694,88,10157.682279
5437359.981514,81,10159.302764
120493.114511,250,10164.224646
5442494.435716,39,10165.004747
5565493.489287,42,10165.961263
6392528.492909,135,10168.611664
5493345.892494,88,10170.280611
5448681.895314,31,10170.884593
5502478.572923,81,10172.456612
5445118.341781,33,10173.124285
5502167.80688,62,10174.342681
5864256.689587,102,10176.31825
5485086.971683,82,10177.940767
5442426.666663,84,10179.595745
6217307.94851,119,10181.91668
6015080.522886,116,10184.115024
5453757.68691,34,10184.775401
5428074.820685,81,10186.326849
5485975.821416,87,10188.009065
5613429.661627,53,10189.056666
5424451.590045,82,10190.594232
5478168.08466,66,10191.827749
5454219.57091,62,10219.114387
5495806.170452,70,10220.478392
5733781.93144,50,10221.441677
5489645.714727,81,10222.973614
5446829.423072,56,10224.0398
5447352.81415,81,10225.592759
5485205.139721,47,10226.4899
5425313.325988,33,10227.121571
5871065.236953,60,10228.279613
5447422.954612,60,10229.415768
5626917.422234,95,10231.272975
5471643.091184,35,10231.972914
5656685.172856,52,10232.98579
5747405.740977,49,10233.94495
5520993.31928,79,10235.484539
5616516.947466,93,10237.271533
5474905.82909,38,10238.002469
5422212.279137,31,10238.599892
6040099.024844,89,10240.330893
6793073.732944,118,10242.55239
5463380.484689,73,10243.890737
5792323.174541,95,10245.649593
5555560.567177,50,10246.56444
5461342.039062,32,10247.128957
5458313.686383,50,10248.02861
6440830.767762,88,10249.602751
5469062.712868,65,10250.777482
5460693.057192,84,10252.290701
5447481.965932,76,10253.66968
5434800.576771,40,10254.408762
5837066.798651,105,10256.317862
5489757.616614,60,10257.422051
5475856.8316,64,10258.574688
5622046.859534,94,10260.320656
5440185.439783,77,10261.752249
5595995.18994,82,10263.23315
5813999.285506,59,10264.303896
5405645.91718,80,10265.754083
5487899.924785,70,10267.05197
5480158.385308,65,10268.222691
5433027.827847,36,10268.867328
5474958.826972,33,10269.475598
5783941.929264,71,10270.804941
5481462.322961,81,10272.298198
5449494.996109,37,10273.008784
5411017.806364,81,10274.496853
5670076.295686,81,10276.017863
5681469.976982,74,10277.31876
5438918.386754,78,10278.745097
5464321.742735,72,10280.07262
5502745.568401,65,10281.253386
5468012.819298,28,10281.772232
5521456.367536,79,10283.200114
5508617.953088,69,10284.549047
5482585.264318,92,10286.323605
5480503.07352,70,10287.598541
5428152.77467,35,10288.212008
5498338.5443,49,10289.11389
5454615.700862,84,10290.611903
5468133.868281,60,10291.682736
5438501.611047,81,10293.113138
5479856.144643,57,10294.127323
5648736.724061,51,10295.067583
5824948.861278,77,10296.464873
5463140.448279,38,10297.173805
5450018.608464,74,10298.509203
5446639.018903,49,10299.385549
5484151.463833,87,10300.898153
5471292.49262,85,10302.469685
5536908.522618,80,10303.914725
5451942.991794,76,10305.267215
5467964.778981,61,10306.362786
5889214.569983,88,10307.945069
5412096.45106,87,10309.52553
2460397.807944,250,10314.094998
5818806.760975,100,10315.916604
5492891.454995,58,10316.986265
5517219.51241,85,10318.47376
5761018.489935,100,10320.328216
5481588.412145,38,10321.00125
5446600.744319,83,10322.487483
5471366.448206,35,10323.129315
294090.941842,250,10327.700299
5555013.774484,72,10329.011037
5475602.095378,35,10329.636324
5423781.860781,80,10331.166324
5462627.462997,73,10332.524275
5482850.121101,52,10333.484478
5524563.975863,84,10335.074887
5619186.772153,60,10336.232211
5425303.959528,33,10336.818825
6501012.525747,129,10339.109373
6750364.852052,154,10341.882395
5462537.822497,39,10342.593668
5528288.951015,43,10343.398613
5438459.751433,34,10344.042841
5544463.478435,46,10344.883987
5716217.099317,50,10345.842121
5636903.496556,99,10347.653423
5545038.704438,81,10349.089093
5489052.068811,71,10350.371153
142535.28098,250,10354.898046
5449383.336524,80,10356.291138
5470252.850364,67,10357.540448
5422191.77511,27,10358.0513
5437368.684855,82,10359.591974
5781063.947721,62,10360.738183
5513233.069067,70,10362.038401
6338625.487937,136,10364.704857
6087264.238983,102,10366.648661
5530856.668715,46,10367.541692
5432132.548242,85,10369.191834
5421851.316271,34,10369.847839
5420209.274127,83,10371.44828
5554704.473709,78,10372.952047
194449.249778,250,10378.022563
5633264.20936,43,10378.870302
5570219.992026,51,10379.867453
5456142.82421,51,10380.852848
5516511.010418,66,10382.14316
5689439.630744,42,10382.974634
5746958.40498,71,10384.367886
5514575.335473,30,10384.938498
5455657.683829,34,10385.612388
6055380.635933,89,10387.333318
5439777.214658,30,10387.905675
5820631.940029,57,10389.01763
5530393.679997,81,10390.588798
5583122.394216,54,10391.649767
5538263.822917,86,10393.318531
5482716.392135,84,10394.960264
5454349.270737,81,10396.557681
5450781.419419,46,10397.450828
5620499.793579,85,10399.113786
6199719.56638,88,10400.822772
5461804.512895,44,10401.680848
5720373.96911,98,10403.563523
5527424.6555,67,10404.895281
5381213.673332,79,10406.478892
5461042.412416,34,10407.142608
5506685.491134,72,10408.508363
5459531.156413,80,10410.051626
5462401.153023,86,10411.721214
5407496.507608,82,10413.28378
5465518.089543,42,10414.082075
5475400.515378,63,10415.289663
142960.486233,250,10420.179047
6144303.76166,113,10422.374346
5780176.887804,57,10423.466877
5577225.501557,102,10425.507706
5465650.999926,66,10426.812918
289116.248678,250,10431.59919
-95729.666841,14,10431.86226
5392190.556134,84,10433.508638
5473523.65359,74,10434.97977
5449488.451538,28,10435.529376
5452549.978589,55,10436.600438
5649611.446063,95,10438.428967
5441405.538285,77,10439.943661
5529877.500927,90,10441.660913
5431906.191891,38,10442.391663
5999642.681085,79,10443.925936
5462958.785055,41,10444.736582
5432646.799106,33,10445.365782
129231.288955,250,10450.268439
6852793.826774,112,10452.449515
5430440.188693,34,10453.109813
5454898.353034,49,10454.044582
5449691.348059,34,10454.702699
5419631.521739,90,10456.426331
5407980.34151,80,10457.966345
5709583.86337,89,10459.674915
5516568.011461,88,10461.355097
5457014.660901,35,10462.026161
5460496.328758,58,10463.121821
6000073.909788,80,10464.672561
5427266.64891,29,10465.238148
5448730.520347,72,10466.657313
5477614.799357,75,10468.101835
5471555.660471,35,10468.773398
5457394.516592,78,10470.241054
5473979.503536,82,10471.793104
6587042.608282,111,10473.965131
5501524.608803,36,10474.664539
5677464.834139,96,10476.529081
5546194.43416,85,10478.166684
5417358.960189,75,10479.617712
5581127.244367,96,10481.501525
5442791.921678,37,10482.222786
5526203.628996,42,10483.025942
5461656.084185,34,10483.642564
5918450.888695,109,10485.620812
5444771.992496,28,10486.169121
5517743.913231,70,10487.429249
5591271.928246,67,10488.659406
5491309.216397,69,10489.903425
5456559.790328,39,10490.596316
5451307.207186,78,10492.02071
1744028.558823,250,10496.591728
5458516.758732,39,10497.305941
5451718.720154,41,10498.04057
5495775.620337,72,10499.348579
5672905.929758,91,10501.02827
5449631.092443,76,10502.40715
5446693.499438,66,10503.638577
5944216.845256,87,10505.197428
5448021.407588,56,10506.17716
5501049.141345,42,10506.945184
5399408.483334,82,10508.470432
5593137.349585,79,10509.946861
5409087.510145,88,10511.571475
6192338.395626,107,10513.508697
5422712.372816,77,10514.944187
5435977.762132,76,10516.348963
5587505.955189,45,10517.15979
5682182.397529,70,10518.444287
5430954.166905,38,10519.128971
5438819.593898,32,10519.693533
5469049.378983,31,10520.259638
5430009.51789,80,10521.719751
137644.953071,250,10526.478249
5627484.703426,42,10527.259279
5659261.799504,81,10528.783267
5483021.307285,74,10530.144809
5437210.800173,82,10531.648021
5429780.774938,83,10533.150275
5719199.572903,100,10534.99372
5462767.754974,64,10536.152933
5477207.691591,53,10537.137946
6199372.741072,136,10539.63041
5485987.094726,40,10540.352286
5493196.589791,58,10541.405602
5463056.41031,84,10542.942508
5453505.066383,33,10543.56143
5409045.162126,85,10545.140016
5705593.438435,57,10546.171865
5556611.356182,38,10546.858642
5601894.946517,90,10548.528671
5444503.76391,79,10549.94055
5481180.553382,75,10551.30487
5533377.383669,80,10552.765803
5470612.566988,73,10554.07198
5413715.066677,86,10555.630605
5539329.170823,89,10557.244763
5481372.010769,42,10557.996555
5456247.978935,50,10558.893493
5433435.011208,85,10560.454254
5756897.733248,107,10562.370511
5392302.473675,77,10563.7183
5433798.755938,40,10564.439686
5466059.91574,87,10565.970976
5446482.564775,38,10566.642243
5637364.858884,59,10567.710178
5474725.505983,34,10568.348274
5470592.787433,79,10569.777905
5888941.166063,91,10571.455881
5659010.14744,70,10572.840192
5444106.215438,39,10573.540302
5443871.543524,36,10574.20556
5462403.473158,58,10575.30021
5556270.419546,75,10576.712986
5463178.251288,66,10577.900352
5433626.190588,31,10578.449619
6507882.761774,105,10580.356336
5521057.098648,88,10581.952522
5443852.977426,82,10583.435947
5533523.618897,53,10584.418041
5481486.568906,77,10585.868316
5452583.909793,59,10586.927647
5471372.72901,36,10587.569064
5486095.655838,68,10588.800426
5460456.286129,80,10590.210368
5497697.482205,59,10591.265701
5481459.796558,47,10592.114481
5433601.906293,92,10593.79204
5551608.475566,69,10595.064076
5667388.851054,90,10596.655341
5390379.324712,83,10598.146527
5435034.717584,25,10598.604124
5467014.716103,77,10599.991338
5471278.093921,43,10600.794367
5750562.720901,83,10602.39039
5475441.757457,44,10603.245537
5447517.856188,36,10603.968957
5457664.416123,75,10605.411862
5454387.08638,79,10606.914612
5468693.541493,80,10608.446644
5457505.263353,61,10609.610092
6026563.029063,63,10610.837906
5476470.160681,56,10611.934067
5487461.456963,90,10613.674675
5448432.913659,31,10614.275757
1033623.947894,250,10619.165251
5461031.100191,86,10620.842658
5426317.028693,80,10622.495234
5705747.210722,105,10624.552016
5474133.078861,45,10625.428048
5430228.7988,38,10626.160798
5445131.839302,83,10627.733952
5453884.926596,83,10629.381354
5543652.544476,59,10630.529732
5475923.807189,79,10632.089577
5518085.616116,88,10633.813466
5428666.569849,33,10634.471075
5481257.569899,41,10635.248928
5708120.94854,100,10637.211963
6409904.103959,90,10638.971894
5448415.254785,43,10639.804522
5478187.094631,78,10641.304585
5465926.717149,38,10642.04362
5491209.539668,75,10643.537539
5533391.192055,42,10644.364426
5437782.012881,80,10645.952389
5941697.783257,113,10648.101663
5409984.875234,80,10649.642919
5449249.140898,33,10650.290389
5484260.026959,74,10651.697027
6189065.042988,115,10653.883323
5458101.394111,53,10654.896267
5450773.702711,74,10656.332521
5514951.479479,91,10658.132638
5475566.924183,42,10658.95778
5447899.161523,61,10660.137329
5421358.817271,83,10661.72905
5591814.144524,92,10663.606516
5519542.121785,99,10665.469197
5465214.914125,76,10666.921947
5455482.017402,54,10667.93143
5605623.01724,71,10669.304631
5852891.140454,97,10671.179186
5768088.582126,90,10672.906801
5487705.420254,82,10674.509667
5942247.435051,67,10675.834789
5493889.955888,84,10677.496314
5461405.163876,81,10679.076389
5486556.659051,56,10680.171124
5446167.403062,80,10681.717365
5457181.531395,77,10683.176784
168613.933164,250,10687.948611
5426107.661686,88,10689.685282
5480735.326742,73,10691.127415
5381076.113249,76,10692.607661
424244.020209,250,10697.4607
5471142.203267,84,10699.10016
6027231.44418,112,10701.238247
5470293.057913,43,10702.013383
5824941.13056,111,10704.133221
5796834.562885,65,10705.421571
5497470.30897,56,10706.494737
5565535.281404,87,10708.111581
5473547.705174,35,10708.801906
5472474.659006,50,10709.778392
5453382.131518,83,10711.376082
5540541.656788,80,10712.939501
5439887.839589,29,10713.497764
5747145.347974,54,10714.518425
5418080.018908,75,10715.978004
5579926.368129,40,10716.763989
5434328.271029,29,10717.316507
5629056.198389,75,10718.771533
5678624.894732,50,10719.743211
5535136.968269,64,10721.014717
5562053.204955,64,10722.249989
5722045.885503,72,10723.605194
5997926.100995,62,10724.776495
5451146.670974,34,10725.396759
5521532.815513,50,10726.321303
7618602.51412,217,10730.330888
5755235.874213,96,10732.073643
5460166.768676,36,10732.734292
5728431.819779,53,10733.715914
5653421.786295,99,10735.615094
5450557.537081,38,10736.315454
5403879.215142,84,10737.869262
5441049.29712,80,10739.391605
5472447.697166,81,10740.863893
5896913.394917,69,10742.1699
5511464.838634,43,10742.94182
5465187.663469,79,10744.357902
5501266.046512,34,10744.974992
5474657.589756,40,10745.676221
5428315.025425,31,10746.2529
5509527.859742,77,10747.669857
5459627.970208,35,10748.306927
5486587.596606,46,10749.144702
5610326.874187,91,10750.814214
5504294.949058,71,10752.134509
5778573.641789,57,10753.183968
5451026.34517,80,10754.617173
5521984.978806,44,10755.434913
5386557.910728,82,10756.943
5504932.599101,85,10758.462171
5446686.688236,40,10759.202366
5436836.434985,32,10759.800857
5783315.993845,52,10760.808692
5362850.131281,79,10762.27261
6069872.024372,93,10763.991406
5556290.396175,82,10765.505301
5452949.716714,88,10767.118775
5501770.800521,78,10768.531723
5505215.90959,86,10770.136509
5424217.962643,24,10770.549094
5506841.403248,41,10771.291186
5512849.761079,68,10772.505087
5427871.349045,77,10773.852458
5505220.432831,89,10775.456758
5345152.057074,78,10776.857951
5808459.165293,89,10778.528814
5446653.068692,30,10779.069485
383306.290485,250,10783.730306
5495849.585604,55,10784.73789
5402027.369138,81,10786.185582
5380191.860363,81,10787.677396
5395538.87641,80,10789.086671
5589675.841192,85,10790.623372
5460720.78781,32,10791.212834
5410055.844746,84,10792.766793
5504883.499131,87,10794.359604
5433257.716396,92,10796.055897
5361944.116609,77,10797.466066
5397718.416614,88,10799.029875
5421745.84189,33,10799.619895
5467358.577818,60,10800.708146
5787850.409112,100,10802.525016
5463078.058253,32,10803.081673
176890.965259,250,10807.563579
5531490.617254,79,10809.053151
5615761.025606,79,10810.579287
5873932.67123,54,10811.598394
5481223.790884,85,10813.129427
6361342.221187,92,10814.739206
6798567.066373,164,10817.727106
6616281.437471,121,10819.901832
5597122.392515,95,10821.700418
5495156.715951,78,10823.139188
5469062.770462,35,10823.765312
5475036.305889,55,10824.756991
5511635.984822,78,10826.218124
6129253.173078,70,10827.484618
5447564.163881,73,10828.761388
5513757.554054,92,10830.413193
5706238.90091,97,10832.126858
5440486.275128,30,10832.662866
5479938.117779,73,10833.985555
5485398.264179,79,10835.43877
5630737.3783,51,10836.384348
5711049.068662,57,10837.407147
5463293.597358,30,10837.960188
5499915.269684,69,10839.215367
5618239.340587,84,10840.712744
5485568.984356,70,10841.982275
5535253.067008,88,10843.665174
5769945.743292,95,10845.502938
5844187.019009,101,10847.463708
5466975.373078,79,10849.000511
5464058.152899,39,10849.768549
6318023.243538,81,10851.360899
5503153.625499,46,10852.263254
5479766.082959,38,10852.998443
5685545.820514,85,10854.649686
5860570.531153,57,10855.752614
5612405.644433,75,10857.197741
5445919.389681,34,10857.879295
5738482.953705,48,10858.903927
5487763.641145,44,10859.75881
5455827.53378,73,10861.141345
5507397.92631,63,10862.392809
5443994.183711,32,10863.005411
6000170.093299,113,10865.212238
5606911.591175,44,10866.032423
5484967.561274,34,10866.688753
5453402.800671,46,10867.564604
5423681.490346,35,10868.243229
5586035.252112,71,10869.633814
5446432.884733,83,10871.25546
5465248.521212,41,10872.045273
5487242.123341,69,10873.377795
5429915.34939,94,10875.208759
5607612.254054,86,10876.866932
5743292.113745,61,10878.033279
5458553.972455,80,10879.573899
5432154.62179,32,10880.212816
5422462.610521,82,10881.80832
5520528.527516,68,10883.109935
5465177.177991,67,10884.428585
5416355.459528,26,10884.937244
5473193.128602,54,10886.034065
5444655.079655,92,10887.806405
320429.845585,250,10892.533616
6058855.331368,133,10895.072516
5462989.325143,86,10896.78384
5488675.860777,53,10897.842675
5472242.488657,65,10899.116709
6152354.418943,116,10901.365597
5555429.647914,81,10902.969231
5978913.969926,103,10904.946605
5532471.830284,86,10906.610028
6326759.536697,138,10909.358833
5439022.038229,24,10909.809631
5475047.946352,51,10910.734001
5451052.829139,74,10912.151683
5458471.505472,67,10913.444405
5450109.182454,27,10913.976284
5498030.796997,32,10914.605784
5402016.153032,84,10916.246948
5965159.530977,64,10917.470045
199817.281732,250,10922.28217
272195.896957,250,10927.113091
5910504.060552,79,10928.643245
5434612.121859,77,10930.13963
5556348.10567,42,10930.944757
5452757.252731,68,10932.248821
5465073.667033,54,10933.313475
6111062.873596,100,10935.264052
5454218.765952,36,10935.956139
5544304.897397,58,10937.061009
5587227.501955,45,10937.930496
5498502.770797,64,10939.153766
5475260.46236,69,10940.487633
6347104.867284,149,10943.358129
5498480.344221,69,10944.718483
5462751.780942,68,10946.037385
5483832.454157,61,10947.243097
5441349.095545,31,10947.863587
5385823.37414,90,10949.65319
5492547.123821,76,10951.124119
7172337.717645,140,10953.846263
5472826.989148,73,10955.236985
5412730.019324,90,10956.990504
5502638.95634,70,10958.364225
5458484.384415,43,10959.214628
5433853.886481,86,10960.880525
5433089.218689,34,10961.497295
5488674.261205,85,10963.089404
5570638.548882,90,10964.736609
5834850.35784,65,10965.911276
5447699.829054,33,10966.497762
5730303.099156,46,10967.359482
5471546.712269,75,10968.725265
5471689.04578,29,10969.243212
5799610.099559,88,10970.861021
5412185.282963,88,10972.509675
166648.406449,250,10977.094318
5392209.442331,85,10978.606622
5529287.097958,81,10980.038246
5504309.374709,47,10980.879285
5552074.435874,65,10982.060952
5476406.380213,72,10983.365499
5458342.439367,39,10984.068069
5456557.990197,79,10985.51949
5491219.494833,72,10986.849864
5501549.846049,63,10988.010492
5450277.335753,33,10988.639221
5478448.163244,57,10989.710691
5431281.959195,40,10990.467359
5440668.157708,43,10991.251837
5509609.945583,43,10992.011742
5699703.514474,55,10993.080863
5725598.118949,87,10994.670438
5496771.744722,59,10995.779663
5845176.435708,85,10997.365853
5410512.604465,82,10998.927267
6501478.579901,109,11000.884202
5664522.959496,79,11002.325852
5487791.806709,67,11003.509573
5433311.650332,28,11004.043597
5525050.137941,63,11005.166408
5472163.069828,45,11005.998388
5501127.528417,39,11006.675431
691603.049308,250,11011.296705
5484052.770592,80,11012.818483
6302479.392617,104,11014.733249
5434387.916822,87,11016.296126
5511897.397464,84,11017.839134
5463494.106098,67,11019.032292
5415266.772958,78,11020.441192
5437316.042649,35,11021.082202
5581643.249373,84,11022.645291
5476443.067228,70,11023.891925
5436884.042519,77,11025.323814
5393895.325599,80,11026.742559
5481403.769101,28,11027.243541
5451580.19962,38,11027.948245
5481053.340163,42,11028.736254
5840802.82087,73,11030.046255
5463067.682974,40,11030.80265
1725064.586998,250,11035.324952
5391388.612004,80,11036.798238
5741547.078154,48,11037.686678
5770098.098043,65,11038.858828
5557845.336814,80,11040.294867
5445511.443985,30,11040.847796
5484206.685817,62,11041.95258
5824980.871479,59,11042.994153
5550983.612975,81,11044.456942
-95562.056886,23,11044.850852
92519.631542,250,11049.503603
5512887.298183,37,11050.16666
5470743.992795,78,11051.617714
5389212.13097,86,11053.154612
5492296.769549,87,11054.703191
5426119.461492,82,11056.242991
6088760.603401,68,11057.474681
5862318.453657,82,11058.945827
5488110.033443,75,11060.314871
5464130.862206,29,11060.878411
5473528.360045,50,11061.813162
5434572.627661,75,11063.20928
5490964.15716,84,11064.721796
5523464.055809,77,11066.137388
5508439.624987,46,11066.972451
5631360.771991,70,11068.235021
6015518.348608,113,11070.238852
5983272.455496,112,11072.24361
5472548.812916,71,11073.542701
-78662.724963,90,11075.163866
5839411.159454,97,11076.950506
5455605.426849,87,11078.562321
5908333.755446,62,11079.713324
5503908.153018,39,11080.425906
5651501.521801,97,11082.228022
5488947.357588,76,11083.707581
5767473.686299,58,11084.854901
5437210.619742,91,11086.641001
5535519.058658,77,11088.126708
5530543.326603,43,11088.949379
5500737.026833,81,11090.54441
5773924.474516,57,11091.676281
5913162.717733,75,11093.147852
5488822.764748,39,11093.913183
5749645.69012,98,11096.016525
209393.188884,250,11100.887844
5491124.208753,48,11101.808294
5503706.055272,82,11103.351909
5587410.018475,78,11104.84183
5454051.036729,31,11105.457978
5422434.604675,30,11106.026072
5813611.760446,99,11107.890717
5609431.591044,89,11109.593405
5540219.658796,82,11111.179711
5448168.595917,79,11112.643982
5428859.817393,74,11114.013632
5692937.415049,93,11115.736876
6113370.223128,87,11117.375943
5470718.001653,45,11118.187682
5498491.826673,81,11119.748425
5431078.813542,28,11120.286705
6474119.939693,105,11122.352642
5521886.163115,83,11123.984362
5431853.509451,30,11124.574564
5456829.712208,35,11125.257474
5444820.27922,78,11126.746691
5395818.626673,81,11128.298015
5739269.797978,90,11129.996931
5926042.170966,108,11132.082185
5501071.727193,55,11133.128046
5537589.86511,60,11134.30835
5589343.286319,41,11135.117297
5557348.593451,60,11136.304159
5486944.428425,71,11137.66963
5566097.215402,76,11139.200603
5751715.688464,91,11141.063457
5449512.759326,75,11142.503168
5488295.121927,53,11143.549065
5588410.632917,68,11144.87038
5463111.19761,72,11146.236309
5385686.186313,75,11147.691743
5494057.709174,54,11148.696059
5548904.366617,45,11149.519767
5497897.549314,83,11151.097063
5475923.522508,71,11152.490531
190781.233499,250,11157.328387
5603371.370365,78,11158.823588
5459644.458022,31,11186.759353
123215.665151,250,11191.587901
5432701.508223,75,11193.028981
5429369.360815,32,11193.665644
5428183.513402,27,11194.196897
5466334.355275,31,11194.804851
5470017.007488,89,11196.569297
5468524.924139,78,11198.102146
5490970.440998,71,11199.462012
5583063.382087,88,11201.081947
5806051.561213,82,11202.552484
5515096.09079,80,11203.98196
5401375.984175,79,11205.469284
5395995.13288,82,11206.94466
5412286.185606,86,11208.534682
5521900.996838,42,11209.36761
5484395.113491,29,11209.926042
5481099.603624,73,11211.249859
5593490.505025,42,11212.008157
5524475.704566,43,11212.792461
5515394.820559,91,11214.498015
5471899.556064,68,11215.699133
5469457.150345,87,11217.302064
5668684.828622,106,11219.222662
5577141.892672,88,11220.821517
5457120.740917,78,11222.241237
5429917.790233,86,11223.801413
6487807.086056,135,11226.19223
5474126.167958,54,11227.134349
5476916.674899,80,11228.585428
6554869.729111,125,11230.814872
5450643.892192,77,11232.158598
5471652.755958,63,11233.296111
5516195.462725,82,11234.773803
5451790.424493,81,11236.296441
5494588.981197,81,11237.780279
5477167.14534,82,11239.281302
5415347.779677,80,11240.743829
5469188.962424,80,11242.233362
5452300.690935,39,11242.915493
5732060.803313,81,11244.369806
5475046.272175,80,11245.821017
5408818.711556,83,11247.319546
5540075.908891,79,11248.752472
5498006.928226,83,11250.28616
5440941.040836,75,11251.64459
5463607.395604,40,11252.381496
5434554.330646,37,11253.059579
5567459.94435,40,11253.79906
5536254.1589,84,11255.401511
5638695.67301,64,11256.624522
5427467.083862,75,11258.026839
5464381.120681,70,11259.341097
5400285.54369,87,11260.919638
5493374.865815,79,11262.389405
5476480.61438,39,11263.107703
5784439.999011,92,11264.751058
5463292.146504,63,11265.93994
5463849.625006,43,11266.742354
5488441.112981,52,11267.702851
5681618.654423,98,11269.486955
5480647.057329,81,11270.992358
5460127.144065,39,11271.697697
5619622.532795,95,11273.418133
5632763.163354,89,11275.033344
5454368.579993,79,11276.450761
5492274.018071,72,11277.781893
5461008.793495,41,11278.526325
5560537.477941,47,11279.365798
5541333.654104,55,11280.386183
5640206.878869,72,11281.652506
5786639.030166,103,11283.540262
6094558.535787,74,11284.827944
5469730.449123,38,11285.517113
5474103.175002,38,11286.192787
5499490.208708,41,11286.963251
5586027.011086,80,11288.379324
5434610.603455,35,11288.996365
5581260.368934,92,11290.673773
5428747.619207,88,11292.283306
5504017.778479,78,11293.740242
7485314.528282,207,11297.515385
5438038.981054,32,11298.085282
5797727.85955,93,11299.766392
5458143.112376,77,11301.192052
5436025.280618,87,11302.800752
5546423.636897,71,11304.063619
5644894.761132,74,11305.440113
5514824.407,42,11306.305746
5463747.826866,71,11307.652798
359239.486785,250,11312.211349
5525861.122337,80,11313.603005
5454395.778542,40,11314.347111
5999005.358623,119,11316.455149
6015413.416431,122,11318.68256
5454598.914785,27,11319.165496
5449212.011413,32,11319.74358
5341420.103249,91,11321.362305
5444733.476706,42,11322.169281
5401861.160665,82,11323.757769
5627416.576155,41,11324.543338
5449715.080315,34,11325.198165
5414670.237733,91,11326.994772
-93469.220468,33,11327.646034
5443188.705825,37,11328.364182
5467550.091953,60,11329.49806
5573600.083795,50,11330.479799
5453569.208614,62,11331.677552
5470534.429549,59,11332.801614
5535695.968413,44,11333.665436
5856458.924366,52,11334.689669
5881942.630304,97,11336.590047
5530470.06018,82,11338.19432
5471964.570094,65,11339.480141
5603025.131337,47,11340.409979
5544423.614935,41,11341.217847
5452436.652212,83,11342.832641
5719265.573858,73,11344.251281
5425371.654447,28,11344.782928
5359930.750987,81,11346.359762
5636558.326889,77,11347.877742
5474021.976641,68,11349.179551
5534543.801378,70,11350.534158
5481201.282498,79,11352.122964
5438020.139947,73,11353.633785
5583811.770324,45,11354.517636
5680303.694517,74,11355.990442
5460042.468336,85,11357.667563
5452130.462021,35,11358.367458
5405656.767108,75,11359.790324
5507432.213752,78,11361.32337
5490491.820527,63,11362.487811
5408346.87794,86,11364.134584
5461229.401145,42,11364.933092
5483298.449037,82,11366.536743
5468206.296719,38,11367.299008
5485744.56343,51,11368.281467
5451606.117892,37,11368.988051
5498520.769044,35,11369.641491
5432574.145653,88,11371.342475
5514410.580214,82,11372.947917
5501697.761831,66,11374.225792
5479192.646592,74,11375.672489
5464202.892614,80,11377.209327
5412595.142108,79,11378.743746
5451350.521734,72,11380.114569
5489231.649619,42,11380.932336
5453732.619206,36,11381.64401
5492787.573256,86,11383.326585
5505903.100016,69,11384.672508
5922387.450118,111,11386.846143
5435176.781719,35,11387.521233
5407028.312943,78,11389.064814
5457417.357681,63,11390.276198
5424252.482966,36,11390.979797
5499531.00819,57,11392.073899
5859097.564518,56,11393.158213
5499681.715302,57,11394.276904
315351.867504,250,11398.995233
5899558.368433,116,11401.203085
5512100.65988,82,11402.847437
5787253.111407,67,11404.155834
5546464.62057,88,11405.833736
5469408.745816,40,11406.586527
5474660.600995,40,11407.362794
5505097.759407,44,11408.221332
5462149.374146,61,11409.388215
5529402.986935,82,11410.905131
5442753.376682,55,11411.964926
5458849.596782,70,11413.345978
5475154.782488,31,11413.957293
5691083.166891,59,11415.126991
6514559.473992,147,11417.980539
5478173.777438,30,11418.554878
5438011.623555,31,11419.147098
5436519.241765,28,11419.691584
5481733.391344,56,11420.784925
5470463.30136,81,11422.34221
5712924.215808,98,11424.205797
134035.150017,250,11428.994392
5482971.562807,86,11430.674588
5530578.649796,35,11431.376651
5695352.491992,92,11433.161409
5421859.11667,86,11434.769917
5457631.442219,78,11436.291775
5383018.984525,85,11437.93949
5494270.465011,60,11439.093333
5684953.075212,48,11439.987634
5818369.873984,103,11441.951028
5423449.181219,32,11442.513672
5582673.298389,80,11443.955372
5352152.898422,94,11445.663303
5449511.713449,37,11446.35252
5464461.844011,33,11446.980283
5489775.790276,70,11448.339756
5443606.81137,34,11448.958238
5658207.337325,64,11450.082159
5490233.707513,78,11451.48073
6169868.8947,73,11452.747847
5447081.260964,35,11453.375767
5444848.673548,47,11454.198012
381755.422658,250,11458.589776
5544508.563321,102,11460.442106
5538622.757003,37,11461.092432
5473171.035702,31,11461.64682
5473246.633155,36,11462.28595
5974319.89173,118,11464.43968
5463305.152776,29,11464.957692
5494725.10285,88,11466.54036
5438822.451276,35,11467.157663
5954642.762138,59,11468.193471
5481961.129026,70,11469.43131
5632056.412254,84,11470.924836
5425179.296806,29,11471.444891
5422486.426428,85,11472.978429
5442368.395419,40,11473.732469
5560711.983796,57,11474.770951
5469018.44587,79,11476.178582
5426548.911345,30,11476.710608
6042903.827411,64,11477.852601
5391572.370614,82,11479.349957
5720201.410077,93,11481.18483
5701821.88162,96,11482.997153
5574492.716215,41,11483.793583
5469220.533127,57,11484.848487
6083685.277939,72,11486.19022
5450623.512027,37,11486.846303
5824592.669454,54,11487.835191
6139026.969153,110,11489.809704
5450349.307664,29,11490.305383
5507191.664609,89,11491.932817
5504873.249262,91,11493.575082
5476970.904734,80,11495.023997
5473775.491646,83,11496.535984
5616352.406549,62,11497.748145
5479396.977433,92,11499.418418
5850839.645459,82,11500.888037
5450482.718921,81,11502.339958
5750585.821183,64,11503.441712
5480850.842388,41,11504.163918
5684766.501185,93,11505.816064
5915282.91833,63,11506.955862
5653382.520774,87,11508.490616
5725069.561458,81,11509.936002
5483092.451209,70,11511.195086
6065041.728801,72,11512.473773
5456242.76899,28,11512.964071
5410047.709381,84,11514.47337
5479373.293661,56,11515.466946
5499961.71563,68,11516.683477
5370838.059821,84,11518.165679
6440698.843553,94,11519.888322
5495787.391692,72,11521.183681
5471819.682816,53,11522.119374
5557787.81435,87,11523.689084
5868872.150356,59,11524.728685
6007273.717201,119,11526.867095
5461394.415767,61,11527.971125
5457553.062636,47,11528.803063
5432337.548949,37,11529.485245
5449012.725548,42,11530.249865
5454468.333647,32,11530.800498
5616835.673839,64,11531.974192
5463214.709597,59,11533.046625
5440701.774806,61,11534.163689
5447545.772869,28,11534.67041
5788560.793561,87,11536.214617
5404056.88625,82,11537.682109
5531839.58383,37,11538.333356
5452608.551875,63,11539.457804
5451787.446859,87,11541.05247
5444612.789883,28,11541.537427
5447302.730326,38,11542.222014
5707032.825472,49,11543.136392
147885.333046,250,11547.940992
5967686.683015,116,11549.994947
5862537.115848,61,11551.042372
5442103.584227,87,11552.583344
5438565.432613,91,11554.201349
5399759.293206,88,11555.759111
5430757.31788,88,11557.364145
5541035.678872,93,11559.025439
5742674.214747,106,11560.938319
5473616.2525,34,11561.580907
5541455.391391,93,11563.379603
5830757.962324,86,11565.099366
6247745.926701,123,11567.499364
5739583.453884,43,11568.348846
5394618.817836,83,11569.971529
5620300.111373,91,11571.736767
5445780.33411,48,11572.691972
5430236.976745,89,11574.457588
5464611.393508,64,11575.717948
5620712.911148,78,11577.290925
5447141.456177,33,11577.92452
5692827.954385,45,11578.817331
203594.386316,250,11583.721675
5381494.453814,87,11585.413249
5499872.704342,64,11586.662181
5534793.565829,75,11588.117928
5474776.818618,63,11589.373226
5391621.223497,86,11591.057097
5950292.237283,68,11592.391379
5580847.537964,35,11593.092578
5478996.325826,31,11593.715333
5923139.737327,56,11594.891142
5443247.647877,81,11596.603837
5567940.598078,72,11598.005053
5444591.707775,32,11598.647879
5473944.044925,66,11599.945808
5477235.015173,43,11600.785005
5475242.770404,53,11601.840683
5484428.416243,72,11603.248477
5467438.741615,80,11604.794169
5824697.329987,111,11606.987023
5652425.930438,42,11607.774346
5463394.069597,92,11609.56249
5502866.514101,56,11610.646459
5471759.137605,78,11612.157374
5450184.362142,85,11613.821768
5488513.624365,58,11614.959248
5908086.202911,219,11619.269387
5591807.015165,96,11621.25177
5451882.602701,29,11621.829783
5441317.565683,86,11623.476671
5476695.408178,47,11624.402447
5711136.416161,49,11625.348288
138375.222497,250,11630.049006
5421672.125757,28,11630.580416
5423915.840263,74,11631.968538
5843668.286467,106,11633.996031
5457520.264825,35,11634.64946
5500633.53293,36,11635.329984
5469692.564801,59,11636.432464
5444673.831079,97,11638.325397
5458174.951351,80,11639.792895
5611034.63027,80,11641.334234
5502799.226647,75,11642.803642
5448019.038054,43,11643.59407
5493980.840222,45,11644.459655
5435398.429417,39,11645.223472
5430502.429928,31,11645.799511
5456688.457708,27,11646.326819
5602183.579281,74,11647.700277
5778343.692325,91,11649.468994
5461893.855936,38,11650.210655
6283969.273409,76,11651.640214
5563556.922325,72,11653.080929
5482783.328391,80,11654.667812
5441638.370289,80,11656.180946
5595134.106294,71,11657.55733
5479588.907241,53,11658.555913
5532382.064223,43,11659.387289
5436440.381915,28,11659.942293
5445669.177198,79,11661.475857
5494937.297137,90,11663.261006
5848760.044977,112,11665.461858
6240485.276782,125,11667.801391
5437043.756681,83,11669.402747
5527821.583021,54,11670.443021
5458114.414807,29,11671.025848
5429992.360939,95,11672.888855
5474109.248319,40,11673.668694
5481682.325524,29,11674.241599
5491806.011277,50,11675.227134
5467153.832898,70,11676.586773
5454610.754702,36,11677.293447
5514686.492584,84,11678.895935
5400345.343502,76,11680.376569
393499.808381,250,11685.026409
5468850.132847,82,11686.637892
5473303.349361,50,11687.560788
5453551.318421,83,11689.077188
5482515.595868,72,11690.376561
5472881.508736,73,11691.6854
5561101.674629,72,11692.98727
6105979.240306,122,11695.203053
5535151.164523,35,11695.832657
5503953.929748,83,11697.352172
6193206.793576,67,11698.584705
5405327.608351,84,11700.092818
5659276.137932,59,11701.167649
5488187.609159,76,11702.518658
5663383.814873,52,11703.477831
5556241.97434,79,11704.924616
5632744.882615,77,11706.299303
5456731.900731,83,11707.773926
5459747.217078,85,11709.329619
5498640.986766,55,11710.349176
5552923.142209,42,11711.130066
5989247.215097,71,11712.419756
5441849.79818,30,11712.970536
5401138.624632,87,11714.506244
6159246.215757,98,11716.237148
5428883.085735,43,11716.997153
5448326.997977,30,11717.525051
5439973.111347,88,11719.088227
5629661.354791,43,11719.852921
5482987.313413,41,11720.580414
5810365.392605,99,11722.313735
5476878.486416,61,11723.421743
5508111.30729,54,11724.39455
5390995.079025,80,11725.837516
5416344.942126,88,11727.445317
5549303.984262,71,11728.73629
5686619.578971,52,11729.66461
5457533.462858,40,11730.371977
5422790.139826,80,11731.787879
5463312.881766,41,11732.500111
6179750.499889,134,11734.90708
5842941.069183,112,11736.919778
5638124.116209,41,11737.654541
5505306.501163,78,11739.01967
73741.972572,250,11743.744454
6063643.327259,92,11745.44023
5503128.320194,61,11746.534945
5407546.466022,74,11747.870966
-116617.217357,44,11748.669143
5375396.037638,97,11750.377834
296416.571132,250,11754.887612
5564713.84053,90,11756.524616
5615855.535212,42,11757.293715
5472161.171329,63,11758.463869
6091370.461403,122,11760.606164
5788153.866969,113,11762.626755
5478743.472713,29,11763.133257
5553923.572147,76,11764.466473
5472920.103601,33,11765.05171
5476666.275362,30,11765.598399
5469745.048474,69,11766.84345
5535777.723226,86,11768.369828
5461335.233783,38,11769.049515
5458474.982701,50,11769.943296
5543688.354114,95,11771.648043
5436052.503063,87,11773.183285
5464868.984605,92,11774.927292
5456889.224266,98,11776.690168
5483353.640186,50,11777.614494
5481441.981323,40,11778.37674
5510396.898847,82,11779.828171
5459883.198357,59,11780.870709
5470514.72019,88,11782.516003
5507132.830603,57,11783.549296
5473521.797613,75,11784.881604
5442824.260438,39,11785.627302
5499518.154788,76,11787.029396
5445327.286665,29,11787.544914
5470032.689968,34,11788.156425
5467317.502872,78,11789.543953
5407413.40547,86,11791.159526
297758.85173,250,11795.744129
5476522.833128,83,11797.243861
5832196.140661,114,11799.250524
6033596.302441,91,11800.871014
5492142.707167,75,11802.291196
5421155.24863,31,11802.89769
5467591.335543,85,11804.568823
5458689.812642,70,11805.96584
5501852.016936,59,11807.07189
5522875.956595,42,11807.892104
5471479.39303,31,11808.494765
6026697.91107,72,11809.906334
5484321.448374,71,11811.309304
5445899.951804,89,11813.065938
5444147.31626,28,11813.619724
5518702.794223,81,11815.230765
5437110.107138,83,11816.869802
5508676.972664,59,11818.020095
5493378.782249,70,11819.363405
5708749.501617,69,11820.698713
5493789.94059,36,11821.39962
5451969.266913,75,11822.870547
5482753.109652,77,11824.342239
5455810.163265,84,11826.001187
5437597.579513,36,11826.713145
5552232.392261,85,11828.397485
5410121.344097,88,11830.107332
5851335.287654,66,11831.408303
5857590.718222,103,11833.543917
5526765.469375,76,11835.053327
5527238.51524,66,11836.336561
5450322.771663,83,11837.974437
6131021.539672,105,11840.038468
5460579.955396,49,11840.970078
5468164.820442,74,11842.439053
6029896.505675,88,11844.178574
5574310.322583,69,11845.566746
5441158.448201,80,11847.099393
5838297.845558,87,11848.760446
5472217.811403,42,11849.594226
5499306.56398,60,11850.742033
5452550.329766,74,11852.146238
5474578.895165,60,11853.290933
5420463.443694,78,11854.73429
5868630.21949,85,11856.397534
5433868.945303,31,11857.012854
5417725.909068,88,11858.732368
5557486.288698,83,11860.356778
5826818.964976,90,11862.10569
5484658.79063,72,11863.481102
5493793.114228,81,11865.047517
6114051.213067,119,11867.348038
5391821.613157,82,11868.918341
5565152.254613,47,11869.792213
5586190.532197,46,11870.676788
5432075.790341,87,11872.364087
5450191.659199,91,11874.162233
5413031.713019,87,11875.789746
5753562.876748,51,11876.788292
5520792.024027,95,11878.625299
5441403.409194,71,11879.969055
5730338.676966,83,11881.620663
5478035.246268,59,11882.739104
5411572.566112,83,11884.321797
5407814.16402,82,11885.890148
5507667.484294,81,11887.423787
5897415.417283,61,11888.627134
5440221.175718,59,11889.714708
5407193.5349,84,11891.325231
5392844.051429,87,11892.985775
5434758.623612,31,11893.537791
5644208.74992,49,11894.469286
5433191.482907,82,11896.040643
5458836.438913,87,11897.687061
5630249.641734,92,11899.443632
5379932.28984,76,11900.897299
5532945.534335,40,11901.68859
5450150.971322,84,11903.32562
199622.98239,250,11908.007196
5483869.195021,64,11909.249483
5673725.087986,95,11911.079112
6343113.921665,80,11912.627848
5455641.242305,49,11913.559903
5569001.705317,38,11914.273045
5444146.768614,73,11915.689625
5388642.862587,91,11917.400935
5467185.737248,58,11918.490006
5430165.135918,84,11920.125195
5441102.998091,79,11921.640625
6952391.475622,118,11923.770481
5535220.342096,34,11924.392043
5547844.780429,44,11925.155968
5813068.660252,93,11926.819633
6023073.679796,63,11927.91463
5461187.974635,88,11929.508565
5497806.865237,70,11930.882647
5490763.193124,52,11931.845703
5486670.773842,79,11933.294339
5554124.440867,78,11934.658958
5485924.3196,30,11935.179016
5481825.824553,89,11936.772827
5419681.764855,80,11938.203914
5480656.998459,65,11939.338382
5400602.427062,80,11940.794535
5451301.144045,26,11941.263831
5501386.75026,77,11942.616887
5610232.613745,40,11943.325363
5488632.162343,55,11944.280243
5443978.672036,80,11945.780087
5525930.261709,67,11946.991873
5484064.921789,87,11948.546636
5442904.677584,29,11949.073134
5432953.039857,34,11949.707941
5492834.493343,51,11950.670435
5437839.829599,34,11951.298087
5418532.981349,78,11952.683341
5468039.078948,85,11954.16917
5494881.355634,59,11955.209855
5620419.453487,82,11956.655866
5461841.346139,79,11958.019686
5500109.311991,45,11958.81857
5599902.70896,86,11960.356332
5476135.643468,78,11961.740119
5556242.586958,54,11962.724438
5618505.330043,102,11964.542542
224118.885226,250,11969.048649
287077.085046,250,11973.656491
5607278.501081,78,11975.070295
5472689.5146,56,11976.048156
5468013.299432,83,11977.555309
5484709.503332,75,11978.905968
5450339.643677,86,11980.411851
5537254.540564,68,11981.630497
5446412.249624,40,11982.331015
5480139.294886,90,11983.947678
5497953.327975,44,11984.700299
5475724.533989,35,11985.31605
5467427.220455,51,11986.217544
6194868.16949,121,11988.356575
5456387.134559,36,11989.007151
5486992.516197,42,11989.757945
5628334.514651,77,11991.125117
6019828.031734,83,11992.656871
5450562.128165,35,11993.27874
5480212.270108,35,11993.883151
5474762.975164,77,11995.240876
5522958.484915,84,11996.710067
5382953.337082,86,11998.232167
5490402.084055,57,11999.243949
111651.615866,250,12003.709825
5670213.442055,62,12004.936347
5499763.62971,71,12006.25087
5822933.803779,74,12007.572178
5878583.640481,57,12008.587804
5475311.581914,71,12009.840078
5453748.580308,34,12010.437534
5422107.673587,82,12011.939702
5916848.509283,102,12013.732211
5459320.848901,40,12014.44395
5821322.778298,78,12015.821893
5867632.391363,52,12016.735375
5491878.131683,29,12017.231816
5461230.056346,37,12017.951869
5586962.562719,63,12019.092335
5442961.555453,32,12019.671666
5425722.79071,32,12020.259475
5456200.289481,36,12020.916369
5510542.223529,55,12021.903394
5438188.298684,33,12022.50963
5469631.193375,62,12023.622541
5605069.12961,94,12025.300571
5430769.024135,84,12026.837531
5447191.058555,80,12028.258436
5476315.84358,87,12029.810784
6131747.383715,101,12031.610182
5463823.046141,48,12032.462368
5466177.026422,58,12033.499578
5796357.020418,94,12035.212461
5415567.437038,86,12036.771122
5473115.469665,44,12037.569119
5467243.25726,39,12038.247583
5616686.05787,100,12040.067317
5473125.936005,79,12041.481161
5480472.940899,51,12042.458254
5679250.084608,85,12044.099015
5439279.125638,36,12044.789272
5450916.315714,85,12046.455007
68143.105289,250,12051.327638
5660681.588684,51,12052.323156
5561882.070873,31,12052.936137
5465874.006357,67,12054.264233
5454223.114647,61,12055.410038
5494374.979029,66,12056.685468
5759775.549811,89,12058.383421
5481308.379282,79,12059.901354
5568408.160704,44,12060.765459
5460112.477177,31,12061.363794
5481326.024244,47,12062.276691
5623987.902159,69,12063.622774
5578928.976615,80,12065.191334
5449291.593208,82,12066.763503
5406551.963437,83,12068.391441
5733810.336825,56,12069.466183
5449080.902619,32,12070.09592
5466695.982404,35,12070.775903
5946334.566792,115,12073.000378
5517704.736692,79,12074.519694
5490277.514685,73,12075.956197
6077215.834499,133,12078.581351
6011929.440513,88,12080.317447
58590.871413,250,12085.278662
5504663.299144,79,12086.812328
5491735.648363,74,12088.245674
5474267.863493,41,12089.042814
5488150.077117,40,12089.795134
5468291.776626,28,12090.340502
5816482.549789,55,12091.408082
5448789.486031,35,12092.070124
5429141.517117,35,12092.740291
285703.223049,250,12097.611107
5417069.302265,83,12099.248914
5446516.80491,88,12100.93839
5500836.422216,40,12101.73225
5475449.505017,48,12102.665234
5480879.189761,69,12104.024237
5981573.593589,112,12106.204627
5610054.530409,186,12109.886053
5545025.287535,82,12111.429754
5475753.78966,83,12113.026933
5610647.111441,88,12114.739378
6284963.114855,86,12116.430484
5380563.750498,83,12118.095769
5442726.46024,40,12118.895923
6023169.192081,82,12120.465333
5450352.066553,45,12121.352927
122393.221934,250,12155.062314
5448374.223164,31,12155.660916
5776547.984369,53,12156.675516
5467338.687938,80,12158.247307
5515196.144562,78,12159.81201
5441555.52173,30,12160.392376
5455914.836058,37,12161.109237
5432210.661963,34,12161.748613
5372349.574323,71,12163.014657
5435833.504038,83,12164.495878
5439748.295284,34,12165.103137
5539380.133186,58,12166.135056
5425026.488063,85,12167.624493
5473642.579425,69,12168.838687
5482967.710353,72,12170.093375
6050031.110805,67,12171.281801
5426643.160539,86,12172.793738
5451340.698866,30,12173.330199
5474001.355613,38,12173.995126
5422184.300338,86,12175.540118
5497512.362254,58,12176.573236
5422086.546456,31,12177.132989
5470689.039755,58,12178.152882
5462992.146061,58,12179.176723
5489682.912489,40,12179.920645
5525248.867603,64,12181.070751
5492550.716485,76,12182.433892
5682149.68246,97,12184.139403
5507828.040357,85,12185.664932
5756478.239183,101,12187.436537
5425295.372626,27,12187.919773
5503893.361564,68,12189.097881
5484034.433177,59,12190.174832
5483405.817788,65,12191.351179
5487652.386979,55,12192.432637
5449015.172937,46,12193.317556
5430263.544201,73,12194.671764
5632985.154171,88,12196.216961
5512179.020497,36,12196.848199
5493240.328823,42,12197.609688
5457787.512843,28,12198.095074
5437698.334963,89,12199.738412
5864477.872678,93,12201.398774
6146350.475316,128,12203.667043
5443372.665998,37,12204.337161
5442624.224497,81,12205.810515
5688591.624261,106,12207.763368
5472998.956711,79,12209.249827
5514719.368177,56,12210.237939
5395565.399,87,12211.836035
5369908.91214,98,12213.587708
5471895.089094,40,12214.295901
5434289.512346,97,12215.998204
5563071.47909,82,12217.448731
5368385.691622,82,12218.915582
5522358.754405,96,12220.614707
5801981.212109,54,12221.589765
5409760.535843,83,12223.063104
5448118.465337,84,12224.575155
5431911.508653,31,12225.115543
5564587.242232,93,12226.799177
5483921.784296,82,12228.310113
5444056.508986,75,12229.666545
6042568.154333,69,12230.884047
5428205.661206,84,12232.391631
5611653.212186,49,12233.346341
82457.56303,250,12237.911305
5456519.874592,89,12239.502596
5444664.056466,89,12241.067949
5388222.990348,84,12242.58079
139356.159656,250,12247.064772
5449234.28119,28,12247.573678
5439877.560701,54,12248.54557
5608024.35118,40,12249.257107
5553039.690075,76,12250.622408
244295.985848,250,12255.080049
5444868.358693,87,12256.605163
5446903.80684,87,12258.164019
5494778.305705,39,12258.86039
5413520.83895,81,12260.276603
5455141.628786,28,12260.77196
5504958.423522,78,12262.172423
5467027.898369,34,12262.780356
5565010.636348,37,12263.449641
5494312.024313,66,12264.617923
5493834.293193,87,12266.19746
5461240.76255,40,12266.918005
5471320.944915,59,12267.981033
5545052.373004,45,12268.762007
5466588.398285,42,12269.513143
5471990.736057,54,12270.450792
5402407.804506,84,12271.9597
5501373.64808,39,12272.696235
5469651.07406,39,12273.385949
5777552.583668,110,12275.329165
5417073.63155,86,12276.889105
5455110.134206,82,12278.445602
5440722.067933,62,12279.580686
5476957.171408,53,12280.512683
5485583.097078,50,12281.43911
5497242.460312,68,12282.840272
5482798.622168,76,12284.329977
5478763.609004,84,12285.934488
5441878.898851,79,12287.442435
5575782.332644,89,12289.164357
5721016.019788,52,12290.186482
5585406.582611,40,12290.950411
5399865.876293,90,12292.749577
5485089.450817,69,12294.128838
5467269.041866,83,12295.768885
5534725.468521,87,12297.468817
5559860.911788,63,12298.694613
5667790.203,90,12300.439122
5818386.645782,57,12301.519873
5403669.431982,77,12303.039148
5447075.30682,87,12304.755592
5462358.252238,38,12305.517626
5515317.544327,40,12306.310816
6027911.192683,97,12308.245889
5434936.136347,35,12308.935657
5465800.410205,38,12309.685226
5467686.123892,45,12310.574811
5498581.690203,88,12312.327958
5449851.590646,35,12313.014177
5396532.653967,85,12314.678926
5553197.690823,55,12315.766582
5439954.712021,33,12316.406487
5447542.836934,31,12317.005973
5456613.354721,37,12317.716801
5448108.247238,81,12319.260581
5709983.209883,47,12320.169307
5494491.919203,61,12321.372604
5659075.774144,66,12322.677353
5448966.822749,40,12323.461303
5424668.935116,32,12324.098933
5648207.477226,166,12327.389045
5826716.776287,55,12328.441053
5771786.331181,96,12330.32111
5385212.333567,77,12331.795592
5493329.27731,56,12332.885894
5464667.796784,39,12333.649299
5445236.541108,76,12335.117574
5382561.189948,82,12336.85123
5478166.607023,70,12338.25285
5507412.130392,36,12339.046392
5503474.254529,113,12341.295485
61376.994688,250,12346.176907
5386291.670619,93,12347.982319
5470653.931404,63,12349.200599
5434056.596234,90,12350.939091
5763640.73908,51,12351.967787
5479891.874042,39,12352.735286
6218774.397773,91,12354.495745
5385368.25882,82,12356.079567
5878074.684641,92,12357.893148
5547959.962933,54,12358.929842
5454724.310932,81,12360.497488
5492513.420986,63,12361.705978
-179704.701226,17,12362.010282
5921473.349062,93,12363.858718
5443817.248309,37,12364.540274
5459166.825629,37,12365.233555
5435736.323957,34,12365.900292
5487997.115045,72,12367.261335
5692340.632797,66,12368.544462
5539977.349219,78,12370.103503
5553388.751972,76,12371.615304
5511213.897674,73,12373.029523
5507826.628211,45,12373.906993
547846.464097,250,12378.814092
5429607.195042,78,12380.335474
5788520.72749,97,12382.232993
5559265.782726,83,12383.860413
5485473.608542,70,12385.233681
5506491.05194,68,12386.584769
5337870.154923,79,12388.093297
5533996.778202,92,12389.805375
5397128.531057,91,12391.502704
5852120.672678,81,12393.072894
5753585.451939,102,12395.049019
5444246.300199,46,12395.954395
5505441.425354,66,12397.256982
5456272.9865,69,12398.583984
6430544.21985,146,12401.428824
5510521.239685,81,12402.870102
141015.17988,250,12407.386445
5473577.397435,69,12408.630029
5526574.372804,39,12409.339017
5452294.606364,27,12409.840485
5473264.08193,38,12410.531683
5462411.807424,34,12411.139881
5489623.541794,59,12412.213121
5492406.318406,42,12412.986482
5492509.323044,36,12413.634111
5395852.418888,79,12415.03064
5496043.834389,76,12416.429711
5597982.393396,82,12417.930829
6005141.046923,53,12418.893039
5617832.205335,94,12420.547201
5437259.833328,77,12421.904912
5517304.230112,38,12422.608202
5538482.783692,76,12424.100388
5578461.849554,39,12424.7908
5487157.15263,63,12425.902768
5405773.752263,82,12427.384963
5609441.043663,88,12428.975035
5416849.412823,90,12430.589392
5475988.234313,72,12431.867008
5443532.67398,47,12432.714553
5435562.702055,72,12434.01793
5847167.956141,102,12435.879572
5492074.528555,78,12437.255626
5809040.40969,70,12438.522174
5509768.44818,60,12439.57651
5643677.034652,86,12441.140788
5478501.026726,36,12441.808259
5440179.42561,73,12443.121161
5818455.248917,96,12444.884674
5842081.398052,51,12445.813
5572118.243492,62,12446.940159
5484352.767451,50,12447.831327
5600575.596616,71,12449.096748
5412043.538349,89,12450.658661
5449924.107627,88,12452.273751
5471156.501667,76,12453.610582
5494010.500318,51,12454.505239
5741173.903675,90,12456.131457
5472659.22444,71,12457.440544
5485571.857031,81,12458.884302
5746689.228539,49,12459.766782
133325.270551,250,12464.269935
5457973.414685,91,12465.886332
5483668.360501,38,12466.563759
5484395.945719,82,12468.029224
5773215.976709,99,12469.821367
5442153.774722,27,12470.327439
84466.087182,250,12475.041329
5544174.576432,80,12476.520937
5443960.977065,79,12477.949398
5886455.592448,97,12479.652986
5467013.112752,53,12480.60036
5699092.382423,60,12481.680071
5476526.054423,55,12482.663293
5434529.648855,31,12483.224794
5486364.34472,46,12484.109278
5463420.142987,41,12484.850986
5480730.800983,67,12486.056297
6077394.825318,114,12488.108999
5831771.705562,55,12489.080304
5489765.613079,68,12490.272616
5462080.20175,50,12491.194146
6125048.647838,72,12492.467824
5473905.89384,75,12493.796894
5825237.242479,49,12494.699077
5664774.244309,91,12496.299761
5487291.928058,40,12497.01761
6071297.97236,62,12498.106753
5424726.905966,87,12499.649986
5571586.114099,85,12501.164394
5431561.020096,74,12502.51471
5522202.59646,33,12503.08324
5527994.564274,59,12504.135115
5546097.775057,40,12504.847741
5451836.921243,39,12505.55685
5435587.038004,86,12507.108767
5499183.91311,73,12508.300264
5468520.465457,81,12509.62799
5516511.11952,77,12510.97061
5519198.416254,71,12512.256115
5602881.060477,100,12514.048711
5420617.390555,81,12515.497883
5446715.357206,35,12516.126413
5451172.117572,82,12517.608782
5458139.409168,40,12518.389773
5431158.83612,34,12519.055172
5509596.923839,36,12519.761775
5481866.044993,75,12521.074383
5463196.120979,73,12522.442413
5461995.060046,65,12523.679574
5455510.331803,66,12524.964575
5428641.049044,89,12526.67737
55882.717528,250,12531.56065
5854366.103115,105,12533.643663
5411515.787807,84,12535.310537
5741253.622577,109,12537.441051
5664816.074525,92,12539.224504
5504260.454231,77,12540.712597
5467899.042309,80,12542.304725
5442330.146293,81,12543.872001
2379632.006827,250,12548.731403
5462831.174303,64,12549.99381
5822185.919861,67,12551.287833
5434642.171233,80,12552.843475
5752264.543679,79,12554.387965
5445123.960861,31,12554.990479
5472764.525249,77,12556.489298
5851102.465695,88,12558.206421
5480561.428279,70,12559.589869
5532766.769422,71,12560.999995
5464525.308367,93,12562.841915
115399.390693,250,12567.69385
5457902.42781,84,12569.326772
5493409.775826,74,12570.719748
5387077.196574,84,12572.342137
5428531.482175,81,12573.895781
5552226.500271,45,12574.792529
5461771.423675,83,12576.562484
5454654.492199,43,12577.425033
5508625.307131,80,12578.983865
5565872.098129,82,12580.599889
5453532.178102,50,12581.572912
128218.401723,250,12586.394015
5501044.767741,77,12587.863707
5469997.34474,37,12588.60243
5445736.950334,89,12590.32491
5666063.145955,92,12592.094492
5457891.183248,76,12593.539292
5958603.919623,108,12595.635335
5774655.663961,51,12596.592526
5507232.700444,53,12597.553301
5447518.702986,86,12599.169613
5624672.720188,68,12600.469481
5520882.19854,78,12601.966694
6654931.374513,176,12605.412314
5446711.80573,42,12606.233228
5490906.066964,45,12607.112534
5429566.338835,28,12607.664953
5462336.208153,78,12609.199365
5484544.149788,70,12610.551533
5446205.326184,43,12611.379685
5440551.837461,82,12612.920648
5536057.267281,54,12613.934465
5463981.668736,67,12615.277799
5503367.262601,43,12616.087926
5466367.513665,40,12616.859386
5532577.60646,83,12618.472214
6910266.771814,197,12622.2647
5575082.804087,86,12623.916316
5571292.776876,83,12625.480747
5370555.45609,83,12627.028846
163483.210768,250,12631.748999
5646120.523895,60,12632.891185
5718352.524439,55,12633.933179
5351168.551826,85,12635.577552
5462413.598495,82,12637.156613
5516055.024621,58,12638.274327
5441469.304351,28,12638.807148
5509021.269744,73,12640.225415
5461028.119758,38,12640.952866
124685.143519,250,12645.506266
5486093.179997,77,12646.88022
5482778.193506,73,12648.184056
5941413.433692,77,12649.560624
5440668.994784,66,12650.756308
5403317.170793,88,12652.317672
5434070.689454,91,12653.964966
5467732.241586,69,12655.217446
116188.316646,250,12659.642297
5654245.071389,47,12660.491893
5474432.661257,79,12662.00492
5888062.596004,82,12663.493479
5490144.467766,58,12664.547439
5494139.731896,53,12665.501798
5699018.983856,44,12666.290783
207298.419341,250,12670.833592
5820209.224146,54,12671.804127
5367664.698905,91,12673.485554
223240.61488,250,12677.920211
5592884.799185,56,12678.998785
6092636.832111,108,12680.967628
5442520.634175,52,12681.891426
5706384.952259,51,12682.817935
161971.927868,250,12687.31678
5492240.54772,81,12688.745169
5962430.992286,246,12693.159916
5508699.698826,71,12694.518997
5458458.330437,28,12695.061008
5431934.960042,30,12695.593615
5468483.86681,73,12696.89609
5483378.259157,54,12697.863656
5359200.203598,83,12699.375542
6069009.487342,106,12701.288582
5481174.544405,74,12702.605982
5693079.619413,107,12704.513813
5526406.68001,81,12705.92809
5452679.623679,36,12706.556546
5440369.642289,84,12708.066326
5407689.36826,92,12709.739215
5558986.442618,95,12711.513697
5460903.890147,32,12712.1483
5564603.502022,92,12713.768398
5431173.538482,29,12714.303237
5455073.90356,35,12714.909725
5504623.026651,65,12716.101918
5335574.740567,82,12717.571692
6320759.149473,91,12719.17544
5440827.235679,37,12719.823834
5463608.393676,85,12721.3504
5495205.550671,64,12722.530151
5474002.400208,50,12723.454266
5471705.789215,70,12724.731096
5540691.926382,95,12726.440484
5467927.211638,60,12727.493618
5473135.942179,29,12728.010257
5487170.927482,63,12729.147452
5452627.176277,41,12729.871367
5463504.948987,77,12731.213207
5504105.571804,59,12732.272415
5458495.379893,34,12732.872386
5851869.515418,131,12735.232979
5443327.070106,84,12736.769378
5465766.656131,63,12737.903925
5922817.396933,66,12739.098128
5442910.115442,77,12740.504692
5619876.589965,89,12742.090483
5673797.767196,97,12743.828598
5408776.63864,85,12745.40725
5473907.295112,87,12747.039242
5677719.041186,61,12748.124293
5428679.415692,79,12749.525022
5491204.816616,77,12750.908413
5821542.832341,94,12752.671066
5491960.181461,49,12753.581122
5722848.317899,95,12755.279485
5484964.526002,72,12756.618955
5450940.166975,34,12757.237856
5474869.592943,68,12758.461638
5435771.678675,42,12759.201932
5756462.48014,88,12760.810867
5466041.23104,31,12761.418494
5899331.422494,57,12762.556123
5426785.343839,76,12764.045426
5583041.599657,45,12764.917964
5442365.932247,30,12765.505954
6133811.338037,79,12767.059195
5456816.03645,39,12767.842563
6042453.378399,72,12769.264905
5460587.393253,61,12770.500658
5425348.623945,30,12771.090585
5469554.658142,49,12772.056454
5500494.655581,75,12773.531822
5470595.660079,51,12774.519028
6159417.594367,131,12777.056738
5744788.51467,91,12778.809514
5533914.120042,81,12780.373812
5682580.043179,50,12781.367217
5449008.901248,36,12782.082848
5822791.1705,101,12784.07698
5395407.479522,91,12785.890839
5475293.747481,40,12786.676905
5458216.573926,78,12788.210168
5470149.639097,82,12789.802262
5376087.564465,83,12791.395871
5439891.17919,87,12793.122154
5626606.120463,40,12793.899646
5679921.962634,58,12795.056695
5498277.471117,75,12796.547401
5497268.488649,46,12797.459171
5465104.654635,87,12799.184699
5451372.241008,67,12800.503159
5477806.417927,74,12801.964657
5609252.928883,84,12803.607847
5836033.205472,104,12805.683666
2172894.545779,250,12810.654372
5599129.131983,75,12812.177729
5449174.604083,32,12812.835479
5977588.473543,71,12814.247143
5452463.350752,43,12815.076178
5472962.841908,79,12816.642107
5478042.656161,70,12818.02525
5412550.398279,82,12819.634885
5445394.002762,35,12820.306839
5552610.16107,74,12821.772209
5437815.590601,85,12823.432994
5417053.194479,28,12823.990716
5771693.076216,49,12824.955249
5570712.362788,46,12825.85347
5393769.629725,90,12827.559225
5476063.26994,69,12828.910469
5416134.628712,73,12830.342
5446854.106602,79,12831.871911
5454133.92456,37,12832.601333
5943830.337294,86,12834.239171
5358367.277588,80,12835.718628
5450115.334275,32,12836.339286
5507306.220088,54,12837.370063
110505.469868,250,12842.230665
5446356.718136,81,12843.778103
5422395.524737,91,12845.398091
5365781.909578,80,12846.878705
5393370.149413,94,12848.726421
5876005.981455,79,12850.178582
5455160.416824,64,12851.403966
5866458.117427,101,12853.59044
5432729.240059,84,12855.225236
5658050.391648,46,12856.110295
5444514.929071,80,12857.68801
5845253.084282,103,12859.657869
5504482.371846,75,12861.032766
5446956.281935,49,12861.91851
5436901.982521,78,12863.318147
5468547.667807,35,12863.947015
5546684.255641,81,12865.484374
5420606.384948,79,12867.096716
5427039.769231,99,12868.894006
5449177.2003,87,12870.506795
5745004.770801,88,12872.216245
118005.687039,250,12876.964917
5590432.758999,86,12878.600906
5596212.068239,88,12880.305927
109265.181447,250,12884.879362
5447670.796903,30,12885.457387
5431751.767184,88,12887.120436
5387969.554754,81,12888.730613
5747791.478707,100,12890.605636
5458521.765735,33,12891.184503
5424506.644112,90,12892.69919
5673291.435667,74,12893.930377
5419035.800594,87,12895.453644
5467147.013846,73,12896.747977
5457652.446705,78,12898.186671
5896369.675565,64,12899.395702
5490398.35256,63,12900.689188
5624073.855855,62,12901.743358
5465069.460945,72,12902.927767
5500090.1179,67,12904.12792
5468299.576436,32,12904.692614
5837244.69506,97,12906.338894
5456664.631227,85,12907.942576
5661685.60299,79,12909.555165
5490147.291191,40,12910.464482
113124.543397,250,12915.336244
5478571.8035,63,12916.572399
5582267.244901,55,12917.562321
5529430.352309,49,12918.4411
5487213.211846,69,12919.737393
5699328.178739,81,12921.191139
5445795.241841,41,12921.895903
5384283.006868,84,12923.369395
5595428.995024,56,12924.341043
5772350.226269,107,12926.131069
5484356.211799,68,12927.381517
5461764.6425,83,12928.745023
5435764.919675,30,12929.332444
5454228.357892,73,12930.648311
5410495.244019,84,12932.3919
5452898.193251,84,12933.921343
5798797.173699,109,12935.840967
5473443.296936,56,12936.875674
5466077.57795,32,12937.399684
5469381.133742,33,12938.121839
5762767.400265,97,12940.204644
119134.466514,250,12945.442991
5436988.990853,87,12947.228328
6239464.63832,168,12950.302752
5465961.580869,72,12951.630672
5466451.282248,63,12952.655162
5664408.33198,61,12953.946354
5823636.125828,91,12955.674314
5492204.611223,72,12957.006481
5450162.627908,77,12958.370186
5532682.845012,83,12959.871798
6023546.378752,99,12961.697565
129012.034243,250,12966.20654
5442978.297714,82,12967.528759
5449861.075045,40,12968.192496
5452767.887252,42,12968.907722
5473706.78478,73,12970.186207
5451898.754668,78,12971.606861
107534.73053,250,12976.287388
5484905.051251,74,12977.620246
5469107.937423,62,12978.737996
5667827.059975,98,12980.562279
5876464.699308,58,12981.5913
5467582.805001,58,12982.611614
5398643.218125,85,12984.185094
5795130.492086,74,12985.543796
5500513.088118,84,12987.080835
5472303.681637,68,12988.274899
5464546.020584,37,12988.942321
5531723.385356,43,12989.751675
5502419.684372,89,12991.361445
5462663.117422,53,12992.351801
5464998.645411,83,12993.861679
5444590.15651,36,12994.545563
5465619.21395,36,12995.1878
114045.652616,250,12999.725926
5464203.079048,33,13000.355567
5481080.334573,60,13001.464491
5462921.180605,37,13002.178198
5476555.751606,88,13003.892779
5423996.617035,92,13005.687866
5638435.64053,104,13007.721607
5447023.710491,39,13008.50347
5467347.805539,85,13010.184368
189804.41859,250,13015.056243
5582344.246351,59,13016.212654
5457692.213928,72,13017.637779
5511031.935824,89,13019.364744
5442495.334244,89,13021.118726
5502187.742369,60,13022.275193
5897350.475397,95,13024.109408
89627.936891,250,13028.986878
5635560.045752,58,13030.089424
5458325.424449,41,13030.864218
5789376.995674,57,13031.962699
132591.977549,250,13036.847155
5462583.766273,34,13037.515478
5472416.007219,79,13039.073569
5524869.275905,86,13040.756386
5450310.617963,76,13042.219467
5466235.871149,41,13043.007312
5469801.564152,39,13043.7693
6112766.228911,71,13045.141826
140173.475584,250,13049.907774
5646425.080158,93,13051.857616
5490940.805272,43,13052.653698
5406334.207852,87,13054.27323
5703787.53382,66,13055.559183
5469121.313783,81,13057.024933
5491372.193947,66,13058.285273
5491460.295472,41,13059.084551
5549680.063757,77,13060.606557
5462136.736544,79,13062.003998
5467232.314041,71,13063.318386
5446619.670668,36,13063.934263
5445353.060297,28,13064.502832
5496697.500797,48,13065.521249
5508070.416542,86,13067.512595
5470021.826661,83,13069.42077
5466685.922081,84,13071.376616
5445320.181294,29,13072.101045
5478099.065482,63,13073.639166
5536165.288879,46,13074.761618
5438191.163826,33,13075.55379
5435539.46335,34,13076.365544
5594028.201215,82,13078.793466
5476316.73547,76,13080.694356
5703433.346389,90,13082.770981
5483606.276047,56,13084.133154
5462629.769249,45,13085.285056
5477832.5826,83,13087.218341
5933618.425638,89,13089.351726
5568164.195317,40,13090.318088
5834539.218546,112,13093.021007
5439553.296864,79,13129.942829
5572268.740764,70,13131.672283
5404794.142994,86,13133.877782
5487931.093514,79,13135.966507
5731235.967825,48,13137.226086
153468.703314,250,13143.645395
5545978.077445,69,13145.41429
5737203.808072,126,13148.65031
5483463.524822,35,13149.507464
5484173.263788,58,13150.991114
5451098.018058,42,13152.037248
5485108.514194,75,13153.942248
5447170.523093,78,13155.935574
6014324.764324,84,13158.066814
5450744.296225,34,13158.892648
5487022.29326,76,13160.838575
5462454.256754,56,13162.357015
5458049.711418,33,13163.244825
5405168.946994,93,13165.637333
5682417.375548,80,13167.625828
5460967.344407,43,13168.643953
5546696.04423,90,13170.7671
5455861.055912,37,13171.692191
6030436.093326,108,13174.408733
5904891.700449,56,13175.881761
5482746.621262,54,13177.345716
5609970.683907,90,13179.599605
5645799.692814,50,13180.819251
6388990.868613,133,13184.075753
5843361.407965,66,13185.728194
5472862.188949,79,13187.592507
5507932.209126,58,13189.019557
5435332.365901,26,13189.648244
5545367.646765,89,13191.910224
5487250.261025,35,13192.779442
5744987.43847,92,13194.984599
5804004.972918,102,13197.515902
5487582.581066,69,13199.22808
5447352.974294,54,13200.470384
5477156.543699,63,13202.012403
5599440.701631,59,13203.400627
5498430.052041,85,13205.67093
5522147.016621,83,13207.745662
5442324.958105,78,13209.737058
5488372.883583,35,13210.709667
5436224.295486,96,13213.061546
5479786.444195,82,13215.157432
5507575.135626,71,13216.9032
5449235.832938,75,13218.707603
49810.516911,250,13225.056981
5439478.608903,33,13225.878949
5581494.082796,90,13227.991571
5461245.009255,81,13229.890198
5452176.702783,32,13230.661061
5375123.880618,85,13232.716176
5462456.154554,76,13234.584656
5494401.955177,59,13236.079673
5691647.161281,51,13237.297304
5398364.175131,88,13239.523368
5484948.978019,72,13241.348063
5509766.079499,60,13242.866074
5465054.286837,35,13243.700089
5472608.509013,67,13245.306011
5463153.117812,68,13246.95502
5468386.416741,29,13247.623006
5451494.389512,81,13249.596125
5451439.965782,34,13250.396662
5459509.992097,38,13251.329508
5478795.113189,74,13253.090551
5461112.936748,33,13253.934028
5464494.060909,45,13255.023021
5456032.119531,78,13256.911209
5440270.479617,31,13257.718821
5465143.404518,70,13259.506316
5400435.740098,84,13261.54332
5425140.038291,87,13263.562987
5448101.203444,85,13265.690451
5743279.818557,50,13266.922536
5683968.68063,95,13269.323983
5438886.255617,25,13269.9504
5568610.600413,98,13272.352106
102482.262073,250,13278.538004
5467004.06219,54,13279.876477
5453429.275004,81,13281.875014
5511504.948452,43,13282.911596
5478468.435675,80,13284.876007
5419173.466156,87,13286.981944
5434036.9315,35,13287.808774
5458833.145964,33,13288.612586
5473486.55208,27,13289.240351
5468380.584324,43,13290.206401
5424328.946727,87,13292.266683
5499253.885595,45,13293.358113
5497768.290712,70,13295.049659
5772358.922009,57,13296.479297
5430488.72489,34,13297.33448
5439089.925562,29,13298.067898
5441878.89313,32,13298.83322
5451393.083543,31,13299.646815
5559622.304161,59,13301.060237
5658646.724857,99,13303.590936
5527454.231898,72,13305.31699
5491463.033519,55,13306.64785
5602073.866751,66,13308.262432
5445375.928633,38,13309.167751
5453587.634812,36,13310.038973
5445758.834621,34,13310.911417
5651557.412326,49,13312.162063
5445290.391762,79,13314.1587
5466510.210838,33,13314.968817
5436991.325359,83,13317.065593
5472706.086314,82,13319.056198
5466790.009538,81,13321.034394
5513708.971491,76,13322.931436
110625.405062,250,13329.084451
5674088.945548,91,13331.232611
5475685.543547,63,13332.773392
5798905.140979,68,13334.475413
5506091.206885,61,13335.904078
5495412.826721,77,13337.948817
132923.683679,250,13344.786123
5503034.322375,71,13346.657085
5407246.28719,76,13348.621271
5494908.829899,66,13350.238509
5456179.849378,80,13352.396361
6112914.09034,74,13354.486805
5418838.089745,86,13356.9305
5487513.032321,59,13358.518948
5786002.095798,124,13361.664792
5450103.509361,80,13363.637629
5469175.603922,33,13364.420398
5808476.923866,49,13365.70879
5485461.166083,58,13367.106634
5488937.758914,42,13368.195752
5441536.715162,45,13369.314539
5464140.029349,86,13371.525905
5443545.659512,112,13374.35588
5484645.629332,41,13375.37127
5437018.875785,87,13377.567589
5422324.360951,33,13378.381531
5514447.096403,45,13379.525311
5417614.452963,78,13381.639442
5572980.656921,50,13383.030734
5420332.676017,28,13383.663058
5470993.641158,77,13385.555164
5503367.988796,89,13387.697467
5396960.745386,73,13389.484998
5441450.843554,80,13391.422926
5453421.400341,72,13393.216273
5938515.777449,92,13395.558243
5440517.131799,80,13397.561464
5569441.200164,101,13400.159423
5495035.148793,88,13402.488888
5473931.286386,59,13404.054998
5482664.399685,68,13405.828376
5463180.219301,61,13407.468536
5451337.818799,89,13409.704834
5388816.271377,81,13411.812345
5429974.097222,34,13412.687185
5449237.500996,47,13413.915432
5507091.393431,92,13416.286841
5469005.337955,78,13418.368594
5476069.423058,56,13419.662566
5628888.601397,81,13421.649801
5470385.17094,64,13423.261947
6141248.998174,74,13424.946781
5472350.933009,67,13426.537746
5491230.373031,86,13428.755758
5533442.009708,88,13430.947301
5636719.72637,93,13433.179342
5515046.004006,85,13435.186992
5502423.841849,38,13436.070633
5491014.948638,73,13437.860727
5819017.335079,94,13440.146676
5849181.627828,99,13442.631991
5430557.758934,32,13443.422396
5434959.458147,87,13445.64196
5436615.101353,42,13446.717171
5447404.106399,30,13447.490151
5638265.649248,88,13449.579747
5449766.985946,33,13450.35866
134909.492433,250,13456.510716
5385816.075992,88,13458.725719
5451688.818968,84,13460.802917
6626116.859825,109,13463.483669
5402786.712582,87,13465.634556
5516284.492184,75,13467.55257
5631603.494462,57,13469.006848
5480391.020948,36,13469.898036
5456390.647253,33,13470.783528
5478949.415857,78,13472.868836
5497201.53324,36,13473.760231
5444630.673877,39,13474.830198
5835989.285444,97,13477.246849
5480277.122937,79,13479.195722
5390003.653046,72,13480.975042
-126975.522186,13,13481.332797
5446664.294312,34,13482.210099
5474225.255796,56,13483.579778
5438985.360453,34,13484.394231
5457458.358533,40,13485.335274
5472310.292207,74,13487.23137
5467506.745339,30,13487.982567
5434533.418067,76,13489.913547
5499228.501945,78,13491.832416
5631915.267531,58,13493.290465
5409907.490649,82,13495.346272
5404631.161916,80,13497.276734
5507656.121243,76,13499.149679
5485778.942799,80,13501.0607
5447398.037107,38,13502.053954
5429089.627677,80,13504.100795
5500737.742226,63,13505.681808
5508998.150066,36,13506.580481
5457333.213386,75,13508.393607
5506012.642398,35,13509.217784
5431140.563534,28,13509.93079
5687108.524285,94,13512.24029
6159247.629796,79,13514.255646
5479496.993191,49,13515.430465
5456628.425192,86,13517.585343
5478721.067166,27,13518.22734
5487786.545227,70,13519.906736
130225.341237,250,13526.053102
5417897.875737,81,13527.960149
5451952.237188,41,13528.927599
5489151.210619,58,13530.384775
5477711.925801,79,13532.342481
5453295.414757,32,13533.125978
5491048.885798,69,13534.877302
5377122.46949,76,13536.774162
5479314.615709,60,13538.186898
5483136.811223,81,13540.124742
5569497.645654,41,13541.234585
5605204.983908,88,13543.381654
5475390.838113,83,13545.493026
5408401.595778,72,13547.296362
5794637.387311,54,13548.646701
5729977.965345,95,13550.98205
5420852.334813,32,13551.837704
5483347.022231,39,13552.770462
5457243.650628,80,13554.718953
5575966.48639,46,13555.821279
5466590.499102,35,13556.670626
5452951.1079,35,13557.506716
5432855.194034,97,13559.877694
5493388.350001,81,13561.915538
5506046.539514,71,13563.658204
5495928.367191,33,13564.511838
5865675.364566,103,13567.015178
5421564.211348,76,13568.871262
5457142.08996,41,13569.860199
5461262.978691,36,13570.77225
5477636.16408,54,13572.015443
5496763.307828,79,13573.921866
5456209.153322,43,13574.965082
5754096.292997,66,13576.662191
105816.091029,250,13582.835439
5384081.683459,82,13584.879317
5492161.741393,38,13585.861904
5434974.004114,25,13586.470367
5445702.686729,78,13588.390701
5475703.611857,90,13590.767785
5848593.190638,70,13592.365568
5442874.277146,84,13594.352586
5606852.89192,68,13596.026034
5879803.763276,83,13598.075697
5464176.045614,96,13600.974214
5461025.235194,44,13602.210661
5485948.859279,63,13603.866934
5505474.7047,65,13605.64586
5498113.987426,33,13606.57756
5470036.292728,41,13607.914517
5379240.157474,84,13609.853261
5431211.792605,80,13611.914301
5783201.479958,90,13614.138172
5851108.847752,97,13616.595204
5495186.245995,78,13618.709823
5508272.318861,86,13620.817488
5482600.743962,50,13622.040841
5415773.215662,84,13624.144572
5672674.97138,92,13626.423536
5498833.837334,49,13627.641831
5460671.250178,67,13629.323479
5815799.251423,59,13630.802844
5494778.745929,77,13632.751781
5434764.825418,83,13634.828109
254427.005309,250,13641.158193
5445112.154695,70,13642.950267
5495773.872128,80,13645.164253
5734504.548161,73,13647.493405
5449325.80717,32,13648.505855
5511519.203464,68,13650.463296
5453508.352401,40,13651.328963
5619959.514284,68,13652.990071
5491198.871376,74,13654.932064
5528517.570258,97,13657.302223
5457318.904336,83,13659.481111
5460182.217812,91,13661.554818
5436211.250783,31,13662.297251
53948.260208,250,13668.599855
5443841.584634,84,13670.64749
5652820.634844,69,13672.373832
5473807.34098,89,13674.672215
150455.170924,250,13680.923558
5452337.386442,82,13683.022644
5411247.285178,85,13685.251378
5709276.104446,111,13688.012496
5500807.420108,87,13690.197301
5441680.054338,31,13690.992166
5540141.281737,72,13692.773099
5419282.047251,30,13693.546772
5502538.019801,41,13694.651272
5447629.60132,32,13695.475442
5495070.749923,78,13697.378317
5446493.672543,38,13698.33599
5384856.991187,86,13700.528613
5649354.43328,86,13702.839552
5564463.292253,39,13703.718029
5436404.531586,99,13706.044933
5460852.947816,79,13708.125211
5753223.843744,99,13710.417542
5482614.909315,36,13711.300497
5500012.408462,81,13713.300933
5422293.990017,76,13715.133837
5454114.296284,79,13717.020411
5512362.338499,66,13718.657263
5549195.70513,48,13719.82218
5508346.496449,63,13721.375296
5605305.999966,65,13722.924509
5471084.385786,50,13724.158997
5491341.615149,77,13726.032751
5454499.513039,32,13726.831001
5581877.514004,48,13727.969264
5770473.751261,97,13730.296117
5423280.01238,40,13731.260908
5425018.497795,84,13733.28312
5461243.488536,61,13734.818271
5559803.354641,65,13736.386347
5509079.335521,69,13738.153972
5641166.465394,46,13739.372744
5507065.141592,47,13740.546246
5443777.720799,79,13742.537406
5419697.6594,79,13744.383631
5707858.262571,85,13746.440005
5475865.865535,35,13747.300998
6068080.891696,187,13751.99808
5474067.727079,36,13752.938613
5690009.064366,100,13755.423528
5502731.733445,56,13756.77842
5434930.102664,32,13757.559919
5499325.068473,35,13758.384036
5498551.819398,69,13760.081245
5542317.771201,84,13762.17366
5474215.614102,70,13763.823316
5710392.156454,53,13765.110754
5691231.288587,86,13767.264226
5440489.728516,75,13769.093227
5433455.17172,24,13769.653178
6072617.74255,105,13772.201733
5504132.238002,69,13773.957558
5884196.896705,104,13776.44196
-169788.20472,25,13777.103118
5384638.469049,93,13779.453946
5444272.670454,37,13780.347056
5469715.187919,77,13782.234191
5512934.880475,35,13783.053141
5465058.403869,35,13783.90332
5450287.811915,71,13785.666362
5466393.746552,72,13787.415505
5396330.466726,85,13789.522329
5482660.796017,78,13791.462742
5480945.695985,73,13793.249781
5527629.865382,34,13794.114774
6069255.25051,107,13796.839588
5403211.087971,94,13799.199051
5459686.460343,38,13800.196443
5446200.806601,37,13801.162648
5409702.543574,78,13803.17071
5488915.120074,38,13804.208206
5451807.898035,36,13805.115178
5379348.568532,73,13807.039398
5688698.683702,60,13808.550009
5476990.81279,65,13810.156679
5520032.618987,72,13811.922749
5455026.16885,84,13814.020014
5470731.81885,73,13815.819936
5455092.332269,79,13817.82579
5461163.477305,54,13819.12436
5466886.994542,39,13820.040867
5497400.636878,70,13821.747218
5456002.68482,87,13823.930134
5469705.409902,34,13824.765705
5459999.301637,61,13826.361276
5455277.774503,32,13827.168542
5449354.875018,28,13827.858968
5390072.961772,89,13830.013395
5454491.876228,68,13831.683382
5459235.298714,34,13832.521182
5442639.616529,38,13833.475411
5647454.758851,81,13835.424314
5490544.543967,80,13837.396433
5485135.654256,50,13838.622412
5452580.723871,90,13840.854403
5481642.448626,35,13841.697114
5454002.092507,73,13843.594708
5476180.352759,50,13844.838768
5893510.669967,91,13847.207884
5503702.269761,109,13849.970563
5480079.22977,71,13851.78544
5746589.17241,91,13854.160747
5607701.945938,42,13855.206823
5410769.530367,74,13857.061813
5467731.457592,49,13858.362582
5440157.769376,30,13859.133464
5432866.552908,26,13859.817481
5580410.430087,40,13860.87361
5434624.944691,32,13861.716509
5479920.521168,96,13864.178814
5447036.465393,88,13866.502751
5500132.104266,39,13867.511616
5729904.115472,54,13868.919365
5479552.573752,42,13870.004749
5869647.473709,105,13872.667968
5342818.176947,72,13874.576591
5472155.672167,89,13876.926121
5473867.306212,38,13877.899582
5445507.082839,86,13879.961129
5492835.681991,36,13880.887151
5510130.89947,73,13882.811352
5520073.143658,89,13885.155745
5809007.538389,55,13886.620085
5495641.901629,61,13888.17178
5452171.438891,83,13890.218185
5816928.467058,86,13892.35818
5472679.119163,35,13893.309137
5459858.411068,60,13894.840162
5566244.313026,53,13896.21287
5421932.791019,27,13896.89084
5383326.425083,78,13898.916447
5428940.363558,29,13899.671421
5439410.821819,27,13900.319151
5432122.827659,32,13901.163152
5409713.526816,85,13903.284386
5461228.30212,30,13904.031337
5508508.159798,90,13906.301604
5812474.560769,59,13907.696384
5597662.50447,76,13909.580032
5479509.202456,55,13910.954048
5460241.263976,33,13911.760146
5438996.761992,31,13912.479993
5515803.814044,37,13913.336625
5981362.360476,107,13916.038913
5465035.214329,39,13916.991296
5386493.528251,86,13919.271754
5461462.745809,33,13920.101777
5476788.298235,102,13922.684255
5483559.659461,92,13924.960006
5450924.877441,89,13927.087397
5480107.345388,46,13928.213834
5428529.163995,81,13930.210575
5440035.57243,79,13932.186651
5445945.51065,81,13934.156263
5426153.492484,82,13936.16447
5442641.775891,50,13937.452269
5447302.825828,35,13938.310414
5486877.468416,52,13939.664357
5547701.388311,113,13942.615627
5668107.168968,44,13943.772609
5564753.897007,48,13944.971754
5489302.441716,76,13947.000522
5465556.620803,83,13949.012725
5469994.158061,46,13950.149914
5484073.811322,88,13952.356636
5539190.425366,94,13954.718217
5510180.775527,41,13955.723135
5386435.080361,95,13957.99263
5484963.649039,71,13959.760187
5489234.542928,65,13961.386727
5484527.473041,77,13963.226866
5506415.501441,39,13964.160107
5429552.675395,77,13966.113028
5441786.48323,87,13968.233447
5455786.188074,60,13969.705249
5708620.093654,108,13972.431162
5439422.497032,86,13974.611627
5456331.233273,42,13975.675553
5566121.237545,43,13976.713471
5527767.283568,43,13977.809834
5481239.50608,75,13979.646148
5639580.537189,42,13980.614673
5455175.820637,31,13981.32295
5563162.672561,53,13982.569224
5497157.404441,54,13983.761055
5506456.757739,88,13985.830778
5462475.584596,51,13987.092654
5654163.98443,46,13988.204727
5420160.143033,37,13989.127548
5643328.608445,44,13990.155565
5450154.561411,96,13992.506525
5598977.194614,68,13994.208867
5438685.634717,70,13995.852529
5482908.341659,32,13996.59563
5467635.987548,31,13997.310923
5475611.865556,35,13998.234247
5484819.655668,61,13999.742685
5462185.515656,81,14001.672426
5443489.730531,31,14002.450603
5393460.208553,84,14004.526716
5478373.87572,80,14006.550994
6184877.273329,75,14008.320218
5456826.215819,75,14010.04663
5442253.714454,34,14010.822016
5510294.305479,78,14012.683069
5389216.179794,76,14014.452275
5513364.412059,71,14016.177738
5508442.804741,45,14017.277953
5693714.837544,106,14019.970769
5525086.954868,75,14021.829076
5461292.83068,36,14022.710111
5453270.277313,83,14024.760414
5459651.047309,83,14026.838973
5505967.805796,76,14028.678357
5455298.570686,37,14029.53476
5439465.281189,41,14030.534942
5671909.407825,87,14032.651908
5472314.067419,87,14034.885339
5470265.18627,62,14036.441674
5687152.88089,97,14038.854317
5512712.452513,79,14040.80275
5448899.809097,85,14042.858997
5435782.722117,85,14044.942905
5459843.929774,43,14045.98576
5505444.670969,69,14047.665431
5424138.521913,90,14049.945097
64438.393433,250,14056.1929
5436658.516706,78,14058.138647
5437953.488909,81,14060.182564
5461115.513205,37,14061.125998
5446468.294864,32,14061.936547
5464244.258956,89,14064.062968
5451401.925841,82,14066.208584
5443261.093312,92,14068.48181
157486.874861,250,14074.677307
5432121.257169,32,14075.419522
98227.991122,250,14081.462698
5490535.153689,73,14083.242254
5449673.601606,85,14085.422693
5467473.464317,31,14086.20838
5466812.342801,33,14087.043954
5507624.255836,69,14088.807334
119984.095388,250,14095.260065
5470878.928533,44,14096.366772
5479534.806629,70,14098.220797
5462654.340077,88,14100.463976
5448604.572251,38,14101.422496
5537814.361747,75,14103.34327
5359072.031302,83,14105.443397
5443084.529327,75,14107.360879
5511867.324649,85,14109.542597
5866931.209578,48,14110.749557
5811988.819153,80,14112.77417
5772511.211053,51,14114.021843
5675103.228767,53,14115.353696
5412224.074826,83,14117.461973
5495714.427342,68,14119.244983
5457754.064333,85,14121.415248
5418160.915568,85,14123.617541
5446898.686567,37,14124.495133
5500781.172425,80,14126.730972
5459464.17594,29,14127.499403
5488332.800274,50,14128.79252
114556.992365,250,14135.318643
5388704.408193,88,14137.784081
5378842.844657,86,14139.899259
5466400.326488,97,14142.332562
5452825.682075,33,14143.168677
5450137.08523,90,14145.346016
5498293.982393,53,14146.618431
5455558.22324,34,14147.462347
5439591.090463,83,14149.496658
5421828.592411,94,14151.952637
5448000.318623,28,14152.685384
5390930.374553,76,14154.622183
5495120.84936,70,14156.424908
5534988.906328,72,14158.277931
5451995.226231,55,14159.643737
5374009.875484,72,14161.416843
5418345.249415,92,14163.746564
5451895.196948,97,14166.222501
5506453.728514,73,14168.073907
5473142.429658,77,14170.028145
5397818.26957,82,14172.028398
5573114.776492,86,14174.201075
5386255.133481,86,14176.32944
5489816.218817,83,14178.38197
5469916.369944,61,14179.940416
5463079.508147,75,14181.786616
5460346.236558,66,14183.34518
5459326.458809,35,14184.220787
5464387.08125,42,14185.234171
5498032.022781,81,14187.285553
5442553.563042,86,14189.308107
5956963.760476,96,14191.62067
5433497.407095,85,14193.714594
5458875.625972,37,14194.641071
5429087.367342,89,14196.881854
5461712.11833,79,14198.825546
5853348.874948,63,14200.377006
5436448.214138,83,14202.396584
113040.63392,250,14208.369247
5431315.570645,27,14209.05911
5449700.884006,37,14209.944235
5441555.934559,37,14210.830822
5466449.7044,38,14211.752907
5410622.108029,81,14213.758321
125863.994335,250,14220.056744
5450057.695584,35,14220.944643
5505454.90105,73,14222.786047
5545789.474196,66,14224.52781
5428885.052726,38,14225.436487
5475284.518324,39,14226.393919
5446776.505105,78,14228.25193
5749280.176288,51,14229.501846
5439017.758442,40,14230.529506
5452619.229962,31,14231.28032
5921146.59913,108,14233.849048
5466796.396457,28,14234.483616
5456691.956107,35,14235.339262
5515670.904086,48,14236.485475
5463901.277915,78,14238.410136
5459399.247923,32,14239.223681
5662779.757739,41,14240.238087
5480044.142099,80,14242.257482
5455347.128338,92,14244.604916
5474389.845843,34,14245.48649
5460109.857281,37,14246.440963
5477818.765942,66,14248.084641
5865805.710619,55,14249.388543
5444403.016526,28,14250.058732
5413374.20374,77,14251.910439
5377659.549682,89,14254.076999
5424394.855026,33,14254.876922
5463679.076255,79,14256.838138
5456550.690856,37,14257.738016
5465518.628784,79,14259.684751
5724574.141374,84,14261.736121
5429273.570326,29,14262.414395
5851114.061469,51,14263.718341
5457767.373217,61,14265.208706
5460473.300216,45,14266.270104
5467471.288996,40,14267.222427
5474458.967066,31,14267.961626
5433638.024651,84,14269.935018
5473320.14171,58,14271.322367
5443897.19472,46,14272.459952
5414207.316846,93,14274.766965
5420539.843082,36,14275.674004
5475346.456845,47,14276.840294
5465034.747051,36,14277.723892
5556725.923862,74,14279.492916
5513058.137251,79,14281.491352
5853975.586845,109,14284.253355
5461478.343791,61,14285.798907
5432568.02723,28,14286.485496
5503268.565659,78,14288.430102
5481347.455137,77,14290.383271
5469605.439463,45,14291.458794
5436866.347484,84,14293.574942
5753870.251513,105,14296.13237
118039.845368,250,14302.289549
5656627.840215,90,14304.542454
5446516.838181,32,14305.339713
5634166.858146,45,14306.525186
5544345.970835,54,14307.870616
5467064.138727,38,14308.83582
5525502.663739,39,14309.797238
5443222.085057,35,14310.621572
5442177.425875,73,14312.327649
5487460.296431,41,14313.343863
5439009.667667,31,14314.10267
5473060.13956,35,14314.969025
5561883.253361,42,14316.035944
5557991.34754,70,14317.752569
5447130.946612,35,14318.545783
5457106.532092,90,14320.71806
5625702.45495,85,14322.876876
5774147.002094,75,14324.734522
5472797.93216,81,14326.900914
5445914.938944,34,14327.815303
5492258.950529,89,14330.093532
5516753.005766,74,14332.089489
5517239.033598,67,14333.876689
5541256.213177,68,14335.585547
5435216.880714,84,14337.903485
5465446.656717,34,14338.767364
5456711.150617,107,14341.45906
5468451.385483,50,14342.779856
5464497.67358,86,14345.101115
5470538.124109,46,14346.286833
5367197.583035,85,14348.423153
5479349.183265,38,14349.401814
5835095.159405,57,14350.857614
5391496.714663,76,14352.774452
5493293.522805,65,14354.410407
5492103.022181,75,14356.312557
5448960.291826,42,14357.380757
6407550.877582,100,14359.984622
5498530.555623,75,14361.973846
5435935.757255,32,14362.832284
5507482.368339,43,14363.958706
5498781.154487,33,14364.830368
5646486.731702,52,14366.215534
5471899.075301,37,14367.120806
5458504.080871,79,14369.074559
5625304.997648,100,14371.614922
5481414.071988,37,14372.587204
5451069.213356,30,14373.361778
6409946.387035,82,14375.440817
5450965.711152,36,14376.374765
5504601.289191,68,14378.167496
5614848.955797,81,14411.703448
5483567.539344,61,14413.218584
5458987.227832,79,14415.258446
5441741.558672,37,14416.186436
5503353.576551,78,14418.351813
5467959.635927,66,14419.97419
5561706.154316,72,14422.046397
5538245.108606,54,14423.355726
5656150.360153,78,14425.286022
5405628.558219,90,14427.629648
5833898.957246,101,14429.796943
5445679.365907,29,14430.301723
5481195.439767,34,14430.935718
705926.564199,250,14435.41381
5420200.135398,84,14436.941499
5459848.885217,57,14437.946087
5427411.996742,29,14438.455368
5487259.565945,78,14439.832365
5474205.206897,28,14440.376898
5533130.424224,72,14441.643505
5511999.40772,80,14443.194964
5502988.557838,81,14444.720811
5463194.926359,47,14445.645898
5462234.813251,35,14446.310553
5447832.228388,59,14447.367511
5521980.750625,39,14448.08925
5523434.493082,32,14448.681463
5648992.724335,70,14450.035761
5441430.412336,40,14450.792343
5440387.363272,29,14451.331299
5390798.031191,80,14452.848288
5483080.655196,49,14453.824588
5528366.405068,85,14455.393823
5521155.30093,92,14457.046468
5460844.856469,34,14457.667282
5556901.436935,45,14458.512654
5938684.181894,113,14460.677664
5695032.506882,92,14462.424335
5536941.198189,90,14464.182301
5469399.673575,36,14464.874095
107995.230474,250,14469.777308
5481271.155646,82,14471.406621
5890666.140126,98,14473.316351
5520258.565867,80,14474.856714
5488610.131647,65,14476.078269
5479256.117605,81,14477.632905
5493466.938779,69,14478.962976
5478689.298707,89,14480.683845
5464708.575521,64,14481.919458
5474247.539371,50,14482.897939
5466763.172843,33,14483.552326
5463324.554677,39,14484.339029
5441390.90118,34,14485.021095
5495667.273538,52,14486.041317
5735036.782813,96,14487.941524
5484555.191298,35,14488.636891
5462155.802721,34,14489.297731
5733548.833946,88,14491.037222
5417601.401935,78,14492.573483
5464466.67935,43,14493.404927
5386875.996882,81,14494.997337
5493252.115793,74,14496.404571
5452930.923357,85,14498.080011
5516830.207878,57,14499.132562
5471544.743512,36,14499.802598
5432165.841884,42,14500.63068
5462380.679763,35,14501.314207
5468452.920275,51,14502.279612
5432814.920018,32,14502.90825
5448798.527292,33,14503.549475
114109.895861,250,14508.429074
5455575.49722,37,14509.130889
5446305.086241,31,14509.737749
5492520.274627,45,14510.580886
5380508.37357,83,14512.129091
5449441.848343,33,14512.733191
5488062.80031,42,14513.50624
5463423.062804,88,14515.248383
5441488.175192,29,14515.789074
5828874.293766,54,14516.779865
5503705.182673,83,14518.368434
218099.275382,250,14522.982106
5488119.389588,80,14524.522218
5450458.985036,38,14525.238717
5471438.048054,85,14526.905522
5480771.633098,55,14527.921751
5431675.676683,36,14528.752596
5691373.466612,91,14530.430466
5500562.653086,81,14531.993238
5466772.510274,84,14533.817382
5430821.044801,84,14535.447008
5874046.103716,69,14536.772152
5609202.678205,87,14538.332507
5457507.642372,80,14539.797024
5441258.120454,30,14540.365916
5501120.268703,67,14541.639357
5480825.050192,61,14542.77254
5454103.775369,44,14543.602696
5916260.596118,64,14544.847997
5511395.454618,56,14546.06041
5429230.060628,31,14546.609206
5444655.953435,81,14548.329516
5448430.088127,81,14549.98438
5516340.139171,61,14551.149368
5481082.788809,50,14552.193459
5450811.805096,78,14553.676104
5463694.319505,49,14554.616585
5688893.232114,85,14556.140531
5649549.649195,75,14557.53734
5829910.87066,97,14559.52011
5525672.566916,55,14560.565368
5498346.006732,51,14561.522281
5463770.004771,89,14563.152131
5551419.096235,83,14564.624981
5476688.946776,42,14565.375439
5463711.164812,35,14566.035968
5464057.535458,84,14567.588284
5464951.581919,36,14568.326253
5440705.160368,33,14568.941499
5468671.846974,63,14570.107181
5415966.001821,81,14571.560783
5477711.011963,51,14572.648156
88809.372521,250,14577.668342
5474659.58952,81,14579.26674
5469230.983456,30,14579.816702
5536235.656748,68,14581.065308
5457109.637404,32,14581.628849
5883684.990985,90,14583.216558
5511683.637276,72,14584.640518
5369034.272359,86,14586.289302
5417691.106536,29,14586.832435
5507214.749193,39,14587.576899
5774837.985311,59,14588.700818
5800834.373471,55,14589.749195
5586094.448797,93,14591.524984
5742930.60198,94,14593.270143
5529126.099896,54,14594.271082
7525919.243733,145,14597.039285
5586862.07526,83,14598.542189
5496588.66336,57,14599.596743
5426857.708102,81,14601.226236
5591749.911765,73,14602.532112
5370035.256661,83,14604.13505
5400499.456275,76,14605.542657
5452694.368602,29,14606.064459
6057657.097983,115,14608.142156
5414567.588851,82,14609.641466
1788460.04924,250,14614.356185
5425223.720196,82,14615.892673
5499000.699389,88,14617.750407
5445057.67165,41,14618.521051
5514873.851838,70,14619.75132
5462361.011401,83,14621.32209
5443530.0326,101,14623.155725
5440337.225726,82,14624.727861
5482684.860342,80,14626.293111
5425852.618542,26,14626.760601
5422181.398785,82,14628.201314
5391771.980727,82,14629.671104
5499498.229124,43,14630.456003
5471720.11399,85,14632.017351
5439556.915743,36,14632.700598
5598979.937696,47,14633.582498
5448890.559943,33,14634.200834
5460524.740011,73,14635.546493
5556545.720987,70,14636.869897
5525361.179026,82,14638.393305
5444049.567945,33,14638.987823
5711937.758358,71,14640.328461
5514306.813939,74,14641.596414
5628941.666482,48,14642.384111
5473733.354868,88,14643.929691
5490323.991914,86,14645.470716
5566687.391969,75,14646.836607
5885896.503396,110,14648.86144
5439524.870065,81,14650.336378
6001918.024687,117,14652.498404
5759537.527463,52,14653.456306
5443205.859779,37,14654.114024
5493824.522956,74,14655.494978
5469442.055354,35,14656.125034
6007271.469154,131,14658.661893
5420107.983507,92,14660.253137
5385649.334793,79,14661.666912
6039607.552887,72,14663.003187
5485357.824493,75,14664.404375
5489687.826508,85,14666.004979
5389357.507911,81,14667.566969
5458864.222815,36,14668.19443
5448110.961352,34,14668.824043
6001491.44267,143,14671.36164
5710252.911366,53,14672.403547
5438484.514333,36,14673.044049
5438281.056974,30,14673.572007
5860392.140277,100,14675.374576
5439707.747288,38,14676.036324
5485060.0361,72,14677.354897
5478717.096793,75,14678.752169
5472559.900287,66,14679.925211
5406080.615407,83,14681.421789
5476981.048743,31,14682.026287
5473145.020729,50,14682.978925
5669952.933679,56,14684.041918
5465514.660866,34,14684.698653
5416299.332989,83,14686.33897
5485139.514722,78,14687.823303
5490596.101709,84,14689.45304
5487126.821655,50,14690.443303
5497796.459236,41,14691.288326
5610607.872483,93,14693.103238
5453210.05987,38,14693.84415
5483975.753677,60,14694.951156
5382920.927897,78,14696.448768
5394627.060608,80,14697.955473
5460113.973972,40,14698.72279
5502716.32723,71,14700.098405
5472421.9927,66,14701.347915
5449882.580455,86,14703.035803
5475104.193671,32,14703.661705
5474047.778773,50,14704.656729
5530611.910983,63,14705.910173
5493877.525071,37,14706.645463
5494765.10295,78,14708.173877
5472426.036421,41,14708.963699
5461394.941223,37,14709.562681
5406305.98669,85,14711.068443
5940179.469036,76,14712.407057
5504235.474071,84,14713.939274
5414608.540402,84,14715.447033
5490568.080078,41,14716.238106
5793742.49329,93,14718.027176
5450451.219074,31,14718.61782
5449130.594394,37,14719.324772
5495059.975631,51,14720.314414
5553405.266832,77,14721.809806
5483416.731883,40,14722.593817
5415447.407309,79,14724.230067
5426538.767266,29,14724.767264
6208479.738313,77,14726.182177
190111.246646,250,14730.94114
5450888.804652,80,14732.511624
5482432.207876,71,14733.920992
5619436.05648,48,14734.847102
5522145.346418,70,14736.249578
5461331.077287,32,14736.891183
5488000.642909,32,14737.52224
5913677.305857,95,14739.420201
5473097.631859,75,14740.920421
235869.176277,250,14746.136279
5473056.361325,42,14746.929499
5471195.206917,45,14747.736336
5457756.575512,33,14748.32504
5471382.008724,28,14748.855824
142422.161406,250,14753.555224
5456816.32474,77,14754.955166
5799608.151809,65,14756.095673
5492328.206097,52,14757.129569
5487215.175036,76,14758.425074
5804761.644073,58,14759.717724
5445962.206109,88,14761.463946
5478009.674601,36,14762.166597
5449129.721529,90,14763.905021
5460915.239543,82,14765.324389
5754182.004106,90,14766.992684
5475896.022575,63,14768.11332
5413752.238907,89,14769.684504
5454583.143365,88,14771.306981
5457612.393558,33,14771.894566
5470611.812539,34,14772.531322
5444538.251911,33,14773.16448
5605926.918168,43,14773.984877
5776712.262921,101,14775.917305
5790948.397213,90,14777.657833
6277232.292101,113,14779.82484
5491889.947738,77,14781.326305
5952152.017745,64,14782.562201
5582265.245875,71,14783.885744
5473542.231578,68,14785.233156
5476277.359632,33,14785.890055
5495118.531142,48,14786.797879
5419604.108083,92,14788.546469
5470747.682149,77,14790.027473
5455306.78776,33,14790.673944
5428057.696862,87,14792.367234
5547323.096176,65,14793.635944
5487527.461155,77,14795.141724
5489324.428491,61,14796.333095
5656181.780816,46,14797.191017
5502395.627766,75,14798.672412
5540000.693056,95,14800.544047
5438491.458719,27,14801.042174
5629587.363583,97,14802.797638
5590853.706331,76,14804.21302
5598125.953328,93,14805.876293
120036.212182,250,14810.50409
5853424.996131,54,14811.480861
5477439.486016,41,14812.212812
5495496.425454,35,14812.849613
5476186.525053,70,14814.161232
5483751.046846,41,14814.895982
5480893.461488,65,14816.111924
5446934.096246,32,14816.68638
5410696.83428,87,14818.250093
5482563.577822,75,14819.691768
5482523.126225,77,14821.117035
5634698.319925,57,14822.148283
5461995.208537,59,14823.215672
5623453.33098,94,14824.971128
5490252.707234,84,14826.486835
5459255.503448,48,14827.386342
5795132.562021,106,14829.366956
5467834.837982,40,14830.133159
5457960.317719,116,14832.37644
5480520.441847,73,14833.646686
5539787.486605,89,14835.249933
5549330.754762,60,14836.334246
5515939.832316,74,14837.697692
5446673.351401,31,14838.272155
5858592.828899,63,14839.433061
5447388.645273,34,14840.08477
5477439.673102,31,14840.656545
5476203.237564,58,14841.727734
5454516.015281,39,14842.464031
5449937.730565,31,14843.040528
5823851.374702,109,14845.072933
5440377.191495,71,14846.421654
5492674.882401,64,14847.570919
5721130.191655,54,14848.527973
5746604.535404,49,14849.420835
5425413.327145,87,14851.023858
5453440.781534,49,14851.943372
5477364.536182,65,14853.192469
5443403.362866,34,14853.84269
5462800.325991,35,14854.505524
5470941.783384,69,14855.843222
5441057.928825,89,14857.602238
5516228.667025,56,14858.665518
5390653.888511,86,14860.292855
5535929.337031,67,14861.560619
5473772.534797,74,14862.953147
5468650.911828,66,14864.206747
5483163.859821,54,14865.223515
5459697.755609,39,14865.964003
5519137.799125,81,14867.597391
5446322.550597,38,14868.290995
5499273.640584,74,14869.695586
5501526.44409,49,14870.598921
5455559.515393,92,14872.308146
5794228.202392,49,14873.243923
5462892.599399,37,14873.933702
5705705.921962,51,14874.858721
5445157.972548,85,14876.442129
5482523.719571,84,14878.008573
5469843.061416,34,14878.644683
5460109.640832,87,14880.252879
5459810.677775,84,14881.839096
5473100.501634,87,14883.457778
5770883.887926,99,14885.304784
5622232.151514,77,14886.709169
5769352.221414,50,14887.660855
108753.835808,250,14892.091182
5412930.252706,70,14893.367429
5474376.429152,61,14894.487002
5469396.504668,39,14895.213176
5471927.65456,76,14896.603189
5557275.764661,92,14898.321823
5465126.440771,31,14898.885669
5473137.111837,40,14899.651261
5473969.030118,77,14901.004181
5594022.819911,77,14902.336187
5487154.558601,71,14903.739824
5569241.757584,85,14905.348346
5404818.49056,82,14906.717571
5576778.146486,110,14908.737592
5491785.537704,69,14909.946694
5518127.230824,70,14911.11011
5460317.037795,65,14912.270822
5854671.856547,101,14914.080572
5543927.686893,74,14915.451605
5517638.091001,49,14916.419298
5364349.779075,73,14917.733117
5369322.708106,89,14919.34381
5487670.615295,78,14920.755426
5517559.574068,90,14922.477949
5673672.306991,101,14924.231012
6058792.079568,231,14928.404472
5492228.657848,76,14929.754083
5435065.172615,73,14931.118449
5392979.498426,87,14932.660165
5425651.956094,89,14934.250526
5440875.185101,26,14934.696661
5822890.489285,93,14936.330716
170049.211179,250,14941.024816
5935183.144358,105,14943.029143
5743274.918857,80,14944.578008
5552684.745728,60,14945.718204
5517296.19684,43,14946.550603
5528026.761452,68,14947.844621
5509097.006933,48,14948.777251
5440115.695325,37,14949.506617
5534320.633994,52,14950.439255
410001.970618,250,14955.143747
5461308.954238,74,14956.608439
5476092.99901,38,14957.364535
5746473.760748,64,14958.601694
5497657.462795,36,14959.322562
5615312.561687,90,14961.083335
5604771.741032,80,14962.631253
5500637.179937,67,14963.946215
5702624.546232,104,14966.058807
5475700.348219,59,14967.174434
5850646.816461,58,14968.287455
5455964.440169,41,14969.059268
5598780.657157,81,14970.561125
5696786.847043,63,14971.710518
5497292.268876,44,14972.534033
5509153.321685,53,14973.517601
5461297.970456,91,14975.198404
153892.430357,250,14980.040202
5448856.500794,26,14980.548092
5439017.943101,28,14981.088695
5499891.191417,88,14982.762415
5499667.524754,83,14984.258579
5461283.915766,34,14984.892448
5476053.825005,61,14986.018621
5498977.214072,66,14987.195577
5429498.721432,42,14987.96479
5957646.48999,100,14989.894057
5429331.615216,28,14990.415313
5455750.548346,83,14992.035705
121212.854222,250,14996.827215
5454916.815097,35,14997.495006
5588445.58529,45,14998.350632
5483738.10097,80,15000.0133
5487226.720405,36,15000.687014
5516047.256006,69,15001.95237
5455069.481881,33,15002.610279
28883.60844,250,15007.826638
5538071.932173,71,15009.265676
5476292.104801,79,15010.729018
5462929.902308,76,15012.173323
5544300.592518,85,15013.806705
5513651.609798,41,15014.629938
5491507.367105,55,15015.676901
5480328.163507,53,15016.691859
6009454.39496,98,15018.613645
5522353.463792,50,15019.5865
5464292.828265,67,15020.875525
5461961.05869,74,15022.282917
5462049.419938,44,15023.085038
5435556.175608,31,15023.676002
5464256.513261,71,15025.077739
5481165.671494,35,15025.754368
5642231.006115,44,15026.591081
5467959.668981,36,15027.299461
5470575.182306,77,15028.737762
5619853.3853,87,15030.392115
5706870.811956,102,15032.333207
5349451.278556,78,15033.882811
5399532.446923,82,15035.449392
5782210.969473,102,15037.385822
5475190.258594,35,15038.086966
5441175.073672,87,15039.724255
5486650.957056,42,15040.545522
6079807.192629,102,15042.492633
5514495.741546,71,15043.71772
5506461.871574,49,15044.56016
5657941.760686,41,15045.254801
5450338.011237,54,15046.160131
5482958.735063,33,15046.724676
5470038.345787,84,15048.19901
5523396.064496,57,15049.139169
5441572.090423,36,15049.71377
5459566.279287,83,15051.13515
5441831.530611,80,15052.482516
5469894.41791,57,15053.467494
5484577.826236,42,15054.218223
5406435.402969,83,15055.740383
5728535.916793,84,15057.29157
5465918.527184,83,15058.878822
6333054.861526,114,15060.957006
5503962.341515,81,15062.535793
6190259.390887,127,15064.910681
5513257.741063,36,15065.583626
6915315.409937,234,15069.925715
5428071.983831,26,15070.404453
5478719.152448,59,15071.479317
5488498.484442,42,15072.313402
5475148.916072,77,15073.572028
5427356.741183,29,15074.061124
5850936.130216,61,15075.111159
5485402.671211,82,15076.630232
5440113.742827,86,15078.249803
5406785.468277,71,15079.595383
5466707.23895,69,15080.936023
5442264.99018,40,15081.678818
5458648.08665,37,15082.367106
5458081.347987,32,15082.956289
5473254.943377,76,15084.317621
5411748.513245,83,15085.719799
5394445.858504,83,15087.2443
5365559.67178,75,15088.496202
5519329.655069,94,15090.057794
5480592.187163,41,15090.737769
6243179.001011,121,15092.688166
5575585.587769,37,15093.302369
5510325.207723,89,15094.86234
5433485.737844,28,15095.375056
5389517.243514,75,15096.80475
5414672.945728,88,15098.465073
5436393.196097,88,15100.062215
5448216.770112,26,15100.563846
5357238.782751,68,15101.818593
5547075.145788,79,15103.262792
5499228.91399,89,15104.901997
5865434.099511,58,15105.978534
110239.029714,250,15110.309025
5499347.658102,72,15111.617974
5661254.029432,48,15112.414839
5501941.347113,72,15113.652904
5469560.816195,41,15114.452039
5585217.229158,88,15116.159226
5465255.531583,75,15117.601532
5446178.814167,34,15118.202303
5432430.348292,28,15118.727278
5916740.866914,57,15119.84929
5473684.553678,38,15120.579986
5459811.141874,34,15121.31575
5477596.907803,53,15122.450517
5493975.836794,61,15123.617304
5453467.223845,41,15124.411152
6816767.729416,164,15127.560085
5446629.283145,27,15128.088066
5435188.851585,81,15129.690478
5448583.033461,88,15131.442496
5410920.923909,82,15133.171345
5445580.340994,36,15133.961345
6272503.667731,99,15135.859684
5493235.519292,38,15136.512555
5425023.353472,85,15137.965314
5438951.041515,76,15139.423908
5506118.233829,43,15140.339802
5443032.424299,85,15141.818477
5511709.855309,92,15143.342151
5435098.039848,95,15145.015758
5483231.789985,50,15145.929534
5507850.81578,38,15146.613503
5485648.09634,82,15148.102769
5465658.994349,27,15148.573077
5416686.982178,81,15150.088933
5737062.251772,52,15151.078767
5447488.892152,59,15152.104399
5453180.781132,49,15152.98698
5435405.240847,79,15154.374779
5566662.109061,86,15155.920843
5480403.675343,38,15156.581775
5448669.416875,31,15157.118677
5440142.670511,84,15158.602366
5438069.032107,85,15160.228993
5450364.018245,32,15160.779225
5471950.699026,42,15161.561806
5490911.134399,60,15162.719672
5464259.015477,38,15163.464279
5462595.032222,32,15164.093038
126728.855523,250,15169.046368
5501714.188056,81,15170.624473
5458941.512507,41,15171.430744
5744575.113486,72,15172.857541
5443526.854691,32,15173.495524
5524038.652266,79,15175.016908
5962826.347583,178,15178.521905
5474057.628957,32,15179.178895
5924765.576904,103,15181.224218
130608.33916,250,15186.110691
5474919.904035,79,15187.615597
5509571.579972,86,15189.310159
5462136.570104,36,15190.04169
5454518.553403,86,15191.742824
5394117.330086,78,15193.282821
5482782.736471,77,15194.623
5478315.039691,47,15195.479861
5480152.751816,76,15196.926066
5483613.433939,50,15197.891564
5485995.4054,79,15199.424565
5461332.713024,38,15200.19611
5467030.496202,33,15200.899785
5396239.593746,85,15202.397376
5411672.077754,81,15203.864715
5581509.464858,81,15205.398802
5401665.991325,83,15207.042562
5469447.600758,92,15208.886284
5602593.858044,45,15209.698017
5450867.412573,38,15210.423574
5476379.024007,68,15211.741764
5487749.924179,75,15213.258605
5450629.882717,64,15214.549995
5439481.647951,30,15215.128448
5830744.344347,78,15216.698259
5429764.969845,81,15218.263917
5463296.807703,68,15219.596249
5451701.313076,36,15220.290894
6162532.850134,77,15221.747125
5430732.435927,85,15223.335958
5353749.167863,73,15224.771523
5451293.563639,38,15225.515448
6111458.745164,120,15227.847786
5452972.267893,33,15228.488761
5490707.052652,39,15229.280845
41936.005478,250,15234.104223
116792.450941,250,15239.023774
558237.425347,250,15243.749166
5414618.343982,81,15245.272098
5477410.880525,55,15246.303384
5501228.986408,67,15247.464013
5453895.025641,83,15248.978299
5538605.345616,73,15250.35113
5495637.865643,58,15251.440461
5451410.142832,59,15252.617577
5656668.996432,46,15253.487569
5491943.942319,69,15254.760978
5469834.294149,46,15255.719209
5433706.724679,85,15257.459743
5416609.320325,86,15259.137665
5428528.890059,85,15260.670043
5413642.26999,79,15262.142783
5545130.818522,57,15263.144688
5486591.561305,83,15264.620055
5466477.845734,38,15265.300316
5480254.520787,55,15266.262311
5482654.898053,50,15267.229547
5458440.80181,87,15268.812406
5474222.143941,42,15269.580377
5470020.920167,42,15270.330754
5839450.043367,97,15272.096404
5363590.979093,83,15273.638119
5498395.386211,41,15274.40797
5456589.613876,37,15275.108018
5511767.114125,82,15276.610476
5543724.048662,85,15278.162213
5469154.565716,48,15279.032524
5476881.727242,83,15280.569701
109476.908864,250,15285.007966
5386429.084098,84,15286.466499
5421794.283845,87,15287.96691
5460303.540057,65,15289.095059
5477630.993777,72,15290.472398
5504899.639559,61,15291.58313
354781.285906,250,15295.859549
5962834.065537,108,15297.71992
5470805.621062,56,15298.723783
5890283.680205,223,15302.697739
5461593.387116,37,15303.336915
109504.103911,250,15307.786255
5493438.478745,54,15308.74616
5478379.981232,82,15310.172576
5462604.728531,48,15311.031472
6569989.551251,119,15313.106123
5421397.145039,78,15314.493215
5466704.709609,37,15315.136327
5395031.955219,89,15316.693429
5489749.727235,61,15317.755564
5507239.900883,38,15318.363755
5455960.138348,40,15319.114453
5867895.21112,64,15320.211833
5528956.256605,60,15321.267796
5466637.835941,50,15322.1395
5458434.626833,31,15322.684036
5805910.190312,95,15324.275466
5450132.887687,33,15324.876307
5456651.015269,80,15326.320377
5475356.702489,83,15327.810598
5510502.844453,72,15329.139385
5443519.898373,34,15329.755521
5820274.257413,91,15331.332379
6734498.072239,116,15333.350382
5489573.766487,65,15334.442717
6020929.53729,114,15336.458897
5445115.876538,83,15337.906325
5453476.980077,40,15338.580495
5662837.640899,97,15340.293602
5454073.287538,78,15341.682181
5456030.108712,39,15342.371237
5535347.960127,70,15343.614626
5562088.162909,48,15344.462309
5430023.974171,86,15346.010817
5468271.338454,40,15346.732392
5465481.504193,87,15348.353398
5583282.149816,54,15349.30011
5696549.933423,41,15350.046415
195670.786314,250,15392.06298
5767233.127687,107,15393.961404
5431467.619513,55,15394.950466
99531.867297,250,15399.309784
5467024.390359,37,15399.956306
6236772.032543,108,15402.009748
5498260.266209,64,15403.189593
5486269.147614,79,15404.699815
5440031.924272,75,15406.055219
5460495.108818,73,15407.418644
5691558.881251,49,15408.272807
5485334.443625,73,15409.607883
5676995.005908,47,15410.425485
5448266.370195,80,15411.841022
6411742.387485,87,15413.534352
6014941.058588,60,15414.602007
111010.161853,250,15419.273976
5504088.015134,81,15420.874934
952567.306946,250,15425.598614
5685848.369,106,15427.515388
5395200.563735,79,15429.018535
5769952.422777,55,15430.05123
5450939.604612,47,15430.878697
5461024.244808,45,15431.699987
5519726.560317,80,15433.201517
5446136.472255,31,15433.758117
5463628.984413,70,15434.978851
5442637.698512,41,15435.712675
5449461.471155,65,15436.922147
5875426.105865,78,15438.362088
5532247.843808,58,15439.453361
5486432.539117,65,15440.646105
5456705.833294,44,15441.461602
5461077.110735,55,15442.458344
5408006.712693,88,15444.054897
5467523.512786,44,15444.866027
5437103.079411,84,15446.434628
5468750.065055,41,15447.171763
5679984.270129,94,15448.900424
5525567.760531,41,15449.699664
5847752.869011,56,15450.715062
5474865.661348,61,15451.824316
5492589.012856,74,15453.216893
5512770.160952,85,15454.841984
5790646.214311,69,15456.182916
5456801.603249,86,15457.743566
5659429.251039,89,15459.403948
5497180.092096,75,15460.800965
5443337.12327,34,15461.444669
5686196.267994,96,15463.1998
5660188.29396,92,15464.896105
5448940.24043,41,15465.615971
5450228.00442,75,15466.926873
5719147.652107,65,15468.118794
5387877.006682,86,15469.747674
5485898.773648,65,15470.959082
5463754.732234,48,15471.818658
5504597.256058,43,15472.619452
5488902.660588,34,15473.237566
5463393.655223,76,15474.634336
5454315.254348,47,15475.475456
5471412.606732,63,15476.588076
5409626.745694,84,15478.10898
5444413.175363,88,15479.689675
5529686.925843,90,15481.346287
5475229.839634,74,15482.682117
5428712.700562,29,15483.217876
5390978.267009,80,15484.651576
5444413.665114,49,15485.512459
5468989.03434,37,15486.18534
5411084.934694,79,15487.597503
5477990.755112,39,15488.314545
5748655.330643,46,15489.147807
-91880.48711,29,15489.63518
5652935.248997,47,15490.47776
5432743.836737,74,15491.76041
5461721.726826,38,15492.48648
5696389.90895,98,15494.269323
5497015.963523,64,15495.429449
5477874.990204,73,15496.745096
5461685.60012,85,15498.290418
5953065.42148,76,15499.749999
5486537.399539,49,15500.660456
5524366.56979,52,15501.60752
5439089.69472,42,15502.360968
5446528.816973,86,15503.969393
5430316.746484,84,15505.45889
5478301.706288,84,15507.030542
5664352.375873,50,15507.866481
5441410.338164,77,15509.215585
5569893.065229,90,15510.807788
5753810.93661,83,15512.371311
5457908.059922,35,15513.021863
5491204.908925,37,15513.675389
5834230.938203,109,15515.707777
5456978.019006,99,15517.531846
5463143.30132,70,15518.746931
5544755.598946,41,15519.514983
5465315.26064,49,15520.412545
5480792.138256,46,15521.273149
5442829.564239,29,15521.779538
5410556.242958,89,15523.356338
578310.092368,250,15527.68238
5814492.962616,94,15529.365136
5484078.070653,66,15530.471708
6358529.489737,142,15532.905523
5467902.492119,85,15534.411262
5487455.914868,79,15535.768257
5487568.369784,44,15536.57948
157751.469403,250,15540.930752
5495660.064508,40,15541.68207
5462648.119815,84,15543.141111
5657616.522099,54,15544.042478
5430924.673906,30,15544.558865
5448451.807027,33,15545.160796
5832347.078413,58,15546.148056
5509711.080589,63,15547.270951
5439769.947627,30,15547.786111
5458777.21587,38,15548.440173
5476555.691772,62,15549.541227
5424691.41097,86,15551.132637
5519229.654319,82,15552.561382
5760352.247177,102,15554.360704
5866915.555621,52,15555.257584
5458060.600041,31,15555.837135
5434466.32568,32,15556.363732
5458227.199338,38,15557.0238
5432485.634861,29,15557.56073
6143372.566413,115,15559.559628
428961.627112,250,15563.944761
5570567.943176,82,15565.386634
5478009.195217,55,15566.332629
5559053.618121,82,15567.754705
5430652.468988,79,15569.107118
5554178.310921,43,15569.888762
5591328.381475,46,15570.66292
5477696.878629,40,15571.361053
5453770.333563,34,15571.958681
5390025.045715,81,15573.359973
5396118.511785,87,15574.887422
5503393.219648,68,15576.059453
5727727.857384,99,15577.856126
5437739.873046,74,15579.120646
5441452.033408,45,15579.907056
5536158.660858,84,15581.36056
5456717.006271,34,15581.963618
5515880.3037,93,15583.634046
5565807.671805,97,15585.291856
5426876.67602,86,15586.771251
5897434.434718,103,15588.606095
5457446.011944,82,15590.212857
5478993.821128,52,15591.203687
5533854.356155,53,15592.14723
5367792.911102,81,15593.542059
5855659.440395,56,15594.551444
5484346.345982,42,15595.306588
5467578.76944,76,15596.664891
5483491.401717,59,15597.681428
5604591.524801,63,15598.79243
5424121.068569,75,15600.215263
5405622.56791,86,15601.742954
5469274.498815,77,15603.107797
5457028.085348,79,15604.573517
5472333.906824,80,15605.969295
5483384.94974,69,15607.213004
5867646.265076,69,15608.417483
5440737.576546,86,15609.947366
5622321.225372,73,15611.222675
5810999.292538,110,15613.172407
5815185.875666,104,15614.934469
6015620.266908,113,15616.976825
5482986.923635,73,15618.282461
5630181.368654,45,15619.070375
5442722.198892,30,15619.614818
5863276.231059,100,15621.337381
5456246.625663,77,15622.604437
5451334.47178,32,15623.142628
5441680.337875,85,15624.586474
5409622.158247,73,15625.85339
5460536.19265,53,15626.773038
5446029.948913,27,15627.302667
5497480.987054,38,15627.982516
5468704.567449,41,15628.710588
5509539.882539,59,15629.77395
5484479.895932,37,15630.390543
5428041.424701,29,15630.876984
5453222.591371,84,15632.289685
5545441.91361,83,15633.802362
134654.311438,250,15638.152005
5488898.000566,70,15639.375592
5411882.700064,77,15640.809727
5617005.575249,46,15641.620805
5505033.568172,35,15642.238439
5446672.11654,36,15642.876391
5459425.43653,28,15643.410038
5477895.073022,66,15644.677945
5465319.671292,32,15645.261415
5490355.293752,79,15646.753797
5447094.392949,39,15647.472921
6120739.246644,121,15649.69569
5685240.860548,96,15651.521964
5781044.483132,97,15653.333685
5604003.203253,36,15653.992727
5501309.568603,53,15654.981409
5777592.509983,49,15655.924606
5462903.949782,36,15656.574448
5465817.331409,36,15657.244097
5461079.960688,55,15658.247508
5687987.344715,80,15659.721056
5637677.165877,85,15661.378846
5456051.074626,63,15662.549495
5504953.788402,61,15663.70479
5467533.110421,61,15664.821276
127486.574804,250,15669.465742
5462124.072971,62,15670.646189
5424425.417242,86,15672.267972
5469775.952193,58,15673.32433
5748847.393512,98,15675.179228
5439648.940582,27,15675.688348
5495304.800193,50,15676.631626
5412809.671797,81,15678.189154
5455883.505964,80,15679.701308
5486346.176005,52,15680.744518
5387158.972405,87,15682.38124
5637847.060657,42,15683.16346
5535968.156472,83,15684.792331
5484272.159698,80,15686.35667
5465910.238928,72,15687.672929
5477161.701561,74,15689.064504
5855162.525749,100,15690.899839
5478189.153242,53,15691.878737
5476155.076716,49,15692.853098
5389380.986688,83,15694.528497
5439743.677201,84,15696.11522
5430125.453672,40,15696.8949
5457085.735603,40,15697.694814
5380614.356927,89,15699.284273
5556302.669842,73,15700.648357
5406479.398916,90,15702.261355
5448200.913148,30,15702.784729
5451701.5985,65,15703.880738
5432372.098336,32,15704.490084
385796.238006,250,15709.052918
61461.124133,250,15713.619865
5517828.015775,48,15714.450897
5391898.771366,78,15715.899066
5767867.954547,79,15717.332395
5485316.831269,53,15718.300884
5530013.097593,85,15719.837465
5497394.569856,57,15720.921088
5473107.666201,92,15722.686117
5456644.329755,61,15723.808974
5366828.893067,78,15725.209113
5575137.948557,74,15726.552797
5472508.667608,38,15727.255114
5490643.39747,93,15728.932731
5457821.124447,32,15729.490637
5863864.159112,73,15730.799496
5484253.14484,70,15732.093491
5443702.803905,34,15732.713868
5489796.097188,70,15734.019032
5444751.293834,31,15734.583047
5561914.895639,81,15736.088749
5471097.675057,56,15737.106849
5482409.502492,70,15738.339015
5461245.27533,71,15739.687906
5473501.284699,33,15740.288144
5486527.872157,81,15741.762839
5453151.40026,28,15742.26325
5594954.561925,66,15743.429319
5481959.580144,66,15744.627719
5498131.515729,75,15745.978565
5499407.17701,58,15747.071867
5468965.81089,47,15747.927593
5453128.004348,81,15749.349655
5864782.314962,60,15750.470396
5502400.257808,75,15751.847606
5461851.747575,56,15752.850809
5429863.488981,47,15753.746141
5488377.536261,77,15755.178859
5411707.65819,80,15756.661284
5461481.98051,40,15757.404199
5496210.747526,51,15758.340056
5497328.908645,71,15759.593074
5685027.447737,51,15760.541255
5478138.319125,33,15761.111329
5452962.772908,75,15762.407376
5465956.703774,38,15763.049452
5479908.139348,77,15764.435003
5492251.636223,63,15765.490492
5490411.419255,46,15766.245516
5498981.492127,86,15767.806131
5886986.00963,103,15769.748249
5446097.792614,35,15770.350469
5588945.0547,78,15771.660056
5874814.920684,84,15773.096435
5418889.866484,74,15774.372301
5493809.04262,78,15775.767489
6220344.407726,116,15777.752829
5448841.724641,35,15778.359951
5789738.540584,92,15779.959053
5454265.166323,27,15780.420675
5481113.753977,63,15781.498096
5696229.792037,46,15782.328339
5619855.373606,48,15783.204857
5457262.525364,68,15784.382967
5441002.584722,90,15785.955043
5471791.971228,63,15787.030554
5484860.420097,28,15787.522395
5443230.8699,86,15788.973503
5940896.513963,60,15790.073083
5393872.366201,85,15791.563728
5523200.119055,79,15792.991512
5456799.879018,80,15794.477589
5776186.455531,77,15795.824209
5463083.13373,46,15796.62179
5445325.675245,78,15798.016019
5436251.951716,39,15798.734538
5453980.416773,44,15799.506068
5499564.741419,90,15801.08179
5462950.488304,75,15802.401042
5451243.956731,79,15803.810967
5462727.882014,70,15805.076924
5686804.8,98,15806.904487
5438214.790149,81,15808.318925
5480885.82838,36,15808.947706
5447812.501626,77,15810.288861
5440784.950911,89,15811.847557
5548898.541451,88,15813.374784
5458907.108038,34,15813.946218
5477400.852932,75,15815.343385
5840019.256329,111,15817.229886
5628637.38969,65,15818.376208
5471756.106578,83,15819.753947
5472056.400562,56,15820.74573
5847618.621387,106,15822.595111
5457891.33218,39,15823.225121
5448452.15057,32,15823.740838
5452007.20268,80,15825.181683
5460919.550185,70,15826.3872
5411660.744886,87,15827.956512
5461576.550975,40,15828.656946
5480965.254024,72,15829.863492
5480188.357535,43,15830.624319
5494013.317925,66,15831.732221
5433577.766165,29,15832.248358
5488296.476194,70,15833.42023
5432493.882058,84,15834.883121
5427348.170373,84,15836.357882
5464774.240351,29,15836.823034
5785183.985678,68,15837.939196
5649327.414389,71,15839.21049
5452786.506668,38,15839.889598
5447192.714003,35,15840.499213
5508303.115329,76,15841.788944
5528532.735359,63,15842.888852
5396710.58523,79,15844.274621
5426839.285819,79,15845.603251
5804215.917086,98,15847.346769
5476217.172722,70,15848.552791
5437448.564034,31,15849.100236
5454532.120245,76,15850.395838
5445863.762475,35,15851.025156
5398188.512475,88,15852.55825
5458191.512772,82,15854.034631
5458855.509618,66,15855.158654
5427456.408058,34,15855.816629
5440101.799761,90,15857.432666
5491088.307672,66,15858.594122
5511549.755327,62,15859.655134
5474784.997552,75,15861.014575
5483376.579652,70,15862.230645
5502399.543796,64,15863.335718
5787897.870791,100,15865.061658
5469448.230998,47,15865.988334
5458110.372304,55,15866.938156
5447656.752834,31,15867.520137
5509920.750427,67,15868.612961
5398585.225831,79,15870.005298
5450875.961401,30,15870.571049
5672641.360431,47,15871.380852
5447307.864134,39,15872.019858
5521480.211213,74,15873.304395
5465856.096063,89,15874.853333
5469579.50706,56,15875.811835
5521409.495742,88,15877.332484
5516122.087291,77,15878.641917
5458107.89252,77,15879.877598
5803290.201872,53,15880.739192
5483279.275337,38,15881.444768
5519108.938695,85,15883.092962
5496825.122611,57,15884.220598
5454416.77248,79,15885.770305
5438386.68517,27,15886.301802
5465511.180751,71,15887.685197
5466404.967276,41,15888.488289
5843683.760392,57,15889.599257
5377770.26836,73,15891.006855
5468335.174657,61,15892.182346
5448741.361235,87,15893.878433
5361237.376638,76,15895.357188
5471525.873479,54,15896.410727
5418486.925393,27,15896.94878
5512049.984265,36,15897.778098
5447005.182261,28,15898.271607
5479198.735151,73,15899.573771
5432131.324437,72,15900.900957
5477109.367066,40,15901.656911
5454009.923106,34,15902.277337
5441875.350117,34,15902.928542
5756233.22944,93,15904.699154
5452887.385323,35,15905.359635
5435643.298216,32,15905.981633
5380054.744149,85,15907.620804
159937.25676,250,15912.475536
5431650.212325,29,15913.044816
5879282.591023,101,15915.01245
5499989.434967,68,15916.370836
5859486.483189,59,15917.588017
5464684.551534,32,15918.159338
5434085.266079,90,15919.797982
5445407.678315,78,15921.265077
5437528.168371,27,15921.779824
5724606.740859,44,15922.623677
5468719.410427,37,15923.359344
5457156.789603,81,15924.947743
5455053.58222,50,15926.053639
5410543.317184,79,15927.717401
5788471.697725,105,15929.703761
5448547.331288,90,15931.518949
5598020.831957,88,15933.120832
5626843.885083,73,15934.54254
5426867.992787,86,15936.18044
5394098.035957,73,15937.610721
5464410.46947,85,15939.304488
5443153.311903,78,15940.795431
5440772.076718,92,15942.596773
5745364.243303,72,15943.852809
5458116.078077,41,15944.65528
5475776.614799,37,15945.308788
5482946.434084,92,15946.98936
5460968.264109,36,15947.652272
5470007.788336,52,15948.625018
5426053.554656,72,15949.865471
5525749.024089,75,15951.200886
5464918.75725,29,15951.74426
5461886.661834,39,15952.43902
5742333.858754,49,15953.290268
5373116.15601,79,15954.719251
5413231.326152,90,15956.379791
5470207.599289,55,15957.399683
5484164.409405,71,15958.697076
5456420.671663,68,15959.915962
5451920.265722,29,15960.462321
6208866.504905,75,15961.858306
5431875.14321,83,15963.401771
5439596.909817,44,15964.215016
5436097.924017,29,15964.754009
5450712.04989,36,15965.380026
5459114.827625,31,15965.954168
5502544.530335,60,15967.055279
5686116.561603,99,15968.895048
5641517.982534,95,15970.604464
5403983.534734,86,15972.185475
5476330.29097,41,15972.957816
5450991.19357,38,15973.69504
5450891.798585,41,15974.445517
5459695.03957,34,15975.089651
5367152.991797,84,15976.615187
5471151.605991,67,15977.873576
5484918.749513,35,15978.543868
5419940.12936,27,15979.049981
5477931.886074,62,15980.199817
5394693.057422,92,15981.899613
5448536.753289,42,15982.60853
5783320.383688,91,15984.294699
5480919.359495,73,15985.608375
5836710.074484,57,15986.680443
5459700.450771,76,15988.106781
5385495.850147,68,15989.372145
5498370.265803,78,15990.811132
5375146.765884,82,15992.316662
42267.1243,250,15996.809323
5688685.378632,57,15997.841167
5415339.686111,79,15999.201711
5574335.557081,61,16000.334876
5476235.400233,35,16000.982146
5393578.078288,79,16002.386575
5544933.691357,53,16003.326531
5445450.049421,32,16003.867182
5469124.55267,64,16005.04655
5480906.119509,69,16006.253682
5458950.571285,36,16006.912863
5515219.734532,63,16007.94372
5900956.524391,105,16009.770177
5462846.336828,36,16010.400126
5399529.235388,94,16012.049985
5460444.423696,83,16013.476191
5392825.714219,76,16014.835966
5439396.988279,32,16015.423884
5466972.009687,37,16016.099997
5673847.713364,100,16017.880431
5487096.832726,63,16018.977913
5429040.554897,27,16019.442463
5468265.827409,64,16020.540999
5459719.84363,47,16021.369737
5389513.327177,85,16022.916832
5481452.698122,51,16023.825267
5404732.826656,80,16025.206731
5447125.850548,53,16026.131189
5471426.80262,65,16027.323557
5621339.168637,42,16028.061842
6837220.038924,103,16029.810263
235426.437361,250,16034.30211
5429287.402175,27,16034.804383
5438203.401383,79,16036.166499
5419333.97574,91,16037.778549
5467466.141579,84,16039.222591
5442819.119847,27,16039.704581
5453235.443609,33,16040.283698
5483578.816967,57,16041.262121
5454338.591724,32,16041.82048
5488037.096168,54,16042.749162
5488314.08463,38,16043.405204
5486164.579274,75,16044.708869
350868.296381,250,16049.220386
5479151.890642,80,16050.555054
5459718.959785,40,16051.252203
5441401.175754,43,16052.080584
5433174.145324,32,16052.638829
5430185.390317,76,16053.925921
6516631.644683,121,16056.034221
5531204.709694,38,16056.657762
5635744.774948,69,16057.885378
5486782.942153,82,16059.283026
5484592.534233,79,16060.711767
5457068.830766,34,16061.28867
5472618.616245,77,16062.588846
5463040.696204,72,16063.848034
5451980.380951,58,16064.877595
5478570.768921,49,16065.72944
5377160.145205,73,16067.025058
5473187.451118,64,16068.160699
5551496.607206,38,16068.852133
5473996.07428,40,16069.54235
5436254.910688,28,16069.989289
5431053.775167,80,16071.369511
5745790.540786,112,16073.354655
5531758.09958,43,16074.083486
5495211.819492,68,16075.316925
5474438.693577,70,16076.564195
5454452.027767,32,16077.158524
5484318.473512,65,16078.265489
5446352.785326,74,16079.544587
5585359.237886,57,16080.555704
5785128.34189,100,16082.284234
5552103.384196,66,16083.44233
5468904.034094,73,16084.605616
5434968.977353,42,16085.341699
5477951.392686,48,16086.210363
5410645.742203,84,16087.660969
5484247.350418,75,16088.984007
5440502.062407,31,16089.542249
5480981.921309,41,16090.248407
5463973.574029,82,16091.74331
5451714.708869,30,16092.300302
5443459.581635,83,16093.817119
5504330.360194,72,16095.128186
5452921.149832,28,16095.641499
5608989.17537,81,16097.060074
5455088.947279,32,16097.625001
5485871.003285,81,16099.022383
5451226.246659,71,16100.233829
5501273.641085,76,16101.600544
5445266.200921,36,16102.203567
5467603.273882,53,16103.138099
5802433.110979,50,16104.001794
5460877.78342,70,16105.225223
5416016.718587,83,16106.645133
5520402.935725,80,16107.964762
5474123.479863,51,16108.871573
5487426.230184,54,16109.802946
5523486.865997,55,16110.729283
5460237.192498,66,16111.864501
5491439.85338,40,16112.562489
5440541.877793,79,16113.906934
5467948.630933,34,16114.526536
5463540.992348,55,16115.535359
5467700.553362,79,16116.895148
5433493.018172,32,16117.430713
5441130.531392,29,16117.934161
5461581.91186,76,16119.240965
5476149.308593,79,16120.658186
5784585.015133,142,16123.310014
5458885.176079,27,16123.852483
5474824.012224,40,16124.591044
5867818.926867,89,16126.243091
5376326.027469,81,16127.704156
5462846.015079,80,16129.212519
5667720.203368,99,16131.028106
5474093.400016,70,16132.337989
5418157.910012,86,16133.927437
5531801.899701,56,16134.968974
5463620.0689,66,16136.152632
5486499.934483,73,16137.533675
5482130.570955,85,16139.169955
5447965.523255,31,16139.755048
5462554.525072,31,16140.316093
5476608.224571,38,16141.016728
5390512.477669,88,16142.722723
5497409.691034,77,16144.105133
5472054.642366,78,16145.570885
5448330.968364,28,16146.072407
6061791.743086,70,16147.348369
5377106.19882,79,16148.803666
6061399.23996,90,16150.493164
5451097.652566,37,16151.211978
5509699.420374,65,16152.471906
5603086.204489,60,16153.641597
5412306.926453,88,16155.202421
5461268.020625,77,16156.633524
5442044.163663,34,16157.242667
5842348.144949,70,16158.529239
5481199.671595,74,16159.804013
5446892.276159,29,16160.332269
5534613.078626,74,16161.727288
5469608.487532,48,16162.604101
5506350.816187,73,16163.923339
5482655.772237,33,16164.499639
5454632.215898,78,16165.912281
5433163.710975,88,16167.571408
5487200.719251,32,16168.237568
6017633.253428,119,16170.469421
158932.171478,250,16175.133007
5480388.540907,37,16175.815247
5998967.550529,116,16177.935856
5519591.948668,52,16178.903395
5464958.959248,87,16180.488863
5399145.182083,73,16181.86622
5459992.783951,47,16182.774287
5492103.310957,65,16184.028446
5455551.289976,31,16184.56292
5488546.582768,66,16185.725112
5470638.129085,79,16187.190879
5449560.958878,36,16187.877599
5495528.54036,86,16189.391904
5446614.915976,81,16190.890472
5433283.725537,28,16191.382704
5672115.205609,44,16192.203713
6084971.904288,115,16194.325023
5415541.160478,87,16195.910339
5997127.581585,83,16197.397219
5437409.277458,32,16198.046663
5447599.400009,31,16198.611993
5464571.302264,69,16199.862016
5493442.710924,66,16201.070052
5484361.344507,70,16202.346216
5472306.059141,90,16204.003994
5468839.218285,64,16205.130035
5477059.121817,56,16206.174439
5483402.96817,79,16207.636414
5474969.286078,57,16208.681165
5423098.91311,91,16210.340412
5450136.031781,32,16210.927055
5637398.54492,74,16212.307049
5434626.828838,32,16212.945633
5410210.114831,85,16214.501177
5438656.928206,32,16215.132203
5472013.17576,49,16216.007325
5457417.20206,32,16216.56822
5476554.643615,76,16217.918948
38321.146705,250,16222.591201
5488862.907336,77,16224.041811
5418983.099197,82,16225.679692
5460484.855176,52,16226.667427
5459757.006102,78,16228.137277
5484200.272569,77,16229.596993
5484979.928918,72,16230.906487
5815435.377262,52,16231.925513
5607671.610244,45,16232.783138
5485069.440236,52,16233.771159
5460046.019119,51,16234.713506
5466664.779215,59,16235.821018
5439233.80039,34,16236.478545
5466354.057999,72,16237.908083
5462138.295217,66,16239.171208
5509615.892771,62,16240.401829
6377244.530628,123,16242.697907
5467991.754832,86,16244.247944
5493854.027422,40,16244.946512
5451947.925872,29,16245.461371
5429240.7719,33,16246.07059
5439138.615443,32,16246.655941
5384339.132301,84,16248.170059
5452210.858362,79,16249.608861
5515482.78563,36,16250.290382
5492142.438779,81,16251.791249
5385021.3953,86,16253.362864
5478151.841519,49,16254.299337
5822627.207753,46,16255.076146
5464317.922957,49,16255.955899
5468827.616194,80,16257.343959
5403652.171336,87,16258.882789
5379150.598343,84,16260.407058
5390960.372229,86,16261.909013
5456448.895859,75,16263.216701
5414717.191872,88,16264.723315
5369943.455977,87,16266.241642
6074401.312217,65,16267.391959
5841188.793801,65,16268.526141
5481492.83237,58,16269.579408
134632.343457,250,16274.037122
5474750.987425,67,16275.230807
5481798.093346,54,16276.180477
5427715.141646,35,16276.807718
5493199.173486,79,16278.19921
5421929.773597,81,16279.62397
5437668.089236,79,16280.990932
5565108.521166,87,16282.573729
5516160.915533,81,16283.993165
5431811.886133,32,16284.541217
5446727.220741,28,16285.035466
5660554.218462,47,16285.920578
5541076.705476,92,16287.55329
6132093.655707,87,16289.044093
5506035.126715,75,16290.378066
5460170.180422,32,16290.949329
5460043.906339,30,16291.528802
5380638.378233,85,16293.002573
5459134.570415,34,16324.176687
5458227.147602,43,16325.082528
5957141.005697,73,16326.31413
5459395.571549,91,16327.909976
5465049.057977,73,16329.201215
5483727.653747,52,16330.125091
5506109.226767,66,16331.340798
5364094.211791,83,16332.817924
5389927.187894,78,16334.263016
5410847.710393,85,16335.734845
5520614.190442,74,16337.052394
5840709.257609,54,16338.050292
5694478.719112,88,16339.62706
5480134.505028,72,16340.872635
5426404.51902,78,16342.29262
5484740.319009,31,16342.811227
5426934.842595,33,16343.385127
5463854.009655,56,16344.33157
5485206.588282,61,16345.367935
5434810.786785,34,16345.975698
5519813.887319,71,16347.131787
5476143.9919,41,16347.823253
5403359.452341,77,16349.209441
5455401.015663,79,16350.575913
5467457.377079,80,16351.960564
5650922.345131,105,16353.80005
5447694.135898,52,16354.729767
5395681.01499,80,16356.115066
5489248.545612,43,16356.878356
5431609.121292,84,16358.317517
5640569.257893,54,16359.267159
5501224.447425,80,16360.686292
5456372.662518,81,16362.123765
5777225.27196,239,16366.632151
5453547.125148,32,16367.203818
5388747.830508,77,16368.66293
6253498.978343,129,16371.085694
5438968.971103,32,16371.67759
5484676.24573,75,16373.077675
5454907.58558,74,16374.473057
5431379.616759,77,16375.848601
5410556.107942,74,16377.231219
5730442.40182,53,16378.222957
5468255.593933,81,16379.733509
5754848.57418,103,16381.646003
5409013.92749,83,16383.202992
5451720.855332,33,16383.790084
219869.137759,250,16388.496748
5472928.23225,80,16389.935224
5440643.661004,78,16391.323889
5496722.633047,67,16392.61213
5510676.617947,77,16394.076818
5429475.36475,27,16394.577239
5438559.644935,53,16395.538181
5715742.36443,72,16396.861707
5458754.765417,39,16397.589074
5437399.454319,31,16398.151994
5655816.719971,74,16399.520159
5518374.607456,42,16400.294911
5430851.579608,81,16401.723863
5740718.802858,75,16403.157751
5460402.137721,36,16403.800356
5453845.233452,37,16404.421725
5439742.200382,37,16405.085109
5452893.000168,43,16405.882439
5456470.62685,29,16406.42609
5480744.220899,37,16407.09435
5419405.292572,81,16408.553491
5456376.649998,27,16409.042646
5457866.113074,32,16409.639124
5474409.579327,62,16410.81458
6009563.20872,66,16412.01376
5430587.931255,28,16412.520293
5430321.442787,86,16414.177138
5460454.220843,71,16415.477869
5463203.399661,54,16416.492712
5466927.916011,34,16417.159249
5454334.655391,79,16418.651469
5345817.818486,83,16420.194269
5399022.839882,88,16421.7664
5411738.331184,85,16423.304209
5479571.256456,35,16423.928089
5405417.444166,89,16425.491777
5498910.851734,85,16427.105429
5384303.501088,83,16428.674088
5445459.880829,30,16429.210982
5715127.80059,50,16430.131292
5871039.262427,100,16431.878371
5460855.372661,76,16433.231723
5388246.22776,91,16434.860787
5498436.238608,69,16436.118427
5451339.31477,85,16437.573883
5397355.948336,86,16439.105137
5491436.96691,79,16440.52879
5428144.03776,28,16441.014218
5479737.990306,28,16441.563091
5482631.812537,69,16442.858524
5488372.007897,71,16444.134456
5432346.025657,35,16444.713593
5394704.358638,88,16446.273056
5476807.489681,104,16448.157873
5440464.728964,30,16448.679721
5415618.420077,81,16450.184705
5454111.417626,38,16450.857136
5442325.557139,83,16452.321742
5454863.652599,32,16452.920819
5472871.295078,34,16453.527492
5522973.870986,82,16455.056911
5462584.632462,71,16456.310651
5484384.633971,68,16457.548725
5467412.91513,64,16458.726437
5430637.609575,30,16459.241148
5489599.848747,66,16460.457675
5433922.564803,83,16461.985597
5582261.892261,78,16463.376307
5470604.722158,67,16464.590551
5496533.508631,88,16466.207355
6686703.328969,155,16469.088551
6577330.636824,110,16471.056612
76715.104946,250,16475.626959
5466797.361759,50,16476.530803
5669462.089813,186,16479.869512
5493197.108027,38,16480.557121
5423677.996788,81,16481.980332
5474822.89961,39,16482.670998
5454451.935069,32,16483.243191
5467727.062158,49,16484.099711
5508144.510671,77,16485.481049
5591443.215689,85,16486.927284
5461681.961013,91,16488.515991
5466099.125332,33,16489.111414
5461129.043359,77,16490.389864
5567830.622876,77,16491.695005
5445850.921949,31,16492.264728
5488045.274205,42,16493.011548
5468134.230415,36,16493.620743
5400202.456568,82,16495.045253
5468046.904189,61,16496.118963
5426593.878658,32,16496.657994
5456291.417918,54,16497.584207
5372112.510652,90,16499.170429
5433448.346216,34,16499.856504
5485594.717169,83,16501.317027
5490619.363674,84,16502.826205
5484400.456869,78,16504.238669
5594053.158091,42,16504.905198
5518140.26248,71,16506.049152
5589148.421607,83,16507.465188
-104570.172912,15,16507.738627
5467698.344256,77,16509.10284
5762666.370307,233,16513.249683
5385083.959617,84,16514.702401
5456570.77662,78,16516.00643
5870760.369901,103,16517.804051
5460318.401959,34,16518.412685
5459181.792542,79,16519.814129
5494949.36048,83,16521.283893
5463930.31937,41,16522.033588
5449719.517911,42,16522.760446
5456260.823013,73,16524.066322
5447783.495026,82,16525.501164
5484395.562091,63,16526.614883
5613134.310307,80,16528.067753
5424379.419504,79,16529.430371
5488811.460561,81,16530.837978
5379511.800287,117,16532.978297
20545.126709,250,16537.361308
-2332.735999,250,16541.741279
5410142.965343,82,16543.224799
5446005.092966,30,16543.721931
5471926.963591,76,16545.047451
5497497.646919,79,16546.415805
5396128.726154,87,16547.948037
5963824.15993,69,16549.134215
5490075.948114,67,16550.308184
5479288.894139,50,16551.213286
5590698.717028,90,16552.760939
5450299.703754,60,16553.779519
5475448.21967,74,16555.050669
5487921.245643,58,16556.050385
5496773.747953,47,16556.8829
5466937.896564,75,16558.201013
5458255.410012,69,16559.314918
5503248.626644,80,16560.615594
5479927.928901,40,16561.31864
5443016.032046,29,16561.825492
5469929.032255,45,16562.598406
5530875.342681,82,16564.088529
5458140.17954,83,16565.583966
5766040.983802,64,16566.733222
5510336.109131,63,16567.854159
5480021.067862,36,16568.482275
5446021.428812,78,16569.829259
5479082.493474,80,16571.18817
5469233.566343,86,16572.729509
5495360.96907,73,16574.008064
5553013.925758,96,16575.662354
5459544.098782,32,16576.274511
5491392.937742,50,16577.148701
5455329.062943,38,16577.822412
5447941.662819,43,16578.585536
5406676.534978,83,16579.960891
5468583.733428,89,16581.544916
6135417.940953,84,16583.030428
5485188.895189,77,16584.388916
5483919.453323,66,16585.603381
5498930.555658,68,16586.903624
5425792.391959,83,16588.379785
5403718.882913,80,16589.759485
5449683.059374,84,16591.234495
5436474.538815,78,16592.608107
5441455.202921,37,16593.258667
6442376.367855,112,16595.262794
106272.046202,250,16599.596598
5477272.026151,49,16600.434633
5436544.670215,83,16601.893741
5449199.454921,81,16603.414566
5939477.79046,105,16605.358518
5480097.012993,88,16606.965034
5499963.61219,55,16607.993845
5522032.813075,79,16609.482076
5490494.975231,81,16610.970479
5436469.985895,76,16612.351679
5535730.697134,71,16613.648516
6205569.646188,100,16615.469785
5470728.432666,57,16616.524253
5475354.41514,83,16618.088381
5611620.797084,55,16619.082171
5399847.980715,90,16620.779627
5490005.175551,35,16621.481747
5476783.047644,77,16622.883771
5430229.078853,33,16623.49049
5421936.006814,80,16624.974496
5476467.277664,41,16625.711407
5474156.308163,38,16626.427442
5451898.280592,38,16627.14045
5397440.829491,69,16628.429754
5459572.673179,84,16629.923239
5443779.0082,80,16631.376103
5509280.794577,63,16632.539986
5460428.246228,39,16633.282981
5445050.035214,35,16633.90726
5443476.706929,32,16634.514018
5798960.139672,58,16635.59848
5375461.93956,76,16636.983336
5516795.158598,76,16638.439632
5482248.748582,66,16639.652857
5380523.789038,87,16641.228863
5759821.152667,70,16642.526919
5415721.79186,80,16643.994647
6010055.935382,66,16645.185706
5454245.946748,87,16646.801021
5453657.635193,72,16648.094143
5451023.034957,40,16648.864685
5465296.17264,70,16650.210009
5463330.771852,34,16650.878252
5438369.480237,88,16652.527031
5453881.814828,83,16654.070952
5453790.342739,37,16654.778634
5639702.735794,78,16656.161095
5445050.989825,35,16656.812727
5487473.29794,40,16657.544258
5482139.734424,36,16658.183258
5597150.996448,41,16658.936304
5485127.591971,38,16659.641503
5947855.635522,114,16661.778119
5450275.40446,28,16662.279019
5678536.308583,45,16663.090157
5466853.105626,65,16664.262371
119351.887856,250,16668.796092
5510433.23089,55,16669.789021
5394407.553288,90,16671.40449
5477769.651133,57,16672.396818
5459754.512882,80,16673.851802
5449303.70095,28,16674.359331
5452744.775485,74,16675.672575
5503442.696398,38,16676.345653
5498627.632232,66,16677.577025
5523808.35028,92,16679.243993
5493437.061768,72,16680.529804
5434380.152364,35,16681.153171
5459166.232448,59,16682.224586
5375816.019164,77,16683.602261
5395461.197648,86,16685.045672
5454713.100933,43,16685.839917
5435196.283859,87,16687.345942
5447376.410637,74,16688.701833
5402549.753517,88,16690.262091
5626539.525109,78,16691.664363
5482800.729307,49,16692.549738
5392793.06899,82,16694.00022
5484757.832988,88,16695.623069
5386466.833481,88,16697.251758
5458001.92197,54,16698.235392
5521036.273659,81,16699.709692
5468825.095729,37,16700.378045
5479579.357455,34,16701.005124
5430749.336164,83,16702.539679
5457406.259036,61,16703.64702
5490840.359226,71,16704.944716
5654781.733757,84,16706.482037
5474967.217346,89,16708.132218
5543299.303014,42,16708.90282
5437959.036322,34,16709.510428
5538424.761678,92,16711.231263
5447881.392405,86,16712.763602
5482178.291252,33,16713.364656
5781236.020973,101,16715.224876
5505105.846761,40,16715.931805
5403070.328865,83,16717.369707
5896655.940442,84,16718.842506
5482987.232271,73,16720.17147
5507560.038944,132,16722.534658
5453973.994407,41,16723.294426
5581826.174763,48,16724.11563
5471813.82013,82,16725.541781
5892750.820567,58,16726.525784
5439540.490006,32,16727.062241
5487590.32826,76,16728.375259
5443733.621064,31,16728.943091
5385547.381191,77,16730.330184
5489702.653356,68,16731.573617
5465443.197898,65,16732.760204
5420271.54184,28,16733.278739
5471695.403269,66,16734.412583
5547712.991517,77,16735.804158
5408346.088481,88,16737.383429
5477673.622714,86,16738.860376
5467494.426952,72,16740.118577
5454197.198055,33,16740.724402
5442543.267998,31,16741.246224
5482420.465659,47,16742.105868
5422476.96344,80,16743.46149
5410848.329316,77,16744.803674
5458365.147552,28,16745.297545
5536443.90726,46,16746.097824
5439145.271083,32,16746.644245
5502725.313716,62,16747.761717
5468373.321009,57,16748.778611
5471743.847713,27,16749.237049
5464923.767785,40,16749.945935
5401513.148704,83,16751.374554
5439692.769599,33,16751.952005
5438395.688189,81,16753.383045
5860338.861695,98,16755.065411
5676358.015535,65,16756.152376
5482335.108617,73,16757.394457
5474108.017701,67,16758.566937
5577949.920837,71,16759.795092
5436303.860129,33,16760.389352
5384514.289233,76,16761.689197
5456774.085296,34,16762.306787
5475257.314337,73,16763.555418
5451981.507804,79,16764.952753
5397728.494733,76,16766.317042
5793945.604587,94,16768.028398
5461730.835545,38,16768.694978
5404079.748889,81,16770.166368
5471954.32889,57,16771.166457
5433920.244204,80,16772.558223
5474906.936599,39,16773.23108
5440133.657423,48,16774.080478
5468642.390419,78,16775.448917
5644215.10857,41,16776.202399
5455789.272319,37,16776.821956
5478509.335325,68,16778.006542
5837971.21592,101,16779.827667
5455299.099957,40,16780.51425
5511267.358356,84,16782.011931
5458175.325806,33,16782.548248
5390185.483901,81,16783.856376
5453637.487359,75,16785.121198
5462629.765076,34,16785.728246
5477449.480184,80,16787.161174
5451215.198876,79,16788.573669
5458486.887087,32,16789.168516
5489721.471931,50,16790.07325
5506658.252532,75,16791.383195
5434772.83061,27,16791.858048
5505591.148265,55,16792.873163
5356074.707923,83,16794.370282
5460964.090243,34,16794.970658
5476748.765806,90,16796.607617
5473691.911279,36,16797.236548
5438839.956029,35,16797.873
5427900.005713,76,16799.212336
5459614.017212,39,16799.910074
5446522.102698,30,16800.455936
5482073.332614,81,16801.908262
5441205.73784,32,16802.466999
5432303.697386,88,16804.004361
5681090.540883,46,16804.784031
5482552.064403,48,16805.582444
5469709.752067,82,16807.105493
5473198.398463,46,16807.913458
5446317.632182,34,16808.526822
5492445.515732,83,16809.967057
5463472.426794,32,16810.523951
5474157.809401,75,16811.887323
5574962.043705,43,16812.599643
5435041.22123,32,16813.197583
5460624.236481,77,16814.538619
5434401.858052,86,16816.026726
5417090.626542,82,16817.518495
5489169.880354,85,16818.993598
5405364.147826,84,16820.485268
5523249.626968,43,16821.284407
5460045.419476,79,16822.662255
5436908.858097,84,16824.159969
5501198.533111,65,16825.338074
5511912.296645,58,16826.430379
5430377.747234,80,16827.868816
5448080.904533,32,16828.419366
5914171.813716,64,16829.489667
5506041.4939,65,16830.689898
5574435.905133,91,16832.246029
5386189.820053,85,16833.790442
5475901.075679,38,16834.42188
5468589.570133,35,16835.044787
5485001.802081,79,16836.354442
5478809.819565,72,16837.605685
5434621.96335,74,16838.896986
5477228.711774,73,16840.238072
5485841.711935,54,16841.125012
5794211.7198,58,16842.186841
5720885.499336,107,16844.097705
5467984.971377,50,16845.036656
5516049.434906,80,16846.554778
5445552.810528,38,16847.261713
117225.62703,250,16851.776675
5451170.63155,38,16852.492374
5420311.463846,32,16853.082863
5401419.653311,80,16854.656134
5879579.382145,105,16856.664085
5436804.06968,82,16858.184144
5818506.622643,93,16859.979306
5457322.807466,34,16860.587878
5453560.330367,35,16861.229015
5440018.559833,28,16861.747862
5470770.28166,36,16862.38511
5611456.368725,84,16863.97412
5537019.519454,30,16864.512229
5365259.097925,90,16866.137233
5459089.659578,80,16867.574641
5459260.537647,34,16868.210099
5438045.975434,85,16869.771465
5536115.534872,78,16871.177244
5500416.612898,60,16872.326264
5822963.78479,61,16873.491134
5587192.822508,45,16874.358878
5469722.030035,27,16874.852496
5482172.001988,58,16875.89028
5450412.977667,76,16877.317749
5487874.410852,77,16878.731439
5477627.26748,30,16879.283716
5515179.690612,83,16880.781121
5454186.39134,35,16881.414955
171311.702486,250,16886.268762
5553772.222334,94,16887.993044
5497511.867655,83,16889.602541
5652429.959059,94,16891.376089
5457167.80202,69,16892.616927
5432020.599787,25,16893.073208
5511658.750831,78,16894.529143
5447842.028754,31,16895.104917
5485569.47036,66,16896.289168
5420559.813663,76,16897.63302
5382634.188708,83,16899.179017
5476406.487675,44,16899.947455
5731573.065884,50,16900.911617
5487873.192303,37,16901.677922
5477689.178544,54,16902.640089
5461921.965681,77,16904.066618
5465782.782681,55,16905.079301
5456222.880375,35,16905.721601
5410659.875892,82,16907.233311
5483513.320589,82,16908.738179
5460660.07859,27,16909.225879
5480664.389702,70,16910.484076
5453231.505327,42,16911.277617
5477042.192728,79,16912.683061
5537447.084908,90,16914.304464
5463126.940065,35,16914.939878
5483115.872552,46,16915.798602
5520678.535743,81,16917.271108
5482829.033328,40,16917.995341
5473704.205962,53,16918.899646
5448789.623378,35,16919.531223
5487690.153344,52,16920.545065
5466814.031958,34,16921.19074
5453001.871642,28,16921.709362
5393932.76843,90,16923.287489
5466359.40853,79,16924.726729
5447495.893148,114,16926.790756
5411706.836146,79,16928.198607
99257.137257,250,16932.876166
5458309.885187,76,16934.30178
5471143.809158,86,16935.851266
5451455.013147,80,16937.264391
5411081.993165,81,16938.730319
5538971.228438,48,16939.578708
5500966.442181,73,16940.844971
5471424.182021,75,16942.207234
5465299.45775,38,16942.890574
5461252.153522,33,16943.492065
5892692.083683,102,16945.341627
5443488.680427,32,16945.936195
5798707.081032,103,16947.791845
5437933.339179,87,16949.411675
5794414.55594,87,16951.041193
5505375.380353,70,16952.286893
5882810.154112,98,16954.094399
5481453.120931,61,16955.182224
5406091.644408,93,16956.929069
5437473.531196,44,16957.739807
5468855.733005,98,16959.530186
5437566.922439,84,16960.99795
5463795.968701,35,16961.646863
5459061.811787,79,16963.02964
5481892.044658,84,16964.52168
5470149.252011,30,16965.044882
5437126.146189,86,16966.504807
5461353.841743,79,16967.859363
5461439.673879,30,16968.387503
5556406.670331,93,16969.958755
5554235.092572,63,16971.094944
5466325.347749,57,16972.04342
5426460.482434,29,16972.572665
5498815.283796,56,16973.556336
5461298.071374,40,16974.260999
5494519.576755,71,16975.513947
5438893.087154,94,16977.15636
5484125.628113,77,16978.522661
5468975.81662,100,16980.345506
5482527.10181,80,16981.742021
5463072.932302,77,16983.082217
5465754.396558,33,16983.676251
5590297.383534,90,16985.246613
5488185.165421,60,16986.279215
5447862.079945,54,16987.247142
5458235.773528,40,16987.970418
5495677.767171,72,16989.268911
5455534.458604,39,16989.971271
5456080.535515,47,16990.796692
5457969.386845,31,16991.342902
5438512.537662,30,16991.905867
5611726.664685,86,16993.374291
5431648.555021,33,16993.940148
5456477.4672,81,16995.289458
5489695.067729,70,16996.476371
5477758.541708,71,16997.709284
5427887.239368,85,16999.167703
5453716.468438,84,17000.588111
5555243.615287,74,17001.897971
5484814.571047,46,17002.697866
5532765.717633,88,17004.212035
5466094.334888,81,17005.729455
5489818.676358,69,17006.915159
5461916.120937,44,17007.744848
5454357.63894,33,17008.294323
5477439.524343,80,17009.655982
5396408.622288,83,17011.05942
5490575.07219,27,17011.495623
5449944.467198,34,17012.078778
5470145.607492,36,17012.717874
5649293.848005,39,17013.402989
5437403.604135,73,17014.676525
5500790.883754,47,17015.440965
5459236.849406,37,17016.063144
5449708.654165,33,17016.661644
5458209.652062,30,17017.181338
5489254.687617,68,17018.397313
5456971.99402,81,17019.836397
5492585.190867,82,17021.267045
5483760.169682,85,17022.737646
5460982.820919,38,17023.392034
5479657.240833,83,17024.848227
5452702.513718,78,17026.241755
5530534.097387,75,17027.542187
5923773.809612,102,17029.304012
5480869.363648,32,17029.871265
5442592.586879,32,17030.400484
24093.432108,250,17034.874017
5443654.756375,41,17035.555733
5516799.180215,63,17036.6833
5483647.023037,90,17038.297494
5444710.44129,38,17038.977521
5431482.650613,28,17039.473617
5435817.469354,37,17040.122556
5496847.562726,57,17041.10903
5441630.365769,77,17042.475345
5490175.143639,41,17043.192576
5498017.010633,65,17044.334548
5545690.39002,85,17045.723412
5623078.564324,81,17047.0698
5486054.792122,49,17047.93043
5465634.906233,80,17049.327621
5502289.67091,65,17050.578409
5438284.402559,76,17051.907268
5443979.462641,35,17052.518392
5443552.828339,32,17053.082722
5469500.544336,80,17054.493902
5847802.815908,52,17055.432625
5367591.344684,84,17056.797147
5850161.804762,71,17058.037636
5453971.732339,29,17058.586327
5469335.400655,41,17059.31875
5480041.740214,69,17060.429202
5505402.596018,80,17061.880357
5771450.97924,54,17062.8001
5435273.421596,77,17064.127349
5445655.995345,37,17064.824932
5825778.701548,96,17066.54457
5503672.313227,60,17067.658564
5485032.012016,40,17068.337108
5603087.973313,83,17069.764209
5500169.825452,74,17071.033476
5464705.920922,31,17071.599024
5472990.356069,87,17073.091127
5453345.642202,89,17074.645674
5486345.935199,37,17075.267368
5476152.823257,77,17076.63915
5382378.250602,84,17078.090371
5458171.082546,32,17078.646938
89206.989284,250,17083.070836
5403789.15422,85,17084.616265
5447047.104681,79,17086.009817
5379059.275242,81,17087.465203
5452030.045569,35,17088.124779
5485806.973434,74,17089.441592
5456418.20471,79,17090.903737
-4513.7219,250,17095.546527
5486762.544629,80,17097.068394
5436568.92841,79,17098.565627
5430362.79135,84,17100.223703
5401868.850638,79,17101.622544
5567197.807012,46,17102.46698
5413012.445861,77,17103.874228
6697231.129314,101,17105.759736
5462285.341175,37,17106.418995
5366766.015932,74,17107.789464
5507163.129134,73,17109.185737
5462133.475971,84,17110.748274
5472523.368438,36,17111.403015
5693902.652139,49,17112.298271
5481106.126384,53,17113.266874
5565131.648531,43,17114.093598
5890401.994069,67,17115.321316
5481891.989823,69,17116.586317
5441788.735913,38,17117.278315
5470391.692623,38,17117.93078
5766720.463046,48,17118.845925
5460250.337315,77,17120.402395
5498635.758928,79,17121.883498
5450732.994556,54,17122.900305
5740774.84842,70,17124.25267
5440289.612029,73,17125.599761
5463303.539241,39,17126.323737
5474592.364812,76,17127.733721
5515282.658406,70,17129.053777
5498207.52142,36,17129.708063
5441742.870913,34,17130.364641
5531276.062339,67,17131.592918
5496431.592291,80,17133.101708
5507859.669652,64,17134.302112
5481369.276966,86,17135.844567
5718873.804138,46,17136.737755
5464012.648102,60,17137.883109
5452647.363622,35,17138.508617
5484940.046027,81,17139.993737
5436052.965096,82,17141.491272
5596821.962406,52,17142.39063
5441894.460962,27,17142.899313
5454658.65445,33,17143.499585
5447483.741975,40,17144.20413
5412233.076279,78,17145.609823
5457089.502786,79,17147.032824
5477205.720622,74,17148.374331
5431120.810224,31,17148.9153
5411504.602985,80,17150.366047
5469132.06711,67,17151.615299
5453836.162434,33,17152.204971
5555550.279888,105,17154.150685
5436031.417769,82,17155.65545
5456096.952189,39,17156.37468
5726203.800311,49,17157.282591
5475887.595195,86,17158.805173
5488392.759861,38,17159.514842
5400975.883411,79,17160.900663
6806885.491404,113,17162.936929
5474567.405075,85,17164.417216
5623513.179701,90,17165.997038
5652141.790693,46,17166.860121
5500791.217159,43,17167.606062
5421099.198328,89,17169.218829
5420600.671407,90,17170.957684
5460789.614935,44,17171.777191
5483215.130404,74,17173.064316
5431663.221346,31,17173.653734
5784546.76409,88,17175.210301
5466977.913521,61,17176.304329
5427816.619051,34,17176.925283
5497901.151551,77,17178.346486
5457646.721852,49,17179.23257
5455111.407576,80,17180.724605
5441177.795686,40,17181.421539
5487201.577512,60,17182.540868
5368351.84129,76,17183.901684
5527601.152608,69,17185.17825
5491520.329087,48,17186.023992
6018411.94505,93,17187.691588
5434224.278255,76,17189.071959
5501387.792342,83,17190.552135
6149193.269974,72,17191.829953
5453361.338162,32,17192.413249
5468929.23457,69,17193.667594
5422548.636942,92,17195.399867
5424548.612047,86,17196.991394
5452054.947951,32,17197.589238
5490157.132431,44,17198.395423
5455022.083984,46,17199.242568
5373630.939085,79,17200.688039
5486647.593298,78,17202.066025
112940.269498,250,17206.30668
5458383.244374,73,17207.530668
5464901.325205,87,17209.001104
5444829.507062,51,17209.858805
5437480.526043,32,17210.427527
5386338.996654,81,17211.846564
5471482.893177,72,17213.081687
5715200.865484,84,17214.561345
5445843.949025,32,17215.172313
5771599.900154,89,17216.777576
5442155.365677,32,17217.364933
5835582.379864,110,17219.274234
5463531.584113,31,17219.822753
5447514.921742,37,17220.480379
5395184.529534,82,17250.323899
5379974.905013,73,17251.577831
5443662.53777,38,17252.253382
5489735.068544,82,17253.692523
5433220.216252,97,17255.37215
5456180.160256,32,17255.898754
5703412.217265,46,17256.763657
5459142.41968,32,17257.335009
5513566.290864,66,17258.478501
544.381938,250,17262.806056
5441166.698791,38,17263.481835
5473503.824548,82,17264.962032
5472612.376372,77,17266.353344
5458902.443398,80,17267.791658
5428417.633673,87,17269.271566
5608087.102784,63,17270.404318
5481721.67399,41,17271.107152
5425954.761226,83,17272.570444
5425348.766038,27,17273.039607
5475638.161982,56,17274.006008
5508073.434837,73,17275.255879
5450974.821712,50,17276.130958
5431312.027826,43,17276.877836
5452660.762664,70,17278.101708
5482256.823119,80,17279.532691
5485185.926959,62,17280.608925
5495671.232365,75,17281.906556
5453929.146503,77,17283.276494
5436156.628697,28,17283.755365
5436712.069154,40,17284.42263
5465200.261603,35,17285.041127
5534678.222488,97,17286.694249
5438572.047377,68,17287.753649
5446407.907914,82,17289.130505
5421874.159351,93,17290.779658
5866227.132988,52,17291.695836
5627956.924368,79,17293.140794
5478479.313735,37,17293.737232
5569721.010203,83,17295.224474
5409499.638101,83,17296.7017
5435766.294255,38,17297.343576
5464438.347438,79,17298.676621
5390856.097972,87,17300.203988
5511654.914531,82,17301.639571
5416784.276757,93,17303.303847
5457375.446179,39,17303.982829
5419913.603875,88,17305.484909
5442607.441143,39,17306.241712
5634643.767686,66,17307.418025
22017.129287,250,17311.735642
5478900.758029,87,17313.229286
5483488.781861,51,17314.121692
5492301.297497,52,17315.041385
5486531.552943,67,17316.199131
5490169.674541,41,17316.896065
5466134.286892,40,17317.657264
5467782.697068,57,17318.600074
5444807.344423,84,17320.088722
5450126.309229,88,17321.649358
5506175.114279,75,17323.134901
5470545.208272,64,17324.299075
5478171.84422,77,17325.787493
5457051.075895,79,17327.254339
5506045.430121,80,17328.845609
5865894.375763,116,17330.990402
5454571.964975,28,17331.51188
5446984.320738,37,17332.167768
5491473.896463,72,17333.477647
92732.584534,250,17337.989594
5469352.14694,67,17339.250701
5366399.779083,86,17340.825222
5477485.617629,80,17342.320586
5472034.946091,54,17343.323567
5470549.447515,43,17344.09174
5376092.62856,81,17345.560243
5447992.955057,31,17346.159383
5460591.224032,76,17347.493685
5510035.5918,62,17348.655988
5487721.316143,73,17350.011705
5515033.835208,71,17351.275576
5473994.062652,82,17352.790503
5439130.86004,39,17353.537813
5521810.338649,65,17354.778882
5438748.988397,35,17355.432775
5523562.586849,34,17356.061504
5500041.875862,83,17357.580956
5603763.037586,83,17359.128667
5471698.635063,67,17360.3227
5738877.680971,107,17362.275389
5456277.949316,78,17363.783315
90443.93744,250,17368.500105
5438464.517503,93,17370.275615
5486567.184497,69,17371.645876
5482705.637867,70,17372.937941
5469945.428049,41,17373.698156
5476787.982496,67,17374.917144
5438023.07821,29,17375.438868
5450688.6641,32,17376.100788
5761617.966865,98,17377.923659
5531610.70647,33,17378.509765
5460949.298087,46,17379.438428
5474013.87522,67,17380.672187
5464691.842591,30,17381.204576
5435373.121129,69,17382.47455
5454315.800237,39,17383.20946
5449746.469516,78,17384.672843
5478158.503415,71,17385.998969
5474539.735215,75,17387.347123
5485376.652778,58,17388.422825
5482496.944423,96,17390.20223
5389608.499858,88,17391.780093
5433019.234615,29,17392.268803
5453907.518427,32,17392.799178
5733740.490243,61,17393.886393
5456349.112778,53,17394.825983
5589439.213558,73,17396.17256
5450245.396539,29,17396.70705
126611.28445,250,17401.18448
5803013.514245,53,17402.112976
5496868.033911,76,17403.507758
5464866.853311,94,17405.149088
5447489.8112,33,17405.762547
5407969.499779,81,17407.155164
5434851.776966,28,17407.724091
5513697.245081,83,17409.22306
5476458.927654,35,17409.847977
5479917.368859,69,17411.128188
5472074.069492,41,17411.900807
5461010.244897,75,17413.295481
5505894.435521,76,17414.721978
5484229.672547,48,17415.613865
5464259.268071,30,17416.236686
5457629.75765,41,17417.085668
5492735.00056,72,17418.372866
5438572.696143,31,17418.95627
5472560.312635,33,17419.565557
92364.202474,250,17424.061094
5491130.753524,37,17424.705791
5479988.802112,73,17426.082221
5583687.079132,43,17426.879599
5502023.196532,79,17428.326523
5468685.14032,36,17428.994089
5471152.583755,81,17430.467003
5472730.443894,29,17430.971067
5481207.786482,56,17432.021121
5437959.755041,31,17432.618014
5489075.100945,67,17433.897535
5451320.68968,38,17434.575001
5458222.181467,34,17435.215263
5488047.383072,75,17436.581367
5449006.420241,39,17437.278389
5434409.539803,32,17437.852934
5488746.354502,74,17439.180491
5452330.297842,84,17440.680093
5458698.749891,40,17441.354268
5485491.114299,80,17442.784598
5455076.384097,33,17443.372139
5456805.356214,38,17444.033306
5511193.069439,78,17445.47218
5765767.974372,100,17447.320707
5449014.293408,45,17448.143298
5551009.833572,71,17449.385129
5635808.31973,44,17450.147329
5365270.711417,81,17451.669987
5454262.848598,73,17452.965501
5526656.511775,86,17454.465432
5532346.327662,78,17455.825624
5470512.837082,80,17457.208435
5572080.191279,44,17458.025001
5874343.982028,74,17459.419123
5454925.622786,31,17459.979391
5848075.054693,56,17460.962099
5441115.112926,32,17461.529166
5477264.401366,29,17462.050752
5429784.680251,76,17463.452158
5541303.741013,73,17464.752979
5786170.877674,47,17465.588377
5479953.468597,59,17466.63283
5458013.479727,36,17467.254838
5471755.785073,54,17468.214872
5438513.299907,37,17468.884001
5448153.87592,26,17469.379891
5470153.553935,85,17470.952552
5474977.623543,80,17472.39265
5465804.406122,36,17473.071787
5390354.408198,75,17474.407331
6315251.622443,120,17476.565482
5502647.858202,68,17477.775756
5779599.562281,96,17479.505511
5378815.922727,92,17481.129267
5473533.9471,35,17481.754744
5399920.370595,88,17483.315004
5450527.114228,87,17484.914337
5391342.365296,82,17486.382231
5481198.879326,38,17487.090606
5468582.936893,42,17487.846386
5463374.158422,36,17488.494959
5469712.284671,37,17489.142661
5417761.907065,78,17490.518956
5811300.692666,99,17492.332058
5822969.400237,100,17494.120775
5433591.707272,32,17494.697123
5493759.507882,78,17496.067293
5505716.695828,49,17496.93596
5443319.491902,85,17498.484507
5865014.243668,57,17499.525169
5426047.279589,82,17500.999668
5469236.726387,80,17502.428498
5503308.088617,66,17503.621228
5507223.302595,78,17505.032296
5551247.963088,95,17506.755432
5490395.787117,69,17508.021847
5472330.194467,76,17509.409088
5826404.240696,72,17510.678394
5491954.291703,52,17511.637614
6348241.809247,124,17513.83493
5480810.553219,72,17515.109483
5496000.993106,70,17516.346354
5833113.214312,54,17517.326082
5498130.848888,49,17518.207346
5486622.78211,49,17519.094847
5402620.905647,75,17520.467025
7219303.954408,153,17523.236233
94749.848574,250,17527.646415
5478176.641003,87,17529.241554
5443776.200418,40,17529.95655
5475876.382159,87,17531.519105
5427682.944724,79,17532.976638
5460316.460264,35,17533.630924
5485384.299945,67,17534.830729
5488441.368707,68,17536.026301
5534830.844631,37,17536.70027
5464907.638951,43,17537.440269
5502342.562695,77,17538.830995
5575337.128743,44,17539.611069
5433539.814686,32,17540.201083
5747723.259474,104,17542.141217
5454413.419512,62,17543.238001
5439382.609376,39,17543.962616
5485973.347551,77,17545.397801
5472028.206144,35,17546.057209
5394102.20268,83,17547.57023
5501702.491214,75,17548.926272
5463668.570162,40,17549.634678
5468838.450329,50,17550.561455
5623799.368547,105,17552.446345
5761519.377961,50,17553.367061
5423176.083767,27,17553.843933
5457199.966017,35,17554.477793
5343678.687356,91,17556.110391
5672368.474565,112,17558.075994
5526054.215856,81,17559.545004
5434427.673735,26,17560.000082
38483.951695,250,17564.801052
5473419.887154,49,17565.766719
5661490.351603,40,17566.533331
5459199.268856,73,17567.944548
5446142.481427,74,17569.402271
5444078.116263,40,17570.182037
5450231.322092,89,17571.913654
5466425.627877,44,17572.793081
5450800.91479,73,17574.248154
5529256.205622,34,17574.929959
5464605.344043,62,17576.147358
5443029.477124,33,17576.803902
876457.837913,250,17581.67003
5443962.834964,76,17583.167786
5442758.366762,84,17584.781425
5481353.017055,62,17585.970394
5476411.790019,34,17586.62445
5470021.878949,48,17587.580256
5400932.847107,80,17589.180393
5408640.816232,80,17590.769573
5485707.687472,73,17592.182306
5447379.142193,88,17593.898448
5457760.275481,66,17595.185951
-26053.45029,250,17600.069092
5438082.6125,92,17601.845589
5459674.587152,77,17603.341442
5463143.49701,35,17603.998169
5397439.44104,83,17605.669328
5454127.5068,33,17606.323355
5468308.860291,41,17607.10621
5514130.790176,82,17608.711167
5450133.921142,30,17609.266904
5505926.264589,61,17610.476014
5449576.330449,85,17612.146324
5480733.018746,62,17613.381952
5396531.699009,85,17615.056724
5484318.55652,63,17616.29948
5470913.981741,56,17617.367787
5485558.106995,41,17618.18592
5477231.111999,58,17619.325973
5508053.714532,71,17620.729745
5454324.173267,33,17621.386518
-167673.330287,17,17621.714974
5665463.823563,98,17623.624146
5467056.405439,65,17624.855111
5496759.572417,76,17626.296165
5483769.851419,77,17627.725926
5476626.31105,41,17628.53072
5456982.496393,37,17629.24224
5437432.706309,32,17629.836647
5459047.224456,44,17630.669555
5514596.619411,56,17631.755212
5531686.862371,68,17633.041325
5500832.922639,53,17634.094077
5529722.371492,43,17634.92189
5466952.815659,62,17636.136242
5506676.907707,73,17637.565965
5419697.84689,30,17638.146905
5496300.11713,77,17639.629122
5479599.198316,71,17640.983947
5463118.187656,52,17641.976864
5489929.969893,82,17643.485284
5476961.566401,36,17644.162131
5495010.326735,71,17645.497857
5466628.280676,74,17646.920377
5511868.940925,42,17647.686301
5426792.16577,81,17649.231381
5480086.575023,73,17650.598094
5531284.646704,69,17651.942306
5378857.750919,74,17653.415373
5435867.400798,30,17653.986818
5507275.843268,77,17655.513718
5712949.031552,72,17656.890126
5621111.246636,79,17658.360633
5445457.275141,29,17658.908085
5424223.675117,35,17659.609576
5457851.661519,45,17660.463269
5452477.852802,41,17661.254531
5536612.623004,75,17662.71574
5453188.767491,25,17663.192299
5445150.982134,28,17663.742979
5507991.986238,72,17665.14931
5442386.752277,74,17666.581937
5446287.450278,73,17667.945145
5452357.057598,37,17668.681475
5467818.663629,68,17669.986845
5473068.1978,59,17671.094012
5419054.639979,23,17671.538352
5485446.915098,85,17673.171049
5448824.113624,39,17673.922283
5441352.492996,39,17674.684601
5468954.557393,36,17675.414152
5373056.235416,81,17676.989784
5424745.308087,31,17677.581068
5627226.67856,100,17679.557355
5455580.062859,62,17680.754635
6094532.763409,87,17682.36922
5477388.260617,70,17683.625223
5739313.981219,91,17685.262982
5456562.725946,34,17685.892745
5476347.643631,54,17686.852239
5499308.186479,85,17688.347595
5464401.764325,36,17689.009557
5499467.343345,72,17690.293691
7128331.946844,175,17693.478718
5462520.227509,73,17694.805935
5465306.324806,67,17695.961379
5425954.835219,87,17697.509254
5471248.823656,58,17698.545419
5451053.964875,78,17699.983076
5449517.874485,83,17701.512883
6106323.9305,133,17703.998352
5484144.661404,89,17705.588275
5482659.388532,66,17706.869931
5444971.045502,32,17707.45191
5487247.692284,57,17708.525127
5499127.863418,77,17709.943057
5455283.759564,37,17710.619392
5467834.20381,54,17711.623451
5484101.362424,71,17712.958809
5448357.227544,30,17713.495715
5485169.932287,53,17714.575659
5396517.734974,76,17715.946255
5477690.594403,33,17716.560153
5481086.187728,61,17717.646912
5455442.669065,35,17718.28047
5455620.308703,31,17718.864717
5469851.556743,37,17719.550688
5454422.625757,84,17721.081208
5525033.911158,74,17722.438472
5469933.085686,32,17723.052867
5462376.721511,82,17724.54993
5432331.858417,33,17725.144631
5499600.972405,64,17726.316182
5432159.199986,41,17727.06268
5454986.497161,57,17728.093366
5493472.991719,62,17729.176561
5487201.479772,36,17729.844949
5399647.312595,81,17731.294592
5460062.233566,31,17731.832729
5454792.110439,35,17732.470862
5895328.985899,110,17734.42249
107658.356218,250,17738.930564
5446844.11447,83,17740.41899
5469394.618239,67,17741.643164
5506691.088303,64,17742.831455
5464819.161848,83,17744.291747
5479934.602556,31,17744.847999
5430917.091065,36,17745.484257
5444114.260733,40,17746.197001
5396188.217521,85,17747.808866
5523448.081897,77,17749.149445
5467362.066127,77,17750.527871
5440392.188867,60,17751.627357
5496910.937767,45,17752.482405
5478911.020938,61,17753.621308
5462206.448276,38,17754.332925
5467958.574519,74,17755.638001
5480373.094575,73,17756.944871
5410159.591581,86,17758.474191
5454635.330675,27,17758.987858
5476572.172512,46,17759.788745
5452049.754732,33,17760.376988
5798829.80233,71,17761.631001
5422493.11834,83,17763.144068
5473161.733861,40,17763.835549
5437712.225125,60,17764.911293
5560479.71513,74,17766.256579
5457953.609137,85,17767.777632
5412770.280208,79,17769.243872
5440064.251968,26,17769.720086
5444992.846768,36,17770.381325
5497271.649834,77,17771.805196
5419463.714337,79,17773.233673
5462177.619473,36,17773.88938
5444516.163287,86,17775.443884
5680258.570724,92,17777.096975
5431217.559009,86,17778.620776
5456075.844332,47,17779.482404
5769719.448609,52,17780.478795
5467144.426811,72,17781.756406
5456103.017009,28,17782.268797
5508770.639144,68,17783.491802
5677446.945028,95,17785.268084
5469553.722072,61,17786.387188
5492356.773181,72,17787.781148
5455236.36367,33,17788.352906
5519507.601789,62,17789.43992
5477011.695703,45,17790.262288
5481122.381933,78,17792.019227
5454009.437553,37,17792.715079
5442220.28359,34,17793.321454
5518031.07547,53,17794.183479
5493792.263874,72,17795.485506
5461743.353523,80,17796.86755
5740508.565946,99,17798.591956
5488777.97301,41,17799.313211
80203.391275,250,17803.986608
5460924.229647,50,17805.072527
5849440.542354,56,17806.131418
5437108.33872,29,17806.709025
5372381.326757,80,17808.110539
5503220.328958,77,17809.5714
5409930.708305,80,17811.141842
5453094.689853,35,17811.852252
5512478.688917,55,17813.057487
5451525.372143,98,17815.003291
5442204.43116,86,17816.703056
5442819.699397,86,17818.270644
5390140.581285,83,17819.986934
97582.419068,250,17824.775737
5482394.305506,81,17826.238605
5465503.222736,58,17827.271345
5425081.00892,39,17828.027237
5464260.427797,40,17828.81255
5467274.414012,82,17830.481817
5436968.404845,84,17832.116726
5501886.059218,40,17832.892547
102275.312437,250,17837.496359
5461144.643709,50,17838.455511
5444665.25647,36,17839.179257
5482768.732617,39,17840.078686
5483873.072216,83,17841.766047
5486806.795168,58,17842.836082
5482847.366842,74,17844.168785
5483047.045747,47,17845.124156
5470505.534607,77,17846.677717
5423327.734255,91,17848.319885
5479311.566913,56,17849.35861
5435701.336711,28,17849.856064
5435705.622644,29,17850.418711
5479589.902998,43,17851.189201
5524217.775227,80,17852.629285
5471550.374333,64,17853.820248
5444814.280155,38,17854.512948
5398525.247607,81,17856.095812
5466944.548666,39,17856.855071
5490351.001877,58,17858.048836
5567092.551241,63,17859.245985
5487012.816929,37,17859.918529
5637319.590141,74,17861.335199
5453229.515583,78,17862.818473
5460323.643964,45,17863.687345
5458564.91977,51,17864.643071
5388726.396506,84,17866.214199
5672479.693335,93,17868.006636
5554088.827989,48,17868.956529
93336.692731,250,17873.840111
5507916.679366,85,17875.534416
5768473.841826,118,17877.734939
5443937.369462,58,17878.76431
5464416.243423,83,17880.340177
5451879.243719,76,17881.87958
5525221.834636,86,17883.49269
117528.394731,250,17888.172401
5439189.901922,32,17888.796056
5389803.034865,83,17890.306651
5507587.000114,58,17891.321589
5461526.753451,39,17892.062564
5452741.114984,32,17892.625336
5811370.888962,64,17894.013881
5389883.179236,89,17895.88388
5422562.067084,29,17896.442993
5544457.9107,198,17900.249497
5473528.074739,72,17901.622238
5462684.914221,82,17903.112794
5453321.432551,37,17903.77399
5476513.507205,39,17904.495444
5439495.252018,31,17905.100466
52639.292044,250,17909.933697
5451480.397497,30,17910.475688
5440152.569224,92,17912.20477
5469616.940424,76,17913.699887
5454620.352356,29,17914.248964
5545060.946701,71,17915.625574
5444019.174677,95,17917.439784
5454042.738205,35,17918.095385
5492635.110906,68,17919.386749
5497660.468173,89,17921.071498
5407567.56573,75,17922.427524
5388234.272496,93,17924.121191
5413246.221132,82,17925.637216
5457014.948728,38,17926.321861
5516000.000579,44,17927.101589
45284.157281,250,17931.6936
5426554.633758,30,17932.240632
5560011.898276,89,17933.920684
5491214.101196,50,17934.893451
5883933.2951,103,17936.77676
5480663.653292,55,17937.772338
5498139.158289,69,17939.011201
5448471.821264,77,17940.37632
5452030.689446,78,17941.785252
5478046.934085,40,17942.498405
5441894.251243,80,17943.950452
5631237.769341,87,17945.54739
5387651.898667,87,17947.150375
5412610.509052,80,17948.640111
5438034.566604,30,17949.187761
5460904.590689,77,17950.587309
5481267.844362,55,17951.560437
5520141.956014,80,17953.033175
5456316.615189,43,17953.82118
5508957.914535,80,17955.277113
5491147.958763,53,17956.223889
5761729.085661,84,17957.739287
5772082.362088,105,17959.641482
5490851.421224,86,17961.235055
5409886.658227,82,17962.739396
5397784.331918,87,17964.324575
5480962.140551,28,17964.841467
5452585.217759,37,17965.530908
5517397.186107,80,17967.051791
5415656.900885,86,17968.706539
5387692.456034,81,17970.174854
5515282.941699,31,17970.722179
5465783.877404,34,17971.340652
5442963.547406,29,17971.862269
5807199.885006,59,17972.981756
5505352.450861,59,17974.050824
5515775.589747,71,17975.37751
5453152.660923,77,17976.680076
5484341.88545,33,17977.233565
5437292.592289,91,17978.843137
5435956.984721,73,17980.087921
5467243.65496,29,17980.550683
5532707.887399,63,17981.597927
5508533.986605,75,17982.92163
106008.240427,250,17987.614531
5417414.518319,87,17989.301083
5615870.330456,90,17990.762847
5467849.890089,37,17991.391938
5836230.181298,102,17993.052718
5463315.969535,81,17994.445872
5462721.8016,49,17995.31738
5434641.504943,29,17995.869838
5738435.790309,106,17997.811091
5473531.865162,78,17999.244341
5383356.246593,69,18000.490692
5435802.558585,33,18001.098312
5437631.109796,43,18001.894896
5484761.631347,72,18003.227627
20586.559985,250,18007.800963
5867300.317035,101,18009.63356
5483908.983233,75,18011.141285
5493025.277618,36,18011.761171
5446423.647717,30,18012.237661
5464921.399798,85,18013.748082
5553350.683763,47,18014.501937
5449309.003821,33,18015.095889
5964104.429497,96,18016.835435
5445333.338605,75,18018.162959
5484243.154665,60,18019.230857
5499589.771595,66,18020.435503
5449239.326769,95,18022.113499
5424461.999715,85,18023.690837
5492747.865865,62,18024.824526
5376765.371192,83,18026.353678
5431732.727804,84,18027.874382
5446721.129599,81,18029.318749
5499042.451262,56,18030.354187
5466992.52643,28,18030.867218
5807162.234869,57,18031.87278
5451324.497789,98,18033.598143
5491888.840211,78,18035.028672
5542469.481968,63,18036.183859
5515815.642373,63,18037.371555
5484445.177186,75,18038.804525
5713005.667747,92,18040.468843
5427005.004024,80,18041.942672
5437933.032473,86,18043.56309
5429699.767771,75,18045.026916
5468206.468716,41,18045.83462
5472672.145611,76,18047.3022
5480416.094406,34,18047.984796
5559133.02856,67,18049.316334
5422942.436736,76,18050.81709
5483065.769361,80,18052.34892
5479413.805961,67,18053.665754
5479773.092562,59,18054.809771
5444979.923856,36,18055.534468
6849033.506938,131,18058.14366
5453128.518165,75,18059.571708
5457256.450702,66,18060.894428
5469919.984863,32,18061.526705
5496478.701351,96,18063.393019
5468842.052797,38,18064.150327
5453755.332925,37,18064.906969
5471146.223667,83,18066.368808
5436895.454369,39,18067.057217
5429033.922624,75,18068.428997
5455892.982595,48,18069.367243
5498347.447646,57,18070.447214
5412593.695338,76,18071.870747
5442346.76437,84,18073.452071
5458133.016749,84,18075.113662
5469676.503827,78,18076.52452
5493993.002331,62,18077.654888
5434884.685334,33,18078.292983
5486486.251218,50,18079.313003
5453337.345314,38,18080.096297
5442142.035701,85,18081.770791
5471731.960322,74,18083.211788
5456268.535174,77,18084.789303
5436186.75849,84,18086.291512
5654805.29359,41,18087.068447
5430199.422051,37,18087.779594
5782559.120844,105,18089.852559
5424865.092729,81,18091.46635
5476622.153615,74,18092.961091
5458672.435122,42,18093.798395
5422710.110689,76,18095.526321
5411394.454779,91,18097.414578
5518648.649856,71,18098.71485
5493821.188924,85,18100.34141
5336355.83068,82,18101.853708
3310.325855,250,18106.608422
5435049.817671,78,18108.076608
5480713.246899,33,18108.720328
5452507.798563,37,18109.43192
94183.210213,250,18114.244958
5469347.495694,50,18115.177881
5472018.913096,30,18115.733167
5443947.182666,33,18116.347546
5495916.601619,76,18117.803813
5445259.772939,32,18118.411355
5495981.467887,48,18119.323198
5509171.30291,60,18120.519168
5407502.9082,73,18121.927446
5438739.056131,52,18122.925333
5499645.065705,88,18124.651379
5439044.149175,30,18125.201901
5446158.045217,29,18125.745546
5484557.013108,38,18126.470328
5479831.317398,62,18127.626708
5412603.459613,80,18129.130458
6101769.509672,71,18130.497008
5474991.944157,103,18132.474127
5711360.11762,105,18134.457454
5421245.275558,75,18135.899637
5436158.34331,80,18137.416679
5472348.217705,34,18138.067989
5427568.59265,25,18138.540999
5463893.918602,36,18139.243943
5464384.517288,38,18139.964065
5451960.656248,33,18140.598853
5370336.484293,81,18142.14602
5525500.315676,38,18142.875704
5459509.242303,38,18143.593085
5458087.526666,34,18144.244505
5440746.946091,29,18144.806454
5448270.947818,41,18145.596605
5594894.378865,36,18146.350248
5496209.315615,76,18147.836836
5480188.563883,70,18149.192098
5505148.949709,59,18150.357322
5566185.625227,52,18151.430845
5448144.261263,33,18152.047981
5440137.921256,43,18152.810773
5514354.367853,78,18154.267553
5558770.939095,75,18155.609288
5488940.931114,39,18156.290982
5438764.366854,32,18156.88833
5470616.071835,81,18158.382538
5581279.211885,72,18159.723151
5526028.601209,66,18161.001459
5450045.243369,32,18161.613234
-9343.432107,250,18166.334126
5703410.108862,87,18167.957885
5437711.589743,82,18169.503599
5460889.870379,43,18170.301278
5922232.293801,104,18172.18785
5458104.554864,36,18172.819683
5464458.870837,50,18173.753943
6101006.120155,200,18211.084374
663600.757231,250,18215.588144
5449468.133274,77,18216.995134
5413164.133326,83,18218.522396
5478342.22076,79,18219.97514
5458863.414715,75,18221.358477
5453755.053428,84,18222.868219
5503345.158345,66,18224.09205
5532125.478676,71,18225.4197
5450732.228228,31,18225.989548
5473940.238135,70,18227.231849
5479928.754936,52,18228.160117
5469726.404665,87,18229.829231
5439869.737991,68,18231.06933
5414189.744987,85,18232.623141
5857670.089565,90,18234.287511
5674675.884497,62,18235.409364
5486043.377403,67,18236.638955
5518350.111799,56,18237.659183
5462743.318084,40,18238.388091
5457635.835834,35,18238.988992
5451383.580091,83,18240.472305
5458613.392786,32,18241.078774
5449912.368639,84,18242.607151
5431642.386292,81,18244.030355
1719553.091992,250,18248.55515
5738313.339826,96,18250.254443
5462422.614352,37,18250.92005
5459291.169712,78,18252.302416
5498878.027783,69,18253.675335
5453905.914464,44,18254.447882
5418015.714122,83,18255.949652
5440885.843719,76,18257.311815
5661029.019675,79,18258.737634
5802382.091417,91,18260.415867
5565377.891558,93,18262.130953
5475264.420203,52,18263.08288
5955143.410826,65,18264.270489
5574266.271157,56,18265.29927
5450986.22328,92,18266.953458
287632.602854,250,18271.461168
5436555.28802,44,18272.279123
5808019.489263,94,18273.947466
6360889.207617,80,18275.459256
5434811.993086,80,18276.745972
5403220.725403,88,18278.263206
5479521.363384,67,18279.420204
5528532.010771,69,18280.608324
5435839.304286,79,18282.141146
5448281.925997,73,18283.463932
5809604.432475,58,18284.540225
5453742.204136,44,18285.374706
5433401.960644,34,18286.023125
5510025.183182,69,18287.296537
5480652.723681,32,18287.912117
5495784.470946,76,18289.419127
5459322.814528,66,18290.721057
5487663.231602,88,18292.443603
5438017.448259,29,18293.020032
5506410.755931,54,18294.086566
5463552.148805,85,18295.789866
5458645.121492,50,18296.79024
5472014.995366,35,18297.534142
5460619.897517,80,18299.123119
5417161.666012,28,18299.679478
5772172.170027,106,18301.745378
5538851.157372,87,18303.455038
5475697.265886,35,18304.116468
5429725.18042,32,18304.743215
5437099.344514,77,18306.271867
5442896.065294,36,18306.989863
5395771.179347,74,18308.442312
5422724.111606,85,18310.103941
5498295.020469,69,18311.429105
5784015.930217,92,18313.209095
5839936.802296,61,18314.38773
5456897.592926,30,18314.977136
5476544.686636,65,18316.242164
5432373.200634,32,18316.883013
5571434.921442,75,18318.337111
5456672.831699,45,18319.24926
5368986.838757,80,18320.803805
5425744.656303,36,18321.536444
5434844.096086,75,18322.996526
5478226.684243,50,18324.009534
5467985.352409,77,18325.557858
5444331.128882,34,18326.224206
5457712.634981,76,18327.714572
5597013.934407,91,18329.479224
5492334.147894,32,18330.116845
5648069.160424,67,18331.428164
5483459.999568,78,18332.953263
5857094.480448,69,18334.287805
5469920.86751,52,18335.273221
215406.683831,250,18340.1922
5414666.295648,24,18340.66948
5454444.783669,80,18342.216094
5841311.73451,96,18344.020706
5435457.746439,27,18344.535269
5476802.730816,67,18345.860805
5542899.074855,87,18347.564198
5449666.13369,79,18349.015209
5454882.433793,49,18349.888094
5490897.173554,62,18351.069788
5447589.865957,37,18351.724827
5479481.994855,65,18353.014354
5436208.740453,78,18354.421705
5461739.802137,82,18355.928507
5579404.111053,74,18357.348392
5421647.915386,84,18358.953965
5468192.984331,87,18360.583955
5461511.850446,78,18362.091764
5438498.59215,35,18362.745495
5483492.838712,79,18364.288156
5468746.29278,67,18365.61535
5485831.503533,72,18366.905801
5459056.009702,50,18367.786159
5438149.0568,33,18368.374803
5528315.632156,76,18369.813488
5927040.435494,93,18371.421173
5424044.78703,25,18371.861878
5492825.175828,43,18372.756601
5435649.939146,78,18374.129343
5479056.306471,59,18375.147277
5477972.37384,80,18376.618393
5455365.366994,73,18378.005648
5467594.742566,36,18378.696702
5459155.107425,38,18379.415404
5429279.734129,33,18380.088112
5587691.400153,56,18381.151648
5484472.241441,34,18381.805551
6170875.376494,118,18384.036911
5507261.343218,52,18385.067327
5466637.032063,42,18385.903872
5447829.568525,35,18386.577276
5427816.862975,78,18388.031615
5447451.664946,76,18389.465009
5496632.02516,64,18390.703415
5463180.493724,45,18391.565018
5479923.708909,77,18393.023248
5530179.278487,78,18394.474234
5477757.243893,69,18395.775878
5492541.294111,36,18396.480766
5455301.171301,39,18397.215163
5476499.951144,56,18398.311545
5380072.103419,84,18399.879885
5519160.766792,74,18401.298423
5446176.258979,36,18401.968832
5491591.611099,55,18403.053252
5448932.279768,76,18404.471877
5453355.774607,76,18405.83621
5476490.812615,74,18407.182269
5497781.846852,67,18408.471401
5871948.314956,76,18409.837698
5462322.630086,77,18411.142319
5509042.832815,80,18412.606292
5418061.316613,82,18414.096362
5463283.535798,77,18415.526485
5491732.683523,56,18416.557546
5501453.506011,78,18418.010435
5471483.327432,54,18418.991741
5517929.619351,81,18420.501093
45501.025344,250,18424.99899
5545455.004766,40,18425.722614
5453325.669433,32,18426.333783
5638306.418369,72,18427.687862
5467263.880151,73,18428.996116
5438227.884013,32,18429.583982
5492297.651251,90,18431.225697
5701676.908981,96,18432.914705
5470793.587699,37,18433.587974
5471440.53541,85,18435.13551
5412102.146768,80,18436.563388
-1751.406557,250,18441.286328
5482710.620211,61,18442.299732
5497021.405727,65,18443.395364
5563263.81659,100,18445.184158
5570115.829123,73,18446.692005
5432694.161024,30,18447.302863
5498711.309409,65,18448.545619
5472687.026818,60,18449.539094
5452969.788689,29,18450.009434
5465394.029222,34,18450.584088
5420786.753902,87,18452.077555
5504857.290933,68,18453.306187
5879543.494154,101,18455.111339
5436253.535337,30,18455.666004
5436732.949839,72,18456.967768
5487373.792035,65,18458.153456
5463088.491237,56,18459.151299
5444579.726159,34,18459.748118
5513786.505795,65,18461.008503
5446437.809479,33,18461.541406
5478657.243036,70,18462.692943
5419176.347011,29,18463.248901
5367159.415462,82,18464.617444
5419689.56416,77,18465.981466
5397691.425474,88,18467.618682
5592102.829804,44,18468.479836
5467416.258142,65,18469.554396
5405387.452364,81,18470.985737
5484002.416782,44,18471.695239
5438069.622794,75,18473.023808
5429454.355073,29,18473.505164
5442925.789793,27,18473.98958
5495615.868314,51,18474.900841
5485655.581169,34,18475.5216
5457297.364658,40,18476.219601
5480809.364704,70,18477.517586
5460132.794208,68,18478.774253
5488142.558329,64,18479.844019
5540336.660984,60,18480.916296
5425854.219736,79,18482.297002
5579726.442221,86,18483.814738
5838820.076749,54,18484.769666
5400141.695583,84,18486.417567
5460389.766936,74,18487.67539
5474013.572569,35,18488.344318
5461196.718989,46,18489.145522
5537095.135598,63,18490.378836
5449695.742321,31,18491.016826
6098770.402981,96,18492.697047
5487768.266192,64,18493.886578
5497278.066835,72,18495.083988
5522907.82939,52,18495.971497
5472567.596331,47,18496.812457
5461511.043869,46,18497.646238
5450531.837457,35,18498.258435
5462356.605321,40,18499.000149
5465055.902999,54,18499.954782
5855769.803786,102,18501.827217
5471400.972935,50,18502.718457
5531245.890616,69,18503.985265
5469936.637652,72,18505.315176
5873519.014717,77,18506.749226
5454583.934565,77,18508.176384
5420500.674309,84,18509.630218
5421326.840897,82,18511.013515
5492430.340256,71,18512.266255
5488155.008968,81,18513.724383
5487361.007954,60,18514.811074
5448736.105483,78,18516.252266
5648483.71825,88,18517.901535
5434321.588051,32,18518.450583
5447829.801324,86,18519.910614
5459977.418282,65,18521.071626
5480412.982741,60,18522.197598
5497717.082766,67,18523.500889
5460087.594668,81,18525.125081
5462493.421142,42,18525.932225
5429911.861749,31,18526.511878
5702741.981003,95,18528.21446
5462619.61735,42,18529.051205
5495293.204968,73,18530.411441
5626476.348474,50,18531.331556
5456549.608514,80,18532.854663
5485818.222231,75,18534.166522
5459186.434045,41,18534.954902
5472854.84408,33,18535.57933
5774215.238965,76,18537.047704
5508038.551593,50,18537.983487
5440976.054186,28,18538.551681
5492574.542654,74,18540.017535
389446.284172,250,18544.968744
5486491.59059,81,18546.639433
6065201.427785,82,18548.253696
5454726.863176,72,18549.607974
88266.889357,250,18554.268952
5450273.429285,36,18554.994346
5474304.636086,35,18555.662005
5402186.720638,88,18557.384428
5487211.222905,37,18558.084862
5451639.780165,78,18559.621684
5482019.010314,66,18560.92174
5427165.812829,92,18562.737174
5434659.904132,30,18563.336278
102501.625401,250,18568.148585
5703267.656508,53,18569.147472
5502476.146938,76,18570.626057
5708350.417707,43,18571.454979
5409487.691921,80,18572.98393
5837756.615288,109,18575.151476
5509827.452283,52,18576.180607
5493281.844275,76,18577.709388
5465423.327652,28,18578.316365
5383100.890837,83,18579.862873
5488315.168463,69,18581.134943
5449726.531354,34,18581.812454
5497645.754098,71,18583.161391
5441251.97533,75,18584.533936
5693978.760806,64,18585.950432
5496918.928327,78,18587.779448
5463806.642567,36,18588.438739
5457050.846045,55,18589.699491
147167.381027,250,18594.911388
5430417.473252,34,18595.539459
5468558.279558,84,18597.128662
5601724.856373,88,18598.626216
5617946.389895,79,18600.025978
5490434.093918,66,18601.294692
5422345.233393,33,18601.951398
5428008.849573,39,18602.807626
5493219.551192,68,18604.208671
5458058.506582,81,18605.691559
5492555.303831,66,18607.079664
5374989.737439,72,18608.378345
5486560.107376,72,18609.651992
5422229.547282,28,18610.103839
5507455.84043,73,18611.369565
5512022.255081,84,18612.892799
5437219.85272,36,18613.636023
5513895.156628,92,18615.204278
5494161.034649,66,18616.402655
5465302.835851,42,18617.123313
5459781.270933,47,18617.969204
5448750.099515,28,18618.466665
5368838.019724,82,18620.029551
5463715.666585,78,18621.504708
5469726.136595,47,18622.3769
5503919.145113,68,18623.552397
5433120.988154,30,18624.099913
5468292.537853,60,18625.300717
5737700.975585,47,18626.247338
5461377.129546,33,18626.853204
5436235.562236,33,18627.417926
5419962.984893,25,18627.879953
5484587.854248,65,18629.05931
5441349.262928,30,18629.557651
5480057.20394,84,18631.062146
5418519.472922,33,18631.715256
5467632.271442,52,18632.766035
5465836.924575,77,18634.198207
5486979.312919,76,18635.634979
5423872.837661,95,18637.398671
5388560.801934,90,18639.141
5536229.861548,80,18640.542652
5451677.68551,30,18641.083801
5412007.945731,85,18642.687173
5532308.089583,73,18643.864247
5621781.140003,91,18645.544223
5449059.123897,34,18646.138831
5482506.140078,89,18647.693443
5406446.318726,84,18649.269472
5444751.18923,83,18650.907019
5378901.206286,78,18652.260923
5861057.826464,80,18653.755958
5435058.76182,76,18655.021525
5457313.527091,83,18656.605136
5515882.79238,77,18658.080734
134393.104293,250,18662.477605
5424050.515047,89,18664.119275
5427147.2796,32,18664.77576
5477515.977073,55,18665.744881
5455082.5232,41,18666.436727
5792279.555384,91,18668.020146
5748943.889105,97,18669.811634
5506379.381141,77,18671.11359
5443928.644113,36,18671.805524
5438284.746558,33,18672.383031
5445381.063202,34,18672.937904
5453191.257635,68,18674.068941
5475706.504261,32,18674.662572
5470701.00434,71,18675.937165
5424848.330117,35,18676.567658
5469197.692087,88,18678.150108
5452603.341671,29,18678.685199
5453452.907614,78,18680.025622
5419962.045895,30,18680.525461
5483363.351219,56,18681.50057
5488898.687282,68,18682.767969
5480235.16729,87,18684.380915
5498024.283312,68,18685.714916
5468844.741602,45,18686.612249
5488617.446142,43,18687.480197
5551048.888335,81,18688.911921
5505723.337822,79,18690.354508
5473512.702417,69,18691.593705
5529584.928712,84,18693.13834
5482135.334056,83,18694.646092
5442535.901049,24,18695.040482
5446539.229698,53,18696.052837
5491176.631109,34,18696.754508
5459712.380754,60,18697.94847
5466508.386655,90,18699.590099
5413089.25537,86,18701.368047
5476840.822765,81,18702.872493
5441405.463899,26,18703.402255
5439242.758682,38,18704.114041
5437634.018752,40,18704.935035
5836216.315718,70,18706.378656
5590651.731556,43,18707.252653
5653011.92948,72,18708.752917
5857682.281534,72,18710.094131
5444516.704414,32,18710.614839
5619951.212957,87,18712.275482
5445867.604555,55,18713.268487
5428726.702263,84,18714.736977
5804108.931941,51,18715.661494
5440889.482978,36,18716.387593
5442967.120712,29,18716.935674
5443302.520018,35,18717.554928
5450048.446586,30,18718.057355
5461598.297787,33,18718.708137
5688208.065523,95,18720.656547
5451438.007639,75,18721.97459
5451837.552159,38,18722.672059
5424330.642773,32,18723.244956
5466029.462624,77,18724.646075
5498710.214273,78,18726.062066
5400334.65471,82,18727.540499
5407777.973962,87,18729.161352
5475060.497756,65,18730.3072
128871.036525,250,18735.024527
5689313.077531,96,18736.727131
5442605.376672,83,18738.234359
5462056.335987,71,18739.515563
111739.891787,250,18744.020442
5593451.006159,71,18745.304263
5487859.138634,36,18745.985298
5556390.066985,77,18747.375011
5637596.409911,97,18749.054876
5408297.36238,77,18750.431848
5470602.605009,85,18751.932135
5533230.143697,75,18753.252525
5477960.551563,60,18754.337861
5528083.56034,63,18755.470802
5460777.929545,33,18756.063184
5424241.31359,24,18756.497484
5428443.556136,74,18757.8598
5443357.133178,37,18758.50121
5472268.304438,40,18759.207394
5509085.59125,72,18760.505222
-131224.288979,36,18761.164533
5487115.216398,79,18762.711789
5428004.951035,27,18763.24413
5482244.809396,79,18764.804953
5451447.765446,35,18765.489346
5518003.855844,88,18767.213353
5549306.383417,78,18768.733156
5528761.974135,82,18770.296278
5513307.143783,65,18771.589259
5422473.812846,75,18772.917748
5444858.107483,77,18774.300357
5521390.489193,37,18774.995234
5568817.861672,45,18775.856569
5487528.806872,70,18777.187613
5399950.934605,82,18778.834149
5852766.022603,96,18780.739431
5450969.898236,34,18781.412396
5435014.721072,34,18782.068079
5434079.314038,79,18783.645543
5902502.430194,93,18785.446403
5473383.378578,37,18786.166204
5484337.779262,65,18787.394577
5426837.572323,30,18787.987346
5480069.080664,37,18788.709626
5442543.386043,82,18790.317286
5496539.095348,64,18791.576366
5457499.897355,82,18793.211357
5447249.792171,97,18795.120572
5450169.21887,34,18795.785903
5386934.438023,83,18797.396425
5511817.621619,61,18798.563396
5461137.449889,36,18799.25489
5583455.619396,82,18800.840515
5404111.121697,96,18802.588201
5569343.874159,40,18803.359024
5423410.909809,85,18804.987823
5491952.99052,66,18806.250168
5441036.17495,36,18806.963918
5482694.136674,80,18808.488821
1151993.424806,250,18813.276201
5422679.09573,83,18814.882332
5454344.436674,88,18816.521272
5551386.996054,46,18817.415016
5468672.446497,79,18818.950878
5392702.65692,85,18820.617186
5500273.472306,64,18821.834823
5424045.489467,81,18823.42404
5483969.66266,52,18824.442129
5346308.044773,85,18826.077312
5483351.501618,67,18827.342473
5478277.899277,68,18828.64174
5448708.456158,36,18829.343806
5474364.903733,55,18830.403624
5484160.551578,70,18831.754589
5395984.585358,85,18833.447311
5457991.828186,74,18834.890018
5455306.412428,79,18836.422654
5816411.935906,90,18838.201352
5481413.867145,75,18839.549847
5453198.711995,47,18840.513216
5476744.858907,46,18841.385408
5436265.227266,31,18841.936608
5462061.277545,78,18843.38391
5420080.939983,82,18844.972733
5474700.305469,81,18846.408674
5463816.752726,43,18847.172365
5435352.321003,30,18847.783849
5456147.042343,35,18848.399838
5396117.006881,80,18849.874141
5411157.956984,84,18851.431738
5426081.910472,29,18852.017457
5477825.730758,71,18853.440755
5471090.9086,77,18854.931314
5519669.294501,140,18857.448524
5476564.19863,75,18858.9169
5485516.286331,49,18859.817956
5443233.628986,43,18860.648135
5654946.12207,48,18861.530573
5423565.339089,83,18863.107249
5813016.100012,105,18865.152627
5474071.873368,39,18865.922276
5433388.30647,78,18867.469405
5484520.219327,79,18869.029847
5483097.163202,34,18869.681412
5440667.551728,35,18870.359116
5470056.725807,43,18871.208603
5449085.429962,78,18872.748736
5472627.719531,33,18873.361652
5438247.392163,79,18874.8738
5470906.768194,70,18876.211562
5434654.93193,35,18876.835388
5428699.732174,30,18877.402319
5466936.029263,76,18878.847485
5500646.378441,77,18880.365923
5460475.692603,34,18881.067714
5499758.10002,63,18882.180815
5496512.227521,70,18883.380693
5455508.288397,40,18884.07421
5374952.633482,71,18885.409081
5527443.640305,73,18886.68513
5471474.723488,73,18888.016181
5455942.52012,32,18888.594016
5487392.182512,34,18889.209827
5460555.456993,40,18889.948909
5460379.062304,35,18890.572962
5448110.987041,45,18891.41779
5496252.800247,54,18892.405397
5447959.9622,28,18892.942602
5499120.439959,65,18894.059249
5481969.697207,64,18895.20031
5427545.078892,31,18895.743635
5674422.469132,94,18897.458592
5490909.950556,71,18898.788132
5492446.301289,86,18900.24689
5562418.198801,42,18900.967949
5481607.322789,51,18901.869053
5371841.55445,83,18903.374388
5466042.168576,36,18904.023008
5425726.010533,87,18905.555825
5472536.146113,76,18906.983673
5385374.727861,85,18908.553553
5439189.710577,84,18910.084765
5468630.695907,85,18911.648297
5499376.206645,75,18913.004488
5565640.901872,58,18914.073106
5487472.584161,35,18914.722543
5444154.837393,32,18915.343924
5862347.591588,98,18917.168487
6107062.726905,188,18920.610111
5451363.98727,39,18921.280269
5480540.183702,84,18922.80652
5432871.602569,26,18923.284876
5486155.084544,34,18923.940511
5436804.728149,85,18925.547549
5492926.28594,72,18926.915216
5492179.248791,48,18927.776558
5471832.984754,70,18929.008209
5492248.350425,55,18930.008706
5369163.26019,83,18931.552484
5480536.634905,64,18932.713256
6303172.524016,95,18934.436643
5417336.887435,85,18936.000391
5470855.887637,83,18937.511111
5447621.14466,32,18938.077173
5511240.590388,42,18938.850372
5529342.918523,71,18940.110218
5451647.609908,81,18941.570149
5499427.735563,37,18942.252213
5498066.462838,85,18943.79162
5505840.982774,73,18945.113159
5398948.463171,83,18946.601632
5512216.226553,78,18948.04175
5457221.476754,68,18949.294135
5509916.754261,62,18950.410673
5495968.184276,68,18951.65584
5450671.117109,75,18953.005402
5447381.955432,84,18954.518424
5459528.128981,34,18955.115782
5610032.957262,79,18956.532186
5416455.069992,84,18958.030138
5506849.794294,72,18959.316491
5435270.913586,54,18960.300301
5449522.844072,78,18961.698518
5493005.390794,68,18962.891097
5896193.032304,75,18964.204844
5473005.210895,85,18965.67701
5467512.956503,89,18967.25661
5459794.361855,33,18967.840438
5461319.341353,39,18968.646766
5471745.286317,53,18969.541697
5376095.144664,83,18971.037199
5437314.825823,41,18971.921488
5421205.92395,77,18973.337064
5586549.418615,76,18974.630223
5447113.71458,32,18975.161905
5465962.690159,58,18976.201225
5647287.09107,44,18977.023342
5447916.725699,85,18978.78571
5490891.247261,81,18980.37516
5481162.585164,41,18981.107076
5459009.634225,34,18981.842316
5375379.552383,72,18983.012821
5460798.55716,44,18983.72472
5440058.777973,35,18984.285643
5450821.218107,32,18984.813372
5508604.977342,41,18985.534537
162325.077412,250,18989.89863
98699.575754,250,18994.233449
5426294.840493,86,18995.828458
5527484.197032,75,18997.155677
7106782.989914,243,19001.817507
5482610.254426,40,19002.529509
5466415.958769,37,19003.218675
5482436.562105,39,19003.972047
5445068.271677,37,19004.704691
5465780.529344,49,19005.702123
5478198.966477,42,19006.62092
5522067.405361,75,19007.958803
5471513.039566,80,19009.407542
5474161.820271,54,19010.544355
5448500.913503,37,19011.180566
5568998.126857,45,19011.981854
5474909.603264,55,19012.969865
6167248.796525,133,19015.524661
103194.090377,250,19020.319132
5498471.128419,70,19021.659243
5473770.747486,75,19023.111739
91066.101875,250,19028.051358
5450710.487476,34,19028.681186
5723201.977781,125,19031.091979
5427726.620717,77,19032.645149
5454447.246537,31,19033.234543
148400.168138,250,19037.772101
5449306.3886,38,19038.517061
5432216.760168,80,19040.104864
5498936.202386,58,19041.212294
5480478.832872,90,19043.062444
5388837.111783,89,19044.886535
5462146.807118,35,19045.601971
5486990.249903,85,19047.277543
5465395.699328,54,19048.285694
5497120.574019,37,19048.993815
5477914.440096,57,19050.260111
5448097.975303,53,19051.328095
5441864.700489,32,19051.891753
5454764.842952,32,19052.538995
5476749.795045,61,19053.695129
5524077.420019,79,19055.14096
5482566.420184,56,19056.144099
5408143.145623,89,19057.814199
5448139.614963,91,19059.651946
5494903.374797,68,19060.886417
5630254.555648,68,19062.088406
5416910.369481,96,19063.93089
5434202.677374,38,19064.596449
5564946.696146,50,19065.612283
5472425.909511,92,19067.249203
5493630.750521,53,19068.389109
5466125.28768,37,19069.042995
5635347.282917,46,19069.848954
5452693.838367,82,19071.407761
5574772.690967,79,19072.845347
5443697.941752,37,19073.518687
5466772.560972,38,19074.283631
5369364.040572,75,19075.661771
5474410.48072,73,19077.038868
5448149.49628,86,19078.746681
5441365.375211,93,19080.359313
5503299.069105,77,19081.668668
5396162.450964,80,19083.116567
5476941.19249,34,19083.805809
5481370.067782,64,19085.048827
5477689.44966,71,19086.228553
5482384.438432,80,19087.668471
5451370.418286,85,19089.20383
5440210.280312,32,19089.754786
5403440.704636,84,19091.410657
5428336.163109,33,19092.001015
5466417.516232,80,19093.433009
5450288.794948,89,19095.033739
5422202.647007,76,19096.443095
5464685.617945,33,19097.05685
5462049.604548,41,19097.829638
5531923.044107,80,19099.300587
5418293.362812,83,19100.777683
5455546.454342,34,19101.444598
5415746.645162,84,19103.02472
5449885.860171,34,19103.624676
5604657.311899,41,19104.336758
5462079.81589,80,19106.041334
5473418.643816,66,19107.353878
5401001.702175,83,19108.865907
5447124.544669,28,19109.384845
5444703.172388,39,19110.193437
5490841.096633,58,19111.223979
5374883.309803,87,19112.697523
5497038.454005,83,19114.243115
5476582.713067,66,19115.538514
5476503.472145,76,19117.019729
5475763.156635,76,19118.463625
5515912.360163,59,19119.550033
5717720.241808,50,19120.477684
5472826.264933,36,19121.198323
5626985.645588,82,19122.668559
5451058.585492,38,19123.316472
5453123.517611,39,19123.990709
5435841.600138,65,19125.148669
5440139.581927,83,19126.5286
5457379.497988,33,19127.073778
5445716.136597,36,19127.666808
5461115.993502,62,19128.701895
5437300.222582,35,19129.321961
5520512.198989,54,19130.31362
5633006.908679,106,19132.147797
5384288.855679,84,19133.676288
5875623.669612,107,19135.65627
5454881.266426,73,19136.955039
5510681.004209,89,19138.599132
5473254.229683,48,19139.347067
5475239.808916,92,19140.935385
5457084.387523,78,19168.76117
5481143.966637,48,19169.536741
5487526.397602,71,19170.692042
5470309.374601,56,19171.60051
5467610.460335,71,19172.860431
5481500.772671,83,19174.363019
5391945.347864,97,19176.14241
5966782.65197,101,19178.01081
5434876.252289,80,19179.483001
5457419.927937,34,19180.120333
5750101.834565,110,19182.215184
5454207.180046,74,19183.536453
5499151.959171,68,19184.737659
5549341.884106,85,19186.250704
5505500.51318,41,19186.995641
5647131.884708,113,19189.005011
5434845.180556,83,19190.490047
5445624.375708,64,19191.612743
5475532.173626,82,19193.239941
5433214.800328,30,19193.828461
5454811.853957,83,19195.323057
6398493.538949,159,19198.00038
5437060.069611,79,19199.331211
5489841.21354,87,19200.939608
5497721.725794,67,19202.124449
5453892.239306,35,19202.781863
5434534.811269,29,19203.294296
5609458.012097,84,19204.865569
5490268.741017,54,19205.838619
5454010.12477,34,19206.427417
5587459.648328,48,19207.249176
5486782.190072,72,19208.594826
5536124.432113,84,19209.990123
5471164.853329,66,19211.03797
5487885.353899,75,19212.372017
5451736.730432,30,19212.872197
5484572.716382,76,19214.177217
5725961.732412,157,19217.104113
5481405.371004,43,19217.809323
5522792.469827,81,19219.224823
5456223.367914,82,19220.675998
5517626.693918,39,19221.364698
5481306.92477,73,19222.724442
5530535.43663,70,19223.964797
5619086.317822,78,19225.380668
5478950.413345,67,19226.588802
5513650.258653,71,19227.917109
5492898.578677,42,19228.720389
5400642.679353,82,19230.212945
5431960.65945,78,19231.622186
5472149.44619,53,19232.557798
5451438.894341,80,19233.865983
5667874.055573,42,19234.574966
5473162.965242,51,19235.473325
5443919.144431,39,19236.149181
5530017.068013,63,19237.295352
5495563.725339,77,19238.596649
5421603.694096,32,19239.108749
5475733.209284,37,19239.753988
5477071.642686,69,19241.000652
5465074.030946,78,19242.519967
6677135.379316,130,19244.959765
5822957.024446,88,19246.493547
5423182.547356,76,19247.923142
5482126.596823,85,19249.552508
5401948.688588,83,19251.144901
5514209.322826,80,19252.601008
5462212.352811,28,19253.073295
5431340.588675,84,19254.605679
5518846.365753,80,19256.02366
5446935.974931,39,19256.729223
5500022.93776,82,19258.298871
5482248.132776,52,19259.215218
38106.692186,250,19264.021662
5492544.461395,58,19265.004319
5669964.435231,230,19269.331605
5410976.068324,84,19270.884229
6072451.371068,66,19272.057465
5464688.531575,85,19273.676197
5477790.124812,54,19274.714364
5505754.736976,65,19275.98057
5499743.954384,37,19276.693333
5656089.468531,109,19278.818897
5399977.142375,77,19280.317698
5430690.582513,91,19282.068287
5529809.61562,78,19283.572063
5462220.336784,46,19284.471266
5468089.519138,66,19285.769951
5356384.204498,87,19287.416877
5464375.214608,38,19288.146318
5450315.558846,36,19288.822629
5443088.91895,25,19289.289202
5557250.060956,69,19290.605087
5456268.75767,42,19291.409577
65438.020744,250,19296.286454
5821126.955817,60,19297.441672
5385846.492887,81,19299.010109
5510184.719941,56,19300.100135
5487438.52195,46,19301.016946
5481201.452832,57,19302.107232
5455797.326313,77,19303.565824
5456754.331018,38,19304.326111
5453490.874459,80,19305.858717
5471427.647346,48,19306.787518
5464315.305806,75,19308.242421
5458006.210163,40,19309.029679
5446729.921183,52,19310.042117
5440500.978055,82,19311.607183
5488409.275072,92,19313.30133
5480384.261351,72,19314.687944
5450686.144665,77,19316.175918
5478844.360991,65,19317.44068
5458593.444047,33,19318.104257
5477076.005512,61,19319.27709
5760323.761375,82,19320.806043
5874297.366404,88,19322.472564
5454496.348878,39,19323.200969
5524211.276987,85,19324.854159
5478527.927838,70,19326.188032
5619066.961138,88,19327.842929
5449367.601395,31,19328.421783
5475306.328693,65,19329.63249
5400095.655351,95,19331.433289
6078482.078361,70,19332.766751
5424485.914831,78,19334.237513
5490145.781153,78,19335.783182
5455748.925916,36,19336.448187
5495500.263649,62,19337.642791
20961.999871,250,19342.458677
5386280.019464,79,19343.963776
5477073.948988,55,19345.025061
5468975.950101,47,19345.939505
5507740.730778,57,19347.00517
5517097.446138,75,19348.403925
5453928.672996,37,19349.103987
5446737.187876,27,19349.615608
5430558.776066,84,19351.254965
5480829.252211,40,19352.052003
5463106.573649,82,19353.645238
5468997.354093,79,19355.186675
5865352.213944,60,19356.333021
5441683.466581,37,19357.031768
5460155.33239,41,19357.800741
5452076.615047,36,19358.494571
5491192.086392,85,19360.120606
5404747.478559,80,19361.660878
5471573.809836,48,19362.579576
5391045.525022,89,19364.185146
5806460.465393,59,19365.26965
5489608.569127,53,19366.228043
5470073.722574,51,19367.15631
5449745.556164,40,19367.881287
5410448.77031,100,19369.707268
5469732.964402,52,19370.653493
5496987.561196,79,19372.121462
5454920.611363,72,19373.379382
5489235.026234,34,19374.003536
5419139.98228,78,19375.468053
6192954.111741,121,19377.661153
5445556.969662,35,19378.310226
5453525.795582,36,19378.994613
5448532.915065,83,19380.536436
5405617.648333,89,19382.211677
5480192.038105,41,19382.966352
5522889.132832,50,19383.882345
5458989.815326,31,19384.447765
5470014.967148,73,19385.803063
5486681.310439,41,19386.554757
5449357.076519,77,19387.954854
5472530.232015,43,19388.732416
5473720.322056,32,19389.31918
5768579.531784,49,19390.190078
6015166.118121,103,19392.033638
5482376.362744,73,19393.335571
5503978.311883,38,19394.013712
5480254.946572,58,19395.040371
75401.231997,250,19399.520368
87966.123996,250,19404.015499
5460505.712861,33,19404.578228
5792657.074698,95,19406.338763
5469987.802466,38,19407.04778
5470130.585149,49,19407.938554
5495123.584561,60,19409.036588
5458142.366695,54,19410.03159
5577878.441819,58,19411.088328
5468367.054067,34,19411.710972
5417096.270081,85,19413.291393
5505459.695608,66,19414.504565
5464848.250242,34,19415.092547
5493831.081179,76,19416.478629
5386380.041336,90,19418.065058
5485307.902139,66,19419.279426
5440373.97156,84,19420.785164
5422251.592379,87,19422.345488
5480565.763033,38,19423.044204
5464040.282221,77,19424.458531
5539125.960773,41,19425.200495
5423511.648765,84,19426.672116
5456536.113911,39,19427.351577
5459450.114499,77,19428.780292
5499171.134145,54,19429.721105
5403652.989254,83,19431.204803
5505558.972408,88,19432.765244
5501483.254828,77,19434.129611
5455790.541326,84,19435.584834
5747740.470887,49,19436.474982
5934589.429862,108,19438.475202
5489396.672543,80,19439.923982
5821789.472185,123,19442.193607
5481117.071918,70,19443.454361
5525439.493463,45,19444.243267
5383791.828726,75,19445.5528
5508362.789053,77,19446.969888
5476073.355115,67,19448.173021
5457646.410863,33,19448.745906
5467786.790013,57,19449.768502
5448073.038772,87,19451.328527
5460085.805365,32,19451.917677
5492308.713586,88,19453.560519
5480563.535831,64,19454.754732
5544042.094943,236,19459.081732
5483268.634845,59,19460.150806
5429853.047252,29,19460.672357
5537257.167273,63,19461.773035
5461947.30694,82,19463.224032
31893.948263,250,19467.831391
5405347.114761,76,19469.238196
6067907.187625,102,19471.088973
5855624.938627,210,19474.811307
5427498.053424,89,19476.391122
5440120.145303,30,19476.939207
5431352.191719,32,19477.515589
5491635.160206,62,19478.659806
5489572.969403,58,19479.728184
5444439.690082,34,19480.352195
5478705.201528,76,19481.744863
5587001.051589,91,19483.53054
-434.701328,250,19488.40505
5476280.390741,76,19489.88311
30082.01641,250,19494.672305
5486937.36052,82,19496.241234
162776.073382,250,19501.12358
5476719.179756,93,19502.919492
5441416.56412,29,19503.464855
5479346.561811,70,19504.771413
5501672.909814,75,19506.191805
5450006.031022,82,19507.754822
5498894.845117,81,19509.323035
5422058.607007,80,19510.900998
5558038.807526,81,19512.721182
5457559.303793,78,19514.58747
5418551.557956,88,19516.22564
5435351.174619,40,19516.985948
5470341.802485,83,19518.528507
5488020.550961,57,19519.58784
5425123.446278,80,19521.088749
5438696.663217,35,19521.757881
5419621.641995,80,19523.24978
5447788.063902,37,19523.943803
5451627.273543,54,19524.983865
108929.851301,250,19529.83041
5399736.699314,86,19531.50023
5474095.029462,35,19532.155999
5473226.493278,34,19532.810877
5427101.136629,33,19533.454195
5457818.674867,30,19534.038188
5481367.488832,70,19535.388249
5356583.76236,88,19537.058719
5497537.587046,73,19538.477238
5611613.584671,90,19540.23172
5483971.413627,58,19541.366925
5407195.864338,85,19542.965623
5532473.285066,81,19544.530743
5502192.115493,77,19546.033942
5456113.613547,85,19547.671912
5447289.24774,29,19548.234582
5450252.343884,29,19548.802851
5464153.512788,37,19549.506103
5516332.274005,89,19551.256192
5652853.174508,60,19552.417268
5475418.112312,60,19553.592046
5888464.84028,73,19555.023059
5471609.77239,70,19556.3777
5424232.40211,89,19558.189038
5445709.00534,39,19558.964036
5452082.672711,75,19560.46892
5423639.300424,89,19562.224388
5383499.648441,82,19563.822846
5443520.883857,36,19564.53891
5440211.574066,33,19565.155586
5444397.594403,83,19566.757505
5380906.134186,83,19568.363036
5487243.816587,47,19569.259438
5479720.574638,81,19570.849011
5449986.684575,40,19571.656163
5493717.580593,60,19572.894178
5473152.102583,149,19575.636658
5474193.608548,34,19576.307159
5852947.304468,102,19578.232181
5452100.571722,89,19579.887716
5410466.640465,81,19581.381816
5461338.799545,52,19582.330978
5454211.537743,80,19583.858033
5485063.951704,72,19585.248701
5385973.567807,84,19586.852298
5416813.189791,92,19588.558716
5533077.404992,75,19589.933746
5456488.695745,32,19590.533205
5438352.363032,83,19592.105324
5823875.945783,57,19593.181855
5668975.356778,47,19594.060119
5894501.769461,60,19595.198042
5434956.090423,28,19595.701984
5460292.488153,33,19596.346757
5435784.216932,34,19596.974733
5467854.032661,33,19597.614484
5459087.239744,35,19598.292956
5472469.918904,60,19599.434367
5439965.354631,37,19600.180282
5434538.110929,85,19601.696992
5521254.098419,73,19603.055547
5724703.321414,95,19604.856036
5442326.665824,71,19606.102589
5451961.646766,79,19607.555005
5492961.140523,76,19608.921246
5794778.008231,102,19610.846519
5411595.239486,83,19612.296982
5406190.792267,92,19614.013795
5440154.930078,85,19615.472913
5377598.611218,71,19616.740708
5472175.242158,78,19618.096694
5478332.279188,76,19619.452337
5503675.089106,43,19620.219128
5497424.136451,42,19621.037106
5841268.208584,66,19622.180115
5454340.633581,33,19622.716078
5495910.714023,86,19624.189995
5445451.562304,28,19624.703175
5476165.532017,34,19625.330712
5491462.479744,60,19626.425082
5467869.731811,90,19628.049556
5415623.983271,85,19629.615802
5455415.401458,42,19630.389336
5383965.994035,82,19631.923684
5445748.446233,82,19633.422551
5454080.02722,55,19634.41528
5440469.535879,83,19635.983786
5484427.163686,82,19637.52373
5512733.976491,72,19638.812536
5396326.068435,89,19640.444587
5562086.947938,102,19642.337958
5386918.025546,80,19643.808336
5515221.353679,52,19644.760612
5454239.074477,46,19645.675659
5472710.063573,39,19646.450055
5462973.505209,44,19647.326909
5510453.896387,75,19648.708911
5459671.588106,40,19649.440561
5483720.98607,80,19650.945074
5484859.559307,68,19652.208883
5481839.241969,43,19652.998666
5616646.255329,90,19654.687857
5589123.627709,81,19656.176652
5517118.916689,86,19657.779297
5494011.512965,60,19658.929853
5550724.63051,41,19659.711648
5456732.607039,40,19660.478199
5458170.685616,55,19661.504158
5412695.057395,74,19662.878595
5491157.248462,66,19664.134035
5504658.488543,42,19664.885432
5464390.755569,67,19666.182177
5510846.661859,77,19667.630342
5456756.505507,48,19668.530206
5458531.423884,71,19669.824361
5450815.534495,40,19670.56197
5431703.209179,86,19672.19872
5475756.180078,51,19673.126742
5429964.76084,36,19673.755537
5490759.267187,68,19674.973298
5423679.062343,81,19676.410425
5479495.640838,84,19677.91541
5458363.327575,29,19678.47648
5367845.561193,85,19680.100255
5853974.423199,97,19681.757151
5496196.702424,67,19683.061988
5457737.344574,74,19684.306602
5452313.700925,29,19684.77796
5493457.069807,86,19686.251691
5517885.09793,74,19687.593886
5440895.23785,34,19688.213442
5454880.651968,41,19688.95808
5474812.411885,82,19690.573727
5448563.998161,35,19691.35078
5449836.975683,84,19692.828611
5495957.362956,46,19693.670399
5441442.540682,45,19694.451035
5418894.098542,27,19694.920472
5475251.81512,36,19695.566037
5388040.041801,76,19696.966973
5511635.234428,74,19698.302027
5543621.549106,77,19699.700018
5475069.636002,37,19700.390643
5477997.40589,68,19701.648852
5482899.525043,79,19703.124259
5675984.253276,99,19704.973776
5426866.082547,83,19706.579046
5459308.874645,71,19707.928507
5458156.283463,33,19708.541126
5511337.503118,40,19709.297328
5422023.603077,83,19710.988832
5447882.093684,38,19711.707876
5515268.437796,62,19712.866776
5487360.054941,50,19713.769377
5548445.671977,65,19714.984937
5493548.99983,80,19716.382421
22189.437981,250,19721.075562
5496701.144721,77,19722.522678
5467819.254394,36,19723.188758
5399644.235299,84,19724.832003
5454335.272886,76,19726.220109
5445144.109449,29,19726.764994
5476713.420653,80,19728.304117
5494754.711692,36,19729.026108
5440241.810367,51,19730.097422
5463020.572278,67,19731.369362
5482978.398854,54,19732.330935
5854779.732485,53,19733.32681
5435279.00605,31,19733.972026
5490863.802045,85,19735.772222
5423374.359591,78,19737.268749
5463960.449327,77,19738.759777
5474495.353965,87,19740.426754
5457292.129477,33,19741.068739
5475720.598116,86,19742.772299
5441622.620794,29,19743.320355
5491598.227872,53,19744.394802
5445794.888511,80,19745.984469
5403799.151061,79,19747.528571
5414762.399074,75,19749.023997
5469259.081619,32,19749.686218
5511369.053853,77,19751.168591
5475019.640266,86,19752.854497
5495362.536137,61,19754.081808
5475276.222298,52,19755.116106
5948590.738421,80,19756.703501
5512154.158041,81,19758.587227
5492709.512523,83,19760.225637
5453402.246007,34,19760.917611
5410391.500038,84,19762.508589
5354965.404128,86,19764.408467
5478497.819725,69,19765.880512
5453123.756499,32,19766.497926
5349175.696143,78,19767.954351
99115.134124,250,19772.824451
5523912.664441,76,19774.225021
5469702.938462,32,19774.852088
5393848.536023,76,19776.380764
5509743.925548,83,19778.111702
5451378.504954,34,19778.78851
5484889.23036,79,19780.419929
5420083.659908,81,19782.05102
5499299.845203,69,19783.450042
5535632.439545,71,19784.861919
5378493.430564,79,19786.444733
5588307.185372,38,19787.213701
5497877.800459,41,19787.955055
5459195.541465,72,19789.370046
5474325.193536,44,19790.334347
3457627.351934,250,19795.025039
5466091.504984,46,19795.934356
5485354.175807,36,19796.662147
5430159.671959,33,19797.334785
5451922.810207,34,19798.015438
5463024.370577,40,19798.825672
5473668.972848,46,19799.746262
5476928.595125,65,19801.057168
5472537.619553,56,19802.173054
5472120.791383,82,19803.810096
5471332.446893,58,19804.968641
5475422.167847,84,19806.598454
5509361.453831,55,19807.692683
5536807.634081,76,19809.177769
5457112.223459,34,19809.851954
5420500.845314,32,19810.484678
5461182.61941,41,19811.297135
5417466.849462,81,19812.906746
5409852.338014,82,19814.538515
5744618.913289,89,19816.330395
5461775.320348,34,19817.011788
5438062.351746,26,19817.546858
5453656.063642,77,19819.087805
5457068.788059,33,19819.737169
5432348.238608,31,19820.3325
5408286.634075,81,19821.962614
5506663.369193,80,19823.581686
5487151.490579,87,19825.334107
5894223.272796,106,19827.46089
5455472.884485,26,19827.977269
5476560.133722,73,19829.421818
5473682.978199,69,19830.781219
5472224.014257,56,19831.896119
5441649.357436,26,19832.407419
5449248.947339,88,19834.132444
6039214.985236,67,19835.408741
5388542.816548,82,19837.00558
5460530.882417,31,19837.617335
5493477.378643,59,19838.796795
5447810.451497,80,19840.348565
5466757.248299,83,19841.970258
5453343.974052,39,19842.730076
5465338.83421,71,19844.102419
5461966.581835,35,19844.778889
5459060.730227,50,19845.743892
5446856.601508,39,19846.493918
5490311.521725,37,19847.192175
5433689.438912,32,19847.793989
5430067.631562,90,19849.481875
6236922.527959,113,19851.604597
5411166.469977,77,19853.031675
5476596.022813,73,19854.378037
116590.9629,250,19859.156485
5446885.526401,87,19860.822812
5424128.600419,38,19861.538966
5456691.245343,27,19862.036285
5434250.852886,90,19863.730249
5784325.314482,88,19865.37146
5401388.747101,86,19867.045406
5478498.269999,53,19868.009925
5425588.49404,90,19869.6524
5434762.392079,91,19871.40711
5691825.21196,50,19872.250653
5535875.354155,67,19873.473668
5423434.731603,84,19875.117425
5491851.317252,49,19876.056761
5510219.482645,79,19877.611074
5487134.486149,57,19878.729057
5458216.646694,81,19880.361345
5554734.968135,44,19881.244828
5861104.23618,63,19882.602963
5494965.640113,48,19883.586189
5454908.497455,75,19885.532787
5457347.304795,60,19887.001055
5503514.334234,49,19888.11034
5557213.277734,85,19889.958762
5459196.680793,37,19890.745502
5424233.501484,82,19892.42379
5485763.934709,57,19893.664698
5483694.702647,75,19895.30217
5515577.816702,61,19896.623129
5574776.575858,92,19898.601562
5451065.823032,30,19899.296655
5386948.25013,88,19901.237662
5483240.402209,81,19902.944486
5439343.295422,32,19903.64581
5428699.451111,86,19905.616316
5484986.695423,91,19907.597796
5460219.271829,78,19909.272921
5479925.382964,49,19910.421427
5519180.801773,60,19911.829187
5485312.569643,77,19913.441463
5528678.682297,83,19915.256126
5450028.791092,81,19917.12508
5523171.189586,102,19919.342752
5511836.188556,79,19921.044084
5451381.830652,42,19921.933754
5443264.306872,52,19923.019907
5489733.703099,60,19924.311767
5912575.784854,69,19925.839042
5407420.861725,83,19927.659775
5673122.859771,84,19929.502759
5538482.458948,85,19931.407692
5426564.994109,28,19932.070076
5522327.669185,75,19933.930426
5499862.2811,30,19934.65491
5447855.442462,79,19936.184953
5466933.054572,84,19937.766829
5485173.087046,45,19938.661817
5385836.887111,79,19940.029122
5595638.717778,44,19940.829378
5460666.721835,34,19941.493794
74480.964089,250,19947.89257
5485430.82784,89,19950.113829
6054969.526354,112,19952.602592
5453011.512647,33,19953.248284
5437488.671401,82,19954.874018
5400449.675086,81,19956.542268
5389421.084493,80,19958.153789
5474422.691987,76,19959.716705
5482723.560324,79,19961.435802
5478746.630153,70,19962.921411
5445097.852117,31,19963.616206
5433390.936954,90,19965.691228
5481826.467777,68,19967.215774
5490811.717536,80,19968.965142
5469621.226568,38,19969.836908
5466335.734451,88,19971.773595
5452122.505765,41,19972.756402
5457523.311573,62,19974.185636
5469400.269683,58,19975.431857
5468224.797982,44,19976.482473
5456802.761337,27,19977.087487
5464563.988403,32,19977.871102
5456157.085351,40,19978.793238
5500748.329624,67,19980.34427
5463666.494986,87,19982.276344
5465330.486846,73,19983.893202
5457926.325812,77,19985.537372
5425472.615599,76,19987.170694
6162997.211827,70,19988.678119
5504998.889788,50,19989.756632
5768611.014771,100,19992.008475
6096022.30589,115,19994.562408
5388163.417027,83,19996.415745
5375344.324359,82,19998.199605
96165.702608,250,20003.6428
5569692.086511,83,20005.508509
5435875.959963,78,20007.431617
5443570.917362,41,20008.300056
5473292.538951,68,20009.78687
5373639.353423,87,20011.652159
5459927.265807,33,20012.357785
5794531.025244,53,20013.507553
5454095.397066,35,20014.305677
5482228.288831,43,20015.236459
5506915.805033,81,20017.011018
5452215.43975,69,20018.486905
5455460.669629,39,20019.369429
5408208.056303,82,20021.134823
5459164.572406,80,20022.862526
5481804.880333,69,20024.364138
5464116.952818,87,20026.239245
5447592.979801,82,20027.957533
5500563.454943,53,20029.125009
5439293.325571,73,20030.64092
5451718.944915,57,20031.879126
5600418.581925,75,20033.471979
5597747.373126,95,20035.428089
5496322.33554,67,20036.935169
5490331.998507,77,20038.655609
163022.045207,250,20044.251354
5508398.530107,76,20045.994239
5415452.854462,87,20047.855746
5428848.489601,34,20048.56141
5923071.431287,106,20050.889192
180106.179398,250,20056.315816
5480680.219566,75,20057.990502
5495571.508901,49,20059.010182
5499118.528982,64,20060.407834
5414751.645858,87,20062.268847
5508859.713265,56,20063.447903
5450474.896268,77,20065.109852
5441085.566141,29,20065.762947
5481841.978883,33,20066.503421
5505388.547253,51,20067.739487
5462380.575724,27,20068.318897
5397570.124699,82,20070.12869
5473960.122818,59,20071.39903
5448556.72452,66,20072.922981
5797194.608992,103,20075.171662
5447625.801045,51,20076.230516
5496275.820399,82,20078.031235
5377086.999878,84,20079.842782
95043.080845,250,20085.286727
5437792.641824,34,20086.005475
5485979.655843,83,20087.812645
5436916.496943,33,20088.48438
5468927.005862,35,20089.249287
5406320.315878,90,20091.185719
5488865.874199,40,20092.05916
5431071.433117,39,20092.871812
5459743.565728,34,20093.616004
5444066.802091,32,20094.339839
5473883.864246,54,20095.486289
5513711.635276,86,20097.437263
5462155.116844,35,20098.202271
5814844.435362,63,20099.671825
5478466.287696,39,20100.532776
5497857.370902,46,20101.603768
5484360.236316,38,20102.439169
6007270.201552,118,20105.199936
5496300.076826,50,20106.403891
5421736.210915,74,20107.977498
5486613.075316,36,20108.7642
5482566.471438,76,20110.549974
5474341.769339,81,20112.387221
133399.27426,250,20117.978094
5442603.749802,34,20118.710319
5531814.0279,62,20120.074179
5497061.444698,84,20121.936085
5503543.937579,57,20123.169102
5491131.351904,63,20124.535974
5688393.659274,50,20125.748688
5501335.761746,68,20127.320658
5419818.211223,80,20129.098825
5431250.190337,40,20129.998012
5512059.898561,76,20131.685518
5374182.22705,77,20133.391383
5456175.433289,40,20134.286833
5373524.982547,92,20136.379708
5436162.661616,29,20136.997296
5509469.093801,70,20138.493413
5487886.841609,40,20139.401699
5445425.797774,86,20141.33164
5471798.61645,61,20142.720676
5455496.309699,81,20144.421255
5461930.932784,83,20146.292071
5462598.550148,41,20179.63811
5487453.659004,82,20181.180942
5531628.518996,41,20181.944271
5610526.925064,84,20183.524494
5533179.886171,74,20184.931657
5478701.320253,55,20186.002491
5430618.883956,82,20187.567576
5422816.375145,86,20189.158825
5503560.324536,58,20190.277993
5490110.251004,77,20191.711017
5468953.946458,73,20193.074434
5499719.042984,70,20194.408052
5466442.699798,50,20195.375001
5451305.335146,85,20197.020121
5456777.421345,88,20198.723375
5418369.156785,81,20200.261147
5471555.30369,70,20201.595463
5416204.625276,69,20203.01034
5467692.072835,42,20203.862743
5544403.010188,67,20205.231752
5457709.179872,57,20206.383501
5455456.550082,37,20207.133079
5427273.978451,24,20207.626315
5425728.819057,30,20208.222226
5473435.998248,66,20209.536317
5385386.102605,71,20210.987401
5459881.067332,80,20212.587771
5491449.541558,83,20214.284688
5459228.842042,79,20215.901304
5778406.258546,92,20217.761666
5458558.946204,82,20219.407842
5472353.834434,43,20220.259365
5467679.831516,73,20221.728353
5460490.835621,92,20223.609259
5465374.833718,40,20224.408431
5428212.236709,28,20224.969393
5505665.342489,59,20226.123855
5554889.04002,91,20227.941026
5433624.209186,35,20228.658741
235314.22695,250,20233.697628
5487900.743162,49,20234.674104
5518124.694449,75,20236.167415
116362.655606,250,20241.168583
5473937.493452,40,20241.987362
5457722.347357,32,20242.653254
5537578.588381,90,20244.501975
5386014.410797,80,20246.120323
5692747.788355,91,20247.949335
5481219.199366,79,20249.484497
5415744.382472,84,20251.166212
5560256.892946,87,20252.906087
5477980.864784,39,20253.684997
5436414.885572,37,20254.409037
5438714.081289,34,20255.088385
5472119.96025,78,20256.636856
5583537.857169,88,20258.424157
115868.009722,250,20263.482116
5480214.104301,87,20265.220616
5512491.689889,61,20266.451839
5438563.837772,42,20267.302662
5481172.342694,52,20268.337621
5495161.054276,75,20269.808712
5450088.301692,29,20270.372653
5468851.357492,88,20272.158418
5747626.587881,100,20274.21473
5438378.139524,76,20275.760777
5426592.214809,75,20277.269644
5443525.318313,32,20277.913759
5464728.682629,31,20278.548541
5515464.946338,78,20280.093686
5494953.831813,71,20281.477311
5438118.128489,35,20282.172254
5500478.626093,31,20282.786276
5497246.971656,80,20284.371293
5497706.010089,79,20285.908933
5433193.212723,89,20287.696225
5453012.596413,32,20288.336421
5593873.587229,61,20289.588348
5470025.598188,69,20290.984687
5538304.841763,77,20292.55823
5488353.110381,74,20294.059743
5486976.866991,50,20295.042152
5528443.276151,45,20295.960609
118942.353531,250,20300.922748
5480124.441304,32,20301.566845
5449618.679862,36,20302.304593
5476313.272767,35,20303.032784
5481601.57259,38,20303.793597
5650566.365088,91,20305.598129
5462448.260451,63,20306.848728
5460449.683412,79,20308.403261
5447397.304353,30,20308.985319
5507255.477901,70,20310.349121
5398352.117324,83,20311.984897
5625471.382092,47,20312.936526
5488109.743749,81,20314.549027
5520765.260177,49,20315.480377
5455751.891307,37,20316.196802
5504805.197369,49,20317.155521
5481971.76781,82,20318.798193
5460798.173219,48,20319.798421
5943766.207717,91,20321.604486
5459058.874603,46,20322.495541
5482477.11505,57,20323.552124
5548336.215897,41,20324.37415
5491144.890736,41,20325.142275
5495787.133628,66,20326.373079
5747125.873017,233,20330.697639
5496838.92792,66,20331.953937
5455387.808133,82,20333.536951
5459504.54924,87,20335.20011
5526423.642887,83,20336.76118
5482255.059743,48,20337.67865
5496811.060663,53,20338.668818
5705398.750353,55,20339.723667
5683989.254506,67,20340.966779
5461083.79662,59,20342.075279
5414797.360538,88,20343.739265
5341561.707168,83,20345.287311
5616098.6233,100,20347.186998
5484173.089884,42,20347.986708
5430192.165878,34,20348.636032
5502133.793057,73,20350.021627
5742106.007666,49,20350.984955
5514893.456792,40,20351.763667
5499302.55582,39,20352.494172
5416564.76631,79,20354.094568
5471087.707376,35,20354.78155
5495494.376633,55,20355.844198
5489460.624525,71,20357.254018
5701629.982617,52,20358.242073
5451324.373101,33,20358.881762
6072228.117403,130,20361.340589
5439163.316561,87,20362.963594
5501498.02013,72,20364.332964
5449614.923548,80,20365.872548
5460227.32207,30,20366.445784
5942820.208453,113,20368.639832
5465189.925113,33,20369.258454
5445150.609337,35,20369.918536
5502079.24029,40,20370.67938
150858.6819,250,20375.350283
5469808.855595,46,20376.255833
5470073.499811,42,20377.041356
5464034.590193,31,20377.643656
5473689.497596,33,20378.277742
5446445.203017,76,20379.716029
5897575.875498,73,20381.141398
5488998.893468,36,20381.849586
5464242.885353,34,20382.532414
5490241.544133,79,20384.059354
5460084.096976,86,20385.693725
5401563.427837,77,20387.144204
5463255.829614,73,20388.415559
5439667.110012,32,20389.012737
5489928.788502,35,20389.730211
5443422.943709,35,20390.367014
5476607.912247,73,20391.63736
5446395.946632,31,20392.177433
5427745.17591,36,20392.854255
5442655.509589,80,20394.37154
5455332.738408,34,20395.01092
5454282.436795,64,20396.307187
5460316.388846,33,20396.898688
5470605.09405,61,20397.928412
5427321.461719,89,20399.510095
5465252.078615,68,20400.719231
5467621.284928,73,20402.055037
5442625.314594,94,20403.774523
5477850.021181,81,20405.268486
5743138.930589,51,20406.207999
5438509.638002,30,20406.75019
5477116.568741,85,20408.304658
5439447.804175,34,20408.961596
5946906.885539,77,20410.371903
5472179.02903,68,20411.655128
5839180.307773,229,20415.810531
5495475.618,46,20416.670343
5432480.671951,81,20418.166811
5497832.235562,69,20419.445688
5614704.531842,57,20420.489297
5514902.540178,75,20421.8589
5470997.796315,56,20422.934225
5487457.268044,74,20424.324427
5454228.852182,76,20425.810646
5501858.702304,36,20426.476152
5469748.417217,30,20427.063284
5525737.390002,76,20428.435014
5467518.29014,70,20429.683675
5505794.029873,90,20431.303271
5453972.353394,87,20432.929133
5466662.224614,30,20433.458332
5482684.816899,77,20434.881667
5463341.018584,80,20436.413743
5873167.411596,102,20438.349145
5411070.183365,74,20439.718641
5386649.09987,85,20441.300624
5527783.130146,47,20442.248271
5448035.038775,37,20442.98042
5559518.664763,80,20444.568687
5455918.204609,51,20445.567145
5853161.596004,70,20446.969031
5466056.157592,34,20447.634014
5432596.283779,80,20449.245181
5378464.875132,78,20450.814182
5468566.483921,67,20452.163866
5868937.884173,64,20453.465793
5467732.158394,36,20454.198375
5464774.176071,35,20454.907049
5459828.700292,29,20455.489382
5476894.578551,39,20456.265223
5465400.316909,39,20457.039978
5622488.566076,49,20458.025286
5438327.633219,76,20459.527842
5472945.222544,81,20461.125421
5414565.103243,85,20462.826252
5446790.098151,79,20464.393535
5476112.73818,71,20465.813494
5476697.670759,147,20468.720321
5473381.154938,50,20469.719438
5470656.658537,32,20470.361983
5460069.622772,79,20471.952431
5489617.550383,56,20473.049269
5451188.122695,33,20473.709065
5484175.315128,41,20474.505522
5839755.925676,77,20476.020366
5728091.835601,55,20477.120566
5496429.698056,37,20477.872867
5385187.169293,81,20479.480782
5424598.611086,86,20481.192714
5445420.94177,37,20481.918423
5432246.737178,81,20483.53666
5650474.758251,93,20485.379732
5465156.127638,52,20486.444189
6656420.304132,144,20489.321733
5488272.012631,60,20490.507789
5452343.179797,33,20491.167758
5527681.49444,66,20492.467298
5863426.718082,87,20494.207788
100956.46866,250,20499.226619
5489682.420829,75,20500.73026
5858630.895674,95,20502.622737
5464006.79649,68,20503.938354
5454734.675708,30,20504.505617
5474511.907579,37,20505.242651
5438960.201149,71,20506.632381
5420493.085464,81,20508.248131
5438844.29588,28,20508.79896
5414230.929494,79,20510.316345
5473222.224666,65,20511.635676
5451311.694392,31,20512.238961
5468712.59479,39,20512.987468
47085.307304,250,20517.945889
5499207.411803,78,20519.487981
5516380.134065,67,20520.781483
5446487.542623,49,20521.748799
5465605.224946,53,20522.829991
95077.080574,250,20527.6547
5547421.002845,85,20529.348384
5442707.849794,44,20530.183416
5432588.689141,77,20531.685039
-6125.115715,250,20536.454171
5450784.618481,32,20537.065573
5384643.327809,80,20538.686024
5767620.419528,98,20540.548693
5507446.563218,66,20541.806426
5481824.889702,73,20543.39855
5703538.038545,76,20544.801738
5447344.32587,38,20545.760164
5441109.648629,30,20546.340916
5489048.893358,65,20547.523116
5489539.014078,43,20548.395342
5994184.926914,113,20550.528983
5536379.531536,87,20552.233814
5419022.250965,82,20553.70672
5718641.435543,54,20554.719783
5467000.828609,36,20555.390447
5482387.942262,60,20556.585208
5695159.876125,73,20557.9685
5858572.570054,56,20559.019484
5490764.33382,46,20559.859452
5519378.958387,60,20560.953077
5448892.445762,38,20561.61965
5470806.873049,38,20562.323904
5442891.914434,76,20563.669621
5411515.568625,83,20565.179628
5453827.478792,74,20566.464448
5474610.51471,78,20567.818481
5485207.528946,80,20569.277847
5438310.896778,35,20569.910022
5467434.599685,81,20571.354899
5482675.359665,35,20572.022522
5365367.565924,81,20573.565994
5445524.715919,80,20575.006692
5444854.738717,84,20576.448746
5478572.338223,45,20577.259099
5445538.108544,84,20578.825518
5468533.692337,84,20580.325356
5491605.523842,64,20581.403154
5470274.078445,61,20582.465108
5466488.27192,37,20583.133699
5579724.865958,93,20584.854064
5452096.046041,36,20585.520621
5446673.453845,28,20586.048562
5491109.161606,69,20587.300176
5476740.569855,60,20588.424335
5450548.930173,33,20589.080207
5515110.2749,40,20589.807089
5471442.991941,55,20590.784007
5435291.118186,31,20591.386729
5453189.538889,60,20592.506952
5500707.535792,75,20593.912935
5451784.385496,39,20594.647242
5421617.839911,87,20596.248257
5494192.819294,61,20597.354229
5454631.618475,71,20598.696928
5474780.482115,36,20599.375022
5456233.669733,28,20599.902336
5428144.586796,27,20600.421834
5483470.072179,72,20601.732359
5460394.473349,28,20602.247567
5532315.395305,104,20604.18931
5415277.371969,78,20605.654439
5458183.595606,74,20607.072549
5461652.907685,55,20608.117298
5424209.130021,27,20608.62326
5438781.175254,28,20609.13908
5443055.477058,35,20609.760918
5493680.60906,72,20611.127107
5523357.312563,68,20612.357897
5473791.560588,71,20613.674041
5387449.195765,86,20615.309131
5469701.740697,36,20616.006907
5444720.250268,35,20616.670815
5686337.850613,78,20618.141442
5439834.330938,82,20619.697987
5494575.340678,88,20621.320291
5447966.246185,34,20621.949636
5469275.490228,38,20622.62423
5724345.359548,62,20623.755567
5480248.456264,69,20625.053
5518434.707044,65,20626.240057
5416454.818226,78,20627.68982
5433368.952607,34,20628.311121
5481411.929404,34,20628.943447
5716642.72158,92,20630.642141
5478732.3786,50,20631.553092
5480518.27779,77,20632.979325
5497903.351182,41,20633.738599
5493251.37023,36,20634.42855
5452683.186376,70,20635.717159
5457009.189814,62,20636.857339
5397403.303097,82,20638.398679
5409411.529798,87,20640.001763
5456171.511995,47,20640.911852
5477646.063897,87,20642.638781
5473342.749343,65,20643.817847
5432200.590716,30,20644.334642
5459204.081258,35,20644.967849
5494727.764228,33,20645.558532
5477743.24765,80,20647.027392
5478875.039286,72,20648.235066
5455770.718156,83,20649.773126
5435877.419628,39,20650.591283
5450187.557917,32,20651.261515
5399384.037172,77,20652.585651
5467998.789596,60,20653.706994
5460000.923868,90,20655.412796
5442094.896754,79,20656.831454
5457373.957943,73,20658.142153
5432347.834696,87,20659.720771
5478791.812704,50,20660.5757
5435357.152203,81,20662.042802
5435709.615731,34,20662.635343
5526820.395005,94,20664.372988
5515550.534676,55,20665.412418
5508807.28481,74,20666.783051
5443162.040408,31,20667.366807
5518400.879588,32,20667.970897
5454899.791846,33,20668.570514
5489834.925715,73,20669.920069
5505516.832991,54,20670.901314
5444665.28247,79,20672.369851
5498448.200411,75,20673.738317
5411084.689047,89,20675.437461
5472065.274497,85,20676.908691
5435894.370724,76,20678.258489
5454129.727758,28,20678.78581
5465749.891268,51,20679.727454
5461622.440263,41,20680.500035
5452779.340527,31,20681.092939
5397517.729486,78,20682.624122
5468915.06982,63,20683.884802
5453115.87056,37,20684.641142
5436727.502433,83,20686.336438
5420245.442449,81,20687.998702
99475.078443,250,20693.149504
5469988.296975,76,20694.716767
5462529.965302,33,20695.440722
5473663.744717,62,20696.588248
5476179.307213,69,20697.853287
5549206.071134,67,20699.246819
5438770.857164,102,20701.11608
5494926.704032,71,20702.659968
5440817.824425,32,20703.451438
5384036.788875,85,20705.677538
5435567.211715,26,20706.351394
5473102.570903,41,20707.597433
5504113.985921,72,20709.48
5465316.124134,87,20711.647627
5498128.780523,57,20712.973781
5447509.313595,39,20713.902278
5438325.646698,29,20714.606165
5463199.382439,73,20716.469628
5665048.688509,53,20717.938533
5471789.321414,50,20719.268728
5433268.780631,35,20720.155026
5447586.818701,50,20721.390407
5822849.117279,99,20723.969006
5527782.444824,72,20725.678517
5884842.204523,86,20728.046569
5491312.442518,114,20730.77838
5395514.469355,85,20732.81216
5415226.164941,88,20735.012906
5450939.179552,38,20736.073063
5433432.593996,90,20738.323194
5431461.366129,37,20739.203531
5720390.161085,77,20741.1464
5429682.250635,24,20741.676734
5495872.501277,78,20743.681204
5447380.803498,33,20744.531765
5554400.914388,83,20746.659909
5463171.938099,69,20748.403354
5469738.816225,72,20750.335814
5434911.801823,37,20751.273186
5812133.981397,51,20752.549362
5498124.377574,77,20754.485588
5447818.941849,34,20755.403971
5451029.826705,77,20757.256272
5444407.501722,79,20759.148015
5458281.598603,34,20760.059548
5400486.147477,87,20762.450035
5449442.50283,41,20763.443527
5473598.775821,73,20765.288104
5428125.158107,35,20766.264537
5435468.731663,86,20768.455795
5457160.494697,80,20770.501409
5411134.340144,84,20772.624076
5511530.456554,70,20774.471593
5703339.976368,69,20776.245132
5484936.664888,38,20777.189165
5463967.594018,39,20778.178182
5473636.042334,79,20780.212795
5628397.037869,77,20782.211264
5420085.892642,85,20784.462418
682925.12294,250,20790.661104
5454970.08937,27,20791.298347
5429601.564103,28,20791.991476
5433088.608799,77,20793.96188
5445004.048659,81,20796.004787
5490246.106753,76,20797.95206
5475615.104873,68,20799.6215
5448612.486847,67,20801.307665
5479858.161105,53,20802.734325
5499312.393504,74,20804.68644
5571318.489581,72,20806.572707
5409936.962281,87,20808.856224
5415994.599858,28,20809.564137
5460495.235287,41,20810.618525
47584.478727,250,20817.194458
5447148.484615,31,20817.996955
5469365.297555,75,20819.921339
5427883.808921,24,20820.601912
5499531.775974,62,20822.116616
5441696.76911,33,20822.989271
5483331.202277,46,20824.207575
5449914.620679,79,20826.202201
5420594.841643,86,20828.360365
5478083.605714,64,20830.05142
5426566.67167,90,20832.488129
5430353.775243,29,20833.235516
5447329.994984,35,20834.097781
5990622.968339,110,20837.102399
5470002.447182,80,20839.270227
5447835.148337,32,20840.128776
5433075.85765,39,20841.197029
5458595.717423,51,20842.526102
5396692.1444,83,20844.676427
5554758.223204,74,20846.637149
5445249.647555,78,20848.686049
5505265.79721,37,20849.615681
5454578.509897,76,20851.638023
5512986.563017,43,20852.766888
5746876.795401,148,20856.647555
5395273.598596,85,20858.903876
5447420.375082,35,20859.809142
5484246.292278,96,20862.269348
5396155.167207,88,20864.486969
5459422.216916,71,20866.31129
85577.555099,250,20872.827001
5363927.093301,80,20874.889482
5464423.134003,53,20876.49115
5467567.142842,42,20877.503831
5577120.613605,42,20878.539829
5934498.109009,61,20880.154671
5484147.306859,56,20881.642368
5444593.293553,40,20882.601222
5442006.511176,52,20883.827379
5482824.348516,81,20885.908265
5484113.612042,55,20887.312057
5512472.883046,53,20888.750279
5398419.342502,91,20891.03161
5411049.976496,82,20893.045421
5524889.531729,57,20894.419018
5459671.129089,38,20895.526397
5435471.175721,85,20897.636387
101118.877595,250,20904.377664
5452266.085301,32,20905.133251
5692495.30767,48,20906.349108
5830367.38102,50,20907.646588
5475099.648032,53,20909.024901
5487855.371726,81,20911.035036
5542558.337859,43,20912.151262
5433374.471366,80,20914.215116
5608079.725068,43,20915.333532
5501320.436269,80,20917.488713
5519298.574668,59,20918.983925
5500127.981329,87,20921.215973
5408092.580879,83,20923.277584
5436411.468652,32,20924.059399
5431025.758131,85,20926.185847
5457878.523963,82,20928.308566
5460050.434351,76,20930.217884
91579.920831,250,20936.602762
5480153.234622,70,20938.470976
5497160.618921,34,20939.302905
5445341.630422,26,20939.943153
5475178.881444,61,20941.610787
5511711.078671,75,20943.429691
5439637.603998,79,20945.4122
5606888.957472,79,20947.495372
5437203.947321,86,20949.583618
5422383.417301,86,20951.738024
5463601.021036,60,20952.896588
5464226.824802,38,20953.564176
5506829.020388,71,20954.901166
5493559.141887,84,20956.537268
5514403.309405,82,20958.398901
255198.214137,250,20964.663721
5427290.098489,31,20965.465054
5472317.006947,32,20966.28238
125507.842245,250,20972.600451
5468922.443399,77,20974.601931
5379240.292566,90,20976.926704
5395586.919993,79,20978.909929
5489783.369313,58,20980.359636
5501308.167381,59,20981.907519
5556544.750154,41,20982.924937
5427714.616617,76,20984.882154
129475.972889,250,20991.214421
5846775.090879,60,20992.761681
5422808.418449,93,20995.217619
5471810.435506,60,20996.726378
5483187.735333,35,20997.604228
5453119.757734,44,20998.709246
5831148.84855,122,21001.966174
5487929.265733,77,21004.019728
5456180.568614,79,21006.113857
5398872.557422,87,21008.307964
5557361.943458,60,21009.863078
5442352.871413,29,21010.593403
5451140.473408,32,21011.433649
5457070.82211,81,21013.523038
5472688.278657,38,21014.499672
5495405.50355,77,21016.529941
5422998.213348,44,21017.648516
5438477.787123,80,21019.611812
5383961.263344,92,21022.073609
5490547.22377,63,21023.678453
5469970.676674,83,21025.82847
5371464.077776,88,21028.064402
5476076.395337,84,21030.14826
5465924.47614,72,21032.215353
5791078.744239,80,21034.295058
5511682.100975,43,21035.539864
5468780.496911,74,21037.555518
5449090.695412,53,21038.800736
5470196.192279,55,21040.10445
5480234.970699,51,21041.146948
5457703.650613,38,21041.787422
5490077.532099,61,21042.877208
5459494.264767,53,21043.853115
5424975.078767,77,21045.228775
5462439.196764,80,21046.747806
5436414.343199,33,21047.416133
5638807.524381,57,21048.419218
5538099.293592,82,21049.845631
5445857.507145,88,21051.465098
5466028.278853,84,21053.058222
5388909.33478,87,21054.670365
5485791.8253,55,21055.68938
5438364.2488,77,21057.112549
5520977.345705,51,21058.033732
5483891.533952,77,21059.453192
5613712.290734,93,21061.160756
5564923.685533,62,21062.308866
5507373.216199,74,21063.700644
5469077.085792,69,21064.996325
5560839.518663,76,21066.427437
5438023.645285,32,21067.047582
5448407.393736,93,21068.77458
5404203.446417,84,21070.31036
5420269.508295,79,21071.755442
5459687.615387,79,21073.246525
5527643.02585,38,21073.946657
6458525.841049,107,21075.926386
5459057.244926,82,21077.431357
5456735.135673,83,21078.979604
5503787.166751,67,21080.261217
5480625.58694,61,21081.44241
53897.539041,250,21086.164296
5466775.139796,82,21087.694613
5403367.113276,90,21089.343999
5446756.898458,84,21090.95986
5490422.95491,56,21092.004779
5455153.160227,49,21092.903668
5464552.446856,66,21094.145391
6719939.929253,200,21097.907344
5600050.139935,46,21098.747053
5450424.617817,74,21100.160242
5623336.124524,73,21101.512929
5433195.633537,31,21102.078462
5477166.995327,82,21103.601252
5485962.963904,39,21104.338048
5453506.287272,40,21105.097855
5482533.432374,37,21105.893973
5467236.832581,64,21107.055695
5453293.115353,95,21108.780734
5463173.418893,39,21109.477742
5387948.294564,76,21110.886295
5808779.0851,98,21112.655008
5527876.668966,48,21113.466681
5457394.114037,76,21114.78115
5620761.496523,98,21116.623335
5479147.280943,43,21117.406912
5418305.063716,27,21117.915237
5475437.699847,91,21119.619743
5483710.801834,64,21120.867339
6357476.757602,180,21124.285603
5435039.932279,29,21124.859342
5375776.654113,85,21126.497984
5499631.848672,59,21127.635979
5480915.426546,69,21128.938959
5503319.550296,68,21130.213895
5448682.470811,41,21131.016871
5561116.887257,77,21132.476096
5600961.792328,67,21133.738815
5476558.185568,40,21134.505559
5828898.350632,99,21136.418176
5474399.896476,74,21137.840976
5451001.697402,35,21138.528269
5453690.259441,81,21140.050914
5423900.661219,82,21141.622804
5445302.979374,88,21143.234232
5382301.991273,85,21144.842521
5464219.363989,32,21145.473504
5448133.515399,83,21147.076791
5490312.918648,71,21148.380566
5520990.422994,64,21149.638909
5462020.95195,33,21150.180092
5444010.513368,83,21151.745237
5470883.645343,84,21153.394545
5468756.03603,82,21154.779923
5455266.60205,79,21156.312622
5441641.023807,37,21157.186397
5472133.377282,39,21158.141479
5424257.712786,40,21159.202087
5468239.716114,78,21161.307683
5480238.946277,37,21162.286826
5483340.598201,38,21163.340878
5466181.340217,77,21165.345938
5884879.010488,110,21168.142651
5484701.785047,63,21169.732215
5481629.845167,83,21172.022204
5466072.57931,55,21173.43306
6067945.422557,105,21176.089565
5509480.027349,81,21178.19233
5489390.955179,72,21180.08654
5437156.359518,83,21182.186357
5609952.321439,68,21183.826646
5460295.033369,39,21184.860192
223969.117289,250,21189.61837
5421490.607285,79,21191.114459
5478017.3293,41,21191.906687
5499671.552388,93,21193.606073
5422500.677044,93,21195.344301
5483147.837489,84,21197.043929
5455894.810359,50,21197.979721
5440161.164473,37,21198.762527
5424391.589007,81,21200.438358
305595.93457,250,21205.503105
5459375.689555,35,21206.157068
5534123.3984,78,21207.63542
5450763.500959,41,21208.404217
5447013.749863,29,21208.955651
5398083.45512,80,21210.45295
5483389.408193,54,21211.482145
5448076.085236,79,21213.010262
5450797.17734,45,21213.943456
5449921.810551,93,21215.625804
5474981.280662,83,21217.241153
5465289.832564,74,21218.724663
5400576.849969,86,21220.392013
5453591.24534,87,21221.951172
5460324.023191,59,21223.138881
5440823.278881,78,21224.679903
5479685.395319,80,21226.178081
5428438.344599,48,21227.040706
5430767.238065,81,21261.625196
5471844.636717,68,21263.081092
5420806.27731,73,21264.49949
5444028.794883,31,21265.048161
5427675.880754,82,21266.674448
5454501.494015,73,21268.089945
5524257.117337,88,21269.74183
5482098.146743,68,21271.029608
5438081.957659,42,21271.764376
5491934.337947,75,21273.133886
5452970.20922,33,21273.780939
5465899.725699,37,21274.474009
5470352.248283,69,21275.807025
5402995.583564,84,21277.419057
5858704.083522,98,21279.175245
5449906.740058,33,21279.835535
5396625.648046,78,21281.310393
5527795.530101,58,21282.415371
5459605.384024,33,21283.092974
5946344.862532,86,21284.971661
5484508.66906,60,21286.243514
5420081.645346,87,21287.912898
5478960.78175,61,21289.199619
5399511.025456,84,21291.074789
5506168.842139,75,21292.829156
5504632.582251,61,21293.949562
5481062.380833,67,21295.224075
5459284.723529,41,21296.028745
5454687.263917,34,21296.749424
5454358.712116,73,21298.066518
5442228.93086,31,21298.946216
5465909.856095,53,21300.130836
5419365.452854,91,21301.738773
5450513.526097,38,21302.447713
5441761.693114,78,21303.863385
57889.492917,250,21308.602801
5463998.934805,38,21309.271024
5478902.42582,57,21310.509347
5459902.859539,42,21311.347452
5435224.46918,77,21312.822141
6217174.703588,108,21314.784389
5442065.218115,40,21315.527913
5684460.558298,98,21317.26586
5414249.512879,86,21318.904243
5476178.026307,74,21320.241176
5443885.854885,34,21320.912732
5448386.672545,74,21322.299363
5508620.072134,68,21323.534773
5827279.812309,64,21324.728253
5485027.781704,62,21325.89264
5444377.079328,37,21326.576773
5434006.339005,33,21327.214157
5411170.358616,79,21329.171639
5438262.704228,81,21330.986678
5432978.126921,31,21331.674915
5450868.907137,34,21332.279613
5468743.608469,51,21333.337073
5774368.95088,70,21334.733582
5885531.655419,73,21336.239055
5484594.978649,40,21337.04366
5492255.45272,59,21338.151236
5435216.653932,83,21339.620872
5401597.640753,88,21341.380622
5554006.40206,38,21342.058986
5458908.112748,76,21343.5575
5440966.527989,90,21345.233651
5460356.220594,44,21346.014752
5450676.017863,46,21346.802938
5415820.375868,27,21347.327634
5482075.480989,68,21348.594029
5471680.5536,45,21349.398134
5436273.008647,31,21349.927842
5504261.768373,89,21351.606796
5527202.006484,56,21352.630819
5487311.60918,70,21353.896615
5461273.632089,50,21354.82218
5492593.967064,78,21356.268682
5424807.513113,28,21356.757386
5452136.630899,35,21357.346568
5474370.500512,60,21358.407279
5423292.895622,30,21358.953465
5461684.32229,59,21360.034028
5465926.167554,76,21361.443204
5472335.404546,52,21362.508069
5417589.857329,84,21364.012098
5445310.982685,45,21364.890334
5458695.136092,36,21365.5365
5732789.843517,100,21367.281109
5489566.883493,71,21368.665123
5481387.397406,68,21369.841689
5453190.88296,76,21371.188671
5439517.079607,77,21372.628607
5471284.021032,62,21373.795873
5401824.231913,81,21375.317044
5496783.846849,80,21376.816921
5538736.473592,80,21378.382196
5501713.593086,81,21379.723943
6157494.941161,78,21381.110889
5453393.343775,71,21382.430199
5452656.273782,83,21383.970278
5406761.295874,81,21385.509826
5470989.608641,65,21387.381622
5474447.520859,65,21388.564956
5462449.336565,72,21389.915786
5409049.193318,83,21391.413613
5477392.049771,77,21392.91055
5497057.860017,75,21394.323825
5705471.222137,92,21395.936508
5505523.447655,58,21396.982649
5472508.486684,70,21398.295868
5621373.994155,92,21399.969472
5553963.504526,93,21401.70685
5455841.297127,55,21402.795298
5454854.812177,34,21403.461148
5709592.477063,86,21405.195767
5500454.248174,50,21406.216897
5470919.764777,75,21407.7039
5456966.66474,35,21408.391425
5482901.515692,80,21409.979635
5440852.760699,29,21410.557689
5499571.178266,56,21411.706534
5495534.950642,58,21412.856613
5497533.617849,74,21414.338688
5452449.744407,57,21415.467034
95627.708881,250,21420.377066
5713219.90264,84,21422.052264
5406610.967149,79,21423.754436
5431084.49355,80,21425.440345
5487485.002385,63,21426.623432
5426296.034693,38,21427.313035
5449842.163296,47,21428.188794
5721801.004954,79,21429.759973
5475098.33871,106,21431.845109
5451916.891717,33,21432.463206
5513222.507617,60,21433.535543
5462311.743869,34,21434.192427
5445963.341642,88,21435.934103
5605842.962142,94,21437.81265
5468982.925912,36,21438.504002
5405317.634798,82,21440.010218
5510512.989439,84,21441.711486
5455383.91381,83,21443.308786
5528661.897707,67,21444.642022
5398055.501355,85,21446.344515
5482612.776214,84,21448.020535
5878117.383723,83,21449.664304
5456477.398794,69,21451.035262
5460248.150624,32,21451.664156
5439998.101324,85,21453.383704
5527310.086665,78,21455.021109
5452097.370356,33,21455.689291
5439890.884431,86,21457.353864
5449721.536962,29,21457.895641
5569158.224668,80,21459.433259
5512928.049341,49,21460.395838
5439844.606862,81,21461.987132
5377654.949435,78,21463.858709
5460540.129546,39,21464.695654
5465560.286712,79,21466.129984
5532508.246198,152,21469.032471
5464600.860426,51,21469.993635
5614497.14868,60,21471.160454
5465999.871284,81,21472.740983
5453484.188191,32,21473.298
5570463.939809,42,21474.126368
5454402.636483,65,21475.301725
5406181.580633,82,21476.881792
5485775.375639,79,21478.365329
5513423.893293,63,21479.573297
5476948.309157,69,21480.952521
5440719.973657,76,21482.470432
5473581.425405,49,21483.447304
5599239.434384,80,21485.052387
5430850.567294,38,21485.788303
5481595.49637,57,21486.921155
5417674.527909,91,21488.707847
5485224.735202,69,21490.086912
5467489.154834,69,21491.4467
5518236.731701,59,21492.590545
5440454.507546,70,21493.970513
5435133.263761,84,21495.607254
5485751.700837,31,21496.218504
5458746.298778,74,21497.662746
5512087.982491,76,21499.137922
5839647.521136,63,21500.383699
5414561.351696,83,21502.051507
5479872.104395,50,21503.046199
5471872.216408,79,21504.58245
5460897.4225,37,21505.324344
5437930.059831,30,21505.927146
5502183.532897,60,21507.113282
5541044.503163,66,21508.367707
5434967.840837,76,21509.848197
5457782.248087,84,21511.499813
5499426.332411,72,21512.936022
5419943.888554,91,21514.724045
5438984.227957,91,21516.54802
5459630.776922,46,21517.454928
5439100.058117,30,21518.055191
5451231.321714,42,21518.912067
5464707.911848,82,21520.514445
5468701.205341,80,21522.135862
5429463.478168,79,21523.556822
5473185.711873,36,21524.156615
5471385.188881,78,21525.547362
5446299.072263,31,21526.126014
5450785.563519,90,21527.829596
5451454.595505,30,21528.399447
5476512.62991,50,21529.336791
5456616.001796,70,21530.642473
5455342.600849,69,21531.955037
5458938.651954,76,21533.403948
5495759.446549,71,21534.754595
5492631.856159,74,21536.155919
5436816.086328,31,21536.734968
5410379.492604,83,21538.255185
5446830.165974,53,21539.240991
5443398.418454,33,21539.850099
5444313.481341,45,21540.694569
5480368.640336,78,21542.25038
94989.506461,250,21546.830067
5454534.938465,46,21547.716214
5729231.71345,73,21549.161183
5440329.55041,29,21549.6895
446955.052304,250,21554.528836
5777839.558854,103,21556.721055
5487483.816813,76,21558.26629
5451179.945014,84,21559.7246
5479781.883301,55,21560.735168
5467891.216953,38,21561.374938
5494958.607219,81,21562.906613
5465015.151413,41,21563.656382
5452934.062768,32,21564.477039
5697937.931002,90,21566.455509
5643777.359227,98,21568.422414
5600765.6472,77,21569.957388
5468465.600374,71,21571.182713
5484694.390912,82,21572.669573
5527831.735695,75,21574.146501
5481536.74427,50,21575.149338
5482986.108612,85,21576.892061
5505188.039227,63,21578.149331
5401116.548797,73,21579.509743
5394169.244907,88,21581.1822
5605146.804097,74,21582.640538
5459236.578416,31,21583.21635
5495817.26883,72,21584.585746
5462262.732812,34,21585.216264
5476717.213579,71,21586.552382
5357283.010317,80,21588.010584
5519500.990857,50,21588.92752
5434103.461851,89,21590.588055
5465319.820838,57,21591.648173
5497213.957838,79,21593.118816
5459363.977292,79,21594.585071
5806550.220741,56,21595.642374
5511865.437663,87,21597.249851
5446879.161772,37,21597.938702
5442696.176915,34,21598.570985
5510123.475913,57,21599.618403
5467522.200561,72,21600.95353
5447901.59378,63,21602.160852
5425446.927529,29,21602.686972
5477813.654486,49,21603.602009
5425530.329967,28,21604.145917
5418396.297865,85,21605.719133
5428644.67011,32,21606.301729
5495553.275835,64,21607.488014
5417164.431935,73,21608.85108
5490844.665638,41,21609.593167
5462570.857251,34,21610.231727
5446863.50802,29,21610.761041
111436.883951,250,21615.383563
5456639.152159,40,21616.124969
5455609.086856,37,21616.807433
5447517.346262,76,21618.232368
5458065.782457,33,21618.843116
5422576.379953,80,21620.335786
5544317.905645,51,21621.287453
5451371.681676,38,21621.991428
5489666.144649,44,21622.824264
5474294.288274,73,21624.179947
5434817.685113,32,21624.769106
5491251.944621,69,21626.091137
5477479.254029,81,21627.528875
5414805.113569,86,21629.06426
5555610.979849,51,21630.015939
5453857.861117,30,21630.577379
5472616.490819,88,21632.201439
5445606.91327,41,21632.97467
5456415.725284,63,21634.152146
5451939.009992,49,21635.065829
5492808.872632,75,21636.458817
5518201.74197,75,21637.844462
5475780.593877,74,21639.249181
5590789.142905,64,21640.434438
5454662.075343,38,21641.141411
5481445.877726,39,21641.899061
5804221.728848,67,21643.224643
5422703.124702,30,21643.849794
5468801.970046,62,21645.113657
5460020.393116,69,21646.458025
5498248.668994,60,21647.635208
5436578.571426,31,21648.243116
5475556.300837,63,21649.526798
5441338.783847,27,21650.079433
5470309.272751,82,21651.744548
5462491.844462,34,21652.438486
5433695.390056,80,21653.996973
5585739.637524,93,21655.808017
5459359.608122,85,21657.4562
5425330.48721,76,21658.931687
5878463.015233,70,21660.353633
5442816.715042,32,21661.016922
5494600.512589,75,21662.503167
5466368.298404,31,21663.1225
5467950.137644,79,21664.707211
5460891.428445,30,21665.293304
5537732.809365,68,21666.64018
5562565.498869,63,21667.853661
5776870.286678,48,21668.811898
5481569.814344,60,21669.939584
5495248.134095,67,21671.237797
5597451.453013,75,21672.642382
5434537.017345,55,21673.68634
5445368.583507,37,21674.403969
5441297.50379,28,21674.941683
5449476.463625,78,21676.473366
5457433.141574,35,21677.161759
5481412.07712,60,21678.239432
5455220.997193,36,21678.97961
5453792.191222,84,21680.561903
5489139.296919,83,21682.095598
5450114.993327,86,21683.829973
5468158.946409,62,21684.897714
5432525.044185,94,21686.706868
5671985.251872,52,21687.639366
5472149.415401,57,21688.672098
5473961.697253,72,21690.07271
5387204.378617,81,21691.677767
5507778.935275,76,21693.175951
5425604.581718,29,21693.725639
5456945.482442,84,21695.365417
5498773.408571,41,21696.199313
5376967.691824,87,21697.896949
5441353.299642,33,21698.520393
5478134.892428,59,21699.661078
5456054.436276,35,21700.329308
5502036.240471,32,21700.936997
5503295.365785,60,21702.049134
5427061.835168,80,21703.523656
5616483.847253,48,21704.436852
5447151.718317,74,21705.806658
5438584.848277,78,21707.280582
5464090.360537,52,21708.226546
5453698.330694,40,21708.97892
-82598.890572,209,21712.92213
5460880.385552,90,21714.584234
5476591.954457,39,21715.343426
5390760.994383,81,21716.942075
5496596.450049,60,21718.087384
5426313.062143,81,21719.472835
5400772.779372,75,21720.825528
5689576.318849,47,21721.681183
5489598.246774,80,21723.170996
5459539.371621,44,21723.919064
5883176.654094,93,21725.540618
5474913.622466,40,21726.278342
5475904.247394,46,21727.138992
5401936.946272,83,21728.709139
5468755.122312,34,21729.36327
5455461.200718,66,21730.494725
5438418.682855,32,21731.060126
5439206.094645,74,21732.35263
5491210.236215,31,21732.874346
5553851.136645,39,21733.577805
5435775.800903,29,21734.102968
5433711.22637,31,21734.68433
5415842.732221,73,21736.050092
5556307.638765,87,21737.646119
5470630.779272,77,21739.133366
5399214.753758,88,21740.782032
5379919.992406,82,21742.330029
5481477.838138,92,21744.034784
5485069.517037,74,21745.426717
5450683.334603,41,21746.219159
5469068.204663,86,21747.766742
5377111.729707,77,21749.115228
5457291.830301,73,21750.458783
5428336.964454,83,21752.017596
5462762.579686,49,21752.967317
5691617.962457,47,21753.865171
5400332.236027,81,21755.389307
5496153.393343,85,21756.978427
5430220.824505,77,21758.392597
5434542.244516,87,21759.995575
5405632.094968,76,21761.395268
5485655.387901,49,21762.311701
6024562.415985,104,21764.221156
5466962.629025,37,21764.896629
5420059.753807,84,21766.442765
5499543.657337,79,21767.882638
5495877.602168,83,21769.470992
5449116.02128,35,21770.141776
5412774.749417,72,21771.551281
19215.72611,250,21776.32703
5443939.769062,87,21778.086798
5454027.130488,79,21779.636161
5491095.989684,63,21780.853085
5458072.663356,29,21781.424512
5466249.770927,40,21782.207248
5465346.105219,37,21782.945446
5446562.444275,28,21783.513806
5473178.83131,31,21784.100306
5524597.472679,81,21785.655656
5685821.368387,46,21786.552847
5468113.223842,49,21787.478931
5429982.740803,29,21788.008784
5396087.649739,80,21789.493019
5476403.931535,56,21790.542976
5507900.331093,86,21792.138129
5474042.06439,48,21793.057938
5495597.364807,85,21794.647868
5435377.205439,78,21796.098822
5480884.409074,39,21796.815635
5476371.397136,77,21798.206635
5472994.456253,62,21799.376907
5474903.941619,60,21800.481217
5508749.054547,61,21801.620187
5680305.346949,85,21803.175244
5398871.979707,84,21804.742126
6159488.108884,77,21806.266041
5407480.141107,77,21807.711987
5455688.176075,49,21808.657235
5398423.227715,84,21810.232502
5515520.388291,75,21811.649793
5490764.662048,37,21812.349303
5474765.224458,62,21813.509404
5435283.417169,77,21814.978365
5449754.381859,82,21816.519086
5451866.963299,28,21817.040584
5484609.569161,76,21818.515457
5389388.081814,88,21820.396569
5424084.572717,34,21821.094571
5631814.800286,72,21822.453555
5482458.951035,47,21823.329542
5515044.211656,85,21824.915526
5443319.895716,40,21825.674492
5413452.74002,82,21827.182719
5475874.911142,78,21828.645442
5465520.715406,40,21829.400218
5469429.228976,55,21830.412407
5438226.448678,38,21831.126433
5359128.94328,81,21832.648885
5447173.774647,33,21833.267521
5455013.91903,74,21834.693231
5464604.398525,51,21835.661031
5432682.928776,39,21836.390017
5500587.135893,61,21837.534391
5477132.767996,74,21838.995279
5457715.431312,78,21840.492747
5478731.668831,55,21841.521609
5489696.400381,39,21842.254587
5487656.924377,75,21843.650005
5431360.475808,35,21844.307208
5468973.086236,38,21845.041511
5440539.501179,34,21845.715172
5422744.47721,31,21846.30503
5476306.311406,73,21847.662991
5428096.256164,33,21848.281771
5604634.305769,35,21848.938095
5528844.555222,86,21850.58029
74659.722739,250,21855.328664
5464682.543712,78,21856.811953
5351549.398902,84,21858.390986
5478809.22469,76,21859.818234
5455241.370983,48,21860.721469
-102282.201877,87,21862.350197
5502922.864099,44,21863.186653
5458454.863212,80,21864.730392
5460564.311294,60,21865.904592
5396434.802703,85,21867.530364
5468318.771462,87,21869.060411
5543686.762833,41,21869.798522
5501629.792511,51,21870.72593
5461621.955131,50,21871.68112
5472914.857375,59,21872.802165
5461640.682547,65,21874.005513
5433368.67521,88,21875.642789
5441031.611867,30,21876.202313
5345140.785622,81,21877.769448
5419526.719191,29,21878.308503
5461365.86397,58,21879.386892
-90477.742004,60,21880.520396
5732236.099081,52,21881.532879
5429098.760038,82,21883.175314
5471701.108659,53,21884.213032
5393583.008112,89,21885.933246
5582913.228584,87,21887.654593
5480603.943408,74,21889.124056
5451180.064204,31,21889.724904
5453360.851866,83,21891.354989
5497339.393812,82,21893.004604
5484144.739702,69,21894.384408
5404853.885613,78,21895.994032
5433599.370378,85,21897.713038
5459918.05663,38,21898.485608
5468117.499068,46,21899.428588
5414420.043347,76,21900.896308
5471719.393163,33,21901.549546
5484461.607027,70,21902.939953
5492291.101951,56,21904.084085
5464340.258849,33,21904.7549
5465466.131109,88,21906.533303
5445003.609884,80,21908.135417
5452885.151174,38,21908.907127
5433364.437829,77,21910.425366
5484384.946813,73,21911.880843
-160761.977276,23,21912.352693
5446126.956215,41,21913.156733
5462215.376307,35,21913.853856
5507287.684428,74,21915.280217
5448193.969366,36,21915.996562
5494456.783054,68,21917.339695
5430361.594903,28,21917.905354
5478551.612955,76,21919.422818
5463886.651285,32,21920.048805
5748871.222523,68,21921.403395
5483636.906356,57,21922.566648
5796662.773232,59,21923.796974
5431731.083779,89,21925.610747
5472155.619536,75,21927.153584
5489941.191801,76,21928.693156
5458544.009428,57,21929.837885
5532350.239146,67,21931.15604
5455464.867866,37,21931.874204
5490717.943603,83,21933.518848
5873205.606648,106,21935.631812
5427366.016916,83,21937.305311
5467744.845034,63,21938.539666
6347084.202542,187,21942.325222
5483600.007777,71,21943.687689
5463237.054637,69,21944.979485
5437176.960297,32,21945.596239
5439837.002436,80,21947.107263
5438594.369412,88,21948.792629
5395328.634237,98,21950.658493
5447600.432262,73,21952.041834
5496973.274086,77,21953.526018
5405835.1054,82,21955.103406
5617917.618187,99,21956.964151
5446169.050444,33,21957.587589
5441082.566938,76,21959.046594
5432211.757213,75,21960.454277
5478904.078045,80,21961.959938
5469672.819281,37,21962.637776
5490922.399626,56,21963.697859
5479397.013929,55,21964.717822
5459390.628815,48,21965.625304
5432742.558355,74,21967.013591
5527901.667544,88,21968.724504
5510897.434517,74,21970.166599
5431542.547051,27,21970.704592
5422306.053023,86,21972.388156
5470813.443557,65,21973.64945
5861855.97462,79,21975.199224
5454684.596417,37,21975.913378
5676404.495061,161,21978.989042
5490421.89661,58,21980.079891
5471561.34397,46,21980.940135
5427279.747467,28,21981.474067
5395044.070098,81,21983.031878
5433074.994448,77,21984.517388
138141.752477,250,21989.296708
5453056.110315,45,21990.146851
5434613.891582,41,21990.926086
5493061.036531,59,21992.053217
6195183.230754,118,21994.277528
5442961.319202,65,21995.494643
5560893.331624,42,21996.283734
5484211.178494,70,21997.632004
5669209.971848,84,21999.2321
5453441.368146,35,21999.922144
5428317.724309,27,22000.424358
5447092.245665,78,22001.901757
5451362.946876,45,22002.748209
5448595.784962,54,22003.757711
5439422.045474,42,22004.547044
5748012.280953,116,22006.710476
321115.319078,250,22011.358997
5478534.447981,38,22012.089109
5426103.405628,87,22013.770648
5972137.622566,97,22015.603812
5466258.686343,50,22016.563227
5470210.662592,37,22017.260537
5448749.512089,74,22018.686386
5439907.59719,78,22020.168117
5863957.911061,84,22021.748056
5635354.076647,60,22022.882865
5451491.091897,30,22023.492227
5472112.72353,35,22024.147302
5436660.494702,35,22024.807168
5473907.123681,37,22025.515401
5548480.611574,44,22026.333452
5407731.350848,90,22028.003756
5468917.352551,73,22029.371236
5380541.196161,83,22030.934709
5491888.702012,49,22031.878863
5456060.711092,46,22032.737115
5465405.405146,34,22033.378702
5528983.079142,65,22034.61952
5690997.147165,49,22035.511777
5446998.630945,46,22036.369384
5803090.455363,80,22037.873489
5428012.633772,83,22039.44526
5456778.774543,42,22040.231095
107004.3762,250,22045.006275
5494492.993057,71,22046.41187
5487600.801999,52,22047.391087
5442190.992539,74,22048.661553
5513135.52038,74,22050.019274
5472688.154828,64,22051.206483
5371194.172359,77,22052.677853
5454199.891786,36,22053.389595
5458675.74261,73,22054.750974
5424314.189315,29,22055.287721
5450480.433011,36,22055.957021
5459458.352062,35,22056.600729
5483884.39866,73,22057.980529
5430934.983812,74,22059.401519
5476555.172577,81,22060.920516
5387928.520544,77,22062.331846
5454533.076887,40,22063.06729
5479950.090697,79,22064.543216
5441549.205317,42,22065.331495
5387475.112238,76,22066.72824
5476162.896479,87,22068.342723
5496892.176997,63,22069.503508
5434453.457969,33,22070.097508
5509002.047532,78,22071.537282
5510430.438664,81,22073.06414
5479126.628293,69,22074.328359
5362496.220812,83,22075.88076
5466844.546934,73,22077.24529
5911189.718033,109,22079.299702
5503440.893486,49,22080.221203
5476763.934928,84,22081.802504
5459161.809632,51,22082.74108
5520667.317649,76,22084.151355
5485337.010777,61,22085.303543
5422638.708666,34,22085.922365
5533511.103678,70,22087.234797
5464679.521407,49,22088.159463
5416574.619451,85,22089.729174
5429038.790757,29,22090.268155
5834586.682839,79,22091.756206
5449495.258606,29,22092.287295
5437795.823778,82,22093.820189
5363672.037121,76,22095.220828
5439537.571156,32,22095.821534
5454106.364603,39,22096.554718
5427472.30088,72,22097.900834
5462678.269929,46,22098.769017
5464944.903888,82,22100.352409
5471066.600862,60,22101.479398
5429819.18203,79,22103.01219
5451397.64054,32,22103.592279
5462283.680217,78,22105.046177
5448616.60381,37,22105.746838
5877993.920744,93,22107.482512
5395354.281285,77,22108.805752
5513594.850324,79,22110.193426
5753807.062225,64,22111.34982
5447604.32747,31,22111.936918
5414667.012865,78,22113.389228
-100340.680332,148,22116.125339
5433988.662206,32,22116.711562
5463917.624536,68,22118.016625
5560218.138367,40,22118.745897
5474743.189612,52,22119.706091
5456074.786249,78,22121.117443
5528588.322006,40,22121.896119
5450255.949004,31,22122.467858
5428497.028417,87,22124.122883
5463147.27987,73,22125.567253
5458963.230464,35,22126.233463
5470469.672124,79,22127.841656
5381840.355854,84,22129.521634
5480661.918423,65,22130.786621
5410064.492548,78,22132.3792
5475845.404716,77,22133.760792
5452728.376267,78,22135.279173
5433178.609903,36,22135.939107
5386099.509956,83,22137.450437
5460540.563283,35,22138.11457
5512145.582193,44,22139.335743
5382808.046113,81,22141.026959
5464874.374351,32,22141.59348
5484518.830677,42,22142.348419
5490888.070404,54,22143.322664
77889.824749,250,22148.052223
5480150.634155,88,22149.744992
5487479.891465,68,22150.941336
5494964.73207,74,22152.345055
5494393.830988,65,22153.738769
5452797.005115,146,22156.818331
5466365.03251,41,22157.599292
5452177.508186,37,22158.302779
5464164.400348,75,22159.757479
5458884.210035,32,22160.379022
5486697.708013,69,22161.913257
5461338.91484,78,22163.530758
5529287.618757,117,22165.860409
5445068.280376,31,22166.467685
5478471.099911,49,22167.415043
5435038.908711,79,22168.998912
5465826.1049,68,22170.253785
5427942.71467,33,22170.882688
5662790.149326,47,22171.772996
5453022.186933,60,22172.937395
5496541.495861,68,22174.253588
5478246.746333,71,22175.700317
5484728.932939,56,22176.989755
5416952.337994,85,22178.691981
5460210.601178,35,22179.345285
5466094.230058,28,22179.851856
5461727.05408,78,22181.484313
5465590.478149,49,22182.367716
5410985.700457,86,22184.192892
5485385.122573,78,22185.862812
5387900.237916,84,22187.784966
5558533.418337,83,22189.279647
5810672.32921,99,22191.198436
5489572.422484,47,22192.099952
5417629.724013,88,22193.809649
5441302.165127,39,22194.579588
5433477.507012,29,22195.141947
5389858.118636,82,22196.676927
5398259.587507,86,22198.316649
5899633.217433,98,22200.162539
5432915.398104,84,22201.797096
5479860.311517,62,22203.019135
5458952.603763,85,22204.708535
5471615.984131,65,22205.926143
5500950.635272,65,22207.138242
5439742.376506,34,22207.817424
5443190.385971,33,22208.469512
5450916.350746,53,22209.474159
5388372.214589,86,22211.534482
5490344.482214,35,22212.150994
5471456.180748,49,22213.031531
5454335.109636,36,22213.694503
5419950.371578,87,22215.333255
5462627.644599,62,22216.498057
5451107.387939,30,22217.075022
5439984.477138,49,22217.992925
5502137.886736,62,22219.156675
5533175.202295,96,22253.339836
5398723.970796,80,22254.841327
5554567.106343,44,22255.653732
5406672.907341,84,22257.215354
5393012.119278,80,22258.707825
5424985.574286,33,22259.305617
5467653.220445,75,22260.68325
5623932.156947,54,22261.666213
5532773.114079,53,22262.648329
5433085.684465,33,22263.26042
5448618.875809,83,22264.810534
5494778.348801,69,22266.114558
5811385.064679,64,22267.322241
5441559.183892,35,22267.979135
5397537.649574,76,22269.432117
5610111.03112,84,22271.027751
5495444.35826,53,22272.005969
5641153.759104,82,22273.551869
5466843.160202,40,22274.28575
6392166.639736,140,22276.852675
5473465.650153,45,22277.677812
5480061.956433,73,22279.031812
5446717.591799,41,22279.796975
5477539.171617,64,22280.970145
5477296.95129,34,22281.602858
5441997.870996,31,22282.188647
710594.925998,250,22286.839819
5650646.617498,49,22287.770849
5500619.659205,73,22289.15968
5436766.865393,31,22289.729096
5493169.20317,77,22291.160201
5436222.279704,82,22292.708137
5481587.458441,53,22293.696756
6115229.880388,92,22295.399216
5430030.664259,32,22295.999385
5462830.384877,36,22296.680781
5428973.170357,34,22297.32296
5409682.701655,83,22298.85658
5417536.652837,83,22300.395907
5467129.704946,71,22301.710762
5451881.261114,81,22303.197428
5400672.90283,84,22304.780578
5489723.179807,49,22305.701976
-142450.379287,52,22306.679955
5475873.80272,34,22307.302147
5443947.735909,32,22307.892735
5452659.075402,28,22308.402047
5478686.469849,73,22309.780827
5450566.958696,39,22310.515388
5507424.170226,78,22311.982755
5463852.175317,71,22313.34203
5533813.743172,88,22314.942915
5474116.263644,39,22315.666463
5472883.737557,86,22317.254403
5554125.766771,94,22319.024271
5469462.060033,60,22320.147872
5505852.984947,75,22321.531447
5476506.888313,68,22322.786118
5434473.260621,27,22323.265596
5486145.922508,89,22324.941974
5438990.411153,75,22326.340742
5494294.742402,56,22327.385595
5441313.567171,26,22327.877958
5433447.073681,86,22329.47822
5460195.944732,79,22330.951403
5512020.906105,64,22332.142314
5500725.263503,79,22333.625452
5465277.331349,34,22334.269074
5472601.724338,36,22334.950013
5469799.808925,62,22336.108526
5718297.497561,77,22337.539081
5505187.692937,59,22338.619484
5533462.760485,39,22339.348292
5438835.396513,79,22340.817873
5475975.920365,34,22341.450503
5472190.140532,61,22342.580942
5399711.151894,82,22344.101253
5451022.543523,31,22344.688202
5452277.484426,83,22346.249749
5456277.042901,37,22346.935755
5459423.872035,54,22347.915721
5658361.696676,85,22349.377985
5467855.288253,66,22350.63774
5588796.569223,91,22352.363856
5399906.275129,80,22353.863379
5475972.887915,67,22355.166919
5468922.518088,37,22355.898572
5445144.844469,86,22357.511986
5488115.360368,78,22358.967611
5371279.704524,83,22360.492634
5447281.586195,33,22361.102711
5478771.218265,32,22361.707945
5461760.119211,68,22363.036009
5439074.657277,77,22364.536041
5480864.494202,48,22365.478868
5487667.077244,85,22367.145499
5387199.609063,84,22368.766538
5500071.860938,76,22370.237102
5470605.397401,40,22371.005438
5435996.548042,35,22371.704612
5524323.601965,106,22373.8583
5465626.38393,44,22374.724216
5447407.961574,76,22376.250207
5443234.117259,34,22376.914332
5503770.79386,37,22377.628751
5445096.843827,35,22378.280931
5448924.354555,33,22378.895071
5432224.435527,31,22379.477317
5441481.172184,81,22381.055014
5475611.134633,30,22381.643712
5366997.190053,85,22383.365884
5828718.534598,139,22386.074725
5414217.303594,81,22387.616125
5465302.221133,34,22388.285227
5439395.858294,32,22388.930717
5753422.073295,46,22389.829033
5469366.043313,81,22391.385516
5463019.041342,83,22392.977989
5855530.144534,69,22394.26855
5478032.311915,40,22395.031083
5477620.120054,49,22395.949682
5463264.741212,36,22396.648313
5467055.382814,30,22397.265715
5479755.698839,66,22398.586023
5471239.884733,57,22399.759439
5457989.165928,74,22401.114892
5410067.770937,79,22402.618186
5501772.311493,77,22404.0322
5466408.307883,79,22405.481613
-1892.373597,248,22410.265271
5873413.831997,92,22412.103344
5478471.007639,42,22412.931457
5485965.074359,50,22413.946117
5494523.191176,76,22415.506355
5484850.847235,80,22417.138249
5454418.074552,35,22417.884424
5427378.972378,82,22419.579507
5487848.384994,81,22421.051969
5407830.0308,81,22422.567044
5857347.161555,147,22425.459604
5471624.298201,71,22426.806727
5409223.443701,77,22428.361449
5387320.508091,76,22429.821247
5432916.076443,80,22431.440628
5493571.525096,81,22433.06534
5462305.922741,35,22433.6602
5467474.085718,73,22435.016538
5512866.81814,61,22436.15959
5476717.623279,34,22436.804859
5411829.776683,86,22438.481659
5467871.136549,76,22439.977678
5472069.659955,37,22440.716464
5479854.443256,82,22442.338425
5474001.780208,43,22443.217647
5457203.554261,39,22444.032637
5435712.685138,70,22445.457095
5429045.820149,33,22446.098222
5471867.70544,32,22446.69026
5443884.595318,35,22447.378936
5449252.5939,35,22448.060142
5428906.891538,85,22449.703241
5418136.761835,78,22451.240338
5362365.782589,70,22452.586094
5446038.828841,39,22453.340178
5381865.205904,84,22454.977563
5481876.827227,41,22455.770767
5488335.936226,63,22457.000496
5360016.111437,84,22458.632362
5510561.796597,76,22459.998732
5497469.986165,88,22461.678828
5481400.970535,63,22462.879651
5484992.288369,63,22464.108295
5444990.247517,32,22464.848626
5558619.204562,87,22466.41124
5476050.183384,39,22467.184086
5506779.647419,35,22467.789983
5448839.936235,75,22469.150781
5453617.184153,51,22470.072366
5440280.691028,80,22471.583456
5477642.121686,81,22473.145272
5438460.111796,80,22474.702525
5491109.150776,54,22475.777285
5412905.964421,75,22477.22043
5486269.916187,32,22477.843194
5444739.32226,32,22478.445897
5488188.352563,69,22479.817807
5446532.41456,33,22480.475476
5453461.102288,26,22481.000103
5743096.279715,53,22481.919611
5442681.600124,38,22482.632306
5480047.320416,52,22483.574953
5454667.672096,33,22484.127405
5472381.134999,40,22484.814909
5453102.086833,30,22485.388303
5442851.711773,32,22486.070605
5532442.749574,40,22486.998643
5449469.780292,31,22487.716647
5432589.483518,33,22488.344311
5532631.309418,58,22489.484493
5474972.216725,36,22490.28701
5435217.276962,84,22492.239138
5479894.263869,80,22494.157267
5478466.988683,56,22495.249575
5503013.190956,62,22496.519663
5396276.955287,81,22498.233386
104077.709774,250,22503.259729
5416873.867224,77,22504.986592
5725378.872418,54,22506.047019
5607972.717562,98,22508.05445
5455056.593645,40,22508.859983
5466678.805078,34,22509.500422
5399145.546309,91,22511.149663
5456832.417867,71,22512.514006
5502475.514234,78,22514.040571
5498574.135147,69,22515.233668
5499290.559189,38,22515.864013
5487229.102497,36,22516.489788
5799595.32808,56,22517.51456
5897199.255132,73,22518.741698
5495101.948812,64,22519.785655
5541489.198751,82,22521.317721
5435913.005746,38,22522.026048
5451662.797316,26,22522.482397
5831229.484163,80,22523.896394
5517928.57601,74,22525.221822
5449347.63013,81,22526.731159
5439215.008825,94,22528.3957
6160579.483263,127,22530.644859
5437200.989526,35,22531.313258
5773565.989443,52,22532.248091
5498757.050472,78,22533.697859
5471415.652778,61,22534.814146
5454468.916213,29,22535.353016
5448181.17533,41,22536.101789
5465374.962181,61,22537.208215
5542061.154943,46,22538.001457
5523424.406192,78,22539.433065
5505427.160519,85,22540.991827
5663078.21647,52,22541.923058
5454351.415604,70,22543.177536
5488329.749271,42,22543.973112
5453292.948626,75,22545.339067
5859460.224997,63,22546.484544
5403165.069827,94,22548.174204
5456296.17143,38,22548.856616
5465214.604203,72,22550.151361
5446104.735402,73,22551.432028
5442632.9738,83,22552.927096
5434476.986744,36,22553.599023
5451265.747676,32,22554.164182
5449871.432381,33,22554.778164
5415279.565588,85,22556.355279
5446327.185572,28,22556.841318
5781351.230966,86,22558.424607
5461179.780786,76,22559.811537
5433755.085668,80,22561.23707
5520346.173853,76,22562.727571
5437667.753074,84,22564.457105
5476927.268039,76,22565.918988
5445345.550554,25,22566.343401
5448596.025362,32,22566.884703
5421221.922098,33,22567.482517
5446394.847007,77,22568.900773
5444581.595485,33,22569.521978
5451010.76704,49,22570.480975
5451154.996052,67,22571.614984
5463437.864793,77,22572.947727
5430415.941636,76,22574.313408
5471635.170021,80,22575.797722
5449482.229667,88,22577.301309
5411729.043173,76,22578.819353
5626645.77906,48,22579.755603
5434135.62501,32,22580.322168
5405037.44691,89,22581.913959
5439870.557151,83,22583.459277
5393988.454469,88,22585.027019
5474527.338654,55,22586.191551
5443144.108453,30,22586.822856
5487249.47845,75,22588.280838
5472631.516415,77,22589.760153
5867342.966459,56,22590.708786
5852664.206174,63,22591.756304
5381580.546896,82,22593.171951
5567196.24911,71,22594.417892
5466992.03187,36,22595.015346
5458281.456486,33,22595.574959
5594467.39395,40,22596.270406
5928645.725548,102,22598.146721
5446042.651438,38,22598.908993
5487591.487215,73,22600.309769
5493873.070447,72,22601.754567
5453051.443221,68,22602.983483
5507608.102983,64,22604.129513
5451037.054289,34,22604.815255
5426225.126327,81,22606.377239
5554833.910327,88,22608.126716
5527007.055163,91,22609.833942
6127517.064536,139,22612.522626
5409754.613058,73,22613.951311
5470842.493994,34,22614.609816
5433838.408016,32,22615.223386
5488192.53188,56,22616.349172
6015475.30986,180,22619.731089
5437927.368214,76,22621.148616
5438802.930283,80,22622.775974
5455056.515009,91,22624.519862
5473708.734908,79,22625.954145
5478242.342299,34,22626.598692
5481485.176844,79,22628.057096
5437264.334862,32,22628.651544
5426701.965571,41,22629.458161
5483861.597942,38,22630.191777
5426153.286345,29,22630.760135
5489026.040921,58,22631.895712
5439921.195993,40,22632.694794
5468439.774802,32,22633.348065
5494777.068864,51,22634.379947
5453771.989579,78,22635.917055
5405663.838808,75,22637.260064
5482662.613823,39,22637.988211
5570433.585485,80,22639.543294
5457832.564056,40,22640.297278
5465665.068505,58,22641.374425
5513897.353569,66,22642.635306
5416725.190872,78,22644.092601
5435200.014982,28,22644.644369
5468384.454692,51,22645.640156
5479205.163571,76,22647.108249
5481737.164781,68,22648.41066
5475496.613427,49,22649.38019
5484817.644653,37,22650.100836
5454397.123684,58,22651.249615
5414301.91102,76,22652.786633
5454667.697921,41,22653.600863
5462656.544986,49,22654.579167
5578116.485247,82,22656.186
5425831.834613,78,22657.729983
5534101.891919,79,22659.294532
5464807.779678,29,22659.864836
5496858.117653,39,22660.623991
5537191.455457,41,22661.43844
5457893.882425,37,22662.150865
5524122.303561,75,22663.624651
5440408.126461,31,22664.23211
5448194.734642,94,22666.100257
5440588.072971,79,22667.659425
5454008.404997,44,22668.519545
5452443.322515,83,22670.166108
5459219.238393,75,22671.659912
5497098.796757,65,22672.942614
5471645.813761,68,22674.289949
5403569.598576,82,22675.82223
5487056.816052,64,22677.062687
5450816.400673,70,22678.442857
5438253.523641,87,22680.181171
5423513.73955,83,22681.815314
5466138.764496,34,22682.479914
5429399.284036,87,22684.227983
5337621.860358,79,22685.824226
5487055.711887,65,22687.10535
5545912.556831,42,22687.915206
5482731.844923,65,22689.187475
5440207.184903,32,22689.819358
5449788.822895,77,22691.317401
5360105.470093,85,22692.910589
5467952.862911,32,22693.534627
5457830.559088,68,22694.872916
5709560.199254,114,22697.050608
5451475.62953,40,22697.850054
5503934.695543,80,22699.4286
5460627.804561,74,22700.910686
5484775.100743,62,22702.15497
5491168.699399,62,22703.380518
5391621.380418,84,22705.038649
5400404.529324,89,22706.799606
5482582.533126,49,22707.704536
5472227.739183,50,22708.636642
5545164.061172,35,22709.350751
5397624.749807,80,22710.911909
5442830.447079,29,22711.469296
5414026.187206,80,22713.038253
5457562.296577,83,22714.699123
5491326.683098,70,22716.044599
5502054.339027,66,22717.343791
5404069.521251,81,22718.934684
5592791.765489,65,22720.19
133550.186601,250,22724.816032
5474736.071829,57,22725.866039
5447212.250866,33,22726.453171
5401129.601088,85,22728.025898
5381739.146859,84,22729.568019
5702878.041901,46,22730.40337
5779231.718403,96,22732.183616
5614324.031298,45,22733.02018
5443134.607556,86,22734.630645
5594451.042919,99,22736.444614
5380521.283904,86,22738.152145
5417601.214683,76,22739.611212
5413167.982042,81,22741.046699
5435727.60397,37,22741.682525
5443522.563513,88,22743.289145
5466460.55302,52,22744.266872
5486004.877719,78,22745.750248
5453346.287175,39,22746.520651
5407413.104009,84,22748.333889
5438288.420529,81,22749.920867
5446284.590525,51,22750.832857
5487749.693101,85,22752.361666
5486469.759237,60,22753.437806
5439989.56777,78,22754.890909
5565300.958629,48,22755.828966
5485082.662364,87,22757.48367
5430754.179704,81,22759.000021
5469648.051057,55,22760.018538
5487703.058617,60,22761.133828
5467458.079322,39,22761.854806
5480055.802778,84,22763.406281
5467960.108402,53,22764.386655
5469578.269961,62,22765.535723
5464521.675723,46,22766.414765
5505867.419756,34,22767.044229
5454390.030351,38,22767.723349
5743265.81739,102,22769.58359
5419983.734077,90,22771.252254
5442338.804202,27,22771.739266
5473644.734874,37,22772.429432
5543725.109154,46,22773.277917
5474856.688442,40,22774.021835
5451699.160738,33,22774.63032
-80217.260431,44,22775.43055
6960727.224645,115,22777.577064
5455915.3884,74,22778.930954
5707925.139088,52,22779.855999
5720100.844976,44,22780.690643
5488780.430677,41,22781.45772
5411721.982885,88,22783.106792
5471742.171928,84,22784.694757
5473945.558408,66,22785.926471
5402382.096046,78,22787.364128
5687136.765289,52,22788.332592
5462841.781807,61,22789.434468
5474248.655917,70,22790.724636
5453298.056296,30,22791.280752
5420665.017812,81,22792.75536
5477496.887974,28,22793.287092
5470116.883307,60,22794.399981
5419558.304792,32,22794.992489
5521106.368038,71,22796.282477
5489540.874397,59,22797.37929
7195399.309772,145,22800.091796
1915142.542803,250,22804.722
5402941.980957,83,22806.243022
5753786.081197,52,22807.267773
5487973.890152,58,22808.368263
5468670.639091,62,22809.458095
5461689.973781,39,22810.262755
5418696.453344,87,22811.910108
5469274.336951,50,22812.943218
5471567.160511,60,22813.970533
5481369.110898,44,22814.766329
5480957.987302,85,22816.296373
5478964.924515,80,22817.8327
5524515.434318,54,22818.850214
5428217.492068,85,22820.447979
5822494.839045,100,22822.160039
5444930.465388,79,22823.643038
5489785.68028,67,22824.803057
5514589.364088,78,22826.291888
5480916.141341,79,22827.686782
5476324.405773,52,22828.562323
5687020.235863,65,22829.748789
5425666.005169,30,22830.307193
5483978.562008,76,22831.713683
5485519.675694,62,22832.873327
5776175.243761,57,22833.930365
5450534.036859,82,22835.407991
5457968.351877,80,22836.878353
110909.190423,250,22841.489395
5422056.556208,82,22843.137357
5487592.7107,73,22844.57723
5722113.339406,95,22846.452702
5467049.904502,70,22847.849543
5454140.549985,87,22849.635739
5431467.804804,78,22851.094207
6187267.439087,80,22852.60886
5416023.585903,84,22854.285017
5461446.735931,47,22855.141613
5494396.286421,75,22856.559027
882297.371957,250,22861.4229
5472723.235547,80,22863.114321
5462555.403287,44,22863.960376
5444395.853532,30,22864.521006
5465281.889318,86,22866.161213
5430117.117937,83,22867.754634
5687090.135365,47,22868.638946
5497246.865105,82,22870.192144
5486805.122715,34,22870.82265
5582779.151614,93,22872.651474
5511939.160925,77,22874.143686
5835314.443291,45,22875.021244
5424549.984663,28,22875.579978
5455744.748791,82,22877.235258
5493105.62749,81,22878.840328
5445694.526156,79,22880.418345
5478522.950163,78,22881.979512
5446230.471378,33,22882.643752
5487376.52877,74,22884.144415
5432684.251036,33,22884.796712
5846228.829073,61,22886.061457
5589983.143141,43,22886.94097
5482177.25767,66,22888.263083
5511166.849747,65,22889.54095
5454075.80562,80,22891.142046
5447691.216586,30,22891.763568
5488308.240566,74,22893.254085
5572526.014488,93,22895.094852
5777243.68767,46,22895.978413
5485762.717009,54,22897.029814
5504834.904239,73,22898.447283
5432734.972288,83,22900.093147
5467974.163998,31,22900.709579
5516106.637109,76,22902.251472
5469652.687081,86,22903.961834
5446838.728122,34,22904.658168
5429055.39752,82,22906.314362
5471304.187109,76,22907.825613
5427810.127188,75,22909.260836
5423705.210673,82,22910.856035
5454053.993336,78,22912.359557
5810936.910583,104,22914.357702
5465739.832059,53,22915.395148
5476456.330192,36,22916.110844
5479073.075835,65,22917.384502
5446879.956112,73,22918.835732
5424589.959491,31,22919.431688
5743178.106506,45,22920.302005
5480820.631101,77,22921.84217
5446497.58872,42,22922.660573
5449372.096027,31,22923.260599
5413391.469881,83,22924.843887
5374486.31424,77,22926.322425
5500625.526304,63,22927.584204
5460847.110269,68,22928.933239
5494231.548767,67,22930.194484
5465420.915066,89,22931.945195
5491705.567069,33,22932.594597
5473746.754736,57,22933.719968
5448410.700426,82,22935.327545
5449348.294138,38,22936.095105
5387666.651676,87,22937.829551
5398066.233104,72,22939.196113
5457993.552941,33,22939.83476
1739176.011274,250,22944.616481
5486530.714207,96,22946.443542
5458131.297272,77,22947.915734
5465362.783811,45,22948.769156
5448734.622596,34,22949.458204
5388124.750416,89,22951.182471
5465784.505395,83,22952.789627
5555321.593932,58,22953.946645
5452372.969877,35,22954.642696
5481978.811825,56,22955.742635
5471744.624359,75,22957.196231
5453865.795286,29,22957.771173
5447296.384664,38,22958.52881
5447058.406523,31,22959.138677
5461603.079139,35,22959.847691
5605538.534829,88,22961.582349
5484204.653503,57,22962.637749
5493767.880431,76,22964.046065
5488263.388172,37,22964.739819
5471769.122328,64,22965.921373
5520702.415501,41,22966.703667
5456424.571549,77,22968.059958
5493607.682782,79,22969.404776
5456440.704848,28,22969.895831
5489324.29162,78,22971.332221
5591976.585583,80,22972.761769
5482707.249271,38,22973.431733
5439643.430337,42,22974.191441
5428920.385158,34,22974.815337
5440398.15839,42,22975.632014
5482311.914294,65,22976.811311
5449888.617807,59,22977.960219
5740074.255598,49,22979.015113
5383848.933493,74,22980.447569
5413627.420234,85,22981.883036
5431454.733981,29,22982.387936
5433248.229527,38,22983.092197
5439663.520359,31,22983.599266
5425742.9498,34,22984.156693
5512763.964401,57,22985.109369
5439585.311712,30,22985.635361
5443679.032062,42,22986.389942
5462264.975008,78,22987.821312
5506538.827529,71,22989.126333
5836860.801756,88,22990.759764
5445671.581361,40,22991.532183
5450582.820568,39,22992.261841
5465750.841097,29,22992.803598
5451239.569849,28,22993.318868
5390971.473087,85,22994.904365
5449738.525786,85,22996.476391
5453692.83563,33,22997.126432
5481983.177097,58,22998.200113
5370535.622613,82,22999.722812
5448863.766208,34,23000.361721
5383299.598618,76,23001.764445
32869.232022,250,23006.468942
5558721.374334,43,23007.299626
5479287.727468,66,23008.498466
5463499.428847,32,23009.089996
5555959.46618,92,23010.792058
5770641.62793,90,23012.466224
5488729.922076,68,23013.721012
5451092.511445,74,23015.072076
5458826.549723,79,23016.654852
5867801.335661,88,23018.235557
5428558.039352,32,23018.765333
5430676.576752,31,23019.332757
5698674.421735,83,23020.864207
5497612.162167,62,23022.061901
5451177.324691,45,23022.919936
5490639.161164,66,23024.128232
5455084.311884,47,23024.988061
5423479.906759,82,23026.53206
5422137.682835,34,23027.154722
5467509.331034,49,23028.008907
5457882.867644,89,23029.662376
5798621.203009,107,23031.473904
5611615.173876,93,23033.208631
5487847.47676,65,23034.364582
5460224.859709,39,23035.076252
5402416.442764,87,23036.691847
5425878.449141,85,23038.302016
5445046.792527,79,23039.898536
5419979.726101,90,23041.792133
5465808.580985,56,23042.718598
5458078.48779,39,23043.390015
5438515.088547,75,23044.719001
5448744.596941,34,23045.357401
5432484.344895,76,23046.697626
5490627.476197,74,23047.956253
5483822.788829,84,23049.505682
5484925.671397,63,23050.658798
5492517.469368,56,23051.726552
5470907.509619,59,23052.805266
5443751.703045,27,23053.318935
5698794.217405,47,23054.1864
5463343.598614,67,23055.41661
5460105.632195,31,23056.00295
5457287.211794,83,23057.500579
5442522.871346,80,23058.961293
1970516.739279,250,23063.503757
5437706.51814,33,23064.125692
5470003.682904,40,23064.899848
5440026.366847,62,23066.09949
5452138.898837,67,23067.383324
5370828.189941,85,23068.951617
5474127.567822,79,23070.390534
5451111.877855,40,23071.129453
5444670.174782,44,23071.937504
5736650.228256,75,23073.331548
5385554.731453,76,23074.734326
5435138.563564,32,23075.318058
5456687.240771,79,23076.780683
5747984.334965,84,23078.312165
5616508.62324,84,23079.871962
5483083.40808,63,23081.052341
5447674.028604,32,23081.634524
5422435.817439,32,23082.270686
5465265.629338,80,23083.891623
5631352.334497,170,23087.307984
5366450.180847,88,23089.089342
5511025.862746,51,23090.110706
135190.386447,250,23095.086568
5480121.665889,51,23096.127696
5456853.249975,68,23097.411241
5430880.815478,75,23098.82125
5571926.002303,55,23099.802974
5475268.897207,71,23101.208406
-42251.868494,163,23104.255757
5821749.757315,100,23106.18915
5445278.202981,49,23107.035328
5494241.162026,64,23108.27256
5836532.877695,68,23109.683652
5454774.100468,34,23110.291319
5447799.568011,32,23110.903659
5435035.176833,31,23111.543193
5521543.378174,53,23112.547069
5467827.819073,39,23113.307456
5430786.255618,31,23113.912319
5946278.254648,100,23115.889453
5378539.286702,81,23117.481658
5460090.480421,45,23118.375108
5388828.188363,77,23119.881207
5406277.956954,82,23121.493069
5414718.366297,82,23123.122447
5486024.4154,82,23124.78218
5497904.483113,37,23125.531047
5914283.785446,57,23126.678141
5467528.533061,46,23127.620778
5451837.017463,80,23129.209522
5482659.180897,56,23130.351021
5478755.600112,64,23131.639209
5474321.861715,37,23132.384553
5455010.434896,35,23133.069277
5582635.503687,42,23133.917078
5488197.194324,44,23134.779428
5585943.971803,44,23135.646092
5483858.328267,65,23136.930748
5457678.351342,34,23137.617829
5461025.625037,79,23139.19553
5500877.116745,64,23140.49334
5477279.182327,81,23142.131047
5445203.118161,70,23143.528494
5499814.963502,60,23144.710852
5454350.508945,77,23146.2793
5894850.420523,57,23147.37178
5481697.704327,55,23148.45153
5467845.271632,36,23149.139331
5913137.639878,74,23150.638627
5710018.839029,94,23152.422591
5397637.883383,83,23154.120571
5447979.5884,36,23154.867046
5438053.084584,34,23155.541595
5432831.362446,31,23156.170475
5431668.780277,83,23157.799761
5379895.495865,87,23159.512888
5579721.982646,75,23160.906615
5449669.011575,29,23161.443302
5398421.328507,80,23162.837475
5606068.841609,39,23163.548873
5471699.62577,56,23164.591881
5467874.806378,65,23165.822777
5910551.801981,70,23167.171881
5406868.330728,69,23168.516439
5468928.300483,61,23169.713047
5463356.738198,43,23170.593517
5528513.523854,83,23172.220733
5887160.900482,94,23174.06056
5450377.692967,79,23175.634133
5436220.887498,33,23176.295812
5492840.410382,72,23177.694734
5453127.067754,87,23179.374748
5448207.262135,41,23180.156016
5447523.737437,36,23180.845505
5447291.400794,92,23182.604711
5373623.78263,81,23184.218006
5617427.774748,58,23185.338192
5479370.673373,30,23185.977808
5499724.231813,71,23187.402276
5397596.896869,79,23188.943871
5460427.324561,73,23190.335968
5453841.363489,90,23192.164986
5420500.953387,75,23193.627698
5440848.62925,39,23194.393608
5432504.18536,33,23195.080153
5430083.24433,81,23196.655985
5669335.639546,88,23198.369705
5449928.267358,30,23198.936409
5504333.156505,54,23200.00891
5457878.579384,69,23201.33774
5476959.870979,39,23202.071196
5423543.141599,85,23203.627091
-203912.562032,23,23204.050646
5498056.643852,52,23232.981165
6306361.761639,84,23234.542223
5444640.148479,51,23235.483133
5443832.220954,83,23236.994734
5469617.282913,38,23237.708953
5440152.796489,32,23238.306856
5438150.743694,31,23238.875031
5435430.147292,38,23239.558049
5483766.306042,88,23241.215657
5469471.748967,51,23242.188289
5428841.218037,81,23243.714386
5477413.893212,33,23244.341699
5463425.916653,40,23245.075078
5428866.825453,83,23246.613013
5491673.551677,37,23247.30349
5430612.158804,24,23247.755915
5481797.377505,51,23248.687615
5493937.643808,58,23249.765106
5448030.743423,35,23250.42053
5454161.29718,84,23251.946339
5504748.452101,69,23253.235072
5516718.392309,94,23254.968608
5459054.11186,41,23255.70935
5464756.565417,76,23257.086096
5486603.188443,75,23258.443413
5422242.337091,84,23259.988229
5442002.666324,92,23261.69296
5458400.586866,35,23262.318654
5511750.042035,43,23263.094792
5457565.674311,69,23264.347116
5424962.874867,83,23265.848496
5417255.639675,77,23267.239582
5504788.056136,81,23268.693292
5479339.499512,36,23269.363906
5439869.361313,33,23269.981765
5386760.365171,74,23271.32556
5482765.601078,55,23272.335157
5441898.867272,35,23273.005384
5435373.191876,72,23274.320578
5484953.413376,72,23275.661446
5478018.997576,38,23276.354193
5486045.599896,73,23277.713903
5525354.13508,58,23278.791456
5487374.701311,61,23279.921632
5470003.873257,61,23281.063556
5443964.154794,79,23282.530502
5387661.758609,82,23284.054955
5458712.679753,30,23284.609681
5448419.732857,80,23286.119939
5404773.323726,82,23287.625443
5483187.467662,56,23288.68539
5465076.500167,78,23290.139392
5458236.121552,38,23290.833305
5787387.174486,54,23291.829265
5501609.180323,68,23293.052985
5458008.130382,88,23294.698158
5486622.002983,73,23296.04826
5549937.452488,37,23296.728861
5452009.869172,37,23297.413441
5466002.141612,38,23298.08544
5479702.23954,77,23299.503888
5441762.220961,55,23300.537656
5457946.900013,35,23301.187541
5980839.716295,104,23303.095918
5376930.485329,80,23304.593464
5521373.397458,101,23306.505944
5474008.20017,32,23307.132655
5623962.471365,79,23308.582642
5522538.488907,74,23309.954804
5452365.832913,77,23311.384702
5458409.929441,45,23312.241293
5425847.620282,91,23313.876989
5470336.783317,69,23315.142001
5456726.088102,38,23315.825938
5498569.023134,40,23316.57132
5451391.088441,65,23317.732412
5423680.828794,28,23318.257459
5794964.808019,90,23319.898013
5468699.172286,74,23321.285681
5521314.54489,64,23322.549225
5475376.918125,37,23323.275635
5496029.068803,62,23324.510615
5774071.860343,90,23326.342913
5444412.882846,34,23327.03447
5444186.818268,41,23327.866249
5455204.770977,41,23328.697227
5468161.903916,38,23329.483005
5430285.392331,82,23331.165628
5458657.494061,52,23332.224416
5451764.57109,51,23333.18801
5464617.766784,55,23334.275088
5426480.743929,36,23334.980298
5465656.610421,47,23335.896423
5457360.644853,69,23337.267044
5468383.65221,62,23338.495578
5453422.897748,95,23340.408865
5423894.166757,77,23341.945444
5480766.987561,84,23343.66499
5458928.526217,105,23345.809087
5620847.456162,61,23347.026489
5504139.011889,66,23348.341516
5465382.318236,42,23349.179952
5474479.642771,37,23349.909685
5683808.796774,44,23350.780005
5406130.20368,87,23352.516472
5488704.14463,82,23354.134661
5565333.817902,71,23355.553472
5420963.853181,81,23357.216891
5471944.363199,42,23358.048764
5477450.351219,70,23359.464304
5434307.573765,28,23360.019441
5488288.010795,56,23361.156224
5464839.477706,34,23361.844534
5446564.029576,35,23362.535895
5578713.790077,89,23364.297655
5808899.225595,109,23366.427615
5441741.760299,37,23367.168831
5460362.104586,36,23367.872952
5404537.813202,78,23369.411616
5659610.648336,95,23371.308186
5441077.532897,35,23372.000717
5493850.451409,69,23373.407823
5476764.953051,35,23374.110614
5433100.378988,85,23375.815278
5456288.644308,69,23377.218401
5462144.408107,84,23378.901357
5779243.624372,97,23380.802844
5461290.678765,36,23381.53081
5469667.82038,65,23382.775293
5853644.982077,62,23384.005274
5479514.256824,65,23385.294146
5548054.913951,91,23387.103254
5431148.883393,33,23387.756541
5497856.022883,50,23388.750525
5411434.169317,86,23390.443847
5581370.239703,77,23391.988288
5484746.867591,66,23393.286918
5492886.310499,42,23394.13542
5511694.617865,65,23395.385815
5465842.476672,49,23396.313205
5464565.837046,48,23397.254754
5405282.065473,83,23398.826288
5435844.733417,83,23400.476883
5453768.181063,71,23401.905459
5405432.746199,85,23403.57446
5494486.643496,63,23404.800884
5367197.674871,84,23406.447162
5439099.882828,31,23407.047967
5446341.784194,28,23407.583266
5457929.745301,28,23408.156147
5476558.013587,47,23409.028892
5422839.977186,90,23410.78392
6144323.163727,104,23412.833332
5405877.030979,77,23414.311446
5410920.868131,90,23416.052992
5467771.70061,81,23417.608825
5482057.866755,86,23419.276745
5385224.052459,83,23420.908531
5483351.082458,84,23422.538969
5424260.531885,29,23423.114644
5471265.892539,39,23423.863751
5460402.339602,57,23425.000863
5449215.248436,81,23426.596637
5476058.124705,64,23427.833566
5479572.237635,41,23428.662775
5452068.674851,32,23429.280436
5488701.708645,80,23430.824607
5437987.47231,40,23431.584804
5482402.934229,94,23433.410532
5453597.920555,38,23434.162403
5462074.98463,55,23435.247908
-70185.601889,153,23438.317
5360259.622959,82,23439.93038
5448394.46677,49,23440.887513
5489648.635741,36,23441.58693
5464633.100028,70,23442.868749
5833305.411439,92,23444.578214
5485486.58053,83,23446.123023
5467940.936233,54,23447.12923
5432857.483062,30,23447.696784
5452179.341976,40,23448.446323
153837.262762,250,23453.141547
5763246.389827,74,23454.510975
5487648.769495,35,23455.153137
5472650.664908,42,23455.935462
5463852.089609,78,23457.412648
5650772.701474,82,23458.919653
5445861.988807,40,23459.704396
5535700.37594,53,23460.742074
5430817.227875,83,23462.420568
5544816.505873,67,23463.769868
5467581.918758,70,23465.158096
5444752.395302,33,23465.822804
5426593.604787,30,23466.389731
162020.68633,250,23470.993531
5552175.613241,79,23472.459141
5440193.28485,52,23473.412192
5431281.400077,79,23474.863012
5478288.826438,83,23476.422682
5482916.535767,53,23477.43487
5445250.829607,67,23478.68411
5370754.213376,84,23480.29308
5487518.824303,62,23481.450761
5486863.326691,71,23482.774435
5816260.05254,101,23484.620427
5409328.99467,73,23486.014904
5446003.745735,70,23487.363698
5426303.017667,32,23487.93577
5386003.573231,81,23489.428358
5467905.336647,34,23490.049385
5542171.270976,81,23491.592511
5433007.80542,82,23493.09918
5466083.198513,78,23494.564969
5473797.700632,54,23495.55401
5425678.963618,84,23497.1102
5435535.957987,79,23498.565996
5440090.283588,51,23499.506814
5484408.013335,56,23500.530221
5536629.775139,71,23501.844115
5471320.660974,36,23502.509311
5420497.501831,84,23504.036892
-32846.409457,166,23507.088367
5430826.158044,29,23507.639985
5504572.474248,71,23508.930945
5425627.824881,34,23509.562873
5515217.975328,39,23510.294351
5421132.226758,30,23510.853744
5406504.60584,78,23512.278181
5466070.907592,74,23513.611576
5503929.719955,77,23515.035075
5410515.578096,81,23516.525747
5480783.895138,41,23517.256096
5498874.828967,72,23518.552778
5481480.748113,40,23519.303116
5488170.130564,68,23520.536676
5405709.768094,83,23522.078355
5672095.094224,89,23523.726989
5743906.76477,92,23525.469107
6227445.665896,85,23526.992864
5402378.814801,87,23528.594313
5589044.185851,98,23530.36197
5432929.994026,32,23530.942408
5493713.689754,40,23531.696571
5460525.828159,67,23532.9383
5443089.855504,42,23533.729147
5521677.313586,82,23535.227837
5450907.851623,75,23536.606437
5494039.586275,77,23538.052847
5703523.909285,105,23539.990043
5463299.384673,76,23541.395358
5492450.878835,88,23543.044724
5477587.621308,75,23544.468242
5574997.937851,93,23546.24304
5519588.675067,73,23547.605403
5477534.372375,75,23548.946077
5472045.834395,59,23550.002695
108496.170175,250,23554.634012
5457900.389587,76,23556.021555
5533040.37132,68,23557.274109
5510361.832486,70,23558.57292
5452755.790275,39,23559.301753
5454619.214897,79,23560.73986
5500744.29531,79,23562.236544
108945.471494,250,23567.227942
5473046.715059,51,23568.251112
5475186.881428,59,23569.387801
5476222.592845,51,23570.443087
5436368.683564,35,23571.120801
6051496.144138,116,23573.465926
5446161.415089,84,23575.135118
5437040.328304,30,23575.734453
5459209.056956,39,23576.531889
5384757.243645,90,23578.32973
5747580.623186,94,23580.216363
5460829.574935,83,23581.891421
5482032.674435,44,23582.774788
5496688.460168,39,23583.567143
5487265.655643,64,23584.825339
5429071.121271,31,23585.46386
5468979.261281,31,23586.075752
5440999.515131,42,23586.924553
5447368.939295,95,23588.811487
5470233.170983,41,23589.635761
5432217.774264,79,23591.185404
5432171.336113,37,23591.936892
5830305.459613,57,23593.092282
5459429.906839,71,23594.525341
5858503.523915,83,23596.158731
5515751.880607,77,23597.677994
5487220.600059,69,23599.063656
5478034.161887,75,23600.545639
110004.10134,250,23605.498627
5480915.940283,86,23607.166656
5468714.241738,51,23608.153435
5466989.861816,69,23609.528607
5431606.903397,92,23611.365324
5479665.554313,53,23612.431118
5416881.366334,83,23614.111955
5452491.014645,39,23614.885072
5488364.210039,56,23615.988947
5449335.432659,77,23617.499237
5510775.303488,64,23618.798102
6183564.049385,78,23620.325386
5520205.828008,39,23621.072969
5490106.131299,52,23622.108083
5479824.647119,77,23623.631352
5497004.905321,63,23624.910644
5438504.438555,30,23625.495162
5471518.894182,78,23627.019623
5537968.979765,80,23628.640278
5476601.766316,36,23629.338591
5494101.996113,80,23630.854071
5435859.063385,76,23632.309537
5432139.545637,33,23632.941546
-36534.016749,128,23635.394572
5447728.060186,34,23636.05904
5408140.612745,80,23637.597318
5481317.755586,78,23639.157184
5476893.608312,76,23640.671783
5473528.906767,86,23642.373711
5623532.648821,65,23643.650816
5475942.648223,71,23645.06051
5485561.212336,42,23645.847744
5474149.779609,54,23646.992547
5470867.747541,60,23648.116982
5477713.900743,71,23649.368776
5813771.290282,97,23651.167534
5486680.154366,78,23652.678616
5767598.496567,89,23654.45856
5357627.424021,83,23656.073182
5479488.321283,72,23657.458333
5513605.053114,68,23658.792159
5457184.937559,28,23659.34233
5773298.324073,91,23661.156832
5357388.683059,89,23662.898213
5472629.656544,77,23664.446982
5445757.194152,81,23666.058558
5448653.855919,29,23666.593905
5475339.979857,31,23667.207417
5470688.901425,33,23667.841874
5441787.523291,30,23668.416214
5393856.564734,83,23670.017152
5540196.775205,106,23672.133246
5442485.990395,86,23673.737481
5469273.77891,68,23675.150833
91703.124811,250,23679.696287
5822640.120709,61,23680.860801
5460985.571952,59,23681.981297
5444477.834783,85,23683.581485
5397799.852975,76,23685.015946
5489371.815008,60,23686.194887
5433337.71114,35,23686.86773
5438023.321367,30,23687.446506
5450263.856,84,23689.023023
5453648.940168,90,23690.767552
5430491.850894,31,23691.37994
5485305.474588,42,23692.162043
5550244.592685,67,23693.438312
5459077.204153,42,23694.220735
5454822.721054,58,23695.308719
5487492.791379,88,23696.939237
5926152.22841,83,23698.483664
5581983.89437,85,23700.116013
5433933.51846,79,23701.586613
5454091.123217,79,23703.083565
5458366.380749,83,23704.668974
5478956.094936,71,23706.007633
5479814.973674,79,23707.488856
5539529.153284,48,23708.424273
5459951.427306,31,23709.019576
5707287.429386,64,23710.211956
5459124.197423,32,23710.813174
5592221.823299,87,23712.442457
5484074.323387,81,23713.96865
5512974.232539,58,23715.059422
5470882.687869,39,23715.799029
5447739.744152,25,23716.259136
5511526.608543,65,23717.49062
5480203.858048,50,23718.442836
5493795.274167,56,23719.501868
5466648.310452,78,23720.92764
5443300.291744,39,23721.674695
5497132.199091,75,23723.05467
5450053.594728,40,23723.806611
5496590.652192,76,23725.236768
5472818.734801,71,23726.597378
5654869.195268,82,23728.186328
5470406.419936,67,23729.451868
5798216.481331,48,23730.349061
5443098.363396,73,23731.728344
5474387.760119,67,23732.988912
5620509.212886,46,23733.831686
5457703.201507,69,23735.166159
5405169.34598,87,23736.778053
5507414.201603,63,23737.96007
5505523.58062,53,23738.966323
5476216.128881,70,23740.309289
5470715.378139,76,23741.739572
5793420.511808,49,23742.632081
5469233.221316,50,23743.584841
5470761.258213,78,23745.053927
5490180.10831,53,23746.064536
5470803.440648,71,23747.44271
5582904.404698,78,23748.892119
5464384.609051,40,23749.641062
5487660.629387,76,23751.090546
5449223.939916,88,23752.792006
5450061.475204,84,23754.373219
5758739.069832,52,23755.366624
5393270.85398,81,23756.915148
5473355.146293,40,23757.687915
5749032.516653,88,23759.370199
134289.02333,250,23764.036291
5453822.477105,27,23764.550508
5472278.852392,40,23765.312389
5800838.0383,55,23766.350431
5429616.721876,78,23767.8325
5460959.354381,81,23769.350096
5472034.587076,90,23771.048336
5501869.405783,45,23771.901163
5450396.256079,34,23772.555874
5476021.55457,63,23773.76798
5451440.53271,41,23774.555347
5505529.660222,66,23775.820602
5456993.279977,29,23776.376346
5468307.34926,49,23777.295356
5495831.330048,67,23778.593869
5450158.247697,31,23779.182515
5420460.252178,81,23780.710327
5450623.888957,39,23781.45312
5845114.416883,74,23782.849897
5459934.082047,29,23783.405365
5495404.740705,39,23784.136778
5445362.217521,38,23784.844332
5500153.497286,65,23786.094476
5688665.187399,68,23787.363016
5438717.151929,75,23788.666629
5455684.699097,69,23789.891129
5417715.166933,81,23791.364434
5388163.595503,81,23792.891613
5872187.509493,96,23794.690821
5419319.424863,85,23796.294634
5389584.971167,78,23797.769099
5479997.189344,69,23799.064108
5502941.807482,68,23800.364888
5655120.67252,101,23802.338784
5457439.541908,32,23803.008311
5530939.49801,56,23804.147178
5459230.377709,77,23805.692825
5413150.0063,83,23807.320639
5481207.04621,75,23808.819976
5474379.947861,64,23810.090117
5758820.601027,54,23811.202302
6077037.677212,115,23813.469053
649949.881422,250,23818.536569
5461408.794241,39,23819.338628
5469951.747106,61,23820.588391
5439605.997751,91,23822.364379
5483180.902565,39,23823.127524
5513105.579499,65,23824.449125
5431936.799432,38,23825.2024
5537487.01593,52,23826.238234
5476181.302046,54,23827.320815
5465243.568035,66,23828.669883
5450968.106521,42,23829.580875
5590234.684238,83,23831.130537
5455794.363115,76,23832.598868
5499141.825098,56,23833.728621
5475056.139987,38,23834.506424
5577591.182784,64,23835.803806
5499434.299258,31,23836.455673
5512739.063835,78,23838.013885
5422554.371803,35,23838.705148
5505085.03567,66,23840.015459
5450466.046503,62,23841.258549
5477076.18194,56,23842.39826
5471260.385249,73,23843.842016
5455993.224485,37,23844.598233
5437481.959192,30,23845.199284
5457931.270522,73,23846.677556
5391344.406963,88,23848.459989
5426918.423277,36,23849.212953
5446064.770004,31,23849.849684
5425482.507636,71,23851.258279
5441800.652655,30,23851.852765
5511497.837788,69,23853.283346
5428903.638215,76,23854.843533
5720627.562709,82,23856.498605
5474839.611073,77,23858.0249
5488849.246999,83,23859.75998
5434911.236819,27,23860.283512
5943446.673231,62,23861.574349
5463175.504907,39,23862.347912
5404577.179331,87,23864.04714
5462295.411093,38,23864.816231
5549785.492617,44,23865.664263
5460536.630835,32,23866.313653
5380092.62045,91,23868.029931
5370164.064618,85,23869.69303
5527455.135168,98,23871.622238
5350228.35879,79,23873.177168
5470472.359166,53,23874.219275
5450596.647752,39,23875.014953
5760152.190039,53,23876.031174
5481388.393689,58,23877.160743
5796219.684656,69,23878.525212
5466224.540859,40,23879.332258
5444698.375937,40,23880.102381
5428889.763067,35,23880.817358
5479277.821318,57,23881.943263
6185079.677865,109,23884.068311
5394128.301898,79,23885.616023
5674661.935439,85,23887.258047
5426558.190019,38,23888.036539
5469621.739992,56,23889.115122
5415508.372768,83,23890.80791
5493984.902337,54,23891.92475
5491053.331349,65,23893.183139
5429365.532464,75,23894.644061
5377019.269444,90,23896.477278
5441283.517742,23,23896.932472
5555370.776226,65,23898.177495
5471450.691665,77,23899.687999
5459947.046855,43,23900.520845
5493488.496304,64,23901.74051
5721636.755363,85,23903.386082
5437702.836589,28,23903.951231
5443547.003777,59,23905.120381
5448316.898123,30,23905.716073
5464858.874586,65,23906.979049
5527408.902731,60,23908.146338
5481007.767056,83,23909.813718
6124432.433507,119,23912.122574
5584063.31898,47,23913.054556
5470377.049071,66,23914.349833
248195.903888,250,23919.198858
5426207.221348,81,23920.79458
5474438.309028,34,23921.472693
5466022.468133,39,23922.245022
5456848.284263,50,23923.178306
5411195.29631,79,23924.671548
5454958.338741,35,23925.316444
5411993.321106,96,23927.0992
5480736.058288,35,23927.776928
5961260.772621,82,23929.317482
5450563.190416,36,23929.995489
5466234.880843,39,23930.739958
5477926.237206,66,23931.96422
5994959.240006,84,23933.546926
5382265.430132,91,23935.26814
5479872.213712,71,23936.624933
5420751.416913,79,23938.130771
5453994.513803,90,23939.855302
5800448.610809,94,23941.617573
5467766.717735,33,23942.223838
5441406.946523,27,23942.730217
5415429.58388,87,23944.341619
5460945.027642,36,23945.02929
5424104.119314,32,23945.636239
5477956.377139,64,23946.827923
5506716.928964,91,23948.563261
5404683.953821,83,23950.120588
5457076.784204,76,23951.589602
5462204.972428,31,23952.204454
476687.068307,250,23956.939454
5461270.579173,60,23958.065367
5431415.416972,81,23959.59457
5489215.510637,31,23960.16069
5427354.045997,33,23960.785026
5446431.59676,36,23961.452131
5494312.138664,46,23962.310845
5538693.766028,92,23964.028519
5457114.579242,81,23965.57533
5462049.68883,90,23967.358296
5506041.946433,59,23968.462054
5477139.507014,43,23969.257411
5420311.866218,86,23970.877032
5473855.634066,49,23971.834709
5462861.598277,44,23972.674422
5405997.675666,93,23974.436048
5472829.356927,82,23975.970817
5599136.057692,86,23977.578987
5450817.470142,37,23978.294844
5386045.496738,81,23979.832245
5396214.271332,80,23981.341321
5573756.215663,96,23983.154206
5488259.295983,67,23984.427705
5411193.425285,79,23985.913604
5421792.926059,84,23987.467399
5445225.029822,78,23988.931495
5463710.759176,60,23990.049549
5474016.569106,50,23990.992098
5481471.996691,55,23992.044614
5478121.938522,57,23993.135319
5393097.805476,84,23994.75369
5450994.328016,37,23995.4695
5408992.366473,83,23997.040842
5440347.673705,33,23997.657663
5478363.753679,43,23998.469713
5470662.837026,78,23999.931848
5458164.772651,35,24000.577651
5591826.702026,89,24002.261845
5480696.946847,75,24003.680513
5507304.232999,40,24004.451149
5474709.992057,48,24005.348381
5480160.696979,76,24006.787199
5508152.501241,54,24007.806134
5422227.767926,91,24009.509722
5443956.866415,52,24010.4771
5407012.925104,83,24012.062797
5589827.249059,89,24013.76601
5437051.894937,39,24014.505811
5441560.552675,85,24016.114374
5488862.594187,57,24017.169225
5763765.564177,73,24018.598267
5394836.770339,82,24020.142496
5768835.604589,74,24021.537802
5491417.676791,75,24022.963288
5472472.354054,79,24024.502314
5502687.670735,43,24025.315768
5437213.144885,26,24025.829845
5420607.906493,29,24026.35952
5491563.55975,60,24027.417816
5768895.516802,105,24029.295789
6014139.525311,77,24030.752819
269622.774026,250,24035.467876
5454031.807054,47,24036.34898
5483331.580457,41,24037.184379
5429219.447253,31,24037.736343
5915978.438658,73,24039.089985
5537547.461184,53,24040.078731
5476144.809938,42,24040.830893
5421371.722937,33,24041.422744
5427553.225078,36,24042.124021
5556988.123956,83,24043.794412
5421792.115946,34,24044.513693
5441062.102498,37,24045.210418
5450970.883401,71,24046.639592
5493839.739601,79,24048.175693
5514254.993671,39,24048.920496
5473990.153922,94,24050.883539
5454481.995793,63,24052.178199
5586220.654304,98,24054.135224
5483746.201046,72,24055.633349
5492877.515239,82,24057.316058
5485211.771568,57,24058.477375
5436559.916899,44,24059.37403
5449000.646987,35,24060.115161
5453866.151913,31,24060.747208
5487457.494491,37,24061.505232
5834177.861384,78,24063.012049
5461814.52005,50,24064.047213
5474906.320169,77,24065.620782
5665728.388744,45,24066.543828
5439633.666306,26,24067.08955
5464827.613887,72,24068.51102
5705467.430774,58,24069.674325
5799360.471385,90,24071.547921
5422109.156887,80,24073.134196
5488521.215992,62,24074.420491
5450095.672587,28,24074.97807
5472619.383453,81,24076.639715
5447196.135855,86,24078.369705
5500901.239102,50,24079.35321
5506872.636176,84,24081.044846
5478851.226337,36,24081.788618
5472383.746355,34,24082.485842
5522450.745845,80,24084.134366
5449983.749396,33,24084.800943
5396239.471187,87,24086.546141
5403404.88454,98,24088.494099
5459064.472951,36,24089.214763
5477214.579362,83,24090.92287
5377529.310374,84,24092.684072
5432001.119449,89,24094.526992
5401225.310857,91,24096.392616
5414099.127578,79,24098.008208
5442935.967145,75,24099.570027
5472365.028579,45,24100.517115
5460413.194328,55,24101.64328
5436964.290772,40,24102.45711
5354601.306612,81,24104.058728
5491657.455315,49,24105.007929
5427048.359928,30,24105.590007
5384321.934556,87,24107.227669
5481438.368892,82,24108.783402
5442387.713753,33,24109.39543
-161575.39529,105,24111.478728
5421552.250857,84,24113.070666
5432326.911881,31,24113.666144
5476856.040376,38,24114.397964
5361960.419828,88,24116.133281
5442654.161247,32,24116.748629
5696093.541476,55,24117.791686
5488622.119985,82,24119.408987
5470219.009704,35,24120.050973
5436699.706771,44,24120.917341
5469273.056418,65,24122.194462
5504895.62991,68,24123.554148
5439643.09779,79,24125.069449
5418869.638789,87,24126.764634
5399050.053322,74,24128.212005
5473168.003661,65,24129.525279
5431738.124215,37,24130.247882
5435624.726585,30,24130.849381
5485993.476473,78,24132.375604
5470262.111915,83,24133.990206
5440764.469539,35,24134.645651
5431656.161563,26,24135.14356
5433835.122545,82,24136.735145
5431594.371089,33,24137.380042
5448073.92761,37,24138.092813
5435839.687364,81,24139.701946
5465756.540338,40,24140.468018
5460553.623618,58,24141.630891
5437545.407716,34,24142.315659
5697603.300992,86,24143.995508
5463568.601776,58,24145.144908
5416167.850275,91,24146.855247
5462234.130061,77,24148.271178
5479746.372912,77,24149.791265
5468947.11861,34,24150.50064
5510301.230055,68,24151.804872
5462008.463985,36,24152.51361
5451393.169331,37,24153.251154
5476895.134162,74,24154.702358
5406522.922061,82,24156.333376
5449021.479619,37,24157.046713
5457145.666803,28,24157.614403
5459319.035528,87,24159.310008
5534042.672734,73,24160.670922
5578213.25662,104,24162.642167
5478108.039255,39,24163.37541
5437149.821362,85,24164.949284
5797955.555892,50,24165.890556
5458646.216804,55,24166.941452
5418317.52819,77,24168.360347
5454316.183133,69,24169.654503
5448088.114266,25,24170.13659
5363768.527918,83,24171.7114
5462463.322466,34,24172.363529
5368749.637658,83,24173.942561
5445438.906303,31,24174.525061
5436132.909175,29,24175.071362
5494485.695733,66,24176.28856
5507077.606221,66,24177.524569
5438729.014014,40,24178.264919
5458861.552295,64,24179.443551
5465417.297342,87,24181.058635
5438846.721377,82,24182.57883
5460098.740802,36,24183.257807
5519091.100508,71,24184.612818
5481767.413158,34,24185.242789
5468277.445731,80,24186.721405
5485838.98542,84,24188.296331
5919628.171057,95,24190.103921
5433048.939874,33,24190.716915
5512560.401936,75,24192.112363
5433838.88941,33,24192.729014
5501654.614311,53,24193.721951
5508799.959697,73,24227.084294
5477574.84311,33,24227.644572
5858898.328691,61,24228.706404
5504158.279318,44,24229.458394
5464392.014338,35,24230.065479
5434778.926658,37,24230.708532
5463627.153909,34,24231.295711
5487133.995814,80,24232.775878
5451482.962787,37,24233.464258
5434027.086417,66,24234.731561
5398841.685092,82,24236.263097
5482902.107759,65,24237.508122
5429865.664376,38,24238.229927
5478166.908852,64,24239.446799
5458755.070685,71,24240.787965
5501859.087062,49,24241.718189
5479477.953004,84,24243.275976
5452054.134517,33,24243.905323
5422980.27863,28,24244.430163
5466366.712201,43,24245.218065
5405871.865832,82,24246.79561
5466282.436598,92,24248.536759
5910089.950044,83,24250.112779
5471155.300747,72,24251.475763
116289.650173,250,24256.196871
5459632.202189,34,24256.839013
5486812.632813,47,24257.725537
5466395.443599,35,24258.368387
5519300.520196,62,24259.535749
5474289.123934,37,24260.224756
5448355.241321,30,24260.79784
5803289.108264,49,24261.740695
5506674.1113,71,24263.052547
5430711.757814,81,24264.588346
5478607.095556,40,24265.350163
5346318.231048,85,24266.965286
5471764.406704,68,24268.16442
5470060.690667,49,24269.016036
5468058.485855,91,24270.691378
5490366.061494,63,24271.873735
5490532.849156,81,24273.407083
5678299.258444,54,24274.428118
5488443.752869,41,24275.188464
5466742.085347,32,24275.797614
5394582.427002,78,24277.24574
5515221.942468,82,24278.771669
5442284.375664,68,24280.058704
5421210.997079,79,24281.57424
5399994.15445,86,24283.349276
5482933.231916,68,24284.771428
5718241.85678,79,24286.31977
5441609.577808,34,24286.993653
5564672.464841,81,24288.613601
5530028.662871,81,24290.239758
5421839.51973,82,24291.882814
5442367.229981,74,24293.382764
5470347.614193,41,24294.207815
5463684.505485,54,24295.344114
5483878.327024,34,24296.055683
5353468.076189,80,24297.675706
5539373.538637,86,24299.436624
5490769.95332,80,24301.072864
5457377.972992,29,24301.669565
5427014.915533,36,24302.398752
5372424.761304,78,24303.960804
5468186.93058,46,24304.901016
5523619.634005,95,24306.791093
5479619.201,67,24308.13042
5444439.401568,79,24309.737773
5437498.194447,72,24311.211613
5451974.595215,79,24312.821406
5441765.111843,32,24313.482731
5458537.882901,39,24314.312341
5526206.586786,61,24315.563412
5443548.600875,29,24316.173745
5459658.309827,86,24317.967887
5403886.296984,74,24319.492076
5383559.345708,89,24321.312617
5432265.734834,36,24322.039546
5481834.485253,79,24323.63173
5542005.465733,92,24325.500352
5429550.646983,33,24326.220948
5442082.521448,65,24327.529933
5407497.048361,86,24329.309992
5401734.571262,91,24331.19339
5525176.755972,94,24333.130752
5476341.812192,37,24333.897071
5457441.084662,74,24335.379828
5453582.836043,37,24336.133037
5427088.789447,84,24337.819765
5412061.062225,82,24339.483748
5548649.415641,45,24340.403092
5474682.12617,53,24341.513966
5565355.078979,81,24343.124285
5466767.942747,70,24344.517685
5457031.573233,44,24345.362632
5480573.882197,69,24346.687336
5505680.31561,35,24347.364007
5460360.806818,51,24348.331277
5452504.755186,40,24349.105409
5471233.376954,76,24350.599814
5465620.770711,47,24351.534114
5455302.394281,93,24353.384364
5445229.371066,83,24355.04924
5445974.149049,38,24355.770675
5557883.861422,38,24356.493753
5448614.129118,33,24357.136981
5510193.399557,85,24358.832533
5516462.278983,62,24360.025691
5464207.832977,83,24361.668812
5361530.028589,86,24363.322549
5441669.668413,35,24363.987961
5522613.663969,55,24365.034836
5451411.680312,58,24366.175499
5404846.7108,87,24367.842822
5406161.824368,82,24369.409271
5407843.082361,74,24370.913671
5482812.805311,65,24372.181369
5463531.220596,36,24372.88548
5551601.918768,123,24375.298704
5490208.490635,74,24376.731601
5483523.523542,53,24377.770201
5444068.316492,27,24378.304146
5727885.587412,86,24380.0106
6083405.027216,134,24382.551225
5424371.353453,79,24384.128083
5458542.325333,36,24384.804634
5392072.283082,90,24386.578748
5497175.683517,44,24387.411668
5482835.149756,64,24388.661564
5481539.76963,85,24390.303738
5422236.685332,32,24390.916311
5471525.861109,83,24392.553044
5495131.736879,40,24393.324226
5414546.984871,84,24395.011489
5402445.356673,83,24396.64117
5468083.411221,82,24398.214447
5453838.408862,42,24399.056741
5685346.66598,47,24399.990221
5478202.373243,64,24401.265471
1278470.815004,250,24406.017258
5394079.362609,83,24407.562805
5472392.947653,77,24409.002949
5446567.99003,31,24409.577706
5461889.755081,75,24410.970288
5456675.227682,66,24412.196115
5493628.568656,53,24413.207857
5450111.82614,79,24414.671215
5447003.55086,37,24415.370141
5502804.711053,42,24416.20051
5468443.114685,72,24417.590738
5461319.602038,41,24418.369113
5542071.643075,69,24419.671464
5473846.138158,76,24421.123587
5489127.833948,35,24421.795129
5434833.140961,41,24422.565107
5459597.67977,37,24423.23975
5474864.986826,53,24424.225099
5439570.466538,32,24424.812737
5869715.835946,68,24426.075729
5462774.275405,91,24427.760573
5460190.661882,49,24428.71054
5486789.274256,74,24430.079232
5477084.464394,84,24431.674504
5642255.608566,59,24432.798208
5436669.039061,31,24433.372168
5467572.596765,38,24434.120973
5473529.29185,60,24435.25227
5502551.25833,48,24436.140872
5468149.510405,36,24436.8256
5474844.476631,47,24437.691535
5590799.133226,63,24438.850945
5454283.733118,31,24439.416593
5474811.387333,53,24440.396566
5404725.349532,82,24441.943478
5486823.977375,59,24443.066866
5766440.560198,94,24444.867296
5469395.006244,75,24446.325665
5475813.963251,32,24446.913832
5477534.579751,75,24448.333583
5453192.411839,90,24450.024006
5481804.7776,90,24451.734729
5509020.699834,79,24453.218799
5493841.654935,67,24454.492327
5483810.841678,70,24455.830106
5461977.657546,78,24457.301552
5456828.107424,35,24457.976586
5513565.692347,44,24458.808236
5452974.668334,78,24460.259194
5497839.144359,71,24461.609365
5800294.674233,81,24463.161001
5578394.308684,38,24463.864815
5438479.615186,36,24464.546315
5447219.522722,36,24465.226705
5494854.2213,78,24466.674992
5476269.959541,66,24467.914891
5473979.222559,73,24469.269951
5478421.447134,32,24469.874385
5522291.866807,73,24471.224414
5445952.592612,35,24471.88357
5480484.087405,41,24472.665097
5473494.686245,83,24474.220861
5446372.119621,81,24475.745809
5428955.085432,83,24477.332372
5453035.865124,35,24478.017661
5850309.810345,97,24479.859365
5467544.390315,80,24481.363189
5448839.876331,58,24482.508592
5451240.292849,76,24483.931046
5469105.196526,63,24485.110108
5515764.518895,70,24486.404782
5455402.301672,84,24488.023586
5455555.476738,31,24488.606733
5424806.627415,84,24490.189826
5489441.720101,74,24491.618637
5469782.692894,73,24492.994135
5434796.776969,80,24494.478494
5457209.989711,34,24495.120579
5536380.207591,41,24495.890209
5395507.755279,86,24497.479669
5660858.185248,77,24498.925955
5469278.568929,50,24499.857176
5462766.844718,37,24500.557897
5442777.072468,83,24502.109242
5445520.256453,73,24503.482246
5436276.549405,31,24504.061877
5507772.954356,62,24505.233075
5468023.84768,71,24506.568605
5396032.923138,84,24508.169296
5477376.897856,86,24509.80628
5428485.37528,30,24510.364949
5479582.677769,63,24511.556346
5476787.146763,35,24512.204492
5467973.898142,82,24513.756124
5463139.345798,84,24515.311985
5485078.386183,55,24516.379698
5482550.934267,64,24517.553732
5437921.604005,85,24519.134219
5449021.062825,47,24520.021529
5502089.615929,42,24520.827801
5485424.807968,77,24522.303181
5446459.062305,37,24523.063421
5447434.300743,47,24523.999886
5511022.549041,42,24524.841489
5448494.571147,31,24525.467939
5799736.235527,54,24526.553694
5457396.201669,34,24527.214947
5790076.572877,53,24528.317798
5488539.946954,36,24529.037088
5528640.979592,62,24530.299497
5403738.267983,81,24531.935958
5495749.147994,76,24533.447917
5451630.173132,78,24535.048679
5474845.697759,78,24536.629308
5722884.715642,97,24538.579434
5394436.680738,78,24540.15848
5469220.970667,84,24541.875683
5441026.504293,74,24543.357129
5454444.324145,48,24544.348825
5488720.242933,80,24545.96068
5498994.51636,72,24547.467079
5449646.823169,31,24548.121708
101657.105685,250,24553.287403
5466730.507515,61,24554.530846
5472946.918944,52,24555.609156
5435707.902153,83,24557.288018
5706861.752249,86,24559.052034
92043.176069,250,24564.189744
5457621.324848,44,24565.099348
5494227.518826,69,24566.500679
5511193.236138,66,24567.827515
5427157.028241,81,24569.46488
5440080.308151,78,24571.033304
5485302.20008,74,24572.547365
5409627.927036,72,24573.963881
5444415.780203,34,24574.661561
5449474.695759,49,24575.608927
5404918.369874,84,24577.338471
5475057.929538,77,24578.903457
5465927.866141,64,24580.21579
5382046.650336,89,24582.052364
5460431.77388,47,24582.970052
5409954.831495,88,24584.728811
5413584.963323,83,24586.314165
118032.968401,250,24591.19203
5448660.471521,81,24592.806155
5446347.106742,39,24593.531105
5431199.612503,34,24594.165474
5462873.895237,84,24595.820476
5386266.067387,78,24597.386772
5474951.767334,80,24598.941097
6117301.952798,126,24601.454636
5448636.057058,84,24603.076042
5492283.655189,40,24603.872201
5449808.901447,72,24605.28064
5452348.793042,33,24605.943753
5451898.139848,58,24607.082512
5515562.27988,77,24608.592861
5454651.103657,65,24609.863762
5477717.517906,76,24611.364379
5467450.949695,75,24612.845828
5474214.101015,37,24613.549369
5476648.967471,69,24614.960754
5407987.787975,91,24616.744969
5445123.558826,54,24617.76553
5442076.425286,30,24618.313418
5443348.580904,91,24620.090399
5421593.285774,28,24620.667269
5688140.845397,85,24622.385638
5501314.2126,80,24623.978515
5462730.477439,73,24625.416753
5482549.0445,84,24627.114755
5504769.684826,76,24628.599125
5462061.658919,44,24629.43789
5399889.038597,81,24631.014958
5417283.289971,78,24632.53521
5385196.312043,81,24634.100534
5440459.476449,87,24635.789583
5463999.111581,33,24636.44823
5500126.671827,43,24637.270723
5430620.220307,81,24638.856093
5396428.579284,82,24640.45911
144309.614434,250,24645.207079
5487432.811282,46,24646.062872
5467967.179034,76,24647.49963
5492495.966895,37,24648.193831
5451692.125634,25,24648.661075
5417494.754879,73,24650.057607
5434474.669858,27,24650.567816
5479202.640331,73,24651.948442
516364.091778,250,24656.678229
5453420.673155,57,24657.763976
5459642.186023,37,24658.455684
5461324.840728,37,24659.168312
5397441.430324,78,24660.626461
5473573.77997,39,24661.352736
5473457.324908,39,24662.082421
5490926.222666,37,24662.782475
5500291.537064,85,24664.389839
5466244.190204,47,24665.288872
5406571.001523,80,24666.786826
5473880.285777,63,24667.985978
5468714.441131,57,24669.045951
5443165.049734,72,24670.397872
5831774.320643,62,24671.554337
5449733.404967,75,24672.946549
5463686.735621,36,24673.626046
5474239.662981,51,24674.594286
5955987.892334,105,24676.539459
5431245.462134,31,24677.105109
5478711.693674,56,24678.183506
5485853.858325,78,24679.650274
5478346.527577,48,24680.623407
5538090.989334,66,24681.89834
5783667.987111,55,24682.972453
5463540.728263,85,24684.599078
5417733.444413,78,24686.160493
5454298.146449,50,24687.116089
5515370.36367,85,24688.700016
5611877.083722,42,24689.468448
5385829.704046,80,24690.941799
5493746.509957,73,24692.314047
5460068.102612,33,24692.932706
5463331.342374,77,24694.415552
5672325.134781,80,24695.91462
5471481.681661,59,24697.030162
94732.125317,250,24701.721271
5464121.445912,79,24703.200526
5578131.256101,92,24704.927712
5441036.308891,75,24706.342202
5437807.748774,83,24707.883855
5483617.819814,68,24709.17603
5453271.997726,30,24709.734664
5517616.378311,80,24711.250258
5655053.267037,60,24712.365117
5548452.099543,88,24714.035871
5475404.163669,32,24714.629839
5577974.474012,98,24716.467617
5437711.628273,87,24718.131118
5456493.69279,38,24718.87513
5484581.071525,84,24720.453153
5457255.022383,37,24721.163331
5468918.741483,64,24722.376016
5526891.565074,44,24723.193321
5399610.078848,76,24724.646573
5533404.855555,59,24725.752574
5449718.977217,36,24726.440671
5396181.680712,76,24727.874372
5455441.675612,78,24729.343129
5481941.101149,37,24730.020956
5404236.43435,79,24731.529554
6105750.288684,110,24733.61438
5440233.989836,76,24735.05821
5450044.744325,76,24736.470767
5469730.630376,67,24737.708659
5418577.13194,83,24739.262783
5435021.047885,86,24740.898038
5447745.071455,35,24741.555349
-85072.93914,60,24742.703782
5450914.973124,91,24744.414354
5462708.668847,34,24745.057069
5462615.166863,32,24745.674715
5532666.322483,54,24746.751426
5474817.348243,37,24747.442082
5382381.740916,84,24749.005769
5512394.206995,99,24750.847695
5459755.386909,65,24752.10901
5503477.887577,56,24753.145483
5475094.795775,77,24754.552841
5502120.45477,77,24755.982566
5409033.80931,80,24757.483382
5464622.891649,38,24758.169126
5429540.881732,36,24758.870537
5451700.49493,80,24760.356044
5461376.406806,79,24761.887812
5434477.742178,79,24763.466434
5424521.910053,83,24765.118188
5384825.430759,83,24766.750996
5374688.844757,74,24768.247802
6421118.468058,110,24770.47275
5444797.832618,37,24771.208818
5477196.471261,68,24772.631026
5484187.889502,69,24774.052618
130713.162591,250,24778.986541
5485861.846386,78,24780.537022
5463852.453427,88,24782.321737
5418473.210678,74,24783.828373
5493851.755703,55,24784.942638
5540407.728315,48,24785.910868
5438014.379283,86,24787.672205
5483062.475356,73,24789.160062
5509848.627458,45,24790.079465
5464360.055373,73,24791.540854
5481404.225067,76,24793.053421
5476093.444547,72,24794.516757
5494428.445129,49,24795.494038
6350492.846391,108,24797.709745
5481963.72739,34,24798.410924
5510007.994054,88,24800.250287
5398169.416537,88,24802.096159
5553395.542484,82,24803.790724
5498551.467812,40,24804.602688
5517411.680936,82,24806.265017
5743486.184492,90,24808.047578
5473849.594392,33,24808.68211
5464188.358409,35,24809.37051
5507117.924408,69,24810.775585
5449359.748793,35,24811.460578
5450143.254635,41,24812.299878
5416584.152868,91,24814.114498
5433061.908193,37,24814.864777
5474633.703499,80,24816.518864
5473330.428218,62,24817.835993
5436097.905809,88,24819.590857
5450981.257755,77,24821.142287
5607847.017623,42,24821.964209
5458277.988716,37,24822.680691
5493891.00383,64,24823.921544
5511080.809964,59,24825.068931
5518262.75816,87,24826.720767
5500185.674839,52,24827.747151
5420851.138559,39,24828.516558
5504999.066295,93,24830.327585
5477395.26473,39,24831.130405
108153.806988,250,24835.956909
5391852.78181,87,24837.633355
5446230.336237,33,24838.286042
5827538.387961,108,24840.333164
5547921.28865,79,24841.845198
5437518.487938,86,24843.509251
5532243.35274,72,24844.939986
5476469.424241,82,24846.594788
5471465.489429,75,24848.123283
5502340.914781,82,24849.715839
5452073.388742,32,24850.351121
5831902.265195,47,24851.219765
5476622.462033,36,24851.948333
5452045.950011,86,24853.606806
5661391.934863,64,24854.916535
5454526.974179,37,24855.615762
5490961.133493,74,24857.047427
661616.511654,250,24861.969043
5445229.515534,83,24863.578646
5520918.84323,70,24864.982884
5503209.357524,74,24866.457408
5499583.589761,79,24868.041858
5485293.053447,35,24868.758125
5483535.873214,77,24870.265944
5445536.537678,33,24870.882727
5437532.562706,37,24871.589913
5469283.684372,74,24873.019068
5524918.792727,65,24874.314564
5497209.024284,61,24875.544103
5505009.714162,73,24876.96105
5473792.734621,71,24878.383458
5471401.482473,73,24879.85621
5457975.211108,40,24880.650647
5858714.677818,117,24882.853322
5472905.092247,38,24883.590887
5429894.391631,35,24884.296689
5492953.892957,71,24885.672028
5427708.552932,84,24887.375121
5994331.377483,106,24889.266427
5471175.316268,70,24890.481704
5485910.76422,68,24891.683307
5470562.162356,69,24892.879489
5488887.469032,52,24893.900265
5477666.128372,68,24895.160724
5612620.340006,71,24896.411149
5475238.306049,62,24897.571656
5491032.848963,81,24899.1265
5388398.805927,85,24900.707277
6175442.340129,97,24902.549589
5504938.059043,64,24903.642911
5463138.39966,41,24904.37854
5482091.876132,39,24905.12846
5420420.433365,104,24907.172872
5492915.369205,55,24908.141285
5496343.768133,73,24909.426487
5424864.343608,88,24910.987607
5462459.668458,40,24911.709706
5666413.257664,48,24912.584705
5653139.384599,47,24913.473752
5428929.475477,32,24914.098876
5450840.222978,52,24915.032391
5452489.990812,72,24916.452768
5508621.154364,59,24917.48668
5427163.374715,82,24918.984707
5532113.488507,84,24920.408583
5495666.117094,41,24921.147047
5427800.951896,39,24921.851144
5439944.985801,31,24922.436798
5461703.416603,37,24923.094767
5367670.687345,82,24924.62976
5471926.979624,71,24925.885929
5471858.811014,73,24927.184901
5484143.233275,72,24928.465157
5481941.627213,72,24929.811572
5496538.094888,42,24930.577168
5464702.346731,73,24931.949965
5486559.73688,66,24933.185681
5489200.397513,78,24934.608587
5419147.93164,89,24936.367664
5517534.335246,85,24937.788165
5446506.199843,82,24939.252598
5560029.002354,84,24940.793339
5469060.089501,45,24941.629779
5502052.652345,67,24942.912781
5506463.867412,68,24944.285964
223284.351395,250,24948.715149
5870195.407094,73,24950.035008
5502234.09092,69,24951.29746
5456562.734285,34,24951.921452
5467532.416145,83,24953.418211
5458824.523866,78,24954.85246
5524003.425118,42,24955.613457
5745524.486571,91,24957.296313
5424911.304203,29,24957.843812
5506082.630189,69,24959.115943
5465777.938487,76,24960.532654
5439876.968495,85,24962.144834
5479008.401075,59,24963.265535
5512079.389625,90,24964.9843
5458425.64003,36,24965.661374
5455360.071227,38,24966.362447
5450122.683561,32,24966.960912
5791107.923006,92,24968.618891
5469142.879619,46,24969.479002
5487136.182929,70,24970.824376
96389.757922,250,24975.46412
5589792.74202,42,24976.236719
5456799.964601,33,24976.860188
5506277.186476,76,24978.241149
5467896.300435,48,24979.160961
-15082.073273,222,24983.260211
5447348.184161,76,24984.647322
5420812.461641,33,24985.297688
6019025.137772,63,24986.506909
5471803.664041,64,24987.694971
5443794.196634,33,24988.302189
5508474.392573,75,24989.692979
5490767.56244,43,24990.489753
5420478.84082,23,24990.922448
6051271.399372,111,24993.00673
5462899.086148,82,24994.527763
5492539.924785,48,24995.419418
111691.281604,250,25000.045204
5505233.695519,38,25000.79093
5378312.993178,85,25002.432512
5469677.381607,40,25003.219432
5512378.905878,81,25004.862909
5463552.622941,38,25005.602987
5439133.796268,78,25007.15258
5820325.438095,69,25008.504961
5421803.650127,83,25010.158355
5448017.582517,37,25010.893869
97443.619214,250,25015.868682
5436327.967485,33,25016.504711
5458250.01093,41,25017.31368
5459021.674854,32,25017.932341
5362336.92368,81,25019.562648
5480760.761885,75,25021.066657
5453124.869599,36,25021.793532
5448534.481413,84,25023.499426
5426131.30553,28,25024.052551
5485306.311072,75,25025.556189
5499385.746424,70,25026.924789
5469622.084239,76,25028.445904
5466565.593441,37,25029.182952
5453602.086794,85,25030.880513
5477323.261294,53,25031.915249
5528613.308282,80,25033.496393
5415860.142147,83,25035.16487
5514316.362196,75,25036.707374
5452888.818181,29,25037.277025
5454547.450686,81,25038.868875
5494943.680601,42,25039.717712
5389273.190048,86,25041.435096
5810278.613003,54,25042.501247
5451960.279363,70,25043.859433
5895437.057879,87,25045.62147
5469260.139963,78,25047.122277
5366164.350285,85,25048.773298
5456469.950858,54,25049.85114
5450818.553226,34,25050.531833
5435116.502348,32,25051.133126
5643147.492441,130,25053.724265
5454427.790785,35,25054.419928
5470414.078451,35,25055.136922
5502560.501354,49,25056.109834
5483404.185438,88,25057.877268
5444716.272016,32,25058.507327
5466058.849083,42,25059.33013
5475087.656985,58,25060.463503
5475389.646132,62,25061.703108
5383513.606616,80,25063.243123
5475075.593049,79,25064.849131
5415339.172678,81,25066.397197
5452755.394936,76,25067.810998
5435279.329981,75,25069.28267
5451328.669819,77,25070.712247
5481598.766307,56,25071.761322
5480138.442624,49,25072.705099
5473798.151764,73,25074.078008
5430914.425305,79,25075.619281
5493832.746746,64,25076.863888
5476342.851974,51,25077.932081
5478226.318602,72,25079.233207
-105285.59986,16,25079.52294
5446988.269122,79,25081.065483
5455960.683295,42,25081.948065
5453511.2769,30,25082.488707
5448730.336585,34,25083.155325
5453879.675695,42,25083.929291
5505522.227416,79,25085.375172
5460337.051712,35,25086.009928
5434079.155874,78,25087.555517
5431301.320242,32,25088.167505
5473747.699361,89,25089.992312
5756501.80788,94,25091.706843
5517487.451996,75,25093.285386
5698603.304534,49,25094.335334
5511447.982339,56,25095.747316
5757354.90377,97,25098.249285
5499126.107276,78,25100.181889
5457473.753105,36,25101.040013
5800578.185161,100,25103.51404
5436965.829488,85,25105.607586
5455740.384216,30,25106.39918
5497816.818943,71,25108.213949
5463368.72827,83,25110.380619
5454726.415793,47,25111.533778
5452846.480134,38,25112.559427
5455431.796537,73,25114.41717
5540711.486614,64,25116.103678
5488772.450103,53,25117.467746
5490923.067808,70,25119.191706
5373010.996363,80,25121.222452
5416884.765554,74,25123.22717
5454598.869375,91,25125.704059
5513440.511006,87,25128.066569
5451518.114969,53,25129.500524
5462570.785365,31,25130.41013
5649997.134245,74,25132.196866
5472628.782298,61,25133.742553
5471173.280198,57,25135.1896
5580217.013888,41,25136.232188
5478567.858673,41,25137.335689
5752996.340665,97,25139.826799
5431865.773533,27,25140.436037
5441951.02187,37,25141.328327
5490150.929284,68,25142.912174
5464549.606076,85,25145.031976
5404733.409653,83,25147.458145
5522567.582576,57,25149.052979
5451838.143909,40,25150.094629
5476001.997755,68,25151.857429
5432435.589753,31,25152.632984
5438558.311049,33,25153.464401
5771200.520882,54,25154.86897
5431524.26605,30,25155.677056
5472143.453721,32,25156.467792
-109745.009641,29,25157.199961
5470724.313546,45,25158.391473
5543764.728808,38,25159.435608
5453058.961315,34,25160.539291
5447371.851026,74,25162.358587
5437020.855196,33,25163.219807
5471156.640392,70,25165.016255
5455800.757997,62,25166.639904
5415900.061416,26,25167.498785
5459249.016614,75,25169.434505
5490561.897336,85,25171.73148
5431889.676638,85,25173.979338
5475104.876599,68,25175.871628
5486224.489909,72,25177.75881
320850.984585,250,25183.125207
5485325.523498,42,25183.88067
5427982.100097,80,25185.4213
113648.09508,250,25190.124058
6432034.547045,83,25191.695256
5404049.558552,82,25193.247075
5873030.272269,98,25195.122972
5492316.743237,69,25196.44367
5434840.92943,32,25197.019137
5446040.858115,44,25197.850759
5486602.809952,36,25198.528564
5457542.581145,37,25199.227921
5502083.352228,74,25200.691124
5453134.410244,75,25202.107222
5492426.384897,72,25203.444086
5508282.53502,74,25204.833486
5471748.842701,49,25205.767648
5453763.748267,31,25206.335713
5441215.057445,30,25206.892313
5486144.019127,37,25207.592434
5485170.647531,56,25208.665984
5468210.877424,34,25209.317685
5453188.564069,40,25210.062823
5466946.341147,32,25210.671453
5454360.274517,52,25211.640839
5447495.340372,85,25213.269368
5472214.948087,66,25244.930729
5454284.382251,75,25246.40398
5523468.933171,70,25247.787673
5484090.886693,33,25248.440123
5502628.06622,67,25249.756238
5534834.13698,91,25251.586676
5450850.688737,32,25252.228349
5460066.432203,83,25253.867814
5459334.72178,61,25255.097221
5463298.364333,75,25256.607405
5505177.810009,53,25257.691326
5606215.138809,84,25259.374367
5491844.448665,72,25260.930589
5420698.937176,28,25261.447886
5462095.240696,86,25263.002365
5454341.20452,36,25263.753525
5385900.935647,78,25265.202167
5480396.55569,81,25266.715948
5443290.384782,81,25268.283587
5589042.567351,53,25269.324232
5682864.496078,50,25270.3412
5461639.824221,30,25270.889206
5466873.760919,78,25272.440738
5442641.524417,85,25274.086045
