#{"t_start": 1761689074.9439843, "env_id": "PulleyEnv-v0"}
r,l,t
-92592.038188,28,1.357591
-72920.892083,53,1.666123
-78187.525941,60,2.194016
-94221.919059,23,2.401923
-63449.974004,49,2.913936
-50604.226335,117,3.928399
-106269.885333,23,4.098686
-70876.407249,77,4.791408
-149709.229988,31,5.018332
-200953.443571,29,5.233468
-95769.709676,18,5.392845
-33945.68458,113,6.253726
-93169.077547,21,6.413444
-162794.86912,13,6.505747
-79081.439934,39,6.887465
-157614.577972,15,7.016512
-178929.726901,29,7.278886
-57243.018839,52,7.804856
-172566.287949,15,7.942397
-88867.954147,37,8.264688
-78165.317537,45,8.708586
-92445.396695,16,8.852265
-77968.020534,42,9.23165
-160828.482148,13,9.336574
-91836.457465,18,9.47647
-81098.960914,27,10.070657
-128717.102398,131,13.882062
-156058.25413,14,14.186792
-88313.796633,118,16.929195
-125977.470576,16,17.390255
-79736.528915,56,18.833112
-95809.563839,12,19.106073
-66918.130747,51,20.292454
-78786.141153,40,21.328825
-77303.087476,32,22.069987
-161729.145797,27,22.750262
-107527.411996,24,23.298385
-107077.637574,62,24.823547
-73908.244583,32,25.551129
-96114.034752,10,25.79092
-91776.827217,22,26.281178
-101906.812691,51,27.541664
-192642.8522,33,28.384511
-44918.704108,80,30.302632
-81275.489863,58,31.762167
-74225.498043,56,33.216377
-87108.944641,18,33.648991
-141507.331233,49,34.946054
-158034.027168,27,35.595892
-92181.950756,22,36.174212
-81333.922989,44,37.269807
-81525.962612,55,38.614241
-67507.342582,42,39.635092
-84198.076784,33,40.436442
-77239.238499,53,41.739894
-52944.658026,149,45.401588
-126814.961692,44,46.487311
-85364.655232,35,47.385736
161331.980529,250,53.556738
121084.565832,250,59.883124
119229.55743,250,66.128681
258266.507686,250,72.320406
119103.344316,250,78.566089
201344.348679,250,84.823303
269789.116992,250,91.032478
112859.251203,250,97.250125
257129.583916,250,103.52435
92025.672282,250,109.639865
118613.189925,250,115.906027
248621.943853,250,122.115669
62224.700702,250,128.406555
224023.836447,250,134.87761
210239.648189,250,141.337206
141642.301733,250,147.745036
127147.786586,250,154.261638
88288.384926,250,160.671756
308655.355826,250,167.083702
137911.879947,250,173.666902
286885.484049,250,180.21196
186535.39368,250,186.794872
141906.206399,250,193.416468
314073.299331,250,200.04706
475510.84435,250,206.716433
391304.409624,250,213.235405
95515.379102,250,219.72744
94792.004191,250,226.053176
609934.866823,250,232.397094
481810.732707,250,238.646179
657818.583047,250,245.13518
555608.013003,250,251.627092
516091.400771,250,258.085626
408158.164933,250,264.482075
375670.359118,250,270.973523
711068.308958,250,277.400919
570735.306493,250,283.70303
702645.1263,250,289.915845
785093.236572,250,295.846236
650864.963857,250,302.180084
731761.861988,250,308.387001
516601.535461,250,314.607853
1019451.910101,250,320.677686
571540.138265,250,326.796537
940872.670676,250,333.054995
1807171.996596,250,339.308961
852776.094856,250,345.367556
1191386.088295,250,351.68072
1845637.011072,250,357.956915
243129.18523,250,364.265482
1622950.590947,250,370.324975
1101316.051362,250,376.678013
689660.652981,250,382.960058
1742846.256697,250,389.210673
1219950.651419,250,395.662303
1714057.04577,250,401.761821
1598768.483506,250,408.24166
1153841.465031,250,414.733715
2026493.686605,250,421.207953
1225730.157207,250,427.717302
1648994.457656,250,434.162358
2500584.852214,250,440.63011
1048679.216056,250,447.222033
1707545.404477,250,453.776399
2352235.338685,250,460.288926
1361131.4898,250,466.73097
2282669.213876,250,473.059782
1064848.501854,250,479.357389
712647.707579,250,485.552656
3011716.824088,250,491.807844
2547573.358247,250,498.001956
1989102.857735,250,504.300173
1294893.12455,250,510.595624
2521166.505713,250,516.606976
2406174.70678,250,522.993168
1346700.762082,250,529.186355
2195781.415272,250,535.610989
2089190.404881,250,541.845364
1288800.853329,250,548.317999
2396216.680154,250,554.648212
2625157.612235,250,560.901169
2540068.714273,250,567.057442
2652837.015372,250,572.907432
1814455.524727,250,579.060088
2442291.128752,250,585.189037
2936307.893482,250,591.347488
1654003.508876,250,597.930051
2537208.567905,250,604.493
2258063.350699,250,610.743911
2619076.306219,250,616.963434
3026252.919861,250,623.308574
2945201.645413,250,629.483479
3204333.247999,250,635.896944
2768552.447943,250,642.311455
3039165.574977,250,648.803459
1446998.609381,250,655.134151
3438714.50967,250,661.498034
1991137.450699,250,667.947309
3210792.306222,250,674.243874
1963640.659007,250,680.77145
1775457.684782,250,687.161057
1832279.149377,250,693.528254
2712689.658535,250,700.058334
1894917.737613,250,706.407585
1999446.575213,250,712.827803
3223866.965834,250,719.08284
2559615.222118,250,725.38232
2780265.005151,250,731.770241
1966200.566156,250,738.133105
3196870.872042,250,744.557119
2840786.729738,250,750.958531
2958260.242985,250,757.142444
2816732.478028,250,763.256917
3407378.988318,250,769.463618
2806951.349126,250,775.534993
3147614.959869,250,781.912714
3737509.29023,250,788.085185
3368743.883403,250,794.158937
3229273.116154,250,800.491937
3184966.405262,250,806.830467
3554204.067777,250,812.930727
2976390.252365,250,819.178134
3245953.775431,250,825.347462
2831844.078998,250,831.811954
3099045.036184,250,838.115767
3272465.715481,250,844.486103
3412205.621042,250,850.670493
3519807.385886,250,856.737075
2897103.089081,250,863.138149
3334556.754479,250,869.51645
2438878.60924,250,875.885743
3553354.21251,250,882.245768
2514160.24553,250,888.71317
3742795.838147,250,895.123841
2819133.998146,250,901.612339
2358781.119666,250,908.217729
3399655.295484,250,914.572325
2132234.663224,250,921.084106
3498946.334586,250,927.791603
1961205.788407,250,934.370533
2987490.258729,250,940.800441
2935425.894118,250,947.06889
3284448.698078,250,953.306488
1816404.384389,250,959.579315
3768466.226588,250,965.784631
2218923.316419,250,972.044611
1646409.064418,250,978.439407
2647796.094652,250,984.526068
3467649.577528,250,991.098824
3791280.590154,250,997.516301
3919965.26449,250,1003.906557
3152153.872595,250,1010.165376
2942633.710466,250,1016.445749
3721713.26772,250,1022.797382
3141419.7171,250,1028.865532
3229953.386838,250,1034.994916
1834665.555661,250,1041.165744
3422740.365957,250,1047.501356
3282138.330087,250,1053.610531
3136342.595696,250,1059.581062
2816379.305043,250,1065.904346
3232138.635868,250,1072.098391
3340959.583649,250,1078.393427
4026138.890784,250,1084.71326
3241799.589728,250,1090.929087
3091363.462249,250,1097.273599
8195964.78485,195,1102.237223
3609367.426357,250,1108.570805
2621313.152721,250,1114.839953
3372069.708648,250,1121.207584
2763240.964641,250,1127.798373
3684426.257751,250,1134.255506
3895732.719434,250,1140.757803
4065015.065211,250,1147.199802
3074437.665691,250,1153.769746
3827881.717334,250,1159.989666
3831453.529048,250,1166.458556
3243268.841684,250,1172.976737
2854751.03749,250,1179.442737
3689605.812131,250,1185.943518
2527259.798746,250,1192.112785
3542853.637957,250,1198.632618
2762123.303038,250,1204.973414
2967111.506109,250,1211.20832
2461770.237828,250,1217.648972
3095548.324145,250,1223.648804
2979203.699958,250,1229.88688
3100528.508935,250,1236.099486
2628438.403555,250,1242.490035
3223568.369101,250,1248.699705
7796130.71349,207,1307.366932
3759740.277728,250,1313.756402
3169968.119174,250,1320.06971
2964985.82088,250,1326.51231
3377788.841648,250,1332.878157
2730726.129024,250,1339.10209
8034455.950998,183,1343.711326
3723458.019248,250,1350.084506
3514147.259467,250,1356.489394
3971761.820679,250,1362.888828
3634322.805846,250,1369.484762
3878717.894775,250,1375.878507
7117063.134664,153,1379.944244
3504498.506143,250,1386.547857
2957614.516606,250,1393.123676
2754285.485041,250,1399.605233
3198453.256284,250,1406.213841
3042191.805482,250,1412.766824
3231885.916326,250,1419.109987
3349593.294588,250,1425.495901
2955582.944467,250,1431.9838
3431388.046513,250,1438.335462
3575504.861745,250,1444.845184
3329599.828842,250,1451.209316
5762001.271011,98,1453.633786
3050566.971553,250,1460.003067
3970592.818721,250,1466.248735
4243659.576529,250,1472.612551
2567048.890396,250,1478.788784
3514754.612256,250,1484.999055
3885017.816815,250,1491.092723
2570719.413206,250,1497.426242
3402122.297653,250,1503.760444
2697127.17827,250,1510.160318
2996628.841524,250,1516.255271
2990620.707199,250,1522.530424
2480681.051692,250,1528.844094
4010067.729475,250,1535.135055
2526007.04912,250,1541.31875
2763966.004546,250,1547.814003
2966689.583878,250,1554.107775
4250558.96871,250,1560.59183
2409350.105151,250,1566.828495
3231442.506846,250,1573.169191
3337653.003169,250,1579.363164
2688367.808629,250,1586.114792
4459401.952843,250,1592.660452
2760395.193284,250,1599.209076
3651157.228897,250,1605.732555
3067368.831853,250,1612.253207
3041632.688145,250,1618.689977
3293174.007691,250,1625.27177
3163713.397406,250,1631.591457
3305552.183223,250,1638.081111
7465385.944162,143,1641.712439
3186178.214157,250,1648.362675
3254904.707163,250,1654.989364
3654653.768233,250,1661.515302
3482678.544393,250,1667.988104
2213784.314115,250,1674.43928
7005509.242567,170,1678.864063
3816761.993842,250,1685.384501
4270203.491601,250,1691.851012
2756616.22616,250,1698.10754
2344378.886099,250,1704.553358
3240084.566671,250,1711.515785
3058674.082288,250,1716.120126
4288154.81695,250,1720.401565
3798761.802713,250,1725.06422
2720133.640904,250,1729.649649
3002557.53349,250,1734.563262
3180972.180242,250,1739.380951
3372654.610881,250,1744.200671
3548731.363964,250,1748.802541
2386840.858705,250,1753.654342
3396271.617663,250,1758.135804
2449566.228062,250,1762.866212
3744938.315294,250,1767.550931
3058986.809361,250,1772.160359
6306453.988446,112,1774.254894
2739462.016894,250,1779.173659
2401556.101203,250,1784.12671
3062435.489089,250,1788.85725
3470054.807438,250,1793.707007
2790082.886781,250,1798.534278
3518569.922295,250,1803.368932
3563412.837923,250,1808.211143
4073860.737098,250,1813.065255
2941442.990739,250,1817.831199
5657875.955273,93,1819.640518
2786059.361429,250,1824.408689
3002070.361768,250,1829.20642
5419033.425464,86,1830.880032
2818739.046931,250,1835.67081
2636447.834106,250,1840.495647
3310185.918782,250,1845.169547
5714366.411034,102,1847.015544
4210879.077956,250,1851.568484
1848268.031859,250,1856.079075
3732577.89298,250,1860.686935
4310328.484059,250,1865.166056
6151494.14637,120,1867.356256
2967309.213043,250,1871.82972
3393901.857103,250,1876.302577
2632354.124516,250,1880.978437
2347506.70315,250,1885.464438
2115329.721734,250,1890.007212
3680058.637645,250,1894.526924
3235102.1899,250,1899.092836
2946783.276828,250,1903.664578
3925842.35778,250,1908.185787
3061963.166335,250,1912.70636
3958423.702402,250,1917.285343
2074041.485114,250,1921.832568
3097442.148369,250,1926.413345
3866636.408947,250,1931.098717
4098435.523007,250,1935.608172
8785114.038953,245,1940.091816
2139836.65587,250,1944.655099
2529399.609054,250,1949.100057
2827330.733956,250,1953.520137
3448978.979567,250,1958.060948
836328.925864,250,1962.683518
2508801.748194,250,1967.418951
7166301.279996,124,1969.876864
3994932.832948,250,1974.848654
1600488.624776,250,1979.804485
2848653.511299,250,1984.718777
3940356.194456,250,1989.650316
7192887.939788,139,1992.361239
2077341.75544,250,1997.288502
2330423.669017,250,2002.202423
4421891.993074,250,2007.062193
2683019.795311,250,2011.827958
4303096.683312,250,2016.730628
2678975.833718,250,2021.62598
2960902.306678,250,2026.484785
3560838.169591,250,2031.277899
2849571.876631,250,2036.131911
5821130.828203,94,2037.931288
3375534.748634,250,2042.680067
5764823.730699,99,2044.572913
5495844.374188,48,2045.519581
3138255.770639,250,2050.366288
4013632.997621,250,2055.154538
2902120.521656,250,2059.933935
2638159.793023,250,2064.846436
2672933.855369,250,2069.765052
-116143.096246,22,2070.195623
7482494.416944,207,2074.246551
3392105.106002,250,2079.116575
3361143.461372,250,2083.848543
2577130.191345,250,2088.346507
1884703.801055,250,2092.981972
2332201.418168,250,2097.535308
1975538.618906,250,2102.102786
2681700.822494,250,2106.798355
2779580.006388,250,2111.343608
2677919.83321,250,2115.868213
2563515.963511,250,2120.559296
7597079.036825,192,2124.040552
3270245.893252,250,2128.509754
6282576.63284,76,2129.852514
4007750.243277,250,2134.26898
2763126.07225,250,2138.859985
1968551.865345,250,2143.354613
3290790.736772,250,2147.87987
2669714.008012,250,2152.396723
2437503.097101,250,2156.89292
3075144.567917,250,2161.357595
3002096.320167,250,2165.9975
2973234.678272,250,2170.685953
2904927.478617,250,2175.249085
3366872.127572,250,2179.870839
6413504.444878,125,2182.215588
2777094.440681,250,2186.743684
2267237.843531,250,2191.228873
5418269.080515,85,2192.763753
8193759.283223,219,2196.81501
3369364.579643,250,2201.347934
2347631.848323,250,2206.132659
3155273.353876,250,2211.019099
2554618.074127,250,2215.93092
6261236.124971,151,2218.812894
3220300.156741,250,2223.671457
2052497.847577,250,2228.511474
2849055.947179,250,2233.297325
3735146.183483,250,2238.198148
6332302.153319,150,2241.114756
3421218.776904,250,2245.977135
2710607.614661,250,2250.797101
2541359.747428,250,2255.696126
2505716.653822,250,2260.622903
3220603.217338,250,2265.467021
2994908.854868,250,2270.432365
2658959.497985,250,2274.929304
3032487.744909,250,2279.432527
2780987.105642,250,2284.017936
2188570.075271,250,2288.789464
7882196.18739,220,2293.003024
3191089.601766,250,2297.743445
3220504.131105,250,2302.5356
4200746.632236,250,2307.255079
6330349.832436,127,2309.64142
2462224.564394,250,2314.477196
6188701.784082,130,2316.985973
3541227.215584,250,2321.771676
2481572.103101,250,2326.356629
2152846.721673,250,2330.986012
2821279.777275,250,2335.558252
6518839.114256,138,2338.074527
3642441.244673,250,2342.659293
2981706.203435,250,2347.258476
3398092.417822,250,2393.180985
2675598.453176,250,2397.788246
4171405.454536,250,2402.339395
4117553.898021,250,2407.013559
3351103.334947,250,2411.608411
2317430.106282,250,2416.206641
5798167.532705,96,2417.921295
6057673.514721,114,2419.956521
2873773.951025,250,2424.48645
3064247.671163,250,2429.08763
5533666.747027,74,2430.43349
883379.524667,250,2434.977482
2579672.317964,250,2439.650265
3013504.719983,250,2444.367317
2988746.874228,250,2449.206279
3490304.536035,250,2454.093851
3511876.070402,250,2458.975378
3525301.309028,250,2463.777277
1838965.84516,250,2468.650172
5696920.804137,58,2469.794845
1856551.039669,250,2474.699386
5533810.689487,84,2476.353334
3049013.762373,250,2481.255741
3019350.438381,250,2486.097703
2638972.557272,250,2491.122898
2821093.950066,250,2495.975065
5992533.72544,58,2497.125678
2009561.670072,250,2501.988828
4060152.817163,250,2506.767439
1230347.906857,250,2511.560927
5735993.762793,42,2512.38156
2286272.24361,250,2517.239028
2796359.669272,250,2522.037342
1835476.515712,250,2526.760949
3509758.951017,250,2531.540227
2744284.562102,250,2536.325075
2091180.468529,250,2541.117179
3893190.417722,250,2546.016919
4446622.135521,250,2550.844362
5776362.693056,49,2551.782452
1929940.376876,250,2556.59868
1174243.258763,250,2561.43639
2171653.461991,250,2566.027797
1854213.864498,250,2570.627817
2837011.692969,250,2575.193477
2009205.232791,250,2579.736611
2516582.093678,250,2584.367049
737638.254002,250,2588.905421
7193063.40425,131,2591.379976
2619122.427406,250,2595.886934
7082497.533173,143,2598.439085
1197673.932478,250,2603.053183
3671599.477608,250,2607.630044
4325599.838073,250,2612.276037
4010038.098356,250,2616.815317
-161838.978293,23,2617.222658
2131648.214448,250,2621.863805
3233514.471635,250,2626.349046
1564410.837128,250,2630.860895
2178345.640571,250,2635.458928
3224834.135525,250,2639.945912
1771671.436425,250,2644.507511
1838328.140484,250,2649.040653
2782551.525383,250,2653.621507
4077443.645788,250,2658.103544
3402296.12507,250,2662.560512
3196828.53539,250,2667.082599
2961940.201506,250,2671.604544
1790584.27317,250,2676.227965
1915369.914185,250,2680.801935
8112782.101057,199,2684.609594
2019938.971674,250,2689.444843
1851233.741961,250,2694.38359
5477341.577344,36,2695.092552
1633105.761722,250,2699.96243
2321428.671915,250,2704.832101
3718650.288568,250,2709.724925
5439276.221884,80,2711.265737
1834147.044854,250,2716.107236
2991268.448819,250,2720.976191
1749551.89291,250,2725.921311
3222583.881256,250,2730.871925
2483906.8767,250,2735.748774
3999519.143665,250,2740.636246
1759992.078594,250,2745.43309
2084602.106873,250,2750.317199
2292315.816251,250,2755.15576
741221.915031,250,2759.927567
2929191.877911,250,2764.725899
2497803.229113,250,2769.528407
8044419.421746,215,2773.679842
2691610.627325,250,2778.587021
4038370.244563,250,2783.331809
4084494.506598,250,2788.185558
1948221.034856,250,2792.843987
7178056.028384,118,2795.137918
1972818.640424,250,2799.995962
1908318.501649,250,2804.688171
1346762.428564,250,2809.180037
2989688.13844,250,2813.743821
7291359.634768,131,2816.183687
2265621.19537,250,2820.749919
2017299.384845,250,2825.458439
1009227.313379,250,2830.178129
1830541.509452,250,2834.707088
2608648.772537,250,2839.210407
7898324.054722,215,2843.121406
1848487.924351,250,2847.666179
2349870.228942,250,2852.122175
4103099.988894,250,2856.670127
1967766.725113,250,2861.198742
2086693.552581,250,2865.856514
6134850.266132,104,2867.688773
1854815.581699,250,2872.259337
1748526.503236,250,2876.69243
3116713.273078,250,2881.139578
3298370.341614,250,2885.625204
1990356.026791,250,2890.232971
2543268.853413,250,2894.7551
1643666.726049,250,2899.375574
2457261.390995,250,2903.891233
3932943.999742,250,2908.413557
2883389.313731,250,2913.033156
2150831.101728,250,2917.586159
2148385.688974,250,2922.277474
2084139.829542,250,2927.131446
5597085.214736,88,2928.88373
1837352.247175,250,2933.780917
5672754.39575,72,2935.192352
1729483.219199,250,2940.018005
1971532.693069,250,2944.891587
3900592.820665,250,2949.801291
3950038.405314,250,2954.68193
1960674.558159,250,2959.629276
1705519.149959,250,2964.504968
1657331.495728,250,2969.313759
1991554.947224,250,2974.264851
3294236.138534,250,2979.155052
2734732.630368,250,2983.922807
1847208.739413,250,2988.767678
6409979.865809,126,2991.151761
2784373.414226,250,2995.973503
3599641.545321,250,3000.751942
5755788.952647,100,3002.686834
5565297.797715,77,3004.156601
5809003.965934,108,3006.174328
1672856.825963,250,3011.06054
2333853.231444,250,3015.784532
1713856.729287,250,3020.636421
2065105.805404,250,3025.440013
8466209.643784,235,3029.853716
7904235.179923,212,3033.94424
1786055.954908,250,3038.7801
1848844.545708,250,3043.450318
1757804.748346,250,3048.031533
8068685.132715,228,3052.30265
2936836.90627,250,3056.935847
2130649.011539,250,3061.478164
3461052.972854,250,3066.093328
3378763.028905,250,3070.832899
1701918.052461,250,3075.388959
1729578.038,250,3079.92504
1651626.806446,250,3084.520715
5670364.492911,85,3086.100269
2070001.901825,250,3090.542057
3279204.72204,250,3095.017676
5945006.070918,107,3096.938797
2032507.94934,250,3101.439587
1493839.579954,250,3106.019037
3181046.729484,250,3110.610323
3396962.409205,250,3115.172866
2131304.255626,250,3119.675242
2483997.927833,250,3124.237552
2798453.867277,250,3128.827969
2299851.118199,250,3133.356577
1726186.544541,250,3137.850264
5623245.429613,96,3139.64219
2419524.80809,250,3144.189688
7139335.042207,153,3146.929015
2342552.946973,250,3151.658038
3179090.961516,250,3156.153623
3376003.99373,250,3160.697851
5981698.510742,76,3162.09422
1771392.670775,250,3166.978604
3132476.523979,250,3171.871793
7360904.02293,166,3175.090198
2127124.590715,250,3179.994194
5802173.628179,62,3181.21231
2032667.823281,250,3186.096712
820209.940515,250,3190.953287
1953315.799717,250,3195.850343
1918017.820908,250,3200.856428
1859399.3594,250,3205.69833
2289076.302988,250,3210.520996
5599773.456747,44,3211.371952
1664174.258733,250,3216.29952
2514042.469936,250,3221.141517
2671217.111452,250,3225.896121
3117291.088832,250,3230.731033
6095442.055778,65,3232.020109
6922210.689028,167,3235.21283
492315.443913,250,3240.00216
1934070.019878,250,3244.844263
2915400.170322,250,3249.692701
2688280.52314,250,3254.521637
6258277.300397,140,3257.250301
7081732.924042,116,3259.491315
8403973.614258,240,3264.151626
5562176.378559,33,3264.78841
3477007.342847,250,3269.61842
3117943.973054,250,3274.490699
2526044.673168,250,3279.296123
2877580.304013,250,3283.96919
1748652.70475,250,3288.508031
1550647.573006,250,3293.0766
2014058.994419,250,3297.744713
2519073.796658,250,3302.3042
3265293.270885,250,3306.910754
2032792.22177,250,3311.512871
2784011.06304,250,3316.10675
5618153.00508,42,3316.877697
1181725.304011,250,3321.488854
2353275.435,250,3325.972717
6349037.465427,127,3328.284783
5661904.034188,96,3330.047374
4262113.21926,250,3376.622475
2035026.950294,250,3381.175968
2573950.617906,250,3385.705435
1643523.13143,250,3390.197191
7467508.801977,191,3393.618005
2775143.194684,250,3398.270994
2409364.26361,250,3402.866715
1913647.985604,250,3407.752019
1839766.352822,250,3412.715513
2485091.196363,250,3417.598563
5439921.066397,31,3418.219024
-179289.990804,17,3418.556369
6008360.402506,114,3420.735368
5713316.898969,51,3421.704294
1463209.027366,250,3426.714921
2326689.303068,250,3431.641663
2326049.876888,250,3436.550684
1707996.084274,250,3441.50979
5800865.341461,113,3443.746518
5583986.940145,85,3445.397037
3704636.989354,250,3450.22927
2331171.598722,250,3455.13195
1369153.68069,250,3460.114655
6248623.146957,124,3462.576586
2592586.377792,250,3467.345446
3902434.941649,250,3472.332444
2249493.544779,250,3477.200026
7295177.671324,145,3479.985362
2413077.345652,250,3484.784129
3520864.931563,250,3489.636874
1994000.975279,250,3494.460122
6475173.824715,144,3497.236859
6905164.722164,198,3501.054402
3064293.986804,250,3505.840144
1907365.319036,250,3510.732263
3981342.814673,250,3515.526924
2039064.493496,250,3520.414759
6440455.945539,80,3521.97598
2676746.963248,250,3526.521425
6626155.245958,96,3528.279347
3206410.614763,250,3532.905692
2510486.484169,250,3537.512499
1760639.30279,250,3542.02959
5414679.221416,25,3542.473978
3759752.979835,250,3547.031014
5434513.234778,46,3547.901956
3650321.433795,250,3552.454459
3559226.802097,250,3556.96103
5578969.025617,76,3558.342229
3102695.468456,250,3562.904404
1905603.22166,250,3567.486434
467340.745918,250,3572.156395
831353.587114,250,3576.738162
3111429.888552,250,3581.290993
2387555.319026,250,3585.860436
1769732.616457,250,3590.372156
1874109.084186,250,3594.936253
5930949.939192,104,3596.817846
7791371.749252,211,3600.622855
2569004.927625,250,3605.175894
1787886.651751,250,3609.732554
2472310.005274,250,3614.228018
7760887.918833,220,3618.376293
2344910.860381,250,3623.042923
807366.463352,250,3627.593308
2406551.744134,250,3632.129961
5422788.243399,83,3633.61459
5728997.856732,104,3635.429688
5462024.719231,37,3636.108429
2567619.434599,250,3640.657018
634161.485733,250,3645.523981
2251604.495495,250,3650.410084
3452905.411949,250,3655.279632
2601306.069099,250,3660.152214
6396000.882701,141,3662.898738
4318005.85896,250,3667.888526
5504862.418683,91,3669.715062
2478906.31021,250,3674.592381
4305732.422832,250,3679.480429
2505879.431346,250,3684.396161
2095163.99052,250,3689.257082
1633243.064525,250,3694.103963
-161283.945451,35,3694.789613
2077983.254851,250,3699.616137
5415668.642851,27,3700.129321
600516.620031,250,3704.948345
5466466.051662,78,3706.423559
5504161.790344,86,3708.101225
2092500.644953,250,3712.999017
2446410.957851,250,3717.902689
1100099.288517,250,3722.752372
1971124.685772,250,3727.629882
5636026.149615,114,3729.859893
1917448.88549,250,3734.662513
2513643.405583,250,3739.541303
1907153.056645,250,3744.396746
6474844.091522,129,3746.86334
1956678.274065,250,3751.586332
2218878.103685,250,3756.3183
5459116.725839,68,3757.600667
1402246.676574,250,3762.430174
5475610.950637,37,3763.116561
2542020.447589,250,3767.677305
6466059.017357,131,3770.086382
5649454.772865,86,3771.639966
5740547.521271,83,3773.149954
5472610.155034,86,3774.6658
5490198.760406,69,3775.934338
3563555.865581,250,3780.512091
1788947.640147,250,3785.090152
6292758.292344,129,3787.511494
3060725.567186,250,3792.058215
1864097.855562,250,3796.5957
2135831.349852,250,3801.148944
1719376.910887,250,3805.697696
5980918.571789,102,3807.602827
2242750.46401,250,3812.217494
5437717.469481,35,3812.8716
5374161.831042,80,3814.372347
2136366.386724,250,3818.998824
6063735.543683,144,3821.61216
3051567.027542,250,3826.127377
1871536.688682,250,3830.729501
2714676.496036,250,3835.284356
1815356.246166,250,3839.798661
5769048.258058,55,3840.763404
5446250.731899,34,3841.394018
6478003.500269,132,3843.8616
1599850.751828,250,3848.394693
6647575.394751,100,3850.186664
1528086.549378,250,3854.700545
1900914.18916,250,3859.379506
2338606.625765,250,3864.043711
2158228.923268,250,3868.61791
2574603.013217,250,3873.128078
5869960.192223,53,3874.114465
2112446.190966,250,3878.659021
1521551.665791,250,3883.295012
1501798.82119,250,3888.183791
2410657.924951,250,3893.063647
5726976.00894,48,3893.993114
2561790.564893,250,3898.81652
5444710.145174,88,3900.469451
-164496.49756,20,3900.86209
2056174.122741,250,3905.842642
2821767.39947,250,3910.72651
6052157.915247,95,3912.565272
275056.547233,250,3917.473302
2266401.539607,250,3922.398509
6722038.298486,98,3924.331309
1776987.347655,250,3929.259207
5406515.333075,73,3930.698226
5465027.763603,44,3931.580004
2380370.80383,250,3936.546765
2850931.615697,250,3941.426014
5636143.600919,96,3943.235349
2631202.749798,250,3948.041515
544792.576613,250,3952.953987
7789194.312379,235,3957.454414
5897200.797056,79,3958.951083
514961.752467,250,3963.761447
2608863.095872,250,3968.561888
7753147.81542,151,3971.463487
3208600.189532,250,3976.31329
5781520.015598,125,3978.701392
71446.608617,250,3983.540006
2657281.516061,250,3988.36209
5461964.465475,36,3989.039775
6610137.834752,92,3990.8291
1652657.912079,250,3995.590455
6699203.080302,176,3998.962588
3519910.725045,250,4003.741167
6639175.698795,116,4005.872118
2083166.310718,250,4010.066069
5444793.447815,28,4010.531673
1209492.487794,250,4014.961805
5854918.134516,65,4016.130776
2520695.353648,250,4020.68359
1715665.333027,250,4025.239505
1776750.729859,250,4029.737428
4434746.181984,250,4034.247977
1965764.789894,250,4038.895522
2016623.357343,250,4043.542192
1967124.7256,250,4047.994011
6682355.240128,154,4050.820665
5450937.187554,70,4052.110678
2143875.548526,250,4056.74744
5445756.863471,34,4057.360239
5621103.025545,96,4059.109422
1941253.644277,250,4063.715309
5996618.879157,121,4065.904204
6582382.457616,99,4067.656347
6389602.156023,78,4069.050422
392455.399335,250,4073.561868
5490484.310149,108,4075.498846
-126796.936458,14,4075.750151
5437513.571905,32,4076.331923
5810395.856976,69,4077.566474
6282172.363553,127,4079.895593
3082236.161101,250,4084.503931
5422836.546458,79,4085.960547
2080316.92356,250,4090.508224
421513.852906,250,4095.023508
3715291.483318,250,4099.655283
6780366.277577,105,4101.559154
1960102.051818,250,4106.108123
2605746.384473,250,4110.642518
5419379.314507,28,4111.186351
3343162.911597,250,4115.814302
5402381.145297,77,4117.208422
7246439.714628,237,4121.527384
5439117.315021,43,4122.330871
667487.134634,250,4127.278392
6865936.927723,166,4130.507664
1216994.431035,250,4135.318251
608456.541098,250,4140.247713
2325877.188157,250,4145.168994
5499394.964603,56,4146.251549
5403828.862752,79,4147.784199
1700596.949536,250,4152.604309
6492694.741555,172,4156.02341
2713637.085137,250,4160.971087
5432684.380425,27,4161.500162
1203306.564853,250,4166.356064
2626534.508044,250,4171.194947
5547547.273002,49,4172.157512
2059495.224959,250,4177.093653
5525895.70686,56,4178.179778
608743.643258,250,4183.050645
5518184.734698,56,4184.18243
5455108.688743,41,4184.970689
5703733.142368,70,4186.354905
1760903.264454,250,4191.192296
5477311.973229,48,4192.125841
1509134.802618,250,4196.944132
2131174.43425,250,4201.806011
6077496.002432,70,4203.157602
5386744.285488,95,4204.990555
5618575.949698,55,4206.064385
5901687.467157,121,4208.328514
7954257.824247,247,4213.100396
855053.65613,250,4217.948074
5854939.550786,113,4220.097827
7228635.244151,130,4222.61771
5560362.649854,35,4223.272871
5519562.398324,65,4224.482988
5624515.248632,61,4225.694838
1367241.665772,250,4230.547324
5747155.037005,47,4231.458869
5436361.38052,30,4232.059271
376638.670877,250,4236.902965
215528.785688,250,4241.742866
5592066.931665,48,4242.59554
5422559.449453,34,4243.190325
5948100.2925,81,4244.868943
5414531.036943,80,4246.388751
1726425.379055,250,4251.096978
5504041.550686,68,4252.372406
3290355.830016,250,4256.930634
5456338.746331,31,4257.487638
2410219.882893,250,4262.069644
5412760.174274,81,4263.518478
7343012.433729,215,4267.502554
5476571.499282,41,4268.274085
5433661.236616,77,4269.665895
746565.838924,250,4274.289335
2559501.88656,250,4278.839818
2290228.748523,250,4283.333802
414783.467283,250,4287.804816
5497232.310904,70,4289.088922
6293209.442943,101,4290.918499
1802634.360185,250,4295.571526
1863584.082018,250,4300.117887
1432973.860661,250,4304.671036
5657618.8285,83,4306.208774
1810025.719919,250,4310.867114
5554862.503471,34,4311.496627
5444757.695466,31,4312.033867
5474064.662813,82,4313.544268
245138.92676,250,4318.123353
205988.528671,250,4362.107072
5838761.592577,56,4363.180923
480153.450879,250,4368.047474
2238268.630603,250,4372.943191
6480703.620886,118,4375.283946
3427313.449076,250,4380.113475
5493402.809126,30,4380.693601
1216986.218988,250,4385.610815
1892202.690736,250,4390.503944
5505569.510238,37,4391.227693
1930621.777134,250,4396.063669
2021635.207411,250,4401.007833
5592179.648231,56,4402.120246
2096803.680173,250,4407.006295
2035631.013593,250,4411.85622
5609800.303414,73,4413.379501
1125740.903683,250,4418.333673
5445750.758452,34,4418.984126
1381514.108314,250,4423.767794
621692.629619,250,4428.471666
90101.553338,250,4433.334932
6592752.918015,118,4435.657078
1630781.034796,250,4440.495638
3072696.222114,250,4445.321066
5851049.65401,102,4447.335137
5466295.75052,48,4448.266621
576875.93183,250,4453.142933
2509569.776364,250,4458.017036
5631591.966541,33,4458.657035
2352345.928061,250,4463.502099
5470551.186018,74,4464.971416
1583376.745297,250,4469.841624
5506502.74521,76,4471.315516
5432214.521221,84,4472.939113
2612593.776004,250,4477.791507
81429.818677,250,4482.599105
5667462.519731,67,4483.85596
1809104.620849,250,4488.345643
1942679.07569,250,4492.986097
1510805.690705,250,4497.618504
257754.436456,250,4502.166731
2367584.212667,250,4506.730579
5976652.71689,68,4507.943261
5461412.417995,67,4509.236602
1841947.905698,250,4513.924609
1568267.201909,250,4518.466199
2165364.619189,250,4523.075528
2817397.598658,250,4527.705775
5493864.533715,73,4529.070381
1989939.781233,250,4533.572162
2353091.840878,250,4538.181345
5460528.666923,69,4539.420153
5503231.663671,86,4541.019681
5751666.533951,78,4542.487478
5408947.76039,81,4543.986933
6059183.533854,61,4545.095696
1842176.625344,250,4549.797393
1913183.799096,250,4554.388445
5432342.30915,28,4554.881503
2127864.56599,250,4559.510041
5498770.350607,74,4560.879388
5449665.939348,56,4561.882773
6538970.884596,151,4564.613776
1713905.903443,250,4569.252606
5491970.810881,27,4569.753756
2324973.484429,250,4574.347925
2106119.250102,250,4579.015383
1670317.191765,250,4583.774838
537453.197498,250,4588.372273
1586871.826525,250,4592.929212
432223.479975,250,4597.650228
5489523.990113,77,4599.029773
405438.320495,250,4603.675423
5428970.477687,24,4604.138032
1241906.148786,250,4608.938585
1966908.923446,250,4613.89883
541015.052569,250,4618.679
1685008.456323,250,4623.388189
5463661.810927,45,4624.263511
5826287.968616,69,4625.614764
2003192.861464,250,4630.412038
899226.273672,250,4635.252756
208678.112899,250,4640.137486
2521608.006183,250,4645.114318
5480755.457555,64,4646.392206
5604980.339761,91,4648.120939
2412839.376227,250,4652.983438
5642447.738812,80,4654.519016
280600.050486,250,4659.446305
5406436.293829,77,4660.966711
5475675.692562,88,4662.677304
5561764.576985,73,4664.108179
3101048.212112,250,4668.986666
2060759.062331,250,4673.868079
5548054.96121,98,4675.76577
5455319.185822,33,4676.396384
1083013.226502,250,4681.212732
5515811.404947,77,4682.664222
5412699.332283,75,4684.135951
2442050.432974,250,4688.960843
5821418.715739,56,4690.07301
335553.968732,250,4694.823278
5438374.046619,87,4696.487267
5481514.945703,48,4697.405128
876722.667488,250,4702.32227
5494812.122334,58,4703.471029
5452487.610151,76,4704.965172
5466286.071135,43,4705.800196
5423486.402645,78,4707.300118
5437337.502771,29,4707.873029
5610977.81538,92,4709.644251
5419866.416943,30,4710.213862
5600745.866886,88,4711.906108
1594288.948238,250,4716.822745
5493124.109496,80,4718.402958
5537759.882343,74,4719.811562
2682789.952569,250,4724.482176
5600472.914666,49,4725.340713
5609146.088318,97,4727.08691
2059285.40558,250,4731.673736
2730457.293625,250,4736.277451
1190875.289134,250,4740.778812
1583523.741103,250,4745.497935
5441567.180675,36,4746.179563
1736921.368596,250,4750.682153
5442242.953155,29,4751.190016
1022126.980273,250,4755.73268
5445891.872047,30,4756.263996
5431753.440512,68,4757.481122
5474250.244788,51,4758.422204
5785053.571666,67,4759.651152
1519958.605058,250,4764.161266
5443597.391549,25,4764.614841
1016968.99197,250,4769.178637
5465955.429751,55,4770.181254
2381624.656567,250,4774.83157
5465678.416798,54,4775.803803
302890.010302,250,4780.391906
5457668.684911,70,4781.649204
5811120.894032,74,4782.983415
5426909.78243,29,4783.491363
1802136.409264,250,4788.087394
5732571.99576,82,4789.683556
2931158.753326,250,4794.435464
2726099.492841,250,4798.928611
5466174.141739,32,4799.505273
5539932.080615,98,4801.271348
5546528.589801,37,4801.949279
5412834.568752,73,4803.245007
2349105.137031,250,4807.75235
5514591.043975,44,4808.533641
3270312.22036,250,4813.049373
2283821.939228,250,4817.577082
5464211.785035,68,4818.816363
5493562.617868,70,4820.099352
5418626.098215,80,4821.559345
5416573.023128,26,4822.043786
5541143.949798,41,4822.809664
1623023.830343,250,4827.357297
1973564.826062,250,4831.922858
697924.376274,250,4836.465258
5479726.853902,37,4837.138051
5450908.5354,35,4837.774253
5439827.638592,27,4838.302773
5443255.679777,41,4839.065581
2044712.01041,250,4843.765751
5422164.64194,26,4844.263253
5459009.084634,59,4845.445039
5551597.207239,62,4846.623979
5498396.581592,82,4848.231266
5421619.949689,31,4848.857764
5509084.146456,62,4850.024246
7509340.130361,227,4854.375693
5444002.93791,72,4855.788704
5419470.835913,29,4856.351007
2146484.580229,250,4861.195861
5698568.406375,94,4863.08266
5435773.103896,33,4863.730218
1551727.174606,250,4868.631385
936216.986618,250,4873.438654
5493506.021218,69,4874.789819
5437597.755964,81,4876.369425
5502450.903519,59,4877.529138
2306407.814035,250,4882.457721
5425042.187037,69,4883.798936
314960.048318,250,4888.594765
5457710.508565,70,4889.939682
5513549.001174,70,4891.326655
6054076.975417,66,4892.633687
5665738.279693,65,4893.912335
5482929.96903,91,4895.784365
1945128.182294,250,4900.685751
5422348.896296,75,4902.162369
1944571.947677,250,4906.921985
5619854.192877,42,4907.722602
1618254.363974,250,4912.498415
5463116.600663,67,4913.778817
-10398.929867,250,4918.543541
628198.558511,250,4923.316214
5423604.320303,35,4923.978994
5627632.789193,82,4925.548955
5483007.633884,37,4926.272784
6412329.20129,130,4928.814837
857680.625034,250,4933.587441
5457892.238038,79,4935.119786
6299421.693713,143,4937.928888
5428011.1135,33,4938.569632
5884527.391219,96,4940.464093
5472256.713104,71,4941.825181
1172808.028811,250,4946.594533
5403828.715308,70,4947.89623
5713379.243349,94,4949.739698
5606347.541476,58,4950.851988
1903475.863915,250,4955.615274
5586248.423572,82,4957.219124
5496432.750168,78,4958.777944
5465348.519665,75,4960.187341
5474401.400846,81,4961.737284
5422009.057716,72,4963.023332
5438927.38505,78,4964.402928
5484882.843056,60,4965.466727
5447622.692728,74,4966.794849
1426082.407423,250,4971.446117
5433415.344863,33,4972.051781
5490310.445433,64,4973.20739
839784.143701,250,4977.757622
938775.774,250,4982.350285
5486179.563036,56,4983.400613
1628895.493656,250,4988.015151
5453471.93672,85,4989.553443
5472504.980038,70,4990.844995
5426199.611337,38,4991.523829
1403698.589853,250,4996.105906
1704885.119821,250,5000.680786
3169973.269618,250,5005.227504
5430981.592387,73,5006.49868
1593787.168383,250,5010.987035
5468557.688303,38,5011.695451
382972.050273,250,5016.316829
5440131.371237,28,5016.778376
5596832.262002,96,5018.414031
5379948.274633,80,5019.731715
5430836.809622,71,5020.976384
5626018.59303,88,5022.570823
5420196.781207,74,5023.861389
5466664.781452,60,5024.977752
1211411.76557,250,5029.584179
815626.923359,250,5034.231522
1257556.97255,250,5038.758658
1222305.205053,250,5043.39942
5408634.789077,74,5044.780058
5455872.321213,51,5045.709847
5477016.372561,46,5046.567622
5418060.975511,26,5047.019558
5461847.278467,79,5048.461684
5417782.026104,77,5049.800899
204347.404566,250,5054.336241
5458796.659599,34,5054.957156
5403863.257743,84,5056.489141
433168.571244,250,5061.142863
1091629.520861,250,5065.701704
5470938.270622,64,5066.826281
5453704.804917,39,5067.530416
1227574.315514,250,5072.031701
1539975.675047,250,5076.646991
5909262.865298,84,5078.21148
5440298.22043,69,5079.529081
5436255.087013,78,5080.961461
5504946.4734,74,5082.422474
1483590.471121,250,5087.277277
5442699.979283,40,5088.056907
5411746.038321,78,5089.534266
655385.863591,250,5094.383713
5381067.285116,67,5095.679947
5518380.286047,63,5096.888536
5484405.369932,79,5098.420082
1251731.888462,250,5103.262247
5441679.624489,82,5104.873077
447208.355244,250,5109.66662
552506.792825,250,5114.503608
5501427.590317,51,5115.498249
1087058.301589,250,5120.397371
1093724.416176,250,5125.308277
5464268.520336,47,5126.289165
5463573.613093,71,5127.693869
5484626.29484,45,5128.551887
5914505.514103,112,5130.7153
5339931.372744,76,5132.214682
5474565.314542,32,5132.831837
5447725.359289,65,5134.121542
5511409.476811,66,5135.396088
5482885.682087,72,5136.791942
190266.268087,250,5141.600534
1188242.1647,250,5146.433167
837136.879311,250,5151.296877
5436081.596438,75,5152.758568
5445621.786905,32,5153.357224
5367394.502944,79,5154.876046
5470267.338999,72,5156.262746
1334213.452003,250,5161.057994
1373124.368626,250,5165.858284
5450768.141865,81,5167.476635
1606866.614512,250,5172.264762
5385695.652642,81,5173.8395
113464.860223,250,5178.794953
5442726.587847,74,5180.260416
828703.420605,250,5185.113155
5464502.792303,77,5186.591745
1138234.29244,250,5191.427639
5422341.368974,30,5192.008025
348350.082414,250,5196.90267
1364130.665295,250,5201.743672
1980544.455979,250,5206.368379
5432238.919004,38,5207.054238
5427172.608659,75,5208.455241
5389384.599734,80,5209.915497
1278708.556845,250,5214.593089
5467129.321697,77,5216.015071
1031708.50889,250,5220.70067
5451709.839252,43,5221.482256
405339.233156,250,5226.190629
5502939.798411,57,5227.237543
252323.118193,250,5231.780101
5427815.137807,78,5233.221892
5456385.993531,46,5234.06607
5399308.746214,82,5235.590627
1766493.19725,250,5240.183751
5470741.760077,64,5241.366572
5401200.13607,76,5242.786688
6140515.251596,76,5244.173953
5459653.729187,43,5244.953222
684837.707938,250,5249.532148
1611898.24778,250,5254.123107
288716.172068,250,5258.733808
5475489.243681,49,5259.615402
5547185.538099,53,5260.598114
233914.902097,250,5265.206931
5454548.744048,75,5266.572832
5466661.50879,74,5267.943324
1083001.69026,250,5272.604041
5432146.600165,28,5273.106655
5458632.855311,37,5273.765568
5615221.471767,66,5274.906629
5532727.207436,80,5276.34794
5439739.723944,41,5277.084201
5444850.585507,78,5278.520333
5456045.214664,71,5279.838448
1964948.119854,250,5284.520755
5419580.50254,25,5284.982528
5452189.912355,74,5286.326464
5426333.992542,25,5286.80242
5421112.059079,35,5287.453467
5454992.623278,35,5288.083465
5461142.578225,62,5289.232274
5421760.400917,29,5289.754963
2117021.43427,250,5294.313274
5540084.122486,73,5295.66602
5412249.836805,80,5297.121927
595651.068176,250,5344.200683
5427393.350557,86,5345.917125
714322.557019,250,5350.857708
5497368.75186,59,5352.012455
1523209.606447,250,5356.826231
5416713.507218,28,5357.36518
5523745.609361,38,5358.104754
372704.294936,250,5362.97859
428731.43374,250,5367.832569
5452846.095167,71,5369.21223
1460445.983256,250,5374.042785
5421521.155479,30,5374.61657
5404454.989103,72,5376.007627
1500738.037911,250,5380.921805
5495948.703952,77,5382.465796
5425254.214183,77,5383.943326
2947422.416538,250,5388.718257
5421139.491658,82,5390.305182
1283941.3999,250,5395.198524
5386375.723186,77,5396.625276
1494224.412747,250,5401.504797
5444157.052174,65,5402.753436
5475156.900122,62,5403.950675
5444120.568893,28,5404.487923
5497476.201465,95,5406.301146
5442281.862681,31,5406.900928
5421261.006798,27,5407.407305
8143309.159482,216,5411.65258
983441.352081,250,5416.635849
5470062.238201,45,5417.521844
5476560.080829,56,5418.629082
5440240.753923,33,5419.267547
5453242.379899,36,5419.97788
5413303.406029,76,5421.455418
5477038.866207,37,5422.172833
5953380.3805,83,5423.790434
1463587.660934,250,5428.681331
5439051.672801,27,5429.21237
815226.753349,250,5434.015257
5721111.331974,91,5435.740925
5439680.925176,32,5436.358415
5415863.823191,76,5437.859061
5429076.88988,80,5439.449811
6549954.059587,138,5442.124301
5442602.465039,35,5442.79846
5406160.728199,75,5444.205551
5420147.243927,29,5444.73877
5443547.794226,80,5446.225141
652548.59153,250,5450.863331
5433043.304946,76,5452.292567
5614486.847406,45,5453.126235
6012028.071367,114,5455.218849
450569.586792,250,5459.888342
5466349.526922,75,5461.214884
5403720.361034,80,5462.667423
5489560.965223,55,5463.630301
267745.71234,250,5468.214084
5436098.658729,79,5469.654136
1329675.737168,250,5474.249265
1390253.048456,250,5478.74403
5537688.345967,54,5479.773328
399928.435601,250,5484.367481
5484877.435501,70,5485.681304
201263.699794,250,5490.262576
5432754.619746,73,5491.587755
1218756.919573,250,5496.251461
1645620.283558,250,5500.878741
5866609.8242,55,5501.892483
5480544.540049,78,5503.346734
5443072.587644,32,5503.925213
5397136.584236,78,5505.372034
432609.485925,250,5509.913576
5403632.523968,85,5511.489667
5419753.922438,36,5512.205496
5469677.110894,68,5513.48143
5519936.935289,57,5514.537321
5464701.796442,32,5515.125288
5499158.176149,79,5516.568249
5465093.91475,55,5517.535596
5471958.074827,47,5518.428658
5451566.440748,32,5518.999265
5423024.991275,28,5519.514073
5542664.089435,55,5520.543644
5476753.970275,76,5521.932401
711310.395743,250,5526.511967
5430731.135068,28,5527.047511
1202901.783035,250,5531.550396
5424456.286922,72,5532.821496
5494103.150599,55,5533.832391
5376124.292002,76,5535.227786
5686915.966154,64,5536.397803
884580.018642,250,5540.950916
5434200.883799,72,5542.273115
1031304.521437,250,5546.92223
5923448.935774,92,5548.652728
5491706.46792,69,5549.918956
5486083.54202,67,5551.174397
5374314.431138,80,5552.629186
1853357.759576,250,5557.241951
5421637.292234,77,5558.672827
1162729.346233,250,5563.289553
959978.396882,250,5568.139797
5478982.056878,43,5568.986564
5468184.815129,35,5569.67343
515225.25355,250,5574.508493
5455807.929172,79,5576.037783
1279594.560801,250,5580.901768
5521245.124546,62,5582.08367
5410226.587425,69,5583.432824
5407564.982638,67,5584.713926
5675882.453871,61,5585.925852
5479976.233082,73,5587.335737
5425524.722578,33,5587.976113
5491445.821518,59,5589.129034
5509992.64908,48,5590.058291
756053.016417,250,5595.025672
5437178.693897,82,5596.595789
5462720.500073,72,5597.997338
5483536.18403,63,5599.217394
1708868.211217,250,5604.09378
594266.356433,250,5609.007624
5450651.58463,37,5609.69863
5478427.459105,76,5611.17104
5464755.157506,43,5612.013737
5470874.599114,28,5612.566455
861456.201536,250,5617.389196
5448356.308372,24,5617.869642
5549504.843965,65,5619.14047
3474473.546845,250,5624.007469
5537332.564028,37,5624.695642
1236889.928633,250,5629.476764
5449099.239299,36,5630.148962
5468553.668503,55,5631.171448
5433334.570482,32,5631.799342
5504391.577674,57,5632.924072
5448966.404076,31,5633.518031
5438910.193303,37,5634.240467
5492194.45696,60,5635.438749
5419844.869048,71,5636.829434
5492376.849625,64,5638.057117
5393901.622995,67,5639.477602
1468900.22602,250,5644.320243
5421541.417462,29,5644.863441
5493962.659163,61,5646.01545
5473627.566445,85,5647.640363
5491866.768156,62,5648.868515
5469526.64583,38,5649.618363
5450075.81102,31,5650.238196
528567.455726,250,5655.09215
537281.17564,250,5659.905531
5458523.444887,31,5660.504411
5455641.210242,80,5662.048123
5424174.655691,26,5662.572483
952051.857495,250,5667.51874
1042810.225898,250,5672.340671
5911028.725994,94,5674.132301
5470335.311989,67,5675.436462
5437240.000944,34,5676.110934
5474253.385456,62,5677.297762
5492544.609831,78,5678.813859
1085940.411626,250,5683.6008
5472428.331134,66,5684.778036
5452725.09091,56,5685.798924
570232.587709,250,5690.42502
1270190.055947,250,5695.126715
5490728.015658,72,5696.517085
1471249.053921,250,5701.167473
5407695.518292,73,5702.506532
5483520.882448,72,5703.783968
5483990.752,59,5704.888936
5470470.023545,58,5705.95709
5468999.092134,71,5707.251216
1712266.532853,250,5711.902198
5365726.716809,75,5713.273
5468891.305929,36,5713.927563
5424249.117366,30,5714.46622
447443.892072,250,5719.066596
1176965.527763,250,5723.652698
5420313.752335,31,5724.191914
5441566.568856,76,5725.586472
5377298.05509,90,5727.328314
5450569.500091,26,5727.827064
262793.194099,250,5732.381488
5443882.58404,34,5732.980854
-140272.556865,51,5733.922801
3129793.841088,250,5738.571637
1057202.484872,250,5743.065949
5393020.399712,86,5744.599807
5421772.269571,76,5745.981408
5481446.904448,34,5746.611004
6134100.670776,81,5748.071606
5448992.268566,30,5748.620025
516237.666131,250,5753.315872
5464640.738238,69,5754.61329
5474365.363474,74,5756.013179
5480492.699699,70,5757.33526
5491190.503094,68,5758.604333
5447360.418517,38,5759.291885
5438014.645502,49,5760.177665
5472179.748283,61,5761.265841
5456618.527244,31,5761.824928
1023848.693856,250,5766.41623
785819.627054,250,5771.047192
5487770.590549,67,5772.318788
484495.965066,250,5776.894103
5761084.905474,82,5778.394205
5790588.469842,100,5780.252413
5362558.496739,84,5781.778408
5423281.163824,66,5782.968088
5418355.252047,30,5783.542394
5442395.329565,34,5784.160403
5476444.73446,70,5785.457532
878465.006582,250,5790.105148
5483925.102567,66,5791.310038
5464431.020722,65,5792.457411
5444222.844703,70,5793.69062
5639208.690892,88,5795.252401
5470295.748813,40,5795.97519
5460613.086671,77,5797.415834
5373789.598315,76,5798.789602
5459205.565645,62,5799.916383
5457310.260843,34,5800.574391
5495179.866091,53,5801.572418
5443588.317955,30,5802.15996
5426854.759823,29,5802.72415
1258235.823325,250,5807.549201
5434591.95996,28,5808.114845
5489065.838452,76,5809.59155
3410529.869014,250,5814.501452
5492387.415938,67,5815.800519
562417.95608,250,5820.649082
5465977.141094,64,5821.889279
5401034.609749,78,5823.512804
5402913.896313,76,5824.985664
2886063.580919,250,5829.899637
5445316.7156,33,5830.54153
5426562.610463,29,5831.100977
5424144.877989,30,5831.690833
5419279.43749,29,5832.248091
5796859.599412,66,5833.541365
7811704.631624,223,5837.921662
5447792.936542,24,5838.385742
5453539.162642,71,5839.744213
5473316.338266,72,5841.122622
786159.382265,250,5846.03379
5513917.315388,73,5847.47044
5418525.983362,76,5848.947471
5778966.579863,55,5850.015883
5397704.04226,75,5851.437138
5563579.385444,39,5852.188971
5420119.285306,31,5852.793176
5421046.985649,31,5853.380399
5511426.75795,58,5854.473389
5427023.382639,33,5855.101658
5458609.797794,44,5855.956923
5503154.103912,65,5857.227441
604888.387335,250,5862.156642
5421400.284882,39,5862.920172
5441767.574951,37,5863.668374
5515718.635734,65,5864.926315
5478360.935372,59,5866.073805
5439217.085143,37,5866.772307
5426234.617339,30,5867.357387
346821.853616,250,5872.258286
5463945.994754,68,5873.556758
5567729.139414,82,5875.163727
5439024.407007,37,5875.880243
5386467.416217,77,5877.339313
-84793.278063,43,5878.174959
5477163.876479,79,5879.69474
5464767.6754,71,5881.056839
6334141.706586,124,5883.448948
-133458.320518,17,5883.772789
5490625.379338,58,5884.855311
5419444.873398,76,5886.285873
5447345.351179,69,5887.607144
1951696.211447,250,5892.420565
278231.421476,250,5897.227665
5368065.204901,81,5898.780789
5422213.515335,29,5899.357629
879135.866964,250,5904.233432
861920.580892,250,5909.11254
5481453.134695,54,5910.140904
910943.372569,250,5914.945662
667515.988688,250,5919.816297
5471553.902667,37,5920.508117
5443603.638485,70,5921.859755
920063.046104,250,5926.451844
3978070.700081,250,5930.994887
701867.799277,250,5935.559266
5425127.285601,34,5936.20781
5433905.87212,31,5936.824239
5450202.683877,37,5937.503622
5379239.176326,83,5939.034153
1370704.558935,250,5943.600485
5490820.712955,37,5944.283434
5814850.369261,61,5945.402251
5833664.600841,54,5946.368531
5487723.563055,80,5947.87125
5431949.923454,26,5948.358353
5470393.104775,59,5949.442302
5427720.94843,73,5950.805152
5454906.575758,38,5951.507215
5471445.178291,70,5952.807319
631755.796395,250,5957.30611
5439138.994491,45,5958.112632
5450109.417391,70,5959.42311
5467101.563307,56,5960.470543
5435157.643511,34,5961.091413
5392389.077215,75,5962.438373
5451643.66303,37,5963.139521
5434454.645174,79,5964.603966
5447419.957194,32,5965.225735
5516860.32224,60,5966.329219
5482434.181732,72,5967.708322
5675717.034877,73,5969.053406
515283.153691,250,5973.596246
5457163.237412,28,5974.143912
5461154.410644,36,5974.772568
5420389.454014,25,5975.230909
5520946.509215,37,5975.881534
5607433.684572,38,5976.568374
5420832.933189,29,5977.096543
754305.310301,250,5981.630386
5492566.183723,61,5982.705962
5437449.154376,31,5983.272635
5401915.339914,78,5984.700548
5488158.712093,53,5985.677406
6259620.375289,136,5988.122489
5463464.02852,34,5988.701321
959968.369651,250,5993.233698
443136.551303,250,5997.911728
5458772.501469,46,5998.748883
5492250.662555,52,5999.712883
5732221.182232,83,6001.202503
5479780.891496,72,6002.487601
5485473.190366,49,6003.357615
819049.333865,250,6007.998873
5425453.680063,79,6009.45692
5472766.219694,58,6010.561606
5470451.533002,82,6012.093491
505991.931045,250,6016.778892
5451586.611354,39,6017.508871
5422746.421148,23,6017.94903
5466087.898003,64,6019.123664
5419723.451618,31,6019.692313
5455107.808716,82,6021.170928
3335088.838763,250,6025.754104
494626.432812,250,6030.36986
5384008.89714,83,6031.911527
5395509.377106,71,6033.190396
5447426.434947,72,6034.487156
5452663.067335,39,6035.207919
5417764.641613,28,6035.773628
5499548.160981,70,6037.052429
5419477.422083,32,6037.626919
371840.941964,250,6042.364852
472807.351523,250,6047.16877
2746102.369841,250,6051.987321
5420097.420907,27,6052.523314
5418033.149713,77,6054.015159
5493273.974643,64,6055.250415
5469952.192627,78,6056.779699
5466653.449825,32,6057.392586
5423345.206954,31,6058.012644
5441963.183574,71,6059.375397
5453716.293282,35,6060.023148
892116.885349,250,6064.859184
5517566.596257,75,6066.32257
1093873.784685,250,6071.239148
5432230.299317,76,6072.730614
5431081.869893,27,6073.253205
5372681.787213,76,6074.739365
5400446.331702,74,6076.153805
5413354.057339,76,6077.63169
5455247.308988,45,6078.501057
5428932.225939,30,6079.084646
5454864.86732,34,6079.744535
5478723.685393,75,6081.206647
6066902.556776,66,6082.509396
5451018.062059,75,6083.968747
5449983.804758,34,6084.642399
642477.320263,250,6089.521495
5419293.16466,25,6089.99944
5457893.796582,74,6091.460507
5449309.39662,58,6092.576229
615111.674767,250,6097.49217
934016.594092,250,6102.400143
5548933.7515,79,6103.939101
5414198.659155,80,6105.496043
5464730.207911,73,6106.897039
5447215.616658,71,6108.268396
5469029.751854,56,6109.357984
5469729.853991,29,6109.916019
5460524.39796,38,6110.700872
484936.871401,250,6115.590854
5492106.004509,49,6116.574488
696689.23736,250,6121.390232
491073.930459,250,6126.013911
5469542.46958,48,6126.933088
5453101.451988,30,6127.500528
1034046.825495,250,6132.290654
5421254.736016,28,6132.838334
5456398.929047,64,6134.091768
5426125.529393,36,6134.779832
5525578.998841,58,6135.893862
5502284.841558,38,6136.619684
417223.968805,250,6141.392946
5458129.960888,37,6142.10089
5496971.115173,83,6143.719274
5364604.453747,76,6145.216031
5456113.538912,26,6145.714508
5423184.790808,32,6146.306185
5849108.541053,80,6147.854923
1615409.483732,250,6152.676056
5576734.475286,69,6153.989005
5446061.860764,33,6154.641295
830225.784881,250,6159.577805
5404325.935708,75,6160.97996
5436320.653605,34,6161.619896
5451562.680252,68,6162.857782
5485728.919954,65,6164.059213
5670289.612771,74,6165.370298
5428647.29529,75,6166.79971
5470768.790975,38,6167.487964
5426796.776633,36,6168.147923
5733017.079072,90,6169.739543
5440736.59115,34,6170.35234
484435.810394,250,6174.948709
1032551.264688,250,6179.603866
6242864.646451,127,6181.882796
5449261.926669,73,6183.198482
6081142.65534,99,6184.969155
299354.723041,250,6189.57725
5522342.619742,73,6190.947891
5477674.560541,71,6192.280492
5427171.128466,39,6192.989177
5409355.231373,80,6194.416062
5492765.484551,72,6195.699716
5451378.351828,30,6196.226477
5459663.657428,36,6196.890206
5497843.4829,67,6198.125972
5470898.957502,38,6198.807287
5457292.611302,50,6199.710944
5474217.431414,60,6200.824438
5403807.696254,82,6202.351557
5406965.065874,76,6203.770684
5451622.770464,36,6204.442606
421651.697874,250,6209.088455
5446054.450132,30,6209.645404
475534.658407,250,6214.179802
5502825.047248,81,6215.674507
5473851.851124,51,6216.587987
5417496.742585,67,6217.824689
5477172.919967,62,6218.954735
5452558.29012,69,6220.232063
5409408.598985,80,6221.688077
6067967.967489,77,6223.056145
5480160.241291,47,6223.900039
5450384.43129,74,6225.249268
5472999.407541,73,6226.592551
5471929.63855,48,6227.487538
5423276.661758,69,6228.734353
5757244.249496,63,6229.909766
5495886.471415,66,6231.108962
5461888.416301,57,6232.195832
5467923.885923,51,6233.149906
5421322.431229,29,6233.675267
5675541.642365,94,6235.37086
5431199.221498,29,6235.881625
5758911.556008,52,6236.803699
5724517.107066,63,6237.970629
5438629.315766,34,6238.570393
5444398.375052,39,6239.268732
5455305.649684,51,6240.18207
5558365.533116,36,6240.844741
2723861.231571,250,6245.380297
5781717.186601,52,6246.313423
5466517.477658,36,6246.969015
5467157.650637,44,6247.766935
5429959.646604,31,6248.320201
5501582.484698,44,6249.12981
5430740.919383,80,6250.593889
5511400.407645,61,6251.742877
5458380.051607,72,6253.030309
5435168.378823,42,6253.817862
5423600.732248,34,6254.461316
5429862.526987,34,6255.142681
5420567.437359,29,6255.684345
5436278.984542,29,6256.22445
5504970.557397,81,6257.694211
5423515.357616,38,6258.388054
5460044.578839,67,6259.573684
5423890.258468,83,6261.121645
5498205.526228,73,6262.43638
5621573.641628,44,6263.242921
5475405.108816,60,6264.340226
5499455.646463,37,6265.019413
5421991.830034,33,6265.634254
5434835.111709,47,6266.483735
5406641.471713,74,6267.833582
5585574.11189,58,6268.85375
5391353.743769,81,6270.33591
5424170.569746,75,6271.69207
5472269.159207,53,6272.64404
5633394.290525,79,6274.097648
5747766.620761,49,6275.006423
5420099.39579,29,6275.538518
5423170.091298,31,6276.158808
5445050.731816,30,6276.718894
5686075.128114,92,6278.393171
5857059.838079,59,6279.487602
5447604.14744,77,6280.884035
5428748.989798,34,6281.526232
327270.838459,250,6286.353441
5458236.827799,36,6287.053642
5365164.077039,79,6323.743022
5661512.886085,52,6324.75375
5677433.937421,89,6326.483646
962445.434948,250,6331.42679
5701757.882753,46,6332.330737
5438414.458483,34,6333.007074
5448550.430728,33,6333.662954
5503349.492023,75,6335.127584
5440918.085809,75,6336.58927
5418559.846123,28,6337.118507
234359.587586,250,6342.014358
5494370.498952,35,6342.702795
5796795.023051,102,6344.687837
5365203.584235,75,6346.189198
5451254.073111,74,6347.62113
5529946.538217,52,6348.613571
872574.916643,250,6353.402122
5652355.384637,74,6354.828465
5524199.799393,62,6355.988992
5445514.041308,74,6357.421096
5512543.800512,62,6358.637241
5379486.15819,78,6360.169365
5416384.868584,72,6361.577171
5421944.956162,31,6362.167718
5470281.604105,59,6363.331245
5710909.711579,48,6364.28602
5426931.632503,26,6364.758213
558505.431541,250,6369.468878
5449555.266602,70,6370.800841
903714.85912,250,6375.717582
5491637.152708,51,6376.709415
5499551.551567,69,6378.048891
5453117.434315,72,6379.451908
5458495.000314,31,6380.05903
5478760.904879,58,6381.174816
5815316.095538,72,6382.57355
5674040.684775,90,6384.318212
5491604.106666,62,6385.55199
5724843.14696,68,6386.812396
5461460.150727,60,6387.940122
5410355.342195,76,6389.44159
5381300.119333,74,6390.898309
5484161.909043,51,6391.917465
5443887.646981,34,6392.573535
5373433.864014,74,6394.037312
607261.574584,250,6398.849228
5472374.579275,66,6400.124031
5806118.293226,94,6401.913446
5464034.089324,72,6403.233014
635138.011421,250,6407.814526
5425673.027579,35,6408.46328
371127.118809,250,6413.11447
5397698.427109,81,6414.593295
5423200.353325,73,6415.978705
5429445.443078,32,6416.545494
560078.721752,250,6421.1113
5418856.038199,30,6421.657904
5703931.537038,84,6423.278796
568352.052192,250,6427.884737
5396524.102801,80,6429.334885
5960337.863703,85,6430.943876
5880605.601957,61,6432.070787
5402084.711164,75,6433.434314
5458330.298509,52,6434.432099
5457993.883501,61,6435.60494
5835013.702079,68,6436.899349
5386909.639628,70,6438.163933
5490243.640249,68,6439.424843
5434697.347071,29,6439.931952
5427689.032376,70,6441.209229
5436269.485628,76,6442.598111
5536170.630714,59,6443.638654
5462307.453397,77,6445.034036
5431941.870408,34,6445.626711
5513253.611625,49,6446.522182
5497535.947113,64,6447.68417
5418599.652634,83,6449.184284
5449438.684864,74,6450.493746
5440453.450091,35,6451.133773
5831995.979605,90,6452.793548
5442324.30409,25,6453.238484
5397174.867123,83,6454.758023
541812.823845,250,6459.300762
332742.447762,250,6463.78785
5421637.302349,35,6464.424165
5474567.812105,58,6465.478024
5481013.114744,65,6466.695974
5439761.234937,35,6467.378551
5437552.005985,35,6467.999748
5430218.319235,32,6468.594742
5504334.644475,44,6469.394368
5399847.527292,87,6471.039468
456089.768815,250,6475.60305
5421268.718176,23,6476.017869
688153.814908,250,6480.544675
5446008.819831,45,6481.377234
391777.913473,250,6486.008607
5377165.657837,72,6487.321661
5459619.196885,74,6488.673736
5418406.02527,29,6489.191857
632970.131913,250,6493.864354
5459047.239352,66,6495.065431
5421367.81323,31,6495.614689
5803914.716421,96,6497.418794
5440722.998838,35,6498.085023
5466116.22689,40,6498.803868
5444583.907914,37,6499.460827
5452080.200165,31,6500.02919
5428616.904846,30,6500.587736
5422631.791639,35,6501.228102
5472571.145149,74,6502.566122
5420466.620473,31,6503.111977
5469984.328389,67,6504.318546
5461761.803748,88,6505.938675
5461948.707401,70,6507.182572
5486301.756863,65,6508.400004
5796920.758435,52,6509.326034
5424766.919629,35,6509.963897
5473074.691081,65,6511.184046
5448194.290298,49,6512.058806
6051270.581645,109,6514.067794
1811785.210461,250,6518.716345
5460188.763686,31,6519.353514
5766497.356159,49,6520.228717
5391539.413445,85,6521.820295
5461292.28038,70,6523.172162
5379134.391891,76,6524.660818
409951.287186,250,6529.541437
5386972.779693,77,6531.014174
5466478.37497,82,6532.593321
5506905.061823,72,6533.992107
5792243.132818,80,6535.559926
5421982.345712,32,6536.182201
5445728.80366,38,6536.907795
5468902.121711,71,6538.301831
5879183.05536,103,6540.304199
5415222.718981,79,6541.835723
5466617.741816,33,6542.49475
488414.244514,250,6547.346143
5450517.432762,29,6547.936198
5515921.870387,38,6548.656062
5493340.959522,65,6549.933286
5508646.3616,61,6551.142113
5708562.48426,62,6552.361382
5514599.026836,78,6553.901763
5447865.504878,67,6555.197846
5435495.972957,27,6555.737718
5438388.970714,32,6556.355735
5471036.818121,54,6557.432631
5399731.983486,76,6558.90471
5571531.125245,59,6560.04323
415221.281986,250,6564.898873
5437675.627662,29,6565.461514
5470501.889735,35,6566.148613
5460531.759887,37,6566.915063
5462812.974201,71,6568.317839
5539550.963254,78,6569.865453
5364548.113232,75,6571.337664
5387411.73125,79,6572.89608
5427764.853893,30,6573.508957
5470927.385056,66,6574.825798
5427748.682856,76,6576.322465
5392878.154749,83,6577.921237
5515064.230379,73,6579.33145
5470807.89773,54,6580.374136
330771.655416,250,6585.178166
5462057.538884,72,6586.58427
5459396.354834,47,6587.499397
5419899.325116,29,6588.076735
5437631.084991,76,6589.571579
5444518.89627,30,6590.171834
-101290.924556,18,6590.512339
5437660.0432,33,6591.131746
5458903.954464,79,6592.657137
284296.198959,250,6597.459079
5823184.931913,81,6599.026232
541682.489164,250,6603.85993
5455127.905082,52,6604.877207
5342258.195691,80,6606.400926
5444306.233615,31,6606.997998
5468256.228726,40,6607.780025
5544558.487183,33,6608.419706
5400083.169427,75,6609.833766
459454.360072,250,6614.647688
5421039.246521,34,6615.31125
5422574.816691,32,6615.918077
171923.090163,250,6620.804994
547261.809515,250,6625.650445
472620.798622,250,6630.510964
6745397.302629,116,6632.878967
5446411.126812,40,6633.661185
5486468.371318,56,6634.761575
5448293.143735,74,6636.183429
5736187.901765,81,6637.741087
5464950.179612,38,6638.480701
459979.979949,250,6643.309479
5420678.04765,30,6643.883032
5444092.048599,78,6645.331162
6404095.015548,138,6647.893544
5452834.203943,72,6649.225497
5430601.698055,36,6649.865998
333951.546861,250,6654.495409
5441810.183075,66,6655.711599
5686135.653584,95,6657.476344
5502320.985911,58,6658.561191
5433664.845934,29,6659.128528
5441002.671991,33,6659.722531
5459755.651616,71,6661.039011
5824543.741252,48,6661.913779
5441094.755693,30,6662.459742
5489838.280472,64,6663.65314
5530968.308044,52,6664.608294
473454.727535,250,6669.158172
5407387.541368,76,6670.591969
5422803.752878,32,6671.247935
552618.627696,250,6675.831189
5484828.292881,62,6676.979282
5465052.995829,75,6678.345819
5436994.829406,37,6679.022642
5476198.257509,50,6679.904695
5479744.009494,36,6680.572729
5418771.073484,73,6681.940415
5484088.661878,39,6682.621524
5411694.581192,77,6684.01995
5491452.770052,70,6685.339495
5472159.706438,70,6686.61411
5494403.979556,69,6687.881774
5433095.671646,34,6688.521656
5830358.435921,45,6689.354289
5825470.145772,83,6690.899592
5516142.138549,77,6692.275725
3286787.955704,250,6696.88168
442447.769211,250,6701.379055
5479610.711574,38,6702.064774
5427216.042722,36,6702.750849
5438812.965455,44,6703.601506
5457145.286513,32,6704.159209
5885760.148493,79,6705.650009
5478483.944277,53,6706.616069
5446349.037185,34,6707.234402
5448653.335806,70,6708.558385
5518185.130796,76,6709.950761
5842074.146322,54,6711.037562
5460725.971114,35,6711.672445
5520694.944685,86,6713.232967
5488730.801824,61,6714.317124
5445079.662221,75,6715.696101
5428719.668465,30,6716.249018
5465945.212811,75,6717.591764
5399128.711681,72,6718.922237
5465910.431842,48,6719.855071
5793768.245407,92,6721.524265
5439683.630493,71,6722.842042
5437377.808015,78,6724.241391
5465147.636802,70,6725.525709
427114.435506,250,6730.064807
5423419.226516,26,6730.550009
5490134.87305,72,6731.914919
6203411.424371,93,6733.603547
5448693.010483,27,6734.099621
5478279.007979,67,6735.323585
5474643.395695,32,6735.90165
5624323.952075,47,6736.779356
5471543.157683,61,6737.916113
5423634.654966,29,6738.469623
505722.049244,250,6742.977314
5423015.305417,35,6743.607304
5463509.868338,34,6744.259284
5437103.390264,33,6744.877952
5413696.975406,74,6746.210491
5857464.699413,62,6747.385679
5487180.729805,54,6748.385613
5446411.066929,79,6749.844848
5445444.710999,36,6750.519117
5378458.257987,68,6751.795071
354021.342913,250,6756.480219
5446460.397298,45,6757.258114
5484756.22724,68,6758.47401
5473585.211133,35,6759.206453
5465329.879382,75,6760.545588
6029532.062585,94,6762.341169
5618135.754585,72,6763.741347
5575450.22345,43,6764.563658
5457971.212834,37,6765.294854
5423454.005376,30,6765.895928
5452811.266983,60,6767.05186
5465101.64463,71,6768.466688
5459208.747978,68,6769.819352
5522222.942884,57,6770.923894
574961.065972,250,6775.767425
5434793.087472,30,6776.357111
5466683.563951,74,6777.814599
5611707.834084,52,6778.831277
5372397.622561,78,6780.361402
5390930.439555,81,6781.973717
5455133.138039,69,6783.32874
5510810.963733,59,6784.509611
5447507.131231,73,6785.936684
5437912.244802,31,6786.522821
5584778.89349,44,6787.399154
5426802.305783,27,6787.930251
5475072.754284,61,6789.075591
5534530.926236,74,6790.483298
5507964.161784,31,6791.105577
5494939.616369,62,6792.317015
5436539.349267,75,6793.783494
5461256.592461,31,6794.401985
5384749.338553,80,6795.951313
5440007.042788,36,6796.668934
5482638.480085,39,6797.431966
5823166.534772,85,6799.117543
5464328.405964,67,6800.414148
1545637.36556,250,6805.286458
551347.22451,250,6810.274103
5488949.253274,40,6811.061046
5485154.020856,66,6812.359832
5451190.749158,31,6812.970762
5454673.322467,70,6814.363835
5483920.283971,35,6815.060966
5483745.376161,50,6816.046933
5402821.276548,79,6817.595342
5492332.584759,43,6818.435587
5432731.620484,77,6819.954799
5482379.061525,71,6821.342908
5467117.190104,74,6822.776129
5405473.429719,80,6824.338565
5483766.361487,81,6825.933167
5458003.423437,75,6827.391544
5481255.785664,45,6828.270352
752627.402699,250,6833.105006
5479983.629612,38,6833.85761
5466194.683813,75,6835.319323
5479768.230905,41,6836.102402
5429197.489441,29,6836.650783
5471436.653914,47,6837.542686
5474970.53614,56,6838.631942
466568.705941,250,6843.561862
5457074.80318,75,6845.036541
5453667.712073,55,6846.085568
5488044.932149,70,6847.411829
5452180.307085,74,6848.868636
5437273.078943,32,6849.495704
5508854.653486,69,6850.820774
5555249.791303,58,6851.90896
5461284.314348,69,6853.221801
5446876.062712,82,6854.858163
5434220.357868,34,6855.522012
5425375.960698,27,6856.03174
5508050.944004,40,6856.837199
5515871.630436,41,6857.619925
5430272.498361,38,6858.371855
5597919.438411,81,6859.970796
5450963.232317,78,6861.465765
5881390.21647,59,6862.587027
5516259.982771,43,6863.43837
5450484.148934,77,6864.912083
5494313.738112,65,6866.150862
5577235.868071,40,6866.918149
5441769.360552,46,6867.798167
5439729.027308,68,6869.077304
5431020.546553,36,6869.773836
5426991.999556,81,6871.344304
5459280.781021,36,6872.052236
5467539.815831,59,6873.194484
5426713.114486,75,6874.659565
5475140.713528,75,6876.088508
5438537.926171,66,6877.341248
5450055.458026,28,6877.855045
5449038.980491,78,6879.359761
5462843.09526,42,6880.143128
5481324.006548,61,6881.309139
5397710.344115,85,6882.849482
5465079.851122,58,6883.915952
5433850.134525,82,6885.424242
5446462.728874,73,6886.809581
5485699.246913,53,6887.780907
556814.791732,250,6892.362671
5465909.366033,75,6893.719269
5415661.636149,30,6894.255645
5458624.231912,62,6895.400391
5398122.754108,84,6896.904581
5376534.299881,71,6898.161723
5432908.033158,78,6899.573828
5403813.646976,81,6901.058706
5432203.789588,76,6902.442454
5460017.99649,74,6903.833786
5444130.422833,75,6905.226462
5492716.022386,69,6906.468398
5488560.27327,58,6907.490558
5493646.812848,49,6908.36958
5450231.477148,41,6909.082501
388960.097871,250,6913.66602
5418521.005745,30,6914.24974
5424047.829254,33,6914.882234
5455769.57197,73,6916.232791
5446609.035844,78,6917.709419
1895625.23899,250,6922.210147
424370.349367,250,6926.718177
5356559.18584,74,6928.072973
5439825.562187,35,6928.693372
5443164.511048,34,6929.345287
5435961.217764,66,6930.538975
5421801.85721,76,6931.91424
5515405.198287,76,6933.286708
5425611.212013,77,6934.696462
5460289.967652,56,6935.742086
5434880.923576,76,6937.082495
5459034.531787,48,6937.93447
5422593.303303,72,6939.221066
5607993.133456,74,6940.602098
460866.096501,250,6945.227366
5508066.089383,57,6946.262646
5452909.780394,75,6947.632654
5475276.565176,37,6948.271836
5418476.932645,30,6948.813395
596168.175344,250,6953.38677
5487701.525883,53,6954.364563
5423055.440307,72,6955.705928
5436601.561946,32,6956.292658
5493668.24704,62,6957.465208
6270594.821163,128,6959.866858
5764359.080408,96,6961.633811
5457909.294745,37,6962.295556
5430815.865434,36,6962.972965
5466470.631689,52,6963.924656
420656.738801,250,6968.514567
5428196.506372,27,6968.982305
5420488.094065,30,6969.517439
8259213.597981,243,6973.92097
5462572.828599,78,6975.365922
420832.207786,250,6979.932724
5495593.342427,78,6981.383976
5377480.590893,77,6982.810567
5457053.248083,37,6983.458169
5465457.647847,66,6984.67935
5540523.397577,82,6986.184321
5442247.984528,31,6986.738505
5428755.829824,73,6988.060587
5428992.094539,30,6988.607388
5390727.038083,69,6989.853832
5470959.687821,38,6990.547796
394752.036943,250,6995.22109
5412328.085913,73,6996.579285
5423820.221411,34,6997.222131
5475220.581291,55,6998.235049
333083.172371,250,7002.837827
5495058.952263,46,7003.750834
5476513.773174,63,7005.007552
5472319.335042,38,7005.750865
5933892.178935,81,7007.331061
5392707.203522,74,7008.792845
5494206.650738,72,7010.179896
6156227.375643,99,7012.114377
5479544.680789,79,7013.665643
5433887.075964,31,7014.259545
5421561.143586,30,7014.861686
5455040.736527,36,7015.565167
5453135.345278,34,7016.233114
5435854.443486,29,7016.810653
5453617.082118,33,7017.433784
5474074.780097,62,7018.634463
5497736.620901,51,7019.645557
5464153.703317,48,7020.58172
1038619.65523,250,7025.503309
5415873.234234,73,7026.94206
5457045.843412,33,7027.593321
5425407.293762,30,7028.194434
995833.802152,250,7033.019755
5494790.050111,72,7034.436828
5465324.606671,73,7035.853471
5423279.183139,38,7036.583857
5420972.158059,31,7037.193817
5424331.960834,26,7037.704883
1149938.538528,250,7042.616193
5419441.018643,84,7044.251023
5466883.495467,49,7045.211872
5419954.815376,67,7046.525478
5470285.232218,26,7047.048604
5435872.764367,37,7047.750798
5449768.428361,31,7048.344503
5464609.39323,58,7049.463675
5398480.884375,79,7050.997855
5457919.339243,77,7052.509743
5421800.033158,30,7053.104625
5450716.314837,34,7053.759519
5450451.003532,73,7055.185223
5444993.593526,28,7055.728324
5432613.178458,84,7057.359675
5415364.41885,86,7059.050121
5429790.124618,40,7059.807216
5436836.172777,32,7060.441
5447512.897777,72,7061.840837
1242034.247832,250,7066.785517
5444237.437448,30,7067.372239
5428454.876759,28,7067.914743
5434015.188285,31,7068.535573
5464338.375267,82,7070.172761
5439585.905824,32,7070.810763
5440541.762946,28,7071.366191
5434950.9659,79,7072.892609
5424727.484945,29,7073.411088
5555792.610161,55,7074.452857
5432300.874957,66,7075.726419
5407710.176973,74,7077.153502
5448221.730101,30,7077.733587
437611.785182,250,7082.610503
5434479.925179,30,7083.185256
5479614.356471,64,7084.454851
5438527.396264,30,7085.036287
433102.523948,250,7089.821143
310298.207447,250,7094.577201
5480367.943645,62,7095.763731
5484999.443995,62,7096.989956
5459182.736993,37,7097.711778
5474547.269357,46,7098.562201
5491305.231366,79,7100.026773
5462277.927935,35,7100.70089
5552770.381135,53,7101.707238
5496844.21889,52,7102.724026
469984.201638,250,7107.556325
5443583.040089,38,7108.271863
5433024.860878,70,7109.633748
5470150.451355,79,7111.156671
5462971.794037,71,7112.515038
5450499.038004,63,7113.725207
5398680.112567,86,7115.433125
5463147.197638,54,7116.466837
5453978.198577,37,7117.186696
5452381.950052,71,7118.536225
5534292.269071,76,7120.000528
5458111.029795,75,7121.448148
476016.920444,250,7126.005928
608428.387704,250,7130.773062
5840661.586798,88,7132.365245
326092.45591,250,7136.906062
1006074.692797,250,7141.399559
5517793.909955,66,7142.584742
5439743.154695,80,7144.051222
534005.930105,250,7148.645975
5497242.648924,83,7150.160217
5466276.362697,44,7150.963408
5476209.697149,49,7151.878416
5441771.217619,32,7152.433297
5442680.71134,30,7152.994284
5473940.533659,59,7154.029001
5454641.064064,37,7154.739133
646806.946549,250,7159.381611
5514091.652718,91,7161.235437
5648610.255298,64,7162.392287
5474362.568764,62,7163.564438
5462401.053029,33,7164.188796
5492608.934788,58,7165.293978
5419046.711923,26,7165.804806
5494908.046752,64,7166.990191
5421325.773646,28,7167.485726
595028.303254,250,7172.043017
5417533.218174,23,7172.487741
5473457.17424,30,7173.043462
5547103.377176,54,7174.04736
5417994.551561,76,7175.447559
5573977.261136,75,7176.823029
5463102.184855,70,7178.095386
5444202.562776,34,7178.729343
5512933.373303,35,7179.360975
332277.486964,250,7183.943563
432717.310221,250,7188.642323
5446530.623417,31,7189.239037
5393318.635653,79,7190.700812
5438016.544569,38,7191.403604
5386268.15404,78,7192.877282
5459066.324398,74,7194.285356
5438935.713725,33,7194.902988
5435626.213811,74,7196.18318
5443361.082163,91,7197.770263
5469270.576587,77,7199.205559
5477572.64531,78,7200.667374
486670.539928,250,7205.249343
5520504.285757,81,7206.731184
606348.249116,250,7211.444546
5364387.178218,78,7212.874001
5370965.825779,75,7214.291725
5387276.248163,82,7215.801785
5397008.94053,81,7217.280495
5437564.924276,26,7217.777873
621004.082585,250,7222.3717
481905.293203,250,7226.991737
682599.820427,250,7231.619285
5464049.349318,33,7232.259395
537763.548808,250,7236.890116
5444363.991018,46,7237.741262
411769.443468,250,7242.459902
5481800.664906,66,7243.767004
5426683.289786,36,7244.483698
5430752.865277,29,7245.054016
5464523.818616,47,7245.970038
5632620.532443,68,7247.307174
5461922.089582,35,7247.987172
5444868.24841,32,7248.625681
5382196.718262,83,7250.269482
5457608.431096,60,7251.452771
5678920.156862,61,7252.662459
5425144.525609,29,7253.226274
5478795.092664,65,7254.498107
432739.158145,250,7259.363956
5425886.705579,73,7260.813787
5476721.2348,58,7261.957612
5708931.745322,75,7263.424346
5537552.458097,75,7264.909931
5487088.271892,72,7266.29914
5480449.654072,60,7298.363668
5467741.160223,51,7299.473329
5459547.050568,59,7300.663532
5490507.99038,65,7301.944451
5433539.52492,36,7302.649266
5459272.246076,79,7304.213688
5517410.566232,37,7304.949345
5487044.903419,37,7305.668676
5438802.398996,83,7307.280235
6070038.804355,106,7309.310493
2052642.811254,250,7314.295508
5451938.275204,75,7315.778386
5482300.278417,57,7316.881453
5458121.473523,74,7318.279763
5416070.205454,26,7318.793508
2139772.638042,250,7323.67723
1393645.780913,250,7328.488198
5439367.308754,27,7329.012039
5478716.681162,51,7329.976169
5431170.93502,31,7330.550891
5449639.137875,73,7331.96524
5732947.177376,80,7333.520543
5555038.770638,38,7334.242208
5434034.967784,37,7334.931825
5469445.934697,72,7336.277752
5943760.767706,75,7337.72852
5849206.622973,84,7339.372541
5423323.918948,31,7339.987877
5452423.416257,48,7340.92374
5505312.673718,89,7342.63514
5476445.203587,55,7343.691742
5445863.782249,79,7345.254495
5394280.063674,74,7346.666994
5442667.851681,37,7347.380952
5481134.830535,64,7348.6479
5564942.941716,83,7350.248998
5503462.581633,39,7350.991353
5463611.801252,55,7352.063259
5463027.195498,55,7353.111041
5370773.52039,79,7354.662597
5432638.769345,35,7355.335795
5417833.166692,28,7355.891245
5454514.379265,34,7356.561227
5484713.412145,70,7357.942708
5474869.30604,52,7358.951734
5435808.004693,27,7359.480007
5462514.535554,72,7360.888225
5402163.729984,74,7362.268082
5418008.167573,74,7363.626473
5446117.346863,70,7364.919438
5488195.263985,65,7366.110413
5471209.887279,70,7367.400722
5417542.633424,83,7369.005521
5418618.551027,73,7370.374508
5454021.914183,64,7371.530856
5747106.299197,97,7373.325666
5467415.893245,40,7374.0575
5445894.558612,74,7375.44208
5471304.787152,65,7376.65754
5412019.917594,74,7378.039384
1625714.67693,250,7382.586371
5521666.280543,35,7383.219116
5442934.474159,30,7383.777925
5426711.08438,85,7385.324807
5478621.408053,63,7386.452219
5472682.177854,44,7387.247756
5410849.355349,80,7388.745727
5414313.551608,84,7390.281328
5769800.777067,52,7391.26572
5599131.935903,40,7392.022792
5480684.364095,71,7393.327832
5638281.908073,85,7394.842511
5446088.295928,81,7396.32458
5461631.910175,66,7397.563217
5448212.317686,35,7398.222497
5470944.432088,77,7399.643078
5455521.572122,37,7400.331143
5490174.440414,57,7401.378623
5429338.546042,30,7401.904554
5443725.002507,77,7403.325187
5587088.551138,83,7404.901882
5428731.542433,30,7405.44559
5494252.948474,63,7406.613346
5453905.49976,30,7407.18228
5462269.813247,43,7407.97843
5528865.369357,38,7408.718039
5428501.181167,31,7409.284405
5454775.513083,37,7409.93254
5359747.884584,82,7411.346471
5446447.237168,81,7412.860137
5445259.28522,30,7413.396869
5479005.084561,49,7414.293765
5884803.801775,85,7415.81758
5448967.848199,54,7416.821824
5422019.741715,31,7417.401186
5450480.914483,32,7418.019616
5431979.50501,29,7418.536706
1845452.887782,250,7423.201635
5484749.661358,67,7424.4107
5480873.965958,64,7425.570667
5475368.725304,57,7426.635691
7266717.272463,202,7430.389965
5516312.814707,72,7431.73233
5454179.970087,33,7432.338251
5465497.304626,39,7433.049019
5451575.245744,52,7433.990208
5488706.150207,40,7434.708813
5495294.31353,73,7436.057295
5452625.481261,35,7436.688393
5472802.541171,78,7438.129381
5452769.461319,46,7438.973115
5446771.273811,50,7439.88026
5460018.608956,68,7441.118743
5558670.885287,72,7442.450943
5472597.243454,57,7443.470528
5429491.341549,30,7444.032353
5874759.47919,98,7445.813361
5472814.172301,65,7447.035628
5549462.270141,41,7447.814585
5463961.375112,37,7448.57823
831826.393761,250,7453.132439
5408076.203377,70,7454.400184
5941157.442712,94,7456.113013
5553502.880898,76,7457.555316
5550860.166508,83,7459.082866
5460505.752328,50,7459.972387
375302.746176,250,7464.572613
5464939.762365,81,7466.091142
5435994.782358,85,7467.655581
5538912.550684,69,7468.911323
5438229.477799,72,7470.223368
5514027.441867,80,7471.679567
5486632.989964,58,7472.72
5431740.277933,33,7473.331277
5428657.879762,31,7473.89715
5433579.120783,30,7474.456797
5697200.687317,94,7476.175363
5424132.223656,29,7476.733476
5445910.608061,73,7478.10783
5500022.370073,68,7479.324661
1269702.084126,250,7484.067219
5464953.47921,61,7485.251494
5418969.289772,29,7485.811784
6404711.725765,81,7487.365427
5452571.567141,46,7488.264616
5473752.120463,53,7489.290194
5558587.725574,36,7490.000139
5436596.182225,36,7490.709646
5409844.349821,78,7492.243976
5486840.361725,61,7493.477883
5392403.67565,78,7495.020029
5452929.242135,33,7495.648981
5551265.524685,38,7496.469077
5695606.366605,85,7498.108816
5484032.59124,74,7499.554111
6050378.53763,138,7502.27266
5561856.944278,79,7503.841958
5554711.456652,71,7505.199668
5489033.440047,65,7506.475962
1061915.928292,250,7511.310474
5480628.42507,29,7511.879942
5476305.359709,58,7513.002209
5426968.979778,30,7513.595859
5786822.225043,55,7514.666577
5458329.432828,76,7516.173285
5451917.349241,49,7517.144694
5852769.039614,71,7518.535688
5464121.503585,62,7519.770034
5500097.961898,81,7521.35425
5463684.28857,87,7523.059973
5435194.212458,30,7523.648011
5425204.915301,78,7525.136509
5659285.650788,85,7526.8672
5504475.790732,48,7527.800101
5393670.410943,69,7529.153123
5385170.78848,85,7530.772481
629901.423787,250,7535.614914
5594418.152751,38,7536.355932
5475500.011943,48,7537.295305
5459015.747655,70,7538.676567
5640854.743829,93,7540.50747
5482044.50503,51,7541.535751
5452429.118214,73,7542.961965
5430380.618816,31,7543.557104
5481186.853903,73,7544.923582
5457520.585356,73,7546.298828
5393461.515107,76,7547.750738
5695206.125576,96,7549.600062
5472635.920529,66,7550.904321
5500668.661719,72,7552.348976
5694659.784741,76,7553.829975
5434602.433838,77,7555.306016
5397630.955035,81,7556.879015
5567656.652014,36,7557.592072
5468528.016146,77,7559.104817
5420606.294447,27,7559.621667
5389430.224958,71,7560.998966
5496198.80486,74,7562.460089
5607151.730613,58,7563.605975
5595921.239182,42,7564.41017
5470376.86546,70,7565.746512
5441079.903516,36,7566.452925
5477920.719746,55,7567.537686
5475257.018207,53,7568.618804
5460500.313366,31,7569.222161
5548797.212974,60,7570.399447
233158.029753,250,7575.314332
5465957.919368,55,7576.354601
5478588.780651,77,7577.829174
5402156.771404,85,7579.491427
5486128.159686,70,7580.842865
5494892.775984,70,7582.192452
5472221.872907,46,7583.078684
5811309.720183,50,7584.073245
5454193.136079,44,7584.940703
5469688.249811,72,7586.355353
5424824.263034,82,7587.88235
5741070.159341,44,7588.720788
5463822.051467,76,7590.207949
5473222.814621,31,7590.783721
5481361.251966,50,7591.735567
5585467.112357,63,7592.986518
5427843.920498,38,7593.715759
5439038.029086,24,7594.167926
1194466.218709,250,7599.041197
5503767.815292,83,7600.675668
6278173.150506,146,7603.491813
5653188.769942,75,7604.900825
5477197.054496,71,7606.257913
5433216.021223,30,7606.806331
5745040.653678,98,7608.587621
6120749.422613,79,7610.041342
5451085.537619,87,7611.598297
5477938.692592,73,7612.959953
5478713.340965,56,7613.999798
5531424.682451,37,7614.679488
5538359.682031,82,7616.19702
5579348.266578,48,7617.080932
6694996.147962,143,7619.723297
5749653.399847,90,7621.368248
5478105.106395,79,7622.808387
5641624.335476,43,7623.587239
5481331.155266,53,7624.538146
5850232.88661,104,7626.475262
5451960.313756,39,7627.182986
5434869.122898,34,7627.823547
5385457.209784,80,7629.283238
5432187.291383,80,7630.811691
5492578.303389,65,7632.035215
5565581.10228,40,7632.75694
5435761.931407,81,7634.226672
5501173.25986,62,7635.321748
5374656.672754,79,7636.75152
5448413.89628,52,7637.722074
5479471.890906,66,7638.949808
5414977.860472,75,7640.378258
5473772.488369,53,7641.412632
5739839.717394,98,7643.2273
238777.90432,250,7647.852203
5598566.405516,77,7649.230687
5486434.821192,37,7649.908546
5483783.646053,68,7651.137409
5717414.386868,51,7652.065969
5520932.573196,82,7653.578111
5426748.652847,37,7654.264138
5423034.560308,79,7655.700909
5453893.08943,69,7656.974722
5448273.378551,77,7658.383064
242575.375846,250,7663.026483
5647562.75779,60,7664.161208
927358.180427,250,7668.690923
5398430.983416,81,7670.161316
5489997.467821,78,7671.568841
5445584.876812,71,7672.867497
5444715.448123,38,7673.535207
5461918.291386,35,7674.162976
5466423.58363,56,7675.168573
5439947.798919,39,7675.855804
5487257.498806,30,7676.371297
5964809.580101,58,7677.448785
5497510.828373,60,7678.546348
5448103.747612,47,7679.428819
6123758.897929,100,7681.270847
5495780.333583,32,7681.869275
5453796.457932,75,7683.242039
5662581.817578,90,7684.850054
5893307.05857,93,7686.580424
773324.349781,250,7691.302659
5972674.429186,59,7692.388475
5496090.2701,70,7693.61378
5493798.14925,74,7694.94434
5465582.900732,40,7695.686427
5454148.584135,34,7696.325395
5477034.533762,30,7696.863205
5415378.442788,80,7698.317856
654649.356414,250,7702.886392
5478561.378784,75,7704.266427
5493753.793738,78,7705.753706
5506046.635775,63,7706.928856
5783118.019699,50,7707.830078
5435692.433313,31,7708.403918
5684734.547284,90,7710.037729
5450190.836205,76,7711.447065
5645676.669743,88,7713.044014
5788736.873256,80,7714.46695
5611970.577965,45,7715.311111
5524981.421711,35,7715.971896
5423151.42517,24,7716.376973
5450105.177686,74,7717.749547
5393575.584606,78,7719.160229
5504946.813324,55,7720.1485
5476386.058917,69,7721.393413
5467498.676773,81,7722.984375
5395116.704006,72,7724.393851
5383958.078242,79,7725.91735
5499510.974909,73,7727.352014
5428780.627899,84,7728.990508
5492156.76806,48,7729.954573
5642382.383905,95,7731.794695
5451190.701343,37,7732.528625
5877234.237999,83,7734.157383
5491922.719917,38,7734.900223
5461552.863935,33,7735.540177
5425053.805913,31,7736.200126
5677593.785272,48,7737.197757
5443061.752231,35,7737.892201
5478448.885076,43,7738.738668
5512634.352106,53,7739.770204
5600319.770566,79,7741.30402
5427973.981329,79,7742.822562
5453341.175513,27,7743.34662
5513266.195961,79,7744.89357
5423880.327893,81,7746.482919
5724024.942376,92,7748.269064
5400952.130044,74,7749.718062
5560450.635693,82,7751.328799
5497774.426964,82,7752.923405
5818687.355813,94,7754.753877
5447466.369379,50,7755.69201
5479616.570105,73,7757.142275
5680040.211139,60,7758.325747
5496525.395207,62,7759.528893
5456848.473753,34,7760.179313
5420737.111078,24,7760.657826
6852672.50214,130,7763.204663
5448414.5113,90,7764.966719
5505357.832786,62,7766.197398
5485072.872581,55,7767.256081
5894648.750611,69,7768.539316
5443643.94246,37,7769.251178
866570.686072,250,7774.074597
5418862.325438,70,7775.434771
5375037.743256,77,7776.966
5416583.575312,70,7778.352353
5481323.83047,34,7779.013135
5799064.955757,97,7780.913894
5475657.243581,69,7782.227393
5845369.191817,58,7783.363538
234324.141704,250,7788.212145
5442228.69869,78,7789.677031
5632531.10888,83,7791.228246
6090053.689483,110,7793.327949
5437161.798467,36,7794.036239
5547422.389417,43,7794.846087
5475738.237525,76,7796.301006
5484161.378543,37,7797.017509
5464624.710294,55,7798.104141
5473273.367712,49,7799.036985
5534718.044649,42,7799.840209
5464083.659411,40,7800.598078
5871584.815018,65,7801.849793
5441396.80251,33,7802.479034
5540571.602076,66,7803.768535
5398642.536974,84,7805.408179
5452538.176171,78,7806.95021
5437297.266194,31,7807.549833
5779828.485814,93,7809.375111
5832628.310435,98,7811.301436
5383345.968818,83,7812.934493
5455806.582598,77,7814.410402
5502563.601789,67,7815.701844
5452890.473764,38,7816.426694
5480861.457474,83,7818.088932
5483411.417373,91,7819.706692
5459271.09227,38,7820.398448
5471600.719221,68,7821.669392
5416376.949051,81,7823.147054
5460768.072631,48,7824.178718
5464734.319412,51,7825.122588
5447867.586743,73,7826.466367
5393316.582022,87,7828.041257
5432139.247261,76,7829.517434
5457152.53401,78,7830.935707
5436989.480936,31,7831.466708
5601249.030941,87,7833.108022
5372053.950094,76,7834.453824
5394945.040508,72,7835.808412
5442141.555527,31,7836.407752
5466808.714889,71,7837.696739
5443690.686762,42,7838.429216
5418368.985433,82,7839.953279
6197145.706687,76,7841.439317
5461221.538885,51,7842.282031
5496120.412575,68,7843.48418
5458453.699105,75,7844.727134
5444366.175076,77,7846.161096
6132184.676128,117,7848.215487
5457692.154097,38,7848.873259
5647743.196643,45,7849.685965
5795797.148822,87,7851.314651
5500806.768548,66,7852.491803
5517051.379826,60,7853.57415
5405192.189813,81,7855.182902
5443963.029361,87,7856.849643
5356721.93279,76,7858.319313
5449664.911091,34,7858.906375
5406752.128599,79,7860.244607
5510035.07716,89,7862.011471
5467409.382975,58,7862.962877
5494106.519063,82,7864.412415
5400813.205193,84,7865.796863
5432580.52303,76,7867.198954
5502920.103209,77,7868.611015
5368315.591175,76,7870.007197
5705154.355103,45,7870.818751
5639243.459913,36,7871.466401
5420288.288194,31,7872.035883
5447525.642157,75,7873.393191
5457514.27459,75,7874.738478
5502194.233185,75,7876.05489
5440689.87323,75,7877.468783
5483671.37084,53,7878.480585
5470915.872935,66,7879.67124
5392163.319801,77,7881.085201
5440957.470806,37,7881.759509
5467005.481711,38,7882.457316
5485329.087727,63,7883.578156
5692427.183899,107,7885.481488
5521087.198695,52,7886.442197
5447309.254828,73,7887.819967
5748631.61278,48,7888.684302
5448224.690416,36,7889.33722
6546129.193252,93,7891.081545
5449504.00566,55,7892.06934
5492281.669718,67,7893.269375
5425424.641243,35,7893.898719
5420447.483253,31,7894.523294
1007214.023587,250,7899.041996
5438684.500732,44,7899.832975
5698282.938264,64,7900.978534
423329.473011,250,7905.484522
5464809.973781,37,7906.154609
5411875.818807,74,7907.455161
5441471.553102,38,7908.145786
5425904.006594,31,7908.701746
5444465.734571,31,7909.292971
7137487.488949,216,7913.250076
5913806.50765,103,7915.121023
5629214.663742,91,7916.794925
5456841.682732,78,7918.227671
5589705.858893,63,7919.355832
5463769.747794,74,7920.679934
5749927.826119,65,7921.855991
5445409.270044,71,7923.105414
5419413.371295,33,7923.710133
5532906.759548,90,7925.326274
5474731.624853,89,7927.088613
6307296.921547,80,7928.569586
5472168.056554,37,7929.258786
5488117.861451,65,7930.451074
5463029.671219,46,7931.293451
1453250.372702,250,7935.847968
5451184.633126,77,7937.223714
5482943.944944,74,7938.564646
5433192.624128,32,7939.1205
5449908.211087,51,7940.088513
5493817.002293,78,7941.490105
5479394.136726,52,7942.45754
5441415.644657,31,7942.996968
5450143.13245,32,7943.569134
5506844.556005,68,7944.802914
5451024.881338,36,7945.448862
5478755.274318,57,7946.504079
5452811.969788,34,7947.125357
-180468.709468,15,7947.378122
5913105.838973,50,7948.308832
5402418.28592,79,7949.706216
5451490.717564,77,7951.105783
5429254.13193,36,7951.754002
5423172.082125,40,7952.468837
5433549.438115,39,7953.142506
5728542.920176,64,7954.320415
5504202.683825,81,7955.778715
5921206.169076,106,7957.764961
5529556.515058,62,7958.900753
5461359.750819,81,7960.393986
5426003.952387,89,7962.100126
5465082.207618,57,7963.200563
5434059.327607,81,7964.782441
5742998.730007,96,7966.629506
5466332.80226,31,7967.234434
5647920.778861,91,7969.02618
5453424.073523,37,7969.761745
5420586.146545,30,7970.350845
5454622.307536,84,7972.036145
5435518.6508,79,7973.58823
5403019.012968,80,7975.255728
5703357.54523,63,7976.477735
5521906.989973,73,7977.89297
5821464.810557,63,7979.10293
5412142.279422,77,7980.620017
5581393.441893,60,7981.76401
5501360.639483,54,7982.813788
5903429.762726,118,7985.124685
5639308.876841,72,7986.542104
5400455.797155,79,7988.119938
5424231.68096,31,7988.719498
5629723.783825,43,7989.56834
345532.67013,250,7994.416477
5337351.940213,81,7995.981267
5813201.832968,52,7997.008791
5470346.960784,78,7998.515659
5495370.101619,62,7999.730485
5543666.875387,68,8001.069503
5441646.517463,40,8001.855314
5682392.077763,95,8003.739715
5438870.225107,40,8004.516813
5468518.434994,74,8006.002208
5492374.568157,76,8007.481263
6145060.222358,81,8009.034117
5416702.04321,82,8010.615741
5465277.410107,72,8012.025559
5650717.481998,59,8013.178317
5490373.007865,54,8014.230747
5440009.633219,41,8015.033747
5564792.453215,69,8016.39231
5429059.347648,32,8017.025423
5463798.045646,36,8017.744642
5462311.372803,66,8019.051599
5638776.863555,74,8020.494808
5437136.049168,58,8021.633268
5688522.361473,65,8022.983148
5472660.769819,42,8023.78732
5438545.173324,39,8024.5539
5468126.738788,31,8025.153872
5446961.710705,30,8025.718132
5392614.440661,80,8027.219947
5383095.53317,72,8028.627223
5461003.645301,28,8029.174137
5760488.035989,99,8031.130364
6209069.628088,121,8033.463304
6248000.194631,103,8035.47713
5455522.432932,73,8036.928172
5709516.664944,55,8037.967048
5503235.878177,66,8039.246414
5488421.467978,69,8040.589366
5440222.063407,32,8041.200237
5486356.296115,39,8041.961904
5408612.76763,82,8043.541559
5944579.404247,60,8044.689608
5424359.57836,81,8046.253294
5472526.369632,82,8047.836986
5426743.808706,29,8048.394208
5432623.03773,39,8049.165987
5560115.569219,76,8050.674623
5521176.453411,36,8051.374524
5532973.689739,54,8052.413465
5416436.225805,28,8052.954379
5637108.990219,48,8053.890904
6040020.740025,64,8055.146209
5475577.808881,78,8056.658543
5467534.353962,69,8058.001384
5429729.762681,71,8059.38118
5469064.298354,45,8060.275731
5660936.052621,60,8061.42969
5412388.109322,79,8062.93345
5473445.961304,84,8064.584767
5634371.418139,91,8066.363893
5442532.819566,37,8067.070775
5420759.554608,78,8068.551412
6264927.756685,113,8070.769216
5580139.108235,55,8071.826143
5870645.778669,77,8073.290749
5415382.295591,82,8074.870785
5421416.036886,30,8075.455229
5588089.000002,53,8076.472822
5480809.10849,57,8077.574586
5515941.468027,78,8079.076349
5657875.179716,69,8080.412359
5445352.240869,75,8081.880697
5984193.352456,100,8083.719723
5478759.262234,41,8084.457544
5422822.857117,35,8085.114256
5470946.862934,57,8086.143106
5472369.571041,40,8086.890043
5597440.937098,92,8088.574532
5497108.603494,38,8089.304259
5460930.26812,47,8090.154671
5438036.822641,31,8090.71425
5448573.125065,34,8091.326954
5461374.230135,73,8092.674536
5769544.00661,53,8093.660934
5443404.66487,76,8095.084266
5376007.438862,71,8096.388783
5498986.914938,71,8097.68759
5438614.401651,28,8098.186253
5449213.764232,34,8098.814561
5455346.159215,64,8099.960648
5797369.432289,56,8100.987347
5794725.409217,74,8102.313671
5455272.355189,76,8103.727107
6111766.77629,106,8105.713517
5644156.418252,95,8107.451219
716853.942482,250,8112.079758
5439602.77518,35,8112.728888
466517.014035,250,8117.316193
5448317.062693,86,8118.85799
5465373.893501,80,8120.280715
5469555.717885,78,8121.717401
5460029.11018,38,8122.427387
5465094.99434,80,8123.883934
6035836.195873,64,8125.033286
5435240.793463,82,8126.576507
5446692.056274,48,8127.476244
5524054.634152,47,8128.318518
6259756.541481,113,8130.433284
5440232.250743,85,8131.97288
5465396.273708,38,8132.64094
5502933.10392,36,8133.282027
5480922.617687,69,8134.493449
5465523.512678,57,8135.536073
5466364.054667,54,8136.551557
5475241.840075,77,8138.007853
5642790.176415,82,8139.463708
193910.689463,250,8144.114758
5445517.413485,75,8145.464571
5457786.913983,38,8146.143936
5472698.94729,64,8147.325473
5426410.9544,74,8148.644272
5695565.518708,75,8150.035784
5561352.12653,36,8150.732093
5419866.171319,80,8152.188702
5508407.597774,76,8153.58936
5456033.981403,73,8154.928503
5492248.800314,60,8156.022813
5374092.101893,71,8157.319463
5487052.95066,65,8158.477422
5463135.285847,73,8159.796718
5433064.349793,24,8160.213378
6104650.795797,100,8162.113732
5458362.298712,51,8163.04648
5430302.247542,41,8163.786217
6231158.649342,191,8167.346816
5417041.273365,80,8168.83732
5536375.700555,31,8169.426051
5417976.312006,84,8171.032287
5436334.477639,79,8172.47043
5543391.919553,74,8173.819776
5460047.637082,55,8174.820824
5640077.712121,94,8176.547984
5482913.556538,64,8177.695166
5452585.914137,50,8178.629349
5454176.671113,41,8179.401561
5465794.95473,81,8180.873734
5398980.483353,70,8182.149603
5491148.291291,60,8183.229717
5539920.304237,83,8184.760702
5427468.504722,28,8185.270936
329973.910112,250,8189.731628
-107150.037597,34,8190.348855
5450700.058922,51,8191.272286
5433650.132352,36,8191.924044
5436721.752253,77,8193.334128
-184940.535165,36,8193.992692
5450211.473771,50,8194.905319
5432781.107273,28,8195.413394
5810099.985592,54,8196.377925
5542147.483452,66,8197.621014
5651335.046936,98,8199.394344
548205.529189,250,8204.08468
5497132.995978,46,8204.968179
5440534.632892,69,8206.319944
5452640.671559,26,8206.826817
5420448.537286,83,8208.43684
5475647.628481,33,8209.089832
5720403.828916,105,8211.12541
5490802.829004,80,8212.655622
6011768.275704,118,8215.098081
5454670.3795,38,8215.840638
5703629.742058,88,8217.564244
5419242.085371,28,8218.103897
5424160.434721,38,8218.846937
5466311.070401,55,8219.912447
5466685.399681,65,8221.186798
5954437.584682,83,8222.830883
5461431.293685,52,8223.849188
5454114.829242,33,8224.496032
5495650.612528,74,8225.964935
5446919.741768,29,8226.535266
5467023.165441,66,8227.820019
5808921.559709,104,8229.897807
5486229.981326,73,8231.34899
5490866.414528,86,8233.033597
5465868.072728,76,8234.502356
5943925.601389,106,8236.581126
5936423.903892,57,8237.683578
5474679.914144,53,8238.738888
5412946.893561,72,8240.161128
5505596.541233,58,8267.389962
5419277.068593,82,8269.093246
5494511.123571,80,8270.650243
5655392.33787,45,8271.516376
5464773.074844,33,8272.150216
5584063.770574,45,8273.024202
5417531.540325,74,8274.438533
5420760.430186,80,8275.986917
5532026.702265,35,8276.646012
5470504.09124,41,8277.45392
5699881.140732,89,8279.187289
5460325.838528,40,8279.980266
5526302.06303,71,8281.363909
5786461.294672,81,8282.963838
5502100.053288,58,8284.063656
5867323.23566,82,8285.666402
5438476.402299,30,8286.252215
5451416.309754,37,8287.023271
5493715.020947,70,8288.373646
5772902.922013,100,8290.319717
5440020.085586,26,8290.817719
5410171.626803,87,8292.508749
5706591.476981,102,8294.470754
5511469.38917,81,8296.077407
5746594.566321,45,8296.95864
5457474.512053,79,8298.517771
5447447.446866,32,8299.139411
5439696.834877,36,8299.874981
6055183.554023,68,8301.163363
5388089.811355,76,8302.65642
5432379.336995,28,8303.203679
5429498.315335,31,8303.792062
5430237.132926,31,8304.387813
6373505.810172,101,8306.301833
5464968.18757,54,8307.3348
5482422.361113,73,8308.734558
5448894.499437,37,8309.456378
5426076.899677,73,8310.844517
5464829.418347,56,8311.93912
5458310.408949,34,8312.596057
5590965.946259,55,8313.682596
5465654.249806,26,8314.160621
5654266.299217,80,8315.71725
5885778.082762,49,8316.644871
5625116.551356,84,8318.247799
5448167.562582,87,8319.947945
5603752.300741,79,8321.485949
5478076.161019,32,8322.064593
5444391.336683,79,8323.546918
5430367.207009,35,8324.220906
5435848.197375,84,8325.786935
5506428.813233,91,8327.482478
5440394.003967,77,8328.930588
352191.769513,250,8333.527067
5470045.154701,48,8334.422631
876508.150661,250,8339.007059
6203691.237195,135,8341.582093
5858227.320138,99,8343.427048
5503674.747196,57,8344.463387
5451853.334203,53,8345.45443
5990416.214477,105,8347.410005
5394618.31621,77,8348.859045
5419908.510809,88,8350.485171
5440563.244742,31,8351.042418
5430943.233767,33,8351.651804
5440270.827074,37,8352.321965
5477089.030198,46,8353.140696
5681841.067745,42,8353.881875
5477220.411719,46,8354.700767
5463260.727792,72,8356.017888
5514990.07101,66,8357.257447
5525435.319701,32,8357.848865
5447511.382962,34,8358.489168
6086119.03804,69,8359.776354
5470445.867076,51,8360.739258
5623775.741487,89,8362.359236
5491118.720122,75,8363.790011
5471040.582989,76,8365.209352
5392036.536261,88,8366.853632
1256022.22771,250,8371.39977
5464818.305557,37,8372.076925
5545395.751458,49,8372.970576
5463252.892001,72,8374.297073
5467183.096935,38,8374.98352
5453952.822007,74,8376.362622
5658225.091135,44,8377.157804
5816878.529763,94,8378.822725
5471863.210869,54,8379.8098
5448550.681681,35,8380.427386
5496371.700252,34,8381.058755
5465197.782006,37,8381.711071
5409110.775601,79,8383.234196
5641043.287509,54,8384.236341
5443694.649459,34,8384.837696
5886082.349854,88,8386.41872
5432578.957727,44,8387.202764
5422877.062257,29,8387.717885
5508589.498431,35,8388.355296
5457704.999684,36,8389.005504
5818393.670936,76,8390.380581
473347.298063,250,8394.903932
5405621.686787,90,8396.508164
5441734.294769,81,8397.915868
5466857.447772,77,8399.298078
5456263.519904,47,8400.171881
5503796.84083,68,8401.41908
5650064.888603,75,8402.795631
436376.871355,250,8407.305607
5396679.386257,78,8408.741638
5451227.988936,83,8410.295545
5574196.337622,72,8411.613769
5454450.745119,39,8412.306434
5519527.075406,80,8413.72597
5450085.795878,78,8415.168632
5437956.358505,34,8415.795857
5428629.557975,31,8416.370481
5463770.384841,76,8417.7569
5467617.050639,39,8418.437579
5624107.998026,83,8419.943349
5446528.912919,38,8420.651375
5471519.497653,74,8421.999761
5452510.166394,75,8423.328599
5497145.510357,37,8423.998445
5534534.231778,42,8424.780549
5430050.997593,75,8426.152273
5455925.460236,37,8426.826195
5469296.520433,75,8428.173858
5505503.768746,69,8429.462461
5396958.457362,78,8430.932476
5712913.834065,89,8432.559573
5816390.232869,103,8434.465404
5462607.699393,39,8435.168851
5479861.054835,68,8436.408462
5586944.161565,51,8437.321635
5775913.467152,98,8439.11877
5385809.226369,81,8440.625379
5450388.719293,34,8441.243038
5890741.006542,94,8443.0905
486432.083517,250,8447.961453
374690.20857,250,8452.796856
5467242.413135,42,8453.611139
5742185.997978,86,8455.271933
5464155.957767,34,8455.947475
5769490.999367,99,8457.897608
5506716.152818,43,8458.744698
5490105.164764,80,8460.316029
5542318.401474,80,8461.870015
5413308.430369,77,8463.377249
5650636.582617,69,8464.725353
5427436.003758,38,8465.473203
5493258.875429,72,8466.856025
5473480.190342,57,8467.976363
5790932.409634,104,8469.959553
5607185.477346,92,8471.828044
5478209.296036,53,8472.892322
5585149.384064,75,8474.344039
5470464.62708,51,8475.337499
5443334.979319,33,8475.976573
5502366.642534,55,8477.051903
5436354.115777,38,8477.809472
5466908.796612,43,8478.666272
5456462.151633,73,8480.080939
5450233.813891,71,8481.446202
5458327.634284,72,8482.844212
5475741.127435,59,8483.985765
5888806.321343,52,8484.979311
5436788.230033,33,8485.650114
5481433.453598,50,8486.636421
5440683.882329,83,8488.248966
5872633.941978,80,8489.816679
5475491.075387,76,8491.329072
5526463.569134,80,8492.912256
5390965.9693,82,8494.522655
5766667.549103,84,8496.16246
5568146.654555,71,8497.52567
5425317.107837,34,8498.251653
5399002.411882,83,8499.849036
5457665.998471,59,8500.988882
5733301.365059,78,8502.5088
5512606.001928,36,8503.217585
5885352.890065,82,8504.807388
5426784.891358,29,8505.359538
5700138.960282,89,8507.088193
5432540.443944,86,8508.776499
5458065.886664,33,8509.420608
5491937.602323,56,8510.512651
5768698.950127,80,8512.052941
5412349.633215,79,8513.534158
5498319.435139,56,8514.569299
5594298.091814,94,8516.374544
5494284.598754,70,8517.710984
5536717.190468,86,8519.47199
5459255.265668,35,8520.15905
5521171.366627,49,8521.126329
369525.175553,250,8526.011268
5458711.889568,38,8526.742826
5401466.028269,83,8528.344235
5423112.284534,27,8528.876843
5632458.771598,45,8529.762457
5438746.63402,32,8530.380691
5856708.820671,57,8531.489663
5456793.573229,69,8532.83845
5501846.653207,31,8533.448063
5605644.570626,40,8534.208344
5439349.243986,91,8536.004374
5739603.636926,95,8537.872901
5477398.882946,70,8539.255832
5478420.468826,46,8540.161669
5450987.759578,34,8540.808843
5453527.536743,85,8542.434886
5763234.879645,95,8544.213979
5506391.551827,82,8545.78817
5569424.567624,77,8547.261595
5477336.153389,29,8547.804865
5466320.344057,45,8548.670339
5523642.743394,52,8549.668281
5476646.021944,85,8551.311345
5460114.770878,66,8552.597627
5455527.292523,81,8554.174528
5380117.47928,84,8555.826769
5477479.700995,75,8557.295971
5637487.223284,51,8558.271903
6038970.137333,93,8560.083344
5426168.837423,78,8561.570978
5475060.528115,55,8562.600592
5454508.250855,67,8563.813895
5620795.766786,87,8565.443197
5450807.527827,83,8567.034323
5469569.208432,48,8567.936021
5387333.335441,77,8569.337924
5428311.808224,82,8570.90656
5420544.863656,28,8571.393503
5439986.004882,33,8572.016384
5434159.392671,77,8573.384403
5378153.857989,90,8575.043653
5492972.863663,55,8576.042119
5949857.270147,89,8577.663021
5465741.779342,72,8578.998743
5458210.584689,32,8579.587288
5448350.833242,83,8581.06912
5418853.738508,25,8581.537982
5481337.942128,52,8582.515869
5552223.567581,45,8583.333943
5479878.937038,38,8584.043319
5442247.245532,33,8584.642621
5467906.618811,62,8585.85115
7084114.253918,158,8588.785664
477124.539959,250,8593.37131
5454037.908507,60,8594.476814
5827652.289394,49,8595.389099
5621267.971287,80,8596.904301
5436021.620064,86,8598.517257
5508543.925926,74,8599.8861
5447986.119163,83,8601.429191
5452851.421708,27,8601.893672
5758278.85736,91,8603.599062
5487593.662776,34,8604.239912
5498465.8222,84,8605.839979
5390351.665424,79,8607.297482
5459926.924051,92,8608.936057
5425093.083485,37,8609.594819
5844557.470213,101,8611.457288
5453880.140994,29,8612.035597
5632287.126377,94,8613.735886
5443269.082496,36,8614.385515
5696012.878525,97,8616.209077
5439606.431082,32,8616.78757
5519894.61039,80,8618.25225
5713511.393306,98,8620.060032
5441913.130588,40,8620.812611
5464993.69852,25,8621.2852
5749661.906432,45,8622.10047
5477458.551997,73,8623.450486
6134846.153719,63,8624.641315
5490025.723438,67,8625.860371
770336.078726,250,8630.502313
5430668.711708,31,8631.050651
5541477.128313,83,8632.572923
5463780.511265,84,8634.074195
5735303.773232,100,8635.829163
5597961.225477,55,8636.810822
5684332.252089,94,8638.486963
5434722.980135,28,8639.044755
5680175.20841,94,8640.797376
5440156.451995,32,8641.37505
5445003.759227,39,8642.112612
5449790.167276,37,8642.816234
5521389.580344,42,8643.57744
5485253.057931,34,8644.181401
5463053.828612,74,8645.514448
5720701.151303,95,8647.275352
6007169.703297,85,8648.811761
5448666.54395,31,8649.345627
5849228.295421,79,8650.762961
5435778.154757,34,8651.382663
5458288.398497,37,8652.019943
237045.856415,250,8656.591972
5556357.640963,86,8658.170457
5462630.296982,41,8658.945303
5455138.2417,43,8659.764055
5420703.271305,74,8661.112998
5434289.690069,30,8661.643417
5469571.163001,73,8663.041897
5460758.439497,39,8663.72279
5475815.121352,77,8665.101788
5363896.125534,83,8666.600233
5662192.141391,41,8667.387237
5437229.097396,75,8668.720137
5732984.65763,51,8669.668149
5432241.417708,84,8671.21084
5547591.237969,82,8672.706287
5437578.816055,33,8673.307394
5547782.616792,44,8674.128947
5425531.738372,27,8674.608829
5644676.063781,70,8675.88148
5706823.488555,106,8677.81259
5429532.996601,36,8678.480515
5448314.808979,82,8679.918938
5524823.121523,40,8680.646106
5509089.575015,42,8681.450215
286099.984226,250,8686.293171
5843269.376614,87,8688.02448
5426698.358614,38,8688.759492
5421254.219766,31,8689.368359
5802225.420313,79,8690.910066
5473019.012639,72,8692.278919
5461713.673113,71,8693.650285
5458104.409059,76,8695.158073
5500516.178773,55,8696.210889
5435482.757039,30,8696.777844
5545732.669914,39,8697.546573
5811219.13884,96,8699.415314
5486168.294952,78,8700.925822
5380039.403367,85,8702.554995
1764792.839096,250,8707.412417
5536588.248636,41,8708.204723
5458079.385562,33,8708.835272
5469235.113454,70,8710.191705
5455384.245972,56,8711.33855
5493781.788956,70,8712.711118
6042400.853973,102,8714.727927
5581682.684335,83,8716.379694
5451031.183361,85,8718.05582
5482672.249935,48,8719.007169
296289.129581,250,8723.846639
5435231.252764,32,8724.454513
5436357.303676,86,8726.093127
5453226.940624,80,8727.589804
5435851.586899,28,8728.13815
5437532.785893,81,8729.683945
5434058.418662,85,8731.348176
5435905.853168,84,8732.979162
5439708.455441,35,8733.654813
5471276.42889,73,8735.071451
5462053.070966,84,8736.688737
5488190.264447,62,8737.897175
5514691.548114,80,8739.444904
5533613.15352,85,8741.072791
5468840.102282,52,8742.095814
5956970.069697,88,8743.787581
5442762.290101,87,8745.486359
5474952.404467,78,8746.988067
5445635.08163,85,8748.644317
5397612.040237,91,8750.399789
5469526.511604,51,8751.394094
5445538.531858,32,8752.009083
5413638.18729,87,8753.70285
5511911.993856,69,8755.042198
5468232.287215,67,8756.325364
5506926.843736,38,8757.055292
5499324.440032,36,8757.744014
5512130.062793,80,8759.323644
5856758.936657,105,8761.361524
5439227.409746,32,8761.988547
5452981.79747,77,8763.485349
5429648.385958,24,8763.942914
5679263.543467,39,8764.686581
5448785.648178,34,8765.352502
5432082.295866,28,8765.895821
5456070.361775,36,8766.565215
5519188.514694,60,8767.712541
5445458.547692,30,8768.300117
5469232.879684,67,8769.584913
6169097.936621,118,8771.844131
5393711.5622,75,8773.278089
5516925.975459,63,8774.497551
5448492.496533,32,8775.146184
5495921.033343,75,8776.620127
5459872.27913,77,8778.128032
5367552.01069,81,8779.723341
5456821.415452,34,8780.386079
5513092.618579,79,8781.897137
5432935.167625,34,8782.560677
5428046.874608,83,8784.167677
5524986.3801,36,8784.883759
5426127.51709,79,8786.383602
5462854.916549,46,8787.253715
5493143.04261,82,8788.81933
5832064.766389,105,8790.879482
5381768.593688,70,8792.259829
5704107.166135,43,8793.093529
5745958.373714,88,8794.792466
181679.918807,250,8799.485394
5458186.227321,59,8800.615934
5455850.529544,32,8801.222868
5526173.177524,77,8802.642348
5450663.084151,28,8803.161167
5815213.0154,80,8804.604944
5499740.559844,54,8805.592701
6002300.523816,106,8807.613077
5435059.507938,33,8808.205253
5478146.615193,71,8809.509657
5450297.342421,40,8810.214662
5498193.951477,61,8811.332423
5447817.88636,36,8812.001369
5434724.089823,82,8813.490935
5471489.027926,89,8815.13262
5465057.918079,36,8815.759747
5452555.874746,79,8817.151684
5611025.929489,78,8818.567628
5488673.526713,70,8819.863809
5671481.715486,88,8821.522256
5556839.771498,55,8822.546407
-148876.502853,22,8822.96015
5472973.710817,39,8823.692364
5511707.124471,75,8825.058353
260871.396803,250,8829.623181
5571624.623976,40,8830.374749
5470461.696832,47,8831.227115
6261086.108444,85,8832.769006
5432126.914469,92,8834.452052
5438853.380921,32,8835.049598
5463492.623228,81,8836.554503
5593748.27714,48,8837.417743
5438076.360641,29,8838.000126
5680991.141841,52,8838.956607
5750152.597807,51,8839.862795
5434148.156921,78,8841.278631
5706117.642835,102,8843.180935
283863.419271,250,8847.745424
5417852.226549,28,8848.260574
5612822.42286,45,8849.107686
5498262.155871,30,8849.6458
5469279.719397,64,8850.805098
5435262.268962,85,8852.357849
5421102.316816,30,8852.91949
6554139.316446,113,8855.077192
5606491.002809,83,8856.63616
5604176.116151,70,8857.942744
5442251.401561,77,8859.408473
5526251.042477,81,8860.856511
5433394.666547,85,8862.415855
5479915.311133,91,8864.066644
5452370.61893,34,8864.685015
5493888.32876,54,8865.673814
5499661.645531,84,8867.195531
5462966.303895,71,8868.517181
5532352.800877,81,8870.005834
5438809.333046,34,8870.630792
5503855.077145,64,8871.781241
5442358.671595,73,8873.077246
5482372.688109,69,8874.317026
5776813.625494,99,8876.102019
5836406.168393,74,8877.458212
5461336.956282,63,8878.617885
5455985.561227,79,8880.098514
5955875.634009,112,8882.114498
5433544.113208,79,8883.588266
5471759.318155,80,8885.044161
5745770.165958,53,8886.012968
5449203.449746,77,8887.453779
5454323.339595,44,8888.275667
5473066.262262,38,8888.969575
5451026.113014,32,8889.561973
6178507.37216,95,8891.253596
305460.789108,250,8895.894366
5476539.587244,77,8897.278024
5530616.225121,42,8898.055899
6033785.312026,81,8899.554929
5421791.316469,79,8900.964092
5518948.098041,50,8901.854518
5488899.178305,76,8903.348246
5491909.169249,83,8904.818504
5477429.771654,71,8906.105871
5561616.553785,43,8906.89755
5447940.103664,31,8907.486304
5503895.859653,69,8908.736233
5430123.034987,31,8909.332767
5684883.079904,90,8910.983458
5397328.573835,85,8912.547147
5766123.086061,57,8913.640687
5483326.289435,62,8914.778126
5446808.679523,40,8915.522753
5524340.796956,79,8916.952955
5449154.595364,68,8918.2052
5467228.426285,74,8919.574124
5475697.048817,76,8920.978781
5453665.485248,32,8921.584491
5819030.563639,91,8923.368683
5468716.719146,57,8924.485362
750563.682685,250,8929.339606
5422474.959843,32,8929.966602
5599536.04408,47,8930.837435
5630484.58986,83,8932.403585
5453660.946756,34,8933.054259
5468546.174904,82,8934.573627
5506307.861458,56,8935.637436
6049545.441628,66,8936.932088
5445628.150953,35,8937.60977
5852911.058184,95,8939.462134
5497235.822145,73,8940.877001
5436354.993729,80,8942.451406
5812218.890353,75,8943.938876
5765174.898408,74,8945.358909
5463606.784952,60,8946.50473
5453591.960904,70,8947.860348
6937861.841792,169,8951.25112
5466150.513851,73,8952.709938
5479711.904601,86,8954.408757
6071443.80368,123,8956.793346
5395751.954052,82,8958.423708
5441525.625476,34,8959.106129
5721239.457106,44,8959.989048
5492755.000893,77,8961.466952
5446231.306589,32,8962.104698
5474427.177855,77,8963.584868
5489338.86643,70,8964.930097
5463709.340813,54,8966.006247
5423298.486221,80,8967.542763
5446905.85352,83,8969.12136
5441393.00659,32,8969.733515
5651034.319466,90,8971.49972
5449322.979814,40,8972.276704
5440815.948504,38,8973.020395
5438490.268452,28,8973.582724
5408302.599206,77,8975.11185
324506.434571,250,8979.916094
6177537.479842,78,8981.426789
423622.976694,250,8986.146003
5523242.928624,87,8987.843235
5477454.186121,72,8989.256408
5685163.244429,66,8990.550292
5448073.805777,80,8992.104142
5437054.661142,77,8993.594884
5417044.626525,77,8995.075946
5501975.231737,68,8996.383522
5466704.640152,55,8997.436702
275796.521454,250,9002.253224
5819381.461536,80,9003.804409
5376608.355655,78,9005.305122
5496002.95565,82,9006.819349
5493934.537575,40,9007.59989
5587784.30537,40,9008.366888
5511461.602497,33,9009.011513
6019652.155761,89,9010.746839
5704523.571738,80,9012.307308
5487033.296774,78,9013.826164
5423503.188491,79,9015.349289
5515972.028979,39,9016.105514
233114.590016,250,9020.986952
5457022.039122,75,9022.397459
5460546.859427,47,9023.319913
5418345.592682,31,9023.929444
5654282.579183,96,9025.805816
5498747.81508,64,9027.028715
5478206.760786,34,9027.638779
5724305.01974,90,9029.320722
5437825.347453,30,9029.907496
5508312.102609,84,9031.525384
5446674.267349,49,9032.490945
5508158.32379,79,9034.040032
5665156.963708,74,9035.493441
5467419.087229,53,9036.518555
5465186.553417,76,9038.012677
5626200.640358,85,9039.650074
5432587.437095,85,9041.297193
5437119.831614,38,9042.007944
6143621.929884,117,9044.115463
5841288.035084,110,9046.153533
5649912.328601,98,9048.054498
5434697.436772,34,9048.713844
5353679.006954,78,9050.196847
5679254.003263,45,9051.047656
5594675.457963,84,9052.643148
5427730.671162,34,9053.273107
5389498.356283,88,9054.917205
5471121.033162,56,9055.927454
5422676.69091,84,9057.438673
5763896.09753,97,9059.244312
5710089.291763,76,9060.655604
5442964.835045,36,9061.347524
5511307.419301,58,9062.407362
5449836.851348,38,9063.100956
5467303.871125,88,9064.678975
5436540.526971,28,9065.207332
5772010.215988,92,9066.886455
6205914.267689,112,9068.985049
5531980.92084,77,9070.423763
5602931.350402,63,9071.59156
5380395.721628,80,9073.046354
5438151.871948,32,9073.629246
5500106.667837,61,9074.716434
5490109.313013,88,9076.348986
5465265.225776,31,9076.910349
5466583.633104,50,9077.846242
5455585.374891,73,9079.162977
5441204.986733,83,9080.67869
5437993.730597,35,9081.304674
5484768.655604,85,9082.827665
5432659.791247,26,9083.293975
5473528.649564,69,9084.510605
5435669.097535,31,9085.077738
5453536.321398,38,9085.82181
5532085.194696,87,9087.464825
5439970.506939,35,9088.105962
6333102.857421,135,9090.601597
5451364.824528,26,9091.085674
5450176.1044,65,9092.282596
5861130.028603,99,9094.155513
5529790.718583,80,9095.675988
5477999.263025,46,9096.496793
5483330.027245,45,9097.311044
5437435.430469,33,9097.920171
5481593.187959,52,9098.872969
5463144.36017,39,9099.562573
5485410.336015,52,9100.493414
5528505.727821,35,9101.115317
5504337.46279,83,9102.597134
5430759.270643,82,9104.052446
5441613.518477,37,9104.741336
5422591.543952,31,9105.317544
185221.540044,250,9109.851744
5595949.380991,75,9111.199384
5544981.878169,91,9112.839966
6124119.63605,103,9114.69918
5433929.410036,28,9115.192341
5478893.977639,78,9116.591605
5702475.868197,78,9118.031989
5458712.587317,81,9119.50523
5428725.23887,34,9120.155813
5581581.844017,37,9120.817323
5477756.95482,59,9121.873373
5507212.200614,68,9123.120033
5917134.527241,87,9124.698353
5499335.409862,63,9125.819391
5443349.806848,65,9127.004934
5490010.724404,78,9128.406382
5450685.941104,56,9129.44774
5460268.075994,51,9130.370613
5387433.405602,88,9131.951535
5479581.095111,84,9133.500184
5442655.912814,33,9134.096464
5915286.118416,70,9135.369435
5488008.719354,79,9136.801171
5492842.453878,43,9137.617834
5400127.372881,87,9139.206102
259526.95354,250,9143.768983
5527396.770846,54,9144.723524
5463466.167075,77,9146.134913
5596413.426231,92,9147.812412
5473013.432196,63,9148.959178
5509076.962221,86,9150.522321
5723618.000253,106,9152.475778
5447657.98476,82,9153.994873
5469165.867296,78,9155.41822
5890028.797361,74,9156.780852
5461360.361687,32,9157.381684
5434882.559776,79,9158.778939
5423175.082022,36,9159.459606
5750853.351654,90,9161.173716
5482935.734185,60,9162.325409
5471079.914238,37,9163.048159
5446602.545237,48,9163.986165
5516267.499066,36,9164.696111
5449773.33724,39,9165.470806
5686279.172496,85,9167.124472
5483459.097552,64,9168.387409
5484677.785997,70,9169.728584
5472386.928273,74,9171.155819
5691718.462658,50,9172.121502
5477911.000169,31,9172.724254
5464466.666637,78,9174.232487
5455321.399445,54,9175.234705
5460264.341362,57,9176.32907
5432602.754991,31,9176.937994
5682058.646029,50,9177.923469
5478459.956029,38,9178.668812
5441006.017719,70,9180.03746
5468142.921595,66,9181.314949
5447006.700261,53,9182.36776
5859128.40183,91,9184.135153
5407095.166012,77,9185.622646
5436339.901276,35,9186.276784
5465691.014835,42,9187.087576
5783162.134826,55,9188.136873
5425328.167773,81,9189.698097
5464876.995982,37,9190.445846
5422293.703859,88,9192.233136
5465665.014841,61,9193.435271
5412593.024627,88,9195.120002
5463598.7412,65,9196.403072
5460306.161968,68,9197.725727
5533399.739255,84,9199.348493
5407365.321667,77,9200.8285
5508066.04191,65,9202.106382
5471835.887835,50,9203.096705
5448785.283203,34,9203.758302
5437492.041065,72,9205.159119
5789354.123317,94,9207.020632
5419537.000162,79,9208.522773
5445033.958276,40,9209.297125
5405983.879825,77,9237.423727
5493913.486,68,9238.771947
6103647.455643,89,9240.49458
5489533.564482,67,9241.771283
5593536.865296,74,9243.233835
5511615.572022,32,9243.855391
469092.278718,250,9248.625141
5836001.136985,95,9250.486818
5375926.758056,81,9252.07196
5435853.519929,32,9252.717123
5746965.259081,69,9254.054656
5437938.221535,75,9255.585178
409780.514941,250,9260.3823
5452833.90947,39,9261.141163
5575313.613604,90,9262.893147
5454417.621365,37,9263.633976
5476293.671736,62,9264.859873
5389886.513598,82,9266.445687
5431050.58868,77,9267.926554
5465312.175845,79,9269.436594
5469989.337704,68,9270.758575
5629986.449724,45,9271.609866
5487786.869355,62,9272.780664
5500891.307855,76,9274.261777
5770008.927983,98,9276.117235
6006092.267531,78,9277.626135
5488397.774279,57,9278.75153
5630433.742374,66,9280.045641
5459874.432317,31,9280.664777
5451267.097062,32,9281.286455
5763401.540597,90,9283.00707
5479840.573787,89,9284.657762
5458097.69237,40,9285.394243
5562040.027472,68,9286.681155
5485948.170951,62,9287.802795
5465660.245299,83,9289.286212
5480719.07548,56,9290.320002
5474697.405938,49,9291.241954
5454275.763987,54,9292.232427
5418765.940517,27,9292.706456
5422691.308371,30,9293.280811
5463043.395084,73,9294.633214
5453196.928305,67,9295.882444
5423223.596634,32,9296.461638
5474260.375147,64,9297.6344
6292812.62995,102,9299.542205
5545872.751922,90,9301.180292
5708076.501767,57,9302.23701
5940832.6184,112,9304.352602
5506411.586474,59,9305.448627
5430497.410289,27,9305.944829
5758678.943493,72,9307.271641
5508002.86895,73,9308.599947
5592268.900275,46,9309.472768
5474560.042663,50,9310.4054
5490568.89759,67,9311.629227
5604643.993223,44,9312.419442
5460351.559104,82,9313.898056
5413524.715695,82,9315.402971
5370638.918517,99,9317.235833
5822733.339717,84,9318.770401
5434529.749079,28,9319.286394
5464545.994082,71,9320.592849
5467240.087954,40,9321.32186
5686103.810147,88,9323.006066
5689752.972694,75,9324.379146
5784289.93555,63,9325.585259
5474548.161318,68,9326.878526
5752409.548416,54,9327.859727
5435915.643248,90,9329.518749
5497071.985896,88,9331.119992
5605150.481044,68,9332.350394
5786570.384632,53,9333.323223
5601753.060816,89,9334.943744
6315004.56307,121,9337.149725
5381218.306895,87,9338.79686
5437926.028691,34,9339.434483
5463386.168002,41,9340.179688
5472221.484743,78,9341.573229
5774287.765535,100,9343.419979
5446293.988577,34,9344.050728
5440693.307532,35,9344.682519
5465310.681345,80,9346.1817
5514311.29717,82,9347.673076
5510547.076562,36,9348.353684
5409342.488264,88,9349.941149
5842401.39496,54,9350.972937
5892302.605807,87,9352.561337
5419854.513437,92,9354.275816
5468229.165675,54,9355.311507
5469712.017644,33,9355.894588
5477427.744121,78,9357.352
5427038.667614,86,9358.977699
5497369.207447,87,9360.522746
5394111.09844,84,9362.021633
5579409.839233,85,9363.608163
5472124.842583,83,9365.085978
5444946.881659,37,9365.757774
5475721.008958,90,9367.463288
5593560.488156,57,9368.525122
5478817.696986,69,9369.79126
5439487.234405,85,9371.370672
5443133.014918,86,9372.963844
5489051.815144,53,9373.924684
5447217.745814,75,9375.285055
5456570.631562,76,9376.663999
5444905.450835,87,9378.257023
5462276.169031,61,9379.361023
5540195.737582,50,9380.254081
6108320.404296,76,9381.632766
5443915.614034,34,9382.238632
5466519.208233,39,9382.927803
5995872.874177,118,9385.111284
5482480.936984,43,9385.926036
5470355.383937,78,9387.395039
5503587.946771,57,9388.483131
5735452.873711,86,9390.064874
5649035.311849,97,9391.819031
5444394.800359,35,9392.450155
5451638.625571,85,9393.994169
5492954.24607,86,9395.548055
5450918.800667,63,9396.6981
5467824.807572,30,9397.223566
5478817.644336,77,9398.639079
5635627.362297,88,9400.267308
5464100.254794,57,9401.280485
5480624.266873,40,9402.057485
5698091.562132,97,9403.913168
5382283.666689,78,9405.450135
5550409.323453,61,9406.632714
5626645.810095,41,9407.437968
5423258.00679,79,9408.958824
5986400.867871,60,9410.107063
5440929.303835,78,9411.638321
5437156.316751,27,9412.163893
5811309.407811,58,9413.324053
5465756.238564,36,9414.017911
5403137.667977,79,9415.57959
5412051.798526,78,9417.101063
5475283.983888,69,9418.455691
5466326.104818,52,9419.445118
5431870.326135,33,9420.108881
5433376.097986,35,9420.788483
5437340.412002,84,9422.414267
5456305.02494,72,9423.819011
5481071.431046,66,9425.124171
5496350.500999,68,9426.472757
5434557.589292,38,9427.218279
5408114.688194,79,9428.766622
5451630.173081,35,9429.449224
5486544.573747,73,9430.873884
5476612.266341,37,9431.604326
5479131.269681,60,9432.784313
5471288.936082,69,9434.128416
5442969.186635,36,9434.822188
5460935.868192,50,9435.787257
5416587.15761,24,9436.270183
5444393.633587,32,9436.891937
5469347.635113,41,9437.701111
5415769.068529,90,9439.495393
5429328.977101,36,9440.206521
5440248.302259,28,9440.766998
5415706.687654,93,9442.601793
5658574.201165,42,9443.422397
5465817.355404,43,9444.270558
5623102.244927,83,9445.919065
5493552.252577,57,9447.133695
223806.695786,250,9451.997001
5620756.194566,39,9452.764621
5436228.777904,36,9453.450549
5478051.966504,55,9454.498827
5440695.353593,33,9455.155698
5450926.692725,39,9455.928269
5452178.955517,82,9457.571182
5482356.285279,54,9458.63817
5426982.811712,73,9460.071911
5613297.693909,53,9461.117779
5430736.002625,83,9462.722921
5435357.810771,32,9463.345451
5495490.086949,43,9464.162407
6307631.11745,140,9466.865632
6452031.163326,129,9469.320317
5505270.339297,75,9470.769666
265578.051348,250,9475.754686
171370.716475,250,9480.636149
5662197.564146,46,9481.48513
5455509.194537,29,9482.042998
5488090.601101,94,9483.871462
5754647.406772,97,9485.730768
5438404.804714,32,9486.338143
5504386.266967,75,9487.811311
5460008.301079,51,9488.809571
5602018.601214,88,9490.519932
5499036.81861,69,9491.885388
5478382.664336,41,9492.684648
5376194.597309,92,9494.508471
5754313.839011,44,9495.419094
5474457.641595,68,9496.743922
5448332.979042,76,9498.224813
5494329.450961,79,9499.784165
5489499.246072,87,9501.508216
5431427.071387,86,9503.19807
5503890.926734,80,9504.744222
5453868.92286,32,9505.398802
5878857.38496,107,9507.493429
5782701.487375,60,9508.666232
5606858.730695,49,9509.609552
5690630.294294,89,9511.332395
5648478.052494,73,9512.719818
5433398.476054,86,9514.374853
5472243.949393,52,9515.394376
5433923.211649,28,9515.918254
5435398.660224,88,9517.599552
5437189.369094,40,9518.380656
6132649.754839,105,9520.445636
5458153.584641,34,9521.089883
5426509.505748,33,9521.753531
5470847.16647,55,9522.798573
5718884.15587,105,9524.797424
5464605.611427,74,9526.143231
5853419.120693,84,9527.659955
5469748.065299,36,9528.311395
5651007.280839,89,9529.93202
5685991.061014,97,9531.821189
5639292.743743,57,9532.926246
5377675.999071,81,9534.408289
5802332.892219,104,9536.364941
5431967.037274,30,9536.924655
5445435.754532,48,9537.816678
5487069.576089,67,9539.047637
5463434.977243,86,9540.629435
5666470.651847,81,9542.129536
5440533.954155,38,9542.908324
5698087.336228,89,9544.578545
5450197.166866,34,9545.206426
434151.064546,250,9549.838605
5641855.472086,68,9551.152285
5501751.905544,36,9551.803081
5512646.756007,65,9553.005088
5508759.578562,55,9554.008047
5491373.296852,71,9555.377507
5470634.96359,51,9556.307326
6141966.814575,117,9558.418632
5448882.620311,42,9559.196668
5449521.975047,89,9560.809709
5993947.144175,112,9562.801747
5459382.206693,79,9564.295814
5447418.929133,76,9565.72329
5541570.910801,48,9566.604197
5440622.596542,71,9567.957273
5655410.321049,85,9569.516684
5687119.205915,49,9570.449921
5437674.020871,36,9571.111553
5717420.79853,52,9572.072077
6423675.876983,89,9573.700299
5408278.007739,78,9575.162006
5466313.482722,43,9575.944079
5446160.708394,30,9576.498983
5456484.492309,76,9577.861259
5458609.895047,78,9579.266963
5733605.102179,101,9581.182117
5485684.746853,65,9582.365752
5538608.390414,72,9583.678698
5400661.842222,82,9585.149801
5814271.876886,97,9586.903975
5484021.030264,76,9588.335957
5409736.45118,94,9590.059473
5399366.420704,86,9591.748939
5489847.070376,87,9593.390897
5499469.76662,57,9594.463644
5484203.632514,81,9595.974979
5443304.372134,31,9596.552629
5644081.745065,105,9598.472256
5404356.573115,75,9599.841437
187471.397078,250,9604.311101
5471622.220739,62,9605.395441
5543661.827236,40,9606.111958
5789119.514923,89,9607.71649
5745013.51773,100,9609.583742
5760761.749471,84,9611.161104
5425002.101965,82,9612.650995
5884398.417487,76,9614.02379
5418466.955907,85,9615.535291
5535574.386437,77,9616.977598
5488772.468708,44,9617.79185
5452901.665332,37,9618.475853
5542824.82915,73,9619.799809
5419685.496982,31,9620.366042
5804070.207116,104,9622.233574
5459963.041828,38,9622.927834
5543563.465333,45,9623.74249
5764650.043564,48,9624.609423
5441848.893235,34,9625.24219
5518153.058219,74,9626.602786
5474268.956185,40,9627.326007
5505240.352143,71,9628.597179
5439100.544781,82,9630.063221
5452895.280616,80,9631.513092
5473244.211041,77,9632.949017
5463875.614488,51,9633.87687
5446516.089955,76,9635.251814
5445295.737314,71,9636.550384
5787489.609358,99,9638.369715
227244.393285,250,9643.126065
5941880.57416,104,9645.137963
5473500.652344,69,9646.478034
5436330.491139,81,9648.035144
5393482.344467,90,9649.802625
241580.071664,250,9654.674841
5433017.596553,44,9655.547176
5442367.173842,36,9656.254143
5368074.336662,83,9657.887389
5422227.886704,84,9659.51464
5646254.776956,84,9661.168643
5443990.782629,87,9662.844417
5499851.638669,73,9664.274667
5860100.96186,92,9666.039928
316393.509542,250,9670.90735
5490021.246914,42,9671.718043
5342849.782706,86,9673.412298
5616342.101596,45,9674.268269
5453302.942871,36,9674.955597
5447123.695681,33,9675.599575
5623234.717602,79,9677.136834
5571454.480288,93,9678.906588
5598770.384093,90,9680.646397
5497828.320811,73,9682.071907
5456197.560042,86,9683.786265
5442525.420528,76,9685.272812
5487567.571514,48,9686.196167
5962973.381997,84,9687.926023
6157197.302065,100,9689.796521
5731217.921276,46,9690.666578
5428500.550474,32,9691.285054
5471474.030122,36,9691.959522
6024683.378108,108,9694.072673
7001313.341575,152,9697.060309
5442818.705294,83,9698.701757
6000634.340034,111,9700.863736
5489140.592251,58,9702.010233
5533973.234888,73,9703.414626
5436549.872972,32,9704.055072
5839377.353348,50,9705.037999
5363765.179801,89,9706.729123
5445719.277851,37,9707.413489
5472376.281703,32,9708.009268
6133396.726721,113,9710.200621
5548162.427331,85,9711.810093
5608638.29781,82,9713.411485
5529254.31861,83,9715.033217
5525016.071191,62,9716.205715
5462837.409116,53,9717.25624
5531233.757183,76,9718.770222
5581885.965969,88,9720.45579
5439231.175678,86,9722.079734
5457890.835788,35,9722.766799
5696385.157727,74,9724.194912
5472152.792354,71,9725.50416
5423754.649873,30,9726.090511
5529759.197155,54,9727.13248
6260717.792287,104,9729.154863
5486631.798754,77,9730.672321
5808700.068832,78,9732.217667
5478253.118807,47,9733.119104
5465092.194446,67,9734.397938
5499704.192051,42,9735.239125
5789117.470417,96,9737.087677
5968542.931204,116,9739.346187
5442234.637677,32,9739.94638
5476082.983309,52,9740.968006
5474122.774813,64,9742.203969
5711662.393927,48,9743.132731
5486939.525174,38,9743.829094
5450619.905279,48,9744.722862
5466994.064009,58,9745.86011
5485379.677199,93,9747.693609
5476389.915751,51,9748.702663
5469910.249686,49,9749.651537
5455157.954786,36,9750.342206
235240.352556,250,9755.191494
5607157.170261,72,9756.560279
5626533.511748,78,9758.034195
5432500.424265,33,9758.64785
5476450.998166,69,9759.891086
5485462.218872,42,9760.62133
6550020.442268,125,9762.839292
5482429.155389,37,9763.489082
5678648.541734,46,9764.29649
5464478.99333,69,9765.500328
5469556.777719,87,9767.020105
5492662.289979,88,9768.577327
5475396.121721,51,9769.508464
5427576.209707,31,9770.076085
5466162.380713,35,9770.724034
5467954.037414,82,9772.211843
5429820.854897,37,9772.889366
5453759.852087,73,9774.196813
5602735.895629,84,9775.736107
5452861.262689,34,9776.362764
5438579.630745,50,9777.297906
5646769.094429,88,9778.93089
5541222.92553,41,9779.707779
5401962.746606,91,9781.366307
5489518.127788,74,9782.764071
5493444.60438,76,9784.162325
5990917.302072,61,9785.211996
5442907.084248,61,9786.286904
5469851.896784,89,9787.864413
5448335.347303,39,9788.539546
5466456.354677,47,9789.368936
5456363.314032,35,9789.98768
5654626.793085,48,9790.826694
5447550.28483,84,9792.310191
5609137.358938,90,9793.871721
5445375.842412,89,9795.502092
5703140.858812,75,9796.877362
5951150.885171,62,9797.974517
5437448.833412,76,9799.352606
5476987.616337,35,9799.990276
5508984.98861,44,9800.798878
6065970.328449,78,9802.266657
5472478.361099,79,9803.715098
5418377.903093,88,9805.361136
5818053.771656,53,9806.400909
5960146.625467,78,9807.862298
5428959.935019,29,9808.378336
5522643.016651,88,9809.991594
5450499.541158,49,9810.872684
5425500.041481,33,9811.481536
5545590.094858,95,9813.304065
5539735.185733,79,9814.858616
5471675.588423,65,9816.106781
5482477.82876,36,9816.834526
5617404.768944,89,9818.494105
5478345.957684,38,9819.183712
5411678.558074,81,9820.679712
5629733.631092,48,9821.599098
5529818.983361,72,9822.923793
237670.345487,250,9827.564132
5499063.032671,92,9829.277676
5654548.461531,53,9830.306919
5476340.425142,76,9831.908366
5426829.937027,34,9832.562691
5459475.187121,40,9833.42995
5608954.229051,55,9834.682827
5965596.431131,99,9836.708805
5459648.831452,42,9837.515963
5512861.061213,95,9839.361814
5452621.267613,38,9840.086613
5388419.299459,88,9841.79877
5460979.029844,78,9843.338892
5448015.813385,78,9844.888577
5489143.60939,72,9846.365408
5446738.069778,83,9848.029471
6133956.92812,74,9849.582077
5483773.562146,86,9851.264808
5392405.611659,84,9852.829097
5671715.901304,44,9853.631899
5467588.767471,82,9855.144493
5458446.474502,73,9856.531312
5472972.819247,54,9857.541124
5452714.020327,35,9858.175119
5460136.463963,77,9859.667662
5497285.606416,37,9860.380903
5812030.729302,67,9861.650457
5987591.525279,103,9863.562446
5457907.953647,59,9864.656004
5465101.49413,32,9865.280338
5626311.557752,56,9866.343262
5988881.479821,102,9868.326541
5876282.080761,52,9869.310336
5456862.130839,63,9870.53011
5466966.704155,28,9871.050221
5363947.842454,91,9872.827871
-93240.522694,13,9873.074921
5522970.659198,75,9874.470557
5510093.461818,86,9876.09128
5487193.797348,65,9877.325189
5441135.281229,80,9878.81635
5414164.732352,84,9880.469436
5408881.116183,92,9882.27447
5441124.978078,89,9884.007099
5483887.979184,35,9884.694552
5455413.000313,68,9885.967095
5796823.533541,53,9887.011235
5516052.237299,87,9888.76282
5719873.995928,65,9890.021958
5493236.420801,69,9891.348368
5430163.664548,29,9891.902505
5433935.808489,29,9892.455601
5406902.905469,88,9894.145933
5757896.462114,106,9896.135478
5415252.2383,81,9897.685267
5785825.088024,102,9899.660409
5485540.76817,69,9900.996401
5461346.187527,33,9901.648484
5921991.934751,64,9902.861431
5556700.377266,84,9904.428169
5430409.167964,28,9904.953888
6050279.5035,61,9906.080877
5421387.12143,36,9906.765717
5432231.240364,35,9907.414366
5520952.817639,71,9908.712027
5756726.601124,88,9910.354511
5679572.732749,86,9911.944645
5452102.254482,75,9913.330481
6231195.04405,73,9914.720208
5525004.400979,65,9915.976399
5473146.533814,51,9916.954884
5410746.530249,83,9918.57388
5451088.389266,80,9920.059954
6119142.322129,84,9921.715868
5441575.848523,70,9923.080749
5529611.745121,82,9924.692934
5505684.835019,58,9925.856879
5375251.380303,90,9927.570158
5589455.620054,97,9929.394237
5631625.267493,103,9931.400849
5490917.918421,76,9932.852337
5443082.992704,36,9933.549849
5500151.267653,77,9934.958018
5713865.942321,50,9935.923342
5505357.626646,40,9936.718056
5435607.101298,31,9937.313464
5436395.412458,83,9938.904012
6013886.956865,124,9941.266575
5398515.095405,91,9942.968507
5436626.321938,36,9943.682828
307467.219845,250,9948.702861
168792.336626,250,9953.872671
5506307.470858,67,9955.26589
5445139.668379,31,9955.877481
5430244.721725,31,9956.506421
5423930.185565,27,9957.052478
5594493.174068,85,9958.887579
5493804.289822,85,9960.716877
5436115.108141,26,9961.280528
263979.228885,250,9966.376203
5390861.675293,83,9967.977576
5457992.064137,78,9969.475511
5748712.401833,99,9971.39842
5423101.979427,89,9973.221042
5524386.045945,36,9973.914689
5462780.834603,64,9975.177801
5480204.127282,84,9976.815987
5424251.186927,33,9977.466779
5455551.797527,61,9978.648205
5465915.235757,33,9979.270473
5518269.645209,91,9981.01599
5435128.3754,32,9981.647423
5397458.383305,83,9983.277849
5454951.371034,83,9984.876867
5590566.905936,73,9986.363921
5443189.637484,81,9987.932854
5435654.860982,74,9989.314854
5419151.288993,87,9990.930033
5483377.032723,61,9992.061831
5515796.996611,44,9992.891795
5442102.341059,35,9993.55146
5634415.336871,96,9995.358226
5619825.012842,78,9996.851382
5640548.643949,85,9998.520263
5430064.289004,77,10000.005271
5559029.482522,46,10000.911087
5478827.422327,65,10002.185276
5470231.085911,76,10003.610274
5451554.510841,71,10004.992114
5447995.055671,73,10006.41414
5698183.081093,67,10007.686524
5467622.30791,72,10009.072762
5463900.709526,48,10010.002004
5426539.045145,77,10011.495488
5420409.871048,84,10013.105202
5472883.27815,76,10014.561182
5418199.423466,79,10016.15613
5460763.717588,54,10017.233446
346869.790244,250,10022.313946
5863603.043427,106,10024.400788
5421626.596355,81,10025.973595
608039.782107,250,10030.904784
5479866.716857,83,10032.56313
5584093.599116,73,10034.039256
5395702.237211,79,10035.616943
5430763.80284,32,10036.249714
5779553.674113,78,10037.761346
5494905.693174,71,10039.155509
5467402.449732,61,10040.360968
5505729.735441,72,10041.783196
5444963.861841,24,10042.250096
6209913.635589,192,10046.083358
5485401.216542,70,10047.491694
5455020.105456,42,10048.31888
5433102.675511,78,10049.846879
5488144.403708,57,10050.968203
5453578.047309,86,10052.632617
5482655.52246,32,10053.27034
5478098.858671,83,10054.866681
5477283.481927,75,10056.273909
5437040.886899,27,10056.775021
5433551.074607,79,10058.245319
5485841.992731,86,10059.843031
5518340.925385,81,10061.386003
5497741.501068,65,10062.662745
5458585.394443,78,10064.196013
6433510.704433,130,10066.781816
5783623.88589,54,10067.851141
5479207.004515,34,10068.598207
5948593.209011,68,10070.005534
5935830.035341,108,10072.160059
5647059.581134,53,10073.192557
5413722.272128,78,10074.72425
5391257.513179,83,10076.328525
5429410.716004,31,10076.953441
5712534.868917,102,10078.920146
5688447.697331,56,10079.980158
5436445.076192,32,10080.631547
5374099.241766,80,10082.204053
5463883.100219,72,10083.572313
5896672.835199,61,10084.744608
5432893.927011,32,10085.372933
5805234.21083,52,10086.408132
5442001.262549,30,10086.997783
5410745.633401,86,10088.700865
5466262.222808,45,10089.587275
5448667.932835,80,10091.172564
5864047.534264,59,10092.324053
5408584.818215,70,10093.694664
5486277.572164,66,10094.975799
5519805.629814,93,10096.761299
5432069.314094,33,10097.403734
5449212.221555,92,10099.163486
5440662.210494,39,10099.89733
5511124.603689,74,10101.325988
5470263.432282,52,10102.310631
5469546.770459,34,10102.974903
5491968.38227,44,10103.83365
5440904.412187,43,10104.636199
5460414.372553,50,10105.612576
5528971.99381,80,10107.258331
5412243.998885,76,10108.70925
5445180.806229,35,10109.385392
6229171.029066,80,10110.913483
6410176.797978,120,10113.273957
5709523.624519,103,10115.290668
5459781.851128,33,10115.919087
5494816.556821,81,10117.589903
245058.172876,250,10122.470429
5574277.664348,34,10123.1106
5617499.618608,65,10124.346123
5476964.579024,69,10125.667956
5481194.629311,86,10127.333077
5479628.28845,35,10128.007463
5423961.917288,74,10129.470101
5773344.324289,101,10131.463674
5480456.498256,60,10132.656302
5797407.94547,56,10133.771417
5481892.515366,45,10134.66297
5602567.501125,80,10136.229701
6647603.296549,100,10138.200335
5494996.269282,66,10139.481237
5478613.628177,76,10140.957112
5481890.247286,56,10142.034058
5368726.656734,79,10143.581621
5483109.382924,74,10145.02539
5426888.49779,30,10145.626321
6236859.395202,99,10147.631474
5484040.738969,51,10148.615471
5473357.743919,82,10150.243103
5585407.409894,62,10151.501652
5456605.444175,74,10152.997117
5610319.10503,80,10154.569777
5485644.603371,85,10156.25508
6001120.147527,116,10158.559833
5459210.495231,79,10160.125992
5452727.272635,40,10160.902101
5776542.000226,51,10161.911594
5929578.756994,60,10163.091082
5667724.005846,65,10164.383032
5807509.930968,68,10165.847422
5581503.989229,52,10166.927546
5519636.993944,83,10168.506741
5783299.693643,108,10170.564974
5553835.2536,45,10171.450486
5473751.475969,50,10172.422686
5418418.197432,33,10173.080887
5552762.368535,62,10174.301203
6318218.108751,138,10176.97513
5467624.170592,91,10178.799876
5373535.136238,88,10180.515663
5770486.534075,65,10181.769564
5463597.998446,83,10183.35583
5656193.970299,68,10184.663694
5445795.865291,78,10186.150785
5436196.899514,78,10187.659302
5424755.218859,35,10188.353376
5465920.333895,75,10189.79797
186168.665716,250,10220.649811
5785159.164942,99,10222.521738
5724697.740792,87,10224.196196
5492692.965738,93,10225.992078
5492938.463131,44,10226.8182
5507966.929254,67,10228.101985
5500472.427949,64,10229.320897
5457864.475453,66,10230.621499
5581967.594687,72,10232.033579
5611977.592349,80,10233.582785
5449433.729621,32,10234.218744
5485016.538557,46,10235.11717
5646138.2948,47,10236.010478
5435347.249151,33,10236.658707
5493320.784346,60,10237.808517
5424095.817881,80,10239.328337
5479481.712506,45,10240.238474
5477000.362485,86,10241.868528
5429584.796311,73,10243.209576
6076963.886913,67,10244.438168
460556.576893,250,10248.969103
5451522.074366,84,10250.481016
5955274.0663,110,10252.474741
6641852.938347,143,10255.082704
5411551.475831,86,10256.642498
5581094.862986,58,10257.710275
5693911.755976,50,10258.614547
5443784.826412,32,10259.211133
5476644.945319,45,10260.049827
5441457.000014,36,10260.712652
5449140.293711,86,10262.293726
5725284.940297,92,10263.955931
5465556.724384,49,10264.848687
5726604.712539,46,10265.680332
5424874.385212,29,10266.198682
5485614.369382,57,10267.272244
5446350.13167,45,10268.078997
5474305.22003,60,10269.154833
5488601.382936,75,10270.550231
5440153.498066,77,10271.980081
5475381.33213,33,10272.611095
5476548.31685,30,10273.168551
5475073.719216,82,10274.690043
5648685.312948,90,10276.35814
5567423.043978,67,10277.537573
334304.862318,250,10282.144104
5858282.020212,99,10283.926601
5398033.178218,78,10285.52263
5422194.452649,31,10286.092009
5457728.398813,49,10286.977905
5677061.59747,103,10288.816332
5455525.515137,42,10289.604869
5718308.741873,87,10291.138269
5504531.903359,80,10292.595763
5448885.490429,31,10293.120646
5483777.370745,74,10294.422099
5456510.18849,39,10295.157598
5984031.14024,134,10297.606239
5472695.537557,88,10299.186266
5474143.980731,52,10300.094079
5606118.912459,93,10301.759742
5873088.359116,58,10302.823126
5467899.135081,73,10304.154433
5642210.660329,46,10304.955641
5454580.468315,68,10306.176592
5470892.382406,89,10307.769677
5488756.044834,89,10309.391572
5490540.652963,53,10310.388476
5444058.676595,33,10311.007954
5465502.364147,80,10312.444407
5468989.656363,86,10313.998754
5451417.060854,67,10315.243244
5426851.370025,87,10316.810719
5567679.130259,98,10318.54187
5413092.098252,92,10320.254238
5454451.718222,64,10321.393314
5435081.457378,83,10322.866001
5891574.393746,102,10324.737832
5734986.291631,50,10325.649339
5448481.38249,85,10327.218157
5431460.828424,30,10327.771162
5433426.225899,26,10328.25858
5617999.453435,76,10329.622733
5556650.650761,41,10330.39453
5537116.842923,60,10331.554868
5504768.003724,84,10333.098539
5421748.847086,32,10333.687645
5643760.726987,81,10335.233335
5887429.667381,103,10337.150772
5600982.111978,96,10338.843326
5436473.383005,72,10340.159039
5448644.944911,84,10341.652344
5431846.715086,36,10342.2879
5508503.494644,66,10343.520776
5473848.050942,49,10344.433374
5403260.219785,90,10346.127302
5767677.504721,42,10346.925458
5402612.465444,86,10348.441437
5647730.190667,72,10349.716574
5462341.411125,47,10350.579015
375666.96645,250,10355.116541
5487614.220959,38,10355.771127
5649579.305857,85,10357.315464
5759026.565495,59,10358.42359
5539711.337291,93,10360.187754
55614.779183,250,10364.948586
5963377.751772,114,10367.1368
6223872.634821,100,10369.068008
5451551.118966,84,10370.703647
5501538.914465,109,10372.795563
5620245.454528,58,10373.92419
5511632.82329,89,10375.714575
5473668.381765,40,10376.571184
394155.48716,250,10381.506979
5478759.763956,42,10382.339648
5426267.274865,80,10383.911132
5923348.668542,84,10385.549404
5435875.958381,39,10386.303767
5519010.130798,62,10387.502609
5469023.572621,82,10389.09341
5458377.358629,81,10390.668622
5437245.855944,67,10391.98069
6388128.627668,119,10394.299741
5544191.589088,39,10395.059971
5602109.48501,40,10395.850805
5686240.599411,94,10397.68268
5737757.214331,92,10399.479731
5455448.935237,32,10400.10415
6451336.692758,105,10402.139555
5657126.640254,95,10403.983144
5470928.815007,55,10405.077785
5587615.975573,66,10406.402188
5669704.63528,94,10408.196775
5451845.070851,46,10409.100185
5466903.458656,84,10410.704213
5681157.140758,85,10412.345237
5474874.002029,73,10413.733299
5499856.033455,57,10414.811823
5903441.215196,111,10417.003274
5459909.274808,71,10418.384063
5578716.255511,41,10419.190458
5772981.227194,70,10420.541447
5473328.290469,66,10421.825769
5466622.117573,63,10423.033075
5446140.209125,46,10423.93627
5458855.351304,54,10425.00886
5437160.771149,37,10425.777652
5485827.505878,56,10426.874745
5421141.045323,77,10428.332895
5449303.572067,75,10429.767592
5565611.445554,71,10431.140519
5376508.239252,84,10432.770646
5490629.629047,72,10434.184214
5658785.14613,77,10435.708769
5426296.722166,31,10436.303297
5669552.316369,68,10437.610795
5454525.131348,71,10439.003506
5458065.291518,51,10440.007063
6463203.504965,104,10441.975883
5445550.699676,30,10442.563421
5476494.073397,71,10443.943215
5482498.804713,82,10445.532988
5786942.530715,51,10446.536718
5467627.701619,36,10447.240171
5521015.961557,39,10447.993803
5783292.036034,67,10449.303978
5540671.539677,40,10450.095101
5410619.697949,86,10451.784795
5692755.405542,65,10453.046344
5611399.685392,66,10454.30137
5820056.856246,116,10456.53308
5469465.712085,40,10457.302955
5736277.062925,65,10458.554739
5514788.604309,51,10459.53639
6518363.609327,172,10462.833418
5719947.434167,50,10463.784905
5464563.660167,80,10465.323843
5685181.846141,82,10466.958542
5486901.099268,48,10467.873848
5486126.430177,34,10468.512159
5629544.760647,85,10470.122515
5453873.81167,26,10470.610744
5443581.708279,45,10471.473754
6240032.276291,136,10474.116506
5473448.167976,81,10475.71607
5435536.36005,91,10477.486811
5799203.27725,55,10478.516055
186193.250004,250,10483.347104
5778743.211677,72,10484.662185
5470107.238154,76,10486.064797
5452619.485181,28,10486.562276
5496245.493788,61,10487.700531
5438422.001569,35,10488.33721
5426906.236317,28,10488.843163
5625810.560529,41,10489.585341
5525358.095368,91,10491.206142
6155761.111124,70,10492.477379
5404080.764344,94,10494.188584
5481862.213211,82,10495.72383
5500257.501832,80,10497.177357
5684405.793663,96,10498.916527
5465053.750567,43,10499.689388
5448854.420184,80,10501.172068
5395048.964023,88,10502.773924
5457371.14174,80,10504.263324
5529071.513479,45,10505.05239
5448133.336022,60,10506.103271
5774738.53142,77,10507.525629
5389363.656772,85,10509.076754
5465671.681262,36,10509.76055
5417438.049064,93,10511.493303
74191.568486,250,10516.084467
5470385.756501,89,10517.686032
5688868.594783,57,10518.748354
5745825.149955,108,10520.703575
5491814.747099,40,10521.442173
5451691.912118,86,10522.992704
5413775.335332,73,10524.435652
5526859.595316,67,10525.721943
5448284.310164,32,10526.329172
5583544.289547,72,10527.659546
5473161.134216,44,10528.488051
5565995.09013,86,10530.095341
5419873.286146,32,10530.681399
5465358.756774,45,10531.493064
5465989.119173,51,10532.443779
5473125.195736,43,10533.208945
5448721.646302,79,10534.655934
5538728.835694,50,10535.578843
5448130.764267,34,10536.192448
5462625.467194,36,10536.859138
5441183.61082,74,10538.233024
173096.855894,250,10542.775209
5683589.415002,96,10544.560313
5475394.611967,36,10545.22275
5656691.573012,86,10546.787272
5617957.458404,97,10548.580167
5395711.247322,81,10550.02947
5719574.980189,101,10551.86174
5431419.902425,33,10552.468998
5444986.984938,83,10553.968118
5430360.557747,74,10555.283684
5402767.038373,90,10556.935731
5441479.737013,38,10557.614271
5450093.469617,46,10558.445068
5873072.706077,64,10559.611423
5499520.629042,63,10560.753856
5453308.333297,80,10562.193311
5821109.919486,50,10563.065543
5555836.793029,87,10564.622939
5805923.45175,94,10566.274963
6110028.021056,127,10568.590765
5499537.573388,69,10569.825376
5444550.453764,31,10570.37411
5619503.443029,98,10572.237225
5491679.247472,84,10573.846924
5695521.125556,50,10574.770704
5461699.550992,71,10576.099477
5680508.23032,97,10577.87755
5502295.177748,54,10578.849793
203120.633122,250,10583.377871
5499928.627285,42,10584.152039
5424101.899705,27,10584.653274
176617.447695,250,10589.212554
5457790.032082,32,10589.774538
5924538.759616,56,10590.757004
5484484.263082,55,10591.748468
5426340.266743,73,10593.102784
5428395.863482,89,10594.705153
5552581.635143,89,10596.307559
5445315.02654,29,10596.823148
5480850.479985,32,10597.404615
5748910.13136,115,10599.474451
5680961.210226,46,10600.301334
5433765.481011,41,10601.093041
5409404.654581,82,10602.658445
5607567.449176,76,10604.152944
5463555.762024,86,10605.807109
5456201.87675,68,10607.102582
5526133.901472,79,10608.607326
6385491.096106,84,10610.23362
141950.55688,250,10615.120467
5460573.524524,64,10616.381144
5421454.356128,30,10616.969515
5450790.92642,49,10617.904629
5492081.579343,46,10618.788208
5504060.065585,77,10620.277308
5506389.40297,74,10621.805264
5430904.422991,72,10623.244193
5810454.136841,67,10624.549025
5488010.7419,50,10625.524286
5486203.736135,46,10626.399814
5393714.402771,92,10628.174037
5412994.470676,86,10629.861517
5532526.608149,93,10631.688289
5475718.489182,80,10633.269193
5512147.883128,61,10634.468084
5487971.375209,55,10635.521219
5526347.980228,83,10637.144288
5514886.866704,84,10638.800804
5443057.905696,81,10640.358708
5497575.513346,58,10641.47362
5850718.885445,88,10643.215165
5477154.475037,44,10644.077165
5438598.281645,76,10645.59642
5465915.454655,52,10646.576284
5860968.831543,82,10648.167538
5445660.17977,40,10648.942288
5428262.631104,32,10649.546606
5566943.247655,90,10651.282461
5710578.035685,87,10652.925358
5482564.108098,64,10654.143703
5530724.995083,68,10655.444966
5448131.153724,34,10656.114137
5405151.496412,85,10657.787822
5428548.17838,32,10658.414945
5501698.308666,84,10660.059989
5422125.719585,92,10661.826564
5449050.77502,84,10663.541655
5520419.564188,71,10664.877531
5515678.246635,91,10666.609373
5458221.377613,83,10668.172606
5470355.101489,41,10668.981467
6189862.903619,119,10671.272467
5892851.057365,91,10673.025727
5381901.749771,86,10674.710031
5417017.257462,87,10676.422631
5462826.689315,54,10677.493323
5480789.745003,51,10678.494146
5488631.090734,42,10679.314052
5466656.542103,31,10679.922226
5807654.944466,111,10682.059557
5711837.154396,91,10683.779645
5820782.424527,56,10684.845357
5476933.648741,33,10685.480048
5602727.996408,42,10686.265471
5486888.797071,37,10686.976834
5482856.28061,39,10687.726695
5491841.10477,75,10689.207258
5466030.568332,35,10689.906336
5488010.363721,42,10690.726527
5510576.748808,61,10691.919348
6008757.780863,125,10694.360718
5489878.079363,68,10695.704616
5436280.457463,68,10697.003878
5574811.740089,85,10698.650478
5417851.040613,27,10699.168433
5952181.88264,102,10701.119887
5432109.080565,36,10701.780576
5424602.275636,86,10703.380553
6090786.763302,99,10705.341055
5430205.298892,91,10707.092435
5443766.828001,34,10707.698082
5430682.993111,44,10708.5395
5476477.782854,73,10709.970598
5520820.573956,65,10711.222141
5428946.510776,84,10712.865105
5457720.078441,33,10713.497163
5441765.278437,29,10714.041439
5459516.653309,34,10714.689987
5470024.92207,66,10715.976261
280932.694738,250,10720.858096
5476115.672068,66,10722.135187
5634355.74876,96,10723.955179
5470450.616796,77,10725.381244
5437064.89355,69,10726.65866
6752788.786836,247,10731.209639
6093782.189345,136,10733.692477
5494478.430765,58,10734.788474
5497363.727981,36,10735.498602
5479533.302609,82,10737.019087
5418510.692429,92,10738.736148
5435053.858619,33,10739.370338
5435064.416551,34,10740.002306
5487474.849022,75,10741.376642
5470876.437536,60,10742.501453
5503372.785637,83,10743.976562
5477178.445787,43,10744.75842
5400952.627136,75,10746.108203
5472364.696646,55,10747.111166
5482722.384008,57,10748.153811
5469376.248488,77,10749.570732
5460470.430369,86,10751.13167
5481625.09251,56,10752.193188
5541083.44019,43,10752.972778
5464878.610855,27,10753.463166
5425635.029184,79,10754.882392
5439005.958205,90,10756.56471
5562157.573765,89,10758.155187
5451340.023047,50,10759.063954
5458037.850628,73,10760.429461
5471104.374442,41,10761.25692
5491590.884771,58,10762.31053
5345590.63545,87,10763.909259
5875091.813319,63,10765.097299
5437851.745748,80,10766.54681
279776.580173,250,10771.116423
5489772.368358,53,10772.063102
5450519.660717,69,10773.280306
5503339.624523,79,10774.696218
5784701.906429,88,10776.278008
5482919.224299,76,10777.649475
5495066.962685,72,10778.998931
5906227.473829,99,10780.84495
5519252.995562,83,10782.40762
326296.790804,250,10786.941561
5448023.961197,37,10787.638506
5380328.461574,87,10789.183751
5471301.154192,45,10789.994705
5408761.732108,85,10791.508707
5451557.355507,76,10792.965625
5479761.672321,54,10793.941126
5465802.953745,36,10794.588107
5450165.181034,42,10795.382863
5429164.223567,34,10796.002315
5625104.266738,49,10796.896985
5452593.148356,83,10798.394726
5438885.726931,34,10798.996241
5484380.324582,58,10800.029978
5433568.183612,93,10801.729227
5864406.178776,58,10802.760975
5562703.250033,43,10803.524133
5930042.167451,88,10805.092095
5455614.280316,90,10806.710796
5557806.835645,51,10807.638561
5618258.507293,86,10809.262137
5863932.034639,103,10811.205371
5950578.846402,106,10813.168876
6743614.861345,102,10814.9625
5484692.285354,66,10816.128363
5484235.155859,71,10817.457088
5490370.155382,71,10818.734097
5439276.784096,37,10819.382608
5522504.107471,72,10820.721098
5600344.319066,99,10822.60031
5409827.625138,80,10824.035468
5576503.372045,80,10825.491639
5479891.994615,81,10827.001748
5392041.135121,76,10828.340001
5601220.387195,80,10829.787708
5525808.589959,70,10830.989183
5481247.822116,78,10832.397082
5425740.560473,33,10832.986708
6263118.569899,114,10835.063829
5437779.160495,81,10836.560614
5480278.644228,39,10837.272621
6137508.407109,102,10839.121845
5452605.44605,34,10839.708152
5439531.935692,92,10841.369687
5592831.223757,97,10843.201806
5692982.262343,45,10844.068306
5447667.662976,81,10845.63313
5446686.313697,30,10846.223392
5463095.898297,85,10847.876161
5419062.226662,76,10849.347011
5581865.293712,42,10850.191751
5496730.891617,60,10851.357908
5471990.121344,76,10852.840247
5458596.157109,57,10853.95593
5748775.897479,45,10854.821612
5736372.824163,98,10856.71981
5427380.955279,46,10857.610823
5441509.426192,37,10858.373931
5488434.701163,79,10859.960034
5402675.018605,79,10861.486188
5676165.101435,95,10863.328097
5437067.584603,88,10865.047148
5397515.479615,76,10866.486122
5472081.824387,53,10867.505143
5441427.223273,33,10868.137213
5564907.738077,85,10869.814174
5471598.783437,55,10870.874521
5363539.383852,87,10872.57122
5477556.843357,75,10873.999462
5461841.73323,31,10874.596148
5467808.209294,41,10875.410934
5517643.645216,77,10876.906406
5807560.424204,116,10879.128035
5481089.221742,73,10880.557629
5445666.638249,78,10882.074187
5506683.027134,67,10883.362706
5700416.554536,83,10884.995022
5831410.979556,84,10886.680974
5438092.29669,35,10887.34917
5450173.853072,77,10888.788777
5628807.355094,100,10890.697842
5389099.196146,80,10892.214104
5747404.19896,68,10893.502208
5706933.440121,88,10895.199646
5983673.586391,83,10896.85365
5866955.455833,66,10898.145424
5499757.95003,40,10898.935966
5414875.23529,86,10900.58347
5468144.835048,64,10901.850224
5471764.652578,59,10903.027672
5489133.005524,88,10904.720051
6094644.463834,116,10906.99216
5690292.787177,48,10907.987349
5805645.101175,97,10909.827134
5407734.761447,93,10911.530298
5512363.197992,65,10912.802977
6105554.779228,107,10914.904305
5443735.406229,40,10915.680445
5483067.822498,79,10917.203369
5782752.373918,49,10918.153626
5488700.29514,30,10918.738904
5460234.701025,34,10919.395883
5495286.299135,65,10920.67631
5470752.573597,71,10921.994413
5488540.353222,73,10923.406065
5680453.020183,94,10925.184111
5794412.309609,45,10926.058348
5481393.425501,41,10926.867302
5435632.622855,39,10927.645892
5421656.126707,82,10929.223048
5495002.608005,54,10930.269619
6022259.352682,78,10931.769027
5475273.89517,37,10932.479411
5424816.613207,31,10933.097389
5457450.759041,34,10933.758425
5583114.370242,42,10934.57808
5454588.925547,36,10935.281497
5472873.372737,49,10936.239816
5943978.552335,118,10938.471733
5807795.730358,52,10939.484978
5757391.420811,66,10940.737329
5480388.308138,69,10942.027701
5886088.383956,54,10943.113744
5434077.235504,91,10944.909286
5768971.786165,96,10946.759301
5488679.243489,79,10948.361216
5514933.862584,79,10949.924744
5654436.022243,57,10951.019576
6234944.495196,123,10953.412996
5521744.714186,65,10954.651201
5521659.661808,82,10956.22885
5715271.774489,106,10958.318959
5420485.010951,32,10958.9546
5604688.237393,52,10959.978846
5459872.042669,41,10960.763898
5494852.442906,31,10961.343593
5468089.334916,41,10962.114349
5438380.7099,76,10963.51205
5500959.953852,57,10964.546875
5538877.767739,87,10966.140402
5550288.86225,51,10967.063028
5471793.434595,49,10967.964988
5413669.918359,80,10969.403751
5452106.421081,65,10970.60157
5435630.857393,83,10972.14542
5632740.473643,100,10974.000402
5857087.12989,77,10975.423062
5507805.210157,41,10976.168089
5839346.969512,97,10977.921889
5470127.626508,48,10978.755389
5487553.945851,38,10979.426814
5587266.441872,57,10980.442141
5691426.966889,101,10982.296343
5476985.467793,42,10983.028433
5477423.285495,80,10984.486989
5491053.008913,67,10985.722975
5469200.005877,71,10987.042076
5641552.041421,89,10988.702228
5880072.20688,88,10990.350967
5434313.614333,72,10991.65322
5614494.282916,98,10993.49645
5477230.903743,81,10995.007329
5586843.373474,62,10996.142555
5443972.405867,30,10996.700447
6328606.464627,88,10998.395326
5407166.219906,78,10999.797273
5438582.732694,84,11001.314129
5449558.405912,43,11002.099547
5394022.313143,81,11003.536538
5547377.358539,39,11004.275469
5493928.223831,82,11005.772698
5453371.335152,76,11007.143648
5955037.834152,108,11009.157779
5479823.528594,92,11010.79894
5380750.220405,87,11012.450562
5616296.471733,41,11013.225318
6108830.003544,117,11015.3666
5433122.820168,31,11015.911471
5443125.359996,32,11016.500288
5429770.123687,92,11018.169396
5831660.320994,81,11019.632216
5483406.858748,100,11021.466549
5685099.318662,100,11023.272407
5485171.885343,64,11024.437173
5854850.994065,62,11025.590058
5487195.364867,68,11026.788236
5495833.859358,32,11027.367246
6349759.491169,89,11029.006718
5459657.499026,37,11029.66532
5524458.018884,100,11031.518636
5497062.484387,81,11032.939354
5520128.534181,91,11034.615929
5456771.45487,81,11036.115125
5477425.516903,55,11037.155783
5393498.88046,83,11038.631271
5451159.651472,36,11039.278887
5469718.801681,75,11040.639525
5498506.878741,81,11042.095321
5581169.654363,74,11043.402045
5480218.930114,77,11044.787277
5575559.954736,83,11046.348332
5411495.540399,83,11047.942219
5495572.181189,81,11049.367788
5432528.845612,32,11049.953017
5430736.538388,86,11051.533805
5446759.509163,81,11052.99131
5473203.703921,72,11054.291289
5410449.775723,85,11055.862719
5446644.097654,37,11056.516011
5401461.100171,88,11058.140653
5477023.263247,78,11059.524046
5498965.262241,78,11060.984148
5588188.320031,43,11061.7897
5498386.609265,75,11063.185798
5473744.130698,93,11064.861985
5471707.575191,59,11065.967002
5572503.54635,47,11066.804203
5655463.643363,46,11067.642292
5875104.211857,90,11069.236282
5452557.132404,85,11070.753519
5454794.638676,82,11072.220297
5443220.706368,75,11073.594753
5431478.865894,81,11075.049256
5460796.500367,83,11076.587798
5449158.369837,91,11078.255778
5440101.489278,33,11078.886503
5451845.221265,58,11079.964794
5645235.184757,84,11081.475393
5430765.348795,29,11082.032869
5510746.112641,69,11083.38063
5386220.466055,82,11084.981031
6259262.704198,99,11086.921355
5419186.442168,77,11088.418689
5481393.543599,92,11090.205402
5679984.504754,59,11091.373691
5441797.825017,76,11092.875177
5854529.951121,55,11093.949136
5482597.747524,58,11095.163149
5481533.549349,34,11095.930681
5437013.093589,90,11097.677263
5440451.633989,35,11098.366549
7477338.466682,187,11102.012707
5442398.888164,33,11102.598144
613327.904736,250,11107.403584
5482629.070682,51,11108.333314
5501565.962654,66,11109.609468
5392092.674993,83,11111.223845
5582115.504069,52,11112.204433
5448094.487545,26,11112.661243
5831729.094059,63,11113.811756
5473795.56477,69,11115.114377
5505683.555045,76,11116.516816
6003273.649332,62,11117.667494
6318351.774651,133,11120.202563
5753741.733746,99,11122.156413
5456137.209237,49,11123.108773
5452516.407006,64,11124.386594
5385935.772879,86,11126.063653
6559176.754565,112,11128.18708
5708438.812095,47,11129.062153
5454953.596922,28,11129.584827
5772894.920675,52,11130.598646
5421328.054773,76,11132.060962
5496175.246842,38,11132.787169
5413775.773542,82,11134.377042
5526764.257946,77,11135.900893
5453106.926387,80,11137.448684
5444351.99187,32,11138.093291
5554648.472643,65,11139.401345
5751921.423939,52,11140.494941
5421512.037555,28,11141.040251
5485948.041052,54,11142.076664
5444526.222565,29,11142.63194
5525896.723444,92,11144.432647
5485952.10587,43,11145.264751
5456337.03315,28,11145.789073
5890657.336829,58,11146.909965
5738751.764386,65,11148.151928
5501625.986487,81,11149.638268
5460656.793933,81,11151.197969
5721204.14626,87,11152.907181
5715813.805711,47,11153.821803
396971.764725,250,11158.617759
5558776.430782,96,11187.798065
5572324.955943,85,11189.447291
5664728.413658,45,11190.322173
5499986.927206,54,11191.378408
5371127.680614,85,11193.008209
5600644.926551,66,11194.323005
5478279.118811,47,11195.245377
5465392.999996,64,11196.511089
5681042.292356,48,11197.438484
6263028.41019,136,11200.015756
5460650.498568,81,11201.518235
5473564.585135,83,11203.004952
5467559.664833,79,11204.449347
5481068.958367,41,11205.220083
5505415.257698,60,11206.302005
5460572.32404,69,11207.565823
5439410.358775,51,11208.512038
5492022.183774,56,11209.599939
5547417.690376,72,11210.946325
5506597.594019,63,11212.076012
5676584.317935,98,11213.899358
5465114.354779,35,11214.552472
5535526.602816,69,11215.776235
5419639.087885,83,11217.301077
132690.379133,250,11221.863659
5476923.036108,47,11222.68805
5504152.80946,66,11223.895099
5458186.535229,61,11224.977876
6223513.963462,123,11227.131358
5446243.37567,36,11227.768334
5475519.23792,71,11229.060174
5514915.859723,53,11230.021775
5419671.202576,85,11231.516442
5705417.293373,95,11233.193331
5547948.206136,81,11234.669984
5516534.697898,80,11236.171571
5526988.760519,81,11237.654587
5547255.737573,87,11239.237707
5459485.497546,41,11239.999825
5504856.818404,51,11240.925426
5429816.247725,81,11242.417188
5818879.80469,71,11243.676797
5718988.819716,79,11245.083325
5913254.383089,62,11246.220977
5461596.401118,80,11247.692166
5476363.007858,61,11248.792817
5490268.42371,64,11249.965851
6034846.053967,99,11251.775259
5493395.631827,63,11252.924467
5489163.09595,31,11253.490819
5607500.521169,90,11255.195266
6208143.232608,118,11257.430082
5535135.251869,101,11259.338106
5407773.225409,88,11260.939121
5450692.185234,36,11261.626827
5459989.277247,45,11262.438017
5455804.901532,43,11263.216091
5464549.122355,34,11263.833663
5669373.686677,96,11265.600466
5775800.878618,50,11266.537607
5515461.717109,90,11268.183645
5451251.281526,30,11268.744715
5433395.484108,80,11270.217658
5497538.840957,77,11271.624888
6218326.813562,133,11274.02264
5474653.263859,91,11275.689186
5489539.470113,37,11276.340159
264992.124254,250,11280.879369
5475439.393637,46,11281.699913
5477633.372392,40,11282.410137
5736343.402761,94,11284.135053
5478583.97739,81,11285.568656
5475579.700006,52,11286.507956
5484014.169836,82,11287.979264
5446695.141427,87,11289.534427
5627117.714882,86,11291.10877
5432329.206666,32,11291.692245
5401802.642031,75,11293.082203
5430816.524698,85,11294.647942
5486130.897463,62,11295.799751
5476387.746126,68,11297.017853
5492537.139839,40,11297.735284
5786426.148262,93,11299.433064
5541076.05802,34,11300.053437
5442570.297517,77,11301.462383
5471946.429956,73,11302.816718
5473966.188919,49,11303.690322
5473805.754054,41,11304.419606
5484831.965579,52,11305.406291
5507299.336391,75,11306.931281
5884258.088701,101,11308.749475
1118091.580442,250,11313.276117
5492934.187832,68,11314.499069
5540070.681912,76,11315.864936
5538714.944639,42,11316.604106
5645163.503746,76,11317.966894
5409900.834901,74,11319.334089
5410419.711283,77,11320.70768
5481321.970792,42,11321.463295
5912990.364251,83,11323.043215
163573.671279,250,11327.926596
6027535.916004,109,11330.036681
5436896.393915,40,11330.799757
5481343.272021,72,11332.180006
5622582.678237,66,11333.468059
5456048.452811,82,11335.086728
5491237.455487,70,11336.457643
5454202.652375,49,11337.422165
5491987.25129,88,11339.137311
5456699.102209,84,11340.810406
5588812.278456,45,11341.698034
5469059.471397,35,11342.381162
5695715.624629,104,11344.380868
5705445.958243,75,11345.820961
5424957.235139,37,11346.552992
5429770.415876,79,11348.100529
5647060.645875,90,11349.84192
6033184.776832,64,11351.080567
6196656.24651,124,11353.630794
5368222.781809,88,11355.371033
5430094.857277,96,11357.27096
5465590.929658,38,11358.019563
5390597.907993,72,11359.412892
5405494.283728,82,11361.017491
5480388.777124,77,11362.444621
5828364.28644,59,11363.574792
5635534.374269,74,11364.980425
5404948.859937,78,11366.51418
5436127.251223,74,11367.969187
5431911.379452,37,11368.682669
5457932.5341,77,11370.129598
5416087.603343,78,11371.645831
5641227.668309,92,11373.451583
5646241.153541,89,11375.165827
5448238.098738,79,11376.709669
5429390.072323,93,11378.498873
5468754.428748,80,11380.037795
5428981.092439,95,11381.900058
5562102.408112,73,11383.323594
6069356.049146,80,11384.905474
5440458.607938,88,11386.603147
5448646.305533,77,11388.10972
5478350.274534,77,11389.623652
5512493.047941,66,11390.896765
5461353.147175,46,11391.783455
5442171.061949,35,11392.470698
5821914.298413,87,11394.163327
5439759.282045,33,11394.772297
5444417.950583,76,11396.210202
5467540.335912,77,11397.689873
6066688.311469,65,11398.900216
5781209.429879,53,11399.910562
5643744.073719,67,11401.179739
5481338.97439,85,11402.891546
5802109.65775,108,11404.969686
5608064.004522,47,11405.876094
5446999.001836,82,11407.439593
5395448.709562,75,11408.882642
5486185.392221,71,11410.215201
5461778.959279,85,11411.830792
5374536.562113,83,11413.4579
5427717.552435,33,11414.112804
5445829.029814,79,11415.669401
5890569.076269,99,11417.592781
5494512.976608,35,11418.283338
5470498.620716,35,11418.929874
5970055.699195,77,11420.440774
5498178.852594,89,11422.144626
6063840.251487,81,11423.681421
5396460.236828,83,11425.226949
5425333.953332,85,11426.886725
5513871.14947,38,11427.609594
5494647.220266,52,11428.60287
5460308.027544,74,11430.058722
6020935.398532,156,11433.11774
5427281.728126,84,11434.682043
5898468.692056,58,11435.821095
5831907.559268,93,11437.623749
732326.074311,250,11442.353073
5359023.334248,85,11443.874142
6045414.977216,123,11446.12837
5809720.903188,103,11448.103181
5474094.223929,55,11449.107895
5452577.501976,34,11449.716011
5462265.869259,78,11451.106963
5478244.506913,79,11452.481627
5568057.662799,89,11454.052426
5481607.393444,59,11455.077204
5473563.324984,88,11456.607954
5473476.648118,51,11457.510535
5476343.273547,85,11459.033821
5713335.546791,105,11460.931581
6239639.613328,117,11463.047647
5576446.4256,96,11464.784397
5722390.158009,46,11465.608952
5656831.890879,57,11466.626971
5401075.20275,82,11468.066395
5459642.601383,46,11468.88772
5484865.873757,85,11470.385906
5375882.074561,80,11471.840753
5481742.351381,78,11473.229904
5414404.994643,93,11474.950965
5376854.812156,86,11476.480369
5434264.265511,34,11477.08823
5496029.082612,89,11478.671116
5454613.662802,82,11480.230818
5555824.464489,44,11481.120591
5400058.563547,75,11482.545876
5577195.652705,45,11483.397994
5649528.518274,102,11485.307082
5834508.185814,91,11486.981837
5446541.213936,43,11487.758726
5492727.655239,76,11489.097497
5466580.975403,43,11489.88745
5751443.983007,49,11490.74882
5532735.327881,44,11491.557158
5587469.248624,39,11492.263867
5490451.053268,48,11493.134954
5490491.12167,54,11494.122242
5454327.448083,91,11495.76931
5982513.220112,95,11497.563227
203845.377652,250,11502.083494
5527401.163441,79,11503.450665
5401526.202763,81,11504.889357
5469302.686478,74,11506.211644
5444911.685668,36,11506.868688
5491543.188616,64,11507.999271
5460837.442761,42,11508.740915
5478203.40397,67,11509.933011
195315.276369,250,11514.408593
5524959.131928,80,11515.840255
5847236.363311,64,11516.964105
5466442.72403,48,11517.804144
5458171.876578,87,11519.373584
5663085.607288,54,11520.359587
5359521.671236,88,11521.944722
5432184.463044,88,11523.528118
5492887.150571,61,11524.604096
5517529.799104,43,11525.38203
5447204.029407,77,11526.752466
7139221.780868,188,11530.159936
5449516.610386,73,11531.460044
5500699.070688,85,11533.013415
5448911.423796,96,11534.759569
5385176.203394,86,11536.293268
5490515.540261,72,11537.578296
5611530.22203,96,11539.277595
5510198.550019,85,11540.845636
5834903.530737,86,11542.379574
5977205.477852,79,11543.839235
5606373.621151,58,11544.901421
5473468.520124,72,11546.348589
5588978.927604,89,11548.064758
5471359.569882,37,11548.701984
5438523.76583,34,11549.321283
5437322.83029,32,11549.887456
5908452.422188,105,11551.698454
5424253.587966,90,11553.320482
5462869.511885,78,11554.686907
5468489.256003,42,11555.425603
5407814.914277,75,11556.771681
5412141.224253,82,11558.260906
6070062.707281,66,11559.465313
5828937.809946,54,11560.427435
5484675.27229,36,11561.08004
5720630.567622,103,11563.071607
5483817.048312,51,11564.076279
5469325.497133,87,11565.79115
5515313.838247,84,11567.444755
5468319.330927,50,11568.42652
5802607.681267,50,11569.390026
5436644.49119,77,11570.904952
5444235.713546,49,11571.854018
5451294.488057,81,11573.462299
188201.995591,250,11578.420359
5489765.254106,81,11580.006727
5572552.899298,73,11581.440509
5664646.290826,48,11582.38366
5470344.391898,63,11583.631425
5485873.251231,49,11584.574409
5459182.527708,91,11586.352858
5373923.768975,90,11588.094628
5633841.930028,107,11590.213845
5892599.893197,73,11591.645414
5469257.489512,89,11593.404234
6818640.118596,157,11596.701578
5432515.696704,85,11598.365551
5469133.971037,78,11599.901054
5483315.327259,81,11601.502946
5472913.934155,37,11602.230345
5443997.873982,34,11602.891707
5445915.128734,33,11603.539638
5456597.568064,49,11604.472466
5463642.883702,87,11606.185006
5853905.659427,126,11608.616469
5481800.309367,42,11609.452119
5428199.928345,31,11610.034134
5470258.337673,77,11611.523727
5493215.937684,78,11613.055619
5668719.979079,42,11613.881094
5532740.346103,57,11614.995329
5536208.603557,70,11616.39364
5489503.61125,80,11617.946882
5485952.923723,59,11619.11181
5447636.574143,37,11619.868368
5464176.191119,88,11621.664043
5560492.510447,99,11623.576734
5435894.448853,30,11624.17259
6106825.554038,68,11625.47152
5588107.54988,54,11626.511976
5449257.995744,82,11628.07617
6045233.310681,64,11629.275122
5837216.596316,101,11631.153188
5493141.474923,73,11632.519396
5507127.540012,58,11633.617476
5431641.609519,31,11634.229449
5447503.8158,51,11635.175422
5449962.876645,58,11636.263622
5726013.21412,45,11637.138484
5779473.979463,107,11639.183351
5441020.138315,77,11640.621345
5440852.839111,33,11641.249615
5506720.237484,88,11642.972353
5521617.410817,60,11644.101398
5431313.32891,90,11645.816718
5424752.779734,78,11647.304117
5551192.805716,66,11648.553773
5417991.179552,29,11649.118622
5427475.427245,40,11649.899183
6110155.773788,92,11651.637223
5496515.245933,84,11653.323714
5475636.296489,61,11654.524262
5455330.322021,41,11655.305515
5628773.733329,48,11656.219101
5835892.808782,47,11657.140356
5485137.332928,28,11657.672776
5479173.487993,63,11658.861628
5436651.505029,84,11660.499465
5465294.876158,35,11661.18264
5488337.03282,78,11662.719769
5695860.395096,46,11663.639705
5535934.711461,84,11665.297099
5634885.337908,40,11666.052422
5392099.161564,88,11667.674205
5489241.206452,74,11669.097794
5458850.088638,39,11669.849496
5464796.502954,54,11670.919436
5445255.245526,77,11672.44135
5626668.788481,90,11674.207887
5480963.21426,64,11675.452666
5507428.314945,75,11676.922346
5567643.624948,47,11677.820283
5470917.429218,84,11679.43465
5735992.483871,97,11681.292933
5475184.253471,99,11683.180564
5424490.578456,74,11684.536779
5450995.458913,79,11686.018187
5426288.721969,77,11687.48739
5911545.550435,102,11689.338732
5513036.905037,81,11690.813114
5463070.896729,85,11692.34323
5481550.953742,83,11693.834249
5451875.697136,32,11694.420727
5883835.581776,60,11695.504963
5427837.818503,88,11697.118486
5463789.389726,78,11698.538309
5417912.283888,82,11700.019183
5711573.859433,49,11700.901396
5465444.732306,91,11702.536365
5489800.165547,94,11704.266031
5631876.797161,98,11706.042636
5436685.887921,29,11706.539597
5504088.277291,79,11707.952687
5435889.567375,91,11709.619586
5503901.07035,80,11711.107217
5513673.251023,80,11712.567315
5902492.484899,96,11714.268841
5802925.301858,68,11715.486189
5381418.705908,81,11716.903174
5501732.260567,82,11718.374566
5516149.698419,88,11719.928173
5767808.796185,89,11721.490084
5484398.070532,80,11722.921613
5450634.695478,32,11723.479589
5589115.539891,80,11724.927491
5842907.40204,96,11726.654958
5430485.784027,73,11727.988774
5498236.242802,80,11729.458091
162405.193642,250,11733.878998
5749285.838605,120,11736.033653
5502350.985828,40,11736.759037
5495746.721267,33,11737.363018
5527243.730124,55,11738.318944
5446143.230207,82,11739.78751
5486046.464358,61,11741.03669
5448357.365427,47,11741.930376
5450952.579371,79,11743.358874
5841970.109141,100,11745.183729
5476198.583491,38,11745.882469
5475103.189085,83,11747.37146
6346815.925204,132,11749.737898
5463316.198209,35,11750.35219
5645727.941544,67,11751.536586
5497035.096987,53,11752.502079
5518853.36044,61,11753.627819
5458162.870575,83,11755.118849
5469678.732684,36,11755.777113
5415471.743264,86,11757.346889
5489385.132651,40,11758.088485
5806696.493613,70,11759.336679
5456765.340681,33,11759.914869
5829942.577506,83,11761.398888
5475512.16823,73,11762.693401
5499403.827152,59,11763.725164
5445575.369912,40,11764.426071
5464107.96606,30,11764.955151
5456506.208598,29,11765.490323
5800316.588992,78,11766.887976
5443715.704439,28,11767.412335
5501985.82748,56,11768.387076
5456018.816283,31,11768.944767
5442846.203366,26,11769.411193
5539679.530994,38,11770.077894
5366771.780344,88,11771.675533
5518619.262803,52,11772.580521
-188990.462474,12,11772.792158
5510249.154777,67,11774.019816
5458061.419669,40,11774.791329
5433349.864732,82,11776.259138
5917242.914667,92,11777.987885
5453059.511766,34,11778.607412
5969751.853161,83,11780.073399
5463932.476941,82,11781.577866
6104717.568761,84,11783.113571
5693229.412019,44,11783.904796
5473990.825981,79,11785.318446
5453200.027082,43,11786.150049
5472977.575555,72,11787.459262
5442195.662027,34,11788.065784
5464188.011732,76,11789.42928
6406387.674781,123,11791.748302
5446553.093063,40,11792.49756
5459642.008661,32,11793.075533
5665588.271917,71,11794.369618
5440420.658999,31,11794.928127
5493059.846888,54,11795.883358
5422419.773965,79,11797.303065
5752600.453457,109,11799.227363
5569691.781396,59,11800.311058
5454795.173721,38,11800.959318
5488033.543387,80,11802.483746
5475048.298287,30,11803.071537
925234.461271,250,11807.948487
5478309.946322,41,11808.736767
5574913.995199,39,11809.505474
5384918.117394,72,11810.928928
5688332.666256,53,11811.96493
5472496.817385,87,11813.697908
5478341.43179,69,11815.070499
5458220.883055,35,11815.755764
72026.305643,250,11820.623679
5441204.530615,38,11821.355881
5620362.356596,39,11822.131931
5821580.949971,66,11823.400348
5428186.435586,27,11823.917671
5439660.674386,32,11824.540872
5597653.595548,39,11825.315125
5492098.137686,88,11827.063703
5795613.73731,104,11829.104663
6151203.161062,107,11831.180124
5629089.696714,49,11832.198536
5472498.095865,76,11833.755549
214176.840355,250,11838.691668
5406581.744916,85,11840.350524
5506205.012511,54,11841.400029
5407146.521814,89,11843.140074
5409491.94396,84,11844.819275
6082550.759916,65,11846.105878
100350.401717,250,11850.912272
5508418.404478,84,11852.502192
5415734.684189,92,11854.240768
5406038.685541,91,11855.969384
5472510.126775,66,11857.284121
5485978.599437,72,11858.689296
5483723.396331,62,11859.896868
5502899.790259,36,11860.615157
5490939.962022,75,11862.06494
5451088.705869,84,11863.672575
5370483.668854,81,11865.23795
5514924.852677,65,11866.478916
5805956.686778,106,11868.519798
6093508.181276,115,11870.712657
173416.908608,250,11875.540909
5463836.833849,56,11876.622898
5473111.168472,78,11878.135362
5452964.990758,79,11879.634613
5497349.140537,63,11880.871164
5491268.797741,58,11882.041489
5459080.677362,77,11883.480386
5843660.057622,52,11884.463204
5742656.796394,68,11885.766922
5432511.230791,77,11887.238183
5502907.251987,75,11888.695314
5484104.196819,80,11890.207359
5466140.24863,87,11891.875503
5993172.212281,114,11893.984273
5470906.65084,89,11895.711817
5700333.618072,97,11897.525236
5454463.066517,40,11898.286185
5450676.115854,85,11899.925277
5474888.066265,64,11901.152689
5493515.5356,72,11902.570068
5502766.180798,67,11903.836899
5459470.892277,80,11905.336242
5401526.399593,85,11906.889381
5440114.201189,35,11907.56816
5404493.026617,82,11909.174624
5498519.5418,40,11909.936769
5994281.21974,127,11912.392631
5428692.652004,77,11913.852258
5877926.321338,56,11914.917325
5516004.493859,61,11916.074579
182865.867031,250,11920.863567
5362216.948747,80,11922.368766
5570904.836832,44,11923.153708
5482693.960396,57,11924.184292
5514000.66298,70,11925.416378
5432998.486249,29,11925.947413
5426577.984962,32,11926.516073
5485370.151099,89,11928.071836
5486392.86024,50,11928.986439
5474985.774197,51,11929.931296
5450418.800972,87,11931.618835
5490818.272096,77,11933.01932
5788480.489935,75,11934.350817
5445078.037015,30,11934.859153
5520750.270952,65,11936.013678
5425221.316023,74,11937.317463
5565705.461025,83,11938.808615
5493346.058782,54,11939.790322
5851865.95922,60,11940.852721
5515339.122429,40,11941.582027
5464891.773713,75,11942.898882
5442426.205362,91,11944.504348
5436300.257165,27,11945.021615
5464449.455028,82,11946.527203
6268929.900163,107,11948.42254
5513547.243482,73,11949.793867
5463960.629811,30,11950.352663
5400379.831475,77,11951.743401
5512494.106574,55,11952.732393
5458606.768153,45,11953.516995
6000296.6736,110,11955.460687
5904145.426484,100,11957.206022
5856346.793398,107,11959.088195
5455441.567274,35,11959.725235
5969826.490293,103,11961.538646
5411216.478194,86,11963.11373
5461826.486238,66,11964.28739
5438735.199633,83,11965.785781
6604193.316534,94,11967.462227
5547188.267707,98,11969.228415
5457624.876277,44,11970.025173
5964905.611442,134,11972.567628
5444154.981271,34,11973.155931
5428235.515118,79,11974.581506
5438736.321913,29,11975.097681
5597259.925142,66,11976.268001
5608593.351005,42,11977.038072
5417572.713933,78,11978.448159
5519172.947339,73,11979.732466
5487150.022696,63,11980.831617
5469056.764032,72,11982.112754
5502877.931222,44,11982.893387
5473595.318062,66,11984.080136
5542551.929696,42,11984.808144
5453140.130378,72,11986.081753
7472783.932652,147,11988.67886
5871512.583655,116,11990.759433
5684847.564889,88,11992.365697
5515443.644566,97,11994.082872
5412705.964236,81,11995.512223
5500372.33291,66,11996.661189
5538169.837708,79,11998.065312
5454871.714169,27,11998.53815
5433435.13714,30,11999.059796
5452161.536473,28,11999.566611
5436479.190031,73,12000.876139
5496714.208509,51,12001.78478
5502247.807727,80,12003.200502
5414955.996211,27,12003.686305
5466817.057207,80,12005.240704
5447368.320736,70,12006.536832
5509498.337484,73,12007.844233
5441139.608644,35,12008.463042
5487402.831154,46,12009.270419
5426576.697971,28,12009.774172
5582543.581394,45,12010.573724
5493856.709635,71,12011.864754
5722010.068112,46,12012.673634
5728502.627955,61,12013.749723
5460997.551137,33,12014.339491
5412640.259372,91,12015.940134
5463655.129248,65,12017.076988
5471160.495312,86,12018.658567
5606502.936823,85,12020.218743
5477724.589237,37,12020.89326
5486234.131607,64,12022.046282
5469674.542634,74,12023.391711
5712651.949882,51,12024.281815
5508443.633757,42,12025.043938
5520664.900001,64,12026.240126
5888209.469401,105,12028.103788
5470481.294066,40,12028.814104
5444364.135522,89,12030.411524
5466701.254873,31,12030.94944
5433966.969158,28,12031.455501
5549641.633341,60,12032.511794
5362660.717629,87,12034.081421
5344330.626024,84,12035.602614
5455653.604574,55,12036.59513
5481160.57161,67,12037.809408
5441655.989508,84,12039.321501
5438292.442335,88,12040.905429
5470142.037847,36,12041.550499
5598118.152427,86,12043.219067
5474680.443242,75,12044.652691
5448238.286537,29,12045.224433
5483213.054291,70,12046.595841
5403263.76607,85,12048.266611
5442523.624002,30,12048.854058
5691470.972424,77,12050.316024
5430465.444082,91,12052.104475
5508439.782641,76,12053.61044
5817058.956004,100,12055.528182
5451392.349661,67,12056.814274
5442811.962021,34,12057.471039
5533887.764957,68,12058.767418
5691155.729228,67,12060.052173
5460865.327144,67,12061.365085
5641398.436361,46,12062.253613
5523658.397022,70,12063.619783
5451958.081536,34,12064.300354
5450064.840012,29,12064.854846
5402781.839205,80,12066.389622
5682912.449034,81,12067.983895
5443258.435769,56,12069.058159
5431550.903189,90,12070.815107
5976407.378456,110,12072.932309
5426079.213207,92,12074.721647
5493740.00615,49,12075.673275
6072273.010302,99,12077.623359
5823188.522972,107,12079.732929
5473498.102241,79,12081.293252
5508505.518812,39,12082.060396
5704755.599993,85,12083.734132
5448368.981435,78,12085.317926
5463149.469059,33,12085.995857
5495433.626986,70,12087.32613
5408013.289843,82,12088.90679
5418372.013956,89,12090.602753
5878108.234747,62,12091.804096
5433343.259378,76,12093.267362
5429869.249426,85,12094.93458
5488300.012729,57,12096.037557
5447123.009039,54,12097.081765
5552463.072327,81,12098.670534
5496518.975035,79,12100.214639
5489708.782399,78,12101.729259
5490749.209094,62,12102.949979
5518286.47771,87,12104.634447
5569005.411902,46,12105.534027
5567588.123474,38,12106.2871
5496105.66268,54,12107.371753
5768567.235773,51,12108.383184
5440837.868773,85,12110.025106
5489312.361153,66,12111.266177
5460316.103745,92,12113.041947
5454982.004088,52,12114.066592
5612190.982536,45,12114.933923
5424868.421782,83,12116.561346
5501918.02407,82,12118.205952
5372174.888537,80,12119.759845
5370356.336216,76,12121.252792
5518974.61945,41,12150.955629
5456397.046064,86,12152.680172
5487630.521523,38,12153.409252
5453661.324661,69,12154.657603
5486432.759909,72,12156.026479
5397692.387802,85,12157.68791
5475405.269409,86,12159.392762
5457617.066068,87,12161.106245
6202889.632919,117,12163.224285
5500352.041913,87,12164.786466
5465552.558352,35,12165.403606
5509737.549207,78,12166.784165
5468776.341854,36,12167.408737
5498468.170233,35,12168.027103
5426452.666695,80,12169.430611
859836.277789,250,12173.843394
5559652.38112,72,12175.120442
5433513.351398,86,12176.661532
5462042.062789,34,12177.271389
5444637.90602,33,12177.847365
5448425.076044,31,12178.409138
5468372.87816,85,12179.934251
5676599.511428,45,12180.743259
5567399.610147,72,12182.037307
5431807.506504,36,12182.671411
5795302.935147,56,12183.652477
5514373.255173,79,12185.084663
5410088.774917,88,12186.627707
5417551.692463,82,12188.073152
5765533.557062,102,12189.878043
5835144.461833,57,12190.912774
5518769.607255,81,12192.47046
5800402.867301,108,12194.506287
5952959.420016,64,12195.650698
5404073.458367,86,12197.139691
5566844.953128,43,12197.920159
5422222.089632,73,12199.274045
5477035.146525,44,12200.057521
5501675.835726,78,12201.446323
5397796.380848,84,12202.902215
5645952.007585,99,12204.705404
7027197.902588,167,12207.782932
6091301.873812,158,12210.673949
5477532.141172,68,12211.914668
5363776.60943,90,12213.533119
5454131.379732,31,12214.072126
5470332.036297,35,12214.700655
5474384.379059,72,12215.964667
5450672.811422,36,12216.601017
5474773.798419,81,12218.05126
5462350.113837,83,12219.52829
5520518.20626,75,12220.856297
5572390.70747,43,12221.618003
5449802.190471,28,12222.111731
5898171.809049,94,12223.810644
5567919.715526,75,12225.128853
5456043.255951,81,12226.598932
5617055.68976,98,12228.395023
5498659.105583,62,12229.52124
5469317.315343,72,12230.788944
5495510.004166,85,12232.313781
5459295.32527,86,12233.999272
5449061.097581,89,12235.590153
5409448.060571,89,12237.218749
5422293.660833,82,12238.660778
5493829.929494,34,12239.287157
5498422.53389,97,12240.983063
5484450.270873,41,12241.733202
5798880.930146,57,12242.7487
5513754.3938,68,12243.976418
5544863.094084,96,12245.681272
6230640.374255,73,12247.000945
5561692.20136,88,12248.604076
5688031.00952,51,12249.520451
5641700.647746,90,12251.108178
5464430.689986,66,12252.296109
5443656.271554,39,12252.987775
5481929.174216,63,12254.1052
5493233.500631,73,12255.402359
5479330.392736,53,12256.34677
5462468.694165,37,12256.998891
5511470.995861,35,12257.625339
5476782.929129,73,12258.927657
5439522.437156,30,12259.46025
5437721.976775,27,12259.913952
5582692.638177,104,12261.774669
62224.228134,250,12266.265614
5449316.617465,34,12266.877157
5473475.660882,35,12267.521883
5520992.714806,82,12268.963936
6012072.712106,92,12270.585725
5436673.009645,33,12271.175548
5530285.886074,86,12272.753693
6301178.456396,135,12275.135767
5464253.001181,38,12275.811316
5488474.820462,62,12276.946454
5525301.680641,69,12278.25201
5678003.932328,99,12280.047612
5537276.077261,58,12281.070038
5434348.156263,32,12281.724324
5423148.667246,95,12283.646876
5439711.385537,78,12285.149759
5453566.506094,33,12285.788756
5796519.525078,77,12287.250201
5449434.275167,46,12288.141746
5463927.349108,41,12288.935181
5817172.976499,93,12290.73293
5583605.773952,84,12292.403297
5752897.470591,51,12293.429565
5439064.189132,37,12294.169198
5448008.564864,39,12294.924969
5563408.996989,93,12296.759391
5458603.134489,81,12298.338164
5479015.636593,76,12299.808256
5474070.373643,30,12300.405587
5774841.707013,49,12301.329785
5459221.510996,39,12302.084709
5483960.728794,38,12302.846462
5436264.673032,36,12303.538607
5768129.183177,107,12305.665214
5501782.222849,36,12306.394846
5544252.206863,43,12307.246202
5461843.813578,76,12308.760998
5469755.039996,28,12309.306146
5472757.704579,35,12310.004554
5592882.733287,80,12311.589092
5461498.728758,66,12312.895454
5482354.108058,79,12314.445305
5462925.539714,33,12315.085212
5429513.739317,31,12315.703587
5973437.010617,90,12317.444289
5645454.889791,49,12318.372621
5387578.37767,75,12319.812999
6054292.269402,66,12321.113827
5538653.108742,73,12322.554947
5464546.875348,76,12324.055962
5465922.033857,93,12325.90975
5448776.562661,87,12327.621106
5456798.224824,62,12328.825204
5551138.501279,64,12330.060889
5439231.746909,78,12331.559188
5656820.017149,101,12333.527817
5548767.981406,39,12334.287084
5438403.745548,73,12335.823133
5375892.930579,79,12337.382847
5403444.273894,77,12338.997389
5488365.117565,69,12340.397758
5463766.111948,73,12341.808407
5512218.920512,89,12343.566502
5455555.867614,28,12344.097275
5429414.628674,29,12344.657402
5495051.367324,70,12346.029843
5427066.77208,31,12346.640988
5449771.986644,73,12348.0666
5442611.187645,36,12348.755121
5414481.646603,80,12350.297977
5408296.751807,79,12351.863023
5487048.344436,34,12352.53808
5510161.363993,71,12353.898799
342495.309513,250,12358.771674
5448158.15397,89,12360.494497
5536421.038219,77,12361.956402
5719217.314304,92,12363.767961
5473570.145996,95,12365.564701
5495092.554453,70,12366.892669
6544814.095578,139,12369.619587
5454523.314283,45,12370.525719
5442879.794506,26,12371.036541
5453702.62691,36,12371.74474
5448832.533116,66,12373.026532
5448236.288432,81,12374.605025
5590903.451781,88,12376.351218
5482150.610524,71,12377.744384
5511492.208296,83,12379.357193
5418927.575513,25,12379.843427
5485515.816889,66,12381.148094
6045059.586538,74,12382.582723
5606567.323166,87,12384.291752
5524745.654996,93,12386.135563
5512129.416482,64,12387.358913
5475608.412545,73,12388.719494
5379699.724736,86,12390.33892
5498201.133013,88,12392.006532
5485131.881664,91,12393.758516
5497502.588955,71,12395.148908
5428584.071458,81,12396.741146
5470714.761684,58,12397.874963
5462813.613715,47,12398.761943
5462631.983855,55,12399.840131
5406205.593642,81,12401.428486
5376775.946354,82,12402.883168
5484193.491123,44,12403.676085
5485492.274133,75,12405.039993
5508848.220846,78,12406.44677
5428091.158375,34,12407.066299
5435902.481502,85,12408.585951
5455745.338307,81,12410.081438
5490402.974636,67,12411.278197
5419823.366299,91,12412.954938
6222912.541309,121,12415.108292
5856888.179789,62,12416.24907
5483929.438171,54,12417.186617
5478431.514568,82,12418.727348
5454279.936089,39,12419.426851
5439595.800861,83,12420.882638
5507664.383151,39,12421.559457
5427865.802985,76,12423.001922
5402199.05997,77,12424.452621
6199698.47625,94,12426.114335
5500705.434012,57,12427.129065
5448530.492989,41,12427.887249
5435595.205829,86,12429.452822
5571009.639194,42,12430.192504
5441050.751661,32,12430.76929
6224863.044951,114,12432.802674
5851921.848321,101,12434.61843
5355873.539459,88,12436.239363
5864287.312603,48,12437.079403
5466333.997396,84,12438.590194
5488332.282574,79,12439.976588
5448195.730833,86,12441.568745
5450922.743103,36,12442.197686
5539273.563845,62,12443.348799
5720352.807273,88,12444.955662
6153320.584789,119,12447.132405
5465121.795101,81,12448.547397
5543891.571831,76,12449.905458
5381227.832927,86,12451.435579
5460244.71496,34,12452.075163
5457372.945213,45,12452.856326
5406669.152602,78,12454.248607
191428.964181,250,12458.760642
5472952.760675,30,12459.309795
5491366.136815,44,12460.09983
5496938.687227,92,12461.7874
6000864.252284,121,12463.927328
153774.437512,250,12468.391957
5816756.466582,105,12470.308535
5433021.734039,35,12471.034054
5427599.397373,79,12472.544489
5450540.116945,40,12473.278707
5455602.100094,88,12474.865954
5741213.143589,77,12476.31106
5590385.868226,64,12477.456578
5415250.334883,27,12477.946406
5505448.605917,83,12479.401671
5434704.037217,72,12480.690806
5451526.720554,74,12482.012556
5467907.280032,69,12483.259186
5507202.902055,33,12483.875822
5460007.103381,74,12485.243834
5385515.550206,76,12486.609
5529889.912299,69,12487.821876
5584302.057652,32,12488.43049
5509269.389457,45,12489.218994
5686202.148542,104,12491.069522
5381994.420984,90,12492.682183
5487047.864418,65,12493.831552
5442615.681024,42,12494.594683
5428548.452393,89,12496.179164
5448024.214079,72,12497.444629
5472576.06685,34,12498.041678
5469633.263397,72,12499.322541
5499584.491566,79,12500.740701
5428719.519564,32,12501.303206
5944426.220753,112,12503.303746
5495627.585121,59,12504.364571
5745592.900758,68,12505.594508
5381195.669945,72,12506.869415
5477912.424876,70,12508.056775
5516230.91697,98,12509.655629
5514558.814228,88,12511.190702
5432057.250684,94,12512.906773
5450958.950563,46,12513.731012
5446528.461914,36,12514.381934
5451048.898253,72,12515.667014
5433971.042246,40,12516.388412
5528729.785919,72,12517.67824
5440060.691021,27,12518.204945
5497397.936764,41,12519.011051
5454996.01551,62,12520.17452
5415458.438498,83,12521.656034
5518471.15151,71,12523.017265
5386367.304907,94,12524.829414
5727822.538603,100,12526.753966
5460749.978231,41,12527.544929
5458735.360957,86,12529.204623
5492422.250123,62,12530.423029
5389953.739277,82,12532.05742
5435251.608057,83,12533.695383
5929160.070486,68,12535.047277
5395746.512506,100,12537.004575
5466890.5471,65,12538.286703
5501346.802465,77,12539.764569
5393378.905105,76,12541.244854
5481526.906311,95,12543.122929
6076679.129806,116,12545.345462
5410448.20201,82,12546.96329
5521271.935055,87,12548.643823
5551217.869476,89,12550.406692
5498491.672215,71,12551.760008
6336543.338596,84,12553.395406
5492442.987151,48,12554.344867
5503288.150816,47,12555.262609
5617265.67328,99,12557.19426
5432924.311391,34,12557.850561
5499798.180193,84,12559.509376
5447556.483794,27,12560.035063
5457940.673066,35,12560.735494
5443861.007036,82,12562.357736
5474455.407513,45,12563.252411
5394364.938731,82,12564.845614
5688145.477427,94,12566.66174
5401885.255409,77,12568.153655
5475187.551924,40,12568.947961
5477583.555118,78,12570.410224
5929269.9386,87,12572.083831
5470603.418259,93,12573.873894
5468335.04818,62,12575.141466
5404375.486732,81,12576.833743
5618843.955697,123,12579.254626
5455815.169321,81,12580.844299
5602689.213822,68,12582.177058
5406593.396158,86,12583.830451
5636813.233406,99,12585.732397
5745887.978805,103,12587.706772
5508270.068884,71,12589.118641
5558258.194284,95,12590.932032
5448985.881231,86,12592.578818
5433253.394475,77,12594.045754
5463954.637039,76,12595.52961
5436257.889869,34,12596.182014
5550657.957946,73,12597.50701
5666165.707102,69,12598.798543
5517220.135831,91,12600.537836
5421518.657825,77,12602.025322
5633709.548809,56,12603.111237
5465038.035322,56,12604.211212
5545103.853158,66,12605.50028
5512153.926517,57,12606.620811
5495211.008059,74,12608.079264
5451330.454191,74,12609.512815
5953630.789488,99,12611.427843
5722903.251741,59,12612.535295
5503132.822658,76,12613.972216
5435878.992883,34,12614.655603
5488721.239738,51,12615.661683
5442690.907123,32,12616.258201
5616315.217129,85,12617.888638
5680751.334536,94,12619.712002
5435385.904557,30,12620.272007
5526172.741195,81,12621.858795
5881535.65658,82,12623.440199
6597951.62428,146,12626.170386
5452349.988431,35,12626.831183
5490878.31332,72,12628.183451
5857680.54557,59,12629.310198
6573562.228121,122,12631.613209
6055346.557972,156,12634.59463
5542387.700303,90,12636.321173
5762898.101376,90,12638.060791
5455824.876673,32,12638.671922
5498504.986616,88,12640.377972
5497488.881056,37,12641.091816
5425975.289939,35,12641.754712
5468306.622309,51,12642.672683
5481823.724283,76,12644.045014
5436434.889819,31,12644.578152
5639827.112601,62,12645.713375
5439070.502355,75,12647.05239
5549510.042138,39,12647.753997
5425063.226982,39,12648.461649
5458544.199458,39,12649.141046
5726154.029398,87,12650.723054
5486937.356811,68,12651.929876
5500769.852698,77,12653.311815
5453615.375223,37,12653.989787
5450749.782492,32,12654.572468
5437738.349684,88,12656.143371
5429976.324677,28,12656.638861
5517837.35512,81,12658.069539
5559921.240992,88,12659.629275
5504362.210193,99,12661.468812
444245.391841,250,12666.025732
5668999.41596,100,12667.839394
5491148.984337,77,12669.250027
5433402.845939,26,12669.71513
5474754.576428,64,12670.866039
5434903.946748,35,12671.499261
5444376.787316,37,12672.148922
5439171.050116,81,12673.652957
5393714.651575,89,12675.247015
5516487.776526,83,12676.708728
5457576.285909,69,12677.945296
5396656.568361,70,12679.261914
5432754.804536,25,12679.728171
6098106.495344,97,12681.47636
5515885.936002,43,12682.257306
5497493.340883,72,12683.552052
5480344.582654,64,12684.688611
5868748.754452,84,12686.210735
5928233.183575,109,12688.145889
5547116.022609,37,12688.827321
5434409.380026,38,12689.481814
5432759.83989,40,12690.18916
5574142.503356,89,12691.80345
5483094.664453,54,12692.794639
5463669.025709,28,12693.280814
5464534.988886,41,12694.056849
6721921.400556,238,12698.424978
5464496.848772,39,12699.130197
5470836.432934,56,12700.116078
5637490.892249,102,12701.966824
5515262.435166,75,12703.297011
5552184.662338,45,12704.090677
184437.69021,250,12708.559005
5457257.780795,33,12709.150317
131708.82568,250,12713.735007
5766270.262705,50,12714.63388
5488291.505581,59,12715.684196
5594245.847217,102,12717.531063
5453579.479246,75,12718.868832
5437898.079606,84,12720.338009
5426648.922425,85,12721.891435
5631426.117122,79,12723.340137
5832456.432596,51,12724.280538
5586157.630455,100,12726.072314
5430073.141466,27,12726.558853
5400138.760455,78,12727.935737
5483040.260055,61,12729.037523
5471786.264517,40,12729.746233
5498319.203661,71,12730.965963
5493870.711531,53,12731.934725
5460711.320128,83,12733.416598
5435275.839717,82,12734.893803
5704076.630537,95,12736.612044
5507725.186485,37,12737.279236
5479296.223392,39,12737.992962
5688324.481854,90,12739.612267
5506904.670786,75,12741.006708
5428373.124798,97,12742.733
5613142.401129,44,12743.527842
5468481.684867,80,12744.941685
5898676.749066,66,12746.237726
5462380.937299,60,12747.334193
5496777.512645,37,12747.985077
5429649.2828,27,12748.462429
5462758.719078,76,12749.806324
5379174.063748,76,12751.179886
5507984.571389,81,12752.719027
5468690.729427,38,12753.429224
5480819.930109,37,12754.078971
5443346.184255,27,12754.565896
5411233.162275,90,12756.221928
5452658.230796,64,12757.386531
5904702.581361,57,12758.407779
5485762.213705,75,12759.767004
5476438.830266,66,12760.96913
5443274.538868,87,12762.698163
5436751.224969,86,12764.388347
5536333.270144,90,12766.12353
5846338.031745,88,12767.87848
5436283.158385,87,12769.62799
5520651.671616,40,12770.416289
5486721.371523,84,12772.07201
5672674.558641,104,12774.106116
5432047.547729,68,12775.424445
5479551.190177,69,12776.769857
5537371.445671,88,12778.437062
5591509.292875,68,12779.759294
5454642.277945,83,12781.408506
5720728.029118,50,12782.387151
5485888.722856,82,12784.020002
5457669.050166,40,12784.812528
5458081.535612,37,12785.54634
5667339.335975,78,12787.090402
5577695.661864,86,12788.771074
5512225.184253,46,12789.663228
5466696.285392,91,12791.410723
5521043.844604,90,12793.20199
5449386.934815,32,12793.816352
5458475.010574,42,12794.649467
5545607.505628,85,12796.340728
5482871.592142,34,12797.009769
5487426.842354,69,12798.395282
5479969.817674,71,12799.79379
5439383.445053,34,12800.463704
5808813.43271,58,12801.612394
5509359.202964,80,12803.178297
5446655.91785,79,12804.728081
5446354.230429,36,12805.449064
5777582.754646,86,12807.14973
5425558.353561,84,12808.795616
5405229.94287,81,12810.448266
5447616.764557,81,12812.10208
5863498.441812,63,12813.367364
5500355.503685,79,12814.921176
5436610.775619,33,12815.5662
5475409.319138,44,12816.446804
5481529.943903,73,12817.879798
5433353.501773,40,12818.672843
5604203.053258,74,12820.11928
5437250.460072,39,12820.872853
5480022.175072,71,12822.278343
5645281.041129,57,12823.394408
5462571.656623,81,12825.004169
5368307.887754,86,12826.645259
5519062.99536,34,12827.30039
5466402.952912,35,12827.961257
5480099.58584,85,12829.639465
5505908.312098,61,12830.816999
5756339.696634,100,12832.781607
5514230.288766,92,12834.528033
6004521.53949,69,12835.78303
5441872.145372,35,12836.455201
5437647.88082,35,12837.132991
5485378.297938,37,12837.835334
5417756.893874,87,12839.495628
5560661.289004,87,12841.221671
5512333.31636,69,12842.581393
5589361.755535,97,12844.3694
5396939.99604,84,12845.890763
5497910.963716,86,12847.534615
5736779.032437,95,12849.333983
5502474.749521,88,12850.988794
5477470.544957,50,12852.152929
5451710.317492,43,12853.014048
182682.068936,250,12857.897971
5490047.500953,59,12859.079474
5491491.032026,89,12860.696056
5447345.641763,32,12861.2715
5511653.737239,56,12862.268939
5476663.412944,44,12863.068063
5921095.187066,84,12864.603067
5508042.548941,75,12866.055811
5767436.367447,60,12867.288013
5469874.766383,83,12868.790103
5469528.90598,82,12870.299121
5462934.761959,42,12871.09632
5475393.021606,50,12872.069964
5433860.935601,30,12872.668425
6364314.789708,129,12875.220485
5377815.455075,81,12876.64579
5601873.09427,87,12878.279813
5451663.31317,31,12878.882284
5414446.594462,83,12880.485012
5442926.639349,29,12881.029181
5458551.79332,43,12881.839883
5473090.410491,42,12882.60513
5466004.689014,80,12884.068877
5660171.858111,69,12885.321078
5456805.009027,43,12886.105011
5585274.195977,85,12887.795572
5623333.298322,45,12888.672243
116274.375425,250,12893.085962
5510379.851859,77,12894.393021
5453860.04799,36,12895.022321
5417769.3164,83,12896.491646
5529354.228793,79,12897.934051
260005.382089,250,12902.547511
5372668.81593,84,12903.993079
5453492.394989,38,12904.67304
5483103.671281,74,12905.899858
5431032.486508,72,12907.229871
5470111.494487,35,12907.895438
5479244.517576,69,12909.269247
5737001.55909,101,12911.560435
5418530.942911,73,12912.967958
5383437.131905,85,12914.516742
5419024.818542,86,12916.191374
5466744.285829,34,12916.811928
5471861.227017,89,12918.423109
5494131.212659,56,12919.411023
5607528.622505,73,12920.808968
6484659.467646,224,12924.686752
5471056.70594,56,12925.600032
5621434.258039,47,12926.416443
5424803.383056,88,12927.99687
5433978.734671,35,12928.559375
5551737.989404,62,12929.726724
5478052.45283,51,12930.627762
5492579.710854,51,12931.694622
5671254.937555,87,12933.325567
5496208.585386,46,12934.189068
5479184.989779,64,12935.31792
5886903.530817,99,12937.080659
5498480.022788,69,12938.448672
5439850.767897,29,12939.003781
5409821.993505,87,12941.166044
5465453.683812,60,12942.619605
5756255.612797,60,12943.722332
5495226.906679,53,12944.651015
5471254.391767,60,12945.819276
5505203.978803,68,12947.225336
5448702.477284,124,12949.535489
5393028.004313,85,12951.06775
5784402.157797,93,12952.642114
5506631.446792,49,12953.698399
5928769.981935,80,12955.196063
5430329.117275,34,12955.833525
5386396.617798,82,12957.367885
5438605.053561,107,12959.233374
5367662.349335,82,12960.809276
5459549.858252,59,12961.849026
5369266.301062,84,12963.333732
5423599.771545,93,12965.024457
5481886.114114,36,12965.705127
5585397.697028,39,12966.394992
5430006.351179,31,12966.88061
5452799.989184,34,12967.433308
5867972.326298,93,12968.987028
5498369.171891,40,12969.695381
5852136.734361,95,12971.409015
5553554.814774,80,12972.914558
5437773.298732,89,12974.575139
5450502.854334,42,12975.378171
5445240.578004,29,12975.915984
5676240.39889,58,12976.926465
5444236.461361,84,12978.471164
5512041.073382,87,12980.061783
5425862.198463,87,12981.645163
5554447.284726,105,12983.531421
5457209.321749,42,12984.304774
5487708.74635,65,12985.502057
5511138.20244,62,12986.648622
5469030.115584,57,12987.652537
5529666.389616,53,12988.607659
5439753.081025,71,12989.899046
5470007.673227,49,12990.79917
5444448.342381,83,12992.328337
5490230.381895,53,12993.284368
5542457.115474,71,12994.619531
5446666.004069,35,12995.236478
5470740.073542,53,12996.186474
5482389.988757,59,12997.265803
5484405.840788,84,12998.811013
5454533.237507,34,12999.428904
5491010.604572,75,13000.813552
5445416.722772,84,13002.407282
5444285.155663,85,13004.072363
5452390.640249,40,13004.850901
26654.964171,250,13009.761381
5611927.69904,75,13011.243241
5475070.541599,78,13012.751891
5434880.331454,50,13013.724
5487135.256967,36,13014.435963
5481688.231562,66,13015.720793
5392693.650147,93,13017.552786
5503987.880343,78,13019.084316
5427795.926667,79,13020.603837
5453791.516713,33,13021.269852
5473584.402135,74,13022.703078
5416670.494011,86,13024.358829
5881896.222933,57,13025.47051
5454109.184997,89,13027.21701
5429442.51269,35,13027.904402
5479271.15076,70,13029.245264
5496783.416481,41,13030.025856
103889.433394,250,13034.857378
5449368.333692,73,13036.288013
5444664.840867,32,13036.925753
5416830.16214,79,13038.473537
5386830.06724,83,13040.103443
5460638.263058,82,13041.702783
5465811.826873,37,13042.408327
5441972.94736,39,13043.161913
5401984.123634,90,13044.90282
5420098.222948,81,13046.451003
5485919.646946,38,13047.176458
5414698.129439,82,13048.720514
5453420.318796,82,13050.328161
5442887.419319,92,13052.237055
5505824.138918,56,13053.252825
5475258.980364,34,13053.913774
5466714.738931,37,13054.589284
5466658.21139,84,13056.199386
5467029.244479,39,13056.890212
5455693.630219,41,13057.662295
5441708.907629,88,13059.377238
5490200.882908,59,13060.554286
5478311.416459,77,13061.908432
5452117.657439,41,13062.677375
5464950.960403,71,13063.931271
5420169.208008,78,13065.56464
5502789.50609,83,13067.491959
5436816.816537,83,13069.387422
5461560.085756,77,13071.177358
5470548.376012,77,13073.0918
5463202.551249,75,13074.921214
5489432.356121,87,13077.169882
5493950.360751,80,13079.419926
5844168.775212,52,13080.698297
5453082.812145,80,13082.523297
5802722.526234,101,13084.950101
5441686.281605,37,13085.930609
5473773.408717,55,13087.190881
5458721.429397,33,13087.982945
5476297.795822,34,13088.812301
5432981.656746,81,13090.769576
5443993.415461,84,13092.774848
5580994.979341,92,13130.017718
5835080.126978,102,13132.549325
5439565.516995,79,13134.596049
5456804.361953,50,13135.935954
5467007.01362,48,13137.192814
5453223.543054,80,13139.313965
124353.722814,250,13145.690648
5820731.033919,50,13146.973205
5552801.327837,91,13149.23069
82475.360529,250,13155.60774
5572768.393074,97,13158.063823
5442541.953304,84,13160.181677
5460353.239259,46,13161.394795
5714938.009044,60,13163.008527
5491858.943599,38,13164.006289
5480831.875038,84,13166.161829
5769856.733342,97,13168.507158
5443885.807471,36,13169.307723
5631193.303759,53,13170.605172
5450913.9645,86,13172.767664
5383007.164486,85,13174.932443
5501357.856404,76,13176.962861
5430600.058517,30,13177.708009
267887.272047,250,13183.848279
124392.228532,250,13190.007746
5410365.251769,79,13191.980196
5513538.511456,68,13193.628003
5476562.520223,33,13194.446578
5762423.976635,49,13195.619296
5475918.418023,63,13197.173129
5468691.027261,85,13199.302842
5499070.593355,88,13201.355202
5465678.973231,89,13203.511075
5918886.434391,121,13206.668313
114175.633864,250,13213.007441
5485758.57994,53,13214.3584
5480409.881494,35,13215.249872
5493783.390623,73,13217.042288
5732834.633962,64,13218.591049
5444049.871103,41,13219.590715
5394777.97945,84,13221.706313
5560678.049449,83,13223.826384
5454731.400181,38,13224.821585
5466920.933296,42,13225.882074
5438449.56179,35,13226.697829
5448274.4677,32,13227.479275
5446182.881937,32,13228.191782
5547171.11332,64,13229.697577
5397416.937262,87,13231.802402
5498813.63737,67,13233.394901
5429711.287327,35,13234.258664
5497864.568193,68,13236.011993
5469902.928506,49,13237.171238
5403713.544281,72,13238.996332
5502789.954891,73,13240.863378
5618604.177826,45,13241.972412
5460278.53629,93,13244.22733
5418637.397906,29,13244.948141
5451353.50218,40,13245.927413
5465776.044084,49,13247.085752
5462462.534614,79,13248.985156
5457063.628582,37,13249.862825
5454910.840083,34,13250.697504
5375246.982626,81,13252.633832
5508851.238417,43,13253.706502
5841338.47955,102,13256.167753
5452359.890378,30,13256.916978
5702292.653271,83,13259.039853
5431641.419459,30,13259.787074
5460316.038248,78,13261.69229
5478254.499979,77,13263.463545
5521411.853521,71,13265.232047
5509943.648748,88,13267.406214
5527950.498359,90,13269.708611
5483258.004719,85,13271.809212
5433921.370079,35,13272.635045
5383517.765978,93,13274.853775
5529700.746567,49,13276.087333
5499322.898223,59,13277.628269
5492616.163972,49,13278.864873
5487977.746464,83,13280.871831
5441707.709833,75,13282.695057
5443057.994632,38,13283.627711
5465394.365441,66,13285.279285
5489730.439865,36,13286.184064
5614682.830386,75,13287.923405
5476800.128999,69,13289.550242
5465650.278442,45,13290.580417
5430222.561603,89,13292.73951
5783877.59175,95,13295.005413
5480585.712783,76,13296.892852
5502684.069114,81,13298.891077
5468557.189501,27,13299.61693
5484242.260319,74,13301.432902
5478769.415025,64,13303.038741
5381742.880297,83,13305.109397
5468047.694501,39,13306.074916
5469668.008028,53,13307.298886
5416175.720387,78,13309.185533
5463655.169382,50,13310.441284
5756737.396224,71,13312.236873
5425253.664101,78,13314.199109
5472199.892314,66,13315.810019
5531879.259701,64,13317.483214
5455454.838643,52,13318.728407
5476344.240917,38,13319.660532
5393611.637843,85,13321.755395
5454932.99363,69,13323.460165
5496133.204698,42,13324.52323
5373856.358718,73,13326.378649
5637133.173148,98,13328.704262
121859.848158,250,13334.747581
5483983.044629,76,13336.613106
5462292.058065,84,13338.86112
5551298.147363,79,13340.984866
5428589.598348,94,13343.602532
5377257.433071,90,13346.060836
5452722.423022,76,13348.020787
5728075.126818,91,13350.261702
5503107.944761,60,13351.89584
6058447.674576,69,13353.792208
5853021.829681,82,13356.146645
5455449.274553,87,13358.517963
5461043.679096,96,13361.016581
5428987.998956,79,13362.900348
5686229.852481,86,13365.03912
5514266.108463,37,13365.984204
5457574.037882,83,13368.062024
5497984.409373,91,13370.33359
5556731.11222,47,13371.591409
137343.595701,250,13377.861914
5478717.867716,67,13379.54818
5466786.135114,43,13380.614006
5927078.217048,96,13383.29343
5410743.602034,81,13385.217637
6122972.112389,112,13387.957995
5403327.732967,86,13390.020704
5810567.427401,118,13392.967857
5468681.372787,40,13394.002638
5522711.656124,85,13396.153286
5765057.067754,101,13398.665011
5460209.429145,34,13399.553901
5460750.263538,77,13401.572112
5465993.816613,38,13402.61081
5467866.965587,37,13403.579516
5390268.455272,94,13406.05612
5886747.09926,86,13408.237092
5450735.078641,89,13410.544811
5439553.269211,80,13412.630563
5479231.947188,46,13413.840793
5456717.392942,77,13415.828651
5464829.291748,44,13416.916119
5482676.075604,76,13418.904663
5737909.631532,100,13421.310546
5449036.586499,31,13422.104454
5461551.073339,56,13423.510402
5490655.276683,66,13424.999577
5450324.35364,86,13427.02304
123000.135689,250,13433.268625
5461209.892549,70,13434.895514
5450780.124264,34,13435.728132
6154689.536039,118,13438.616296
5496457.427288,83,13440.61054
5430507.47502,32,13441.40681
5685883.595545,96,13443.844496
5483932.54658,79,13445.853325
5521245.668248,89,13448.066732
6418330.396279,130,13451.205206
6018211.324898,76,13453.077517
5403294.573496,88,13455.215925
5475340.654559,77,13457.13585
5568588.942775,76,13459.037192
5415859.896198,100,13461.545827
5709735.830679,83,13463.560449
5397096.855024,82,13465.562709
5600118.222991,39,13466.567344
5489357.052718,88,13468.853083
5491572.937967,65,13470.517693
5446431.346936,70,13472.376726
5499885.468198,32,13473.183011
5553256.07348,87,13475.445452
5469068.266659,54,13476.818126
78979.262706,250,13483.009893
5450960.992204,80,13484.960176
5459887.423063,40,13485.990088
5434188.974211,97,13488.409221
5474139.361521,97,13490.826706
5453724.45607,85,13492.981856
5513848.282811,59,13494.479753
5524883.557601,109,13497.11062
5423239.124516,82,13499.126321
5513194.697205,71,13500.798667
5426998.540692,78,13502.783946
5437769.195129,38,13503.760787
5434356.399316,27,13504.459101
5433082.817048,39,13505.455812
5392696.46114,86,13507.589378
5466751.508104,72,13509.287079
5461457.714047,87,13511.455728
5569174.279746,49,13512.682696
5411603.815895,75,13514.557276
5461591.375341,77,13516.535325
5497397.833299,72,13518.224348
5404296.71076,85,13520.277115
58510.338605,250,13526.397684
5418216.914967,29,13527.060493
5393253.420969,76,13528.884055
5468148.337349,32,13529.690184
5458077.25188,44,13530.790334
5434188.60494,30,13531.556689
5857098.652828,105,13534.189386
5690348.81808,85,13536.288367
5431252.091516,95,13538.551649
5460801.878432,77,13540.405003
5451072.234001,32,13541.283022
5471162.5829,74,13543.123943
5465195.908047,39,13544.071392
5378480.306778,92,13546.35496
5503648.767232,37,13547.312594
5552223.024898,78,13549.265635
5765289.9001,86,13551.40953
5445915.831598,27,13552.097737
34084.943584,250,13558.122987
5518520.844042,122,13561.194788
5586340.484226,87,13563.314736
5467603.445993,57,13564.775135
5405096.958689,81,13566.73119
5638071.697558,92,13568.955576
5473787.960891,34,13569.802948
5440129.937585,33,13570.634056
5452745.799528,30,13571.345333
5421070.53199,92,13573.506285
5476561.735543,88,13575.662886
5913251.611377,106,13578.296912
5382794.508756,90,13580.527716
5457877.429649,81,13582.557115
5428853.562367,77,13584.498998
5451789.750075,40,13585.462006
5473408.485519,40,13586.505228
5811591.871418,84,13588.66595
5476684.830879,67,13590.352998
5468305.86447,62,13591.828372
5422049.213106,84,13593.77903
5470745.242277,85,13595.853964
5488496.102171,97,13598.237304
5851025.344852,74,13600.498183
5475257.579394,72,13602.517916
5516194.210115,44,13603.677966
5467246.820476,67,13605.537838
5496590.811823,78,13607.911525
5410904.987424,79,13609.728897
5464353.060487,43,13610.855647
114903.502306,250,13617.136618
5523322.112829,73,13619.088017
5655676.215286,168,13623.242457
5478597.749725,76,13625.127411
5450315.355813,31,13625.938683
5466399.874863,85,13628.054534
5445877.61828,89,13630.230552
5560126.490565,75,13632.136088
5511405.093654,79,13634.102019
5466237.512365,42,13635.161756
147756.902121,250,13641.510914
5842909.18046,86,13643.690187
5639518.851916,61,13645.494937
5558147.587421,34,13646.518572
5422382.24905,91,13649.392616
5476238.27713,69,13651.155477
5486435.326129,77,13653.013513
5483002.069516,55,13654.485846
5466414.817561,58,13655.936048
5479306.946675,73,13657.719454
131764.017177,250,13663.829935
5513473.37777,57,13665.211962
5498125.045111,55,13666.738202
5429272.249587,39,13667.674894
5752859.112849,100,13670.132531
5442669.687458,31,13670.851579
5490752.58638,38,13671.777182
5463024.551514,35,13672.710472
5467320.08455,65,13674.37866
5448278.391157,41,13675.392682
5474975.600322,51,13676.672311
5706539.779335,74,13678.520793
5429143.744278,89,13680.766176
5466187.284025,49,13682.005055
5431699.611394,84,13684.209566
5428191.09663,78,13686.164839
5445574.126805,93,13688.498193
5468329.81807,54,13689.888748
5512369.751214,63,13691.438892
5456869.069703,35,13692.33396
5453210.351999,85,13694.546688
5434030.614947,90,13696.815489
5483577.346439,83,13698.885386
5452049.977067,32,13699.692564
5474449.167544,80,13701.705635
5579797.896538,62,13703.321811
5504572.626238,57,13704.663839
5475874.379253,72,13706.348789
5495478.237268,53,13707.73263
6239085.942646,100,13710.159923
5508576.946806,43,13711.176665
5442812.519148,30,13711.941867
5476220.550048,81,13713.930191
5460286.630749,39,13714.874451
364949.996056,250,13720.977187
5450349.713473,82,13722.923028
5497132.761532,59,13724.422926
5448120.118151,80,13726.346526
5506989.888072,57,13727.710546
5467832.888705,82,13729.71534
5536386.051893,57,13731.024172
5511109.735427,61,13732.471705
5525191.774043,80,13734.468993
5447273.118389,28,13735.172166
5451588.925151,80,13737.164524
5879481.216981,109,13739.993803
5495631.404935,57,13741.353042
5495355.43562,30,13742.146827
57420.544207,250,13748.199912
6364668.619488,90,13750.484133
5509873.281274,35,13751.3499
5488663.975314,64,13752.985849
5441903.164172,33,13753.794771
5486532.793207,78,13755.745765
5479236.688463,78,13757.635785
6036918.784025,112,13760.345542
5544593.622248,78,13762.297808
5467467.043075,82,13764.213515
5430365.655911,88,13766.418197
5473194.154497,50,13767.651151
5506633.368312,73,13769.417225
6241884.014089,100,13771.850488
5808867.970059,97,13774.272115
5452059.266523,82,13776.214935
5448988.689055,34,13777.100127
5454048.586466,39,13778.088874
5502212.789365,68,13779.797232
5502457.333176,35,13780.642395
5697915.710088,87,13782.744529
109370.332245,250,13788.875466
5480180.082936,76,13790.832761
5487523.262767,71,13792.562823
5517291.515031,51,13793.778082
5467557.976309,30,13794.555089
5490764.912952,63,13796.105705
5469119.794089,30,13796.919212
60876.768357,250,13803.321904
5822902.302407,98,13805.896008
6499940.035675,123,13809.042573
5710814.40106,105,13811.620917
5439424.723152,85,13813.748456
5482966.510394,71,13815.457393
5473970.333163,60,13817.015624
5466262.889809,67,13818.669133
5455779.336251,34,13819.451123
5457206.875347,38,13820.37331
5450438.988477,31,13821.160911
5422670.899306,75,13823.011115
5498525.290468,35,13823.886586
5479976.795067,69,13825.656589
5436219.026077,28,13826.368576
5467470.085562,39,13827.370343
5402292.417246,74,13829.086707
5790208.686729,50,13830.33692
5507475.504887,57,13831.751798
5480905.376191,76,13833.646769
5469977.145374,81,13835.587979
5428156.54576,75,13837.433752
5444153.913369,33,13838.257891
5459571.516411,79,13840.197336
5420093.140605,81,13842.177124
5469669.476162,76,13844.154444
5528862.464808,97,13846.645733
5483870.637107,69,13848.370239
5613219.627811,80,13850.471628
5484407.566814,92,13852.810051
5459297.55061,75,13854.74524
5442394.226842,36,13855.638469
5488100.318996,70,13857.408652
5490050.48658,81,13859.54156
5760370.12654,93,13861.977578
5431367.461674,83,13864.125506
5381705.247771,79,13866.172886
5475052.579089,43,13867.330323
5474940.662087,74,13869.242377
5596003.125873,91,13871.596616
5873164.873936,75,13873.527678
5417327.607853,27,13874.204728
5470398.151809,36,13875.167454
5893930.534671,72,13877.065155
6021135.448595,97,13879.452217
5678787.26795,80,13881.42431
5460564.363931,32,13882.306872
5521732.169076,62,13883.925346
5478805.251481,49,13885.254129
5462663.484301,39,13886.28641
42859.965291,250,13892.580029
5447677.571614,35,13893.519114
5494404.58833,36,13894.417894
5457263.546695,40,13895.458607
5466842.406141,32,13896.283719
5652606.529116,71,13898.118936
5529565.914273,57,13899.598388
5417402.521639,86,13901.763677
5810960.884071,101,13904.273167
5458455.106859,35,13905.155339
5869225.468148,105,13907.724576
5470352.839236,66,13909.347192
5394210.679578,84,13911.451842
5442543.854502,36,13912.27551
5384983.500103,97,13914.643873
5437040.918133,56,13916.055218
5476405.023827,74,13917.927266
5420991.842809,87,13920.21582
5478024.06417,67,13921.90989
5437655.668181,83,13923.94525
5421469.581515,30,13924.700039
5514217.529145,38,13925.606614
5463106.580654,35,13926.445238
5478928.538465,54,13927.777562
5443961.858394,60,13929.200585
5521645.711759,51,13930.485838
5481014.163247,69,13932.235213
5443914.608812,37,13933.161147
5561661.846256,98,13935.545624
6018887.589706,100,13938.023604
5486820.427154,72,13939.910474
5692082.50856,86,13942.18544
5848443.517913,105,13944.85523
5431308.272511,84,13947.076497
5483902.209145,41,13948.073248
5487318.604304,78,13949.984321
5486440.169451,39,13950.97281
5454302.512198,83,13953.07519
5469357.909717,77,13955.000946
5474418.980493,46,13956.044545
5429699.446538,83,13958.060279
5475858.098955,76,13959.971646
5564163.541936,85,13962.058437
5460671.202648,71,13963.772403
5581290.884988,70,13965.501488
7975.947184,250,13971.718303
5809280.259924,103,13974.292417
5619973.495258,100,13976.791311
5474807.120446,40,13977.806843
5735685.411418,56,13979.181481
5442925.970027,42,13980.168348
5472067.451976,41,13981.131227
5481445.728357,53,13982.284375
5636985.490007,48,13983.407425
5459477.90561,52,13984.606152
5472699.108952,66,13986.210956
6146112.305806,113,13988.976936
5438144.518893,32,13989.749527
5629241.983963,48,13990.912744
5755795.170147,94,13993.197838
5473833.072898,45,13994.331024
5411303.801781,82,13996.256234
5474332.221874,43,13997.246307
5594360.261314,40,13998.279575
5563142.721767,67,13999.928452
5445764.187076,85,14001.977847
3040434.435971,250,14008.153447
5461962.510835,51,14009.305633
5755539.069938,95,14011.535921
5479094.76294,41,14012.480353
5453722.855555,38,14013.374248
5500653.399687,38,14014.269151
5467557.201631,48,14015.427337
5468212.016834,54,14016.756259
5448420.479082,33,14017.541292
5483407.985921,62,14019.11743
5449676.247408,40,14020.135254
5485178.25822,76,14022.018198
5442711.265204,35,14022.857004
6434707.085726,138,14026.275326
5455544.863178,33,14027.11193
5991623.208334,64,14028.675366
5869875.743413,93,14030.914835
5447102.791321,60,14032.353967
5484059.063712,55,14033.792955
5449403.599409,78,14035.754458
5445866.96431,81,14037.804089
5462165.31689,36,14038.670063
5370585.657937,85,14040.748317
5423113.211517,39,14041.690613
5464141.677909,81,14043.640294
5428526.317714,32,14044.432153
5469190.304285,79,14046.389326
5520340.826178,35,14047.233629
5519274.060777,81,14049.258895
5510173.767974,60,14050.793886
5482677.023876,77,14052.730531
5443186.939391,29,14053.471699
5436976.616828,35,14054.301868
5425876.127871,97,14056.705402
5483667.680182,68,14058.406822
5484626.888687,82,14060.488708
5576132.03103,85,14062.5915
5479608.419487,42,14063.616187
5477663.184384,31,14064.35162
5658804.362795,40,14065.423956
5514642.161728,65,14067.092664
5453909.948526,32,14067.875084
5440975.759801,85,14069.950757
148581.8868,250,14076.109944
5555228.505587,39,14077.059271
5427462.429276,37,14077.929535
5494063.930115,95,14080.22492
5447940.07637,40,14081.181079
5628077.977133,58,14082.629101
5441133.142648,80,14084.658361
5436524.719183,34,14085.498769
5482659.951248,63,14087.091794
5644821.517838,100,14089.61253
5721043.091959,102,14092.234926
5459508.066894,53,14093.640047
5563031.148055,70,14095.452654
5450190.631429,38,14096.420189
5378790.651685,88,14098.754136
5500438.708119,42,14099.808242
5472678.116667,38,14100.77721
5471356.337411,53,14102.120927
5450156.131351,40,14103.115998
6370408.956141,83,14105.240259
5838726.409537,63,14106.874657
5445595.714169,50,14108.191417
5483375.107603,71,14109.960743
227351.574996,250,14116.243921
5458355.032811,69,14117.994887
5496894.238732,76,14119.964262
5599160.328016,42,14121.026875
5438206.921014,31,14121.840683
5671487.031651,91,14124.135429
5754011.918765,89,14126.593029
5764080.172471,60,14128.177826
148485.795801,250,14134.660001
5515592.166596,96,14137.364414
5447217.727994,83,14139.388157
5515321.442318,71,14141.200594
5423059.385264,79,14143.165685
5672126.663222,103,14145.652214
5881972.192862,104,14148.220226
5505178.930033,61,14149.717607
5479034.303378,37,14150.651437
5463360.45874,83,14152.843906
5465611.704136,82,14154.936368
5440534.225849,36,14155.861575
5439222.479927,78,14157.88414
5454678.161514,39,14158.860906
5705048.290689,68,14160.51355
5397159.535427,86,14162.730201
5736973.184549,55,14164.085132
5489928.741371,73,14165.95313
5503782.103653,85,14168.097838
5442141.842901,75,14169.994665
6079453.314795,121,14173.015592
5457329.481541,88,14175.194349
5477129.990577,42,14176.224447
5462228.844277,37,14177.124397
5462484.655384,31,14177.922097
5460568.013932,32,14178.724321
5460303.234445,57,14180.162426
5771948.699625,103,14182.664586
5669158.147439,68,14184.313582
5787653.248699,88,14186.537496
5464049.558139,81,14188.451021
5470316.184918,45,14189.522292
5526718.646505,56,14190.914191
5441129.778875,81,14192.826039
5465330.647495,76,14194.746432
5388820.43682,82,14196.817647
5703975.478329,45,14197.938494
5475117.568728,72,14199.703139
5433634.750174,93,14201.967224
5592555.292146,43,14203.025186
5423071.086294,76,14204.895569
5449690.986982,38,14205.749374
5458418.902228,31,14206.449904
5453935.842413,33,14207.228556
5486293.810464,32,14207.993151
5457317.777106,77,14209.894387
5500768.521177,50,14211.095352
5454656.206587,43,14212.162464
5386890.392704,87,14214.303278
5492999.459441,36,14215.213583
5419984.478674,95,14217.626033
5502999.441171,89,14219.866783
5445390.598591,38,14220.798712
5390044.695984,83,14222.916955
5405091.608423,83,14225.066494
5492393.316507,71,14226.765177
5462286.382758,62,14228.248938
5471734.104125,76,14230.149409
5427330.618199,85,14232.247191
5487240.612479,47,14233.368191
5424751.631679,85,14235.34234
5530834.658475,77,14237.208631
5430445.292099,90,14239.4652
5453784.72679,76,14241.37339
5709187.00579,73,14243.222817
5458757.64367,52,14244.518224
5678881.12492,46,14245.738552
5439665.200984,34,14246.587846
5501213.209524,57,14248.020154
5448690.749203,48,14249.144074
5730381.908036,47,14250.262648
5672357.742838,48,14251.426053
5481931.462415,82,14253.397485
5405533.019271,84,14255.465434
5533913.114462,85,14257.54131
5432463.203399,31,14258.304639
5540613.775958,61,14259.834137
5481430.376751,42,14260.861126
5481555.140034,64,14262.387728
5481009.269349,77,14264.276416
5475368.546612,35,14265.184843
5403468.801228,72,14266.8918
5436278.236321,84,14268.837569
5503163.733753,51,14270.079726
5408885.19353,86,14272.188781
5474346.610357,58,14273.620167
5445503.862024,97,14276.01969
5480446.847603,44,14277.092137
5464917.608798,39,14278.043123
5450276.7178,31,14278.785748
5459972.174215,80,14280.756934
5464390.234257,77,14282.770152
5828811.15724,109,14285.494638
5484691.192614,91,14287.770155
5437393.36514,82,14289.861599
5438072.989306,37,14290.736679
5428262.354319,27,14291.395568
5845449.894613,55,14292.750776
5421180.292697,86,14294.825722
5598705.531619,46,14295.997176
5453663.38069,28,14296.69007
5428262.751049,37,14297.614263
5480983.155427,77,14299.541581
5445084.507964,38,14300.456765
5997527.42336,66,14302.054372
5409203.962486,78,14304.030133
5480392.282183,75,14305.932308
5655707.100712,74,14307.807066
5596871.801932,69,14309.513356
5443670.063797,32,14310.284782
5463554.726839,29,14310.981652
5427806.430156,44,14312.023063
5479509.874036,38,14312.902541
5448862.462956,74,14314.771061
5711391.795759,78,14316.702945
5469753.409108,43,14317.749578
5929007.8406,61,14319.188498
5492954.496704,49,14320.372989
5442240.270069,101,14322.894601
5398722.445983,80,14324.8748
5510397.044597,70,14326.788766
5470891.406471,34,14327.68894
5493020.478258,67,14329.411239
5536302.185145,47,14330.608449
2163230.262616,250,14337.235961
5520727.50524,85,14339.445651
5495405.224986,80,14341.488971
5418424.91906,79,14343.553878
5417196.499629,86,14345.856856
5570738.852642,42,14346.940185
5450115.670518,34,14347.774333
5496241.571976,87,14349.980774
5417264.862275,84,14352.132168
5476703.67819,48,14353.319861
172656.335442,250,14359.758833
5482769.03537,41,14360.824219
5814054.358402,108,14363.720399
66482.57276,250,14370.067104
5662255.442452,90,14372.372256
5401018.945844,91,14374.758317
5493715.123282,61,14376.284809
5598329.786358,61,14377.881421
5527935.752844,55,14410.819994
6222450.46987,73,14412.598862
5579119.872115,62,14414.212798
5420838.930924,85,14416.351434
6101492.269651,126,14419.694929
5440090.472783,79,14421.889343
5582180.127905,60,14423.383887
5466823.946042,35,14424.289642
5471984.976522,75,14426.222397
5429614.773519,77,14428.050528
5559368.303147,90,14429.946496
5606727.194632,89,14431.587597
5469468.320313,35,14432.257558
5840684.417536,49,14433.164031
5519479.115344,67,14434.290595
5478531.646103,80,14435.708797
5488695.782403,81,14437.21174
5516539.200611,91,14438.75859
5460088.022432,60,14439.829373
5407505.461366,78,14441.234769
5448064.670942,89,14442.953367
5485888.663002,66,14444.169135
5426392.784016,87,14445.890847
5463809.325217,81,14447.340373
5380437.417705,78,14448.790234
5431260.002024,86,14450.472241
5472328.373884,86,14452.077648
5459180.53772,30,14452.618213
5401112.981629,91,14454.437861
5486648.487371,50,14455.315662
5796773.311007,98,14457.081435
5464702.690087,80,14458.568792
5441594.121775,32,14459.175051
5485114.913782,36,14459.888463
5924073.457363,94,14461.660529
5728323.59163,93,14463.449485
5445165.967232,34,14464.128048
5474991.852177,82,14465.695226
5477369.794916,36,14466.406358
5460042.61082,38,14467.133983
5467338.508192,90,14468.931166
5786027.884983,54,14469.994566
5570585.520266,43,14470.83194
5473504.031572,76,14472.327015
5428608.289374,29,14472.899864
88139.106184,250,14477.69744
5466578.419677,76,14479.162644
5730188.388622,72,14480.544663
5566584.640924,38,14481.267897
5461395.587389,66,14482.567145
5498609.000457,42,14483.387915
100637.957644,250,14488.363194
5489806.692176,51,14489.365076
5486773.717897,81,14490.960221
5779677.112078,74,14492.418283
5448238.353817,87,14494.110439
5500722.59845,37,14494.848524
5444290.921477,36,14495.522677
5427817.917959,90,14497.247351
5457273.176604,38,14498.025331
5813943.35533,56,14499.058305
285170.127338,250,14503.887449
5790883.912688,95,14505.733389
5497107.922738,86,14507.418338
5402004.488612,83,14509.007248
5484017.194076,60,14510.159172
5458464.200555,35,14510.828532
5499586.280185,73,14512.185161
5456800.008424,48,14513.066046
5479831.814926,59,14514.211701
5859571.266673,103,14516.179674
5511498.219131,86,14517.789994
5451328.226931,93,14519.561794
5451105.325972,78,14520.987904
5496395.826861,30,14521.533494
5489617.234162,44,14522.3615
5468463.473488,73,14523.724722
5472761.047332,63,14524.920929
5566104.889029,71,14526.311828
5854640.317598,62,14527.478697
5753469.302384,74,14529.051723
5483452.193752,30,14529.61351
5468012.49496,52,14530.516558
5480822.31615,85,14532.243819
5438276.830557,33,14532.937628
5399108.717028,81,14534.585626
5436237.654519,28,14535.126138
5470905.0366,68,14536.44298
6168264.145946,69,14537.707457
5492086.11585,63,14538.812547
-84344.991619,30,14539.371491
5659111.739761,42,14540.149178
6044560.618861,77,14541.616422
5464992.939048,71,14542.945359
5499946.019215,82,14544.538804
5442839.501714,34,14545.181533
5469381.702721,36,14545.977756
5482352.769008,86,14547.678645
5497351.089271,48,14548.684546
5462935.120864,32,14549.340449
5448263.033768,92,14551.166567
5559914.17358,70,14552.574605
5467284.591777,38,14553.328851
5457177.377143,79,14554.831852
5443070.312205,40,14555.52227
5499003.661388,35,14556.156353
5449323.484749,86,14557.799107
5494298.255484,72,14559.271043
5430187.799592,31,14559.882631
5458232.233362,70,14561.179402
5622388.723819,58,14562.27049
5482116.060319,45,14563.088531
5510762.991499,52,14564.003493
5479342.018034,31,14564.543282
106649.859692,250,14569.238467
5729679.382593,104,14571.148153
5618019.83878,46,14572.003412
5475749.126217,71,14573.510339
5399960.077457,94,14575.275783
5484969.387729,54,14576.332479
5478478.751529,78,14578.032433
5504195.15484,42,14578.856577
5472245.495951,72,14580.219615
5401488.730649,85,14581.734581
5445324.981401,30,14582.25031
5417064.576642,88,14583.852606
5458316.706324,85,14585.530541
5581411.806479,64,14586.758963
5469176.449148,70,14588.108946
127911.148626,250,14592.830893
5466831.526475,39,14593.544394
5628499.934265,85,14595.138737
5518648.973918,59,14596.266291
5432297.307131,36,14596.969717
5487441.008236,69,14598.217575
5446012.033938,36,14598.866348
5521692.044191,46,14599.720824
5403273.545513,71,14601.169574
5448415.664545,46,14602.01753
5470761.612291,69,14603.248245
5453337.271129,70,14604.635915
5791696.539234,95,14606.342278
5473139.31001,44,14607.153121
5389430.2632,80,14608.609352
6080923.140014,74,14609.954418
5485835.648559,54,14610.925096
5474917.831204,32,14611.539238
5410289.277838,83,14613.151599
5899342.61668,116,14615.307478
5508656.892705,76,14616.835138
5493151.966938,76,14618.392299
5471397.294161,53,14619.335443
5467077.239711,79,14620.785121
5845554.875701,82,14622.302112
5531814.424549,79,14623.772102
1886023.010394,250,14628.414376
5836180.07848,58,14629.461673
5483853.914862,33,14630.044173
5433453.854015,42,14630.804391
5910126.507128,84,14632.375329
5960945.331179,109,14634.415027
5535905.901328,51,14635.344838
5483850.624071,51,14636.316039
5487095.719238,82,14637.851554
5481186.682977,76,14639.239759
5495233.191416,72,14640.608338
5463106.229212,79,14641.913596
5471383.823896,77,14643.231634
5584241.864195,37,14643.896284
5391283.59639,83,14645.376732
5476630.196127,67,14646.604525
5456360.772106,75,14647.975756
5451719.657956,85,14649.514322
5896453.194315,99,14651.373586
5479321.912805,36,14652.025185
5523648.306792,81,14653.514299
5475304.901659,90,14655.157101
5434186.524256,83,14656.671957
5704106.274803,51,14657.611281
5462664.908378,89,14659.321422
5500654.238099,71,14660.564757
5470619.726679,51,14661.474108
5495497.295348,89,14663.124332
5656123.187345,83,14664.671489
5459814.432396,71,14666.017955
5449920.335422,49,14666.93066
5477380.492068,88,14668.567152
5401231.410933,86,14670.082655
5441688.639542,35,14670.710863
5465401.615199,68,14671.97859
5485428.013707,35,14672.661476
5475917.038402,79,14674.090633
5659881.317779,69,14675.309032
5450328.972562,39,14675.995898
5472409.009328,75,14677.374726
5532558.30435,106,14679.306368
5668585.020938,99,14681.091232
5439802.513963,29,14681.632767
5902686.631276,170,14684.889725
5445466.667792,77,14686.413943
5494805.223465,43,14687.222131
5438426.712084,39,14687.97664
5472252.301792,71,14689.35011
5667242.248921,88,14691.125118
5454757.676586,35,14691.828731
5454202.032886,34,14692.492112
5763845.086987,94,14694.280401
5405053.350049,77,14695.717835
5543101.640881,53,14696.737697
5443190.767071,84,14698.343071
5459453.001613,38,14699.064173
5483042.533822,78,14700.556358
5461486.178924,34,14701.212547
5455589.499628,40,14702.001252
5795168.508445,97,14703.897874
5447553.591681,76,14705.402328
5501225.277284,73,14706.860929
5486527.470209,96,14708.711597
5640040.237404,82,14710.134963
5455607.56194,45,14710.930481
5453361.932902,79,14712.336727
5481396.26896,70,14713.602109
263581.399849,250,14718.283548
5534124.975164,106,14720.321452
5492782.865542,40,14721.099242
5395948.331072,76,14722.59597
5515032.717564,58,14723.8119
5454997.01785,34,14724.47139
5528588.50601,92,14726.158467
5467027.137828,37,14726.884345
5441107.747012,93,14728.643274
5491631.328631,75,14730.049282
5416988.938603,82,14731.669132
5674936.057062,84,14733.292086
5494148.141843,66,14734.592329
5446725.763009,52,14735.618996
5456729.397658,31,14736.247576
5481566.813402,71,14737.66317
5475337.596691,34,14738.335454
5458785.376883,46,14739.252133
5444618.484648,26,14739.779579
5528994.871309,80,14741.37566
5682000.106269,102,14743.345716
5449777.956507,81,14745.266335
5610095.829742,92,14747.022845
5589412.34697,91,14748.674152
5456759.127558,47,14749.696683
5505876.743182,35,14750.320755
5430272.660133,83,14751.770212
5476211.080045,45,14752.678406
5513378.097605,66,14753.854488
5450044.820006,34,14754.453907
6111719.73581,129,14756.848406
5458125.62684,39,14757.565142
5801619.111108,67,14758.725925
5490311.515548,53,14759.944135
5436063.174078,38,14760.659122
5528537.0786,75,14762.165612
5605720.557404,66,14763.399079
5481962.114045,77,14764.821051
5640831.196373,89,14766.47474
5434707.344583,43,14767.222332
5955578.903525,105,14769.049926
5454021.699744,83,14770.551716
5358591.147338,91,14772.226208
5487118.677769,83,14773.820559
5530703.400011,55,14774.867248
5460317.654639,35,14775.550833
5570149.100978,46,14776.430965
5500416.76731,55,14777.493976
5497128.4548,57,14778.571125
5467153.487662,80,14780.126078
5500860.427048,58,14781.266104
5450846.729385,87,14782.913954
5626284.843314,45,14783.75995
5577049.175417,60,14784.956836
5438336.976968,41,14785.765607
6097054.397014,73,14787.177071
5598056.855042,72,14788.523183
5430751.809198,30,14789.102896
5615158.626568,84,14790.73955
5449774.334132,36,14791.439825
1272878.287254,250,14796.309669
5438084.559499,30,14796.867672
5482463.081964,52,14797.895759
5509704.098616,44,14798.753289
5491258.227758,82,14800.367256
5458219.472031,32,14800.967895
5768278.784473,99,14802.761082
5495789.949008,37,14803.412417
5476329.727178,36,14804.118927
5615909.083904,48,14804.97513
5492244.535025,64,14806.145766
5520301.28082,46,14806.989768
5454564.740486,47,14807.83736
-176320.805455,9,14808.021795
5468064.188624,36,14808.678852
5402732.894906,84,14810.224283
5474549.657106,74,14811.594929
5543241.158056,39,14812.271522
5387029.737222,84,14813.841803
5477300.556459,85,14815.38104
5499163.605278,70,14816.683388
5614248.067079,66,14817.852753
5429081.389012,86,14819.506114
117411.575136,250,14824.087222
5465854.416124,68,14825.342808
5453525.845043,41,14826.078011
5490429.208681,82,14827.616052
5445500.956437,59,14828.723068
5394175.919012,80,14830.22056
5395289.872276,77,14831.801153
5475403.105936,63,14832.864358
5421019.314551,77,14834.236394
5486758.316826,53,14835.192577
5540900.97394,53,14836.150802
5384986.241768,84,14837.700309
5457958.110001,77,14839.11321
5578057.458358,68,14840.399667
5498981.267327,50,14841.322745
5461980.144145,43,14842.132145
5382867.435642,83,14843.678735
5585066.02284,96,14845.462739
5499806.026395,86,14847.075918
5474149.122494,82,14848.527074
5463969.689307,74,14849.876396
5469107.847912,64,14851.057496
5490236.715539,72,14852.432901
5451502.373011,40,14853.189477
5463718.230526,70,14854.522964
5473471.894789,35,14855.207534
5484202.510529,63,14856.425207
5406067.504627,82,14858.047867
5497152.962969,78,14859.496311
5477798.191033,77,14860.972784
5521415.449813,65,14862.206407
5486900.355904,34,14862.836175
5437289.815067,51,14863.820804
5460417.666495,34,14864.433986
5509260.902407,75,14865.858038
5478616.467293,36,14866.565557
5443989.396984,72,14867.993067
5492173.702578,88,14869.658143
5710059.014911,99,14871.470802
5470892.338197,38,14872.195246
5556392.387211,82,14873.734105
5477586.782608,80,14875.217244
5423514.915491,80,14876.697132
5751562.140597,84,14878.268825
5493409.273322,72,14879.621848
5615681.53507,55,14880.603108
5452765.439311,69,14881.926364
5471185.678734,72,14883.25606
5473138.878129,78,14884.723108
5479633.097404,38,14885.430298
5419321.464814,89,14887.073957
5495177.853689,84,14888.578978
5448193.665899,59,14889.598907
5500787.94734,83,14891.115294
5458327.105679,39,14891.788915
5946163.893969,57,14892.824734
5681012.823406,41,14893.567835
5414717.03433,81,14895.079649
5491849.856608,81,14896.569698
5459859.113007,84,14898.117154
5489126.895429,64,14899.356108
5474804.125455,53,14900.284844
5695042.60493,59,14901.317926
5536231.701941,68,14902.499011
5567370.29253,94,14904.378169
5444301.44715,88,14905.964204
5501527.116877,61,14906.95701
5576481.473914,142,14909.521945
5420712.325787,30,14910.07465
5451619.307569,31,14910.588858
5431747.006369,81,14911.988425
5557940.651162,66,14913.155142
5444011.821417,85,14914.696196
5504240.890002,75,14916.138883
5687138.792258,104,14918.032574
5539564.17568,77,14919.426018
5738384.792118,80,14920.893572
5449908.986346,38,14921.610535
5511809.626107,77,14923.027933
5653469.946625,97,14924.739552
5498030.052599,68,14926.037834
5662406.045294,91,14927.634157
5487875.092145,40,14928.328567
5482770.374249,75,14929.66653
5866846.494567,95,14931.478873
5488718.698952,73,14932.71762
5467129.563046,33,14933.304182
5488270.419552,72,14934.581348
5454545.374063,43,14935.323273
5838450.372731,56,14936.305866
5449705.560746,55,14937.30008
5487162.929435,80,14938.799824
5923246.398427,86,14940.473403
5675621.590909,102,14942.396449
5503966.446023,59,14943.547356
5535579.860321,51,14944.5281
5462719.077633,85,14946.148736
5457238.819715,44,14946.988723
5426372.174118,30,14947.565388
5457500.233632,46,14948.45748
5515856.602611,85,14950.04957
5495792.081269,66,14951.247261
5565515.112458,40,14951.965917
5492770.352083,81,14953.523223
5728546.341022,103,14955.51374
5771956.950761,49,14956.487561
5817837.035778,136,14959.168839
5467906.018272,48,14960.110564
6167513.466203,157,14963.165501
5488242.034022,78,14964.672831
5475026.721476,41,14965.534572
5393034.049911,98,14967.44692
5452844.372398,79,14968.933023
5527052.543126,66,14970.15153
5523322.446599,69,14971.423661
5443655.214169,37,14972.119716
5472075.815624,39,14972.84147
5469144.29903,39,14973.572701
5452224.252534,80,14975.060914
6150384.381652,127,14977.519666
5455780.377897,50,14978.488138
5544156.155233,76,14979.940435
5481189.337847,68,14981.255413
5492330.290045,35,14981.948608
5445689.893775,36,14982.634038
5490288.426634,58,14983.667574
5489024.890404,88,14985.276506
5455760.482801,80,14986.736277
5392773.810772,82,14988.231632
5734502.377686,51,14989.204312
5449457.00875,93,14990.991372
5491179.583946,74,14992.451735
5492915.996181,87,14994.130148
5392028.051548,83,14995.706467
5476266.701128,55,14996.747132
5794255.035779,69,14998.071174
5484800.351046,77,14999.629388
5472256.111482,77,15001.104766
5466972.230541,29,15001.65917
5693668.654892,87,15003.329788
5446596.481623,36,15004.039176
5642712.757841,47,15004.971109
5632805.688295,38,15005.729845
5868471.365399,52,15006.731678
5956740.419228,102,15009.092091
5438395.168963,48,15009.970401
5566037.306107,66,15011.213645
5481888.327672,53,15012.227864
5710243.573212,100,15014.171849
5482071.635448,90,15015.92548
5495518.246033,65,15017.153141
5468038.394512,81,15018.753006
5450117.671424,31,15019.353667
5474989.998789,42,15020.162529
6221705.990719,89,15021.85442
5429065.097437,26,15022.368489
5486939.494666,67,15023.602003
5439815.127823,28,15024.159538
5454942.074519,37,15024.873457
5822349.114285,101,15026.836207
5419125.146781,84,15028.406073
5519962.980424,57,15029.495697
5465453.611562,73,15030.8742
5605434.155008,101,15032.820357
5694787.835754,68,15034.175636
5397392.130269,79,15035.672853
5475458.365096,49,15036.598594
5422874.265985,83,15038.21748
5374308.960256,88,15039.872362
5470300.498409,39,15040.640629
5400211.346068,84,15042.226645
5434414.784077,88,15043.776516
5913354.466109,102,15045.532268
5452856.738017,91,15047.059902
5492334.510559,66,15048.231493
5514231.204638,48,15049.013694
5554348.297927,43,15049.710779
5767409.154245,49,15050.55453
5388790.235699,78,15051.860915
5743582.384457,93,15053.464503
5457714.350745,76,15054.818375
5566125.668851,39,15055.550013
5475824.616203,41,15056.294357
5526460.609127,52,15057.258023
5955941.080925,68,15058.559566
6215795.262384,133,15061.01781
5470172.945577,77,15062.509719
5753318.031343,50,15063.436185
5448192.534233,78,15064.90769
5456936.374329,80,15066.442848
5420067.285382,87,15068.051439
5480961.483107,76,15069.438478
5793905.933258,87,15071.032406
6752293.318035,146,15073.597014
5548592.811204,38,15074.250349
5499975.774051,49,15075.091166
5469158.020511,52,15076.039192
5492218.98036,65,15077.256022
5499402.876566,76,15078.713162
5595849.126556,52,15079.688573
5447963.354884,25,15080.181252
5447126.489161,80,15081.698636
5496158.245645,74,15083.059319
5444605.322192,36,15083.727394
5489047.925597,80,15085.075593
5472398.788106,37,15085.717792
5461496.40611,29,15086.245312
5459954.339332,36,15086.887369
5501007.851285,89,15088.430094
6086331.949711,145,15090.823677
6635341.311993,120,15092.775068
5688548.663803,63,15093.820709
5467009.858106,41,15094.558006
5451102.255188,67,15095.800223
5794924.815489,56,15096.86829
5561650.234003,91,15098.571262
5539972.985505,44,15099.389907
5479686.161418,77,15100.795623
5477434.605074,33,15101.421368
5545944.081533,43,15102.207051
5485074.981311,63,15103.359471
5498106.741344,70,15104.636232
5482076.995422,83,15106.178504
147869.435334,250,15110.507926
5561971.788216,86,15112.029543
5460416.565416,50,15112.875649
5857521.812809,56,15113.856314
5499626.727096,64,15115.088658
5559142.782881,48,15116.045932
5434030.59261,78,15117.536502
5852740.492838,69,15118.805756
5428807.86533,35,15119.517902
5529582.005612,96,15121.459304
5505368.491647,70,15122.936217
5429431.832611,27,15123.422134
5433955.56465,79,15124.916952
5478025.513032,77,15126.432129
5483482.599735,87,15128.086074
5592066.907629,51,15129.07421
5607296.566032,65,15130.387457
5676238.663128,57,15131.517344
5485548.653142,78,15133.170352
5466016.805135,35,15133.943766
5480720.092674,64,15135.239325
5819786.761245,55,15136.183672
5745783.504622,92,15137.757076
5480408.076663,39,15138.491181
5454735.086042,83,15140.169726
5455457.838285,61,15141.284786
5461443.96185,41,15141.940619
5519017.22188,76,15143.20434
5477125.612823,51,15144.084282
5394089.061793,80,15145.514571
5481775.533047,42,15146.304775
5449892.609212,38,15146.957079
5423818.082645,87,15148.539942
5443744.119596,42,15149.303049
5516056.218784,57,15150.411376
5511051.086103,36,15151.075775
5917873.819994,110,15153.023977
5437736.077013,34,15153.623327
5440525.792225,84,15155.099956
5473433.308875,77,15156.473928
5546735.998375,81,15157.891987
5464110.617566,59,15158.969825
5377320.100803,87,15160.587167
5482566.572827,40,15161.303849
5508614.101425,80,15162.850255
5722529.465242,87,15164.560001
5439343.970339,38,15165.326701
6053113.414302,161,15168.507082
5481371.01916,72,15169.921924
319177.752795,250,15174.825745
212593.763029,250,15179.764199
5466410.508962,85,15181.475527
-164711.775052,10,15181.670753
5441987.377169,37,15182.404105
6602090.116827,122,15184.818893
5628427.225498,87,15186.450025
5935998.741144,77,15187.934873
5885839.277956,58,15189.079839
5448631.48574,79,15190.660075
5662413.896237,41,15191.459956
5634347.36932,70,15192.858479
5469998.790074,75,15194.187231
5460369.364274,78,15195.605368
5462267.242486,28,15196.141398
5427633.196374,90,15197.867601
5442228.205341,29,15198.433474
5506430.914695,72,15199.819736
5447149.550252,32,15200.581088
5485417.662839,44,15201.343619
5413059.311567,82,15202.814294
5456670.469088,73,15204.153864
5453465.319955,66,15205.395811
5465959.944746,48,15206.353943
5443012.536683,27,15206.864049
5454399.236566,75,15208.402802
5800647.972646,104,15210.351897
5452922.136095,37,15211.056402
5472503.254692,70,15212.461286
5454942.245707,69,15213.850996
5483635.379728,80,15215.414798
5521348.363826,92,15217.240324
5625691.983394,48,15218.176575
5381302.985678,82,15219.776022
5678451.042295,60,15220.915237
5503755.584248,61,15222.076245
6051826.627655,112,15224.234017
5483125.676108,52,15225.241496
5454137.240098,65,15226.499547
5469540.854057,37,15227.208701
5371957.71174,82,15228.823912
5509012.868719,86,15230.486736
5441236.67101,70,15231.84429
5407728.661681,83,15233.478343
98925.99713,250,15238.34033
5653405.360429,81,15240.01074
5587942.376983,84,15241.548421
5459892.029963,65,15242.729475
5485541.676013,70,15244.069609
5444903.438936,78,15245.571803
5476309.976744,65,15246.713057
5507533.884317,81,15248.158077
5505616.626239,71,15249.47254
5492745.465367,43,15250.27228
6253998.447264,108,15252.358975
5509830.431016,80,15253.876926
5442282.826788,31,15254.442856
5522943.168602,38,15255.163873
5375629.303397,86,15256.876204
5493094.136643,49,15258.037479
5470372.652556,47,15258.882045
5459953.408488,69,15260.12529
5402952.27354,85,15261.699402
5441796.945102,48,15262.580647
5453772.210341,34,15263.151862
5549594.98637,70,15264.424686
5488674.61632,75,15265.739811
5483156.659738,78,15267.192255
74600.442139,250,15271.735758
5504076.128557,64,15272.922786
5456456.162957,53,15273.884094
6030744.050239,76,15275.304525
5891604.562589,58,15276.375838
5488532.185276,41,15277.098969
5451809.36048,79,15278.582675
5437120.73959,81,15280.072048
5444593.501866,40,15280.811828
5401049.051647,89,15282.338208
6405142.327509,92,15283.99396
5457861.834373,86,15285.522311
5468269.965092,89,15287.054928
5433127.080304,27,15287.528135
5467301.426622,39,15288.197778
5450813.765105,41,15288.911097
5421171.371329,29,15289.449446
5455344.894127,37,15290.141227
5480579.99087,56,15291.186645
5460145.954406,35,15291.829144
5481874.018243,52,15292.71117
5436214.340685,83,15294.108194
5485672.208033,65,15295.239259
5468100.261486,38,15295.887362
5483676.706612,67,15297.031403
5387328.920342,84,15298.521311
5458492.141583,37,15299.209174
5435707.979025,68,15300.37524
5948884.636057,93,15302.056257
5491692.036992,86,15303.553154
5440072.496952,30,15304.072118
5420084.48653,31,15304.628451
5489679.849068,69,15305.795626
5448732.218873,28,15306.365666
5461018.931017,39,15307.105006
5503657.98261,72,15308.34599
1195231.32101,250,15312.713066
5469317.194318,33,15313.329302
5960972.717948,71,15314.585363
5478999.045725,45,15315.366037
5470288.349684,36,15315.987695
5445616.040173,32,15316.554327
5427209.779057,33,15317.124703
5489659.65117,39,15317.807729
5461648.995017,35,15318.360764
5443715.393877,37,15319.060331
5904612.68112,56,15319.992975
5558159.020064,50,15320.925824
5481003.715661,39,15321.578458
5474775.58546,83,15323.001315
5507927.820908,43,15323.735959
79327.214306,250,15328.194932
124673.985466,250,15332.679751
5467640.155359,88,15334.13309
5458909.494175,38,15334.803588
5748735.045104,51,15335.681855
5515375.575672,76,15337.043899
5483109.37412,46,15337.831232
5410834.262039,86,15339.350479
5533092.753751,83,15340.801839
5463287.753956,46,15341.608723
5420500.757466,77,15342.956347
5455744.475492,25,15343.416225
5374808.446762,90,15345.004501
5505225.383314,38,15345.707936
5514712.591303,71,15346.982356
5480421.653603,82,15348.522157
5489725.804546,44,15349.277005
5789280.007688,63,15350.395234
5446004.13731,76,15389.377584
5474502.410983,82,15390.829618
5469504.236979,61,15391.865195
5462900.700113,54,15392.830848
5467297.874146,31,15393.365152
5387635.688313,94,15395.074934
5468158.417753,76,15396.369744
5422211.188413,88,15397.927011
5467352.704793,84,15399.391735
106289.657622,250,15404.083627
5428682.646324,82,15405.54973
5394488.367637,77,15407.016537
5547714.500428,94,15408.68909
5466235.662348,35,15409.326745
5725506.691356,89,15410.884302
6286512.202354,122,15413.183284
6017959.706141,110,15415.156157
5496346.57216,83,15416.675482
5463610.715863,35,15417.353561
5900787.500545,111,15419.477319
5417205.151471,83,15421.13796
5523991.153524,72,15422.499505
5453664.038631,27,15422.970522
91337.428893,250,15427.626403
5435788.223928,25,15428.112512
5480587.096544,61,15429.268039
5445019.624759,73,15430.579567
5530503.340317,38,15431.282681
5516921.264815,64,15432.498308
5429380.561668,89,15434.077938
5462937.400742,37,15434.73193
5447551.720707,82,15436.232673
5859679.755342,97,15437.997358
5454588.028219,31,15438.566937
5534666.823135,40,15439.351143
6213282.818213,88,15440.981795
5509789.933548,39,15441.685049
5450971.868865,87,15443.25324
5432317.383777,79,15444.719015
6320053.503874,176,15447.964125
5435437.432898,75,15449.317105
6258218.376517,126,15451.657963
5456637.831245,52,15452.625776
5526232.050259,93,15454.38464
5444633.754428,36,15455.103613
6307908.508443,148,15457.856875
5423442.089159,79,15459.319318
5488745.661483,68,15460.586313
5565148.74918,40,15461.340021
5464326.971074,40,15462.077479
5497245.132251,52,15463.038762
5481563.699615,42,15463.805976
5482044.531265,81,15465.268976
5473068.963583,36,15465.910581
5480690.653893,78,15467.283299
5483113.132945,62,15468.423828
5515979.315723,71,15469.782278
5456808.186593,41,15470.557456
5478395.95828,83,15472.060433
5869576.791441,108,15474.049365
5554694.925619,38,15474.741478
5487716.753772,69,15475.984754
5478852.393229,78,15477.333426
5461948.811163,30,15477.884263
5460165.656987,42,15478.66841
5456231.976685,40,15479.386135
5903437.985781,93,15481.088501
5435667.230749,35,15481.712608
5611320.226121,77,15483.124012
6051244.589361,85,15484.648584
5471071.066424,33,15485.237958
5455318.879263,37,15485.886062
5478235.376026,65,15487.053277
6083106.889548,95,15488.73902
5609920.113925,55,15489.733527
5753424.276568,78,15491.103159
5479139.902482,70,15492.38911
6259774.396021,119,15494.56215
5466474.577578,81,15496.005235
5886866.157462,111,15498.020659
5722218.113227,88,15499.710276
5477313.80804,80,15501.180528
5484850.548239,75,15502.54089
5487411.297626,62,15503.70027
5499540.374843,48,15504.527165
5516676.068989,36,15505.192672
5399935.847843,84,15506.777043
5431375.872755,92,15508.356042
5525435.588037,34,15508.948263
5426679.866122,29,15509.445268
5482037.109843,76,15510.804797
5813478.286123,99,15512.660692
5489986.788504,80,15514.109006
5481495.902142,41,15514.85656
5469458.788456,44,15515.704785
5430829.32643,85,15517.266548
5452718.93382,85,15518.765109
5567304.171317,47,15519.645422
5458135.936658,57,15520.693851
5473783.531538,35,15521.349586
5431169.580777,76,15522.664574
5841929.12299,60,15523.748842
5489429.430393,53,15524.659554
5461078.605642,28,15525.109561
5497389.794608,67,15526.285385
5436469.562382,29,15526.770005
5385622.192487,82,15528.267459
5425095.249968,31,15528.80557
5462802.997352,75,15530.103361
5548529.440486,47,15530.892752
5623917.223601,55,15531.830041
5668668.283106,53,15532.739964
5762215.465219,59,15533.74655
5458793.135377,75,15535.055852
5444756.170476,61,15536.131776
5906657.310557,106,15538.006146
5456630.735409,36,15538.673914
5494821.542903,33,15539.221807
5494943.54159,35,15539.874249
5804136.158956,82,15541.29361
5818819.993506,49,15542.173858
5460095.889109,76,15543.462383
5816966.531251,102,15545.253983
5452339.628903,42,15545.95288
5708031.968915,51,15546.852327
5468327.056699,85,15548.344693
5487286.225162,79,15549.813699
5505733.876853,70,15551.038815
5455228.06787,82,15552.477384
5394459.058144,83,15553.952548
5818404.210858,96,15555.632582
5481126.087131,80,15557.000595
5479852.624856,58,15558.056508
5624568.107374,85,15559.515937
5460849.115234,36,15560.165311
5445147.642784,31,15560.723937
5909787.879166,102,15562.488373
5489226.653285,65,15563.622122
5493779.850209,83,15565.086891
5459183.262284,46,15565.886598
5428764.448736,35,15566.473353
5624317.714499,69,15567.673092
5526821.755759,81,15569.067076
5433573.129417,83,15570.529517
5487859.910917,32,15571.085077
5408180.366599,84,15572.533267
5800266.378515,52,15573.429697
5482574.584336,83,15574.915551
5577422.891423,80,15576.297806
5407526.992196,88,15577.894359
5464489.262518,81,15579.279371
5494354.408778,82,15580.703656
5473147.481225,47,15581.512049
100652.951399,250,15585.898156
5447166.003693,36,15586.517032
5377284.035228,80,15587.922663
5414042.702724,84,15589.487117
5509504.4644,82,15591.091624
5423663.56208,69,15592.325099
5520651.42665,68,15593.478602
5426051.80042,80,15594.941985
5754003.5854,107,15596.825196
5466041.564317,38,15597.473145
5460806.033529,54,15598.433395
5385735.19505,85,15600.029693
6123659.725585,73,15601.313909
5447597.535112,77,15602.69394
5453863.287148,75,15604.107585
5480853.540152,72,15605.36916
5479534.999013,72,15606.639845
5445744.184509,82,15608.085572
5475767.365178,37,15608.762036
5430648.083512,82,15610.187798
5698852.850376,48,15611.02783
5751548.334661,94,15612.680995
6151173.506379,69,15613.884415
5431464.666925,30,15614.405585
5474133.38086,36,15615.00449
5449124.923569,83,15616.494363
5467911.249928,71,15617.809445
5496513.410129,52,15618.693022
5477650.467342,39,15619.387012
5448063.427887,35,15620.008674
5452575.179901,27,15620.495162
5471580.8601,43,15621.210885
5467734.285203,73,15622.405447
5466639.480802,45,15623.164841
5442473.28653,80,15624.53528
5480565.706556,49,15625.356294
5443840.960822,30,15625.897774
5454092.464252,38,15626.557256
5431481.337093,26,15627.056864
5365051.024636,78,15628.461772
5451165.417104,78,15629.861112
5438198.625977,34,15630.418046
5459022.208984,79,15631.788722
5443371.636891,32,15632.286694
5947527.078401,70,15633.570494
5757685.828893,96,15635.247684
6120958.380021,75,15636.560988
5385515.571698,86,15638.037498
5418719.796599,26,15638.47111
5473617.867654,78,15639.92386
5461625.43313,82,15641.362621
5770864.880159,49,15642.262452
5482586.206292,85,15643.806962
5414054.193529,87,15645.454816
5406348.809133,92,15647.173395
5400363.90651,91,15648.831404
5472377.236222,61,15649.981213
5899742.524983,99,15651.868322
101517.552567,250,15656.540875
5449529.546577,85,15658.094596
5540418.120123,92,15659.800339
5544513.469744,92,15661.572794
5401730.026694,88,15663.23849
5545317.566701,86,15664.819303
5437119.765392,39,15665.533351
5421460.901893,80,15667.067509
5493371.968037,75,15668.431669
5377796.23086,87,15670.058182
5469626.049457,43,15670.870933
5476511.209143,30,15671.463449
5924625.089849,109,15673.462344
5507639.572385,83,15675.024327
5640693.446991,55,15676.059423
5479779.525566,82,15677.651447
5471087.424376,48,15678.566446
5447097.593509,81,15680.110711
5497704.812206,53,15681.146606
5483130.100117,66,15682.385381
5453654.751942,40,15683.123657
5407989.14318,78,15684.65756
5566052.653049,78,15686.179993
5915728.04075,111,15688.208324
5424522.374694,76,15689.632607
5413081.198685,81,15691.123384
5463435.957212,89,15692.850107
5434216.418682,39,15693.684258
5658918.23856,98,15695.54378
5428585.779951,31,15696.132667
5409189.457209,70,15697.530343
5430332.997654,88,15699.101927
5477742.168346,94,15700.861556
5440395.422825,34,15701.494676
5509225.812966,73,15702.740204
5808408.329319,53,15703.643195
5486594.167166,72,15704.944113
5460108.022066,56,15705.955898
5459061.32046,84,15707.485439
5815537.214044,93,15709.236037
5432030.921474,33,15709.800068
5443793.427805,33,15710.372651
5462927.721109,35,15711.023254
5465177.287213,51,15711.995246
5733228.314956,97,15713.750029
5443000.806769,37,15714.386458
5550089.148182,57,15715.443255
5487806.618741,60,15716.56063
5900046.679805,103,15718.451508
5460746.770501,59,15719.499019
5626966.271823,55,15720.513317
977604.775513,250,15725.155989
5369842.245053,83,15726.671109
5436349.614508,58,15727.740758
5492480.878922,71,15729.013735
5469076.924554,65,15730.176524
5479919.250194,50,15731.061549
5564966.470555,70,15732.387637
5464778.58181,32,15732.969568
5698579.777198,93,15734.672822
5452949.675661,28,15735.20278
6575327.1985,148,15737.857056
5461454.020943,62,15739.035992
5468397.686595,33,15739.652892
6174520.022168,71,15740.982839
5444208.351021,41,15741.68741
5498771.41894,72,15742.976799
5419589.156031,84,15744.483358
5490537.110294,79,15745.906284
5487317.281987,54,15746.901901
5500758.015769,36,15747.579279
5492678.033939,55,15748.555204
5516619.976296,81,15750.048501
5643752.610868,40,15750.758984
5448907.959476,84,15752.292507
3230877.943377,250,15756.932719
5469085.397187,80,15758.409134
5434518.910691,40,15759.111148
5448215.490582,40,15759.838317
5433489.123508,86,15761.369569
5495548.871219,58,15762.374258
88501.209049,250,15766.719014
5477949.085053,98,15768.469213
5776719.33664,89,15770.134799
168709.648208,250,15774.393389
5711291.068229,45,15775.21156
5441649.254917,46,15776.019326
5425091.783096,36,15776.641555
5457080.444419,53,15777.522974
5937549.638911,87,15779.07376
5468621.381377,51,15779.925186
5497148.806164,51,15780.802583
5765836.957162,105,15782.63439
5401631.030093,83,15784.149466
5652185.637496,49,15784.971707
5473824.835509,69,15786.171914
5478573.031749,74,15787.464855
5455025.427288,55,15788.37056
5532012.589956,39,15789.041377
5455151.055609,91,15790.686636
5486902.918642,64,15791.837517
5803414.481552,55,15792.827507
5450772.923829,35,15793.433014
5448468.651317,28,15793.956173
5462801.123021,78,15795.345836
5472099.378381,73,15796.639011
5462533.650738,87,15798.195366
5450556.519917,34,15798.821768
5488304.036842,65,15799.94481
5456664.375331,84,15801.431869
5468499.988165,40,15802.162788
5433636.052696,78,15803.519797
5477683.422469,42,15804.279071
5344834.320402,81,15805.767759
5425576.816308,88,15807.375446
5427057.606096,77,15808.72144
5467106.107647,77,15810.051627
5425181.53767,74,15811.357108
5455869.656773,83,15812.807282
5483486.024407,35,15813.40272
7604213.343214,225,15817.359056
5448451.240312,32,15817.938936
6264162.572977,83,15819.315529
5460957.362268,39,15819.975774
5455468.241147,73,15821.268357
5549105.2653,73,15822.542229
5471346.00693,77,15823.779147
5429939.745856,27,15824.232972
5454849.740368,40,15824.996349
5491902.048432,37,15825.630818
5705900.22059,62,15826.743388
5411872.21928,78,15828.118458
5474610.446824,59,15829.144772
5537257.108755,61,15830.176044
5504983.763394,90,15831.711499
6152017.204611,93,15833.285735
5443308.832067,31,15833.875196
5721429.023472,45,15834.616325
5465534.97603,33,15835.194171
5443629.138848,34,15835.81785
5465338.982656,38,15836.457969
159114.317531,250,15840.74853
5762246.990751,85,15842.205977
5436611.11102,51,15843.091387
100424.961889,250,15847.454824
5492920.257522,89,15848.996511
5455206.378992,48,15849.819962
5417793.00902,80,15851.206835
5427805.721191,87,15852.749153
5488432.836491,61,15853.846551
5462281.622085,38,15854.478784
5542487.96743,36,15855.105549
5460703.29308,45,15855.981041
139416.962029,250,15860.376129
5551702.695676,56,15861.366732
5713740.649356,86,15862.857737
5456644.756682,75,15864.145887
5471044.898666,48,15864.978132
5439794.653487,92,15866.660802
5508667.031,70,15867.934459
5438658.195988,82,15869.311158
5430140.95894,33,15869.900388
5395028.664444,71,15871.173481
5463525.539235,73,15872.410678
5460951.908385,32,15872.956727
5424691.520401,83,15874.407551
5478873.725137,76,15875.720527
5483105.199422,64,15876.821138
5468710.425095,78,15878.131868
5466660.685134,76,15879.397951
5612229.619373,96,15880.960863
5695330.821374,76,15882.431895
5493065.311426,72,15883.835833
5726738.741874,73,15885.275196
5466070.461922,71,15886.662513
5809763.102983,66,15887.957672
5455874.649481,52,15888.982965
5484832.340561,80,15890.511341
5466369.724004,76,15891.987133
5472588.090103,83,15893.600445
5908614.29351,113,15895.804695
5565783.52423,81,15897.491268
5448185.108913,34,15898.154077
5514088.339106,69,15899.371725
5469422.600346,76,15900.771542
5801221.829893,103,15902.687761
5425897.38455,32,15903.297059
5402606.593914,86,15904.949883
5646440.467789,91,15906.705621
5475966.857691,42,15907.50701
5500391.529139,57,15908.609755
5485322.033986,59,15909.728442
5544843.010021,35,15910.42443
5488802.120848,53,15911.45903
5455214.580155,38,15912.198507
129104.225841,250,15917.203432
5503382.701518,82,15918.690202
5450957.644761,76,15920.074537
5777002.028219,64,15921.282333
5475654.472892,82,15922.867841
5453333.842111,35,15923.559059
5413288.175172,88,15925.262775
5445293.89666,75,15926.961171
5437453.408793,86,15928.627432
5709208.925198,67,15929.94917
5477976.264943,58,15931.094748
5447934.587221,64,15932.326499
5581542.731794,40,15933.035073
5432833.506386,76,15934.49866
5582804.341538,74,15935.90903
5440250.871177,34,15936.55678
5469274.228918,91,15938.357848
5509821.826064,60,15939.564329
5517202.911809,79,15941.052883
5563953.060479,85,15942.724935
5445155.867375,29,15943.240265
5482270.709393,65,15944.397282
5397412.409538,77,15945.819992
5454626.741011,44,15946.615724
5456294.313302,35,15947.275698
5494434.746994,50,15948.173633
5427290.917773,79,15949.606737
5403850.198316,88,15951.136553
5736257.097367,69,15952.394948
5485431.895987,79,15953.793307
5452583.727288,76,15955.169503
5447179.179868,33,15955.828542
5388794.033854,86,15957.373487
5479269.062194,60,15958.47255
5434853.918821,76,15959.845992
5442953.399373,38,15960.560748
5449133.003355,83,15962.107779
5685286.667693,50,15963.049787
5419835.58994,93,15964.752076
5435761.125693,30,15965.284653
5883283.276659,54,15966.257971
5498735.692987,84,15967.837704
5484088.003441,48,15968.708032
5474585.478132,36,15969.354604
5648194.11576,72,15970.655582
5449686.12382,38,15971.34781
5394930.551743,81,15972.853855
5475941.630679,58,15973.96715
5617260.776978,68,15975.228286
6245490.220484,94,15976.940431
5486991.738261,72,15978.283203
5497404.19846,66,15979.545146
5445220.592517,53,15980.507835
5417700.712232,23,15980.912992
5446985.942694,33,15981.560405
5400180.181792,84,15983.045598
5451231.091171,85,15984.624602
5396670.365923,90,15986.25061
5375142.703267,68,15987.501026
5473575.378681,49,15988.476638
5425979.636498,46,15989.309226
263522.370413,250,15993.8869
5504167.867989,38,15994.572467
5409140.783808,84,15996.051889
5451334.1735,67,15997.275689
5415119.259988,81,15998.708952
5493058.133893,62,15999.797002
5435619.673155,28,16000.335308
5444935.428163,34,16000.968821
5456071.570071,30,16001.506279
5456596.87848,35,16002.085129
5493916.048156,39,16002.785081
5438563.684316,79,16004.222988
5370554.505424,85,16005.716525
5533559.697487,96,16007.391318
5467080.615133,80,16008.773969
5886779.648418,86,16010.263961
1185751.931251,250,16014.65018
5474212.367127,34,16015.257817
5432798.818749,74,16016.58717
5462611.726875,36,16017.232692
5515179.68417,90,16018.827284
5459621.15896,29,16019.321463
5459730.111797,39,16019.999068
5449721.194431,39,16020.656097
5464553.344211,39,16021.346692
5421379.494567,81,16022.826629
5766182.645994,123,16024.990815
5460922.074902,39,16025.638787
5826666.856261,87,16027.235268
5593193.40447,39,16027.918145
5461880.210475,42,16028.666866
5495357.538273,71,16029.837866
5493229.842193,76,16031.249295
5416493.47961,83,16032.725645
5473456.731969,68,16033.936737
5467957.193885,50,16034.827705
5464624.393615,69,16036.021844
5452099.968395,34,16036.652399
5392941.822294,94,16038.240533
143818.793756,250,16042.620772
5484076.981134,65,16043.7368
5439807.789965,33,16044.320667
5739164.074751,124,16046.608222
5471815.3565,37,16047.267898
5711422.777252,79,16048.699934
5485866.535991,40,16049.349166
5370913.590625,81,16050.683744
5396195.185427,81,16052.195074
5476724.483636,67,16053.31361
5598251.923234,75,16054.578924
5396447.408485,84,16056.082603
5884793.173548,57,16057.027772
5428631.738026,32,16057.614502
5445960.568657,33,16058.194718
5825390.019455,51,16059.066684
5385351.393352,73,16060.363912
5430002.733829,33,16060.941245
5655029.814137,48,16061.76071
5767776.81884,49,16062.585855
5456986.131717,81,16063.999645
5399096.380695,80,16065.399758
5486788.54716,76,16066.753812
5433092.190822,77,16068.127347
5426683.909942,31,16068.695047
5460995.21082,75,16069.956069
5488336.716375,50,16070.811958
5436033.853861,34,16071.407211
5488104.290947,41,16072.12253
5446444.76568,34,16072.777189
5475413.809984,79,16074.09036
5406167.437625,85,16075.630839
5431834.867125,30,16076.123316
5630594.599432,74,16077.525929
101418.586358,250,16081.840472
5523404.627196,90,16083.408603
5510930.086228,73,16084.572002
5444453.152505,32,16085.145418
5432996.229069,32,16085.703341
5426371.96956,87,16087.20013
5448080.579308,39,16087.906869
5461539.71839,35,16088.525728
5463291.961153,36,16089.172817
5495691.208699,95,16090.850728
5453189.986157,33,16091.461169
5449574.839895,68,16092.716268
5477801.370892,50,16093.616475
5902988.776344,90,16095.25451
5491414.242388,89,16096.8076
5502109.02864,87,16098.340778
5541698.36006,35,16098.928869
5724192.708964,101,16100.732083
5529652.763961,65,16101.841059
5444026.097701,35,16102.44575
5617792.017602,45,16103.246551
5450844.121146,51,16104.120369
5483190.555024,82,16105.517543
5468877.172702,52,16106.446244
5517900.55078,57,16107.403685
5754393.331773,93,16108.99259
5422925.273937,92,16110.571704
5441146.498478,51,16111.411518
5498827.661907,58,16112.438385
5523471.547385,66,16113.544627
5456702.110089,37,16114.220861
5436805.85785,84,16115.751669
5485754.291047,48,16116.570725
5453923.711098,30,16117.076967
5626966.796309,78,16118.409333
5595225.827526,100,16120.159885
5481655.284667,57,16121.156851
5677933.665535,44,16122.042525
5445859.716422,32,16122.651822
5428126.913693,79,16124.145874
5560308.693684,98,16125.975032
5687762.248773,86,16127.517243
6131864.663356,119,16129.706597
5430123.128944,24,16130.153952
5460311.856758,82,16131.683982
5433538.669048,33,16132.314719
5455866.318546,84,16133.857526
5421093.777454,82,16135.373289
5517011.579045,80,16136.866445
5452275.604544,68,16138.119181
5639476.881608,48,16139.073083
6172866.11563,76,16140.476397
5415781.814969,82,16142.037966
5479582.590925,73,16143.414415
5444496.661684,35,16144.027505
5450025.041218,34,16144.658242
5452250.377964,31,16145.236395
5484093.117494,85,16146.815206
5477270.246011,78,16148.231751
5452564.122884,39,16148.954094
5411058.432447,82,16150.490172
5496047.42543,72,16151.871426
5448119.759158,34,16152.538853
5379864.209893,80,16154.099224
5633207.191409,96,16155.8086
5490939.835545,56,16156.816046
5543100.08603,69,16158.07653
5822803.235877,51,16158.996162
5433543.907385,78,16160.370729
5486310.127464,91,16162.072793
5428078.314747,90,16163.703295
5426696.123769,35,16164.322858
5494085.979846,91,16165.969298
5419039.658599,88,16167.621492
5460745.709474,33,16168.322965
5464071.389863,29,16168.875379
5688650.156169,74,16170.24341
5478011.143185,80,16171.752361
5363321.267105,99,16173.557304
5505040.659578,53,16174.561764
5471460.167492,69,16175.846138
5485329.249528,50,16176.760867
5437505.612989,83,16178.302586
5473699.16236,51,16179.219904
5487107.261387,83,16180.755069
5473865.441741,68,16182.047437
5377171.623446,101,16183.981646
5605180.252065,49,16184.816828
5423978.823326,27,16185.319131
5442726.661127,77,16186.735695
5462686.06923,36,16187.403997
5461605.954581,64,16188.571976
5460176.631113,29,16189.080937
86112.781383,250,16193.672818
5458018.396992,38,16194.357343
5488274.907278,58,16195.395642
5451126.257014,83,16196.903333
5456492.613128,26,16197.373846
5436016.121206,42,16198.207496
5463591.443938,34,16198.833686
5478478.753826,60,16199.919857
5545116.131003,39,16200.627498
6156485.155504,110,16202.642007
5451020.765518,53,16203.587359
5424625.619531,75,16204.962345
5391778.266395,71,16206.273498
5488970.663002,59,16207.357132
5485031.078592,74,16208.718883
6152851.121644,129,16211.070369
5645448.769772,71,16212.419851
5399808.314849,89,16214.081664
5492775.398225,78,16215.540816
5475559.629366,37,16216.186444
5551824.204376,44,16216.951556
5466790.032896,62,16218.08235
5498915.026914,59,16219.156261
5456927.140858,34,16219.767659
6449734.561854,103,16221.731006
151287.30084,250,16226.554971
6027476.620917,73,16227.949193
5430512.755732,77,16229.38917
5453835.992259,32,16229.986317
5434731.047489,37,16230.659218
5992303.518871,67,16231.943307
5476712.968832,64,16233.174968
5399362.382623,79,16234.639676
5462368.448552,81,16236.172749
5470661.588357,49,16237.125131
5416896.657281,84,16238.794918
5464647.304004,84,16240.429279
5763507.748817,104,16242.381776
5417347.193706,84,16243.892187
5525877.708752,40,16244.593853
5421379.478675,77,16245.977029
5829600.121635,91,16247.609971
5456625.291305,35,16248.24828
5494188.644633,57,16249.282257
5418141.479832,79,16250.765017
5440151.600071,82,16252.256248
5491374.586588,77,16253.725393
5558901.307629,83,16255.174321
5438245.069275,32,16255.772984
5445278.710335,30,16256.290139
6137407.517035,69,16257.487915
5535077.665471,35,16258.072101
5468467.260476,80,16259.558614
5452553.152924,38,16260.238722
5540685.034758,61,16261.305753
5496027.747322,83,16262.7413
5419068.580117,90,16264.310137
5462307.523262,86,16265.783649
5720144.706719,87,16267.309307
5500361.469798,65,16268.463161
5473868.120748,37,16269.104451
5475968.598447,72,16270.39842
5476131.941896,60,16271.490953
5441812.998606,32,16272.094689
5439370.776293,30,16272.619598
5469700.605788,64,16273.746704
5494871.40832,82,16275.197141
5397478.201939,78,16276.559757
5489295.068149,67,16277.750314
114023.267856,250,16282.125934
5453588.669836,32,16282.754863
5489130.63894,74,16284.048653
5468504.544198,70,16285.265021
5452733.258421,37,16285.967241
5453979.944446,45,16286.73543
5448851.734052,81,16288.187834
5379136.591438,81,16289.601287
5492615.1297,39,16290.289277
5446129.855414,84,16291.815223
5482733.627469,50,16292.680135
5677674.345066,95,16325.079537
5414034.111789,87,16326.564326
5438427.418591,30,16327.101725
5472438.277503,73,16328.350347
5429179.052707,80,16329.793447
5458497.120128,33,16330.385591
5467538.944481,73,16331.717054
5458211.40389,74,16333.037615
5541287.886828,36,16333.707181
5493120.556881,76,16335.042877
5417792.908874,82,16336.511648
5445940.915633,82,16337.991982
5909724.939535,113,16340.008369
5470538.911575,77,16341.37912
5651127.105415,96,16343.062373
5455026.752667,66,16344.187463
5463496.042718,39,16344.806058
5480918.643946,53,16345.777163
5496101.112694,54,16346.647245
5484719.283833,82,16348.03712
5821526.228065,94,16349.702986
5421187.740691,74,16350.969053
5473055.867744,31,16351.490161
5467104.970254,49,16352.359855
5442541.490424,30,16352.919819
5772798.11252,75,16354.204673
5462511.31019,48,16355.087157
5429760.568105,36,16355.713222
5448775.345814,25,16356.127215
5479947.882485,53,16357.081155
5483081.226461,55,16357.975433
5581038.318882,78,16359.382273
5445081.45569,32,16359.914826
5781019.335266,55,16360.909382
5458202.777477,38,16361.585793
5973988.606603,111,16363.595918
5463410.85245,37,16364.279626
5465304.781238,33,16364.956039
5495715.434524,71,16366.321957
5442740.99128,54,16367.293541
5473924.671546,63,16368.476153
5460420.787008,71,16369.810966
5480677.746224,60,16370.952832
5374888.451951,74,16372.332141
5469944.460959,46,16373.176589
5647448.073816,93,16374.899372
5491337.829169,76,16376.287341
5442798.266213,28,16376.836706
5577960.130083,94,16378.580041
5575651.330761,129,16380.98459
5456913.700425,44,16381.784125
5567891.763771,94,16383.543118
5485068.962257,70,16384.888273
5475886.207688,74,16386.301561
5422410.023484,91,16387.9538
5364533.327413,74,16389.302676
5639416.881946,44,16390.105635
5476237.995324,36,16390.732788
5416743.508648,84,16392.31232
5495466.440949,84,16393.905843
5478004.699619,57,16394.965488
96401.317346,250,16399.551649
5427957.318608,84,16401.08759
178621.750104,250,16405.585738
5481945.232477,72,16406.933818
5708408.267609,92,16408.583654
5516930.449399,89,16410.271891
5424730.3388,92,16411.942186
5954699.979576,67,16413.194271
5488391.069485,33,16413.825997
5462840.969908,33,16414.438136
5458191.694585,68,16415.699504
5397625.690857,79,16417.206955
128294.952338,250,16421.821409
5522985.853926,71,16423.093125
5528123.310832,61,16424.188661
5427059.043795,80,16425.594742
5488314.235493,68,16426.902369
5460049.052756,36,16427.587136
5439752.807273,78,16429.036255
5438746.879931,33,16429.637889
5502302.205091,63,16430.773767
5435042.933263,31,16431.28698
5347402.225782,86,16432.811577
5485611.118544,68,16434.037201
5384273.968347,73,16435.340681
5430319.595811,82,16436.819373
5460911.464327,46,16437.591298
5426049.264051,28,16438.101519
5506795.120016,73,16439.400187
5481430.931597,73,16440.707488
5436645.255171,35,16441.362485
5476438.502934,77,16442.793103
5469044.073551,76,16444.17162
5474910.325698,68,16445.328955
5413916.863585,83,16446.830739
5547295.549914,58,16447.902191
5494017.356016,73,16449.171825
5465286.262702,76,16450.56328
5459204.689674,33,16451.161113
5478739.015181,46,16451.979734
5474407.635267,51,16452.898201
5452834.193858,40,16453.623255
5501937.130198,72,16454.964562
5495336.318611,58,16455.970433
5614930.839701,67,16457.190593
5464233.413444,39,16457.903063
680039.450881,250,16462.466144
5475753.242503,69,16463.702886
5615261.724764,103,16465.538535
5474968.725058,73,16466.958929
5489076.962881,52,16467.885152
5503749.253412,54,16468.887678
5444054.060143,33,16469.501148
5505988.355706,89,16471.097279
5437828.456194,31,16471.657212
5446140.231915,81,16473.14077
5545274.505633,57,16474.184121
5487358.401617,63,16475.335995
5646689.006187,91,16476.951427
5463817.235377,53,16477.913027
5496108.486223,73,16479.220047
5493303.84096,84,16480.751029
5832939.61995,53,16481.676646
5476463.041814,60,16482.749717
5465192.624954,59,16483.775536
94784.163037,250,16488.129257
5386175.044999,80,16489.555663
5454262.285287,34,16490.137513
5437709.333334,30,16490.615059
5455402.355953,78,16491.962178
5392201.805913,80,16493.378605
5587759.964866,45,16494.118435
5483364.346699,45,16494.916819
5404555.120394,82,16496.365099
5425610.168901,33,16496.883028
5464997.620979,31,16497.438819
5397021.909748,72,16498.701487
5440381.318987,40,16499.420304
5393790.343578,82,16500.945236
5455869.771662,37,16501.620946
5465050.885955,71,16502.873922
5440060.698093,37,16503.593213
27949.491517,250,16507.755744
5450531.47051,41,16508.484711
5468229.704171,82,16509.930084
5642296.263477,68,16511.201329
5443432.255056,26,16511.650093
5449946.335613,31,16512.155661
5454614.194907,43,16512.941763
5454753.632287,41,16513.64396
5383330.718269,77,16514.960274
5448195.80355,37,16515.57172
5500939.690787,40,16516.268587
5402382.559982,83,16517.704435
5533759.380315,70,16518.980621
6662284.928257,140,16521.449127
5462314.638554,30,16522.000411
5596960.615789,48,16522.816444
5457272.707081,92,16524.479475
5460350.670362,31,16525.011283
5456976.892725,32,16525.569126
5435498.229934,79,16526.94603
5490284.181651,42,16527.715534
5430393.236408,86,16529.231437
5562879.090159,93,16530.865658
5470042.664767,54,16531.84277
5488678.816897,66,16533.041863
5479992.174571,51,16533.937486
5439264.132037,38,16534.613676
5478984.340007,85,16536.092587
5499066.202302,73,16537.378836
5483901.748719,51,16538.266751
5429478.26292,26,16538.722697
5485408.60838,76,16540.059889
5593446.46674,93,16541.687939
5517662.957882,89,16543.290927
5449035.556144,51,16544.173442
5487614.05052,70,16545.368422
5486362.011076,84,16546.851262
5392471.7698,80,16548.23493
5483244.890214,62,16549.284198
5431272.934094,33,16549.850273
5483215.078725,73,16551.189847
5480028.001699,52,16552.132998
5450664.264038,82,16553.469921
5466091.387648,37,16554.11412
5421532.265592,81,16555.524134
5456728.371006,31,16556.047393
5493891.271507,69,16557.254891
5480589.373612,38,16557.930686
5439767.154141,75,16559.167281
5403437.478589,89,16560.6207
5598626.087966,38,16561.274804
5441262.936365,93,16562.887114
6084941.291167,125,16565.172474
5485937.853813,76,16566.536743
5466343.500869,40,16567.253645
5455715.402334,41,16567.976923
5464596.592133,70,16569.176053
5421770.473364,84,16570.627196
5431348.720537,34,16571.206122
5474520.833955,59,16572.266519
5429650.928364,81,16573.687383
5510220.269927,77,16575.011504
5451196.821863,33,16575.57846
5480033.79965,54,16576.569714
5452193.265387,31,16577.119734
6357949.483008,123,16579.274452
5364187.14294,71,16580.468351
5444695.178613,84,16581.955101
5466337.299331,81,16583.40018
5405261.804855,81,16584.824492
5493262.711024,84,16586.4438
5451105.705675,34,16587.076341
5420818.814541,83,16588.536492
5562601.885095,59,16589.541649
5520592.495853,106,16591.415448
5464539.585555,32,16591.975762
5482534.826097,55,16592.932369
5498760.369674,65,16594.106977
5453533.750443,80,16595.526231
5472662.998728,48,16596.361834
5367372.349698,85,16597.793617
5371011.243447,83,16599.262467
5472095.135654,65,16600.380112
5414640.480005,80,16601.772672
5405117.32094,87,16603.411575
5484006.683779,55,16604.419011
5511461.698935,78,16605.86013
5499072.81222,69,16607.122657
5486322.327001,36,16607.800184
5625142.099422,94,16609.571302
5766271.437213,49,16610.461201
5447265.009538,33,16611.089464
5431246.077565,29,16611.608045
5444328.164399,38,16612.297488
5472809.193281,70,16613.57515
5450815.981796,26,16614.04777
5398364.072063,80,16615.497403
5456728.874584,78,16616.959685
5464515.82256,58,16618.051497
5419575.025981,81,16619.520715
5456938.352767,76,16620.959551
5444926.059663,79,16622.460619
5469059.859726,50,16623.384054
5447198.336655,81,16624.877097
5633062.889896,79,16626.335425
5414171.477383,83,16627.883815
5446045.431844,56,16628.923069
5428946.601034,85,16630.428269
5479109.453749,63,16631.587627
5471331.555011,82,16633.099326
5484413.827713,56,16634.133786
5470455.581074,49,16635.053356
5448097.923425,36,16635.733759
5471277.95701,55,16636.73009
5461226.935467,33,16637.388887
5452892.28119,34,16638.01953
5446968.434748,72,16639.329889
5426124.807794,35,16639.964793
5473351.124824,45,16640.788672
5466199.122684,45,16641.599389
5436145.674309,30,16642.159194
5414531.102398,83,16643.709785
661825.481692,250,16648.263801
5514667.989826,59,16649.408556
5471714.391589,32,16650.031532
5479281.46356,41,16650.814291
5467977.060876,71,16652.176845
5447848.513306,32,16652.765649
5483446.056468,58,16653.832353
5461342.310016,27,16654.319396
5501179.578961,63,16655.519958
5486854.825498,73,16656.809736
5417035.004855,73,16658.129856
5660071.826895,45,16658.954298
5476806.886114,80,16660.47386
5390925.604506,82,16661.975427
5977789.88121,116,16664.065687
5811074.82826,110,16666.07006
5431915.923251,24,16666.483943
5450679.9966,46,16667.336871
5379456.85042,91,16668.985358
5424735.285089,81,16670.451047
5864223.263052,93,16672.083815
5461381.18569,57,16673.132866
5423779.631778,72,16674.397848
5857772.267872,152,16677.125793
5669951.441372,94,16678.870723
5443874.85439,84,16680.361443
5514518.033538,40,16681.087842
5460066.705522,77,16682.440307
5445728.987303,75,16683.812134
5473032.562173,32,16684.336126
5580569.496783,73,16685.615808
5570587.416722,42,16686.375417
5366059.512106,79,16687.749839
5490052.86384,87,16689.307542
5462909.067462,77,16690.670928
5508726.815417,58,16691.73893
5498773.519434,78,16693.138797
5437870.024159,89,16694.745163
5454925.113737,84,16696.261175
-20366.341992,250,16700.847381
5609633.763238,88,16702.486211
5477116.164783,58,16703.542863
5437859.591245,41,16704.292191
5757504.299385,98,16706.099743
5456601.105786,81,16707.585145
5408919.069774,82,16709.063142
5395647.049116,84,16710.659785
5462442.028975,50,16711.563249
5414517.673962,90,16713.158198
5482297.394999,35,16713.851763
5464551.568907,47,16714.715
5551238.977318,68,16715.887521
5463809.231182,85,16717.375559
5472479.5683,40,16718.076012
5431056.609614,33,16718.669164
5439242.378652,39,16719.328955
5476409.028058,89,16720.976615
5483828.080257,72,16722.257238
5521538.474034,39,16722.977676
5452386.93456,52,16723.867456
5466717.843541,39,16724.517318
5460548.461587,33,16725.153048
5437341.933676,31,16725.660585
5762355.320536,46,16726.447783
5456069.249847,43,16727.170224
5479753.890553,79,16728.523917
5896623.126754,130,16730.947067
5532385.665279,76,16732.271452
5374338.05905,83,16733.752083
5435357.829779,30,16734.276407
5446322.152711,32,16734.859992
5471138.631991,56,16735.883305
5435219.178526,35,16736.502986
5368039.294699,91,16738.119046
5388462.289505,84,16739.592779
5431598.363936,79,16740.967993
5533630.873498,69,16742.192956
5457642.889934,38,16742.839987
5390966.357896,84,16744.269975
5487986.140042,33,16744.858048
5377263.686209,86,16746.349508
5431784.511495,31,16746.883606
5456310.375153,34,16747.511703
5460564.516344,86,16749.028033
5480957.993551,59,16750.051223
5455738.07045,30,16750.556881
5486232.051962,59,16751.590878
5434844.861402,32,16752.16311
5462611.28237,83,16753.634448
5434162.864985,92,16755.194912
5736454.634036,55,16756.119104
5489367.054369,84,16757.54557
5443045.826419,26,16758.011077
5601036.600226,68,16759.213937
5462469.474363,59,16760.235458
5715405.452623,137,16762.647681
5404958.32228,88,16764.143979
5448876.467281,41,16764.8689
5805665.176246,57,16765.892046
5486136.366305,50,16766.809576
5446880.628278,41,16767.55295
5478808.748423,58,16768.560399
5475805.935134,53,16769.53654
5506976.989927,65,16770.680429
5437730.636329,43,16771.435917
5421067.517427,27,16771.894489
5463318.248207,83,16773.37366
5477830.546121,35,16773.955534
5460096.201166,71,16775.23094
5344642.743832,85,16776.710314
5507660.486085,69,16777.920852
5437823.584619,27,16778.421087
5439784.273363,36,16779.059433
5448540.681456,34,16779.668403
5479350.358985,64,16780.754614
5530009.632927,74,16782.09114
5473793.109931,71,16783.228735
5761784.025484,75,16784.490546
5444231.879033,32,16785.027336
5443716.844789,83,16786.510552
5484128.804792,60,16787.560071
5635344.435042,45,16788.363974
5484044.845571,80,16789.837914
5383759.320335,84,16791.319234
5518761.659161,73,16792.637523
5459185.701771,37,16793.304258
5713714.554316,47,16794.144238
5502273.962529,69,16795.385738
5472122.160968,81,16796.859436
5762072.754016,67,16798.052342
5471841.421871,81,16799.474499
5779939.786366,46,16800.294851
5616077.463412,82,16801.785046
5878001.605835,91,16803.3706
5443353.326883,32,16803.928359
5416228.509701,82,16805.317987
5455332.326535,83,16806.846166
5460350.01518,85,16808.330732
5467427.143156,42,16809.08366
5461280.647757,65,16810.20851
5421323.600111,82,16811.69946
5445200.34347,30,16812.201445
6115582.00604,107,16814.110538
5487306.671766,81,16815.492568
5424844.327002,77,16816.864187
5460623.206738,77,16818.246021
5597247.479385,37,16818.858166
5528129.136817,73,16820.184539
5544200.751486,36,16820.810248
5469918.430606,82,16822.293821
5486621.57889,56,16823.271554
5456062.666878,47,16824.105806
5393610.191958,79,16825.526586
5425309.336371,36,16826.233603
5461864.361827,78,16827.659258
5401285.472897,79,16829.000736
5474875.012471,62,16830.103661
5434308.998858,28,16830.605994
5456614.660445,38,16831.259699
5455417.908996,29,16831.757311
5740545.423222,83,16833.24472
5475742.324223,39,16833.911016
5418725.712278,80,16835.306994
5463652.98666,35,16835.88624
5447551.514162,72,16837.095728
5446408.568291,27,16837.562119
5476894.802555,79,16838.944175
5438971.667811,85,16840.480636
5679354.368148,55,16841.43148
5452228.431298,32,16842.014899
5599089.682859,82,16843.425811
5521233.088398,86,16845.050127
5478199.714164,76,16846.50146
5420025.955594,27,16846.98075
5492150.810011,52,16847.964392
5515710.150978,52,16848.88286
5509838.313994,57,16849.974459
5748116.25125,51,16850.919815
5932354.058427,101,16852.714597
5486831.474219,72,16854.082124
5437603.149324,29,16854.653142
5847828.696591,85,16856.275223
5476245.102847,62,16857.441415
5482255.299814,57,16858.495559
5507930.849489,81,16860.058649
5463660.331795,76,16861.460469
5440189.442692,29,16861.980686
5437015.481266,36,16862.644277
5491192.606973,78,16864.103298
5488224.175625,48,16864.948329
5435093.211339,31,16865.497079
5419155.535156,90,16867.132024
5440955.176617,90,16868.804758
5501513.316757,112,16870.793504
5469550.467299,64,16872.023847
5488277.91068,63,16873.242887
5664564.168374,37,16873.958542
5463617.414077,42,16874.735769
5452510.101087,33,16875.350166
5825511.703906,106,16877.296973
5460004.472951,79,16878.739573
5451179.903282,35,16879.384653
5444004.974333,38,16880.077475
6206710.67752,104,16881.999514
5614497.799621,86,16883.683434
5489925.126832,78,16885.20453
5453223.645068,35,16885.872721
5456642.492962,36,16886.529007
5426398.815549,89,16888.18318
5558629.246601,77,16889.668928
5494868.685013,73,16891.059046
6307171.713258,104,16892.950512
5690814.681034,83,16894.486398
5392276.598735,79,16895.934997
5427661.200314,82,16897.362359
5425650.376789,79,16898.830973
5480041.389277,51,16899.746356
5477077.561494,74,16901.180024
5444388.353411,77,16902.619088
5467828.181365,74,16903.991998
7006268.383543,163,16906.984676
5441348.824841,28,16907.507711
5462200.384455,40,16908.239002
5465395.764262,81,16909.719421
5434981.764492,76,16911.100637
5496774.326766,82,16912.578412
5731702.273957,99,16914.362546
5510936.824871,65,16915.566342
5486830.081209,72,16916.836963
5440178.157164,38,16917.561884
5471881.957613,57,16918.564884
5458219.045328,34,16919.161052
5400172.499166,80,16920.692286
5447238.474024,27,16921.187748
5481229.159674,70,16922.459585
5436565.53765,80,16923.859494
5445645.103157,42,16924.622707
6326380.746663,128,16926.95155
5635129.999973,69,16928.183218
5488579.664574,81,16929.687219
5505130.845348,42,16930.44876
5795657.03275,57,16931.550482
5463274.32252,75,16932.944721
5441093.679536,77,16934.398779
5455613.124436,45,16935.196159
5473934.978848,80,16936.635705
5551279.649577,87,16938.176177
91472.723293,250,16942.62957
5448484.838415,36,16943.283785
5451150.282388,84,16944.799874
5383046.331484,85,16946.356841
5466399.673871,57,16947.402422
5453168.69748,35,16948.027687
5452153.287319,40,16948.793322
5446515.789861,70,16950.110451
5481870.260488,68,16951.341158
5401448.839091,78,16952.761466
5699230.174893,100,16954.539358
5458754.873272,50,16955.493471
5878456.484875,86,16957.105427
5511151.06354,38,16957.78782
5456639.716095,30,16958.353338
5458248.481275,79,16959.783121
5473475.583395,68,16960.957395
5519943.807173,69,16962.21069
5443798.66882,39,16962.885332
5648183.208149,68,16964.08288
5440463.606188,42,16964.837508
5473881.902616,64,16965.928375
5465331.723989,34,16966.501815
5479641.504523,52,16967.408472
5568092.379287,84,16968.82927
6003654.748883,107,16970.706433
5461879.10946,47,16971.497633
5468917.616823,55,16972.463075
5435106.991876,36,16973.101101
5808364.874467,98,16974.792631
5471227.834322,41,16975.551724
5488671.588855,76,16976.848857
5470903.781753,54,16977.844907
5524341.633825,72,16979.12727
5768821.053279,103,16980.983172
5443501.460844,28,16981.461905
5492491.004161,74,16982.751453
5439796.496934,77,16984.109748
5438768.207696,35,16984.731516
5476699.231124,47,16985.547039
5477071.836566,73,16986.816885
5472943.953754,34,16987.411699
5504721.750004,67,16988.641835
5477282.079594,59,16989.697473
5495302.62746,74,16990.991011
5480973.166788,53,16991.973915
5497430.217919,79,16993.319821
5694325.455891,65,16994.401591
5446221.816709,60,16995.425279
5465888.140227,50,16996.281059
5789221.517296,92,16997.84843
5658904.009798,65,16998.96694
5630129.144434,81,17000.349831
5693352.361138,71,17001.596486
5487795.231601,76,17002.917458
5399389.996372,95,17004.57578
5471131.59624,75,17005.997081
5575608.489418,40,17006.666248
5557587.667341,76,17008.027571
5464874.01922,74,17009.255409
5495331.166483,71,17010.504846
5460946.658093,70,17011.645929
5379747.185558,83,17013.105025
5445212.505335,43,17013.848368
6101947.790208,117,17015.836709
5370966.717121,81,17017.249193
5949563.39251,66,17018.424693
5410070.802485,85,17019.938288
6360043.804855,81,17021.356734
5472216.411217,77,17022.683697
5437598.37896,30,17023.181527
5493064.761123,64,17024.323372
5443275.26927,32,17024.88636
5511359.967467,58,17025.929473
5450242.20468,41,17026.630687
5411873.977394,80,17028.021189
5446223.052934,32,17028.541143
320555.659068,250,17032.983928
5470558.613675,62,17034.084678
5477986.61864,69,17035.29778
5438157.520598,77,17036.650016
5453321.992079,39,17037.364672
5467111.132815,40,17038.068339
5507886.528293,84,17039.551619
5450242.08777,81,17040.974236
5431915.406033,87,17042.513033
5419038.115713,26,17042.967494
5453821.235323,82,17044.405102
5413430.699743,76,17045.640026
5457546.410295,53,17046.511035
5494830.752127,78,17047.857446
5495718.227251,37,17048.505461
5458802.985092,71,17049.77025
5617636.522515,52,17050.77466
5581229.646317,63,17051.875005
5415044.224297,69,17053.08996
5451989.792928,31,17053.636432
5409625.614504,90,17055.22651
5462317.076784,82,17056.591781
5485886.413054,68,17057.766047
5494278.711055,67,17058.964529
5441022.067537,33,17059.540749
5405614.525539,81,17060.892349
5415036.83592,73,17062.181366
5510096.67826,36,17062.830117
5543560.718607,63,17063.911008
5408676.6917,83,17065.360816
5519453.454949,57,17066.438658
5492587.247159,61,17067.576502
5504200.177886,80,17068.942471
5452049.804052,44,17069.689133
5380971.835347,67,17070.85502
5521241.897421,60,17071.92136
5427746.97172,30,17072.418076
5487873.226912,67,17073.582875
5752698.026152,47,17074.398316
5498074.632121,48,17075.22298
5453961.857753,92,17076.821078
5463363.920433,72,17078.087379
5474105.262603,80,17079.478187
5717124.631412,72,17080.716795
5471808.963727,55,17081.699741
5500945.856858,60,17082.774289
5445246.695645,33,17083.382882
5461032.554352,36,17084.034525
5420422.406112,31,17084.613273
5430079.963607,82,17086.068511
5471832.827261,34,17086.689785
5482439.173033,70,17087.953972
5489933.428889,67,17089.15944
5465910.481313,61,17090.260881
5559619.815518,86,17091.857036
5436989.178279,29,17092.34541
5456336.187032,52,17093.307526
5479592.26847,78,17094.770899
5799830.513393,56,17095.868832
5469959.087175,50,17096.811923
5505903.206502,59,17097.904597
5499764.787294,87,17099.635486
5774061.724243,52,17100.617625
5869102.151888,69,17101.848161
5507591.812456,68,17103.085751
5483417.800539,43,17103.871237
5492113.5288,54,17104.859501
5402976.595766,89,17106.50753
5442260.844972,29,17107.0277
5352113.861618,89,17108.714676
5505803.281162,30,17109.283648
5465881.296911,39,17110.023059
5406766.154626,91,17111.713417
5454003.167428,30,17112.244149
5459362.422489,38,17112.936854
5395169.90202,80,17114.455655
5621877.719151,88,17116.080187
5467246.156507,71,17117.338959
5478591.733152,76,17118.705195
5642609.098754,90,17120.530665
5560957.745392,66,17121.778297
5436515.528873,35,17122.396098
5519135.032011,69,17123.760553
5547234.945005,44,17124.588049
5520585.42021,82,17126.113377
5770462.590649,96,17127.903515
5474234.559062,28,17128.439318
5425375.110311,75,17129.795561
5412812.793245,93,17131.530606
5499773.954473,108,17133.559168
5460064.378499,63,17134.757835
93077.259986,250,17139.360626
5404245.292671,78,17140.834419
5459180.75287,58,17141.833282
5505889.636433,85,17143.366085
5454412.749917,46,17144.180649
5457291.570023,35,17144.799891
5462211.508917,40,17145.537458
5505259.147076,65,17146.691374
5448343.192372,38,17147.385703
5450330.669152,36,17148.044487
5440945.869165,33,17148.632296
5482884.162501,74,17149.972196
5403452.91086,89,17151.612307
5506294.985129,53,17152.568726
5366122.736592,79,17154.034757
5442182.367465,77,17155.436766
5428431.273516,34,17156.102608
5476637.954847,71,17157.383117
5538800.065765,59,17158.445963
5488410.363951,75,17159.798508
5461785.119419,34,17160.406322
5424365.926885,76,17161.724285
5499661.174289,85,17163.27731
5798759.062004,45,17164.050979
5492746.344046,68,17165.266032
5483744.251969,41,17165.963273
5974784.447911,98,17167.725467
5451633.248769,81,17169.196084
5530474.225899,81,17170.720554
5756673.943338,83,17172.305635
5475429.744267,81,17173.74573
5422843.464177,80,17175.143186
5505046.70695,68,17176.377988
5427094.638603,74,17177.758131
6027113.504998,74,17179.08719
5423910.453293,82,17180.581078
5492021.659131,83,17182.098363
5490515.398764,79,17183.56163
5464588.309612,87,17185.139468
5474293.815863,62,17186.234071
5464416.316221,34,17186.856885
5441806.407071,29,17187.382669
5682934.181699,94,17189.068968
5443830.282915,32,17189.642235
5516287.570329,72,17190.939438
5506469.223045,89,17192.521285
5434459.263002,32,17193.112188
5490888.851994,65,17194.282527
5986260.275401,60,17195.432525
5462421.958703,49,17196.335309
5439193.095977,40,17197.079271
5528.052717,250,17201.642345
5413937.842482,81,17203.075107
5473960.69015,31,17203.568567
5826460.037986,66,17204.68722
5464808.763631,39,17205.304165
5772082.811056,91,17206.854723
5494861.381225,69,17208.019216
5658878.70211,96,17209.642879
5407164.944841,84,17211.093116
5494659.389412,55,17212.088252
5482541.620453,56,17213.040269
5463860.548986,59,17214.10403
5481295.633781,54,17215.066804
5434160.722843,79,17216.494259
5431250.912134,29,17217.029348
6180229.071639,123,17219.190436
5465347.47635,55,17220.172941
5710099.779487,63,17221.283205
5616732.419688,47,17250.482792
5515710.049132,40,17251.159638
5465505.469539,77,17252.508115
5473721.516449,57,17253.539321
5508183.600957,40,17254.212263
5438957.907462,33,17254.795928
5438493.775413,40,17255.484957
5475161.88747,35,17256.087778
5556298.219949,86,17257.66413
5377869.598207,86,17259.139525
5601734.863242,68,17260.276206
5477914.314277,85,17261.772979
5587488.625468,71,17263.021171
6153401.999812,81,17264.470414
5440393.841469,71,17265.750666
5389830.58007,76,17267.130233
5454027.654454,34,17267.734241
5455619.553318,37,17268.394336
5416062.579258,80,17269.746159
5455335.873056,82,17271.186791
5486551.760869,38,17271.850906
5433974.937066,34,17272.442896
5451820.892209,77,17273.816057
96459.065931,250,17278.139787
5434336.475082,78,17279.529699
5465724.248443,35,17280.127599
5441109.013411,36,17280.757403
5519329.682753,71,17281.994217
5494494.306483,72,17283.276314
5401693.186839,89,17284.786175
5498941.962245,72,17285.987697
5450900.613622,31,17286.54364
5579159.546332,39,17287.173782
5639019.074631,43,17287.854235
5395479.158532,84,17289.27891
5576919.88201,49,17290.153076
5377394.867765,88,17291.692844
5975701.378067,104,17293.543616
5454229.086307,42,17294.23911
5456372.743588,34,17294.883796
5573782.522179,38,17295.570614
5480254.366682,55,17296.515617
5455272.672228,84,17297.95614
5490559.955696,79,17299.318349
5451311.965843,87,17300.873127
5484286.975849,87,17302.388779
141047.449917,250,17306.828616
5451299.73755,81,17308.238518
5448944.791795,29,17308.753
5482301.624264,50,17309.609768
5473707.794965,38,17310.264001
5485432.4301,54,17311.195134
79882.984625,250,17315.55533
5423847.933344,80,17316.915869
5725335.559042,103,17318.708523
5475357.541707,78,17320.103874
5374606.856265,81,17321.54262
5630390.128376,70,17322.919409
5511403.60103,58,17323.991777
5457244.727391,83,17325.559845
5370609.117804,82,17327.121712
5459631.158764,33,17327.74873
5482535.294856,66,17329.056074
5695642.390127,47,17329.947531
5468422.85452,65,17331.117371
5648782.305597,76,17332.484958
5473235.603965,61,17333.608293
5504278.491146,59,17334.658032
5475699.207725,69,17335.927969
5477984.716286,76,17337.303697
5466488.427788,62,17338.450745
5512608.1482,64,17339.621877
5407626.669293,72,17340.926523
5480964.121328,67,17342.204014
5404315.321484,76,17343.579847
5432780.962395,74,17344.914452
5457469.140812,44,17345.735699
5517642.035411,55,17346.727191
5438723.384859,33,17347.324424
5477216.946512,37,17348.001054
26181.284034,250,17352.567653
5504755.702546,68,17353.892359
5523488.085325,64,17355.093588
5851606.343599,100,17356.941447
5504333.689324,57,17357.973722
5454765.572629,46,17358.843913
5493641.324968,73,17360.166986
5469105.164419,77,17361.555288
6288070.390435,77,17362.989961
5454616.017312,78,17364.473069
5446846.170806,36,17365.172657
5552680.911301,35,17365.830659
5507469.377196,57,17366.888223
5797902.535825,61,17368.076496
5424576.256994,34,17368.695544
5470471.063777,31,17369.29417
5501994.265942,77,17370.79986
5438860.845442,29,17371.388442
5508171.629488,53,17372.355819
5484201.968705,64,17373.545978
5497382.748054,44,17374.363131
5477928.808472,51,17375.276755
5445948.26433,33,17375.940023
5449390.947307,76,17377.333213
5481603.878494,74,17378.73999
5536009.595368,39,17379.502774
-4593.514178,250,17384.099815
6143474.964366,114,17386.232555
5923051.42784,61,17387.344131
5368226.578442,81,17388.866732
5572400.725485,83,17390.373561
5823472.606822,78,17391.777102
5434639.515882,39,17392.429875
5559136.232274,86,17393.934221
5470988.613913,34,17394.519231
5704464.606799,66,17395.757161
5447781.202794,93,17397.428698
5464309.877505,39,17398.129611
5470307.607514,61,17399.235153
5472943.692186,83,17400.739347
6170891.127841,75,17402.02812
5467688.490039,36,17402.696795
5469189.636383,87,17404.253106
5487729.803997,87,17405.811277
5462831.702239,84,17407.306583
5512998.578479,54,17408.305349
5433506.117566,89,17409.886638
5673781.932608,88,17411.521299
5429398.887944,91,17413.254544
5436624.310616,85,17414.832602
5539210.085441,72,17416.233695
5472804.507339,51,17417.25366
5480342.972704,74,17418.586562
5429762.735728,48,17419.483005
5465108.168462,61,17420.590242
5470074.303356,86,17422.15238
5558250.459834,31,17422.67076
5498574.007275,55,17423.647001
5801570.856225,95,17425.388631
5670209.349229,71,17426.717975
5490916.079096,75,17428.099643
5469094.518186,76,17429.502735
5498937.33814,74,17430.825139
5492898.624142,71,17432.149338
5761917.521442,100,17434.047746
5461725.1981,106,17435.997422
5727410.203049,78,17437.406374
5449608.202009,33,17437.993948
5425606.722472,29,17438.511575
5445244.095666,78,17439.892895
5491038.136568,73,17441.181027
5350095.687999,77,17442.535837
5429066.380618,90,17444.137279
5464867.079941,55,17445.161917
5516498.975842,80,17446.624758
5480757.850252,47,17447.490726
5452339.500826,34,17448.119564
5480166.958,84,17449.577712
5841219.354978,75,17450.950895
5413474.523077,80,17452.4045
5456880.301999,81,17453.862411
5455386.060478,32,17454.389002
5455283.148438,32,17454.916944
5496843.586837,82,17456.346295
5563940.157355,90,17457.988281
5425770.652193,29,17458.533859
5465581.157826,33,17459.162307
5497359.154088,87,17460.708321
6278842.546302,132,17463.085805
5427268.174853,32,17463.682268
5843282.697664,105,17465.549028
5438604.444768,80,17466.961389
5518980.018768,53,17467.898378
5461734.617523,43,17468.669918
5455905.390995,85,17470.248866
5397576.430323,77,17471.646562
5461281.045813,55,17472.673247
5482003.259153,34,17473.281474
5770441.255587,72,17474.556475
5481160.173627,47,17475.397669
5475135.256589,66,17476.603882
5535396.1971,86,17478.147835
5410721.146255,80,17479.577438
5511832.625797,86,17481.082
5481957.783865,73,17482.380876
5431125.526423,25,17482.836846
5472364.217008,83,17484.347499
5558585.235176,56,17485.369293
5573981.302795,50,17486.253207
5425059.019183,30,17486.802814
5467056.562405,34,17487.427008
5453032.307896,75,17488.775893
5401203.877066,80,17490.171379
5425635.86559,25,17490.616633
5457266.719329,95,17492.370335
5435228.295827,36,17492.991794
5408552.12367,80,17494.440852
5434449.440837,26,17494.906166
5459701.485575,67,17496.080198
5487352.072693,48,17496.932968
7371076.70017,206,17500.685054
5529479.504375,45,17501.477107
5475280.443627,68,17502.710212
5505101.717906,69,17503.958914
5486799.692586,88,17505.547418
5832688.257312,115,17507.64649
5445384.800822,35,17508.271915
5480936.361931,62,17509.406097
5478510.843628,83,17510.866347
5768370.106758,59,17511.949842
5654491.626292,90,17513.548349
5416960.801156,87,17515.093704
5715498.4174,55,17516.051297
5501014.069381,52,17517.018336
5500816.033667,87,17518.572202
5488644.898204,52,17519.535646
5472031.629805,70,17520.798034
5452850.96133,38,17521.502077
5873081.817971,82,17522.954427
5477281.455729,37,17523.638936
5413761.92091,86,17525.15149
5566060.109072,125,17527.337533
5475348.76009,64,17528.515637
5458268.108638,58,17529.563993
5471299.687583,65,17530.732285
5458545.042168,74,17532.055484
5578142.751077,59,17533.173133
5496490.614519,56,17534.189069
5442698.938229,86,17535.712482
5485347.929283,82,17537.171532
5444404.382315,27,17537.647162
5485138.635555,81,17539.092135
5438293.383037,37,17539.769205
5911566.665724,95,17541.534722
5554349.43121,73,17542.847938
5456444.847957,37,17543.499895
5451870.106151,50,17544.429153
5892757.807978,88,17546.095295
5493004.55348,77,17547.506441
5479262.792898,82,17548.973439
5484407.053724,80,17550.424276
5575909.225189,82,17551.904861
5453194.643768,35,17552.524325
5489477.381957,44,17553.343867
5504464.947041,60,17554.429675
5421949.343511,82,17555.89348
5456952.103945,31,17556.441779
5500151.288738,66,17557.595522
5502328.38401,85,17559.10834
5451560.45109,28,17559.627712
5462463.861851,37,17560.280594
5493062.09578,65,17561.500954
5465560.36551,76,17562.966096
5870417.2141,88,17564.698239
5678344.947431,45,17565.582246
5495787.864719,73,17566.987912
5700930.059924,52,17568.001975
5467268.196011,39,17568.772345
111130.192933,250,17573.684667
5478470.257536,77,17575.230787
5430258.016796,77,17576.740531
5519823.658576,82,17578.360354
5521376.998389,82,17579.949325
5455429.08039,36,17580.64428
5497214.37778,60,17581.809253
5489783.115181,51,17582.813155
6154790.628475,107,17584.872193
5421916.004579,81,17586.4283
5503801.033196,86,17588.140513
5950532.073796,64,17589.409355
5442854.074172,83,17591.049265
5458893.993468,81,17592.617867
5781572.207352,45,17593.502305
5511031.525602,51,17594.492581
5402707.325074,88,17596.234186
5445300.76322,44,17597.078123
5391065.391964,77,17598.573702
5438665.148706,36,17599.292428
5745870.659862,42,17600.10368
5497421.018135,67,17601.397155
5488216.135149,82,17602.996262
5481837.224134,74,17604.405677
5605994.731935,85,17606.119912
5487245.179736,82,17607.705737
5483784.50298,75,17609.150929
5473438.940876,77,17610.676344
5452077.019721,84,17612.328072
5457193.512626,32,17612.970203
5389664.820709,87,17614.692993
5475335.785447,80,17616.256106
5475649.137346,70,17617.602731
5408720.753218,73,17619.051661
5488121.857586,74,17620.513255
5460530.179496,54,17621.5697
5382237.340718,83,17623.195385
5464958.304226,90,17624.909199
5485275.751733,81,17626.444831
5438555.047638,37,17627.126047
5463296.922973,80,17628.669776
5439020.837359,30,17629.240395
5465776.789329,59,17630.337794
5430316.766695,83,17631.940866
5600243.362898,82,17633.504203
5457368.031984,83,17635.130736
5493243.675399,64,17636.386835
5429128.745095,31,17637.011755
5817190.593135,54,17638.052641
5421146.959052,34,17638.684753
5464534.835295,58,17639.811306
5474233.699719,39,17640.557554
5465768.30569,62,17641.761882
5421949.249241,81,17643.2643
5374665.869856,81,17644.76941
5496769.155756,65,17645.986754
5476699.500237,44,17646.851735
5507723.808883,68,17648.099968
5443168.908749,39,17648.83598
5824468.145288,78,17650.31161
5503911.167009,52,17651.334533
5487147.102148,54,17652.377414
5857200.13498,97,17654.279179
5482294.210816,38,17655.025539
5465114.397648,49,17655.984633
5466465.420611,40,17656.755364
5593306.115912,49,17657.66318
5545129.339852,70,17658.987963
5439222.857855,79,17660.520169
88562.399686,250,17665.370565
5607088.812043,70,17666.731096
5463646.139588,41,17667.515656
5428783.275284,40,17668.262308
5474800.692718,81,17669.831933
5478892.272097,45,17670.683294
-99258.559542,24,17671.12875
5398401.48875,80,17672.699914
5481223.148855,56,17673.751504
5697781.235209,48,17674.681609
5636523.413043,88,17676.413074
5450657.481251,37,17677.151116
5647524.079371,97,17679.031009
5464133.712683,45,17679.915226
5497930.494547,43,17680.751643
5923715.08404,94,17682.495424
5494123.258415,68,17683.715771
5422244.975415,72,17684.998678
5475350.876162,66,17686.201881
5433148.158483,33,17686.799094
5554765.151381,89,17688.36572
5462996.412099,59,17689.428266
5407836.567153,84,17690.947987
5447101.958439,75,17692.315824
5346615.597744,74,17693.657827
5482583.030182,46,17694.482723
5484423.028294,89,17696.039207
5591594.462306,47,17696.870389
5717830.109593,59,17697.945191
5481479.36102,51,17698.855715
5438097.39428,84,17700.396475
5432333.075212,77,17701.824692
5485013.836081,75,17703.223613
5506648.455709,94,17704.936489
5548588.784602,42,17705.702942
5849979.026829,68,17707.012451
5457583.533586,38,17707.714686
5494449.221202,79,17709.178979
5459788.729691,38,17709.887507
5477321.008885,31,17710.454344
5414695.074074,85,17712.028899
5423240.520555,30,17712.609888
5391654.870222,80,17714.110139
5427032.995879,88,17715.771134
5475138.847297,35,17716.388869
5429959.449567,78,17717.813597
5493095.538399,82,17719.335198
5467363.260065,40,17720.054397
5447373.023454,33,17720.66414
5460130.019621,37,17721.321805
5435175.673851,30,17721.879596
5545429.000376,62,17723.049875
5760086.10222,56,17724.078099
5433436.94714,39,17724.777785
5537554.730996,61,17725.900918
5440234.225357,89,17727.520586
5474016.942999,80,17728.92479
44301.765992,250,17733.402218
6049837.974161,122,17735.584537
5407570.743619,85,17737.133273
5492413.547542,54,17738.088308
5403588.292475,83,17739.565931
5434390.975283,29,17740.113363
5452777.854657,41,17740.882469
5503343.552962,80,17742.341365
6003994.800464,90,17743.928097
5463865.240681,48,17744.792134
5480320.557595,56,17745.79115
5478889.446043,38,17746.461638
5460682.674679,74,17747.878119
5386801.363253,77,17749.217175
5488460.297214,79,17750.636369
5454133.114858,86,17752.216672
5488708.917849,57,17753.313954
5447143.187384,81,17754.80216
5383262.151609,86,17756.325793
5367343.157538,85,17757.844116
5408409.97205,84,17759.356805
5454383.504471,31,17759.897114
5441741.868498,32,17760.46794
5480126.31877,34,17761.057908
5464404.251128,29,17761.577115
5496809.662145,60,17762.686169
5411744.035,78,17764.048996
5528739.92109,84,17765.528239
5495455.991255,85,17767.097717
5803668.087308,102,17768.961828
5502392.003449,66,17770.177196
5448142.586796,25,17770.644469
5467207.095417,32,17771.233492
5475943.585718,81,17772.701222
5483289.786769,66,17773.907102
5466550.217588,60,17774.983529
5441906.858742,41,17775.724977
5483346.314655,77,17777.114098
5871299.04595,94,17778.790514
99770.236149,250,17783.336767
5434230.607223,33,17783.935234
5475872.812749,79,17785.432386
5478646.051634,45,17786.262074
5483512.788239,71,17787.644072
5460070.559159,29,17788.133869
5473550.69462,60,17789.206947
5818096.076091,69,17790.470017
5485136.134717,84,17792.3428
5496567.845135,50,17793.226616
5431870.692144,29,17793.719182
5413882.651874,92,17795.305052
5492654.675941,54,17796.279621
5438722.853674,37,17796.894971
5498606.686873,51,17797.770883
5491989.043193,77,17799.136657
5495786.886523,84,17800.611609
5472626.753882,77,17802.065788
5484267.862787,79,17803.583334
5489912.327887,80,17805.320103
5427334.037942,80,17806.787951
5521407.729091,66,17807.944518
5444490.966664,35,17808.583663
5522878.340499,50,17809.548183
5470784.68917,58,17810.681329
5498169.249193,65,17811.993421
5481174.186785,67,17813.438256
5823570.162649,59,17814.61595
5732174.669621,59,17815.883942
5449141.938516,83,17817.346082
5467918.094559,37,17818.027836
5437196.692594,81,17819.700361
5474542.550509,60,17820.895073
5450234.15713,37,17821.680093
5449223.004524,71,17822.936995
5440061.315902,33,17823.521179
5498613.287146,67,17824.824223
5493519.702786,79,17826.261112
26757.966812,250,17831.112404
5493370.218396,62,17832.306364
5487513.840584,84,17833.978804
5370589.147222,79,17835.37426
5491422.42045,68,17836.567553
5508235.311306,78,17838.061683
5479822.099324,71,17839.478058
5429117.408956,86,17841.343812
5452715.273929,79,17842.808907
5413733.076402,93,17844.571877
5453575.075695,70,17845.971777
5441609.206166,30,17846.559875
5462916.819867,86,17848.125943
5479255.400651,39,17848.840738
98714.72706,250,17853.39586
5428621.452033,34,17854.043359
5896305.03279,92,17855.758494
5467638.597897,65,17857.063613
5479481.402243,34,17857.776592
5471261.108806,31,17858.399261
5485401.971561,39,17859.124271
6010094.812233,59,17860.218986
5468337.241902,80,17861.76703
5454203.277797,45,17862.62109
5480189.71601,39,17863.360025
5477548.752672,39,17864.075561
5463028.449427,77,17865.53104
5439374.48195,84,17867.142753
5476479.123509,62,17868.329343
5399327.712942,89,17870.107888
5484752.715957,38,17870.826988
5448908.820188,37,17871.560839
5380779.873154,88,17873.25766
5485065.117555,78,17874.923315
5471450.870371,71,17876.197318
5467308.266364,34,17876.828728
5498180.982855,40,17877.576196
5380264.473561,87,17879.103109
5533955.556894,80,17880.635178
88912.294172,250,17885.402664
5447641.540921,35,17886.012702
5516680.799302,91,17887.738557
5489537.556799,53,17888.824062
5467017.882129,36,17889.470644
5472518.188327,80,17890.930224
5761753.933944,48,17891.811613
5495496.204589,48,17892.67314
5458601.807122,74,17894.273892
5472244.169122,79,17895.924069
5496569.826604,83,17897.523882
5467774.767607,69,17898.925216
5490272.633452,83,17900.423028
5472482.517026,92,17902.177048
5479197.081057,62,17903.277864
5469716.170365,36,17903.939325
5445520.604929,40,17904.699862
5556590.753821,45,17905.571383
5361812.791162,85,17907.258031
5438015.944436,81,17908.804499
5505595.103965,49,17909.727054
5791184.756811,57,17910.798141
5518859.672179,88,17912.435441
5471990.485139,45,17913.322643
5457034.49426,51,17914.301711
5435132.927871,79,17915.844081
5461309.301097,56,17916.882775
5446429.656607,76,17918.347111
5440645.350244,37,17919.022987
5434905.556795,87,17920.718572
5462696.933985,45,17921.528145
5472731.444576,59,17922.578957
5408753.3805,80,17924.048201
5461632.585401,67,17925.294349
5537557.268841,73,17926.581532
5464921.886681,80,17928.029377
5468192.524185,57,17929.044207
5468253.349764,34,17929.701149
5439797.626127,86,17931.304723
5499412.354815,65,17932.491095
5462605.311046,84,17934.089015
5491674.248123,55,17935.172603
5574119.323165,94,17936.864918
5868809.119825,89,17938.460804
5425925.930926,33,17939.058826
5488737.148928,78,17940.447361
5467639.760682,36,17941.101819
5442969.249872,32,17941.672446
5488201.46625,76,17943.049729
5430358.31934,29,17943.573061
5459257.576086,33,17944.172286
5428777.303402,35,17944.844327
5472770.10648,72,17946.135895
5431671.989267,87,17947.75029
5454488.078635,37,17948.42849
5460572.900397,40,17949.16263
5494867.381991,86,17950.726942
5488480.843231,68,17951.942713
5452626.022121,80,17953.415695
5475737.062435,79,17954.856869
5496175.139442,64,17956.009469
5458540.732759,79,17957.41968
5451633.232594,43,17958.197742
5548605.885928,63,17959.343565
5496785.752171,59,17960.440811
87130.90624,250,17965.021065
5460030.586713,90,17966.688881
5401420.139384,87,17968.398935
5727345.933867,51,17969.33154
5433891.321757,83,17970.838293
5477622.425646,29,17971.351967
5410252.010893,80,17972.846806
5438940.586565,33,17973.495425
5509242.348622,51,17974.373141
5525376.468866,87,17975.964988
5467069.351335,83,17977.370874
5489893.536181,76,17978.692032
5489603.036619,72,17979.942833
5432387.786254,79,17981.234032
5487211.068068,75,17982.511062
5490306.694858,85,17984.09276
5436969.752502,28,17984.61912
5532999.29817,83,17986.204926
5456456.132118,80,17987.701951
5567607.471034,93,17989.470463
5378834.195093,86,17990.858414
5473459.840836,70,17992.033218
5481096.15757,39,17992.663371
5448176.315448,66,17993.764934
5436462.77279,32,17994.312377
5412546.843106,80,17995.778829
5494950.364451,63,17996.952117
5713462.611196,70,17998.216615
5477350.929917,72,17999.522066
5444508.46736,40,18000.252357
5384477.732221,81,18001.748889
3112.007568,250,18006.378485
5500656.509772,89,18007.963914
5466919.999953,56,18008.983294
5447594.440066,35,18009.610258
5447423.243294,83,18011.263768
5474334.176166,40,18011.936276
5411407.097148,91,18013.510718
5448360.472019,71,18014.684667
5497198.547008,72,18015.979466
5480223.808643,51,18016.918884
5483397.960062,77,18018.286541
5460384.217308,47,18019.117287
5514840.42331,47,18019.982258
5412663.373814,91,18021.606754
5392980.31142,71,18022.89022
5471056.947538,80,18024.37788
5435029.896761,75,18025.742582
5449255.077623,33,18026.350686
5463188.806897,80,18027.796544
5431674.425981,31,18028.341249
5390328.045126,83,18029.863169
5492503.404537,58,18030.91613
5442189.023605,81,18032.339869
5426301.422352,88,18033.897333
5478934.128214,76,18035.320043
1560626.92718,250,18039.965052
5463078.139987,31,18040.516178
5445990.255182,37,18041.186917
5529746.455868,70,18042.485945
5456429.598041,80,18044.030438
5431246.222412,27,18044.562019
5621928.402235,79,18046.088998
5495608.335497,64,18047.337139
5466664.009058,104,18049.423772
5499419.022184,82,18051.019321
5467254.816067,88,18052.717185
5442045.814262,34,18053.385461
5486348.692692,57,18054.506161
5465236.455244,82,18056.119059
5398193.230357,76,18057.630888
5464560.087913,46,18058.545241
5492512.63413,61,18059.710417
5749379.144055,48,18060.670932
5450607.998715,87,18062.370268
5432813.904754,33,18063.015721
5441965.49468,34,18063.680456
5406366.293259,80,18065.247383
5478392.780621,79,18066.647627
5766428.642814,80,18068.064812
5722204.228193,104,18070.081772
5572234.585485,80,18071.587712
5461406.575019,68,18072.871573
5516024.978679,74,18074.245128
5482379.557271,58,18075.414798
5376286.165677,79,18076.832747
5784965.795456,43,18077.621403
5582311.188754,97,18079.585253
5459451.64354,60,18080.795682
5466813.44397,79,18082.337955
5461180.021124,43,18083.178068
5447942.484722,33,18083.849842
5475052.8429,75,18085.317457
5448434.400882,38,18085.978338
5446009.02704,48,18086.863412
5454322.781432,34,18087.518039
5456692.749206,37,18088.234192
5523413.143077,91,18090.047931
5426184.488591,84,18091.701293
5495025.800108,46,18092.637361
5427693.838125,81,18094.341322
99845.074161,250,18099.367415
5492322.933934,79,18100.953923
5412661.521257,76,18102.278396
5361818.924293,85,18103.858004
5388430.785858,85,18105.525829
5430512.562617,79,18107.029211
5396779.241006,85,18108.65935
5681212.154219,82,18110.248876
5440946.19737,88,18111.955613
5469003.645126,46,18112.863926
5799939.35396,106,18114.83761
5458578.365886,80,18116.318122
5494133.364597,55,18117.377984
5455546.988413,34,18118.025495
5472796.566743,32,18118.625823
5400371.033975,73,18120.078153
5482376.868676,66,18121.341876
5444578.271658,74,18122.762111
5484886.036074,65,18124.040036
5482385.711658,56,18125.115286
5858228.120798,90,18126.792778
5483419.998206,37,18127.485766
5462566.03439,35,18128.160391
5660463.204918,86,18129.77778
5494061.719067,35,18130.457075
5810557.739474,50,18131.40838
5461475.395108,82,18133.000783
5454925.377536,31,18133.566696
5994365.283162,104,18135.537348
5468074.576271,70,18136.892523
5404499.64845,78,18138.372658
5432299.037731,75,18139.816333
5458078.589812,73,18141.1996
5438183.63618,77,18142.684426
5428613.129001,81,18144.221171
5423555.491733,82,18145.851955
5507097.443431,49,18146.826066
5453351.068887,39,18147.598093
5445066.795046,32,18148.205604
5443048.917029,26,18148.701001
5433527.586883,73,18150.128486
5480182.864386,82,18151.80742
5469900.115699,71,18153.060498
5447246.290664,77,18154.509212
5464187.632051,76,18155.84473
5876178.057832,108,18157.813859
5475553.255733,41,18158.591161
5415273.483938,91,18160.304986
5685349.909525,85,18161.94824
5534328.671726,83,18163.513841
5474675.72409,93,18165.248155
5454987.452828,30,18165.816425
5506399.4545,57,18166.9073
5515266.453944,70,18168.205952
5502706.196,51,18169.149198
5378881.932544,84,18170.715591
5445081.81318,39,18171.438985
5485739.632954,80,18172.84687
5406641.303923,87,18174.443641
5447363.819831,53,18175.448537
5704422.01267,55,18176.42904
5425132.059797,86,18211.672241
5445585.24969,32,18212.249073
5518385.309773,64,18213.366883
5489047.551355,82,18214.862331
5462317.791897,79,18216.317663
5513138.177154,46,18217.166038
5782441.811426,90,18218.808986
5504863.88087,37,18219.499146
5640341.28823,58,18220.564306
5534278.217262,39,18221.275242
5502512.003587,79,18222.683919
104318.859034,250,18227.28707
5489453.229222,65,18228.465328
5440683.865573,46,18229.36572
5476630.175301,80,18230.839831
5464460.643101,32,18231.41316
5480362.016792,64,18232.579919
5434481.38952,38,18233.270044
5353063.857632,78,18234.710319
5424688.751727,26,18235.190851
5522539.318084,60,18236.294663
5431665.161969,89,18237.908581
5474166.664318,70,18239.136005
5455508.181388,30,18239.698473
5394148.984536,71,18240.980434
5680787.412977,46,18241.802959
5482174.854315,41,18242.573877
5465196.632137,52,18243.471063
5493539.978788,71,18244.729196
5515080.205958,39,18245.435053
5465236.473194,74,18246.774648
5452374.280052,32,18247.346879
5464454.144937,58,18248.434206
5458946.088623,83,18249.902632
5459049.375034,80,18251.323495
5448101.677574,76,18252.719564
5479927.714389,81,18254.257344
5444810.404675,37,18254.931326
5824727.323259,103,18256.769513
5432144.955434,82,18258.255942
5423988.039143,87,18259.840862
5457505.41077,27,18260.331877
5435193.529569,82,18261.831208
5443154.750232,79,18263.292537
5422948.515577,31,18263.866757
5475775.787484,78,18265.296278
5530617.409009,68,18266.510259
5474937.724539,36,18267.162353
5443102.241431,33,18267.744631
5488344.045506,79,18269.146788
5509383.406349,51,18270.036696
5436278.643949,34,18270.656622
5525920.662261,77,18272.144602
5468486.956242,61,18273.220099
5446941.916272,41,18273.944474
5383206.495942,86,18275.559276
5487415.835621,59,18276.487737
5520931.177727,96,18278.139121
5435421.636835,38,18278.769165
5503796.0175,80,18280.194709
5532047.78003,76,18281.5325
5493521.651319,92,18283.296534
5556749.439763,87,18284.910603
5457347.099879,31,18285.504802
5482118.541909,95,18287.269669
5475969.809347,41,18288.072621
5447045.572284,45,18288.975964
5574633.512879,39,18289.733348
5585853.459788,52,18290.760927
5429344.779647,82,18292.361583
5460915.490499,65,18293.650378
5422629.853023,82,18295.29167
5471943.709229,54,18296.375502
5369085.147883,81,18298.054285
5514617.299648,73,18299.488868
5456935.169103,70,18300.848434
1751298.127372,250,18305.737294
5481495.914271,58,18306.878878
5417825.904143,29,18307.445636
127084.353455,250,18312.324685
5452010.016357,40,18313.088012
5452263.757685,42,18313.922722
5482707.62947,79,18315.438335
5438506.11429,36,18316.146051
5473266.780742,81,18317.742022
5506871.425132,72,18319.166261
5613297.813336,82,18320.76814
5501604.882842,38,18321.534477
5424584.199015,83,18323.15546
5481297.352535,56,18324.291885
5472098.749521,70,18325.69576
5446450.607747,50,18326.663013
5473983.369684,54,18327.734192
5475436.52671,77,18329.225853
5415462.745909,86,18330.906503
5464459.185975,55,18332.005079
5526496.972367,41,18332.786572
5422582.955507,79,18334.330489
5467163.310185,77,18335.776246
5467651.012699,78,18337.295097
5770865.648984,87,18339.02424
5483026.314097,77,18340.579485
5519361.0138,63,18341.800395
5457635.940711,39,18342.538552
5460261.163441,70,18343.855042
5438160.281985,48,18344.762883
5481953.234203,38,18345.5014
5441100.569876,31,18346.128131
5465254.02497,66,18347.423352
5433426.691575,24,18347.942355
5416175.179587,83,18349.37688
5436696.261785,35,18350.015877
5434267.898321,79,18351.503205
5456406.256001,33,18352.145749
5503266.958456,33,18352.79854
5415955.573677,82,18354.268549
5499490.906952,67,18355.462797
5507807.002114,68,18356.812083
5477012.9234,63,18357.985625
5460867.745382,61,18359.163527
5387962.495763,72,18360.505538
5438841.292047,30,18361.081334
5459149.872838,82,18362.641325
27113.737123,250,18367.377883
5482398.631867,31,18367.93264
5905936.619945,72,18369.308279
5444213.355944,32,18369.869713
5467479.026695,38,18370.509665
5501252.939314,39,18371.1955
5643637.025252,49,18372.055672
5373426.044702,80,18373.601323
5494489.17478,88,18375.126765
5675997.824366,74,18376.480245
5438627.208725,31,18377.071597
5476998.715917,43,18377.891614
5366158.505512,85,18379.527809
5487523.442781,78,18381.043832
5419381.636945,84,18382.655907
5453355.865743,74,18384.03392
5448399.309047,31,18384.64244
5466084.039618,69,18386.010606
5493370.828963,39,18386.772574
5425229.117264,81,18388.266842
5445710.017244,32,18388.871261
5463547.002251,54,18389.907967
144127.689572,250,18394.619318
6111819.612018,99,18396.531579
5485569.168115,36,18397.212172
5556312.603727,74,18398.641164
5476630.417374,61,18399.78408
5474133.947792,74,18401.205203
5517404.058761,70,18402.531272
5419343.488291,84,18404.116802
5430217.664442,79,18405.568336
5429041.987231,32,18406.148996
5476590.548136,85,18407.714857
5477716.686552,80,18409.226568
5419521.05247,75,18410.52692
5480003.416224,41,18411.21056
5393030.921399,90,18412.856369
5415178.431384,86,18414.44557
5453091.977134,79,18415.897335
5461692.892231,73,18417.256688
5437572.92966,89,18418.877894
210405.42803,250,18423.42748
5467845.521872,71,18424.70289
5478884.709659,70,18425.96681
5483082.059035,42,18426.799707
5435784.783335,30,18427.340051
5515944.302528,42,18428.111574
5503695.299257,78,18429.519633
5459111.223104,77,18430.918897
5455748.818577,84,18432.410055
5508612.284142,68,18433.636564
5497779.453861,38,18434.327599
5486471.974174,52,18435.274323
5415467.82631,84,18436.785442
5425723.192123,76,18438.173553
6373282.707909,103,18440.093537
5416398.039843,26,18440.592653
5586758.916303,60,18441.731402
5694410.405646,64,18442.802355
5466875.014659,60,18443.817271
5446772.145194,50,18444.715961
5476090.746564,60,18445.855237
5417371.579919,90,18447.696719
5491346.453031,50,18448.670674
5425841.792162,31,18449.174335
5487600.517962,71,18450.355121
42189.773693,250,18454.741685
5600374.905759,54,18455.733974
5537379.462853,76,18457.119812
5442409.614799,33,18457.735224
5516018.28049,70,18458.966094
5488454.065289,39,18459.665081
5476740.135835,79,18461.158719
5450950.856818,73,18462.35597
5649957.623066,48,18463.205597
5417320.070971,80,18464.543264
-26965.727451,250,18469.088816
5480969.268193,70,18470.2719
5507235.844974,78,18471.60822
5439089.49088,35,18472.236829
5444141.823476,79,18473.604551
5391289.817159,89,18475.17293
5427371.763296,86,18476.808806
7569440.629846,161,18479.627409
5439072.971548,30,18480.112271
5431378.835825,85,18481.650704
5408942.808382,85,18483.14193
5465241.235914,67,18484.326508
5499625.543363,43,18485.242615
5461082.765459,35,18485.893886
5441934.986735,83,18487.276684
5586563.009408,85,18488.817624
5436833.289496,76,18490.26282
5451453.660236,35,18490.993242
5456503.493639,59,18492.025189
5457764.29975,36,18492.665294
5380832.443797,78,18494.087011
5449739.040697,47,18494.864962
5493791.267379,60,18495.883136
5455860.00187,50,18496.781365
5412038.888717,81,18498.227558
5425849.005029,31,18498.775833
5438119.148883,25,18499.241494
5646319.754066,48,18500.1084
5441921.318796,39,18500.810988
5458703.199624,42,18501.581754
5524012.131843,52,18502.533232
5459977.998472,36,18503.173321
5447381.058312,77,18504.580014
5470465.372167,40,18505.332533
5413466.121487,80,18506.820696
6262586.554401,81,18508.30527
5436755.690157,81,18509.714184
5498143.706829,79,18511.040728
5553232.96355,86,18512.588146
5385830.061912,74,18513.89458
5527950.164532,75,18515.264823
5454760.476572,58,18516.341844
5471909.217333,76,18517.786073
58930.733503,250,18522.194607
5610999.487497,47,18523.10751
5466408.221431,68,18524.514575
5451574.933629,89,18526.205281
5472910.894466,52,18527.138275
5851967.920214,96,18528.938579
5492701.128372,84,18530.49992
5491988.579825,67,18531.820953
5430068.122876,30,18532.375711
5483504.790623,76,18533.680276
5509755.673536,44,18534.493388
5529846.771244,61,18535.647879
5429418.302796,39,18536.419064
5446086.372459,31,18537.002257
5438760.980812,31,18537.584878
5391876.85102,78,18539.111377
5462150.928113,37,18539.84064
5467033.187089,50,18540.86231
5693632.855861,70,18542.268207
5429545.342961,31,18542.854341
5462115.258554,69,18544.203089
5453190.555384,82,18545.85165
5453761.810418,38,18546.664323
5448172.300431,51,18547.613308
5512066.637971,65,18548.907895
5430495.725993,91,18550.585008
6036642.492027,112,18552.656413
5474856.388248,74,18554.057517
5444698.327544,32,18554.716929
5671111.640455,52,18555.730583
5501012.066848,53,18556.741362
5466691.107288,86,18558.415055
5741124.021328,50,18559.398285
5428768.608325,79,18560.955509
5466360.460376,79,18562.520116
5494844.533697,44,18563.394035
5469907.896214,46,18564.292575
5460119.08322,66,18565.568535
5441992.795917,30,18566.141763
5499400.815706,73,18567.527048
5490818.196774,34,18568.190061
5429243.594913,84,18569.789126
5494784.047588,68,18571.115432
5525232.227052,80,18572.633444
5806133.085837,48,18573.576526
5487919.112125,57,18574.695913
5799014.37076,60,18575.908288
5446014.111415,75,18577.386859
5413101.523265,82,18579.06538
5547072.33486,43,18579.839821
5430668.25467,79,18581.306365
5415193.911796,87,18582.98508
5417044.566673,27,18583.467713
5500659.267721,72,18584.874785
5475692.934189,78,18586.695632
6224377.397056,143,18589.755045
5402979.147499,79,18591.483554
5474341.206829,87,18593.433873
5850575.004262,63,18594.601719
5481143.941238,72,18595.892327
5490874.465344,105,18597.803293
5881548.122475,51,18598.687387
5615118.530487,82,18600.146959
5435246.979942,85,18601.816911
5475023.54726,40,18602.667239
5815840.342163,58,18603.935163
5398442.959694,84,18605.44661
5421685.902331,81,18607.114809
5414684.505281,84,18608.637492
5419319.066497,95,18610.276094
5826717.300397,98,18611.957905
5512866.256964,36,18612.651797
5430671.3773,28,18613.143203
5496415.061416,70,18614.432631
5476880.318204,64,18615.53747
5496569.876727,37,18616.232548
5472839.535309,56,18617.212594
5436765.769429,34,18617.824479
5456301.745755,49,18618.689605
5448625.821322,81,18620.250492
5482063.651291,36,18620.898746
5459420.440317,35,18621.597749
5505655.068466,78,18623.002733
5421100.447796,84,18624.607905
5427199.402642,83,18626.201799
5435068.555309,31,18626.780776
5419791.395579,88,18628.3764
5459321.051407,33,18628.958906
226319.504023,250,18633.645852
5486832.435361,72,18634.92923
5469283.279759,61,18636.121162
5558403.345329,84,18637.633218
5506625.885045,83,18639.278128
5647397.664691,48,18640.097054
5534796.271107,61,18641.20253
5483914.503476,41,18641.962269
5443849.815549,34,18642.622659
5480036.568553,55,18643.499403
5468666.628181,61,18644.540432
5459881.624755,37,18645.276396
5475537.750487,57,18646.277984
5460139.49679,75,18647.589144
5484109.18383,88,18649.228281
5398379.791038,84,18650.89384
8052.383645,250,18655.347209
5963936.339693,97,18657.134606
5477636.282981,58,18658.2694
5390585.905406,81,18659.708277
5434645.630155,32,18660.236041
5752476.598826,52,18661.110128
5527112.163133,84,18662.63694
5511190.556129,82,18664.153075
5441953.798782,38,18664.913092
5439521.895505,92,18666.496403
5484026.737613,68,18667.691388
5461102.305184,40,18668.389012
5464421.951701,31,18668.913603
5478137.132204,67,18670.148978
5529287.351036,95,18671.874263
5600487.453747,92,18673.427354
5463461.768039,73,18674.690464
5501100.027783,74,18676.01616
5456008.837776,75,18677.3283
5476052.167505,43,18678.147117
5459966.052708,34,18678.762802
5463975.320439,32,18679.317102
5453706.975187,85,18680.755298
5476627.175913,36,18681.405515
5351725.977625,83,18682.93517
5505119.652906,47,18683.793485
5488356.866198,77,18685.302675
5484160.497659,32,18685.910087
5444111.469602,34,18686.591354
5378010.66641,84,18688.164376
5401308.855476,84,18689.723943
5465349.733207,36,18690.351516
5453675.580381,47,18691.189033
5458261.699363,77,18692.636451
5443328.489823,40,18693.357513
5633099.388477,94,18694.999438
5438295.52175,69,18696.344628
5564880.393861,53,18697.42166
138313.873411,250,18702.235834
5479784.505372,59,18703.381248
5434389.950696,86,18705.08503
5624964.957856,51,18706.126156
5468480.202715,67,18707.491213
5791761.149961,69,18708.937923
5449080.623282,85,18710.450055
5475398.634197,89,18712.111893
5431729.624333,29,18712.667521
5478518.076695,66,18713.81702
5459759.666236,39,18714.508949
5495196.980481,42,18715.237028
5516570.717382,62,18716.476488
5460889.091738,90,18718.054364
5466287.205621,54,18719.130189
5495356.480474,68,18720.551515
5469923.081624,37,18721.18935
5454413.297355,71,18722.463459
5628406.000195,97,18724.225739
5460680.290167,31,18724.792694
5521034.736489,76,18726.162447
5449631.587733,26,18726.6262
5463060.675781,61,18727.762328
5475802.221752,81,18729.250915
5530710.4666,43,18730.009792
5503862.997265,65,18731.151992
5472707.753869,54,18732.193536
5379310.950672,88,18733.888878
5457066.522036,50,18734.841013
5442209.941153,79,18736.251752
5425678.667846,38,18736.922519
5438695.822193,37,18737.583953
5442718.01507,92,18739.258343
5444693.337791,37,18739.992123
5437493.628206,28,18740.487905
5447129.857099,30,18741.015622
5503196.563405,73,18742.302336
5876705.763387,55,18743.3013
5460721.701506,36,18743.937575
5368536.471575,79,18745.36029
5460095.020591,72,18746.672775
5491501.976013,79,18748.073446
5468672.556243,80,18749.485927
5430172.546079,33,18750.076061
5453666.039404,39,18750.765301
5449094.428689,33,18751.360322
5492798.130901,57,18752.347275
5479820.542652,82,18753.799548
5721636.544266,46,18754.637273
5438829.507892,76,18756.002294
5461682.024798,40,18756.71987
5397832.766872,78,18758.152995
5493893.352926,45,18758.951536
5493168.424443,76,18760.287912
5440001.188465,32,18760.88881
5402882.28715,82,18762.492739
5429259.586769,74,18763.937766
5391273.054926,87,18765.643869
5599129.524645,87,18767.351887
5532223.182513,75,18768.810607
5473576.222781,72,18770.179583
5514098.196268,57,18771.325643
5401066.506033,79,18772.742082
5418289.319938,79,18774.154251
5458829.754689,79,18775.641089
5372740.794804,85,18777.267432
5485483.110495,36,18777.980731
5384957.660979,80,18779.596854
5472187.147807,75,18781.074911
5657322.577754,72,18782.496009
5459356.638762,37,18783.231563
5567157.989112,64,18784.467388
5438007.129809,36,18785.166728
5476368.949897,51,18786.163212
5633455.443734,40,18786.898091
5487261.138064,75,18788.379932
5468554.674109,37,18789.095243
5567458.304329,40,18789.895116
5423719.165169,83,18791.514246
5434037.725991,75,18792.999023
5430121.415375,32,18793.641315
5437030.436456,27,18794.169114
5467169.544767,31,18794.772409
5443467.470221,34,18795.450583
5443914.103664,83,18797.04845
5415910.357932,92,18798.835039
5480747.070209,57,18799.98138
5629974.608006,92,18801.683255
5394063.28237,88,18803.30217
86164.072881,250,18808.117526
5458399.781524,69,18809.416466
5457597.020082,91,18811.158144
5382225.066694,79,18812.683044
5457275.508727,79,18814.201433
5446986.032971,33,18814.8451
5472130.670053,34,18815.487475
5489561.552832,76,18816.90486
5461565.898326,30,18817.492757
5487006.857065,55,18818.547415
5499979.684257,68,18819.881086
5457571.809377,77,18821.386524
5462793.928789,52,18822.393419
5470365.249758,71,18823.79552
5448533.020593,35,18824.45977
5463385.696784,75,18825.912702
5470852.11559,32,18826.516127
5437989.27886,78,18828.011974
5892518.299583,81,18829.559602
5461803.461136,40,18830.319192
5493070.753276,42,18831.13295
5728375.543896,85,18832.788036
5477924.517331,75,18834.292204
5690319.862384,88,18835.98454
5482247.702855,59,18837.134219
5460660.715528,31,18837.774704
5543195.617732,53,18838.747627
5430365.743999,29,18839.263599
5478746.412812,78,18840.821014
5484230.718261,72,18842.131141
5891043.91376,99,18844.058883
5469454.89182,85,18845.593689
5497970.996214,83,18847.049892
5434484.311919,77,18848.511744
5413359.031448,82,18850.021512
5413267.955175,84,18851.569643
5441569.568296,33,18852.260453
5502331.124307,75,18853.754087
5457464.906469,32,18854.38154
5429372.413444,86,18855.913477
5503006.592233,57,18856.945018
5454990.522081,36,18857.644667
5468455.18654,86,18859.297089
5479188.250805,76,18860.746436
5453045.66746,40,18861.47564
5446745.434315,38,18862.20192
5444152.613168,87,18863.861919
5372656.878281,73,18865.291818
5782784.819002,78,18866.822063
5469669.17574,78,18868.397135
5394623.505918,83,18869.987761
5406510.595783,77,18871.497557
5466086.821919,86,18873.184107
5571712.349121,77,18874.635783
5444937.65018,63,18875.837798
5479898.029973,43,18876.652401
5407329.428867,82,18878.179802
5462988.290601,77,18879.682726
5434294.097907,84,18881.355232
5472842.734035,79,18882.679247
5454631.451554,89,18884.264109
5403343.084461,87,18885.852057
5470203.463255,31,18886.393741
5496997.251036,54,18887.366602
5462600.38711,70,18888.652506
2964486.150053,250,18893.213627
5497900.504668,71,18894.444127
5495684.982234,41,18895.203219
5460139.776477,45,18896.025512
5398887.587986,81,18897.481213
5471530.494424,46,18898.373156
5466695.048747,40,18899.053351
5391625.612777,78,18900.376482
5454799.495492,61,18901.44509
5681969.085205,46,18902.260288
5465197.807716,74,18903.60662
5457469.793013,32,18904.176257
5416731.660556,91,18905.772204
5461317.814263,42,18906.588604
5446391.83884,59,18907.665428
5529231.716209,72,18908.985522
5448125.314651,85,18910.564701
5434300.191325,30,18911.112465
5459060.845039,33,18911.717118
5488920.218525,45,18912.528829
5440661.464312,34,18913.157784
5398321.457579,89,18914.805435
5523729.449567,83,18916.350883
5445100.427639,38,18917.069885
5430925.972177,81,18918.57041
5917433.162065,211,18922.355107
5984431.173483,237,18926.833534
5544599.923391,51,18927.753514
5470809.834093,53,18928.688634
5467019.27302,79,18930.123627
5458458.441,34,18930.766428
5476589.169542,64,18931.934823
5471012.997535,33,18932.538006
5479194.001692,76,18933.918685
5377071.136051,85,18935.460865
5467732.523855,52,18936.407743
140023.499753,250,18940.9002
5489288.237684,59,18941.986227
5505993.276406,76,18943.379122
5570456.526673,47,18944.229762
5495851.881217,66,18945.428559
5502307.984512,58,18946.467355
5452735.862425,36,18947.108609
1498815.363533,250,18951.6932
5407873.225314,78,18953.102494
5479754.633093,59,18954.154171
5450543.905202,31,18954.709025
5439433.465987,28,18955.208723
5501019.04861,75,18956.549736
5944276.388969,85,18958.059116
5466251.199889,32,18958.627953
5464716.919573,70,18959.893037
5515859.40875,72,18961.189035
5760415.93377,60,18962.250686
5506128.45362,72,18963.517386
5469051.866253,80,18964.906904
5476399.658428,81,18966.323098
5443676.262008,86,18967.858193
5493573.227514,74,18969.253405
5482499.110245,66,18970.426121
5451907.950366,32,18970.998438
5502106.917375,34,18971.755281
5462947.050604,49,18972.681378
111970.800185,250,18977.09501
5390724.715494,83,18978.805796
5460175.239295,75,18980.27798
5439855.411214,76,18981.756977
5450612.343382,38,18982.385725
5484950.330826,85,18983.763314
5507364.784282,63,18984.79352
5496119.075664,52,18985.715173
5448043.262022,79,18987.135348
5484545.152905,38,18987.777098
5436546.997565,79,18989.105122
5407479.876687,83,18990.549289
5432487.895318,82,18991.891051
5469682.628591,81,18993.397865
5432261.184745,30,18993.924114
5416442.920147,78,18995.360201
5483942.897468,65,18996.523844
5443579.978316,45,18997.324646
5473017.25294,48,18998.327635
5384171.412244,75,18999.794786
5425058.884469,77,19001.180604
5492470.784889,69,19002.444885
5959051.113288,107,19004.490736
5510228.509415,84,19006.222297
5510118.732478,71,19007.60032
5479926.112866,65,19008.738587
5466608.291959,73,19010.168364
5454482.95936,71,19011.470936
5481333.290559,36,19012.086063
5862510.316147,56,19013.118445
5510891.483369,63,19014.302459
5421653.965533,26,19014.820683
6000184.748958,68,19016.138485
5469675.433437,44,19017.009476
5633883.617017,76,19018.530356
5542831.780355,67,19019.719742
5472882.268543,63,19020.929884
5483961.899422,31,19021.527076
5466862.05032,35,19022.204185
5419099.009567,81,19023.761322
5452245.270315,81,19025.377405
5489107.216486,31,19026.016018
5460490.004676,35,19026.772258
5468387.377619,31,19027.318072
5468532.139513,71,19028.659822
5970777.068372,106,19030.704165
5475463.403325,76,19032.183116
5475945.878254,47,19033.140931
5471334.408495,75,19034.476892
5769415.048562,91,19036.084924
5545365.775741,68,19037.361911
5431926.838063,28,19037.910604
5476446.680989,55,19039.030983
5670315.752889,92,19040.779599
5462775.743027,31,19041.390935
5480581.228468,72,19042.801947
41468.017425,250,19047.871723
5582336.044475,45,19048.737737
5432643.064064,30,19049.360294
5507439.209528,61,19050.659194
5460833.082686,33,19051.326296
5441940.847042,80,19052.849997
5493277.950097,77,19054.329511
5459343.58374,38,19054.981627
53564.282178,250,19059.751194
5490241.203899,67,19060.958775
5502190.48686,71,19062.23377
5566450.791485,80,19063.777209
5410519.624569,83,19065.317339
5863772.637714,60,19066.416335
5867128.454545,57,19067.451862
5483790.590341,78,19069.024513
5385242.533229,86,19070.559999
5465319.332534,35,19071.237265
5482715.117996,80,19072.707831
5442300.638428,32,19073.2838
5424944.345474,81,19074.836604
5463389.737005,70,19076.162395
5573317.595256,57,19077.230071
5469596.858096,63,19078.486833
5435882.987683,47,19079.357683
5643647.319792,87,19080.817631
5457970.538208,37,19081.456867
5546605.592764,65,19082.573464
5439653.943915,81,19084.172644
5461973.001752,77,19085.6026
5816051.85761,54,19086.502103
5407202.792685,74,19087.857662
5471530.246439,73,19089.165127
5487189.557582,79,19090.623861
5450923.725105,80,19092.145217
5452276.096379,40,19092.834494
5438113.955563,37,19093.528688
5397148.30528,81,19094.97784
5476057.978493,76,19096.383131
5438238.085196,36,19097.055077
5475981.009044,63,19098.23258
5458736.881861,42,19099.02202
5700443.772816,92,19100.650147
5634583.688883,87,19102.368616
5471381.047618,64,19103.477392
5482681.318081,85,19105.020392
5468221.820629,75,19106.633217
5456697.274189,85,19108.246605
5445942.393503,61,19109.381853
5534454.104665,74,19110.801838
5819047.757035,66,19111.948138
5404460.025623,74,19113.23795
5467620.939676,87,19114.902812
5445080.78301,39,19115.678627
5445618.64924,83,19117.289472
5455641.816991,32,19117.894567
5492179.732007,34,19118.542153
5459280.807651,33,19119.16197
5419218.872579,79,19120.626481
5478670.583938,74,19122.007621
5464784.268918,89,19123.555536
5468973.435789,59,19124.647483
5427471.085494,81,19125.975373
5407890.924334,80,19127.293682
5379408.891701,89,19128.784464
5457790.190078,80,19130.249887
5454074.997713,92,19131.865924
5395001.906659,74,19133.181814
5539609.329797,42,19133.904453
5470891.208218,68,19135.1869
5490886.740895,59,19136.25305
5404490.732206,89,19137.913611
5431678.764559,29,19138.448174
5758435.994276,63,19139.426383
5421020.197535,82,19140.811238
5456498.512076,35,19167.785433
5509030.758439,59,19168.949762
5361360.862171,81,19170.232166
5493274.257862,63,19171.283272
5469113.790514,40,19171.937475
5417550.865002,81,19173.405209
5479680.088004,39,19174.081041
5453166.512999,49,19174.982867
5426829.645613,79,19176.466728
5465436.40539,65,19177.672147
5466061.035788,36,19178.311986
5427978.884059,32,19178.905038
5531387.95802,73,19180.27087
5460420.080553,36,19181.007313
5478754.612162,70,19182.283564
5485386.686665,69,19183.518584
5403440.90393,77,19184.870118
5420727.724362,90,19186.497344
5511525.50142,79,19187.909626
5496878.892206,39,19188.601558
5478905.527565,72,19189.872563
5463087.73975,39,19190.581862
5498188.588723,69,19191.830548
5465254.887313,61,19193.017212
5469172.248545,65,19194.273128
5349974.004624,84,19195.748256
5389531.506578,87,19197.200089
5501134.862131,45,19197.953829
5467840.969722,53,19198.853782
5500972.841901,42,19199.596421
5436413.185137,30,19200.143069
5522006.51623,72,19201.453984
5486819.650844,83,19202.957932
5653276.400908,89,19204.590286
5475982.999059,35,19205.224577
5445908.225465,41,19205.969961
5495876.621812,36,19206.596918
5459185.279379,48,19207.4397
5437717.676889,30,19207.962994
5483319.541007,31,19208.563133
5454647.113554,82,19209.935555
5445806.960611,82,19211.249173
5464464.771337,31,19211.819055
522705.312929,250,19216.313208
5449977.950596,29,19216.859531
5518650.957398,61,19217.856873
5467617.071741,37,19218.487042
105611.652595,250,19222.999537
5497944.572731,57,19224.002417
5500504.533951,88,19225.592399
5459720.251982,72,19226.907404
5456819.165702,75,19228.32322
5461348.667586,35,19228.963847
5450282.064726,33,19229.548904
5449817.257327,72,19230.864809
5478932.195887,55,19231.898763
5447256.975076,29,19232.403328
5480445.038983,72,19233.562811
5478820.555136,37,19234.182727
5450917.187318,84,19235.65508
5894696.61941,59,19236.674024
5423878.893856,92,19238.301799
5489842.646555,61,19239.294103
5448400.652068,36,19239.912081
5468823.702008,54,19240.902513
5908804.115622,70,19242.262444
5534063.053355,83,19243.871887
5466196.63412,69,19245.134658
5507734.403688,77,19246.462583
5435408.64947,74,19247.829758
5443446.155699,30,19248.427505
5720781.87225,47,19249.330416
5459677.09774,74,19250.735888
5446275.529717,34,19251.394419
5439410.797456,41,19252.169459
5423921.631511,81,19253.567927
5453757.580664,40,19254.300774
5401739.487042,87,19255.868987
5414953.054814,76,19257.226009
5430713.20621,82,19258.782943
5461003.660592,46,19259.578028
5469396.110869,79,19261.028826
5462226.318906,32,19261.642013
5507020.10289,77,19263.1387
5380578.990169,84,19264.766994
5489970.379934,60,19265.803426
5434729.118037,35,19266.42605
5444961.287342,34,19267.111771
5471145.444449,57,19268.189005
5501369.163066,63,19269.387208
5434357.257019,115,19271.487324
5475942.051287,52,19272.445197
6045193.364094,220,19276.690341
6016579.282431,87,19278.374656
5468785.127614,67,19279.719479
5522129.513447,69,19281.036783
5482705.553212,72,19282.405602
5495827.625417,80,19283.959683
5469672.905217,87,19285.670106
5375979.409068,81,19287.202544
5613647.193419,74,19288.608684
5546726.244497,46,19289.487231
5457224.254292,33,19290.112152
5437154.10951,87,19291.789545
5499607.527077,87,19293.469491
5487344.231576,41,19294.263518
5515171.805729,76,19295.766951
5470472.634919,56,19296.857734
5468436.283478,33,19297.479845
5438291.644929,33,19298.132387
99577.448568,250,19302.952674
5504873.669259,59,19304.098605
5918350.080248,74,19305.54543
5475235.621745,72,19306.927376
5459386.774959,41,19307.714016
5426739.144172,80,19309.28564
5437661.320001,89,19310.986777
5440945.457803,90,19312.654688
5442329.313211,82,19314.222306
5432441.907904,87,19315.894142
5448566.586031,32,19316.524795
5475818.895142,62,19317.741859
5447416.067719,41,19318.548279
5501375.11341,34,19319.190409
5506679.934936,59,19320.286962
5548163.956602,62,19321.463201
5442826.869614,38,19322.189756
5464481.532588,77,19323.648008
5473847.542766,63,19324.871625
5452491.328995,81,19326.413758
5449124.095124,78,19327.88267
5365391.989716,83,19329.436205
5419776.270055,74,19330.802089
5461609.08847,41,19331.608931
5499757.307246,52,19332.600152
5469947.595213,29,19333.13662
5586043.013937,96,19334.983787
5523913.252797,82,19336.568997
5466621.90669,36,19337.26071
5451143.942238,90,19339.002591
5421337.426162,87,19340.663936
5511365.072449,56,19341.746921
5506971.800106,67,19343.023164
5825807.558481,85,19344.659371
5421958.393909,28,19345.206841
5466653.281846,74,19346.595808
5447524.056366,34,19347.238526
5455983.28197,57,19348.298773
5427556.489681,31,19348.887924
5474834.830512,76,19350.361887
5549714.739972,78,19351.891045
5911057.132188,62,19353.093551
5492981.652079,79,19354.647999
5467341.036019,58,19355.771125
5399999.493633,78,19357.229044
5449645.578725,75,19358.667628
5499805.980872,35,19359.333303
100114.064699,250,19364.034625
5636548.82976,70,19365.330664
5432933.250684,84,19366.859318
5493934.371599,55,19367.839307
5439894.330503,28,19368.336149
5479056.888896,58,19369.401145
5429757.40255,76,19370.810664
5476931.755574,51,19371.749973
5430301.037273,31,19372.30243
5486755.32816,40,19373.008594
5377286.162681,92,19374.714507
5465440.652723,61,19375.809846
5453297.732722,108,19377.791361
5386677.694181,79,19379.263554
5513059.57613,76,19380.695024
5522110.354412,53,19381.67786
5576975.866428,37,19382.359532
5478425.670359,86,19383.948759
5505224.046664,37,19384.635905
5471170.525919,36,19385.316556
5465599.008942,35,19385.940477
5483379.727592,37,19386.617035
5787981.218087,105,19388.520673
6145023.874606,117,19390.640016
5490186.020053,64,19391.775963
5426547.673253,36,19392.414052
5471707.194711,75,19393.766021
5678834.388556,51,19394.660492
5476868.169906,85,19396.203127
5491299.521615,81,19397.660596
5468380.16362,50,19398.536805
5597571.689347,50,19399.425594
5452748.847095,28,19399.935993
5504065.361108,34,19400.543154
5412375.137668,81,19402.00696
5552515.718535,47,19402.857907
5515309.304266,39,19403.547254
5487245.524468,35,19404.168555
5514533.965191,80,19405.621109
5468108.23879,88,19407.24771
5457049.037273,40,19407.973737
5716321.395454,46,19408.830152
5440477.140159,83,19410.320256
5494475.382214,73,19411.680586
5460917.713336,36,19412.342544
5536978.166072,45,19413.184155
5521601.615593,73,19414.514759
5447664.378172,79,19415.932251
5478030.302877,83,19417.399744
5392152.895645,78,19418.809299
5521285.299341,82,19420.292272
5455763.816025,77,19421.679484
5679879.811282,85,19423.233223
5424476.940219,33,19423.827891
5507167.792671,54,19424.820339
5483071.791542,29,19425.336853
5512528.691853,39,19426.016632
5431165.269636,82,19427.452733
5474911.744427,84,19429.001554
5880016.060055,84,19430.472443
5434568.53516,81,19431.93407
5496763.190383,42,19432.682858
5485791.886634,86,19434.194348
5448924.833159,33,19434.762711
5438180.599369,81,19436.193603
5710033.647077,53,19437.184336
5413949.530313,84,19438.735468
5425978.889723,85,19440.251255
5810940.21441,195,19443.815158
5373039.157102,81,19445.240265
5496081.375791,68,19446.476012
5457837.650689,88,19448.059166
5462594.246606,64,19449.209366
5418171.654323,84,19450.704833
5480450.299912,38,19451.382945
5455024.248214,84,19452.922874
5486983.057171,46,19453.793374
5666284.716778,78,19455.231539
5983910.849324,92,19456.932423
5495884.116997,74,19458.29863
5472453.807129,65,19459.472005
5846573.09131,76,19460.846915
5457043.914391,35,19461.454118
5465642.074957,83,19462.927891
5462555.548679,31,19463.470216
5453716.934184,66,19464.664646
5487055.91283,50,19465.590044
5469716.688796,64,19466.785501
5444638.904957,83,19468.330947
5442973.339126,34,19468.961316
5470586.877565,66,19470.178152
5384785.790613,85,19471.680017
5587589.978189,36,19472.328434
5477140.401253,53,19473.272132
5422641.001105,86,19474.791837
5459237.684237,76,19476.152143
5423849.106077,82,19477.631797
5464637.185849,77,19479.051445
5490204.858044,68,19480.298026
5408662.073882,83,19481.82516
5548101.507024,85,19483.4889
5489352.54968,57,19484.621886
5486184.011346,84,19486.272379
5473768.015261,45,19487.124762
5519860.382123,88,19488.8396
5470329.167894,78,19490.353104
5515754.094182,74,19491.757849
5471111.822611,75,19493.214861
5563737.297174,101,19495.127985
5517707.627819,70,19496.460477
5467585.972106,89,19498.211232
5504102.296566,77,19499.737005
5479413.245803,30,19500.315414
5796186.338145,133,19502.876967
5598621.348377,96,19504.679382
5466103.430617,36,19505.361014
5492379.754629,80,19506.874747
5528593.823748,73,19508.286392
5466478.843813,75,19509.730415
5976813.324978,103,19511.756738
5636069.828121,42,19512.893979
5446001.926293,38,19513.880341
5383110.489686,82,19515.479664
5470812.99244,80,19516.962515
5467807.506041,36,19517.62104
5522670.272267,74,19519.021235
5474512.092246,76,19520.402595
5481065.202938,71,19521.777236
5464307.306721,93,19523.502804
5478347.364844,71,19524.872108
5522608.715459,85,19526.555531
5489140.923124,64,19527.815076
5841012.682571,62,19528.987611
5468225.221266,63,19530.16862
5462898.240251,79,19531.716254
5423691.846944,79,19533.222314
5540584.836644,78,19534.724419
5501902.819782,63,19535.940018
5463106.315824,41,19536.705425
5482269.673241,71,19538.071697
5720606.305556,134,19540.69414
5467304.94807,37,19541.423476
5520037.447507,34,19542.05347
5471246.8033,55,19543.09373
5463779.99579,87,19544.781983
5483055.194634,50,19545.770725
5450772.866841,43,19546.586099
5401534.160108,76,19548.058577
5501813.292304,54,19549.09543
5416042.856015,79,19550.638847
5490974.177065,53,19551.674331
5406866.07927,77,19553.172929
5485333.2116,35,19553.848251
5408308.756216,86,19555.559644
5466584.577018,61,19556.746985
5449929.539149,38,19557.507226
5480992.450581,37,19558.269382
5462463.443813,90,19560.067112
5973000.260156,103,19562.106899
5494520.720079,47,19563.025801
5442337.207867,28,19563.567227
5469418.62467,79,19565.100656
5460802.006591,79,19566.606902
6232579.21375,104,19568.612255
5451616.059675,34,19569.276559
5481477.121495,41,19570.061574
5454750.185531,37,19570.802253
5462099.880883,40,19571.612374
5446590.655957,71,19573.081455
5637585.099703,51,19574.019459
5495725.609151,73,19575.337729
5407687.540617,87,19577.017543
5504699.373173,79,19578.495727
5461308.332276,38,19579.174254
5505746.015071,76,19580.598619
5694442.244625,51,19581.54522
5671526.199634,103,19583.471558
5595285.784653,95,19585.297112
5463147.645879,54,19586.350452
5440536.843768,32,19586.952862
5464613.156833,84,19588.499848
5394073.076582,81,19589.986198
5481452.323583,59,19591.113589
5460392.990804,82,19592.656282
87426.819549,250,19597.35916
5500150.957324,75,19598.799205
5868809.599728,154,19601.677299
5399860.182659,83,19603.206274
5471032.851923,74,19604.602236
5490989.155657,59,19605.694188
5485076.323521,85,19607.215398
5390696.745516,93,19608.897635
5498722.577654,46,19609.761153
5443070.786281,37,19610.513742
5436725.82585,30,19611.016943
5510676.531142,67,19612.195417
5455715.568216,69,19613.43656
5514028.2778,56,19614.470844
5485398.041665,72,19615.714012
5443679.227992,36,19616.373279
5483049.536494,56,19617.306032
5483321.900931,68,19618.539008
5421399.908994,86,19620.084064
6256837.711203,125,19622.318209
5492512.073885,53,19623.203703
5503191.661745,78,19624.574758
5528373.538024,56,19625.604519
5455411.325888,36,19626.258716
5492547.809951,63,19627.408868
6042403.306208,73,19628.743025
5482653.186315,39,19629.442832
5943070.036019,60,19630.551471
5422138.884897,79,19632.031156
5490907.030472,85,19633.593314
5427832.621528,41,19634.323023
5525516.819297,36,19635.001159
5483244.340266,50,19635.949906
5828549.003329,52,19636.930449
5460484.873316,60,19638.016531
5582991.038412,46,19638.841233
5471146.974544,81,19640.334701
5405593.133577,82,19641.853569
5998982.829728,122,19644.094546
5474882.351303,86,19645.771117
5477278.999483,58,19646.900406
5457038.670661,46,19647.780683
5430328.267593,83,19649.303129
5481460.281399,64,19650.496789
5449764.0385,52,19651.478716
5633039.562462,69,19652.744365
5482236.822304,77,19654.18731
5471238.885492,39,19654.919729
5463923.176652,35,19655.568115
5494044.158131,64,19656.74418
5434241.395079,93,19658.497925
5690586.480386,53,19659.50245
5491926.192337,84,19661.116406
5482792.431966,43,19661.919197
5611345.689173,89,19663.574778
5415063.055232,78,19665.016403
5433330.712804,33,19665.639263
5475809.879016,71,19667.02284
5504859.223335,34,19667.647644
5638163.179582,44,19668.469601
5443755.899556,35,19669.11553
5523817.876905,85,19670.669581
5500935.567871,66,19671.89277
5498847.500486,46,19672.798385
5470915.526952,58,19673.791191
5457951.242382,32,19674.375625
5454569.158995,77,19675.75576
5485626.559668,35,19676.381076
5481853.140053,58,19677.424581
5482971.858949,84,19678.98017
5905586.816585,85,19680.558515
5492940.130057,57,19681.526842
5494990.066079,37,19682.239525
5446026.95015,50,19683.183954
5443256.019463,39,19683.846553
5417647.854097,27,19684.287036
5492848.221883,44,19685.021145
5484282.756094,79,19686.377298
5495203.600024,81,19687.83972
5426301.691233,33,19688.4337
5460378.402944,33,19689.053484
6073449.103882,110,19691.316871
5831915.783621,99,19693.070752
5435123.969666,81,19694.498047
-6905.25346,250,19699.018773
5602058.806646,78,19700.455815
5470715.30687,62,19701.615791
5471847.165573,48,19702.488397
5486491.132679,78,19703.961361
5466204.729653,30,19704.513688
5484775.007642,84,19706.127609
5429114.89935,81,19707.671634
5463530.538675,82,19709.220113
6170868.346752,121,19711.633268
5467848.547296,41,19712.358393
5782054.399682,91,19714.049457
5436765.497733,29,19714.638005
5838546.239716,54,19715.618675
5400447.953266,83,19717.02953
5475003.412494,64,19718.180337
5554021.709494,40,19718.963503
5765424.736477,88,19720.612741
5478601.290306,76,19722.098391
5460442.269055,79,19723.58824
5446434.456032,78,19725.100288
5521544.087372,63,19726.261241
5488257.648955,52,19727.253909
5413729.142381,83,19728.862214
5450215.399521,77,19730.430038
5477878.270403,60,19731.560769
5484841.474709,84,19733.108913
5400389.534017,89,19734.906608
5530945.672995,85,19736.67595
5451328.951826,32,19737.269292
5549610.513896,91,19739.024869
5429980.451665,30,19739.587624
5444142.888618,33,19740.216117
5654879.880684,69,19741.617998
5493714.046679,62,19742.811466
6095309.410684,69,19744.176363
5910276.694389,107,19746.305597
5524427.099049,78,19747.825428
5467360.662434,64,19749.092401
5455750.357099,37,19749.896527
5493325.81952,53,19750.892313
5386178.038646,83,19752.521384
5416664.977056,72,19753.945697
5416606.675382,89,19755.718945
5502647.486589,41,19756.527566
5439952.633411,33,19757.186718
5440791.950277,82,19759.078695
5475559.818458,50,19760.05873
5437547.289185,83,19761.714825
5435420.301043,84,19763.394557
5474427.751405,76,19765.12752
5478717.473803,81,19766.693369
5520602.286525,99,19768.580168
5454548.490789,40,19769.338591
5440194.027711,33,19769.989409
5487198.940445,32,19770.657029
5497864.789623,60,19771.844789
5511955.447568,35,19772.47403
5465453.396964,69,19773.757917
5441646.044104,30,19774.325678
5466526.931683,61,19775.52932
5448306.440088,35,19776.243003
5559717.88589,97,19778.24649
85674.513415,250,19783.331947
5494558.345604,81,19784.929838
5503491.768932,80,19786.541972
5506559.585261,77,19788.004975
5440527.915966,35,19788.650038
5820835.42906,102,19790.764406
115772.325216,250,19795.510983
5447088.962415,36,19796.21897
5454864.320295,28,19796.778474
5440511.584138,32,19797.433237
5442820.802124,87,19799.183222
5834074.651652,80,19800.787251
5466182.356699,45,19801.702796
5460437.376015,34,19802.369349
5402074.718621,86,19804.091207
5454538.274372,34,19804.762815
5494233.650006,76,19806.239104
5469112.767244,75,19807.727939
5953712.840121,90,19809.50115
5479822.680365,80,19811.075422
5482879.399433,82,19812.703914
5454908.649221,85,19814.39424
5469108.030805,40,19815.209234
5471108.421233,60,19816.407869
5938078.706107,119,19818.819427
6019761.757114,74,19820.257813
98208.167083,250,19825.289966
5430081.606921,39,19826.07948
5433174.65775,81,19827.699574
5459069.379216,78,19829.243368
5485914.573816,32,19829.87617
5436769.271363,89,19831.645224
5724127.915012,105,19833.715269
5501615.232983,75,19835.128819
5442719.663462,76,19836.59828
5450216.312057,38,19837.358054
5498429.696465,71,19838.768441
5467344.916912,38,19839.51447
5432390.984143,84,19841.166978
5435139.458683,81,19842.727084
5447053.145286,84,19844.341725
5465547.206026,49,19845.304738
17282.683162,250,19850.026007
5454195.253951,32,19850.641211
5430176.92875,77,19852.066999
5486172.808523,40,19852.806221
5487000.462257,60,19853.900582
5474531.744359,87,19855.57294
5536971.337175,76,19857.05572
5462979.471589,71,19858.383372
5555662.150843,81,19859.923496
5504997.584895,38,19860.653115
5443051.468503,32,19861.2481
5454559.199023,34,19861.891205
5546306.885317,58,19862.977539
5456112.01982,36,19863.643904
5476729.662786,44,19864.472299
5439835.833812,34,19865.10757
5437856.031272,93,19866.915567
5432605.709919,81,19868.38198
5521235.024066,50,19869.296244
5500766.775526,98,19871.195818
5516610.789852,42,19871.92232
5429933.484887,32,19872.461584
5477793.80361,61,19873.583097
5472217.840627,81,19875.165774
5455352.486521,29,19875.716487
5501051.436579,78,19877.226659
5480701.863887,34,19877.920792
5442546.572575,44,19878.787642
5477266.470871,45,19879.68404
5732065.607833,49,19880.682926
5437707.613909,34,19881.353875
5401357.381257,83,19883.15658
5439536.121252,29,19883.726682
5461626.106751,37,19884.663844
5454004.72719,33,19885.580694
5452630.923122,50,19886.784873
5435879.487349,27,19887.416039
5450935.038365,53,19888.614421
5484228.095013,66,19890.052874
5450816.333153,89,19891.936031
5453619.000478,70,19893.383672
5573960.747668,58,19894.650584
6093998.274906,207,19899.149867
5472877.675286,82,19900.957409
5433637.087058,35,19901.710656
5522865.225983,78,19903.364169
5509870.066719,58,19904.626541
5486660.081331,36,19905.519396
143227.298886,250,19911.071293
5704618.430612,51,19912.210241
5494743.074007,73,19913.78931
5522189.67223,79,19915.492397
5504111.993517,84,19917.42485
5578964.252391,39,19918.269423
5432188.455134,31,19918.918383
5472941.608807,53,19920.095511
5500925.401634,51,19921.189044
5477233.942121,33,19921.887598
5394848.92398,89,19923.754704
5438226.19599,86,19925.650649
5460892.795471,40,19926.524416
5482253.198696,67,19927.978693
5500979.235398,56,19929.215885
5488774.960553,47,19930.280775
5400050.161379,77,19932.04008
5445567.883329,93,19934.366885
5481707.853009,78,19935.945139
5460825.907639,28,19936.424284
5451676.532084,31,19937.028664
5426897.210703,82,19938.628698
5479248.548639,83,19940.061577
5469600.449568,89,19941.765147
5437706.76663,84,19943.321611
5504322.858285,79,19945.882066
5458574.904456,39,19947.000966
5447240.984838,29,19947.743195
5476395.232999,52,19948.995832
5466895.321314,30,19949.744033
5528822.954872,52,19951.140556
5510581.87337,91,19952.951664
5508310.917024,68,19954.308884
5454602.027599,73,19955.785475
5470727.257211,73,19957.254163
5537090.949811,47,19958.221743
5435280.13161,37,19958.977136
5431991.286177,40,19959.801566
5526742.400567,67,19961.26275
5441477.244842,86,19963.10522
5513570.970523,74,19964.801892
5442301.489944,77,19966.556812
5500192.338095,62,19967.919148
5541791.640843,50,19969.019216
5484786.072677,36,19969.834644
5467632.619819,84,19971.679525
5474304.23228,36,19972.567802
5451853.360822,37,19973.400703
5504862.792859,58,19974.69106
5473700.970129,46,19975.729132
5464166.704301,37,19976.596693
5455570.111173,88,19978.658751
5514183.393279,69,19980.260076
6237404.555972,77,19982.008753
5426161.209159,77,19983.665839
5421517.171855,85,19985.482131
5438674.787257,86,19987.35116
5469955.788928,39,19988.178039
5442320.578225,78,19989.877198
5497384.832259,58,19991.17408
5453067.247976,72,19992.799279
5581475.183824,87,19994.717586
5451671.685836,31,19995.420253
5422444.015164,79,19997.162982
5375580.416677,87,19999.08858
5439843.376655,33,19999.771034
93810.252044,250,20005.286283
5504785.794717,69,20006.960183
5445151.766863,72,20008.535376
5478391.401554,78,20010.230603
5498236.325228,82,20012.011102
5479958.662936,92,20014.003027
5464761.588927,44,20014.984108
5471290.080321,48,20016.041038
5448036.363861,67,20017.485616
5462396.443201,76,20019.150282
5481854.479456,78,20020.798927
5476282.57252,69,20022.321335
5468325.570003,38,20023.14065
5461291.67685,48,20024.194479
5427126.05805,26,20024.755366
5442349.459347,37,20025.533381
5467222.525778,59,20026.808394
5460952.844002,37,20027.583463
5453053.938686,36,20028.365961
5458631.14772,76,20029.960599
5518751.599663,56,20031.142147
5737183.186006,51,20032.240972
5468768.149165,80,20033.953962
5806870.960596,86,20035.733988
5449496.591629,78,20037.441008
5503322.107856,80,20039.335603
5467319.496293,56,20040.557645
5505777.189608,68,20042.018187
5852111.759902,52,20043.125274
5455035.088795,83,20045.075516
5427707.351351,35,20045.898347
5476758.535299,70,20047.36885
5463403.467313,38,20048.215205
5450413.834476,78,20049.873237
5451146.43123,28,20050.503234
5472829.877917,35,20051.268553
5465148.687895,85,20053.101282
5460772.801898,33,20053.823509
5466019.044956,69,20055.351835
5432292.468605,81,20057.12903
5474628.344775,89,20059.027106
5473953.13034,81,20060.800629
5477064.73017,66,20062.21364
5484721.245495,62,20063.507409
5476166.823115,39,20064.356162
5365475.118851,85,20066.252524
5488690.817292,61,20067.694562
5428493.212545,36,20068.460825
5404031.081293,75,20070.125699
5485406.849135,31,20070.789483
5465851.101187,49,20071.87057
5449544.145908,33,20072.647029
5419792.213232,84,20074.448043
-88027.043876,221,20079.238419
5440850.38296,94,20081.306619
5482659.55384,38,20082.118992
5462439.142317,65,20083.538403
5481547.130482,34,20084.262367
5481554.095896,76,20085.916311
5465589.799546,34,20086.643184
5432740.945467,90,20088.565139
5795144.927774,54,20089.729297
5487506.470114,37,20090.52541
5512393.174827,70,20092.056169
5490969.832226,47,20093.045082
5437380.793517,39,20093.903016
5453303.708821,38,20094.739557
5510025.769233,69,20096.202487
5474345.14384,57,20097.561962
5451102.693462,68,20099.050443
5462519.443796,32,20099.8652
5385959.66388,76,20101.543409
5413503.084737,81,20103.356463
5446043.523246,86,20105.400189
5650371.827509,92,20107.488295
5397207.004665,82,20109.278594
5493181.398423,77,20111.153882
5467904.804941,37,20111.978255
5516886.557668,86,20113.859624
5459229.848408,80,20115.637573
5478302.586864,48,20116.672314
5490900.759313,82,20118.545739
5434655.800888,27,20119.144728
5463446.530567,33,20119.84054
5481637.210137,79,20121.61408
5522877.547619,89,20123.549346
5465602.091664,34,20124.278903
5342943.512653,81,20126.194026
5668800.221686,47,20127.275236
5453090.702766,33,20128.01067
5492694.988877,63,20129.410468
5890272.407069,102,20131.682526
5475927.104081,32,20132.397138
5483890.935457,90,20134.39294
5426930.091054,99,20136.651941
5462546.591365,31,20137.285106
5390370.1166,85,20139.140625
5517004.933845,77,20140.835897
5432422.564014,30,20141.617666
5491595.796863,66,20143.028505
5743523.700563,103,20145.276741
5467754.480767,33,20146.009212
5471924.825556,32,20179.186084
5471460.778173,67,20180.483342
5451828.820047,80,20181.978844
5517879.963423,60,20183.105851
5495718.53517,46,20183.968529
5732336.497281,103,20185.959066
5478501.394504,63,20187.169858
5492832.909641,51,20188.115061
5377116.448548,80,20189.611348
5466849.567564,35,20190.291382
5479350.098757,72,20191.630133
5504085.041505,60,20192.757714
5458800.851893,83,20194.332832
5462654.826341,32,20194.941756
5453033.797825,37,20195.644677
5401585.605116,82,20197.253665
5474811.120892,76,20198.720384
5435156.962975,76,20200.161196
5764537.746518,62,20201.333665
5475597.813915,54,20202.433642
5547055.939157,34,20203.12826
5487297.475523,82,20204.786307
5408878.517336,85,20206.519313
5476496.429521,80,20208.14019
5505991.21516,53,20209.191431
5491392.324409,69,20210.597009
5514618.232834,74,20212.084993
5489291.564084,34,20212.768878
-87850.729737,37,20213.532059
5469960.009355,91,20215.393518
5721931.361392,87,20217.147936
145749.445687,250,20222.18125
5455145.022707,37,20222.936508
5457532.763905,55,20224.045619
5500414.404043,70,20225.432353
5456344.61495,77,20226.950749
5380164.365668,82,20228.615167
5471382.310748,58,20229.789201
5437849.959703,26,20230.317445
5465765.612282,34,20230.998297
5502999.411422,76,20232.535872
5453477.793728,42,20233.367461
5447961.782721,83,20235.02738
5431818.852901,24,20235.504109
5507422.622272,81,20237.137441
5451465.919205,76,20238.661397
5747074.095208,54,20239.726588
5645503.619708,56,20240.848423
5556763.48021,81,20242.515284
5432960.400452,77,20244.068601
5769801.066313,54,20245.175149
5436970.473267,78,20246.743786
5498447.111844,83,20248.403145
5594918.797092,90,20250.180093
5468083.378101,79,20251.748722
5479801.802694,56,20252.880583
5503851.552637,69,20254.250091
5815273.940372,88,20256.001893
5465027.0623,36,20256.72675
5479326.146932,78,20258.294437
5456016.798798,80,20259.936693
5790656.468269,104,20262.037688
5496265.69131,40,20262.848189
5428951.990124,38,20263.608381
5776416.234318,99,20265.574252
5470771.829941,68,20266.954495
5475152.332958,64,20268.229388
5507406.96261,71,20269.619222
5529189.12675,30,20270.206891
5536415.206962,46,20271.142481
5429013.585041,33,20271.810705
5449697.011791,52,20272.87818
5464030.632324,30,20273.48152
5446528.694838,35,20274.211739
5476709.218303,81,20275.859559
5485626.792761,43,20276.743641
5462130.198206,34,20277.405746
5475577.992059,34,20278.102991
5454459.138095,80,20279.700235
5500655.487383,63,20280.940139
5472598.803466,73,20282.37338
5444937.892892,33,20283.013626
5411774.12736,78,20284.568596
5499554.747493,71,20285.946738
5515817.903724,68,20287.314993
5491609.532016,80,20288.944567
5504534.908639,68,20290.321729
114146.322576,250,20295.364737
5471092.893118,75,20296.854424
5455691.818277,32,20297.501431
5492356.080696,86,20299.203546
5859411.816676,101,20301.227803
5420534.020996,86,20302.988676
5483258.591138,51,20304.013184
5450205.88372,60,20305.216462
5488218.776899,66,20306.496451
5453051.698987,87,20308.225705
5821175.083404,86,20309.898042
5487421.853436,52,20310.937963
5445959.899386,79,20312.469361
5485850.314065,31,20313.110031
5460982.589934,82,20314.740543
5506303.73165,50,20315.69224
5513229.009769,83,20317.31573
5478790.304235,39,20318.108855
5469280.258542,73,20319.5788
5445796.064404,59,20320.766526
5491961.320656,78,20322.295519
5455023.956973,37,20323.010465
5470565.616666,53,20324.007478
5440171.396775,74,20325.419004
5504603.523296,81,20326.935691
94899.916855,250,20331.584006
5461636.423607,39,20332.360293
5640784.476355,97,20334.209681
5445123.911054,28,20334.730883
5465568.061908,43,20335.556424
5490942.780577,70,20336.883829
5475961.335642,81,20338.403876
5379301.580584,87,20340.066718
5429253.529759,81,20341.556406
5463390.892433,34,20342.200958
5492661.705337,74,20343.602399
5524802.813375,51,20344.5561
5492522.744722,82,20346.095136
5416928.544153,83,20347.689206
5464696.178077,45,20348.540497
5491414.165402,74,20349.947779
5494500.656579,41,20350.74141
5680994.308084,72,20352.125267
5480714.571971,70,20353.530624
5536878.039482,83,20355.171815
5474829.563539,74,20356.626192
5478944.298747,74,20358.064048
5497170.153475,70,20359.38483
5473525.070051,54,20360.387176
5457918.424244,81,20361.938309
5453344.270857,70,20363.232441
5420935.603189,31,20363.831651
5399434.72344,82,20365.396292
5529229.762314,66,20366.669127
5458461.693772,37,20367.394646
5455139.263345,35,20368.079677
5390585.021851,85,20369.697112
5471832.468455,37,20370.38971
5470241.233578,48,20371.333424
5434013.534656,28,20371.851506
5439332.07306,30,20372.400046
5487887.299821,47,20373.277362
5444180.069035,31,20373.843867
5468709.757559,42,20374.61946
5468619.212744,71,20375.966376
5503742.314319,83,20377.557389
5456542.211875,33,20378.20768
6029497.483936,92,20379.958191
5384999.14699,84,20381.595819
5477455.887777,84,20383.261205
5521486.011355,53,20384.285753
5436031.909998,25,20384.727652
5487824.352891,87,20386.301681
5454985.184119,32,20386.988251
5468036.970992,80,20388.391911
5811227.82732,104,20390.381609
5446330.356866,47,20391.213572
5410884.893922,81,20392.615959
5459265.843507,80,20394.171664
5415819.152161,82,20395.674037
5428784.121129,32,20396.402129
5443636.272961,85,20397.853214
5472264.484017,64,20398.999645
5530561.683282,73,20400.286224
-125298.812687,79,20401.727525
5481156.691312,42,20402.478331
5422734.972989,33,20403.076643
5483560.478435,68,20404.331149
5421146.369241,34,20404.965825
5437361.005447,82,20406.480794
6068496.800938,117,20408.641931
5468514.178113,74,20410.013184
5447979.823696,59,20411.078061
5555489.672237,88,20412.714532
5440189.177188,32,20413.281848
5632546.7205,60,20414.359992
5477738.989075,70,20415.668239
5996190.482322,60,20416.78149
5457025.468298,35,20417.420313
6191048.478578,143,20420.065085
95029.708138,250,20424.735415
5448379.669103,81,20426.302897
5420767.629578,72,20427.661951
5461842.664939,38,20428.335879
5598094.515234,74,20429.660385
5466759.881169,34,20430.283009
5478592.379824,49,20431.154783
5489746.070305,50,20432.062167
5467316.305906,44,20432.895674
5538983.242727,40,20433.624159
5429147.894896,86,20435.204658
5795347.445385,85,20436.869468
5475021.439954,82,20438.407029
5407550.050476,74,20439.777004
5972440.396492,120,20442.062343
5559079.82486,52,20443.104839
5423512.15652,84,20444.761176
5397926.355295,78,20446.301402
5441682.268286,34,20446.982867
5503457.625968,106,20449.100009
5462575.458274,85,20450.812599
5666269.270033,87,20452.568111
5454450.612286,31,20453.188349
6076321.151966,135,20455.931903
5635435.123374,41,20456.744762
5859134.251128,102,20458.768162
5485401.993249,72,20460.193743
5512301.018796,38,20460.941863
5657924.855732,81,20462.568595
5486889.733272,72,20464.00025
5508459.253599,58,20465.150008
5405460.928644,82,20466.774769
5425659.707649,32,20467.412783
5469317.670057,57,20468.542452
5368908.220738,84,20470.222636
5680360.700879,87,20471.969743
5447859.906185,85,20473.645897
5571015.908221,82,20475.251886
5422420.429545,79,20476.828135
5483757.847677,73,20478.302443
5436775.913903,33,20478.951865
5439358.799012,35,20479.639795
5459342.502608,74,20481.117665
5448710.531341,88,20482.861576
5449822.345202,35,20483.550782
5543805.418362,51,20484.560684
5440015.334702,29,20485.145102
5403688.227325,79,20486.737151
5475818.249162,39,20487.547518
5703626.473212,53,20488.581327
5773720.922688,95,20490.466787
5566310.482061,80,20492.064158
5499243.288147,66,20493.373692
5439288.179256,84,20495.054559
6091555.167665,94,20496.944157
5491553.873691,63,20498.190722
5468918.738681,36,20498.920837
5478695.774205,36,20499.642004
6195690.134353,73,20501.118902
5436372.394994,33,20501.791242
375656.430784,250,20506.650279
5437079.434908,87,20508.38455
5497465.567795,51,20509.3759
5456252.85226,34,20510.039264
5467512.418717,28,20510.567872
5453922.226133,74,20512.064719
5477392.594188,58,20513.174296
5476214.68573,54,20514.266339
5483408.47559,64,20515.527979
5570006.892924,42,20516.356984
5710628.087969,86,20518.065325
5474190.096209,79,20519.623385
5401456.203342,88,20521.33164
5623118.502673,69,20522.718776
5498050.842425,74,20524.161906
5437332.78914,94,20525.952931
5452481.953169,35,20526.64021
5504912.023128,65,20527.913723
5480789.884891,86,20529.607708
5450714.943577,77,20531.099761
5495720.943221,40,20531.889777
5465689.37309,82,20533.514748
5441972.297494,33,20534.176637
5454755.187367,33,20534.77783
5402284.392343,91,20536.431099
5453683.570876,32,20537.042055
5502153.898279,76,20538.589741
5440974.260276,35,20539.274865
5497156.458609,83,20540.860798
5526398.783674,76,20542.318859
5515723.601228,63,20543.668867
5516689.692974,60,20544.788604
5497835.592292,89,20546.676296
5430300.287736,31,20547.23329
5518914.756499,82,20548.874192
5462726.231664,49,20549.816818
5391408.50172,81,20551.358032
5441727.72142,81,20552.874683
6290729.543226,116,20555.00911
5403101.804526,83,20556.644545
5460454.538067,38,20557.330193
5475202.049337,84,20558.943484
5449035.047358,33,20559.567626
5552890.44718,78,20560.97086
5598273.917697,84,20562.496917
5493654.253089,64,20563.614858
5445363.855402,77,20564.992212
44440.042599,250,20569.430797
5461102.759599,29,20569.959005
5454332.461655,37,20570.611944
5698452.779565,85,20572.17529
5451587.560612,87,20573.870631
5950094.613103,98,20575.569736
5472900.014468,86,20577.072399
5456131.287604,80,20578.563831
5506324.17699,73,20579.908188
5464260.713975,82,20581.279165
5402969.039175,82,20582.710554
5468622.671431,32,20583.307741
5464022.815755,73,20584.638469
5494013.026722,56,20585.693971
5394720.314708,84,20587.2264
133942.39109,250,20591.882149
5421578.195685,85,20593.453862
5477823.847433,58,20594.563265
5455109.795902,81,20596.072023
5352692.758135,83,20597.563725
5449478.530939,32,20598.162012
5455277.00876,94,20599.95273
5425719.763825,32,20600.550011
5393606.058607,89,20602.184505
5459687.221199,35,20602.843922
5492606.778293,35,20603.482256
5394712.358374,79,20604.965871
5464239.805765,32,20605.563416
5494760.120798,78,20607.077642
5489005.546076,34,20607.71404
5696689.885838,50,20608.651135
5482377.201162,91,20610.323508
5422915.687104,79,20611.783143
5445851.678481,38,20612.483136
5511519.599728,69,20613.767427
5442954.10957,29,20614.285652
5522874.851013,62,20615.497794
5466482.73583,64,20616.724481
5498496.559075,75,20618.13845
5429279.845978,37,20618.845415
5442961.851899,31,20619.424804
5409926.616741,86,20621.020757
5506636.372177,40,20621.754871
5497535.098154,75,20623.10742
5509600.441599,52,20624.055323
5548436.390356,53,20625.070204
5379469.44158,80,20626.542855
5498699.082595,36,20627.203163
5426307.208901,33,20627.809795
5378217.222281,80,20629.295841
5856328.503659,100,20631.123349
5443561.726328,36,20631.793087
5433203.678175,39,20632.51152
5446689.567792,36,20633.176493
5503516.891144,36,20633.844353
5424081.87444,94,20635.599236
5445834.605448,29,20636.13143
5419073.696182,87,20637.752039
5921791.931293,57,20638.823242
5729501.516012,70,20640.115137
5468208.140845,70,20641.414161
5672802.350808,71,20642.884289
5441546.365331,76,20644.217848
5500498.517309,69,20645.472674
232532.590158,250,20649.97522
5467830.178182,66,20651.346232
5432713.789425,76,20652.653726
5452808.782905,40,20653.348819
5477869.917207,39,20654.199188
5430280.577646,78,20655.611812
5514959.852553,60,20656.685926
5490589.539097,77,20658.063482
5465223.198983,46,20658.915503
5399037.194233,92,20660.527788
5458203.510573,33,20661.13127
5416595.254761,78,20662.505237
5579667.941308,38,20663.195307
5439009.730695,40,20663.952009
5510009.451581,53,20664.946497
5441527.523929,83,20666.482412
5696776.138596,97,20668.284286
5447830.101584,32,20668.882235
5486207.82528,86,20670.463667
5508460.126246,61,20671.587922
5528402.249773,81,20673.097817
5445696.631628,29,20673.613972
5457584.140546,38,20674.314794
5420185.762079,85,20675.915564
5435829.346829,37,20676.542166
5545978.130382,59,20677.576843
5457130.506564,67,20678.805696
5454283.318183,35,20679.450418
5444277.052842,52,20680.43799
5537767.517322,41,20681.201112
5486176.47399,77,20682.72229
5372842.597746,86,20684.46068
5447736.583452,39,20685.23431
5497571.874664,65,20686.586424
5558132.937907,83,20688.286143
5450087.441236,91,20690.150723
5525656.956694,45,20691.076213
5476825.65048,74,20692.617745
5555635.424109,65,20693.955265
5427086.598583,73,20695.505093
5482972.210959,84,20697.042776
5495919.854889,39,20697.751313
5405414.117446,87,20699.517371
5397667.84729,83,20701.051163
41838.516045,250,20707.230309
5462631.548374,44,20708.584916
5534299.298438,49,20709.755277
5443440.532824,33,20710.639343
5687489.829128,70,20712.281189
5445787.979107,37,20713.143487
5457992.854027,81,20715.134637
94110.442979,250,20721.625619
5511360.120765,90,20723.995619
5519165.09768,80,20725.893918
5494034.410691,65,20727.777406
5444889.792218,43,20728.700054
5660403.500213,45,20729.829962
5468701.046215,61,20731.348752
5458231.530371,77,20733.199326
5438146.630676,74,20735.039957
5462543.450926,35,20736.01701
5468580.624023,42,20737.109265
5497437.329814,78,20738.984294
5479652.296706,69,20740.75653
5467264.785386,78,20742.74879
5487168.129396,49,20743.891814
152364.258694,250,20750.36507
5476808.250444,87,20752.546371
5500766.721212,50,20753.837356
5476888.467143,76,20755.796305
74458.032451,250,20762.111382
5554638.998954,44,20763.229809
5454944.53277,51,20764.542523
5414189.628756,85,20766.751464
5472504.0074,84,20768.853827
5472415.825743,58,20770.354935
5484164.621171,68,20772.094771
5581127.01102,61,20773.62101
5412365.727153,83,20775.875563
5378194.528145,75,20777.736577
5501897.233729,69,20779.489471
5423230.616816,89,20781.788787
5519157.288482,62,20783.38989
5491938.046204,61,20785.052541
5558730.286803,68,20786.703117
5484640.877997,86,20788.830193
5549898.844049,54,20790.190736
5444660.158366,32,20790.951699
5800568.779409,49,20792.121253
5427440.825834,34,20793.012881
88841.725563,250,20799.322041
5536976.469225,61,20800.878747
5480465.720087,80,20802.985154
1580219.898297,250,20809.510532
5435685.06976,30,20810.287157
5477504.885855,88,20812.576931
5393612.069189,92,20815.026094
5501520.36259,71,20816.865502
5471744.536469,32,20817.68784
6609021.779623,136,20821.24512
5437697.243216,77,20823.258618
5404308.916747,86,20825.425612
-41533.864256,145,20829.068828
5475514.279866,63,20830.757753
5429331.033526,36,20831.734185
5441353.65865,38,20832.760488
5428687.193844,25,20833.404711
5552991.509989,89,20835.782396
5548923.456474,93,20838.280977
5469667.232786,82,20840.490531
5424860.493773,80,20842.634884
5485265.77969,70,20844.460293
5486851.819109,88,20846.759589
5498636.412293,71,20848.632351
5448698.456982,32,20849.444723
5456700.060792,85,20851.69809
5474840.789814,69,20853.52844
5495988.236217,82,20855.660906
5456798.77444,39,20856.674843
5458856.996714,78,20858.741258
5445237.065237,32,20859.58106
5991637.841148,108,20862.335059
5454602.453574,42,20863.344996
5595528.60348,73,20865.248041
5451300.074326,43,20866.362125
33158.271977,250,20872.888523
5472990.816377,71,20874.724185
5537266.470274,75,20876.868433
5468772.905335,76,20878.710184
5456644.779829,84,20881.05024
5448483.828858,31,20881.741862
5598021.914107,55,20883.051222
5485669.732859,43,20884.123793
5390795.956562,87,20886.333329
5466093.477656,53,20887.675155
5793684.562453,63,20889.323047
5427849.201756,29,20890.028172
5458268.412648,54,20891.414027
5489363.988892,70,20893.186529
5782894.394792,90,20895.523406
5451271.448953,85,20897.633396
5495141.728389,77,20899.749369
5457569.543326,49,20901.205255
5529777.896431,66,20902.903142
5471173.31119,57,20904.357032
5360794.745756,89,20906.562346
5394944.439998,88,20908.830594
5550390.460914,47,20910.003953
5480166.049573,77,20911.951296
5563834.113285,48,20913.220591
5430109.870808,34,20914.098174
5665380.460183,64,20915.742682
5466807.554533,34,20916.635706
5470774.382668,49,20917.962216
5480389.875761,60,20919.532281
5426362.879736,88,20921.740964
5418225.68402,82,20923.766126
5481177.926873,84,20925.845385
5391797.504458,78,20927.819287
5405884.47408,80,20929.911702
5463464.688847,79,20931.85873
5460323.006658,84,20934.009623
5482642.940764,57,20935.51418
5458795.452778,40,20936.528531
5483527.837853,55,20938.109497
5510617.057286,43,20939.086078
5438874.828731,42,20940.132952
5467360.333315,81,20942.234976
5497281.564098,38,20943.140862
5454753.620948,72,20944.978772
5485396.110084,52,20946.317295
5444435.001974,40,20947.400795
5517429.590977,55,20948.717469
5424485.689201,29,20949.417334
5487643.94839,63,20951.053613
5448425.696317,41,20951.994105
5465535.294347,45,20952.837317
5479342.027472,34,20953.438418
5458822.036224,45,20954.270888
5471431.215868,70,20955.598899
5456171.290342,68,20956.957172
5481061.128297,63,20958.444508
5429961.219372,80,20960.427037
5471067.124352,48,20961.693919
5445080.88024,80,20963.713701
5412624.090908,84,20965.821582
5417529.905869,80,20967.956057
5436404.465016,86,20969.994577
194034.332328,250,20976.39807
5414218.51002,83,20978.512099
5490810.74604,73,20980.327392
5467203.799649,81,20982.413401
5429680.608342,81,20984.48175
6097031.934718,96,20986.993298
5434066.32913,89,20989.207723
5596553.605631,41,20990.229406
5741482.030102,104,20992.881696
5484282.375725,65,20994.611799
5461966.084101,58,20996.105549
5462346.722217,79,20998.103358
312867.595272,250,21004.682296
5525112.004693,77,21006.681116
5416639.08199,83,21008.801541
5504435.661876,40,21009.860087
5448945.383021,36,21010.756791
5458751.242269,78,21012.768989
5516851.412458,62,21014.379791
5422827.848894,83,21016.572417
5639471.52192,94,21018.93451
5501938.915182,69,21020.690405
5501177.756283,45,21021.897064
5514417.187077,77,21023.863432
5458533.584826,32,21024.720383
5465227.680552,38,21025.682713
5471088.161976,70,21027.516423
5445777.149912,74,21029.308167
5445958.074371,42,21030.378747
5879721.889761,98,21033.21479
5476813.746586,78,21035.263554
5407600.129055,81,21037.440927
5467677.707161,46,21038.565178
5426284.568962,35,21039.391256
5464964.262789,85,21041.21524
5486431.732109,77,21042.54173
5465653.916272,53,21043.508357
5499448.743534,64,21044.659571
5465068.947322,85,21046.248407
5397916.654193,79,21047.758819
5484611.963452,50,21048.628691
5456327.366886,37,21049.25834
5455302.922756,33,21049.856306
5390258.649266,92,21051.559931
5540090.526537,81,21053.084047
5995486.937352,65,21054.295086
5419643.977096,96,21056.085636
215782.764172,250,21060.663674
5452973.604181,57,21061.717818
5739719.119553,62,21062.853451
5478362.697984,43,21063.677455
5429936.497117,84,21065.236727
5483451.447776,78,21066.725735
5484193.921709,53,21067.740043
5457126.459602,42,21068.517199
5774840.022067,91,21070.174541
5710863.416557,87,21071.772473
5490732.202801,36,21072.44114
5426146.663319,80,21073.953776
5420519.958029,81,21075.44186
5450667.389873,76,21076.841178
5453976.908935,38,21077.545984
5488852.661707,69,21078.836665
5408019.488542,84,21080.430877
5476976.135888,73,21081.843013
5396268.112528,78,21083.276571
5464986.735837,65,21084.480952
5434162.28268,34,21085.141513
5444567.224285,37,21085.873393
5431893.027939,86,21087.490219
5466664.31289,66,21088.691154
5436455.274778,27,21089.19354
5494356.703047,60,21090.355668
5773265.537095,99,21092.209057
5455294.486579,47,21093.063744
5456144.559745,77,21094.537724
5498192.123285,89,21096.202603
5482711.843419,76,21097.629296
5445350.942363,33,21098.227702
5405391.70861,76,21099.66423
5755203.998217,50,21100.601336
5423484.559793,28,21101.130986
5471007.6479,65,21102.323585
5466719.621454,37,21103.003756
5474891.871856,68,21104.28262
5477766.335739,45,21105.135974
5420852.644305,33,21105.850202
5455966.624611,32,21106.382017
5473796.893634,80,21107.929478
5487816.030724,79,21109.310469
5432837.94659,90,21110.975109
5451423.924548,55,21111.997318
5418666.07109,83,21113.423421
5493566.944703,57,21114.408784
5497322.807874,41,21115.122717
5500083.596327,60,21116.257187
5455685.262762,37,21116.933997
5460985.45481,84,21118.51138
5527559.374008,81,21120.042569
5443852.073346,80,21121.578944
5480729.871827,76,21123.053909
5537451.192087,77,21124.485716
5654502.384896,99,21126.412744
5459818.506521,49,21127.372074
5465744.080922,88,21129.026536
5395383.799296,81,21130.570977
5821495.566487,50,21131.528248
5471465.352273,32,21132.127818
5472044.526913,38,21132.845137
5456989.267939,60,21134.000307
5484800.26244,50,21134.958564
5483155.860615,52,21135.961174
5479179.358473,72,21137.34002
5500910.171572,81,21138.912485
5457227.513617,62,21140.068017
5457767.262965,34,21140.705538
5488699.893028,43,21141.538692
5544688.743767,68,21142.786119
5471302.861322,41,21143.549464
5722326.842858,93,21145.337013
5685832.635801,100,21147.263355
5505176.566047,36,21147.912015
5458196.709955,84,21149.557136
5529111.897721,69,21150.714557
5462329.707892,74,21152.237108
5434796.634253,83,21153.742946
5764217.334101,48,21154.553772
5420499.50422,84,21156.115272
5449122.568035,90,21158.293408
5443768.598353,68,21160.003721
5478780.805288,38,21161.151628
6274637.781022,88,21163.523042
5442847.277423,83,21165.678099
5503408.129548,72,21167.510449
5458169.108769,31,21168.30244
5548236.718815,91,21170.633412
5514377.733776,86,21172.978384
116319.893487,250,21179.313151
5652122.639352,96,21181.692887
5481428.793143,40,21182.829422
5469758.096593,49,21184.113349
5411438.502945,80,21185.799013
5370956.111817,96,21187.667683
5515775.961061,87,21189.223468
5462447.146444,72,21190.655579
5433534.541225,24,21191.093662
5488736.384982,57,21192.193162
5444636.42605,80,21193.644444
5509472.05383,69,21194.912526
111652.634806,250,21199.95889
2566877.042976,250,21204.935559
5424125.798871,81,21206.550402
5536589.255723,63,21207.758915
6543620.97123,156,21210.693733
5408930.505901,85,21212.297169
5431573.301743,31,21212.923121
5456628.475586,85,21214.576292
6175736.544372,76,21215.991372
5506541.329343,53,21217.016403
5487044.464746,42,21217.9159
5428577.159414,86,21219.508841
5427907.802447,34,21220.233302
5438510.947654,33,21220.810894
5513237.660741,80,21222.254716
5430305.735469,29,21222.873309
5457928.211137,32,21223.529969
5600119.325016,58,21224.666409
5438041.21661,44,21225.495568
5460966.202102,37,21226.176375
5443427.522612,36,21226.823717
5683286.89679,102,21261.845225
5490943.070672,62,21263.138833
5490050.616972,73,21264.549135
5455035.496835,32,21265.125249
5418377.352361,81,21266.739563
5442232.147102,79,21268.27017
5461738.239829,57,21269.336604
5453742.784223,33,21269.950812
5423816.56559,30,21270.538406
5652729.374189,81,21271.971931
5472338.94042,83,21273.533096
5524663.295122,53,21274.523448
5473514.766924,88,21276.270191
5457625.714433,89,21277.886829
5395941.779996,84,21279.409628
5430786.435089,32,21280.070458
5461937.422974,88,21281.718579
5458657.424574,64,21282.97019
5477985.65602,62,21284.356658
5438072.41793,30,21284.991885
5842687.285624,95,21286.957287
5706167.218541,89,21288.620235
5423051.728492,32,21289.439808
5959120.159682,91,21291.46445
5461682.389294,78,21293.203118
5566567.163472,40,21293.909673
5435419.874083,83,21295.499602
5512110.972928,39,21296.296343
5372177.058362,81,21297.799496
5379792.48413,89,21299.985225
5445628.345713,33,21300.534442
111379.743838,250,21305.205525
5497602.57271,79,21306.814997
5470977.979325,70,21308.022546
5535282.548607,58,21309.02747
5447770.119595,37,21309.712956
5462633.952075,79,21311.397523
5499076.33671,89,21313.144875
5434559.995704,76,21314.496229
5448795.317508,84,21316.011519
5680847.258056,112,21318.07348
5472869.690819,41,21318.828245
5478837.13893,59,21319.910204
5465505.418051,87,21321.571323
5439508.693485,28,21322.093132
5411629.566011,73,21323.409005
5689578.581532,95,21325.199269
5477932.138375,46,21326.049212
5431454.881982,34,21326.668545
5380160.15722,90,21328.558795
5481617.717442,68,21330.388683
5473092.687092,60,21331.653362
5824376.091724,95,21333.499506
5495099.145323,71,21334.968953
5542861.565927,44,21335.840345
5466683.332812,37,21336.633764
5406754.763333,86,21338.238825
5463008.44942,86,21339.752694
5466577.30145,93,21341.602244
5486822.837847,68,21342.927083
5603844.678482,49,21343.841388
5412158.007928,81,21345.366842
5429778.139364,81,21346.762038
5399508.892941,92,21348.501094
5402368.168337,83,21349.973483
5450871.253867,75,21351.34858
5423848.499082,80,21352.831393
5421890.433891,33,21353.43309
5478328.635319,30,21353.983831
5429086.601195,30,21354.538692
5519712.023565,76,21355.982786
5491303.566952,72,21357.201927
5473378.483645,71,21358.454704
5404975.081641,80,21359.909033
5460105.67311,78,21361.375071
5422198.15306,83,21362.990592
5515734.842725,56,21363.98041
5442412.229864,40,21364.772734
5651790.15249,51,21365.675339
5404131.476285,75,21366.993981
5472576.471664,32,21367.61248
5557565.114925,40,21368.40344
5452151.443663,79,21369.768438
5495900.256747,62,21370.870856
5475947.141958,71,21372.187763
5437768.119127,76,21373.608264
5507101.190607,84,21375.178628
5465587.029494,36,21375.874209
5518414.84148,71,21377.206543
5447210.406602,38,21377.944932
5480819.560076,34,21378.590861
5480294.398929,55,21379.490414
5484048.361139,73,21380.754614
5435005.520427,32,21381.346832
5467973.979028,32,21381.932254
5445408.900941,37,21382.62854
5474088.18725,82,21384.158475
5481281.177453,66,21385.403645
5431051.413169,76,21387.483783
5425796.209587,75,21388.874668
5485331.263647,79,21390.314057
5457620.78504,29,21390.844837
5473193.894448,62,21392.093381
5446409.24747,44,21392.878953
5504538.763072,47,21393.716795
5477072.837932,81,21395.240117
5441980.585268,86,21396.722129
5459489.006392,83,21398.292877
5453038.836492,79,21399.729009
5445725.724982,91,21401.404064
5458911.122906,37,21402.143142
5703232.403184,50,21403.122445
5471862.154878,75,21404.612042
5487608.915715,72,21406.099935
5506295.60326,79,21407.662627
5519693.064756,74,21409.13035
5497175.624033,77,21410.653897
5449698.553895,39,21411.467462
5472213.019342,77,21412.989123
5557828.730881,49,21413.965169
5459353.283059,66,21415.292989
5404733.516285,83,21416.920347
5454335.491846,50,21417.897272
5844254.612373,65,21419.175328
5481978.619092,34,21419.843981
5501078.307418,65,21421.120723
5443160.652475,29,21421.705253
5454837.289669,76,21423.291764
169168.894747,250,21428.215857
5458174.3838,57,21429.327116
5510168.253493,62,21430.603539
5495169.191388,39,21431.368386
5513843.411034,72,21432.70803
5503554.257453,66,21433.910833
5942474.722058,93,21435.759598
5486294.470013,75,21437.269852
5476853.38484,51,21438.248651
-66404.268078,112,21440.332398
5457170.776172,36,21441.054964
5481420.16401,80,21442.675017
5475835.989483,50,21443.620307
5430976.490982,79,21445.208493
5607966.990673,85,21446.890711
5448259.585137,37,21447.633871
5483877.820568,66,21448.945727
5450708.177173,44,21449.831198
19699.461872,250,21454.895186
5498160.174356,69,21456.294144
5483741.867508,43,21457.116352
5641757.399927,48,21457.992741
5474094.808411,82,21459.590858
5549978.566535,78,21461.115859
5520006.477155,81,21462.735972
5480067.084628,39,21463.806685
5469914.739422,62,21465.056596
5466716.120438,68,21466.378897
5411689.812715,86,21468.020569
5457707.269447,41,21468.762805
5466373.943526,83,21470.326151
5420524.703132,83,21471.987344
5495312.754041,57,21473.007365
5484778.804817,63,21474.205626
5432060.706375,79,21475.658586
5468061.590061,80,21477.188464
5476326.795246,35,21477.841978
5492808.010035,54,21478.880041
6715107.95154,158,21482.011157
5583902.765586,91,21483.830708
5465635.408792,41,21484.647223
5457459.863731,34,21485.315397
5465572.46905,30,21485.898997
5462743.391336,35,21486.580635
5453503.176407,33,21487.27133
5431511.334451,24,21487.760421
5473461.631992,73,21489.17325
5425502.693433,40,21489.966558
5485382.72908,85,21491.637008
5473753.064763,62,21492.833665
33068.402293,250,21497.73134
5470054.5151,32,21498.370085
5481212.975051,48,21499.296909
5465769.46594,73,21500.746632
5387372.58592,87,21502.492721
5357332.663908,78,21504.011192
5431597.514376,76,21505.523198
-28064.68387,250,21510.376163
5455990.724787,86,21512.105417
5466657.438999,61,21513.295376
5474301.874293,78,21514.848455
5416761.310203,26,21515.362985
5491345.839602,66,21516.684469
5440913.147619,36,21517.390512
6127937.79365,72,21518.847209
5473851.682323,87,21520.549814
5405724.743716,82,21522.20667
5423198.205476,83,21523.699516
5456474.636994,39,21524.346112
5470560.026821,82,21525.829222
5523556.618942,61,21526.993982
5399195.409227,98,21528.814891
5473950.206367,76,21530.237779
120345.633902,250,21535.001606
5466616.006756,35,21535.675065
5528787.937955,82,21537.195895
5474976.137214,47,21538.047443
5823580.792678,104,21539.980186
5475134.860391,74,21541.339672
5447634.052842,73,21542.803297
5473518.488812,82,21544.313563
5412882.125657,83,21545.820362
5436206.830751,29,21546.368032
5486230.772308,40,21547.112574
5458825.412329,28,21547.644166
5721800.15884,50,21548.666458
80492.047082,250,21553.466187
5424325.988758,82,21555.140566
5391245.544446,79,21556.789075
5461713.414072,81,21558.403378
5439664.079765,52,21559.304409
5832772.242281,78,21560.706015
5457082.40323,34,21561.288302
5622129.987086,45,21562.138463
5528316.581582,90,21563.885945
5398806.750728,86,21565.806356
5435472.137623,80,21567.59476
5655009.351352,63,21568.746053
5465605.096552,61,21569.972824
5587371.900214,66,21571.115025
5400328.82476,77,21572.494878
5497125.264825,54,21573.5447
5437457.161976,35,21574.244488
5628675.874285,60,21575.452635
5441191.132521,40,21576.278049
93473.384823,250,21581.106786
6073748.667342,72,21582.520064
5595428.017601,95,21584.308709
5490663.982995,63,21585.486995
5436151.501734,30,21586.04551
5435838.663037,28,21586.59025
5419000.616508,92,21588.268891
5453856.922234,79,21589.735363
5473491.510418,52,21590.695006
5462622.702101,71,21592.018588
5474880.32262,76,21593.450722
5518294.992099,74,21594.805892
5495982.984175,55,21595.8482
5465642.066884,55,21596.864345
5419555.636786,85,21598.438124
5461086.681889,70,21599.733917
5467036.730448,63,21600.898512
5516828.819425,51,21601.878833
5416366.657947,79,21603.334648
5451864.325689,29,21603.902382
5466906.885955,37,21604.59616
5554384.571141,90,21606.249844
5462081.981834,46,21607.094661
5396753.891992,85,21608.673989
5447156.854109,35,21609.325094
5514482.13092,42,21610.105739
5481933.374052,63,21611.251048
5385403.593581,91,21612.926867
5492608.935513,34,21613.567809
5384472.512041,78,21615.01411
5465255.224223,99,21616.845981
5479175.800523,74,21618.229376
5492485.599602,71,21619.556072
5461061.527788,34,21620.187638
5484986.587446,45,21621.012792
5422443.85109,94,21622.782776
5447016.197287,33,21623.411282
5481457.70656,86,21624.985069
5412037.276051,91,21626.670394
5470851.192129,42,21627.442678
5448337.025421,42,21628.176467
5582032.894777,84,21629.712425
5367545.354984,86,21631.327229
5357841.421107,73,21632.676069
6267.158997,250,21637.335546
5463703.414247,75,21638.727608
5499797.236165,60,21639.864013
5516260.454015,60,21640.96719
5490451.771614,49,21641.913179
5365757.45496,90,21643.736311
5442413.319823,31,21644.363551
-6742.435801,250,21649.314952
5523082.628722,61,21650.563127
5452754.24131,77,21652.138787
5470987.583259,99,21654.080925
5462667.396491,39,21654.825602
5712595.457288,43,21655.664899
5452093.887764,37,21656.399723
5447681.811012,29,21656.93388
5846430.927562,93,21658.758234
5449167.51801,78,21660.329871
5368282.758236,84,21662.026132
5638099.714938,89,21663.810326
5469352.394556,43,21664.659765
5536221.944224,81,21666.268847
5464390.789602,48,21667.203808
39858.331039,250,21672.018331
5453537.001313,33,21672.62918
5418343.11677,81,21674.177615
5490385.998441,49,21675.11206
5458634.762741,33,21675.784051
5473920.558122,60,21676.944902
5430961.034428,31,21677.527035
5502477.257011,62,21678.705327
5478175.908081,75,21680.132916
5483419.072092,67,21681.395837
5432383.580719,33,21681.991181
5490476.033479,63,21683.1633
5436751.024076,31,21683.870875
5431713.373808,30,21684.378174
5484434.41321,44,21685.168334
5405405.522821,72,21686.560057
5477204.741115,107,21688.481329
5419470.119162,72,21689.865244
5465922.939892,84,21691.534618
5390553.263969,68,21692.871711
5475146.230453,44,21693.732832
5643041.055568,39,21694.509335
5464109.252399,40,21695.267783
5452712.426087,33,21695.92422
5479240.581268,42,21696.744929
5729356.583973,101,21698.701087
5441373.368354,34,21699.363705
5461836.593606,37,21700.085849
5489077.498931,34,21700.735414
5443854.310795,33,21701.366117
5575861.996308,83,21702.878565
5462766.699242,65,21704.10148
5481035.610108,31,21704.685696
5485018.54883,55,21705.704277
5457038.333679,49,21706.60472
127425.968313,250,21711.350948
5469869.433794,40,21712.109944
5394836.257122,78,21713.501327
5463782.290801,45,21714.326863
5453086.975741,41,21715.140045
5488717.922931,48,21716.04908
5415027.452869,79,21717.626715
5451103.922143,30,21718.174778
5446520.859242,79,21719.522602
5451604.172477,30,21720.075388
5496643.66389,41,21720.798128
5505440.648739,47,21721.668056
5604058.102229,84,21723.220404
5531389.267935,82,21724.620785
5461695.240497,42,21725.371506
5499754.719247,66,21726.570138
5448054.09311,34,21727.208279
5450341.077433,32,21727.79394
5440065.967957,28,21728.325375
5509862.025293,69,21729.644253
5474194.415298,51,21730.502961
5454895.264994,80,21731.926296
5492220.036925,40,21732.605069
5563518.959395,42,21733.334241
5456324.492434,38,21734.029442
5454026.076196,75,21735.435632
5461620.774481,56,21736.474065
5465158.94657,67,21737.70261
5436786.774567,32,21738.298576
5433757.462275,76,21739.765406
5464415.032009,35,21740.426633
5454865.86253,86,21742.046517
5474336.845881,72,21743.379798
5443550.370501,24,21743.829423
5472983.682352,81,21745.361642
5452560.739858,51,21746.327517
5478337.789193,60,21747.430529
5405878.157244,88,21748.954022
5380037.576998,82,21750.455792
5437282.327416,34,21751.094735
5461394.234258,52,21752.073125
5519499.899055,73,21753.490862
5770298.450624,82,21755.040146
5472380.248314,42,21755.825572
5503099.824725,78,21757.271319
5851200.99501,95,21759.005496
5380384.638048,73,21760.376819
5461686.776662,35,21761.003884
5483205.993512,60,21762.124495
5983001.203727,96,21763.887117
5490360.517775,43,21764.679116
5381596.472849,82,21766.178287
5446252.862773,38,21766.876731
5461623.773081,29,21767.409592
5442333.791606,30,21767.957675
5483264.809428,72,21769.329473
5416201.50078,83,21770.90739
5432630.116902,81,21772.584472
5454309.357386,31,21773.16974
5460614.592867,42,21773.957447
5453293.076783,95,21775.711799
5422763.616706,86,21777.374996
5497280.323844,66,21778.747309
5431737.195727,67,21780.042944
5434358.931579,26,21780.557178
5450294.311907,82,21782.143309
5451276.230039,84,21783.82515
5501733.575218,55,21784.851395
5432456.239267,34,21785.517808
5435371.947972,79,21787.045258
5744313.963568,99,21788.888452
5421889.410159,89,21790.539985
5440829.094674,31,21791.117902
5431415.651234,37,21791.808945
5360148.275784,87,21793.459812
5533295.89615,73,21794.824657
5451226.04499,61,21795.954636
5445438.076799,35,21796.598471
5451660.206961,36,21797.251257
5419561.159741,82,21798.761898
5401888.644594,72,21800.080078
5494983.503014,50,21801.021176
5429313.609294,80,21802.487846
5450472.563735,30,21803.042355
5445243.457782,32,21803.637459
5438363.47201,30,21804.19613
5438772.268771,29,21804.739134
5523681.853369,82,21806.351944
5395474.954924,86,21807.982093
5380018.866583,84,21809.561063
5430936.831033,84,21811.152094
5487038.179233,75,21812.564226
5477783.035131,51,21813.53046
5787443.77137,81,21815.057612
5432145.32192,86,21816.693835
5435817.879031,88,21818.350445
5455014.135398,67,21819.656089
5453440.462279,72,21821.279396
5457651.460979,80,21822.783847
5462571.403646,36,21823.460788
5360242.700909,76,21824.872329
5463490.712802,40,21825.627426
5479899.39427,70,21826.927065
5428882.747607,85,21828.515725
5435031.920869,82,21830.038147
5449256.94428,77,21831.478255
5430955.801172,81,21832.990999
5398857.132956,83,21834.59097
5486409.711934,64,21835.806572
5451085.43012,45,21836.661675
5591223.123498,66,21837.89281
5440040.196851,35,21838.616952
5425560.556481,87,21840.272089
5450415.969218,72,21841.6306
5494619.246092,52,21842.607298
5380821.500669,87,21844.236696
5495117.238345,90,21845.977901
5402662.046844,74,21847.37334
5484591.17531,64,21848.56848
5484134.605985,54,21849.573529
5513727.203804,78,21851.093637
5493690.250152,61,21852.270018
5500643.886855,76,21853.6941
5493394.907503,51,21854.647078
5867646.281389,84,21856.259543
5529918.729014,90,21857.92953
5468718.863133,42,21858.723144
5463828.501959,39,21859.453919
5440556.436067,85,21861.06443
5670580.92508,62,21862.221966
5506034.194132,54,21863.238372
5467723.855597,36,21863.93422
5489357.916266,64,21865.171065
5497837.771658,63,21866.404274
5572786.487449,40,21867.188916
5499976.627657,71,21868.419225
5407506.417635,83,21869.924734
5443533.022887,90,21871.600028
5469248.900122,67,21872.875284
5810338.771196,93,21874.60086
5418722.229018,26,21875.075162
45035.430835,250,21879.789579
-115383.382626,56,21880.861713
5430304.323506,81,21882.467612
5780071.371654,89,21884.230384
5431589.614886,28,21884.749296
5474260.132745,46,21885.673785
5405531.500137,84,21887.308688
5470774.708825,39,21888.079362
5381588.698845,80,21889.660801
5460127.974732,72,21891.083438
5431306.938049,79,21892.66759
5436560.346667,83,21894.319265
5467342.815014,64,21895.639035
5491673.554016,69,21897.019756
5577223.298693,88,21898.846048
5457441.312871,41,21899.667197
5458144.395855,74,21901.083913
5480661.845834,31,21901.718902
5423602.865829,76,21903.22011
5454205.288115,46,21904.16397
5444735.915609,34,21904.872284
5490855.500938,58,21906.007636
5628375.868832,92,21907.876889
5518966.971487,90,21909.657385
5406641.03281,89,21911.440882
5450369.053633,32,21912.07986
5759357.408975,80,21913.677079
5469462.177477,37,21914.407603
5689200.521956,59,21915.524963
5396091.721903,84,21917.199863
5495096.343506,63,21918.456136
5502505.90545,85,21920.13206
5540050.870684,51,21921.147963
5444919.648958,34,21921.840124
5504280.125743,72,21923.340623
5445137.421212,31,21923.962821
5449247.245332,38,21924.73688
6063286.519554,67,21926.128568
5586468.155122,37,21926.885705
5442982.638706,76,21928.429653
5731668.132247,77,21929.969363
5415065.433832,78,21931.491355
5462126.049761,33,21932.152843
5456940.189477,40,21932.940495
5423005.82714,83,21934.615714
5448745.761777,40,21935.402851
5463269.674269,83,21937.064822
5502052.673376,77,21938.579097
5510629.714073,65,21939.917021
116080.60497,250,21944.785844
5492113.835127,50,21945.751743
-42080.454649,112,21947.866328
5479447.229828,73,21949.278148
5438690.437866,35,21949.930005
-85607.757433,73,21951.324227
5491675.915303,67,21952.618245
5512331.697291,61,21953.785229
5485163.894951,60,21954.934882
5509472.08441,37,21955.637348
5547027.940956,65,21956.851416
5439735.383054,77,21958.338507
5390849.915386,79,21959.816128
5925853.212751,90,21961.505842
5445092.148372,35,21962.158988
5471140.713043,66,21963.387783
-130495.287348,13,21963.636872
5463333.504756,75,21965.043692
5507118.186508,47,21965.919818
6389446.08199,95,21967.738287
5450312.259908,60,21968.883634
90108.389873,250,21973.777933
5439026.251011,78,21975.317869
5496064.422704,75,21976.735702
5455265.185028,33,21977.372643
5388778.601542,85,21979.00656
5848657.948828,220,21983.198127
5462557.724935,72,21984.575855
5456226.821859,89,21986.309219
5423240.549142,33,21986.939683
5460619.836156,49,21987.866687
5488184.093758,74,21989.247041
5445520.204219,30,21989.830764
5442352.931745,43,21990.642081
5422495.206787,79,21992.150498
5480485.646647,59,21993.257379
5472643.384546,62,21994.43463
5569936.105488,93,21996.173541
5439249.451208,70,21997.504984
5456851.737077,82,21999.084542
5510787.673904,73,22000.482757
5489948.152898,61,22001.645517
5446710.009172,30,22002.192559
5473502.743351,32,22002.805836
5469234.025906,77,22004.24379
189013.898582,250,22008.8672
5486173.50986,64,22010.074907
5478053.815521,82,22011.631211
5826961.796643,90,22013.365786
5441563.97138,37,22014.069843
5431328.990755,31,22014.651608
5480144.039807,75,22016.079964
5368297.497912,80,22017.590446
5496682.507445,69,22018.942094
5473972.584897,45,22019.79338
-86752.253503,40,22020.553132
5495082.220723,64,22021.745064
5464718.027098,85,22023.390358
5461582.477197,78,22024.855494
5424714.946168,83,22026.422302
5598431.840585,91,22028.116725
5423085.743615,88,22029.762503
5492462.060767,83,22031.347104
5474483.900201,42,22032.131284
5470889.513582,41,22032.888045
5515025.518196,79,22034.409037
5443309.253373,33,22035.013205
98873.725298,250,22039.703753
81026.943843,250,22044.452815
5431538.640194,31,22045.064941
5509857.013418,53,22046.117103
5640234.485497,104,22048.025419
5455383.44404,36,22048.63785
5449843.532366,37,22049.30149
5457787.055817,35,22049.954669
5468398.160197,76,22051.388952
5512138.214248,86,22053.035885
5473794.579312,70,22054.355464
5488844.080728,34,22054.995197
125179.045,250,22059.690629
5441418.747568,80,22061.189049
5462190.783954,86,22062.77194
5676709.151386,45,22063.604513
5404843.489418,82,22065.141054
5451751.938353,32,22065.737295
5399857.412258,80,22067.212306
5457899.843772,71,22068.521841
5454092.830806,81,22069.996907
5468092.624571,81,22071.503181
5447334.833826,86,22073.112754
5488154.137876,81,22074.612319
5510180.234104,74,22075.991755
5811277.000504,93,22077.747929
5749429.406669,68,22079.01631
5466146.769845,59,22080.129298
5497555.441211,36,22080.806237
5477643.840297,83,22082.353716
5476327.627766,61,22083.489294
5470843.92997,77,22084.9261
5529977.813703,143,22087.60184
5595898.149714,73,22088.956079
5805161.504984,57,22090.00282
5411860.658485,80,22091.519404
5453827.606183,41,22092.274314
5457475.300094,63,22093.440684
5481939.061349,51,22094.387576
5524117.439091,39,22095.108737
5486395.431892,53,22096.104326
5455824.707821,42,22096.886999
5498831.568771,64,22098.089599
5473492.68111,69,22099.399882
5433112.028595,41,22100.187668
5431020.878972,55,22101.224589
5462125.239669,72,22102.624395
5475643.710295,72,22103.950405
5467253.770809,73,22105.334095
5373518.947685,79,22106.827717
5520348.921693,60,22107.885267
119170.093021,250,22112.374273
5740135.327785,51,22113.314719
5418679.424146,77,22114.73953
5491075.393979,62,22115.873877
5393789.083832,81,22117.413767
5393251.35419,84,22118.967047
5445422.190315,33,22119.577331
5507405.485826,87,22121.154766
5456055.259336,29,22121.70864
5427571.885691,37,22122.413788
5431234.103464,80,22123.928506
6241867.097947,72,22125.341094
5817867.995125,103,22127.397961
5405323.313095,75,22128.906318
5469154.711331,85,22130.569831
5474115.283643,67,22131.907143
5445589.053227,80,22133.41308
5442237.732625,31,22133.9868
5451988.350068,83,22135.591017
5478361.933965,76,22136.94486
5480536.608013,63,22138.153284
5454440.665545,78,22140.205346
5448968.694988,46,22141.044382
464897.124821,250,22145.679159
5439274.147998,89,22147.350626
5374174.936835,90,22149.031891
5450481.173529,31,22149.655344
5464978.165634,68,22150.847404
5459263.052084,79,22152.342063
5440884.608606,26,22152.90898
5477787.348356,56,22154.062815
5464256.76856,56,22155.200617
5472610.036617,50,22156.223566
5764646.659841,53,22157.397122
5465999.452739,78,22158.89222
5458703.915256,47,22159.798611
5454019.656084,60,22161.066155
5450363.493578,39,22161.910265
5493801.54638,85,22163.647137
131555.116935,250,22168.642123
5438782.446053,33,22169.264728
5471692.617975,64,22170.471756
5476641.655546,39,22171.176771
5441190.994464,78,22172.681685
5430640.423755,41,22173.510693
5453663.800562,84,22175.150974
5438170.338822,64,22176.558886
5490448.179126,76,22178.167321
5478730.933037,53,22179.160053
5432172.23912,87,22180.907451
5476318.386498,73,22182.282601
6102289.276043,117,22184.776983
5485308.102659,78,22186.506807
5499150.700905,93,22188.428628
5487493.060689,32,22188.992276
5508094.772344,40,22189.791623
5461637.357592,43,22190.592668
5394276.466522,91,22192.334009
5450271.835951,31,22192.964243
-156806.164179,176,22196.309017
5423920.193876,84,22197.92845
5453777.579799,35,22198.577816
5370997.447696,87,22200.223737
5409043.459359,81,22201.804286
5427179.70173,38,22202.541554
5550232.54103,72,22203.974431
5471009.799366,42,22204.797012
5434481.442735,71,22206.136997
5495306.976583,72,22207.491046
5414675.583345,80,22209.053958
5502101.058944,79,22210.939417
5467686.156481,87,22212.557513
5426129.03934,88,22214.174541
5450348.290984,95,22215.978857
5489794.432164,80,22217.490277
5464301.387548,61,22218.629643
5461244.549354,81,22252.552596
5436521.507439,37,22253.222268
5426913.590925,30,22253.783159
5477122.072519,59,22254.895095
5485081.682463,64,22256.070815
5458334.634235,76,22257.484366
5485689.725848,73,22258.856415
5414002.493193,78,22260.273096
5457417.498511,43,22261.06502
5525044.779728,46,22261.903619
5425584.24929,70,22263.206599
5402713.913631,78,22264.66439
5432500.190914,78,22266.132151
5440787.892589,26,22266.618348
5370128.223734,93,22268.372401
5403807.188358,69,22269.695484
5450767.459358,41,22270.472723
5507919.642118,76,22271.904654
5506032.725546,52,22272.864651
5498128.47785,75,22274.274301
5470224.169318,68,22275.518658
5464595.671201,40,22276.244439
5486518.454038,78,22277.674821
5469394.717671,38,22278.393213
5456768.26392,33,22279.003775
104020.884402,250,22283.6366
5442629.741155,81,22285.148141
5673029.751145,46,22286.025085
5480423.367401,35,22286.648238
5467193.021479,72,22287.997249
5818098.585568,54,22289.038136
5436283.591344,29,22289.582565
5443161.848082,39,22290.284122
5479211.745181,57,22291.362279
5463551.34103,33,22291.985578
5430114.969052,32,22292.582996
5447538.825497,84,22294.156215
5477021.265335,48,22295.045723
5452192.323661,34,22295.68988
5461266.76679,74,22297.063541
5586642.997667,44,22297.890164
5380811.68293,88,22299.531698
5520293.843445,39,22300.245104
5468346.586838,76,22301.657282
5454418.270072,34,22302.279105
5489885.720636,70,22303.575076
5454663.204872,35,22304.220901
5402915.309503,86,22305.851752
5557862.892542,85,22307.428319
5474635.929083,79,22308.877465
5411799.494218,84,22310.475075
5419093.199428,31,22311.044877
5504501.19023,71,22312.397559
5433635.357436,31,22313.003132
5501444.073144,67,22314.225793
5437956.064842,27,22314.717306
5455641.117694,72,22316.048253
5490638.116191,71,22317.362372
5455897.421848,36,22318.048197
5449464.115807,30,22318.605315
5463103.609365,87,22320.231122
5430023.194935,79,22321.6945
5593696.493802,77,22323.108534
5493015.876337,63,22324.286705
5639574.507805,84,22325.851532
5492617.986423,71,22327.177381
5444061.097403,79,22328.655212
5394104.414958,83,22330.214753
5465766.120092,49,22331.111005
5474702.22038,44,22331.929645
5515675.053248,109,22333.980632
5487928.235669,75,22335.387959
116313.49222,250,22340.032192
5507111.37126,40,22340.775897
5492461.152356,59,22341.882485
5452003.287264,34,22342.509055
5832047.669519,107,22344.494102
5462704.373011,38,22345.210956
5486269.286487,51,22346.177237
5512130.614119,37,22346.861149
5455566.760204,30,22347.422608
5523874.125235,78,22348.767609
5383194.118886,84,22350.295674
5379544.365131,90,22352.021756
5415486.889965,82,22353.571656
5452533.503282,47,22354.446554
5486517.91143,85,22356.125802
5459438.222897,46,22356.970272
5494162.672574,71,22358.294334
5498027.135674,58,22359.39106
5454363.6878,49,22360.285938
5432374.470839,81,22361.807661
5497332.660426,67,22363.117042
5470202.706597,61,22364.294288
5436368.103913,38,22365.034969
5467439.250978,76,22366.53467
5454971.683709,82,22368.112453
5443575.766968,30,22368.711893
5421227.098767,83,22370.307243
5593772.056748,44,22371.167966
5742305.53425,57,22372.322064
5482669.403634,46,22373.266071
5446773.867886,32,22373.895846
5454274.232591,29,22374.468101
5461036.03378,58,22375.609814
5480044.298166,80,22377.205897
5501088.243354,60,22378.336818
5482461.716866,58,22379.421253
1737225.500578,250,22384.381786
5441044.829386,28,22384.904135
5681710.731442,38,22385.63284
5527091.905815,76,22387.130358
5494286.448349,71,22388.484597
5554971.362785,85,22390.159
5440146.436785,81,22391.685227
5551886.685228,85,22393.324803
5430105.80982,42,22394.106736
5437028.247242,32,22394.73491
5459160.002506,95,22396.536515
5478923.091534,63,22397.793609
5495917.073525,81,22399.426621
95716.036552,250,22404.107715
5421714.587108,83,22405.649459
5472816.740601,85,22407.450074
5449614.563746,90,22409.109879
5468679.090207,82,22410.629683
5462973.185533,81,22412.234291
5429014.436312,25,22412.731556
5477927.382713,51,22413.742226
5424614.404184,29,22414.351561
5401222.449159,81,22416.020394
5472204.394198,35,22416.741642
5464783.116496,86,22418.554639
5513599.037388,65,22419.826343
5487426.460404,32,22420.417309
5480842.224773,70,22421.718557
5467432.157532,42,22422.487578
5407485.286033,89,22424.218781
5497978.228396,66,22425.535184
5471961.326726,51,22426.507528
5483901.535487,78,22428.050002
5475613.585905,39,22428.807038
5495161.594104,57,22429.916939
5465384.348042,39,22430.708492
5480500.818521,60,22431.91574
5486516.834495,85,22433.533928
5454484.275211,51,22434.50054
5474730.972538,51,22435.417633
5521752.828735,49,22436.334277
5469608.53211,32,22436.950352
5466121.722365,40,22437.727386
5449292.497283,36,22438.440554
5434875.072407,83,22440.064833
5449120.673932,38,22440.836453
5454547.206236,36,22441.547972
5447820.829267,89,22443.341366
5414499.570305,82,22445.007614
5494003.347378,33,22445.689306
5411381.075062,78,22447.16953
5474174.695505,79,22448.73114
5369628.822482,79,22450.241379
5408492.810619,79,22451.778476
5467057.482727,71,22453.15859
5488643.204349,66,22454.450453
5465910.377908,38,22455.173734
5367228.876945,73,22456.61412
-82607.157036,41,22457.475554
5836230.783322,230,22461.743044
5421015.682767,81,22463.300383
5462203.911931,37,22464.007047
5702375.638532,68,22465.382969
5470053.653971,85,22466.955383
5480282.651344,56,22467.988237
5452293.636018,33,22468.551179
5468560.562465,73,22469.903828
5443070.093861,34,22470.543694
5485896.435538,81,22472.087724
5487824.372617,70,22473.430313
5484955.357925,69,22474.780921
5447091.43852,33,22475.440552
5454038.64209,38,22476.18176
5464321.357656,77,22477.675
5456429.433793,77,22479.145079
5466520.950407,46,22480.044423
5470978.171457,35,22480.800559
5456980.20486,37,22481.442653
5727216.000792,48,22482.320758
5467416.069198,79,22483.73145
5551000.296917,71,22484.965211
5561779.387527,62,22486.269682
5451541.129903,68,22487.815254
5508654.300723,44,22488.654427
5387757.925027,84,22490.455847
5448548.941612,35,22491.264457
5725340.915734,83,22493.174058
5458156.239758,53,22494.438324
5448207.781865,80,22496.024135
5582325.632572,84,22497.739031
5489530.976679,73,22499.242575
5458441.807201,36,22499.960832
5442621.529775,69,22501.31714
5473447.901049,46,22502.31923
5495156.870354,69,22503.709537
82502.246523,250,22508.900096
5439756.275087,80,22510.361058
5435827.114049,28,22510.875983
5727145.0424,54,22511.856729
5517832.366056,71,22513.236351
5469754.001129,84,22514.823146
5459422.579777,35,22515.40853
6006724.227282,71,22516.630493
5461242.80144,38,22517.327177
5463261.940703,70,22518.512423
5487479.565576,41,22519.187304
5458835.53079,32,22519.721029
5451193.673272,35,22520.341647
-95522.242558,17,22520.661741
5741535.144973,89,22522.319482
5462523.257086,31,22522.865904
5559511.591436,45,22523.665783
5431946.921357,79,22525.078835
5665128.681703,44,22525.889259
5530097.280527,75,22527.293845
5458792.098525,62,22528.355893
5458777.648587,38,22529.031004
5810460.851616,52,22529.952261
5482126.750215,60,22531.05696
5477361.312962,80,22532.494915
5458901.623932,33,22533.125387
5455337.739675,78,22534.542633
5494546.066042,70,22535.846869
5480276.231864,50,22536.757703
5496609.585564,58,22537.770947
5503701.138999,75,22539.139855
5484897.324635,65,22540.308564
5439329.643565,80,22541.783564
5530790.824779,54,22542.733287
5458187.221274,40,22543.485288
5457183.20001,45,22544.314909
5463102.358009,80,22545.773543
5474453.337435,55,22546.764597
5501129.972111,77,22548.157374
5707039.141604,61,22549.259668
5436185.822193,35,22549.899565
5394302.843458,87,22551.418988
5576845.036136,85,22552.94221
5417915.834398,26,22553.436841
35240.975136,250,22557.985527
5470424.28565,88,22559.608055
5461541.622212,58,22560.642517
5828394.513703,98,22562.436828
5417875.23973,83,22564.176849
5461399.128126,75,22565.706188
5440185.239374,83,22567.122988
5432744.972732,82,22568.624798
5454041.233254,39,22569.356622
5450665.916187,31,22569.960439
5465283.654801,64,22571.098562
5435022.281059,35,22571.704578
89163.772626,250,22576.176761
5450194.570762,52,22577.046896
5375243.299258,80,22578.606935
5518221.539462,63,22579.831787
5490579.807133,60,22580.927202
26163.826039,250,22585.523646
5454210.774613,64,22586.865855
5482226.441718,36,22587.590686
5465619.233911,34,22588.225621
5394921.256088,81,22589.778144
5430245.274466,30,22590.293444
5497362.673793,81,22591.62912
5463029.726096,36,22592.248327
5441051.193343,31,22592.800037
5465890.379047,41,22593.49782
5438857.507294,92,22595.085016
5430584.078107,30,22595.592487
5481462.530211,79,22597.074574
5491374.749473,52,22597.979147
5488416.423372,40,22598.752701
5451836.059721,52,22599.678907
5452000.672227,38,22600.470719
99451.64223,250,22605.193007
5473002.956433,82,22606.811483
5466476.783188,70,22608.208226
5416187.554547,90,22609.896932
5452120.629295,85,22611.528186
5486489.370452,72,22612.917833
88849.504034,250,22617.739659
5454756.001189,73,22619.147423
5473496.231771,70,22620.464807
5504006.135215,50,22621.4037
5459230.892056,33,22622.062528
5474062.852032,76,22623.511326
5537689.397574,70,22624.93367
5441388.099584,34,22625.543596
5438418.67368,34,22626.162713
5369826.663515,80,22627.619635
5389485.595712,79,22629.111866
5469356.402621,40,22629.903185
5361392.520086,90,22631.637442
5479666.256858,76,22633.177114
5502842.124072,82,22634.810448
5467428.378013,74,22636.256474
5423310.791615,78,22637.657732
5481865.001738,59,22638.785386
5486830.6995,64,22640.027621
5509491.907908,76,22641.453671
5463089.586783,38,22642.173736
5452167.648814,78,22643.657667
5437080.842546,86,22645.313805
5456381.355187,41,22646.112519
2249189.809448,250,22650.968137
5395178.367328,89,22652.775641
5398797.064661,85,22654.45892
5460973.334815,65,22655.744911
5468397.899073,79,22657.302092
5481331.455925,48,22658.246846
5512730.292761,62,22659.464243
5470984.175532,70,22660.840789
5495986.85597,48,22661.78845
5618759.329296,46,22662.67993
5463566.48864,37,22663.406004
5500552.504004,61,22664.607426
5441482.804989,57,22665.746582
5446482.306326,46,22666.638201
5425449.1168,73,22668.089652
5500818.899307,68,22669.411434
5802919.765525,107,22671.554043
5718606.497869,95,22673.437866
5462288.407592,34,22674.101237
5434049.296059,79,22675.594942
5436735.676614,33,22676.210437
5455507.261056,69,22677.581693
5485172.766922,65,22678.865217
5364296.12185,83,22680.511931
5432328.479398,30,22681.105526
5469035.783408,33,22681.76119
5428898.009889,82,22683.379897
5476718.803299,66,22684.709852
5444797.235967,38,22685.477489
5465648.059869,40,22686.274678
5447920.921796,32,22686.896396
5437692.930549,88,22688.639497
5430718.662849,77,22690.145905
5453733.391678,48,22691.073331
5466129.865859,79,22692.563657
5560781.378218,71,22693.929396
5663391.489965,41,22694.745706
5408537.294199,92,22696.514705
5473940.59339,38,22697.220207
5382056.015389,87,22698.948184
5501516.86233,58,22700.102673
5485579.338412,57,22701.252528
5488403.48333,63,22702.529254
5477685.968368,81,22704.095511
5468228.186895,34,22704.779512
5455531.080234,39,22705.553781
5478853.062975,38,22706.310127
5468953.622126,42,22707.118849
5468799.074476,89,22708.78116
318452.059695,250,22713.68523
5447220.196554,31,22714.316371
5460782.62524,80,22715.859816
5482843.048638,82,22717.470368
5446038.256239,36,22718.177728
5518203.31433,39,22718.952317
5467515.104573,77,22720.436469
5453895.693296,79,22721.950747
5444336.957708,33,22722.55344
5351477.533991,84,22724.064184
5628458.068817,95,22725.793493
5438763.884446,84,22727.356127
5421519.264926,81,22728.831166
5439706.535254,82,22730.315116
5448507.345102,58,22731.406476
5439048.325756,85,22732.987011
122799.974636,250,22737.687802
5464184.390468,84,22739.33828
5393004.560186,83,22740.81878
5396359.42702,79,22742.187281
5480956.393485,73,22743.559796
5491903.740033,39,22744.283739
5454512.260011,28,22744.828396
6429458.457775,113,22747.043764
5442388.09481,81,22748.782502
5470130.348991,52,22749.778075
5465549.832704,76,22751.143393
5621561.389335,46,22751.972712
5416768.718878,81,22753.434814
5473129.945866,84,22755.010301
5431116.565032,81,22756.559716
5488940.64144,74,22757.965536
5484136.41385,56,22759.017621
5447834.269534,35,22759.655673
5439905.100444,32,22760.268282
5434939.622186,28,22760.783554
-122020.442005,35,22761.423545
5515373.273465,68,22762.68161
5442414.240519,37,22763.374118
5402617.54464,80,22764.849064
6594131.465039,210,22768.726737
5472612.50871,76,22770.136513
5601826.934277,93,22771.83699
5459877.898722,77,22773.254445
5426006.123392,32,22773.867971
5807042.84951,52,22774.808654
5807227.772571,102,22776.715205
5451986.884693,41,22777.469502
5366235.13704,85,22779.008809
5476600.721347,83,22780.532
5501162.939827,78,22781.983497
5418888.441731,31,22782.566137
5467122.238437,34,22783.225025
5508205.880439,75,22784.630234
5467238.71134,51,22785.593316
5380948.588806,85,22787.156894
5473937.291302,75,22788.550287
5434641.935248,83,22790.063734
5463050.213998,33,22790.670957
5397431.581641,81,22792.154809
5475531.31934,36,22792.81776
5854087.568452,101,22794.689845
5487343.643013,77,22796.105034
5618042.771242,42,22796.877581
5424265.201611,85,22798.449263
5467654.170901,66,22799.678195
5478796.147102,41,22800.444256
5810375.10999,71,22801.754019
5444306.268196,81,22803.29258
5716535.153191,99,22805.107738
5413174.27768,92,22806.790883
5479231.248902,39,22807.590708
5426135.143401,93,22809.263966
5440128.898521,35,22809.969815
5477179.500705,75,22811.44804
5419653.147185,76,22812.940227
5511396.97308,38,22813.584606
5873429.284332,102,22815.425363
5424512.195398,26,22815.890047
1248540.334137,250,22820.576519
5431258.449305,81,22821.954388
5498518.251199,79,22823.451403
5619800.149213,88,22824.985287
5576440.698153,43,22825.756497
5416450.959194,92,22827.478585
5482125.031163,53,22828.367351
5448028.67902,37,22829.041711
5453520.695229,81,22830.528514
5480063.040772,74,22831.904606
5444266.244844,31,22832.473162
5513383.902785,54,22833.483101
5447171.048454,28,22834.003129
5464848.477674,40,22834.718248
5518107.948864,65,22835.908643
5512540.096853,75,22837.2649
5473194.286344,70,22838.552487
5475454.587678,73,22839.87394
5439790.597641,39,22840.586823
5391803.013808,83,22842.222805
5445436.689938,40,22843.027905
5499968.710682,71,22844.43269
5525274.27199,81,22846.03373
5356661.603023,87,22847.765236
5441268.157204,39,22848.541893
5449113.025697,36,22849.296943
5457543.666425,32,22849.932873
5474911.620696,45,22850.77158
5816851.832117,87,22852.415643
5451616.26419,28,22852.981617
5485165.556443,81,22854.567689
5470166.487953,56,22855.602325
5483393.124753,77,22857.053176
5454822.56786,50,22858.028396
5492683.227395,68,22859.346316
5501675.408141,71,22860.760711
5487777.403363,77,22862.308179
5447587.206964,33,22863.018945
5558980.297141,54,22864.055605
5490072.778236,39,22864.79682
5455741.507913,68,22866.081143
5482756.27426,76,22867.539187
5653199.712479,94,22869.3221
5396137.377366,81,22870.839685
5851614.787298,71,22872.212794
5396907.048147,79,22873.784299
5456750.399949,34,22874.433511
5375197.139048,81,22876.043676
5440100.351983,82,22877.694974
5423415.951826,77,22879.218715
5476355.727334,52,22880.250284
5446607.816221,32,22880.890523
5455035.541187,68,22882.266033
5447960.302371,85,22883.984802
5428889.626974,78,22885.549585
5481617.685286,67,22886.939482
5383531.931763,83,22888.575777
5550525.968488,91,22890.393706
5478416.884363,72,22891.857396
5447097.997795,41,22892.681956
5590255.03102,44,22893.568531
5488437.766477,63,22894.816958
180436.010976,250,22899.69768
5399109.153368,82,22901.334602
5463973.65731,65,22902.646043
5459147.03631,83,22904.320454
5457153.06989,36,22905.0473
5440074.703296,79,22906.635131
5462017.23669,76,22908.129597
5591829.062785,76,22909.596699
5483384.259853,58,22910.704661
5417221.764915,87,22912.397583
5468987.619365,37,22913.10885
5446000.465153,43,22913.933299
598790.326242,250,22918.854333
5475511.198709,62,22920.039234
5856348.222334,79,22921.637161
5525798.357498,67,22922.936033
5487346.477881,68,22924.247733
5490455.059335,87,22925.895874
5436713.911574,79,22927.46308
5457431.228593,78,22929.010271
5698008.913998,90,22930.723425
5437117.671897,38,22931.448218
5392548.751075,83,22933.12122
5387951.83835,83,22934.715051
5517762.73591,71,22936.152988
5638088.708428,86,22937.85709
5435915.594096,87,22939.517302
5493031.446556,75,22940.967419
5395798.251089,74,22942.429707
5476352.304538,86,22944.03731
5407134.773056,84,22945.621746
5426697.195619,84,22947.232256
5490360.135193,59,22948.335117
5502697.224908,56,22949.455213
5470136.305092,77,22950.954272
5481359.516748,75,22952.400456
5430365.22317,80,22953.984926
5486245.737944,46,22954.895417
5482145.762251,62,22956.108635
5464495.928227,36,22956.812205
5516541.705086,44,22957.669856
5791761.939189,93,22959.517609
5499660.030197,56,22960.629342
5439948.845269,29,22961.198713
5861572.901362,65,22962.43485
5418079.676189,82,22963.941384
5474783.562901,85,22965.535762
5443738.72801,35,22966.171508
5500827.564914,75,22967.554629
5463734.333997,45,22968.313897
5464911.187798,40,22968.99965
5447200.90268,43,22969.745175
5833439.438719,103,22971.627235
5919681.275203,70,22972.880621
5495630.577357,66,22974.05659
5484241.372525,64,22975.262122
5438188.280268,39,22975.992517
5527666.036093,70,22977.291997
5449674.107688,72,22978.815526
5429527.940586,36,22979.432934
5445760.039439,60,22980.62658
5457523.339977,52,22981.498107
5673188.169933,48,22982.33065
5415991.721525,83,22983.77773
5461975.192354,69,22984.924656
5785731.756387,50,22985.7956
5461980.830892,74,22987.139058
5441651.478748,30,22987.688117
5478280.067188,48,22988.56894
5462643.878942,84,22990.117553
5466475.873412,86,22991.752786
5418126.206953,83,22993.305717
5725479.115453,78,22994.759175
5596212.088089,81,22996.253689
5439586.139677,78,22997.722592
5519863.954614,41,22998.492948
5846509.420862,53,22999.477869
5404694.165404,83,23001.025286
5505895.044595,66,23002.246507
5388982.214139,87,23003.888031
5428738.619452,33,23004.482115
5407140.268539,88,23006.171049
5512472.484754,76,23007.613786
5754113.395332,137,23010.12462
5482476.058202,38,23010.821747
5440712.491211,84,23012.392371
5470059.968616,65,23013.592744
5441964.384906,36,23014.242629
5457408.350473,51,23015.181064
5459367.414268,55,23016.322916
5535979.609271,63,23017.46585
5458983.270712,83,23018.902724
5435594.915468,80,23020.393693
5439895.279299,87,23022.028192
5481881.858163,68,23023.306953
5473145.329946,62,23024.439964
5420553.116607,31,23025.015791
5490112.627883,78,23026.498297
5491107.630772,66,23027.69422
5482313.159791,37,23028.308857
5460537.905537,59,23029.450375
5459077.24265,48,23030.258467
5434773.659531,43,23030.986869
5441469.079858,31,23031.522948
5418300.322345,85,23033.116428
-62087.558139,231,23037.357983
5415665.404352,28,23037.89569
5436138.166127,78,23039.358768
5456702.139635,33,23040.100624
5441921.096517,27,23040.654539
5353182.742843,84,23042.303993
5465319.840168,79,23043.626627
5454099.577135,37,23044.321894
5455971.850488,39,23045.001171
5502447.77035,76,23046.391224
5780695.156744,95,23048.014426
5440077.132922,36,23048.667835
5502591.532838,61,23049.802725
5495113.120052,71,23051.11959
5431626.37648,35,23051.785229
5513473.494009,87,23053.3872
5444726.846504,80,23054.861439
5984048.164664,62,23056.014957
5700028.211632,99,23057.828933
5472126.465903,48,23058.685232
5354148.526401,87,23060.287534
5462789.898752,75,23061.646874
5464751.80633,50,23062.540475
5712471.09624,51,23063.460441
5461748.99854,35,23064.122701
5498178.820141,64,23065.339855
5446218.826099,93,23067.154749
5606377.393399,67,23068.400066
5442882.030922,33,23069.001267
5397105.554224,78,23070.417629
5447802.663335,47,23071.287893
5430516.647614,33,23071.89358
5525272.724542,76,23073.32171
5496208.773459,66,23074.530712
5786116.293312,78,23075.970278
5434704.48701,38,23076.658066
5466493.026625,76,23078.062395
5431491.172273,71,23079.371487
5435752.53377,78,23080.833424
5465716.687648,38,23081.52135
5466827.371058,87,23083.252346
5450129.827528,36,23083.990685
5466489.814632,86,23085.724424
5504481.645247,78,23087.284608
5508912.791849,91,23089.127513
5459516.920913,37,23089.876614
5800042.819614,144,23092.74693
5467963.018104,64,23094.020734
5398603.917329,83,23095.679416
5470128.875775,60,23096.871068
5493038.741699,41,23097.61359
5458041.73721,40,23098.359133
5779192.997183,111,23100.425637
5459993.905277,82,23102.006852
5825447.642532,104,23103.936838
5458094.975074,69,23105.336376
5483740.939166,55,23106.328379
5425992.237385,86,23107.905889
5455335.420958,38,23108.686796
5567032.221373,68,23110.029719
5465857.913013,34,23110.647314
5698629.778031,42,23111.49947
5594856.458319,97,23113.361581
5472972.722631,33,23114.015525
5457551.269064,38,23114.751289
5507279.94691,73,23116.20245
5470914.274741,77,23117.715241
5478024.895835,40,23118.506925
112052.602094,250,23123.449492
5378206.845569,73,23124.922097
5507997.010877,39,23125.732772
5455887.158975,35,23126.430459
5474220.869877,39,23127.22766
5517401.428268,83,23128.871112
5473937.248279,71,23130.307193
5459443.6321,39,23131.10304
5418651.849508,83,23132.760565
5432370.713233,74,23134.223317
5478675.632527,39,23134.990516
5478319.624585,82,23136.624351
5475669.398099,38,23137.366451
5438246.157016,33,23138.030788
5484809.790713,87,23139.774747
5610057.511085,84,23141.489849
5421490.258483,82,23143.122537
5370844.274836,90,23144.921689
5479246.157808,39,23145.70738
5483848.677889,76,23147.198112
5514093.544898,61,23148.387226
5842952.642904,86,23150.072593
5477341.827901,64,23151.355052
91593.444625,250,23156.363867
5470830.489069,50,23157.344665
5456811.489172,46,23158.222401
5457043.225274,75,23159.707866
5648657.547426,78,23161.146591
5667695.869185,60,23162.208443
5481964.315789,40,23162.913316
5430105.71705,80,23164.388058
5782004.881524,58,23165.490008
5380618.681865,78,23166.981546
5508099.271756,54,23168.040945
5479106.751314,55,23169.119263
5439196.450735,74,23170.590526
5484021.709643,40,23171.374754
5479059.193775,54,23172.434037
5471796.64806,58,23173.588659
5451846.83799,62,23174.778659
5507864.380617,75,23176.29282
5429419.730715,85,23177.94125
5416933.177384,88,23179.626701
5457866.385255,39,23180.391889
5945824.88257,105,23182.393124
5480001.968364,64,23183.642668
5429760.984333,79,23185.200218
5471375.495506,62,23186.470626
5807921.33489,114,23188.708182
5460034.08083,65,23189.967764
5464715.911607,83,23191.629318
5448836.030162,86,23193.337573
5387777.552894,81,23194.953682
5495729.38273,57,23196.062109
5468140.361957,39,23196.840482
5528610.323965,45,23197.707578
5490413.356565,76,23199.185329
5561405.132752,70,23200.536555
5461854.88803,65,23201.774491
5479951.785118,76,23203.187936
5417177.382203,71,23232.424879
5499722.795559,74,23233.848053
5443710.484434,87,23235.439032
5411874.915254,80,23236.884343
5485270.00699,78,23238.354023
5474639.651952,81,23239.828737
5478786.846275,69,23241.135057
5465595.846426,77,23242.618078
5491227.074073,37,23243.294755
5766753.335502,51,23244.268342
5520616.93094,79,23245.724356
5407362.689818,91,23247.402847
5481639.908981,69,23248.685735
5461464.562951,45,23249.505603
5542076.623435,94,23251.242721
5469259.757496,46,23252.095205
5450475.277026,32,23252.705207
5466003.118171,36,23253.357859
5486273.192269,32,23253.957654
5471833.378781,77,23255.360742
5390951.06909,73,23256.686763
5414855.575592,77,23258.093603
5481636.632091,37,23258.754513
5443373.851365,31,23259.334234
5433579.010528,37,23260.007496
5467223.294594,46,23260.832557
5592181.417083,67,23262.082771
5482996.036904,60,23263.163561
5661129.282091,57,23264.205606
5421043.953249,81,23265.654519
5454589.818273,49,23266.546116
5448229.721237,91,23268.182426
5472864.406064,79,23269.647021
5695251.922447,96,23271.393311
5650113.631902,45,23272.231727
5470985.966953,35,23272.891775
5552602.801624,61,23274.001248
5499376.645536,75,23275.39282
5491060.479979,59,23276.480862
5563935.174036,86,23278.093323
5457355.564512,70,23279.377945
5490384.697252,41,23280.145474
5483666.292936,59,23281.241426
5450451.950091,83,23282.787746
5491058.202023,68,23284.051964
5611500.702068,72,23285.384743
5448126.260214,34,23286.049797
5525451.686363,83,23287.575347
5448114.43307,35,23288.220721
5448923.564663,40,23288.990205
5445816.705832,34,23289.639716
5436283.728969,34,23290.247803
123037.104303,250,23294.860544
5441588.828967,28,23295.375394
5456092.582902,66,23296.580633
5425915.569605,94,23298.299841
5498214.679419,35,23298.934035
5484154.097002,63,23300.118661
5912785.945066,111,23302.148135
5351009.98191,80,23303.607214
5478321.407105,92,23305.360307
5463294.032431,82,23306.92035
5473240.812761,89,23308.580661
5448508.523892,52,23309.549702
5500594.789112,86,23311.125947
5474104.384163,36,23311.831165
5436684.56806,79,23313.256644
5332949.326563,82,23314.763634
5428374.632194,90,23316.404453
5456590.216733,67,23317.601006
5471559.797634,41,23318.365193
5876478.097074,58,23319.41991
5491584.089332,35,23320.054561
5488294.429105,90,23321.773383
5421398.485243,33,23322.42529
5414886.888371,81,23324.029806
5382736.508025,76,23325.566694
5447202.644469,76,23327.116865
5468679.962934,73,23328.592613
5482641.730714,39,23329.392246
5451886.723886,34,23330.09657
5431215.364289,28,23330.681098
5425792.022264,74,23332.188966
5461124.835165,41,23332.950136
5451975.862254,81,23334.550458
5468137.840661,86,23336.237841
5569240.097381,70,23337.619468
5689025.300087,98,23339.58313
5450310.086405,51,23340.60547
5544931.782096,74,23342.08507
5455109.704234,67,23343.456167
126678.423345,250,23348.503728
5505816.821769,66,23349.805312
5452935.225406,36,23350.513005
5453060.317759,65,23351.812021
5409008.223498,89,23353.5836
5442407.999579,82,23355.197953
5465674.601266,40,23356.025162
5440154.37391,26,23356.556458
5371944.306791,82,23358.189082
5642548.848987,77,23359.750499
5586965.984545,144,23362.656865
5512932.920271,78,23364.20128
5415936.160395,83,23365.832602
5392727.037615,78,23367.360791
5504694.988733,77,23368.869022
5446039.485749,89,23370.636828
5472719.113552,87,23372.393165
6192325.647484,116,23374.716781
5855587.987552,115,23377.053295
5444558.185832,79,23378.642413
5601518.299444,42,23379.464604
5500487.564015,91,23381.270063
5667032.702987,97,23383.145551
5500420.797315,71,23384.548682
5408399.319206,80,23386.139896
5447474.411107,35,23386.839955
5473296.823225,81,23388.450537
5458325.244552,40,23389.250235
5509268.705551,59,23390.403628
5677773.905694,57,23391.534336
5462951.289054,80,23393.120705
5463899.774017,63,23394.362707
5610794.632255,88,23396.065442
1617539.816136,250,23400.949764
5436654.576811,31,23401.560096
5479764.433661,70,23402.939912
6144505.382676,80,23404.505708
5496965.163351,35,23405.206814
5490394.070547,39,23405.950724
5487657.892111,39,23406.705596
5466198.970525,57,23407.8163
5372604.384766,72,23409.189796
5391874.700259,83,23410.822607
5370329.764803,82,23412.448114
5406307.728477,83,23414.027005
5454819.472355,35,23414.710153
5456058.540928,76,23416.184726
5823575.722434,75,23417.62633
5430514.344694,55,23418.700554
5538900.397112,62,23419.915174
5437324.67107,76,23421.421507
5654275.780248,90,23423.152126
5474544.933073,82,23424.740971
5449363.663699,81,23426.360415
5448733.973287,31,23426.945657
5471747.084434,78,23428.490696
5436459.494432,35,23429.185045
5439297.556212,92,23430.942839
5466793.784495,56,23432.037538
5444370.3939,36,23432.745784
5462841.410723,77,23434.238224
5453933.310539,78,23435.790137
5442601.838955,51,23436.809761
5421650.159369,83,23438.486588
5409555.137529,80,23440.047665
5501045.94375,76,23441.536112
5529037.189306,82,23443.028971
5589274.125959,79,23444.496895
5406874.850986,83,23446.044745
5846485.482993,92,23447.775358
5475856.33386,75,23449.1724
5444221.889281,82,23450.743874
6185817.874875,120,23452.959524
5495770.162923,83,23454.50999
5404941.147249,73,23455.850933
5532606.739089,87,23457.508162
135326.841978,250,23462.357045
5441933.42498,43,23463.22069
129440.886393,250,23468.05008
5451738.314722,31,23468.617299
5440529.030692,85,23470.193697
5426209.979278,78,23471.628582
5472940.254846,80,23473.100675
5637710.939773,105,23475.023181
5479254.996471,42,23475.823857
5459831.460389,30,23476.388755
5435286.153221,93,23478.14994
5438630.969133,78,23479.610545
5491497.36867,56,23480.706629
5473100.832902,47,23481.561613
5908067.060808,86,23483.171259
5450972.703755,73,23484.49248
5978182.292765,109,23486.549148
5475534.908349,79,23488.052149
5502750.603999,71,23489.353388
5494912.391456,40,23490.087013
5456096.580076,75,23491.507242
5477265.938146,55,23492.544408
5483341.081646,64,23493.721525
5497454.347828,81,23495.216502
5490656.566863,62,23496.371096
5450077.543338,78,23497.792701
5540730.325604,88,23499.422529
5487319.046976,66,23500.63964
5437011.366847,34,23501.268127
355364.030359,250,23505.854807
5422393.60232,82,23507.370308
5449990.482139,44,23508.18758
5449322.953917,29,23508.714636
5750883.132604,104,23510.642685
5486519.175678,38,23511.356559
5449469.01891,62,23512.474994
5407236.460893,80,23513.926051
5433284.737199,76,23515.328384
5506470.058779,44,23516.157499
5512028.95722,87,23517.7121
5454696.775389,34,23518.320401
5458289.521211,45,23519.153683
5399599.759141,76,23520.533684
5507504.786295,48,23521.439805
5486400.867086,31,23522.007366
5486197.574857,64,23523.208897
5446792.26687,34,23523.824379
5405280.564579,87,23525.467116
5459189.59712,41,23526.200418
5423760.039433,30,23526.737498
5416692.455757,87,23528.343051
5504611.982666,34,23528.965572
5431380.322477,28,23529.469815
5483546.615698,71,23530.752576
116840.6313,250,23535.377331
5475316.141067,68,23536.623691
5416003.994962,84,23538.205235
5436273.491939,29,23538.755969
5430043.168035,32,23539.33106
5452874.084262,88,23540.935119
5475363.226231,75,23542.353034
5544047.087507,95,23544.133023
5439390.203701,71,23545.465363
5460907.357829,46,23546.376617
5444353.541961,37,23547.064954
5479650.782283,70,23548.34162
5411503.059764,75,23549.690366
5413354.288659,83,23551.200165
5474768.611747,48,23552.086637
5440929.825083,32,23552.688922
5501657.496212,59,23553.766807
5428774.081498,33,23554.402819
5458162.488135,34,23555.006326
5491183.101932,56,23556.047167
5501989.023062,81,23557.530536
5383893.605658,83,23559.074193
5448689.463781,67,23560.305086
5472699.159741,53,23561.260482
5445474.392613,31,23561.867544
132461.596857,250,23566.835798
5645737.43144,78,23568.405278
5458587.212329,80,23569.974713
5445107.251232,39,23570.762135
5507278.41252,81,23572.394742
5461535.717034,27,23572.95452
5463443.071679,65,23574.246682
5489618.689918,80,23575.829147
5446128.531329,37,23576.590297
5682576.885969,95,23578.48391
5350004.191751,77,23580.027798
5710334.509213,72,23581.486681
5632032.168528,81,23583.114649
5432243.660982,71,23584.526313
5528925.850593,69,23585.918841
5449467.118978,35,23586.625985
5443472.135312,86,23588.334893
5420900.499933,75,23589.831992
5646232.995456,38,23590.552996
5479124.934679,35,23591.264792
5493840.259499,66,23592.605339
5466592.663233,37,23593.336454
5478494.791214,74,23594.826576
5429381.500763,35,23595.517916
5426711.986659,81,23597.115876
5488381.452087,38,23597.87811
5424557.591427,86,23599.584829
5453941.956146,58,23600.736781
5534835.52626,61,23601.935719
5508420.780894,49,23602.915634
5761109.542683,72,23604.35447
5397048.039882,90,23606.134914
5854126.094367,90,23607.85813
-66116.97529,80,23609.444242
5411067.065412,81,23611.058094
5633362.772932,48,23612.022972
5438554.928265,80,23613.640408
5443928.829623,39,23614.431507
5422337.331774,86,23616.117104
5742642.887995,99,23618.080385
5393781.31399,80,23619.661873
5429432.131614,33,23620.322394
5470904.945241,59,23621.471829
5460703.090868,85,23623.153063
5444287.658659,80,23624.766212
110469.784257,219,23629.097542
5441068.382675,43,23629.923385
5430421.148644,36,23630.624776
5473134.537828,32,23631.221704
5483948.48652,52,23632.2043
-99463.276366,56,23633.293173
5559724.103734,52,23634.268097
5451545.023482,47,23635.183756
5422268.379382,88,23636.867513
5467091.857222,66,23638.173608
5454851.559377,32,23638.819202
5481122.547367,62,23640.052309
5480501.671274,38,23640.80847
5440172.414134,76,23642.309673
5352486.440406,95,23644.171357
5515651.127523,57,23645.306359
5491731.921453,60,23646.56415
5439679.854808,32,23647.14642
5941030.360618,100,23648.975639
5425275.848245,91,23650.631076
5442721.745966,30,23651.205214
5419498.448158,28,23651.748923
5446600.884962,42,23652.559346
5415551.288006,83,23654.206152
5781115.868115,49,23655.195312
5448672.730195,75,23656.644639
5420263.867529,81,23658.20842
5479542.683627,37,23658.922307
5381443.193255,85,23660.619625
5411633.547205,81,23662.218565
5453244.501928,62,23663.440238
5517666.024498,74,23664.916008
5428137.340792,29,23665.482038
5460036.655529,81,23667.056254
5422560.644928,87,23668.740485
5450730.238535,85,23670.398182
5447664.797293,32,23671.034196
5478423.684679,74,23672.463825
5402619.097626,87,23674.146473
5510837.117252,59,23675.378316
5484419.731078,82,23676.95008
5509195.358044,55,23677.930184
5980271.084576,108,23679.804549
5511177.624261,91,23681.554828
5471471.568982,33,23682.158683
5422487.829096,75,23683.578493
5472743.822994,67,23684.850165
5445512.753715,84,23686.483101
5449342.947349,86,23688.127745
5458224.188329,83,23689.694485
5493391.108932,81,23691.282347
5713806.151538,92,23693.012445
5430567.11852,77,23694.455949
5476971.909214,71,23695.793336
5474699.962547,78,23697.235607
5480089.419203,63,23698.412502
136929.817549,250,23703.141573
5510272.752259,79,23704.648878
5928334.578518,61,23705.797679
5799775.528906,50,23706.741371
5429898.073863,82,23708.306445
5487594.630446,60,23709.442189
5441167.87113,39,23710.170734
5477173.921648,37,23710.871706
5463117.98535,76,23712.296415
5482141.716159,74,23713.695556
5469518.199039,41,23714.473142
5488205.043287,58,23715.549309
5473796.938419,102,23717.467852
5460649.033753,85,23719.078783
5510984.938001,69,23720.360726
5473751.483944,58,23721.443456
5420242.640577,28,23721.969671
5482483.543595,66,23723.173501
5586657.810778,82,23724.72884
5466751.924848,51,23725.692596
5453282.961072,55,23726.753081
5472420.178306,80,23728.310567
5461369.127677,37,23728.997858
5460975.570048,76,23730.431349
5462743.627043,80,23731.931875
5423886.549354,37,23732.6419
5479657.486689,65,23733.828694
5482575.63829,36,23734.529602
5566594.532109,77,23735.980187
5476607.971067,77,23737.409707
5439689.635194,29,23737.957078
5468429.016098,47,23738.844987
5464065.82755,42,23739.666723
5444615.00135,71,23740.991942
5452968.61089,35,23741.664696
5569730.580278,86,23743.256096
5401888.470531,83,23744.823121
5479368.649378,54,23745.862317
5375325.519667,88,23747.541799
5785239.015609,105,23749.505923
5474826.478666,33,23750.145967
5517718.65608,76,23751.57747
5451453.166647,83,23753.197288
5480429.129884,83,23754.742227
5450885.03229,78,23756.229834
5436862.987672,33,23756.871794
5483080.800613,55,23757.930599
5449759.723928,83,23759.517931
5457120.952184,80,23761.01373
5391500.607189,73,23762.398743
5442143.085329,36,23763.050278
5820740.473516,101,23764.952429
5500428.649737,61,23766.0909
5417948.158416,87,23767.763297
5863685.627499,77,23769.196507
5505090.023108,53,23770.181138
5492653.911975,40,23770.942785
5469859.213892,63,23772.158063
5632967.421545,75,23773.599047
5445725.690087,40,23774.359888
5470138.786169,36,23775.040221
5446006.015087,66,23776.312212
5475307.959375,49,23777.239337
5458436.491308,50,23778.215491
5874531.623252,70,23779.534966
5486944.449492,64,23780.737982
5423955.544787,40,23781.508506
5854890.183359,93,23783.268406
5448216.320131,32,23783.872393
5405478.259661,84,23785.460856
5573935.351023,39,23786.206532
5453465.062202,56,23787.262512
5529771.161882,53,23788.191612
5716646.935074,64,23789.304251
5418843.958219,81,23790.746053
5514267.079045,61,23791.888136
5375837.621998,74,23793.273295
5787443.637557,92,23795.013358
5431592.638896,74,23796.403497
5461203.727268,38,23797.12574
5447924.409709,34,23797.766107
5490906.327459,64,23798.97429
5454611.525913,33,23799.620518
5440456.355404,78,23801.059151
5452591.982946,48,23802.02865
5537696.461667,64,23803.359978
5422493.62443,37,23804.11249
5478160.158997,77,23805.650036
5443468.071559,34,23806.308729
5446119.994945,63,23807.564513
5515164.667151,78,23809.130905
5450040.288709,39,23809.891243
5439195.500787,80,23811.510242
5669186.635229,59,23812.661921
5469682.778872,44,23813.554163
5493645.053133,40,23814.370366
5423620.301058,88,23816.116307
5465965.867815,36,23816.866358
5456429.644912,55,23817.977812
5444066.429016,78,23819.578844
5435366.18364,85,23821.272885
5472793.233616,46,23822.187955
5455683.094216,75,23823.659194
5454313.132818,88,23825.435411
5391699.893154,77,23826.981546
5391060.824042,74,23828.480754
5476168.501135,62,23829.79689
5770909.838557,70,23831.091373
5460718.065965,40,23831.85736
5474226.604459,56,23832.951657
5457085.882977,28,23833.525303
5457239.591653,85,23835.261565
5437959.461912,81,23836.90848
5466090.353448,53,23837.975716
6005339.537681,91,23839.775264
5489208.607833,51,23840.790731
5503029.64932,58,23841.958663
5463264.583592,79,23843.532457
5441143.926556,31,23844.169022
5427349.026409,40,23844.971611
5462743.452832,86,23846.724203
5487000.137103,73,23848.200479
5457349.93508,38,23848.986002
5453219.16367,82,23850.629863
5553670.334465,80,23852.240587
5537881.425226,100,23854.305276
5478643.38564,75,23855.854747
5495417.612529,51,23856.852755
5470391.080476,91,23858.679466
5403331.680241,82,23860.370263
531694.208709,250,23865.369929
5420230.788696,32,23865.974445
5419680.958941,31,23866.599059
5435475.468012,36,23867.280859
5482109.278886,76,23868.739329
5482721.535985,75,23870.192574
5473625.711212,64,23871.465235
5362185.582421,78,23873.014516
5475529.726018,83,23874.652112
5415721.694288,82,23876.253544
5437224.579541,34,23876.893924
5458309.59671,33,23877.54196
5478866.787966,76,23879.044983
5453385.052134,34,23879.726254
103495.25647,250,23884.641268
5485987.493074,59,23885.807929
5481890.438729,70,23887.143678
5600190.450019,78,23888.721446
5442594.932738,82,23890.354687
5434271.06183,29,23890.959056
-74492.654581,95,23892.858676
5677127.68448,50,23893.807919
5461512.889231,29,23894.366866
5481985.35877,68,23895.740021
5440970.867031,44,23896.653214
5839525.437521,54,23897.715915
5516898.337438,40,23898.473761
5489050.150861,60,23899.639001
5495120.966338,48,23900.578398
5427882.156983,87,23902.240964
5482222.923483,61,23903.426633
5447794.770953,81,23905.029577
126105.23401,250,23909.982206
5502831.160817,64,23911.216817
5516990.43909,73,23912.641737
5424319.947014,31,23913.245079
5445279.354034,30,23913.82385
5440019.738872,30,23914.418491
5472877.057459,81,23916.027165
5478530.432271,80,23917.559635
5489181.37048,76,23919.011706
5484871.64709,72,23920.421686
5428165.216844,89,23922.201593
5462934.475019,39,23922.933985
5506577.620856,71,23924.263144
5483838.029287,39,23924.999678
5444963.728715,35,23925.658909
5379620.968868,72,23926.991427
5443883.498664,75,23928.403574
5488525.604831,38,23929.116627
5397069.227285,80,23930.648711
124944.711444,250,23935.346809
5468870.736544,68,23936.643583
5405939.972766,78,23938.12778
5449126.163927,37,23938.835993
5485937.364247,57,23939.926454
5488309.823105,52,23940.917572
5465433.896685,87,23942.518794
5452828.626679,67,23943.777071
5462991.15936,83,23945.325008
5494257.913574,58,23946.408715
5824201.094346,97,23948.260854
5490579.402846,43,23949.052774
5377882.978772,86,23950.703961
5471566.717775,56,23951.794959
5517894.402767,82,23953.3561
5456933.055914,78,23954.830446
5484036.782541,66,23956.067446
5483944.565072,78,23957.564286
5482214.283974,76,23958.980741
5596399.759082,71,23960.31637
5472696.028068,81,23961.816742
5441595.667105,64,23963.021018
5437077.95465,81,23964.53357
5488830.687136,64,23965.775277
5409114.552305,84,23967.432584
5412132.982238,82,23968.954999
5518423.624162,39,23969.690265
5833112.64708,97,23971.544155
5466680.861121,80,23973.050445
5476422.582111,60,23974.199537
5474956.181298,79,23975.684136
5503525.339752,57,23976.748014
5439500.911773,32,23977.355602
5491327.129543,38,23978.081804
5445905.274868,33,23978.708085
5473010.853623,73,23980.092194
5401259.685884,83,23981.64785
5541552.020588,79,23983.161258
5432865.062634,84,23984.753689
5483666.50075,51,23985.706516
5593705.036115,52,23986.676357
5448050.605088,82,23988.192197
5434235.889114,26,23988.682474
5444512.4233,39,23989.413952
5465806.039386,87,23991.053817
5475109.591221,89,23992.753742
5476979.542748,31,23993.348858
5453990.430495,38,23994.073593
5985356.532677,74,23995.505021
5471739.76052,89,23997.183576
5459644.075508,42,23997.970654
5475252.065295,54,23998.998209
5505420.121095,73,24000.356559
5455292.108893,61,24001.4912
5440736.907394,33,24002.129897
5426087.786366,81,24003.660492
5467218.888431,55,24004.702631
5470998.526066,64,24005.919174
5466193.515719,71,24007.267282
5460974.0892,36,24007.94676
5443348.817785,38,24008.654836
5459446.497942,84,24010.200356
5821260.391277,98,24012.080547
5472492.054807,75,24013.520055
5492625.340892,33,24014.146032
5458884.411646,58,24015.253211
5492816.961674,55,24016.275402
5470767.281291,59,24017.391051
5448469.986842,37,24018.101618
5479275.204144,39,24018.851874
5488596.87336,69,24020.153577
5468921.513917,35,24020.830577
5479702.193418,86,24022.443687
5471552.04471,57,24023.563406
5427098.254417,83,24025.137074
5365381.342845,86,24026.731694
5433718.737875,34,24027.354672
5500324.805054,79,24028.751225
5460920.425056,78,24030.189749
5488973.874697,64,24031.409409
5437343.676476,31,24032.008183
5441112.80107,37,24032.70077
5456141.578948,86,24034.310861
5462382.412624,77,24035.764649
5424545.87872,77,24037.279698
5490672.413715,54,24038.233249
5927233.269871,112,24040.329725
5539568.528224,94,24042.065749
5463101.261662,63,24043.342389
5464002.012467,38,24044.128227
5391166.124909,92,24045.986744
5626035.317017,44,24046.809303
5506593.970459,41,24047.610236
5416880.514815,79,24049.152549
5445724.052396,86,24050.941634
5461422.552023,52,24052.003109
5704798.706117,101,24054.019464
5457688.340565,35,24054.763362
5427876.135975,80,24056.425296
956938.284911,250,24061.53918
5494005.643141,56,24062.601979
5422095.450959,81,24064.27295
5481746.584007,55,24065.408623
5456201.388644,74,24066.924761
5451994.560723,37,24067.655824
5380606.424812,83,24069.303424
5531116.607784,73,24070.794013
5444220.85891,74,24072.339308
5480420.726292,43,24073.172223
5450089.94071,83,24074.871993
5463375.466018,32,24075.531534
5432270.496469,90,24077.361757
5469544.222567,42,24078.198404
5420076.656064,85,24079.876178
5441879.090924,76,24081.429759
5461810.022654,70,24082.90024
5461428.81629,76,24084.444036
5497192.221985,51,24085.466891
5494872.494721,76,24087.00813
5536450.779381,36,24087.689878
5446270.736553,48,24088.639663
5438074.944241,87,24090.416713
5484444.297284,77,24092.027422
5722140.657927,65,24093.390325
5384499.661815,71,24094.852914
5471390.811213,82,24096.527046
5631708.117862,49,24097.511962
5455580.703835,51,24098.591962
5426647.940422,27,24099.151063
5511280.484538,40,24099.992676
5517378.373732,76,24101.554262
5526789.777612,82,24103.205422
5494522.152125,72,24104.622566
5440382.900138,50,24105.587016
5456433.292689,48,24106.502608
5433883.758815,33,24107.119517
5518216.736782,40,24107.874325
5456249.508176,42,24108.653914
5407639.60371,84,24110.280437
5444398.784865,52,24111.320521
5388083.632964,81,24112.854747
5542840.040542,38,24113.588561
5447821.572578,39,24114.33494
5490144.511384,59,24115.511524
5419981.187852,84,24117.109641
5488633.705244,82,24118.706044
5492805.147805,77,24120.178854
5478455.608059,67,24121.492541
5455829.834525,38,24122.25703
5459333.257031,78,24123.794494
5972108.360575,88,24125.496839
5443112.410411,91,24127.288163
5467503.79655,86,24128.958193
5530964.228143,71,24130.389678
5483483.133355,48,24131.346418
5446527.192801,81,24132.923336
5478366.404585,32,24133.537189
5427894.369141,80,24135.059541
5421948.657215,85,24136.710221
5403093.62571,89,24138.459784
5478498.140319,83,24140.070132
5529969.030412,90,24141.889504
5425798.944193,36,24142.593161
5490524.338466,74,24144.033488
5461384.142211,75,24145.489689
5561105.308634,42,24146.29421
212777.805614,250,24151.110546
5444887.868728,31,24151.721719
5378961.876002,80,24153.294886
5476985.20704,78,24154.835398
5436683.213032,32,24155.481058
5948068.124436,82,24157.063954
5470439.339202,72,24158.491044
5426218.892357,81,24160.038732
5464960.487074,43,24160.850074
5449592.086079,66,24162.082
5476331.853545,35,24162.746436
5479918.274531,56,24163.793972
5479304.329618,62,24164.946293
5462022.422934,29,24165.505775
5497838.436275,64,24166.706254
5466569.816487,40,24167.455268
5472233.090484,36,24168.116698
5449073.12349,73,24169.486686
5446163.707124,30,24170.062331
136349.648254,250,24174.794108
5463498.014471,74,24176.174404
5394805.821963,77,24177.621101
990859.324744,250,24182.240398
5499296.860527,78,24183.72524
5546439.583184,34,24184.366054
5528430.125398,87,24185.981892
5495719.393945,62,24187.121957
5486546.221537,75,24188.557802
5487724.504845,86,24190.17565
5452079.990817,83,24191.718409
5460431.09765,37,24192.403329
5443254.510253,80,24193.907665
5532613.903869,76,24227.307897
6222856.452252,100,24229.030451
5507555.274931,54,24229.955999
5539656.802087,76,24231.282639
5475715.817227,60,24232.374766
5425526.561958,88,24234.032929
5487019.137627,66,24235.29221
5441165.404542,27,24235.799729
5802234.846173,72,24237.151057
5440923.483313,81,24238.691051
5490414.522372,64,24239.919174
5474549.054151,80,24241.428356
5471064.050189,66,24242.661996
5435170.454944,85,24244.262682
5462816.191353,49,24245.154066
5434164.464445,27,24245.697762
5508644.943678,38,24246.418181
5479928.740422,59,24247.542361
5396442.554905,79,24249.023015
5469439.362803,38,24249.74697
5465959.248976,32,24250.361451
5644421.676022,85,24251.961517
5423989.116418,31,24252.544755
5424252.264678,92,24254.278561
5460356.032946,73,24255.686988
5427229.679439,83,24257.232174
5452568.688936,81,24258.738493
5464540.081175,70,24260.060093
5562805.547944,84,24261.667094
5429574.378454,29,24262.1968
5431965.279903,42,24262.969704
5485659.406057,67,24264.238817
5379735.606696,85,24265.889718
5487098.294392,42,24266.660146
5526239.650833,57,24267.704668
5727979.018742,94,24269.32431
5444540.448503,32,24269.93205
5429193.214542,27,24270.427884
5427506.752113,31,24271.002464
5461324.913944,32,24271.606306
5469020.679712,36,24272.292155
5446590.986105,76,24273.721422
5451914.413851,43,24274.538169
5471363.200603,73,24275.909112
5445094.71961,37,24276.604618
5460927.570358,77,24278.018014
5517399.36771,35,24278.675056
5444260.003923,32,24279.285815
5474098.612262,58,24280.392399
5468828.429022,36,24281.069737
5496735.841644,64,24282.355939
5458028.900995,77,24283.942179
5437671.850753,26,24284.48764
5943862.041819,110,24286.656833
5380837.063646,79,24288.250325
5460247.8215,58,24289.413784
5476701.027628,64,24290.703577
5439231.057665,81,24292.332164
5397125.175764,91,24294.167141
5460959.806079,90,24296.052692
5467454.885753,41,24296.886956
5478604.545428,60,24298.100493
5454963.404659,77,24299.66521
5457021.901336,45,24300.610134
5540021.131647,59,24301.800059
5467866.768847,26,24302.336033
5451427.350934,63,24303.593456
5505655.472083,60,24304.816085
5493149.706431,76,24306.336112
5457508.742446,38,24307.075791
5458667.543986,82,24308.725162
5480012.535723,84,24310.454187
5569151.100273,87,24312.23798
5495027.131291,77,24313.833432
117100.435445,250,24319.016777
5513564.550009,90,24320.872186
5387784.690375,82,24322.526571
5481906.823911,81,24324.142108
5383780.896031,82,24325.852393
5441762.272762,38,24326.640456
5438311.016046,55,24327.736605
5426528.932816,30,24328.361795
5456174.445309,62,24329.666067
5513552.142535,63,24330.95893
5466004.059893,68,24332.357275
5428192.043924,79,24334.004281
5539512.951037,85,24335.709967
5459407.192802,50,24336.709919
5462945.109293,35,24337.418173
-82896.162699,39,24338.192427
5452876.36439,32,24338.844733
5467728.319486,29,24339.442732
5426449.032368,80,24341.104016
5477229.632539,63,24342.379109
5462800.137977,73,24343.809278
5483058.532949,53,24344.861191
5444739.11127,40,24345.641673
5606563.091028,76,24347.084689
5504094.62219,50,24348.027654
5471689.009996,42,24348.854594
5431694.872452,31,24349.459668
5431858.434255,27,24349.983071
5481507.936638,60,24351.185669
5460333.658548,39,24351.96572
5427473.948279,81,24353.564199
5456086.720538,85,24355.260941
5463607.550881,45,24356.121536
5785549.450108,76,24357.576941
5462308.131169,56,24358.715778
5453645.12142,73,24360.125029
5490277.367176,80,24361.707056
5478615.783154,76,24363.159921
5468122.580093,79,24364.677051
-175901.827825,9,24364.858183
5486339.789886,69,24366.190295
5494265.983628,80,24367.723342
5480978.76669,46,24368.605113
5493845.70899,67,24369.92372
5439537.094293,27,24370.462877
5451820.318428,85,24372.136135
5408017.293106,79,24373.676755
5428595.699249,81,24375.274681
5499943.956061,52,24376.289467
5944179.956108,85,24377.935678
5806591.475079,99,24379.90901
5518048.405149,69,24381.214837
5442155.07179,80,24382.73512
5514538.098857,38,24383.501819
5422625.17152,82,24385.078498
5467923.667289,41,24385.906266
5466518.699626,73,24387.315489
5473787.834278,91,24389.083011
5468359.202718,36,24389.760383
5424820.938417,78,24391.289273
5479115.45018,65,24392.569639
5393242.938868,83,24394.226883
5470867.634626,67,24395.532391
5419045.614131,81,24397.122722
5491586.763098,84,24398.757241
5484073.237664,69,24400.117965
5408357.565659,82,24401.746265
5448017.438281,35,24402.408355
5483331.513455,84,24404.002507
5466279.506926,40,24404.757167
5488607.045747,67,24406.03688
5467881.285981,90,24407.711214
5467181.1051,70,24409.020803
5486531.016928,58,24410.079534
5391955.903573,80,24411.580038
5487537.064016,67,24412.854298
5471962.122757,35,24413.502681
5514113.4568,76,24414.93054
5485080.922607,64,24416.154368
5406740.018296,77,24417.642256
5470619.974286,40,24418.405244
5480094.333425,76,24419.841453
5504528.070191,75,24421.27457
5421574.098716,35,24421.949249
5467750.940923,74,24423.312685
5484948.793312,68,24424.566973
5443858.209525,37,24425.261117
5481291.845174,36,24425.922332
111305.207471,250,24430.606739
5452089.719574,42,24431.408598
5441789.595623,81,24432.934413
5432702.314222,88,24434.628259
5440845.91155,28,24435.156085
5568186.904575,42,24435.93631
5381087.997339,82,24437.465372
5657686.941098,74,24438.825908
5492544.899965,68,24440.073133
5494941.427597,48,24440.983935
5439235.349321,35,24441.649504
5476606.295078,52,24442.629638
5522264.358346,40,24443.387845
5471829.424279,46,24444.261822
5448713.444571,32,24444.880068
5452914.322818,79,24446.407198
105762.769699,250,24451.122507
5542073.007669,84,24452.724822
5496886.301647,64,24453.924704
5456732.599515,73,24455.325315
1372113.649284,250,24460.033115
5426911.920479,33,24460.651171
5437132.433774,71,24461.996325
5544236.96695,78,24463.491332
5470894.619251,46,24464.354933
5499603.050794,88,24466.008682
5456923.930136,34,24466.641381
5512555.447927,97,24468.440334
5487546.520664,58,24469.52841
5404898.914409,85,24471.111259
5534254.068461,61,24472.257849
5427469.836787,27,24472.775164
5455163.985087,79,24474.263389
5444270.535372,34,24474.899099
6120579.349482,118,24477.126357
5493904.36573,54,24478.179676
5539046.912301,92,24479.937534
5497724.21575,67,24481.198359
114229.98349,250,24485.920607
5557236.080915,58,24487.028426
5484300.491059,29,24487.596749
5530739.505368,84,24489.163699
5395267.490429,86,24490.796961
5456744.645315,61,24491.972269
5422680.892908,80,24493.470729
5445323.236161,28,24493.999677
5487906.120508,34,24494.64332
5467637.406607,33,24495.248191
5479387.569161,73,24496.61575
5688724.263944,49,24497.518883
5501501.681214,89,24499.182308
5473612.822044,27,24499.687978
5470451.058203,75,24501.104253
5506841.504315,69,24502.382155
5476267.653003,69,24503.681835
5516613.160681,79,24505.170665
5456192.700635,61,24506.330047
5549370.363178,79,24507.815718
5472517.415162,34,24508.464327
5443760.776349,30,24509.016544
5488108.386365,85,24510.643743
100900.756953,250,24515.330465
5445165.830212,29,24515.916095
-46004.014451,114,24518.013915
5496736.818857,67,24519.261822
5445057.425453,35,24519.92998
5452422.796818,40,24520.695016
5628693.175429,89,24522.40249
5473689.122455,72,24523.870389
5813811.369549,50,24524.859268
5512415.032466,66,24526.200198
5451497.172594,36,24526.888588
5495045.828621,74,24528.4187
5445066.623988,37,24529.154315
5449820.760478,72,24530.621074
5438585.824442,76,24532.158501
5422819.015207,85,24533.861162
5539820.928986,82,24535.551214
-37700.649108,174,24539.033443
5422519.651786,89,24540.84204
5482337.635495,37,24541.600612
5430295.361276,87,24543.354137
-145059.588484,17,24543.708123
5869774.259166,58,24544.892423
5578823.140796,40,24545.684179
5441834.287006,35,24546.418001
5484490.261246,41,24547.28267
5509118.087972,86,24549.057959
6374492.78182,107,24551.249807
5484580.595883,61,24552.53254
5360459.813669,82,24554.21856
5434967.241681,55,24555.367349
5435656.981599,55,24556.487749
5690656.882615,75,24558.001692
5474350.263002,34,24558.69882
5501959.648083,37,24559.456184
5436212.633167,41,24560.299127
5481935.132189,37,24561.057418
5459066.394058,82,24562.768605
5456699.767532,40,24563.559484
5857593.337219,194,24567.516634
5495179.122716,57,24568.679823
5381974.106173,89,24570.485225
6072949.169513,74,24571.972911
5480559.082321,50,24572.981869
5526206.100795,84,24574.65857
21322.787772,250,24579.723816
5452125.565514,37,24580.497029
5493822.057183,68,24581.89367
5449361.280046,74,24583.343277
5404721.033726,79,24584.905644
5453574.388591,30,24585.47712
5450037.480967,81,24587.043839
5472530.899204,65,24588.330745
5458078.121764,40,24589.100741
5697973.044004,91,24590.850398
5433878.791056,41,24591.679729
5480378.39504,66,24592.996807
5484853.702625,83,24594.538477
5650278.19467,98,24596.503179
5430588.553052,76,24598.009432
5401233.123478,83,24599.63602
5880361.818244,82,24601.261836
5418047.588858,82,24602.870822
5442884.316061,77,24604.376903
5466559.223857,60,24605.54469
5477776.758312,42,24606.407697
5687308.392002,91,24608.185059
5498153.118341,57,24609.302933
5404642.131254,81,24610.883575
5411857.844918,77,24612.427054
5481394.907433,70,24613.767951
5427992.84803,81,24615.401273
5435260.478382,26,24615.922531
5448125.205899,31,24616.530788
5480809.034079,63,24617.715303
5511674.035632,89,24619.429038
5522975.7997,35,24620.107635
5459662.630658,62,24621.37276
5445760.974949,31,24622.002163
5518652.779614,86,24623.734032
5438010.339871,34,24624.377131
841807.278802,250,24629.333449
5427667.000726,81,24630.893504
5475876.848918,74,24632.342243
5438734.467941,85,24633.990195
5519407.439248,66,24635.283164
5450262.39848,46,24636.172883
5439438.800827,45,24637.04955
5450214.598314,32,24637.659219
5434187.534668,33,24638.31796
5431808.565818,38,24639.056975
5496241.213403,71,24640.439965
5660198.335792,77,24641.948085
5466936.372363,77,24643.40372
5435166.416478,39,24644.130093
5458481.565697,35,24644.775961
5481189.6953,40,24645.528032
5481457.479699,45,24646.365811
5678077.95992,54,24647.384496
5422337.810156,35,24648.042361
101433.10891,250,24652.781389
5772409.292951,86,24654.417269
5413387.97525,82,24655.950446
5479258.747383,67,24657.246717
5482083.285921,54,24658.237328
5522139.692779,91,24659.966004
5481696.466345,73,24661.328854
5515095.673413,62,24662.48428
5495231.032874,92,24664.236823
5398495.239174,87,24665.898572
5499477.681591,69,24667.18353
5422635.998958,83,24668.752289
5448071.826729,51,24669.722743
5468428.411537,38,24670.419275
5413592.137019,82,24671.937367
5501504.406425,74,24673.316537
5497948.031913,64,24674.530258
5698201.723973,113,24676.628662
5499030.93465,71,24677.971683
5871445.634134,46,24678.827641
5450926.052149,32,24679.425123
5478574.512675,58,24680.591706
5451533.8775,75,24682.04046
5453856.609365,80,24683.599124
5507454.29631,78,24685.132311
5443129.720552,70,24686.496377
5443096.500013,30,24687.075444
5546021.993122,76,24688.483233
5503490.304487,74,24689.865978
5461379.449939,59,24690.942358
5464752.838187,45,24691.78613
5468392.047603,40,24692.523906
5471052.060519,63,24693.743467
5565392.521925,76,24695.17051
5455514.850289,37,24695.875902
5474957.550177,43,24696.684572
5483352.118073,44,24697.500907
5702921.308218,48,24698.419667
5458538.379449,91,24700.131451
5486540.575187,65,24701.329773
5364899.967461,92,24703.07432
5535136.542119,39,24703.801697
5442559.709355,81,24705.328883
5453730.896439,64,24706.528042
5421773.14427,70,24707.833635
5365526.923079,84,24709.418476
5449651.365366,48,24710.314947
5455779.53292,31,24710.892328
5474146.073283,87,24712.521049
5496923.248828,62,24713.710363
5454101.308137,36,24714.388806
5671061.906315,80,24715.88128
6051638.47228,121,24718.191745
5461712.766562,81,24719.738456
5445210.262089,82,24721.301433
5480467.647363,39,24722.033165
5483336.770566,64,24723.240228
5559185.135288,43,24724.059321
5408520.221108,83,24725.624633
5444732.364252,90,24727.317595
5444874.99558,33,24727.94852
5441448.714323,29,24728.499475
5446523.195039,83,24730.038017
5831800.348231,59,24731.15884
5487861.515877,61,24732.33333
5523045.756389,55,24733.361675
5433522.894858,28,24733.907553
5449135.755596,74,24735.304244
5487660.125851,70,24736.591799
5450910.547492,87,24738.195451
5438631.632815,30,24738.76134
5415651.433947,82,24740.335241
5476197.81685,37,24741.030307
5498070.749368,57,24742.107619
5456509.573431,33,24742.731148
5444566.19754,80,24744.241896
375820.161994,250,24749.010926
5739472.518473,100,24750.873872
5486831.700017,69,24752.189341
5454174.697651,78,24753.640404
5458901.711411,42,24754.399955
5444407.451288,35,24755.05659
5566844.772843,41,24755.810225
5496482.818662,60,24756.943746
5450365.010584,79,24758.410681
5479372.644404,67,24759.680305
5483294.926,42,24760.448404
5437653.794179,33,24761.067241
5453869.057677,33,24761.737173
5564044.151207,100,24763.739909
5501559.899856,78,24765.28392
5442459.698622,32,24765.905519
-212.318121,234,24770.607166
5363218.907407,87,24772.387097
5381549.055284,76,24773.961967
5484798.092416,35,24774.643483
5536112.953868,62,24775.878157
5410898.001185,73,24777.344979
5383448.067521,82,24778.945115
5490693.148227,58,24780.093476
5653047.735362,43,24780.97157
5481114.26271,57,24782.107239
5462172.132868,34,24782.80235
5826731.284121,89,24784.626379
5474758.724177,82,24786.25794
5639138.3842,102,24788.353541
5472298.102783,70,24789.772929
5466713.989946,69,24791.169785
5477117.504656,68,24792.537933
5385761.581649,89,24794.315136
5383928.567075,92,24796.18452
5456090.272991,34,24796.890562
5676151.292258,101,24798.964848
5484570.128391,87,24800.796605
5452533.869662,26,24801.347334
5459086.789322,35,24802.068631
5513203.032783,69,24803.505088
5453881.697967,84,24805.211112
5437193.196456,83,24806.892832
5457095.591927,38,24807.631394
5481407.616928,38,24808.361465
5559585.981464,93,24810.210307
5789400.632986,78,24811.777145
5433524.623014,31,24812.414587
5452112.578051,32,24813.054578
5439315.610288,28,24813.606284
5468865.444469,46,24814.549514
5504163.362599,49,24815.536876
5419813.4402,93,24817.500485
5467048.161179,85,24819.18228
5474997.353753,47,24820.148796
5463253.185631,37,24820.901651
5416865.294315,74,24822.339339
5483589.893314,40,24823.117186
5582400.800289,96,24824.986953
5424226.917223,32,24825.5938
5436751.27317,74,24827.001409
5486422.282095,82,24828.627981
5506650.036422,47,24829.541465
5491860.716281,41,24830.340179
5452840.857207,44,24831.239681
5445453.292679,47,24832.123882
5439415.114981,86,24833.824848
5457105.810226,63,24835.061834
5788405.309999,104,24837.026263
5424823.147394,74,24838.478927
5489958.933998,76,24839.919574
5452411.098182,34,24840.564351
5506802.276094,72,24841.949065
5486587.892557,52,24842.969723
5479289.28146,57,24844.067562
5430746.498583,83,24845.718699
5452490.70538,41,24846.546774
5371216.743026,84,24848.258487
5502164.142143,72,24849.65321
5478261.886007,79,24851.169088
5445371.536024,81,24852.77356
5428770.024637,88,24854.486397
5448111.773181,39,24855.277678
5454485.876745,30,24855.845583
5597626.657183,93,24857.656785
5777999.255305,78,24859.165643
5476269.872876,73,24860.583202
5448487.367022,36,24861.319936
5494299.806209,77,24862.874254
5432790.263614,24,24863.311451
5904229.530922,63,24864.575271
5446104.914788,33,24865.206995
5435953.436815,33,24865.886168
5521022.331779,70,24867.273517
5351971.965098,85,24869.002164
5358750.221821,85,24870.637805
5472214.93252,42,24871.437374
5453584.429293,75,24872.883589
5494749.307155,78,24874.438808
5482383.868929,51,24875.465884
5485272.031712,86,24877.157077
5447066.40772,30,24877.735038
5443415.962024,31,24878.360158
5700001.790528,84,24880.062175
5509385.169827,87,24881.732045
5668679.202659,63,24882.901122
5473317.303465,73,24884.355457
5442421.504823,33,24885.009572
5473639.471228,41,24885.768393
5359559.082194,86,24887.533348
5448015.739056,31,24888.084187
5509967.019988,78,24889.46408
5425045.956629,30,24890.014174
5471930.033213,58,24890.996405
5397087.171227,84,24892.44279
5493008.374322,95,24894.262361
5471058.0263,37,24894.950847
5376656.246972,81,24896.372702
5461116.766239,78,24897.817299
5460549.682311,58,24898.958268
5463801.088271,78,24900.422528
5406131.322346,82,24902.000627
5455256.403657,37,24902.648279
5498638.314711,63,24903.731609
5440361.435453,77,24905.165979
5430908.797594,32,24905.733757
5436222.942948,37,24906.39618
5426746.99458,28,24907.075369
5462560.211025,82,24908.51693
5449009.440494,31,24909.063769
5477914.178147,73,24910.330574
-197604.458203,15,24910.60212
5476823.018777,51,24911.543525
5472291.528571,41,24912.292635
5415549.088417,87,24913.933657
5517365.970653,59,24915.009026
5457227.642831,34,24915.632016
5751790.550994,55,24916.724853
5460158.373051,86,24918.218188
5812238.971771,98,24919.990661
5502374.136054,78,24921.354162
5397143.811873,87,24922.959369
5477265.18123,57,24924.074655
5440547.8923,33,24924.627746
5473434.562348,40,24925.346481
5486146.288147,69,24926.54182
5454324.564797,34,24927.164836
5519841.594535,77,24928.546001
5522986.587119,67,24929.780502
116448.771989,250,24934.404883
5492215.938978,33,24935.083923
5467514.965839,50,24936.081611
5459649.202017,73,24937.320822
5516553.665091,72,24938.556135
5488079.389799,37,24939.231342
5517202.50799,50,24940.143829
5419119.892937,27,24940.637033
5438228.729955,80,24942.134052
5548495.677384,84,24943.682832
5541874.632702,51,24944.808093
111052.538682,250,24949.200272
5500319.053421,76,24950.595069
5434829.52884,35,24951.223452
5455587.217923,49,24952.114183
5435750.414561,81,24953.580997
5517059.487539,43,24954.365821
116573.802631,250,24958.980648
5514958.433279,50,24959.92101
5380112.960722,89,24961.591352
5867975.563051,97,24963.456162
5500010.249081,51,24964.403993
5583327.618583,95,24966.201781
5468707.326961,42,24966.980263
5464459.268808,63,24968.105814
5469244.73546,60,24969.214773
5457458.751883,78,24970.700716
5369877.126134,75,24972.067809
5497842.395083,78,24973.510928
5465858.51077,72,24974.882206
5468146.532527,45,24975.720512
5445901.469461,80,24977.206615
5493637.149206,71,24978.512009
5394230.626047,90,24980.168738
5486295.197447,61,24981.324848
5481532.3357,81,24982.786962
5436984.237787,35,24983.455448
5448785.130981,38,24984.138608
5464217.210647,73,24985.543809
5464453.789816,78,24987.030358
5617773.696072,45,24987.864134
5449777.213843,36,24988.513402
5474811.579802,76,24989.944788
5459425.842451,35,24990.590402
5470432.165941,78,24992.02036
5384549.571615,85,24993.644822
5527179.650309,88,24995.272171
5459955.719595,32,24995.861215
5434725.256633,80,24997.321934
5459471.048043,52,24998.286611
5450391.555849,74,24999.656735
5447194.618434,34,25000.324757
5441899.288305,72,25001.701312
5436534.596605,83,25003.339751
5383757.497357,80,25004.956642
5596684.914209,50,25005.947479
5436435.329382,30,25006.527092
5515874.362889,88,25008.265852
5485892.682355,69,25009.635691
5460545.610989,52,25010.671612
5388593.633977,84,25012.331078
5564517.099326,60,25013.526212
5546425.544598,41,25014.344413
5464800.720464,31,25014.964307
5456393.82794,37,25015.707076
5488957.678552,66,25016.999092
5949720.947637,105,25019.081549
5436946.985507,82,25020.738527
5382351.819191,81,25022.361556
5460305.344919,42,25023.210952
5424920.619225,84,25024.908079
5495000.472467,75,25026.37028
5503340.556489,63,25027.625396
5497324.59779,75,25029.12549
5427251.127575,86,25030.835581
5411638.680775,27,25031.355628
5463073.703424,37,25032.087017
5439443.930701,78,25033.633076
5407640.073027,77,25035.180966
5463473.360165,47,25036.13412
5445485.193883,59,25037.337871
5785567.096553,106,25039.429686
5440451.810042,32,25040.076509
5440530.350106,31,25040.686778
5548677.177126,71,25042.107755
5756356.734835,97,25043.998347
5544290.897832,84,25045.703345
5608103.696106,48,25046.612745
5478309.069026,79,25048.163434
5544474.508059,77,25049.669039
5475968.961439,37,25050.408945
5515449.710588,73,25051.825034
5421569.373187,78,25053.379184
5880494.391307,107,25055.528927
5467776.583426,73,25057.000376
5484487.693576,72,25058.414507
5481950.425358,82,25060.043688
5431449.988163,82,25061.663289
5447789.994147,82,25063.240131
5463383.922729,73,25064.73071
5399730.541748,81,25066.267088
5441515.095528,34,25066.925739
5453859.179874,40,25067.656325
5690920.266996,87,25069.355492
5472906.344386,55,25070.365621
5499942.246909,83,25071.925674
5435776.873734,34,25072.575515
5466162.842979,34,25073.227168
5501445.424452,79,25074.743322
5415136.399236,84,25076.379776
102392.577981,250,25081.200595
5419333.355419,81,25082.788335
5482057.319739,77,25084.238672
5410294.845784,83,25085.754271
5466571.590529,31,25086.332333
5468236.233483,69,25087.715305
5406507.868792,83,25089.350289
5373904.280099,86,25090.9808
5450824.929765,67,25092.268646
5471223.022775,37,25093.059289
5377948.817972,83,25094.939021
5481187.082614,42,25096.108471
5457070.941415,81,25098.137822
5489065.547688,49,25099.362184
5668362.698997,98,25101.720602
5483493.378058,41,25102.747712
5450609.637068,79,25104.679312
5395703.513487,79,25106.685397
5479706.206393,75,25108.651789
5456453.525315,40,25109.665638
5468356.523708,37,25110.646465
5530001.833407,81,25112.70824
5452884.90524,77,25114.680165
5448942.279237,35,25115.655662
5451873.099563,78,25117.5914
5538679.934539,79,25119.575975
5469864.51016,84,25121.704386
5681277.280296,89,25124.179002
5483997.710417,82,25126.364903
5469365.018213,76,25128.451643
5347233.83912,83,25130.756592
5491153.833848,60,25132.172224
5519087.370648,72,25134.004556
5474352.57513,62,25135.564703
5451086.761079,73,25137.521564
5504571.414808,42,25138.565825
5472080.703705,65,25140.188534
5464236.446755,83,25142.141021
5460578.860902,85,25144.183465
5439068.038448,30,25144.973128
5423504.019037,82,25147.31849
5430905.448663,51,25148.742133
5563375.45012,75,25150.705882
432400.244022,250,25157.149845
6249862.294409,121,25160.588178
5478002.265106,54,25161.955385
5451887.735122,38,25162.853293
5440063.228062,80,25164.93849
5520181.233726,72,25166.824362
5479772.99702,34,25167.939975
5421899.447052,88,25170.210719
5643738.726793,82,25172.437129
5461724.120798,33,25173.250957
5471062.080051,72,25175.262156
5442112.41112,79,25177.390003
5450491.935402,32,25178.193043
5461984.998775,59,25179.716899
5665570.285335,110,25181.884436
5458546.257534,73,25183.265363
5451301.08518,32,25183.843854
5508347.828208,87,25185.501721
5424954.616639,83,25187.051941
5501458.871742,69,25188.338406
5443828.941738,68,25189.646714
5454516.652239,86,25191.266472
5461676.794263,80,25192.779287
5481894.249815,51,25193.761303
5488093.758532,75,25195.191463
5825641.729646,56,25196.267444
5456046.694101,81,25197.778272
5417422.377758,75,25199.183779
5457810.235998,44,25200.020214
5465764.478384,75,25201.505255
5477880.047223,37,25202.204998
5477879.241375,59,25203.280111
5452009.072816,43,25204.093233
5450802.790357,38,25204.810685
5503755.222909,42,25205.604044
5514478.321307,67,25206.848922
5468474.788602,35,25207.517907
5477954.49741,65,25208.754188
5436851.023095,48,25209.666035
5456462.153812,34,25210.313396
5469028.824743,39,25211.033521
5401197.225118,86,25212.653506
5383821.927164,84,25244.668883
5466269.852947,34,25245.332536
5456313.553065,81,25246.930167
5449239.14397,27,25247.463955
5480504.860945,81,25249.066216
5386771.79923,83,25250.725249
5406793.625807,83,25252.381159
5579867.004069,64,25253.646736
5510907.876672,81,25255.2787
5884765.74454,92,25257.134117
5473233.537647,51,25258.176119
5489921.433246,79,25259.755633
5403638.160056,78,25261.393689
5495500.80532,55,25262.390152
5524360.097126,74,25263.841283
5483943.869524,57,25264.892978
5447960.987105,49,25265.814054
5565523.461658,48,25266.695397
5427876.277996,29,25267.265364
5422911.298523,92,25269.054137
5456782.235393,58,25270.226569
5452068.970189,31,25270.797886
5514992.763365,91,25272.583964
5412427.818599,84,25274.217444
