#{"t_start": 1763598734.2278743, "env_id": "PulleyEnv-v0"}
r,l,t
-149008.15755,76,1.856973
-292930.544937,250,3.118908
-405183.447812,250,4.332024
-211951.797642,152,5.1013
-291993.483157,250,6.332299
-175079.761593,66,7.367637
-118580.213135,32,7.952932
-218566.030843,30,8.519557
-171061.183629,49,9.338488
-354975.635954,45,10.149656
-169057.612383,25,10.578267
-300861.98032,125,12.697397
-349173.350197,112,15.30167
-140474.182715,17,15.676884
-305487.341086,91,18.021381
-670437.07925,114,20.803378
-175558.650372,35,21.662593
-237217.729188,122,24.639552
-347695.156221,250,30.713829
-238304.570885,134,33.816248
-1152620.447642,221,39.01394
-534361.142958,250,44.748983
-162648.221701,250,50.721896
-202374.097619,250,56.722309
-161890.316446,250,62.582662
-337359.389521,250,68.235741
-231498.357365,250,74.492938
-184619.619094,250,81.075297
-217499.57978,250,87.264741
-158441.971154,250,93.52302
-146347.717105,250,99.483826
-166830.296272,250,105.731653
-183522.501385,250,111.55218
-156504.370122,250,117.622653
-325584.035233,250,123.517595
-165505.085444,250,129.527632
-134114.045156,250,135.695839
-163908.296146,250,141.560801
-175205.84685,250,148.086897
-185534.343285,250,154.023336
-153087.387111,250,160.478713
-151951.140139,250,166.293552
-156741.927177,250,172.204433
-137554.327935,250,178.441333
-225048.631773,250,184.182504
-147566.395512,250,190.179989
-169551.910085,250,195.770157
-125846.914415,250,201.727813
-146324.772749,250,207.804335
-149057.734431,250,213.52356
-130531.610441,250,219.743545
-126588.820916,250,225.628121
-147081.559553,250,231.796968
-161288.681258,250,237.750839
-129120.804318,250,243.630916
-138965.012218,250,249.460038
-173938.21131,250,255.290884
-138040.82295,250,261.154411
-134188.26365,250,267.062425
-128132.893606,250,272.88199
-126888.53273,250,278.732313
-244376.688848,250,284.436101
-177765.980646,250,289.927384
-132971.228828,250,295.858402
-169165.886958,250,301.92265
-126439.049067,250,307.99983
-130719.836104,250,314.127359
-162911.399815,250,320.036061
-130152.310288,250,325.8781
-150235.350037,250,331.749973
-132504.093289,250,337.492598
-132133.874689,250,343.419935
-147125.511439,250,349.322095
-128570.883817,250,355.546865
-135059.055658,250,361.498697
-211576.230605,250,367.302591
-125509.433336,250,373.087253
-147425.411891,250,379.194672
-143197.39929,250,385.177776
-141954.696314,250,391.115248
-202854.472048,250,397.050206
-147121.659703,250,403.175638
-140963.486567,250,409.073405
-244021.254588,250,414.876568
-131940.62373,190,419.354931
-130968.315646,250,425.177688
-130931.902597,250,430.853249
-130915.357722,250,436.589986
-133766.880851,250,442.379123
-128126.919034,250,448.267053
-138954.249538,250,454.011718
-132051.970642,250,459.953072
-230398.162229,250,466.129892
-141030.970675,250,471.706233
-150761.421963,250,477.518891
-149151.12808,250,483.573161
-144491.30559,250,489.478526
-143444.846231,250,495.293804
-128215.918532,250,501.337924
-127305.485378,250,506.77322
-126970.869721,250,512.876599
-127122.474715,250,518.460487
-139771.527518,250,524.228779
-140385.646811,250,530.060442
-167570.992477,250,535.784381
-127904.913113,250,541.509707
-133986.197149,250,547.281749
-152202.48025,250,553.098325
-131382.446276,250,558.913225
-128327.194706,250,564.832
-137291.476427,250,570.648741
-133522.472158,250,576.709416
-130358.545072,250,583.002615
-125687.941343,250,588.760596
-63246.096669,116,591.470814
-125672.596892,250,597.480656
-201828.010459,250,603.299567
-168660.541296,250,608.954145
-134048.231522,250,614.957855
-152334.963488,250,620.865546
-139895.883719,250,626.729837
-148558.337449,250,632.776305
-153895.88126,250,638.875424
-138712.777873,250,644.648816
-139021.11058,173,649.273764
-169288.614032,250,655.610067
-135995.075442,250,661.790415
-157659.946619,250,667.808508
-78845.525907,142,671.166066
-130943.627111,250,676.99468
-165366.574308,250,683.190968
-146997.496113,250,689.31498
-180322.989403,250,695.607311
-126459.859473,250,701.750206
-38225.863734,78,704.073047
-132212.763489,250,710.131765
-128737.67146,250,716.139946
-128943.400622,250,722.13595
-128135.36785,250,728.06475
-126072.828093,238,733.842385
-128738.284582,250,739.519902
-135712.054241,250,745.183398
-125757.158487,250,750.811346
-126798.932198,250,756.638821
-125949.603422,250,762.433492
-118746.775203,239,767.962336
-177376.283464,250,773.822378
-133460.982053,250,779.923219
-154620.049183,250,786.015325
-136941.492742,250,791.949662
-187492.861437,250,798.205344
-126919.602497,250,803.952746
-126966.050412,250,811.584108
-125983.37034,250,817.799146
-136304.647244,250,825.03432
-127037.082813,250,831.307271
-59971.078133,121,834.99869
-74936.914985,154,838.685283
-133685.441475,250,845.473304
-133487.621561,250,852.676548
-127447.765068,250,858.902289
-203513.308202,250,864.96498
-134005.924465,250,870.802093
-132413.792366,250,876.889595
-189160.407272,250,882.503196
-143689.317526,250,888.762034
-126692.051942,250,894.429905
-154405.804107,228,899.675539
-127388.317752,250,905.445291
-125834.938214,250,911.317454
-138220.135154,250,917.249884
-208033.032606,250,922.615478
-43960.410089,51,923.831051
-183025.182125,250,929.198651
-63715.494369,106,931.672259
-205876.865924,250,937.199915
-150476.545295,250,942.997226
-126151.432334,250,948.467516
-188830.093275,250,954.236498
-155729.166035,250,959.897977
-193160.334285,250,965.744207
-161215.070162,250,971.231574
-126756.682325,250,977.632504
-24538.756691,46,978.935433
-33772.832371,47,980.072301
-134726.711888,250,985.855156
-58583.668527,62,987.225343
-128741.945243,250,992.877508
-201691.290154,250,998.22374
-127734.473124,250,1003.746843
-103417.863106,209,1008.374395
-129883.599334,250,1014.366073
-126212.048797,250,1020.158927
-143376.510644,250,1025.721868
-134526.78456,250,1031.275174
-30752.803941,61,1032.607761
-189088.727238,250,1038.443427
-85670.510763,175,1042.985443
-146283.267137,250,1048.887438
-127630.062624,250,1054.962396
-138850.783267,250,1061.006893
-173466.234233,250,1066.635669
-168990.77129,250,1072.433764
-48789.351947,78,1074.203714
-150640.50518,250,1080.325953
-15889.425375,32,1081.089057
-201982.967138,250,1086.824308
-102971.41647,99,1089.15522
-125241.850705,250,1095.293455
-131648.764588,250,1101.447556
-140237.096255,250,1107.05303
-126314.561872,250,1112.766821
-102108.038507,205,1117.91808
-155944.990988,250,1123.761338
-133969.079553,250,1129.788261
-70371.50104,87,1131.708483
-74154.771315,152,1135.338541
-157546.928738,250,1141.062557
-81682.950427,166,1144.787329
-113904.382394,231,1150.08753
-158881.12471,250,1156.009035
-80471.142977,149,1159.395916
-104106.129847,207,1164.435872
-131948.615184,201,1168.644462
-127435.110092,250,1361.606746
-137965.812567,250,1367.847167
-93642.59854,140,1371.280897
-125933.926407,250,1376.851586
-111738.723413,217,1381.549774
-90146.940245,59,1382.849218
-152551.390122,250,1388.842602
-98549.336124,188,1393.378367
-59626.189295,89,1395.800537
-17608.224438,36,1396.551507
-97340.607535,82,1398.525927
-91118.741566,115,1401.071915
-174673.291314,250,1406.795468
-134740.426641,250,1412.790696
-172817.554277,250,1418.551068
-126292.073031,250,1424.713786
-128996.332922,250,1430.389456
-101253.258065,178,1434.313041
-45183.980441,92,1436.446765
-125433.996908,250,1442.116244
-168415.123232,228,1447.418419
-134910.240047,250,1453.231293
-149119.922568,250,1459.052105
-35583.263441,61,1460.490369
-133528.486076,250,1466.20897
-25108.179374,53,1467.358761
-162639.560018,250,1472.945913
-129854.047143,250,1478.456867
-40285.813906,73,1480.144809
-86186.537796,162,1483.961407
-61345.37806,81,1485.978578
-52095.313684,97,1489.092206
-108004.396766,95,1491.415327
-60199.882841,124,1494.185726
-60235.169896,111,1496.777647
-217606.980576,250,1502.708967
-180007.13274,250,1508.774501
-147214.266757,250,1514.714696
-125811.997452,250,1520.54247
-127778.407453,246,1526.522873
-35869.871151,51,1527.68856
-146401.810532,84,1529.644319
-94313.524745,108,1532.162378
-135225.069893,250,1538.06135
-118961.302318,174,1541.895606
-138507.655829,250,1547.685795
-134770.355732,250,1553.523445
-31984.387258,49,1554.679092
-125624.553092,250,1560.564868
-19672.796074,44,1561.623998
-206941.087034,250,1567.49765
-36328.224487,76,1569.262351
-126314.32731,250,1575.302833
-128447.33068,250,1581.254817
-154020.983408,146,1584.60606
-142995.285531,250,1590.435316
-32109.203806,68,1592.057321
-100588.820388,201,1596.686019
-58776.838781,122,1599.578949
-51837.720659,98,1601.90739
-125332.212888,250,1608.011065
-140301.268656,250,1613.615581
-196949.250605,250,1619.354118
-88801.522801,68,1621.002306
-102915.217196,167,1624.97
-132794.116491,250,1630.647564
-20022.644783,39,1631.506223
-54805.453491,97,1633.664978
-95097.702917,194,1638.119186
-127597.57382,250,1644.014865
-58208.900118,88,1646.296312
-138909.223927,250,1652.296412
-127727.748697,250,1658.557504
-104016.266412,182,1663.149081
-157911.342829,250,1668.779824
-34784.528897,70,1670.561496
-128272.721012,250,1676.302953
-129731.297208,250,1682.07153
-29858.956488,60,1683.377981
-164714.682256,250,1689.490167
-106867.337161,180,1693.902718
-77101.302777,158,1697.239837
-44891.938685,51,1698.555202
-40795.697301,86,1700.697127
-125721.926864,250,1707.159415
-109709.844205,223,1712.453083
-38567.018801,81,1714.280726
-38245.986287,51,1715.539037
-145135.52468,105,1718.099568
-90168.943112,122,1720.997057
-45942.211902,94,1723.148423
-88588.752754,179,1727.477027
-126910.780161,250,1733.598108
-42763.927806,88,1735.5351
-134062.750352,250,1741.244638
-150698.686089,250,1747.298956
-40835.645653,86,1749.259114
-37829.47277,52,1750.375982
-148361.271554,250,1756.250636
-14009.169701,32,1757.016372
-123970.759974,222,1762.324705
-125471.266321,250,1768.304972
-23528.064887,46,1769.268209
-138590.51091,250,1775.231451
-151710.565616,250,1780.992399
-56326.6001,103,1783.498079
-109843.51799,223,1788.689516
-124012.589984,103,1791.229999
-91885.578325,182,1796.832562
-132726.010793,250,1803.78807
-62397.668689,95,1806.555642
-127645.462076,250,1812.187116
-34491.115539,64,1813.706126
-125733.131269,250,1819.948012
-142127.54685,250,1825.91891
-41466.831182,48,1827.002279
-59992.785654,122,1830.017209
-170418.463377,250,1836.083178
-130100.750425,250,1842.039937
-50670.69991,106,1844.522938
-52402.170422,109,1847.167502
-53988.304909,78,1849.094463
-25086.129734,54,1850.378902
-19706.19961,43,1851.400937
-35188.028331,56,1852.714692
-54868.895578,112,1855.428401
-146230.658334,250,1861.090011
-177460.297302,250,1867.312469
-126147.918298,250,1873.195519
-136209.134114,250,1878.943632
-100659.22195,205,1883.829451
-59975.244933,124,1886.520496
-128253.067268,250,1892.384214
-72980.180526,149,1896.00605
-58205.084071,120,1899.388567
-161399.597716,250,1905.347316
-38326.636085,80,1907.100068
-125802.271266,70,1908.825829
-74756.413223,134,1911.923697
-67488.505384,56,1913.286701
-33806.672363,61,1914.714523
-70778.787486,68,1916.270576
-154835.268587,250,1921.814124
-29367.163372,62,1923.365348
-88587.774826,108,1925.837021
-109137.918831,212,1930.791166
-42239.574718,86,1932.651999
-59534.34727,119,1935.279965
-19991.970939,44,1936.163648
-131108.166176,103,1938.512905
-22486.231151,46,1939.520048
-126659.888463,250,1945.532144
-69379.953823,46,1946.606948
-41131.713206,86,1948.687996
-64127.624198,132,1951.450649
-118418.635588,84,1953.262318
-80793.114287,161,1956.850181
-78064.322117,160,1960.395016
-66734.972375,77,1962.184448
-32237.741532,69,1963.785227
-45399.090912,52,1964.960725
-24129.278701,51,1966.161542
-129319.112153,250,1972.077537
-125712.990292,250,1978.066494
-118347.149301,87,1980.036652
-50599.95002,67,1981.668797
-125566.725752,250,1987.519045
-142945.995315,250,1993.562498
-34079.673459,73,1995.343065
-50083.051123,83,1997.265831
-59421.326413,77,1999.076321
-125377.828307,250,2004.919536
-37315.372485,77,2006.800388
-47377.549091,90,2008.83269
-54430.185517,56,2010.357009
-93881.200228,56,2011.617739
-71342.372748,62,2013.007401
-80961.767678,149,2016.566478
-22996.096035,49,2017.672972
-37198.117489,50,2018.861183
-49322.800563,55,2020.15455
-147762.082953,250,2025.894673
-68969.379394,98,2028.114995
-125558.36397,250,2034.05503
-67771.579878,76,2035.969453
-134110.147764,250,2041.872133
-69143.512808,141,2045.292027
-31204.246934,42,2046.311906
-20089.552287,44,2047.398481
-48736.244843,66,2048.999961
-41931.372418,86,2050.950409
-62418.491727,120,2053.780782
-58806.438861,61,2055.320464
-139484.263704,63,2056.881657
-41232.690052,64,2058.48701
-68699.457568,122,2061.234404
-134967.957752,250,2067.164449
-32468.827638,43,2068.108895
-40536.765339,81,2070.008114
-50043.784319,73,2071.712623
-92699.529832,56,2073.000462
-38774.957912,77,2074.821488
-50504.397175,104,2077.347856
-129789.507177,250,2083.396744
-47171.544072,60,2084.88177
-70046.906868,103,2087.499459
-32776.131213,65,2089.147573
-55497.245975,113,2091.780049
-78542.301405,79,2093.597368
-117715.28201,61,2094.974494
-26773.486464,48,2095.994407
-26590.269365,45,2097.006516
-23382.060356,50,2098.118334
-150205.583763,250,2103.80387
-62652.606302,126,2106.742067
-139171.596195,250,2112.318148
-43871.294265,59,2113.707416
-135845.314147,250,2119.316489
-53437.731563,95,2121.7361
-30519.382972,52,2123.131494
-39813.297887,83,2125.182906
-68671.322822,51,2126.573706
-125863.119633,250,2133.096916
-145566.977298,250,2139.517715
-128279.947385,250,2145.890599
-25521.329198,55,2147.34391
-126845.6507,250,2153.974043
-31743.574717,58,2155.31219
-163395.301346,206,2160.137614
-183364.221883,250,2166.085816
-24601.575116,45,2167.216259
-63500.154786,92,2169.455563
-25266.355044,49,2170.715594
-20246.024714,45,2171.725236
-32840.281062,69,2173.34884
-69852.975867,141,2176.570171
-13218.875423,31,2177.326514
-25606.339647,38,2178.165823
-82539.290417,92,2180.216908
-16985.664839,38,2181.041648
-84213.629298,130,2184.038628
-34471.988358,72,2185.796748
-44054.267273,71,2187.507559
-72484.937204,64,2189.058018
-52266.262455,79,2190.945756
-127555.619738,250,2196.764568
-31586.926778,56,2198.063887
-36209.169086,60,2199.410131
-132304.663308,250,2205.38135
-143600.576788,77,2207.099733
-136225.699594,250,2213.055426
-169863.033244,250,2219.322207
-19779.557274,43,2220.321414
-31816.968337,48,2221.389974
-38618.663167,70,2223.184447
-57153.398665,75,2225.056577
-134147.847062,250,2231.650258
-31810.363002,68,2233.794764
-28605.538375,61,2235.47182
-28717.051511,54,2236.731592
-47294.661509,98,2239.288662
-39322.193782,44,2240.393203
-44201.034356,55,2241.938753
-33047.295456,44,2243.045933
-30753.967713,63,2244.547571
-26974.684635,56,2245.843544
-31197.813173,59,2247.221455
-113246.357648,91,2249.460217
-36054.206227,68,2251.091316
-30896.534158,47,2252.217565
-47304.831039,81,2254.16406
-62374.82099,81,2256.057008
-34313.574785,44,2257.149112
-72941.281118,72,2258.869545
-39104.979808,43,2259.951913
-113015.022015,87,2262.045736
-128631.426764,89,2264.210585
-14162.128873,33,2265.033884
-33205.857372,53,2266.281066
-58896.57697,119,2268.998928
-41420.067056,65,2270.567776
-21623.871487,43,2271.666165
-86259.706054,131,2274.906489
-38080.139483,55,2276.279813
-46705.13776,75,2278.181054
-39035.163219,81,2280.110554
-65215.467474,134,2283.358333
-27327.692249,55,2284.713111
-143747.190215,61,2286.208102
-16942.1206,38,2287.133322
-20988.630164,46,2288.205771
-41197.855483,78,2290.116748
-11310.64409,27,2290.796579
-60255.448621,122,2293.7898
-46304.757765,95,2296.080268
-140484.00742,250,2302.174756
-12085.228443,29,2302.873473
-103663.695747,58,2304.293038
-80425.772898,59,2305.771642
-50418.29491,104,2308.288867
-117240.913856,152,2311.935213
-36724.266982,74,2313.709092
-24199.830273,52,2314.955229
-25962.851219,47,2316.129189
-62022.254857,104,2318.637533
-19941.328252,44,2319.738114
-39530.719636,74,2321.594617
-21877.161531,44,2322.66871
-66017.236535,53,2323.897194
-95716.537228,85,2325.956865
-23800.908381,51,2327.179286
-29764.098528,63,2328.692954
-62834.848976,52,2329.984897
-27608.918615,47,2331.08826
-185402.474248,250,2337.087029
-58530.446662,119,2339.920611
-63959.084114,63,2341.465192
-55518.865545,53,2342.724782
-76628.684598,158,2346.390403
-27275.024426,59,2347.834592
-19117.315654,42,2348.892673
-29249.730524,62,2350.384624
-47118.014478,63,2351.914197
-30604.610225,64,2353.506592
-38056.544992,67,2355.187285
-33935.005148,62,2356.735445
-20923.714078,44,2357.776205
-148229.831744,250,2363.67695
-18648.689237,39,2364.569065
-54945.297878,110,2367.161169
-20216.796622,41,2368.15627
-16619.16474,38,2369.101846
-61067.28062,119,2371.86881
-42841.06827,55,2373.140043
-126367.12374,250,2378.790187
-26640.604925,55,2380.122759
-45614.705738,61,2381.59718
-56084.733682,116,2384.50986
-26233.70742,54,2385.770184
-26055.083707,54,2387.019903
-64186.334154,108,2389.541044
-54801.99955,59,2390.912086
-16087.071629,37,2391.774319
-33200.840168,70,2393.468748
-124344.808244,59,2395.051432
-34772.384248,65,2396.533716
-16704.845357,37,2397.312243
-36469.988206,77,2399.293529
-42521.728752,57,2400.658508
-32644.266128,60,2402.057162
-143805.491205,250,2407.937465
-23100.973142,46,2409.030353
-16841.800028,38,2409.920851
-120876.321749,195,2414.630412
-26778.821941,52,2415.838312
-40364.196787,56,2417.18491
-72658.191188,64,2418.678827
-63648.560672,130,2421.84047
-20419.805371,41,2422.856208
-28189.030717,60,2424.355058
-58117.653219,116,2427.112718
-76420.689061,96,2429.40529
-24185.548743,52,2430.669848
-119610.856411,87,2432.711143
-81356.106836,60,2434.077291
-26770.013927,55,2435.346139
-14230.242563,33,2436.168325
-169247.87118,250,2441.982448
-33900.997464,70,2443.59419
-23207.424954,49,2444.72855
-126876.327612,250,2450.548498
-24759.121456,38,2451.44569
-42524.967518,78,2453.265249
-126249.77005,166,2457.289076
-19686.639215,43,2458.342591
-91310.167059,94,2460.601555
-57354.067832,93,2462.810352
-39896.822164,58,2464.16096
-125106.312077,73,2465.887884
-59964.045583,45,2466.943804
-58906.650707,122,2469.881229
-38246.917147,78,2471.796483
-28704.443373,56,2473.194972
-104739.954735,56,2474.591161
-22572.720744,47,2475.778423
-27506.418697,49,2476.89501
-69420.776818,54,2478.21031
-115583.089714,74,2479.984152
-27434.108797,55,2481.263985
-44636.987971,55,2482.526492
-16484.55378,37,2483.415164
-91211.078946,180,2487.76901
-29555.659434,49,2488.955174
-78888.956751,65,2490.511645
-22622.535547,48,2491.617525
-96427.618976,49,2492.851015
-101557.293285,118,2495.768084
-64588.669339,68,2497.384181
-41977.457602,60,2498.812131
-32021.141422,67,2500.472931
-15653.869833,36,2501.35232
-23518.589892,51,2502.572472
-45552.151204,59,2504.034841
-39350.306862,50,2505.163679
-41242.646052,63,2506.692443
-12872.625199,30,2507.395651
-75004.324045,60,2508.852054
-45633.12026,54,2510.171661
-25705.93419,52,2511.446099
-32494.150121,46,2512.573592
-36195.233994,55,2513.87794
-72740.245758,50,2515.077737
-100922.019647,121,2518.013752
-62574.255256,50,2519.193331
-36807.955846,75,2520.971532
-17373.54712,37,2521.885625
-15005.238252,34,2522.736528
-122852.238152,247,2528.562764
-14542.681208,33,2529.321466
-43313.443576,79,2531.247103
-23256.454468,37,2532.145856
-28407.281943,49,2533.327018
-61830.865981,66,2534.921786
-28704.771431,44,2535.965562
-13360.616312,31,2536.758913
-107774.799649,54,2538.063777
-78550.279225,52,2539.372597
-24355.193383,52,2540.600879
-126095.896639,142,2544.015425
-30108.866274,52,2545.371978
-32113.658541,48,2546.496918
-16755.411318,37,2597.555659
-38005.163058,52,2598.831898
-43462.85898,46,2599.917796
-51023.904636,101,2602.419265
-11015.402685,26,2603.078948
-72392.353247,149,2606.682131
-51116.099547,56,2608.054211
-84712.274362,61,2609.448464
-46053.586897,49,2610.53598
-12582.511723,29,2611.168078
-25408.748683,55,2612.48046
-27946.417326,47,2613.590428
-33915.171565,72,2615.246743
-26697.700307,45,2616.343985
-45186.385436,89,2618.44345
-16381.565932,37,2619.332871
-46747.716581,47,2620.50277
-15697.107618,36,2621.400474
-28524.198678,59,2622.855563
-47341.072036,48,2623.940917
-62328.006005,51,2625.13561
-32912.610032,43,2626.159589
-29712.086891,46,2627.231247
-50233.403715,52,2628.453278
-36534.340326,69,2630.023152
-77527.05721,72,2631.649975
-74785.516281,107,2634.156261
-25866.425763,56,2635.609586
-20700.499539,43,2636.603925
-9202.636082,23,2637.107432
-24094.926969,38,2638.001943
-23467.161611,47,2639.105461
-16881.049198,37,2639.988475
-20152.0328,40,2640.984895
-35174.906001,51,2642.213922
-79121.721202,57,2643.549554
-41238.404921,57,2644.891295
-47374.350498,45,2645.953488
-105748.428353,54,2647.197415
-39073.158548,81,2649.086636
-15939.907472,36,2649.92163
-35642.78618,44,2650.935751
-22227.497874,46,2652.073876
-56034.706217,111,2654.809493
-19345.650193,43,2655.798806
-23832.862091,42,2656.83056
-19367.876103,43,2657.809372
-10802.879534,26,2658.435189
-20859.053879,46,2659.516257
-52130.204496,51,2660.666056
-116016.036401,62,2662.138815
-22455.39409,49,2663.321001
-28345.934749,60,2664.739643
-16966.437023,37,2665.640074
-56713.056555,62,2667.022354
-31524.501955,47,2668.10382
-44942.077204,52,2669.283949
-33159.032304,45,2670.414349
-17143.555423,36,2671.269466
-28040.359531,44,2672.283984
-31554.218698,45,2673.2972
-26817.876147,56,2674.632021
-18286.583221,39,2675.545744
-18013.46216,36,2676.428269
-30976.545883,39,2677.333794
-26310.979149,44,2678.349079
-15722.775008,36,2679.223602
-21128.223394,42,2680.221141
-64213.048709,54,2681.475812
-66331.413532,73,2683.212015
-25467.249339,43,2684.198437
-22458.631848,46,2685.171964
-55350.391602,58,2686.400199
-15666.247914,35,2687.162459
-15673.893451,35,2687.94598
-25536.02219,39,2688.842854
-30153.473882,39,2689.743822
-35125.205216,47,2690.80652
-32117.13104,45,2691.903322
-20536.137182,41,2692.873408
-41487.64881,85,2694.935125
-12709.956196,30,2695.653571
-17219.154102,37,2696.525839
-23433.989933,51,2697.774911
-23276.433005,46,2698.870991
-58543.021277,54,2700.207458
-46991.625043,47,2701.3519
-50035.342577,49,2702.606817
-49065.815492,50,2703.813537
-42307.936482,50,2704.972577
-41671.261826,64,2706.564095
-21874.526792,40,2707.58091
-78559.060551,51,2708.848438
-16735.112226,34,2709.691366
-9651.78482,24,2710.261004
-34670.04786,50,2711.441829
-28673.906936,41,2712.48206
-22383.857231,41,2713.443922
-33366.596767,42,2714.482987
-72278.112481,52,2715.705472
-86748.430229,52,2716.97756
-31578.8577,44,2718.018956
-20141.388032,38,2718.922134
-45431.993343,85,2721.005201
-19103.535793,38,2721.895165
-32750.962301,54,2723.173192
-31128.607936,61,2724.640649
-19715.428288,42,2725.709647
-109790.636907,54,2727.079947
-44388.79152,92,2729.335401
-23086.051362,50,2730.553693
-93413.924097,53,2731.796429
-24661.559142,40,2732.74099
-29688.650963,45,2733.797786
-42879.316008,48,2734.950283
-24371.49282,42,2735.960237
-55838.29085,48,2737.100436
-21561.182353,42,2738.185578
-8751.768191,22,2738.729162
-46568.572457,47,2739.840272
-17786.003788,36,2740.722639
-43322.98665,62,2742.226356
-42319.260654,49,2743.486483
-111880.167815,71,2745.227746
-26823.38243,39,2746.16771
-39737.90484,49,2747.328136
-54575.040539,46,2748.37928
-38851.848445,61,2749.802697
-27748.544489,42,2750.834936
-38303.810455,43,2751.862959
-35814.097831,46,2752.939704
-25418.464711,51,2754.159193
-94394.752873,53,2755.520123
-14003.00233,32,2756.309755
-71338.874197,49,2757.505064
-28251.675394,43,2758.579211
-18327.963438,41,2759.55442
-25050.764361,44,2760.628838
-27057.931696,42,2761.631462
-18400.623762,41,2762.676854
-20547.194794,45,2763.732313
-28578.831119,43,2764.760315
-14355.987886,33,2765.556033
-21271.30223,42,2766.578684
-45614.322875,46,2767.65765
-21936.219498,44,2768.733192
-36128.463884,44,2769.790207
-21237.533174,38,2770.654167
-14657.967544,33,2771.447884
-44531.88711,48,2772.63311
-24820.538269,40,2773.591614
-24592.686743,49,2774.821559
-21518.937469,43,2775.87458
-19063.493164,40,2776.833976
-87202.554723,53,2778.127753
-23586.128544,50,2779.336385
-20467.648553,38,2780.252443
-72199.946177,55,2781.678351
-20487.993347,42,2782.712258
-17960.634561,39,2783.662453
-64952.092899,46,2784.788518
-19284.921669,40,2785.751438
-33059.858292,41,2786.756681
-37146.810393,45,2787.81867
-50032.290838,51,2789.06724
-25378.982513,42,2790.097589
-24421.200862,41,2791.09927
-90281.165039,51,2792.322648
-17375.049998,39,2793.26886
-23735.957349,50,2794.538658
-89028.042632,58,2795.932961
-11954.817032,28,2796.641634
-50963.390108,46,2797.713391
-29253.112916,42,2798.720737
-10106.423686,25,2799.318727
-29289.13722,39,2800.279217
-39053.198115,47,2801.475597
-28512.031467,39,2802.430895
-20420.208186,36,2803.336955
-114060.579463,52,2804.631436
-55220.409569,45,2805.721558
-27521.416949,42,2806.80827
-11993.270926,28,2807.518611
-51180.70119,46,2808.646131
-18731.520883,41,2809.609242
-42756.195842,42,2810.594805
-84503.661937,55,2811.94675
-59377.540436,51,2813.128459
-23979.971971,50,2814.378345
-34511.765065,52,2815.662536
-19892.156128,44,2816.672937
-16940.489367,38,2817.561307
-30261.285998,41,2818.574362
-18897.6242,35,2819.398655
-127643.223727,250,2825.265433
-42930.344926,47,2826.451302
-17444.715949,36,2827.280528
-19690.547813,42,2828.288706
-30860.999263,65,2829.858979
-38034.16343,69,2831.528205
-29432.559842,39,2832.511369
-17909.958844,35,2833.35265
-50274.9722,45,2834.443482
-18028.879287,40,2835.422841
-36276.460655,51,2836.672549
-24654.786514,53,2837.907583
-16956.874759,38,2838.849334
-21308.423263,38,2839.796957
-30572.270539,43,2840.852195
-17433.314416,37,2841.695384
-38617.221921,44,2842.7104
-21597.512623,39,2843.645358
-28902.389063,43,2844.711058
-55345.840105,45,2845.793235
-16421.810282,35,2846.650512
-30974.95274,41,2847.675378
-10313.401326,25,2848.329423
-45136.224427,46,2849.459736
-23628.618024,43,2850.551388
-20904.367058,44,2851.646583
-16859.248398,38,2852.537462
-31277.616619,45,2853.601202
-11067.93875,27,2854.223926
-33650.092487,42,2855.251763
-92738.415792,50,2856.444857
-19877.704376,44,2857.558861
-22566.943892,49,2858.713551
-19936.590458,38,2859.605395
-32591.428302,45,2860.689256
-21080.708779,46,2861.873832
-14684.484974,33,2862.666226
-53944.82446,50,2863.870042
-93045.113949,56,2865.195219
-61415.003915,50,2866.415987
-19718.391537,42,2867.440188
-39632.372354,41,2868.436773
-25196.977262,42,2869.480034
-28511.495944,61,2870.885703
-86240.584456,91,2873.049341
-83032.584274,68,2874.646934
-21232.451015,37,2875.623237
-17766.005484,35,2876.475488
-56143.993349,46,2877.551647
-23382.827004,41,2878.469737
-18625.507158,35,2879.290582
-28449.625849,40,2880.27354
-28793.38456,44,2881.319544
-34166.296962,44,2882.3662
-56424.887911,45,2883.476417
-21455.753883,37,2884.350678
-20075.823143,37,2885.253189
-18017.39331,35,2886.068156
-108458.604334,50,2887.254089
-23593.574356,41,2888.215422
-37727.93065,41,2889.157003
-23860.447167,42,2890.198078
-12150.694378,29,2890.932223
-15608.854063,35,2891.79203
-70701.926853,51,2893.017063
-19077.707324,35,2893.862977
-14081.494685,32,2894.630035
-46767.302264,68,2896.222087
-25988.189326,38,2897.106517
-26652.833155,40,2898.003975
-87546.281588,56,2899.301031
-27378.688217,38,2900.168655
-11018.534816,26,2900.762818
-28864.061827,42,2901.765609
-40708.829909,42,2902.729208
-16077.22553,34,2903.522979
-21980.465755,37,2904.3975
-24084.014215,52,2905.680452
-37240.451605,41,2906.672289
-17787.520168,36,2907.534508
-8001.054941,20,2907.996559
-27712.66424,49,2909.171219
-25849.795799,43,2910.216237
-10354.694188,25,2910.814339
-26579.933728,39,2911.739692
-16418.760935,35,2912.535717
-12214.583754,29,2913.187367
-19712.045,36,2914.008063
-58488.202762,72,2915.655067
-17718.188985,39,2916.551805
-23106.54655,42,2917.563149
-47178.531424,44,2918.609304
-41818.378904,44,2919.650201
-48442.814839,95,2921.894372
-15470.937187,33,2922.668644
-20227.04297,39,2923.581725
-54730.769735,45,2924.632673
-43278.993551,49,2925.819192
-43311.144048,49,2926.990209
-51326.965711,49,2928.086161
-18338.512267,39,2929.046775
-28555.98849,43,2930.106386
-37500.290807,74,2931.857575
-65984.052142,48,2933.004667
-30834.66015,39,2933.901851
-20139.752929,39,2934.820491
-25011.535903,39,2935.738331
-29335.300199,43,2936.787832
-43412.448172,45,2937.865658
-43279.630698,45,2938.930551
-20642.962082,36,2939.774836
-15128.445166,34,2940.61593
-16101.992799,34,2941.474415
-34996.156936,44,2942.632988
-29376.666776,49,2943.80799
-56216.621625,46,2944.946915
-19833.634335,36,2945.812964
-93918.452679,147,2949.305389
-10932.592967,26,2949.916825
-34469.921008,55,2951.251666
-10848.741706,26,2951.90808
-24989.604683,41,2952.896629
-23142.594782,37,2953.801985
-17418.874698,34,2954.629737
-30593.769361,42,2955.652814
-21895.161526,38,2956.54494
-9402.707094,23,2957.128848
-99685.557324,54,2958.3658
-17145.663142,39,2959.313672
-11663.498119,28,2959.986981
-25719.535158,41,2960.954533
-132343.031772,57,2962.338996
-22769.228244,47,2963.459275
-53967.175231,45,2964.553361
-34678.11322,43,2965.616194
-29557.855552,40,2966.639356
-46321.208009,58,2968.052768
-15275.175574,34,2968.86377
-11860.623465,28,2969.576317
-14216.520556,33,2970.365864
-16113.731807,35,2971.241987
-47611.399409,45,2972.315347
-21856.000761,38,2973.222824
-20474.516886,37,2974.089122
-21982.898256,37,2975.020501
-24673.057138,39,2975.994112
-29885.110464,43,2977.012066
-88199.584319,55,2978.328426
-27744.50703,40,2979.239419
-30413.023332,40,2980.133432
-84412.601232,60,2981.488557
-22675.613696,39,2982.332071
-15793.630188,33,2983.100988
-41051.797097,43,2984.078053
-16768.590687,36,2984.892481
-26810.972485,52,2986.135334
-21195.098969,40,2987.097227
-15610.478386,33,2987.891712
-31907.717191,45,2988.96702
-83087.62804,50,2990.105535
-19891.872597,43,2991.126842
-37123.067353,61,2992.543026
-32416.560668,69,2994.208776
-21408.550162,37,2995.138296
-17152.249021,39,2996.089699
-56070.498218,73,2997.849621
-24955.130057,54,2999.166539
-95202.852361,49,3000.309577
-22121.095211,38,3001.258936
-36176.866469,42,3002.279378
-24401.386632,40,3003.236552
-103370.14285,51,3004.442758
-71394.241464,50,3005.686004
-31341.848185,44,3006.75932
-47482.664671,50,3007.948822
-17559.170918,37,3008.828395
-13090.262729,30,3009.581242
-10216.237473,25,3010.203662
-75377.782071,50,3011.376173
-18145.910855,37,3012.28753
-39653.435093,43,3013.327119
-41811.653264,55,3014.70029
-11323.710633,27,3015.349555
-34493.518434,42,3016.364517
-40667.248226,42,3017.388709
-23959.177579,41,3018.363029
-45657.256813,46,3019.524056
-20009.49978,36,3020.350274
-21377.185718,44,3021.413902
-15448.345004,32,3022.121286
-40831.949679,82,3024.081581
-70211.217383,51,3025.29077
-36404.771835,64,3026.835904
-32108.906694,41,3027.816954
-74911.865042,62,3029.349126
-32720.311712,43,3030.38413
-11275.176998,27,3031.038458
-23853.665263,38,3031.945388
-63482.597958,49,3033.111655
-18491.875965,40,3034.101438
-58169.705978,48,3035.233438
-90949.483937,52,3036.6116
-19886.315896,37,3037.442821
-20002.862986,38,3038.360948
-60385.316539,48,3039.521312
-20242.514114,45,3040.558482
-46289.649391,44,3041.583424
-21814.801558,47,3042.661281
-80757.801595,50,3043.858322
-20146.487135,43,3044.896544
-24789.387798,39,3045.820075
-75530.419362,53,3047.170729
-18541.736152,41,3048.178456
-21347.493978,47,3049.302287
-23914.495528,38,3050.258313
-38960.92865,43,3051.315289
-35801.243374,68,3052.913171
-27825.890742,60,3054.348047
-13231.435221,30,3055.058906
-20745.840157,40,3055.99985
-15565.463215,34,3056.799138
-39082.397981,42,3057.776621
-20296.11914,37,3058.684603
-14039.980707,32,3059.430928
-10009.13877,24,3059.984152
-10156.260431,25,3060.588252
-48576.889981,51,3061.830828
-38538.959748,61,3063.292541
-26857.592102,39,3064.240405
-117867.018833,54,3065.539893
-29019.152425,52,3066.783801
-14701.279147,34,3067.587972
-50287.316355,46,3068.645046
-13637.311834,31,3069.391084
-32983.014515,70,3071.013834
-79057.674944,48,3072.205148
-24355.678794,48,3073.365325
-25241.252918,39,3074.294908
-19376.774168,38,3075.258078
-19758.137918,42,3076.329311
-33546.837729,43,3077.414017
-27573.352889,58,3078.829764
-224770.228383,250,3084.792637
-28279.072609,41,3085.734076
-35179.91313,42,3086.707813
-104889.463302,57,3088.025716
-65837.372748,59,3089.409535
-19272.671592,35,3090.283253
-41881.84179,48,3091.429306
-23366.493295,48,3092.600091
-32573.334086,42,3093.639483
-39072.220748,43,3094.65256
-13606.226416,31,3095.42023
-75982.706788,51,3096.719013
-56411.504575,44,3097.795073
-16188.492284,36,3098.649212
-15302.435058,35,3099.461384
-15285.31498,33,3100.247759
-34209.660949,72,3101.908329
-21794.612604,47,3103.089939
-23127.289283,38,3103.957267
-18373.768275,38,3104.890224
-42391.802877,44,3105.908141
-24300.598053,43,3106.933051
-45637.767658,52,3108.173325
-65620.088384,47,3109.272802
-32787.870777,45,3110.355515
-78809.800869,47,3111.472034
-19252.897426,36,3112.351294
-30558.12795,40,3113.285085
-81217.229314,49,3114.43819
-93224.981215,51,3115.665291
-59256.793341,50,3116.859436
-49907.329762,47,3117.978888
-9858.96138,24,3118.57887
-29546.986577,43,3119.573624
-16759.075019,35,3120.393181
-10426.045978,25,3120.972838
-22638.835718,41,3121.911601
-50547.229967,48,3123.018516
-26015.550372,39,3123.914041
-17909.399863,39,3124.859922
-12095.453574,28,3125.531092
-24236.448283,41,3126.527611
-10652.037042,26,3127.100738
-49743.953664,46,3128.221413
-23277.801966,46,3129.308651
-23418.87405,39,3130.248294
-18495.596975,36,3131.064455
-34778.786396,41,3132.04822
-43957.043744,43,3133.055937
-26801.87685,55,3134.345207
-18665.956684,38,3135.261601
-73112.450424,52,3136.509919
-15084.194305,33,3137.259199
-38092.907221,44,3138.304149
-54805.696175,48,3139.511167
-17698.324669,38,3140.427504
-17783.732811,37,3141.307809
-22565.663962,39,3142.256946
-55761.297435,45,3143.363601
-26937.771118,40,3144.337101
-80860.239888,59,3145.766584
-27401.538445,42,3146.754472
-22219.082794,38,3147.67386
-23376.915875,39,3148.599434
-26115.9279,40,3149.518916
-20484.889015,36,3150.359709
-32037.692545,43,3151.369414
-8501.216681,21,3151.87063
-8652.447006,22,3152.421118
-137948.199749,53,3153.697433
-21269.700964,38,3154.623342
-38437.457417,41,3155.595699
-78495.474962,47,3156.758432
-30613.326606,42,3157.792193
-18545.480647,38,3158.707963
-80457.213445,52,3159.928918
-40357.440346,44,3160.980267
-14361.967949,32,3161.717937
-67383.279937,139,3164.94751
-25955.327838,50,3166.119021
-90925.00858,48,3167.266255
-40838.269037,42,3168.212978
-16123.658652,37,3169.09534
-35277.329881,42,3170.069763
-14526.831315,33,3170.887144
-13319.837767,30,3171.625348
-26247.286044,43,3172.683543
-13023.038017,30,3173.366209
-20478.805257,36,3174.182594
-27620.546349,39,3175.145644
-19116.093412,36,3176.000807
-62209.229371,48,3177.143375
-13933.41358,31,3177.939331
-15729.235737,33,3178.79991
-39668.690762,81,3180.70483
-21045.577433,37,3181.606122
-22497.327158,49,3182.793587
-26746.717658,43,3183.801608
-24463.471334,41,3184.820255
-15724.92164,33,3185.58506
-41429.972259,43,3186.621096
-10055.071433,25,3187.223167
-44771.165321,44,3188.263427
-41105.956206,47,3189.421545
-8350.637119,21,3189.943958
-47073.209152,43,3190.964459
-28879.551559,41,3191.96158
-25708.925368,39,3192.916316
-19404.056117,37,3193.854373
-15239.705939,32,3194.659234
-20663.218915,45,3195.718875
-44255.645941,52,3196.926031
-61486.912951,50,3198.130793
-143202.433645,55,3199.46764
-42053.63831,47,3200.585886
-68144.906696,47,3201.731902
-23517.164124,42,3202.79022
-17189.251971,35,3203.612976
-36925.841286,43,3204.696459
-37512.693633,43,3205.809991
-21812.361685,48,3206.923396
-22405.287034,40,3207.859071
-38644.22365,45,3208.946203
-27078.432337,58,3210.497267
-118013.214356,52,3211.745059
-93750.563835,50,3212.951835
-23331.808339,51,3214.145783
-16245.973277,34,3214.964856
-16333.29288,37,3215.892128
-16095.175708,34,3216.739058
-87365.31734,51,3217.912471
-13195.378971,30,3218.620342
-27720.586406,42,3219.67099
-15664.580304,35,3220.537401
-23556.453277,39,3221.442868
-62062.284838,63,3222.9631
-9352.645613,23,3223.518099
-142560.416744,51,3224.724814
-41334.222412,53,3226.01202
-83458.629845,49,3227.16026
-98099.06743,48,3228.353954
-22546.686264,46,3229.493023
-108090.681709,53,3230.756646
-18453.408487,38,3231.68367
-32363.149887,42,3232.694442
-71554.89207,48,3233.821797
-33079.19212,41,3234.7617
-10997.700614,26,3235.335894
-43338.578348,47,3236.397785
-15736.431769,34,3237.237768
-29094.389154,41,3238.227247
-12811.749952,30,3238.967691
-8000.285214,20,3239.448123
-29753.91688,40,3240.463677
-88047.185349,50,3241.692554
-24669.714559,54,3243.042783
-29449.138803,43,3244.074198
-33927.377542,42,3245.073809
-15622.231197,35,3245.903817
-22413.589646,39,3246.823428
-13773.413807,32,3247.615425
-29986.309552,41,3248.603915
-40000.556575,57,3249.963701
-23241.116081,51,3251.201926
-66713.670621,49,3252.400717
-26315.876898,39,3253.32875
-14700.46963,33,3254.091817
-70316.612229,47,3255.227149
-10757.821942,26,3255.840658
-75052.684598,70,3257.520733
-46871.155371,43,3258.565675
-56352.893556,48,3259.73443
-43729.436007,43,3260.751212
-42477.601094,44,3261.81306
-33503.999934,41,3262.82778
-14716.280764,34,3263.680511
-37746.601114,43,3264.760433
-23856.422086,39,3265.695844
-39645.699961,42,3266.704797
-79540.353616,54,3268.066684
-144226.441578,54,3269.434641
-37544.717569,75,3271.318995
-28064.669778,42,3272.367777
-79058.189894,48,3273.464851
-63474.251203,48,3274.621594
-21044.860129,38,3275.512862
-13002.075065,30,3276.132307
-13344.945036,30,3276.801347
-8852.839351,22,3277.280269
-15163.475235,34,3278.07419
-16781.726944,37,3278.922094
-21541.599968,37,3279.769019
-16225.924405,34,3280.583262
-20784.670487,36,3281.386891
-71566.899656,48,3282.55588
-33019.261556,46,3283.640273
-96931.407025,59,3285.124601
-35902.64098,42,3286.120579
-52769.22586,45,3287.25549
-37984.592031,42,3288.297959
-47536.146575,56,3289.648122
-148063.841091,53,3290.856964
-123040.79329,52,3292.109187
-51896.315378,46,3293.202313
-30053.710193,43,3294.161652
-64758.190005,47,3295.260531
-33301.82603,43,3296.270189
-29268.225219,39,3297.218145
-28568.144291,56,3298.46219
-55702.901441,45,3299.411175
-26789.187986,41,3300.251081
-14863.771397,34,3300.981622
-118069.563475,51,3302.2777
-25342.213927,38,3303.13804
-15739.438336,34,3303.891262
-13047.77675,30,3304.656518
-14229.936729,31,3305.313771
-41564.277578,44,3306.354271
-26505.400363,54,3307.586313
-10205.185413,25,3308.174594
-21254.614936,47,3309.260485
-31434.635809,40,3310.713231
-74079.944816,47,3312.139584
-65626.837484,48,3313.227548
-27023.768018,39,3314.188202
-31479.26567,41,3315.177268
-31025.749209,40,3316.069254
-19000.583724,35,3316.86256
-16630.349325,35,3317.707785
-42070.560796,43,3318.703565
-10108.101043,25,3319.277432
-36823.688869,43,3320.278487
-32334.748328,40,3321.217313
-104771.000206,53,3322.440804
-21034.704119,36,3323.224918
-13331.241278,31,3323.959585
-24398.751461,40,3324.871228
-22485.130319,38,3325.747908
-35043.116191,42,3326.755807
-18399.035264,39,3327.67711
-60432.056446,51,3328.850885
-50462.926709,46,3329.915715
-75328.3311,48,3331.052134
-10837.406767,26,3331.677594
-104057.199323,52,3332.885663
-32791.889623,41,3333.819306
-18211.149251,37,3334.679342
-26226.68147,40,3335.614803
-13072.130187,30,3336.300628
-22441.464118,38,3337.230732
-27132.039181,56,3338.540186
-15654.1318,35,3339.359824
-20995.611803,38,3340.240365
-14306.865055,32,3340.993615
-38567.397603,43,3341.991421
-38484.021213,43,3342.97544
-11432.072934,27,3343.623635
-53687.817036,46,3344.665487
-40818.070832,48,3345.774555
-14257.425728,32,3346.538306
-23197.788918,38,3347.427227
-26154.901365,40,3348.459483
-23465.795016,39,3349.420107
-94703.864811,50,3350.635884
-46566.233761,45,3351.74052
-29966.235607,41,3352.723137
-23053.726674,39,3353.626547
-54474.338542,49,3354.820645
-54359.31509,46,3355.95956
-13243.05478,31,3356.697015
-12667.633675,30,3357.354095
-22331.190497,44,3358.348903
-16362.677063,35,3359.225253
-50753.831478,44,3360.226589
-17211.850968,39,3361.133248
-38524.15925,42,3362.159163
-18755.605153,36,3362.991789
-22721.977837,38,3363.869647
-46041.432862,44,3364.907396
-44854.346619,46,3366.067202
-14140.605333,32,3366.805477
-9822.993129,24,3367.396206
-19412.352103,40,3368.318654
-21001.559206,37,3369.218646
-11227.102617,27,3369.916436
-13706.429539,32,3370.676251
-57140.610376,46,3371.818357
-9905.208952,24,3372.402812
-26803.052099,57,3373.808782
-24584.735462,40,3374.791135
-34617.075729,40,3375.781311
-66804.56596,47,3376.889402
-75951.988223,48,3378.016695
-21078.247057,46,3379.115203
-108269.041856,52,3380.352795
-49071.02387,43,3381.361827
-20178.406722,44,3382.440529
-8001.082131,20,3382.923205
-16018.020535,33,3383.686628
-54668.067853,44,3384.697457
-97642.034526,53,3385.998548
-39792.027374,44,3387.079957
-16916.991765,35,3387.901817
-23208.255893,38,3388.791306
-99191.32426,50,3389.933764
-22614.272135,37,3390.815504
-15531.907245,33,3391.661636
-10557.744801,26,3392.316165
-85574.052056,50,3393.527227
-26803.160631,41,3394.467396
-8501.208548,21,3394.952963
-24320.904232,39,3395.903519
-15106.638096,33,3396.682175
-24521.58536,39,3397.604561
-41527.320772,45,3398.684701
-16355.419117,33,3399.578968
-36278.880687,41,3400.657022
-37711.143124,43,3401.798783
-16624.161214,35,3402.634794
-100514.563659,50,3403.797233
-9859.96127,24,3404.349843
-49066.736316,46,3405.498401
-32072.581209,41,3406.436333
-26187.766954,42,3407.54047
-19885.98446,38,3408.402555
-12973.822096,30,3409.178347
-14729.391756,32,3409.960095
-18599.496812,36,3410.863814
-46976.431953,45,3411.977008
-20774.736873,38,3412.934387
-21180.321358,37,3413.823395
-65750.274813,46,3414.928405
-72006.214205,74,3416.786351
-38307.742358,46,3417.916168
-14485.743323,32,3418.706656
-18127.757756,41,3419.678831
-44924.657499,45,3420.730109
-9202.504198,23,3421.246253
-94581.955256,51,3422.477904
-30247.524582,41,3423.471735
-23736.272025,38,3424.392722
-85141.346155,50,3425.60275
-9958.401405,24,3426.167295
-24365.827659,38,3427.046602
-19599.97523,43,3428.110463
-11088.069388,27,3428.768949
-19558.746595,36,3429.654599
-28398.948865,43,3430.697247
-34366.40337,42,3431.726276
-13899.487597,30,3432.413666
-58260.506295,48,3433.620196
-38884.466287,47,3434.756714
-44148.7264,44,3435.847205
-20859.818632,37,3436.713754
-33529.793351,42,3437.710092
-22925.377026,38,3438.661415
-12900.817619,30,3439.386813
-20648.15563,45,3440.54862
-18909.829573,40,3441.527983
-44690.273435,44,3442.59033
-34342.596682,45,3443.67488
-30493.017625,42,3444.713318
-19251.259771,37,3445.587958
-66312.102183,48,3446.807125
-20846.265773,37,3447.700775
-76753.536775,49,3448.938769
-52825.564737,43,3449.983237
-14207.036501,32,3450.748502
-16831.735904,35,3451.600028
-11353.728666,27,3452.281031
-21949.814643,37,3453.147871
-19868.532559,40,3454.116408
-17116.023713,39,3455.068961
-44807.226658,44,3456.115446
-36236.78584,42,3457.119094
-29598.129916,41,3458.154717
-25190.712604,39,3459.118926
-16916.54177,35,3459.932742
-26209.839207,39,3460.826107
-35847.772535,44,3461.910385
-21473.486589,38,3462.819681
-15320.859019,35,3463.688092
-17974.110895,36,3464.565642
-14695.939538,33,3465.356164
-34863.187804,42,3466.40245
-69119.252475,58,3467.855732
-14551.033951,32,3468.696154
-79387.311723,49,3469.869774
-69731.402227,50,3471.06139
-39934.790261,43,3472.133267
-11910.931137,28,3472.814002
-14598.877116,31,3473.62916
-25275.55872,42,3474.699415
-28008.590958,41,3475.709841
-17914.298927,37,3476.646366
-73319.945881,47,3477.809595
-14834.735513,32,3478.562272
-23800.322655,38,3479.471064
-66337.546688,48,3480.635621
-17313.597013,35,3481.461966
-24040.951525,39,3482.427989
-11025.735001,26,3483.065335
-95285.79243,49,3484.308605
-9505.35758,23,3484.889862
-38968.121995,44,3486.004847
-15578.470794,34,3486.824399
-9302.885138,23,3487.375925
-15480.559696,33,3488.196687
-13918.287878,31,3488.964206
-28194.067569,40,3489.943215
-14244.363748,32,3490.701257
-38687.005625,45,3491.822678
-15113.458299,34,3492.638156
-38974.704092,43,3493.718405
-24085.22731,39,3494.630508
-32917.557212,41,3495.587461
-20983.391487,37,3496.488105
-40509.442083,44,3497.5066
-25955.581074,40,3498.496693
-118191.164161,53,3499.779858
-43648.282746,44,3500.847755
-43079.293051,44,3501.889238
-33895.440809,42,3502.8787
-114557.309731,52,3504.087929
-73260.389714,48,3505.273262
-18802.335756,36,3506.170838
-16679.563957,34,3506.998162
-21586.022786,38,3507.912103
-25478.810627,40,3508.87049
-15177.448761,33,3509.670637
-31114.12943,40,3510.649798
-43283.815653,44,3511.716777
-17713.49118,35,3512.55251
-14475.380449,33,3513.358299
-8751.738457,22,3513.92968
-18997.893456,38,3514.863216
-18777.603276,38,3515.841171
-23004.191574,39,3516.753716
-8752.039861,22,3517.282087
-16980.803219,34,3518.123333
-50345.669757,46,3519.253447
-45898.733214,44,3520.325809
-17016.174298,35,3521.181239
-84925.161626,49,3522.384452
-25638.013406,39,3523.288382
-31528.043418,42,3524.273106
-39082.712358,41,3525.291659
-13183.888798,30,3526.013556
-17817.88701,37,3526.933064
-39778.667021,44,3527.966258
-17439.570428,36,3528.847328
-31854.718438,41,3529.815369
-11303.26935,27,3530.479656
-19219.355763,36,3531.33789
-27423.685541,40,3532.238164
-25539.760325,39,3533.191638
-58410.057486,46,3534.322989
-11724.247657,28,3535.08515
-78742.527437,48,3536.191291
-20672.475882,36,3536.975338
-52130.26345,52,3538.177759
-12266.246614,29,3538.834308
-18470.455575,41,3539.857819
-54324.794687,46,3541.095819
-36240.695298,43,3542.129777
-31064.415303,41,3543.034935
-24572.012605,39,3543.943133
-17627.501284,36,3544.776356
-31058.388908,42,3545.776278
-12609.107486,29,3546.491261
-33131.971985,42,3547.452226
-51200.955855,46,3548.552775
-31173.820711,41,3549.501092
-42790.532826,45,3550.602304
-20059.857381,37,3551.561017
-15782.930644,33,3552.347819
-28164.303101,40,3553.287712
-64616.474153,52,3554.519555
-44530.148039,43,3555.564404
-18080.39578,36,3556.377661
-21403.345618,38,3557.276587
-21367.167829,37,3558.146203
-44127.675866,45,3559.201388
-42932.572397,44,3560.188604
-12113.346807,28,3560.880407
-79834.284997,51,3562.084372
-28153.433805,40,3563.038686
-12202.511312,29,3563.77432
-12247.570889,29,3564.432549
-44522.842607,42,3565.519974
-109306.701215,53,3566.855419
-59659.565765,48,3568.017841
-10715.147936,26,3568.622191
-13393.565358,30,3569.300894
-24341.42243,48,3570.442508
-12313.932926,29,3571.061383
-20452.175706,36,3571.862756
-15602.237176,35,3572.629883
-44655.878359,47,3573.704016
-19265.496699,36,3574.532994
-21340.922404,38,3575.420008
-26520.068147,40,3576.349374
-37406.60317,42,3577.382936
-36881.80239,41,3578.321107
-61556.384444,48,3579.480674
-19188.780567,38,3580.35406
-16521.593995,35,3581.182745
-10222.080015,25,3581.792939
-14151.003932,32,3582.560308
-34009.940505,42,3583.529246
-14032.166042,31,3584.244396
-16608.442909,34,3585.003035
-9603.904675,24,3585.593096
-11488.188379,27,3586.182106
-17801.017104,36,3586.984911
-15813.452836,36,3587.831043
-77659.902343,53,3589.037912
-15919.494602,34,3589.829847
-9555.878977,24,3590.382421
-68616.509926,49,3591.568595
-15692.968274,33,3592.339017
-16359.429799,35,3593.190031
-50522.289692,46,3594.274784
-22179.493745,38,3595.154565
-46857.66308,44,3596.182857
-9754.917357,24,3596.747881
-9103.263358,23,3597.307792
-19628.728729,37,3598.20235
-17239.621591,38,3599.07754
-17540.855615,34,3599.900611
-125197.321441,52,3601.168406
-58297.658617,52,3602.446761
-13640.23024,31,3603.213613
-21221.050135,37,3604.094151
-19305.544,37,3604.988399
-13582.565251,31,3605.742156
-59960.887262,45,3606.871436
-16139.659058,35,3607.711664
-61706.790443,44,3608.795673
-47440.535814,44,3609.826601
-36991.997799,43,3610.870326
-16817.289718,34,3611.677254
-12772.295029,30,3612.363707
-43512.431172,43,3613.386874
-71376.177284,49,3614.539698
-21235.751607,37,3615.381825
-57481.422347,46,3616.505802
-19015.239779,42,3617.469911
-26609.861884,39,3618.461478
-21856.053105,38,3619.382625
-19900.553726,37,3620.279284
-17488.488714,36,3621.08883
-10775.570876,26,3621.723767
-33202.81938,42,3622.758379
-34765.046528,42,3623.72192
-39223.307422,43,3624.717792
-19806.002567,37,3625.613856
-72263.917616,47,3626.720017
-44640.913947,43,3627.731755
-17270.958348,37,3628.608143
-18583.750932,35,3629.429743
-12496.433846,29,3630.116903
-24965.212926,38,3631.068862
-61274.691534,48,3632.189856
-32526.420949,42,3633.136384
-115199.273774,51,3634.307258
-70547.627124,47,3635.409464
-85105.55007,50,3636.566573
-14286.694064,31,3637.322482
-23314.107568,38,3638.241668
-17750.922719,36,3639.106508
-30345.403026,41,3640.0946
-11587.639411,27,3640.750867
-44367.552285,45,3641.795728
-13342.819691,30,3642.509681
-11660.242792,28,3643.168731
-46177.360207,45,3644.230226
-18720.182866,36,3645.100664
-65607.522072,47,3646.189069
-39360.856362,43,3647.245814
-15102.726331,33,3648.03658
-16904.104802,35,3648.84728
-22525.005174,38,3649.734591
-15332.918006,33,3650.516114
-16137.05291,35,3651.342628
-17492.172917,39,3652.261229
-15415.838895,35,3653.118113
-21250.327608,38,3653.992148
-13967.178236,31,3654.711504
-65183.287576,49,3655.885215
-13973.961939,31,3656.623005
-23356.364203,38,3657.598928
-18288.617656,35,3658.519238
-14254.465468,32,3659.349595
-79516.859231,47,3660.520708
-23817.741242,39,3661.351956
-70797.324113,47,3662.556364
-125808.703373,50,3663.786275
-8501.022291,21,3664.29293
-25244.392533,40,3665.257229
-39419.06984,43,3666.354905
-10618.665125,26,3667.012109
-13332.19671,31,3667.797627
-40014.626881,44,3668.950484
-9352.741687,23,3669.54424
-32033.243573,41,3670.617318
-82915.749,48,3671.77129
-19219.107701,41,3672.868461
-46484.440471,57,3674.41655
-60183.421666,47,3675.523819
-106482.581322,50,3676.954627
-16423.363362,34,3677.819071
-15530.274497,33,3678.585296
-21800.208454,37,3679.398339
-91551.167447,50,3680.536943
-11213.938613,27,3681.117882
-90559.704511,49,3682.201619
-9455.979757,23,3682.788018
-17805.178533,36,3683.660637
-19676.902253,38,3684.515092
-31339.110208,40,3685.460906
-8500.963108,21,3685.9758
-108254.703714,53,3687.155175
-14486.62975,32,3687.878266
-12391.834688,29,3688.525562
-16496.141323,37,3689.366733
-32918.952614,41,3690.27278
-18889.266475,36,3691.121857
-51907.294294,48,3692.252455
-59488.137925,45,3693.386788
-14832.604102,34,3694.377986
-14771.789427,32,3695.139616
-12671.684609,29,3695.843356
-15448.640901,34,3696.617589
-29402.338195,40,3697.589274
-12896.185178,30,3698.284976
-50859.70449,44,3699.327771
-23447.927984,37,3700.262435
-14459.893714,32,3701.072767
-12672.445227,30,3701.788016
-18781.063914,37,3702.701843
-35682.574067,43,3703.741558
-16276.707211,36,3704.580197
-20880.112477,38,3705.50856
-11820.052367,28,3706.189113
-25040.268359,48,3707.343711
-20026.147905,36,3708.234792
-121889.811068,51,3709.450424
-42585.273235,43,3710.493359
-105376.913208,52,3711.752099
-17026.855546,34,3712.597226
-17534.155428,36,3713.501841
-15215.106552,34,3714.298958
-21124.087639,38,3715.22808
-31877.150241,42,3716.28166
-104470.33688,51,3717.533441
-45987.142257,46,3718.666131
-51714.263637,47,3719.788193
-21892.238723,38,3720.756538
-15061.777056,33,3721.530189
-21031.424201,36,3722.449735
-23039.200391,39,3723.393826
-13770.309192,31,3724.10616
-10882.768449,26,3724.816875
-43990.390929,44,3725.895356
-15415.22268,34,3726.750846
-18556.128096,35,3727.593458
-32679.879489,42,3728.616816
-19700.459063,36,3729.524094
-13278.726398,31,3730.303899
-21831.745452,39,3731.314403
-27574.797564,40,3732.272543
-37138.134221,40,3733.217824
-8001.325778,20,3733.719347
-20152.835964,37,3734.602304
-16566.601343,34,3735.404957
-11573.558537,27,3736.062721
-13330.518135,31,3736.831625
-123894.764357,54,3738.232548
-12773.021466,29,3738.968157
-61671.035314,47,3740.121832
-8600.99449,22,3740.665156
-11694.387782,28,3741.330152
-21384.250364,37,3742.16054
-64014.756198,46,3743.386798
-15289.749808,32,3744.220508
-11772.316607,28,3744.928989
-13677.96266,31,3745.67057
-21781.617114,38,3746.59888
-10307.629279,25,3747.207777
-11368.874209,27,3747.856083
-34308.2718,40,3748.832657
-30167.718258,41,3749.838883
-33933.392062,40,3750.796904
-55462.033172,48,3751.932153
-50477.693071,44,3752.975945
-18771.439188,35,3753.798454
-13236.961918,31,3754.565044
-103474.724652,49,3755.779068
-20832.112898,43,3756.818986
-29550.361324,40,3757.831804
-22911.5486,38,3758.787799
-29319.424873,41,3759.770033
-14627.476638,33,3760.602165
-13701.071763,31,3761.341197
-20838.12121,37,3762.303084
-31159.388409,41,3763.306966
-17297.29333,36,3764.143715
-19520.401013,36,3764.974008
-68913.200996,51,3766.178173
-19655.75338,36,3767.054525
-17306.840319,38,3767.934828
-16160.753807,34,3768.774099
-20155.056425,38,3769.655713
-31883.185461,41,3770.573134
-12677.502765,29,3771.26412
-61819.285386,49,3772.366738
-21082.061139,38,3773.233086
-17961.888044,35,3774.044865
-9002.554372,22,3774.540204
-8000.054828,20,3775.007472
-49279.308271,45,3775.98966
-9203.136694,23,3776.525259
-83666.804189,50,3777.647177
-12177.232301,29,3778.277178
-25373.909876,38,3779.18281
-19405.947773,38,3780.049502
-42398.007632,43,3781.037002
-28018.610079,40,3782.049753
-32044.456807,43,3783.050267
-32508.275673,43,3784.04675
-17075.524282,34,3784.829532
-33843.837132,41,3785.799062
-9817.000153,24,3786.354807
-16102.050975,35,3787.152698
-14496.121277,33,3787.944823
-12150.067607,28,3788.588475
-18633.823116,36,3789.47688
-22386.739496,38,3790.382254
-20186.764035,37,3791.279065
-89756.922147,49,3792.426661
-15277.791641,33,3793.151134
-17496.079983,35,3793.948713
-34795.294647,41,3794.887542
-13598.290399,31,3795.600293
-8000.266458,20,3796.031852
-42433.562318,44,3837.482465
-21098.492102,36,3838.372782
-50618.18275,45,3839.408476
-19430.469393,37,3840.293605
-17911.487593,36,3841.144668
-18399.461982,35,3842.006566
-12850.182459,30,3842.76337
-22276.430933,38,3843.656578
-18111.064658,35,3844.433507
-20045.534328,37,3845.269959
-27392.900091,39,3846.171577
-18164.593927,37,3847.039909
-52474.235557,44,3848.053066
-13124.401451,30,3848.758667
-57795.925309,45,3849.892798
-21437.992907,37,3850.729008
-55876.563181,46,3851.786362
-11056.023542,26,3852.380353
-13082.890356,31,3853.104943
-75897.67649,47,3854.225859
-42244.11565,43,3855.212859
-15340.361848,35,3856.05794
-32747.431187,41,3856.997213
-39802.430422,43,3857.983937
-15733.244031,33,3858.772309
-40803.926964,44,3859.804479
-13611.459754,31,3860.550752
-12941.66117,30,3861.242184
-34139.571974,42,3862.241878
-14128.057128,32,3862.990329
-26039.368023,40,3863.921257
-8000.563629,20,3864.410847
-42446.866864,46,3865.50915
-50706.145305,45,3866.601793
-24591.61567,38,3867.46962
-31838.330677,42,3868.492341
-30050.60694,48,3869.594679
-24492.002446,39,3870.477007
-49327.581833,46,3871.554972
-30209.352095,40,3872.522289
-43639.957352,44,3873.664558
-24865.823356,39,3874.57834
-8701.280299,22,3875.103485
-61309.254271,46,3876.155155
-75308.729107,46,3877.222402
-35788.877236,41,3878.253802
-15246.510431,32,3878.998265
-9963.09852,24,3879.585898
-31770.408771,41,3880.538553
-9960.093626,24,3881.107193
-14387.41116,31,3881.846576
-23401.601512,38,3882.721292
-51416.076709,46,3883.835007
-9706.961058,24,3884.396443
-47023.150968,44,3885.442861
-9656.139951,24,3886.049069
-108949.176639,52,3887.249162
-78129.335349,50,3888.445193
-15880.751298,33,3889.244501
-55968.210652,45,3890.320887
-50817.379409,45,3891.3526
-42687.632466,45,3892.450645
-55802.376744,49,3893.70508
-28015.340158,39,3894.676676
-59876.451101,47,3895.756292
-33657.979177,42,3896.743324
-14050.215213,32,3897.479877
-26756.431347,40,3898.414754
-98265.281736,49,3899.578571
-33551.029524,41,3900.550604
-24578.709417,38,3901.430071
-9813.256243,24,3902.013484
-13233.812784,30,3902.725917
-11375.450471,27,3903.395821
-57719.813381,47,3904.509286
-16621.235443,34,3905.313577
-38621.594927,42,3906.345322
-20522.867813,36,3907.207319
-15195.577501,33,3908.014725
-37557.705692,45,3909.089495
-138987.51401,54,3910.421394
-15340.67012,33,3911.217948
-34280.895572,41,3912.213552
-65251.275675,47,3913.341925
-14813.762574,32,3914.078605
-39021.239217,44,3915.139099
-17885.224458,34,3915.938186
-18043.72384,36,3916.789911
-38308.43163,42,3917.743815
-27083.721031,40,3918.698774
-103545.2478,49,3919.849675
-61657.417999,45,3920.915795
-35612.091659,42,3921.89901
-35183.334962,42,3922.87678
-24068.972909,39,3923.806329
-29873.276105,40,3924.742184
-16860.534746,34,3925.550967
-15066.321193,32,3926.258377
-12017.39467,28,3926.931527
-32578.984399,42,3927.973296
-9355.782905,23,3928.596302
-44852.090025,46,3929.722494
-16691.505643,35,3930.543618
-35160.818519,43,3931.630705
-15365.755915,33,3932.435211
-14220.71247,32,3933.263517
-13903.008438,32,3934.076808
-10886.274831,26,3934.721289
-82460.885065,48,3935.894758
-10329.066543,25,3936.48373
-102815.851687,51,3937.709408
-15937.370233,34,3938.515359
-17768.651581,40,3939.528142
-39898.985277,44,3940.559884
-71788.291564,49,3941.720008
-9503.899721,23,3942.260247
-109506.002349,52,3943.516779
-11786.411957,28,3944.186451
-17971.734244,39,3945.223563
-86103.146793,49,3946.423518
-64598.334804,47,3947.58984
-26109.858295,39,3948.518715
-20458.914867,37,3949.414388
-61771.87801,50,3950.649857
-21273.702058,37,3951.533285
-25361.406757,39,3952.440799
-31234.98553,41,3953.370615
-12165.353315,28,3954.017511
-19306.424969,36,3954.842573
-13140.188634,30,3955.548384
-16614.086659,34,3956.325248
-37312.186352,43,3957.378178
-81296.592303,46,3958.466338
-27135.649612,40,3959.446454
-16591.315211,36,3960.309502
-91030.63433,48,3961.424502
-10946.148428,26,3962.065304
-77545.527129,48,3963.235756
-14799.638708,33,3964.053989
-13018.764411,30,3964.788779
-46691.515123,45,3965.827059
-18616.375891,36,3966.721593
-31253.49757,40,3967.698939
-20652.590346,36,3968.541443
-16595.490472,35,3969.345407
-88899.10102,52,3970.586484
-16367.035852,34,3971.362283
-18550.363047,36,3972.219606
-18184.671692,35,3973.068377
-15735.458425,36,3973.916037
-75378.311017,48,3975.091503
-29132.052207,40,3976.074159
-69517.327569,48,3977.184028
-29892.609459,41,3978.169041
-26437.457035,40,3979.093774
-32875.859429,40,3980.03448
-18992.094121,36,3980.890241
-18389.491574,38,3981.802241
-19222.19123,37,3982.678395
-53885.917374,45,3983.705615
-38405.4419,43,3984.738878
-48256.313326,45,3985.770317
-13432.231502,30,3986.482903
-14976.80308,32,3987.260261
-62249.596724,49,3988.428889
-62411.326264,45,3989.525332
-8001.151738,20,3989.996171
-9354.0885,23,3990.539335
-27104.008561,39,3991.446198
-10875.542619,26,3992.072953
-31445.002572,41,3993.089727
-16551.108336,36,3993.971735
-56923.394475,47,3995.077719
-35950.746049,41,3996.033575
-78824.296288,49,3997.202576
-18978.324317,36,3998.071633
-8801.56731,22,3998.603064
-13870.566466,32,3999.354323
-50998.552153,43,4000.356049
-10315.123521,25,4000.942441
-22649.205197,40,4001.917642
-15970.109444,34,4002.707774
-19565.366992,36,4003.553444
-17348.85892,35,4004.353583
-83008.676498,50,4005.556438
-94212.648834,49,4006.783253
-45780.376746,44,4007.805095
-13543.20596,31,4008.569967
-20350.528841,36,4009.423396
-11361.09952,27,4010.057688
-11080.756123,27,4010.736497
-45900.054799,47,4011.900529
-14390.100924,32,4012.661426
-18955.099443,36,4013.518097
-15772.899099,34,4014.271
-9153.954387,23,4014.849685
-22154.907007,37,4015.721774
-18622.947335,36,4016.509056
-17876.457682,34,4017.303977
-34579.79407,42,4018.315799
-14813.350887,34,4019.098058
-25810.035077,39,4020.033097
-34324.336168,41,4021.007952
-16620.295869,35,4021.847807
-8000.375424,20,4022.305019
-129903.489203,52,4023.550167
-24550.971481,39,4024.449103
-39832.759401,41,4025.439803
-24162.402286,39,4026.343017
-61576.497671,48,4027.449779
-14165.393453,32,4028.207725
-30221.398295,40,4029.141752
-34782.416478,42,4030.152308
-13917.534333,31,4030.879724
-14160.581563,31,4031.638614
-74498.932724,58,4032.96163
-11070.566382,27,4033.603488
-93155.290858,49,4034.747452
-65010.312709,46,4035.843065
-54317.436467,47,4036.94025
-14201.280552,32,4037.680945
-8000.62544,20,4038.135038
-10107.840459,25,4038.749361
-11478.040715,27,4039.370454
-15062.355155,34,4040.146834
-19350.89967,42,4041.081946
-17665.395308,36,4041.909302
-13346.707801,31,4042.667135
-20597.925332,37,4043.519273
-28462.396663,39,4044.402614
-13364.050048,31,4045.151432
-13250.245626,30,4045.845712
-106573.438936,56,4047.160394
-13219.265774,31,4047.905721
-15760.965334,33,4048.700028
-17942.650853,35,4049.52013
-43903.953663,45,4050.637491
-17852.509859,37,4051.481397
-36272.662438,42,4052.464638
-21956.658526,38,4053.377814
-16040.560201,33,4054.171323
-16384.249981,33,4054.911232
-21695.48051,40,4055.841184
-21433.190866,37,4056.667205
-16499.699778,34,4057.447061
-70145.609858,47,4058.52707
-12178.712127,28,4059.207698
-100596.416996,49,4060.341621
-31961.364505,41,4061.266936
-140387.967523,51,4062.439703
-15669.679764,33,4063.261918
-15335.395758,33,4064.067956
-75162.389561,47,4065.12317
-9507.168071,23,4065.676977
-11643.392455,28,4066.317576
-33846.507455,40,4067.271382
-63278.944224,47,4068.381043
-99148.341302,49,4069.574505
-25760.084771,39,4070.506564
-11963.68397,28,4071.146561
-17453.454361,35,4071.969883
-31207.352001,41,4072.96427
-63413.447123,46,4074.088977
-13387.224777,30,4074.811821
-35662.47968,41,4075.749999
-34442.979321,41,4076.722649
-14405.712024,32,4077.478087
-25954.953306,38,4078.413787
-18695.650956,35,4079.238208
-84006.125373,48,4080.349731
-31596.824547,41,4081.270127
-21109.80799,41,4082.271122
-17236.146243,35,4083.111318
-29955.761641,40,4084.096036
-21692.616095,37,4084.984555
-92291.549676,52,4086.215251
-12382.113514,29,4086.900934
-12899.778996,30,4087.618323
-29753.411361,40,4088.536739
-76376.616459,46,4089.64126
-18265.108717,35,4090.441486
-20494.828301,37,4091.332627
-31670.571712,42,4092.300796
-21536.783813,37,4093.17333
-27800.101733,40,4094.13977
-20860.075706,37,4094.981805
-14119.591134,31,4095.702409
-16397.189116,34,4096.515557
-17982.493496,35,4097.340611
-83813.856999,49,4098.523696
-30722.990758,41,4099.460369
-16184.966846,33,4100.257374
-8000.352323,20,4100.73146
-14495.310622,31,4101.421881
-27817.638414,40,4102.342122
-11153.4994,27,4102.948109
-94321.490883,48,4104.069239
-92960.803481,49,4105.214799
-68801.934968,46,4106.265916
-19167.919585,37,4107.096402
-13594.907439,31,4107.791109
-18786.841606,36,4108.690504
-24410.098165,39,4109.570822
-41334.66022,47,4110.742499
-20421.893104,37,4111.597461
-40176.942919,43,4112.571934
-75445.504281,46,4113.666528
-27517.911362,39,4114.579162
-40041.81646,45,4115.6489
-21880.017559,37,4116.492724
-11823.642767,28,4117.129959
-54298.917578,45,4118.142778
-42723.076764,43,4119.154727
-62896.330539,47,4120.289773
-30446.676544,41,4121.213012
-15352.09196,32,4121.975974
-13138.405636,30,4122.706093
-94200.944577,50,4123.865177
-40837.117651,44,4124.917404
-13684.561079,31,4125.672334
-9508.134004,23,4126.227253
-15143.088232,32,4126.964183
-38768.133525,43,4128.050299
-8650.886791,22,4128.561103
-58970.345492,45,4129.628068
-15733.641673,34,4130.410352
-10062.894434,25,4130.977325
-13557.174083,30,4131.665511
-14364.399012,32,4132.392821
-51748.10507,46,4133.490441
-27457.381344,39,4134.420723
-14207.709716,32,4135.195109
-80181.161178,49,4136.332077
-15157.851737,32,4137.138463
-8652.120725,22,4137.67728
-35992.490503,42,4138.684318
-9609.414153,24,4139.25652
-19501.005327,36,4140.213874
-24248.732423,39,4141.161417
-51301.8238,45,4142.182626
-14926.157213,32,4142.940198
-18802.100483,35,4143.778562
-71107.607354,48,4144.945839
-25358.388391,39,4145.908072
-95388.806988,50,4147.115592
-89530.648434,50,4148.284474
-14346.938667,32,4149.04702
-116613.486467,51,4150.26012
-73029.478005,49,4151.383314
-21643.345766,42,4152.406784
-41146.667606,42,4153.452607
-15460.426364,34,4154.296858
-35128.316554,41,4155.275869
-27634.345975,39,4156.188967
-13950.166841,31,4156.909711
-15053.777833,33,4157.691221
-38614.815157,42,4158.703633
-97610.15311,49,4159.868817
-17755.94058,35,4160.70424
-24419.162965,38,4161.620048
-16335.76612,34,4162.396759
-55743.714334,44,4163.422778
-11672.516031,28,4164.08625
-18748.562722,36,4164.919503
-11307.778081,27,4165.516129
-11636.980397,28,4166.168087
-36443.760913,42,4167.134562
-97727.180938,50,4168.269171
-18469.157837,35,4169.090986
-8000.438166,20,4169.57211
-35284.502657,41,4170.543787
-13528.442005,31,4171.239048
-9804.06241,24,4171.811967
-33845.469892,41,4172.759764
-62258.086279,47,4173.90431
-17489.926794,36,4174.771112
-12601.756731,30,4175.459516
-29930.812111,42,4176.492192
-26634.186431,40,4177.438495
-16802.351382,34,4178.275046
-64831.743681,45,4179.334942
-86073.434436,48,4180.581196
-79171.962674,49,4181.784168
-15719.298528,33,4182.557173
-38856.501367,43,4183.580242
-21367.268959,37,4184.482095
-102484.506529,49,4185.645312
-22553.632089,38,4186.534411
-9304.448029,23,4187.102664
-15470.177296,33,4187.903209
-21251.870238,37,4188.740747
-16692.573853,38,4189.641824
-17497.034194,35,4190.437589
-19169.188702,36,4191.290313
-13190.263007,30,4192.01345
-13859.812929,31,4192.718293
-22344.199932,37,4193.646606
-17421.231036,34,4194.423914
-16844.78504,34,4195.25978
-14681.317252,32,4195.997635
-119492.892709,51,4197.193789
-14308.070309,32,4198.042372
-123032.379417,51,4199.274087
-15759.912328,35,4200.143581
-13948.83581,32,4200.937026
-15762.21056,35,4201.796422
-33436.774714,40,4202.730659
-16561.658116,34,4203.522243
-14515.036745,33,4204.270329
-31387.137508,40,4205.221663
-42277.764559,45,4206.344656
-18890.882441,36,4207.186988
-16717.786247,36,4208.014986
-100404.087723,49,4209.196133
-23106.664664,38,4210.089873
-18211.667969,36,4210.937034
-13555.728921,30,4211.683762
-11744.79523,28,4212.34021
-50537.433679,44,4213.401417
-16438.80361,36,4214.268696
-20994.159206,37,4215.156034
-107246.619871,50,4216.335115
-26106.526759,39,4217.202371
-20038.851354,36,4218.063089
-24729.895025,39,4218.984433
-9855.636942,24,4219.522318
-8000.232455,20,4220.019146
-53827.754963,46,4221.095228
-23834.335926,38,4222.004597
-16229.413883,33,4222.810362
-13740.646764,31,4223.563046
-43316.429494,44,4224.624985
-18344.267194,39,4225.51617
-35736.056888,41,4226.456593
-9759.598989,24,4227.020483
-16207.700546,35,4227.834228
-17598.900264,35,4228.691286
-17709.251583,36,4229.529269
-32771.211712,41,4230.537946
-15521.27082,32,4231.315879
-14955.094956,32,4232.077705
-15448.251033,33,4232.85982
-39976.000304,42,4233.852068
-34179.550635,41,4234.803254
-17229.382526,35,4235.633986
-30112.987215,40,4236.586473
-17729.657101,35,4237.361651
-15968.173107,33,4238.101038
-14488.973253,32,4238.857111
-9804.373912,24,4239.441917
-37034.186892,42,4240.431117
-8000.511102,20,4240.908879
-47254.17399,44,4241.9475
-34486.139935,41,4242.892564
-14287.470157,32,4243.601707
-53957.257965,45,4244.617952
-16289.122157,33,4245.391103
-23300.820803,38,4246.323498
-9151.652186,23,4246.874285
-20971.597421,38,4247.783685
-11502.583862,27,4248.417259
-130917.90666,52,4249.646233
-8000.304849,20,4250.105537
-11112.58418,27,4250.731336
-15311.633506,34,4251.509773
-33432.855404,41,4252.48868
-90841.036902,50,4253.649189
-42992.204339,43,4254.621233
-15930.414709,33,4255.326191
-17899.517678,39,4256.220839
-14849.56548,32,4256.96049
-58688.097879,45,4257.96481
-29929.935997,40,4258.899238
-21523.163811,38,4259.728736
-19376.544941,36,4260.538568
-18933.04908,36,4261.364851
-54561.87959,45,4262.408553
-49408.506879,44,4263.423051
-18763.813693,35,4264.235986
-9608.621446,24,4264.791602
-20285.111179,37,4265.708074
-15890.954039,35,4266.514358
-15205.707292,34,4267.282979
-41271.274329,42,4268.280457
-114953.043156,50,4269.41705
-33711.169904,41,4270.355122
-17217.152386,34,4271.142612
-18068.028228,39,4272.008762
-73583.983431,47,4273.051857
-15984.59934,36,4273.88123
-44513.781708,43,4274.882351
-23333.20707,38,4275.775286
-17441.799475,35,4276.59149
-12853.72023,30,4277.286939
-8000.551592,20,4277.765226
-43977.635233,43,4278.833117
-15261.585436,34,4279.673824
-49624.118445,45,4280.704701
-11134.247245,27,4281.316574
-27190.439602,39,4282.181999
-50324.676996,45,4283.231977
-42648.816264,43,4284.234597
-85072.093004,48,4285.318317
-13447.190903,30,4286.018174
-19735.954696,36,4286.850029
-29072.73209,39,4287.740574
-25577.81249,39,4288.656585
-37209.587768,43,4289.667522
-15220.500796,33,4290.441094
-24240.430304,41,4291.398724
-15341.629867,32,4292.156623
-32678.774478,43,4293.201378
-24601.132053,38,4294.126796
-16139.165495,34,4294.935202
-14806.924724,32,4295.693307
-52031.215721,45,4296.734867
-11182.38753,27,4297.384744
-61515.172937,47,4298.467196
-31789.697956,41,4299.435169
-43294.95598,44,4300.45962
-100070.223082,50,4301.613589
-17631.570971,35,4302.420855
-15765.623766,36,4303.26215
-9203.408491,23,4303.80525
-37046.67599,43,4304.812605
-20412.467637,37,4305.687571
-99581.702647,50,4306.88216
-55603.430895,51,4308.07605
-9711.253241,24,4308.641469
-23082.977966,37,4309.496769
-38817.865693,43,4310.554595
-9962.732097,24,4311.139182
-88832.778053,48,4312.281627
-19702.570397,39,4313.185148
-35885.266244,43,4314.176462
-16407.17156,33,4315.003501
-45746.685768,45,4316.093103
-16610.332389,33,4316.918319
-107261.90529,50,4318.163494
-14803.284371,32,4318.9515
-19447.210005,36,4319.798932
-15111.454701,34,4320.602556
-36188.071908,42,4321.57152
-39984.699837,43,4322.600528
-31711.414347,41,4323.56316
-9255.871026,23,4324.108323
-15380.215725,33,4324.925476
-41440.191687,42,4325.928316
-10772.667602,26,4326.529796
-43611.921294,43,4327.535069
-23832.936348,38,4328.475501
-65327.635768,46,4329.62441
-11570.741374,27,4330.262639
-14090.367065,31,4331.012985
-70899.981772,47,4332.130523
-27344.915739,39,4333.008365
-12692.54525,29,4333.675377
-20048.650818,36,4334.472254
-11200.119202,27,4335.127071
-17161.091073,34,4335.92064
-9958.717516,24,4336.453927
-83444.864088,49,4337.630825
-15254.333628,34,4338.418642
-47983.631061,44,4339.432079
-37107.510425,43,4340.484328
-14005.003825,32,4341.265555
-19055.972392,36,4342.093672
-35959.247673,43,4343.142181
-20969.424608,36,4343.988217
-22287.089907,38,4344.880523
-41295.16369,43,4345.900743
-53204.91511,44,4347.003235
-14621.970788,33,4347.783868
-24156.830341,38,4348.648837
-9001.782329,22,4349.130872
-17120.086955,36,4349.959621
-50305.707685,43,4350.998581
-14309.915551,33,4351.795615
-18554.155243,36,4352.608861
-29259.500469,41,4353.599484
-24584.246573,40,4354.554682
-14174.289329,31,4355.291929
-52114.520066,45,4356.306997
-114234.283416,50,4357.511095
-114667.018275,56,4358.817708
-66751.449986,47,4359.932827
-49309.270756,45,4360.961701
-116791.31257,52,4362.173412
-45081.311262,43,4363.177077
-33007.899491,40,4364.116187
-16002.84056,33,4364.864367
-41238.054308,44,4365.907163
-30841.59286,40,4366.801768
-15516.616535,32,4367.541118
-79448.723756,49,4368.709776
-12923.217348,30,4369.414048
-16572.240763,33,4370.215616
-18558.067394,35,4371.029731
-104207.487556,51,4372.211934
-32653.045687,41,4373.165631
-59994.024596,45,4374.250673
-25402.689766,39,4375.205227
-119381.263146,51,4376.490235
-89608.996823,49,4377.64727
-94861.92765,50,4378.809063
-97160.977408,49,4379.979187
-51077.87788,43,4381.034264
-52160.363248,44,4382.076454
-18729.063655,35,4382.914162
-11967.780073,28,4383.610981
-17561.597737,35,4384.467692
-26565.360149,38,4385.392306
-47059.015274,44,4386.491818
-16055.216052,35,4387.342002
-22293.198164,38,4388.260414
-15719.163786,33,4389.025024
-55736.77077,44,4390.066913
-21669.243076,37,4390.978412
-61528.692289,46,4392.047077
-12510.358303,29,4392.746525
-11894.40956,28,4393.387603
-52972.909494,44,4394.417871
-20512.421732,36,4395.264994
-53864.035529,46,4396.356652
-16025.358333,36,4397.214206
-14290.368345,33,4398.006434
-36779.119388,43,4399.07856
-94600.3064,49,4400.219453
-23261.130238,38,4401.130991
-14573.401952,32,4401.893465
-30051.538254,40,4402.849996
-22909.034736,38,4403.764682
-53456.220849,46,4404.848752
-20654.679631,40,4405.757214
-27947.922086,40,4406.677908
-16967.421017,34,4407.525654
-21906.991658,39,4408.511792
-12179.024865,28,4409.201019
-57618.56869,45,4410.341099
-24102.043905,39,4411.283733
-20112.689289,36,4412.174366
-22479.608449,42,4413.243963
-17661.263051,34,4414.094286
-44655.940331,44,4415.154866
-43177.056732,43,4416.179184
-14175.118539,32,4416.925395
-13651.356013,31,4417.646953
-39242.495249,44,4418.693536
-77684.958578,47,4419.791787
-21517.440478,37,4420.664987
-81055.905212,50,4421.877841
-80111.02015,47,4422.981598
-16962.339955,34,4423.753499
-17531.725531,34,4424.573279
-24857.214918,39,4425.480396
-88570.400458,48,4426.665679
-28229.020076,43,4427.725535
-16588.431729,34,4428.513044
-32214.478082,41,4429.506989
-18260.484531,35,4430.359928
-37178.185898,41,4431.385206
-19234.138189,36,4432.227533
-18619.131463,36,4433.07976
-15979.08693,33,4433.868376
-27353.955032,39,4434.78337
-70511.364245,48,4435.905009
-29091.682143,40,4436.846505
-26958.515106,43,4437.875198
-49069.838923,44,4438.887351
-44366.643419,44,4439.908086
-18666.908528,35,4440.778888
-11429.071413,27,4441.415054
-66876.362469,46,4442.558065
-28701.180119,40,4443.50384
-11835.564315,28,4444.185333
-53557.486087,45,4445.296343
-63814.63272,46,4446.399082
-29010.385265,40,4447.35449
-10620.825375,26,4447.991898
-55034.879878,45,4449.051419
-100383.925513,50,4450.264508
-23738.169225,38,4451.210488
-14998.801922,32,4451.975168
-11544.499269,27,4452.641081
-43981.25684,44,4453.692383
-14162.220273,32,4454.420315
-15222.603392,32,4455.208597
-121606.816871,50,4456.362441
-50791.923137,45,4457.440609
-12940.642777,30,4458.210081
-91579.360207,50,4459.442134
-14567.625078,32,4460.174427
-29603.367681,41,4461.15474
-14514.704068,33,4461.928421
-16638.285358,34,4462.733818
-64845.720223,47,4463.849058
-10568.478804,26,4464.473222
-15043.798413,33,4465.230146
-67826.310849,46,4466.332352
-57449.160641,46,4467.423252
-15630.959004,34,4468.251538
-15019.566091,32,4469.023594
-28893.117708,40,4469.940349
-53784.496466,45,4471.057026
-11221.398616,27,4471.71282
-46649.639257,45,4472.781993
-94908.522352,49,4473.983506
-38072.775365,41,4475.061464
-18730.587279,36,4475.92475
-102423.241627,50,4477.153637
-135520.079228,52,4478.406817
-9654.106132,24,4478.957234
-22044.207692,36,4479.806555
-16251.040702,33,4480.611901
-20075.763688,37,4481.434293
-21451.966947,38,4482.354263
-29437.663477,40,4483.262385
-12361.201982,29,4483.930215
-14635.922744,33,4484.699067
-11792.97022,28,4485.338214
-19643.966426,36,4486.185255
-30644.48735,40,4487.122235
-24743.759652,38,4488.019374
-16071.068068,36,4488.909833
-41046.732383,44,4489.908919
-23205.704339,39,4490.811045
-13543.935405,30,4491.509977
-15202.702627,33,4492.287004
-46791.868457,45,4493.26792
-17170.023797,36,4494.133973
-15671.826771,36,4494.934961
-18947.16345,37,4495.770016
-19026.544828,36,4496.627126
-94820.688477,49,4497.754649
-53847.54264,45,4498.83406
-9703.797068,24,4499.395076
-16567.282465,35,4500.186949
-12040.495478,28,4500.820668
-26523.663918,38,4501.741791
-47674.496706,45,4502.763575
-39617.012672,42,4503.731146
-27421.46803,40,4504.681797
-50752.26977,46,4505.73956
-11957.279715,28,4506.374356
-12166.650197,29,4507.032728
-15894.646381,32,4507.754488
-28788.26426,38,4508.613427
-12462.527085,29,4509.258714
-14282.068169,31,4509.948533
-63798.009625,46,4511.021274
-25698.735158,39,4511.906163
-21630.646439,37,4512.730063
-61497.693978,48,4513.781279
-78862.042925,47,4514.89116
-15557.892457,34,4515.670062
-34011.530504,42,4516.710125
-62286.354658,47,4517.81554
-56572.832112,45,4518.861364
-21195.372579,37,4519.72171
-51799.1914,44,4520.774439
-9252.960965,23,4521.303254
-38819.729257,44,4522.346661
-18004.676598,39,4523.242402
-11721.713141,28,4523.865428
-17009.727547,34,4524.589131
-106269.89513,50,4525.755878
-15000.327552,32,4526.478865
-16034.169988,36,4527.318576
-32868.613774,41,4528.264207
-27767.340329,40,4529.150886
-28794.542446,40,4530.079201
-11353.325218,27,4530.694219
-26563.663331,39,4531.634443
-45308.961783,43,4532.659604
-10465.913878,25,4533.244744
-33765.097784,41,4534.184909
-101685.937515,50,4535.346574
-44854.818002,44,4536.334283
-29596.832743,41,4537.320622
-76637.533398,48,4538.45162
-9052.108216,23,4538.983037
-28650.337122,40,4539.910098
-41538.312003,44,4540.891517
-8000.470524,20,4541.4069
-36829.500498,42,4542.420443
-115417.463857,51,4543.672193
-31191.558899,41,4544.618416
-46647.106007,45,4545.676939
-14289.703715,32,4546.52683
-13982.07499,31,4547.266201
-27213.128225,46,4548.415072
-138563.842656,53,4549.726086
-20217.908465,38,4550.623717
-26308.017528,39,4551.531624
-17585.969968,34,4552.344748
-18235.895946,36,4553.206282
-23411.705314,38,4554.091904
-64108.512471,46,4555.139308
-22700.045869,39,4556.055937
-21012.416066,38,4556.964665
-26842.653145,39,4557.913719
-32192.252297,40,4558.847971
-10659.759899,26,4559.462128
-13358.6307,30,4560.203933
-61520.741019,46,4561.313528
-60647.175017,46,4562.44029
-46535.134626,43,4563.442214
-107929.851551,51,4564.657075
-25804.217763,39,4565.544503
-15381.613655,33,4566.277468
-29324.229054,40,4567.260188
-12976.603005,30,4567.961011
-30488.049556,41,4568.93289
-11498.14222,27,4569.576717
-24740.964633,39,4570.499485
-14324.785916,33,4571.252106
-16203.545026,34,4572.037176
-43178.032062,44,4573.05089
-19802.306114,36,4573.888597
-12540.155872,29,4574.544161
-19907.850065,37,4575.433852
-35786.153239,41,4576.38649
-14775.057052,31,4577.086207
-25428.041621,38,4577.999794
-9454.967574,23,4578.523841
-28318.014079,40,4579.476306
-23763.198513,38,4580.338141
-31644.951639,41,4581.309701
-18377.544617,36,4582.194697
-17227.624394,34,4582.998519
-65071.270994,45,4584.106596
-22951.472902,37,4584.982919
-46560.450018,44,4586.046799
-35249.600861,42,4587.054519
-31867.404398,41,4588.020467
-64510.800392,46,4589.086889
-25124.175233,39,4590.026839
-10064.37629,25,4590.630225
-59164.397681,45,4591.668714
-22587.237705,38,4592.562248
-12724.633239,29,4593.219555
-17923.042219,36,4594.06452
-15836.578669,33,4594.864979
-29606.304375,40,4595.801805
-18492.52991,36,4596.623182
-35521.396464,42,4597.665034
-9959.724929,24,4598.207542
-8050.983584,21,4598.696805
-18972.268619,36,4599.565122
-32342.950079,40,4600.485394
-12874.598069,30,4601.177954
-39793.034376,42,4602.150524
-15101.066958,32,4602.87378
-24776.409322,39,4603.826504
-8000.264541,20,4604.285439
-16675.869208,35,4605.114642
-35390.186662,42,4606.115427
-16805.307714,34,4606.889809
-125963.581748,51,4608.11252
-80865.802884,50,4609.290446
-107690.828026,51,4610.532058
-18231.380442,38,4611.455287
-46469.970252,45,4612.544673
-20500.591788,37,4613.423491
-21579.485728,37,4614.294738
-101345.130432,50,4615.532953
-13350.936359,30,4616.235713
-48343.495069,45,4617.242444
-21851.673921,37,4618.121818
-33126.282526,41,4619.083012
-9855.263165,24,4619.629559
-18573.852874,41,4620.60289
-51739.936636,44,4621.698694
-18274.496509,36,4622.572028
-10009.704249,24,4623.144107
-58726.75803,45,4624.211977
-95229.940718,48,4625.349999
-24770.469581,38,4626.240418
-21094.173158,37,4627.142395
-23082.745424,39,4628.132249
-16341.462885,34,4628.925133
-15509.960895,33,4629.708383
-19064.054144,40,4630.653508
-12906.44581,29,4631.306204
-23261.884699,38,4632.215792
-54842.846347,45,4633.273961
-30858.445773,40,4634.261914
-53764.764484,44,4635.276593
-25242.647201,39,4636.207339
-13323.314672,30,4636.956856
-26154.915653,48,4638.078569
-11301.503442,27,4638.707942
-24582.835856,38,4639.599927
-22437.040569,38,4640.50522
-11128.34915,27,4641.171065
-43091.472234,44,4642.259068
-32541.417837,42,4643.249181
-26977.257124,40,4644.205931
-19310.966055,37,4645.113769
-13847.081145,31,4645.841876
-97748.843344,50,4647.015676
-22866.869246,38,4647.965232
-15909.305004,32,4648.700313
-15348.902754,34,4649.538643
-13975.872607,32,4650.325424
-132001.487804,52,4651.565193
-15484.940819,33,4652.334515
-13895.412888,32,4653.090633
-14699.918507,32,4653.837775
-12778.745624,30,4654.554325
-40425.378876,43,4655.622428
-11403.579805,27,4656.265373
-14021.441097,31,4657.021819
-38259.024464,43,4658.068806
-16933.262349,35,4658.945905
-13319.670378,31,4659.672511
-28443.792036,40,4660.600714
-59916.392467,45,4661.647848
-16236.465541,34,4662.422416
-15060.572723,32,4663.194985
-18042.058298,36,4664.030967
-17051.790544,35,4664.868863
-44910.870783,44,4665.93989
-16529.391022,36,4666.776369
-18072.695512,36,4667.630461
-87029.225102,47,4668.785078
-81015.376419,48,4669.882674
-46058.066821,44,4670.900996
-22800.130192,38,4671.816615
-42826.816547,43,4672.813838
-16771.455614,34,4673.650353
-46032.286013,44,4674.728547
-21317.780203,38,4675.669451
-11132.688247,27,4676.270126
-74190.209561,48,4677.425723
-29889.144183,42,4678.414165
-21567.526228,38,4679.307052
-23664.409506,38,4680.206484
-10679.607257,26,4680.79777
-18970.282191,36,4681.721285
-23201.885424,38,4682.675031
-16462.463031,36,4683.495699
-14737.851359,33,4684.324406
-8700.975535,22,4684.865506
-16051.524519,34,4685.654144
-13664.867237,31,4686.385842
-28216.944658,39,4687.341705
-31441.556023,40,4688.325292
-23450.7584,38,4689.272718
-14386.134767,32,4690.044013
-20159.833527,36,4690.879457
-10950.050307,26,4691.492095
-46405.391928,44,4692.533359
-12106.467723,28,4693.191062
-19284.962409,35,4693.98263
-11128.333824,27,4694.698317
-54047.343608,46,4695.826714
-19287.870484,36,4696.692588
-51761.411698,45,4697.758134
-22398.150762,37,4698.632978
-8750.777624,22,4699.123264
-29011.209583,39,4700.062303
-17478.455342,35,4700.915819
-12769.362336,30,4701.622437
-53472.40989,45,4702.647424
-12570.639712,29,4703.348698
-42471.911787,43,4704.38079
-15298.691353,33,4705.156028
-38854.205519,43,4706.148019
-14292.855801,33,4706.926389
-8902.196855,22,4707.440373
-20620.931739,38,4708.353136
-36544.366951,43,4709.36731
-14644.57974,32,4710.117373
-22207.854564,39,4711.054117
-49918.228784,44,4712.10959
-42469.685679,43,4713.149178
-22061.615548,38,4714.069234
-76475.837689,51,4715.282314
-92703.639849,50,4716.439568
-10838.435257,26,4717.084774
-15596.495386,33,4717.885461
-31427.211919,41,4718.871401
-23666.727255,38,4719.827011
-78695.895376,48,4720.997531
-68290.989511,47,4722.109075
-14819.155251,32,4722.872047
-20302.519513,37,4723.783118
-46907.225908,44,4724.808163
-67212.66039,47,4725.921992
-105643.857804,50,4727.070713
-80350.067573,55,4728.357137
-22230.964452,38,4729.242026
-86310.77248,48,4730.34677
-13697.735735,32,4731.085213
-13198.019971,30,4731.770234
-22231.057474,37,4732.610358
-48969.694523,45,4733.655422
-10463.468983,25,4734.209456
-19349.347749,36,4735.047206
-14034.061407,31,4735.780508
-45260.509101,44,4736.816604
-8000.578164,20,4737.274588
-25225.406737,40,4738.17545
-99438.842641,50,4739.309889
-27738.719988,40,4740.220869
-29139.567586,40,4741.12742
-12833.782533,29,4741.76723
-28542.81072,40,4742.709796
-20276.800851,37,4743.587706
-27529.011979,39,4744.478845
-8801.336705,22,4745.019257
-13959.661338,32,4745.783848
-20552.11222,37,4746.613823
-23316.138066,38,4747.478134
-14058.329386,32,4748.299312
-18782.478257,35,4749.117419
-22086.807826,37,4749.988195
-73303.450831,50,4751.123318
-17942.706495,35,4751.96106
-14576.949899,32,4752.722655
-25672.700698,39,4753.579435
-12936.4183,30,4754.235983
-8000.262678,20,4754.677333
-57876.076797,44,4755.656399
-16163.777265,34,4756.433861
-32350.865205,41,4757.34203
-14001.019158,31,4758.040452
-39242.367944,48,4759.134558
-63961.718987,46,4760.200139
-13280.00928,30,4760.892151
-12806.082765,30,4761.517627
-26744.523332,40,4762.431741
-18566.825689,35,4763.243823
-21369.141812,38,4764.102176
-18408.509305,36,4764.938226
-25449.879135,38,4765.804043
-129447.488597,52,4766.989754
-20090.657514,36,4767.852791
-21047.838606,37,4768.69246
-54770.534184,45,4769.72616
-47959.010389,44,4770.740717
-14672.746592,32,4771.438332
-18717.891256,35,4772.239354
-14061.916235,32,4773.022772
-32280.708398,41,4773.997028
-10406.063525,25,4774.585799
-15379.237828,32,4775.342774
-55385.228592,46,4776.41126
-15474.360611,33,4777.213211
-15754.176627,35,4778.042191
-16055.90006,34,4778.838469
-14496.573233,32,4779.584014
-29462.390043,39,4780.434494
-13460.787807,31,4781.162525
-133990.57408,52,4782.29497
-18876.727268,36,4783.129194
-33023.990649,42,4784.085882
-128443.262157,52,4785.261312
-77230.888819,49,4786.387607
-25409.827018,39,4787.337372
-10366.505714,25,4787.9173
-71759.747827,46,4788.981174
-55474.655994,44,4790.02439
-38739.865463,42,4791.028692
-9102.356525,23,4791.55174
-12227.487832,29,4792.235223
-10657.185943,26,4792.847873
-14611.263342,32,4793.595481
-11967.898659,28,4794.268994
-29004.233559,40,4795.281832
-19053.525659,36,4796.09202
-13998.456239,31,4796.827262
-9853.783029,24,4797.372378
-20862.768934,37,4798.294103
-113706.240126,52,4799.526356
-25201.280297,40,4800.448376
-88376.88714,48,4801.603421
-13788.786077,31,4802.340407
-81631.099795,48,4803.440934
-19581.936309,36,4804.29601
-14305.961603,31,4805.076139
-10260.607904,25,4805.685413
-20105.020525,36,4806.59369
-45995.152312,43,4807.637945
-9052.323511,23,4808.215901
-13503.126143,31,4808.958443
-13696.341931,31,4809.745818
-26205.143336,39,4810.637516
-50761.961773,45,4811.688964
-115935.634018,51,4812.883045
-10996.45962,26,4813.511983
-17277.465949,35,4814.358888
-17864.464379,37,4815.30952
-19120.471237,36,4816.20765
-15616.107329,33,4816.998474
-17310.184608,35,4817.834661
-23672.251075,38,4818.675809
-22291.062554,40,4819.6271
-45839.226988,43,4820.649913
-25586.045038,38,4821.58269
-28873.725654,39,4822.504269
-14189.899458,33,4823.284667
-18498.160594,37,4824.11497
-78521.941417,47,4825.199523
-23925.600016,38,4826.152385
-53145.244169,45,4827.206977
-56919.787052,45,4828.245174
-15751.316182,33,4829.047174
-30040.759121,40,4829.98223
-20287.470471,37,4830.867824
-59471.642161,46,4831.949479
-21220.117344,38,4832.849525
-43444.500834,44,4833.902756
-12865.205622,30,4834.666827
-18558.925367,36,4835.541194
-16210.274423,33,4836.326743
-105564.003303,50,4837.537498
-12573.538361,29,4838.189905
-12633.170752,30,4838.947572
-53110.379061,45,4840.043272
-16713.664157,34,4840.866149
-88557.062105,49,4842.009604
-12088.999291,28,4842.656208
-14401.181949,31,4843.412592
-24474.898762,39,4844.309556
-28711.281966,42,4845.265144
-22833.524277,38,4846.179444
-17160.621028,34,4846.999605
-11062.990512,27,4847.659779
-32747.849318,43,4848.687685
-106472.556795,51,4849.878289
-22363.360979,38,4850.768806
-13346.764777,31,4851.506658
-12334.793012,29,4852.21404
-34987.968932,43,4853.240241
-39833.728252,42,4854.225447
-8000.623563,20,4854.708847
-36058.092795,42,4855.701433
-16773.566633,34,4856.491294
-19519.494191,37,4857.387181
-97442.759148,49,4858.532788
-57723.070094,46,4859.666504
-53141.454006,47,4860.800806
-29127.580903,40,4861.737245
-17198.647683,34,4862.555551
-38075.124397,43,4863.5953
-49430.168969,44,4864.674322
-70970.354216,46,4865.847536
-49873.032239,44,4866.889599
-33486.328971,41,4867.853616
-18081.21318,34,4868.69185
-118248.680815,50,4869.878435
-11162.977934,27,4870.531275
-59942.759728,46,4871.590009
-14534.9712,32,4872.335829
-13564.70918,30,4873.05506
-39940.586638,43,4874.131306
-47036.640335,44,4875.194974
-27321.311596,40,4876.150904
-18417.380997,37,4877.06972
-13723.422738,31,4877.784117
-11851.964484,28,4878.43409
-80334.604204,48,4879.613476
-11426.525025,27,4880.256617
-34839.050667,42,4881.262363
-25201.211768,38,4882.221893
-64815.228828,46,4883.309541
-9609.036902,24,4883.883935
-17144.86375,35,4884.687747
-20031.109351,36,4885.543096
-14410.559744,31,4886.258997
-18451.822372,35,4887.080835
-11135.805229,27,4887.708273
-74107.844803,47,4888.811514
-105028.651013,50,4890.010157
-11197.453868,27,4890.632925
-17068.493827,35,4891.476062
-9103.970124,23,4892.020097
-72321.5238,47,4893.161625
-53348.114053,45,4894.244768
-12213.229767,29,4894.959726
-84534.753976,48,4896.187969
-18588.596631,36,4897.046818
-32541.036831,40,4898.01868
-21507.008615,37,4898.860258
-19012.20566,36,4899.673349
-16594.699932,34,4900.453225
-75460.946761,47,4901.564692
-48256.498249,45,4902.658841
-23966.835019,38,4903.575924
-10816.892083,26,4904.179252
-77338.76465,48,4905.336724
-26061.226834,40,4906.292293
-20539.931145,37,4907.22924
-49958.944689,45,4908.283385
-39142.258741,43,4909.27237
-10572.201416,26,4909.899483
-73177.034482,47,4911.007334
-9854.858698,24,4911.582637
-56250.460906,45,4912.582348
-21229.926873,36,4913.447204
-18350.946533,35,4914.273818
-8000.975812,20,4914.760956
-54631.048222,45,4915.825351
-39742.129037,44,4916.834419
-64190.126038,47,4917.995725
-36184.869973,42,4918.976705
-47687.404223,44,4920.008091
-61768.812382,53,4921.246459
-109579.13851,50,4922.459033
-15728.347154,33,4923.216167
-10920.748881,26,4923.843573
-18188.28184,36,4924.739207
-99123.749111,50,4925.990837
-17244.663309,38,4926.903447
-28842.572876,41,4927.893556
-14338.38936,31,4928.665521
-11941.944123,28,4929.311988
-30933.985104,43,4930.388001
-16340.615689,36,4931.3276
-27085.12964,40,4932.275792
-27196.425792,39,4933.164453
-25991.824486,43,4934.155178
-30554.620333,41,4935.096767
-43940.743085,42,4936.075143
-34474.968159,40,4937.036594
-14337.005705,31,4937.743707
-10116.663952,25,4938.308108
-71392.627316,52,4939.58724
-12483.281304,29,4940.263059
-42484.979252,46,4941.367992
-13234.706021,30,4942.080235
-32671.363996,42,4943.110597
-48248.548343,44,4944.157047
-12116.047833,28,4944.840153
-41966.344811,43,4945.809983
-20451.115362,38,4946.730025
-24787.935585,38,4947.636702
-134451.704715,51,4948.993007
-13662.984827,30,4949.699225
-12749.757282,29,4950.4076
-14321.67964,32,4951.179148
-70527.200388,48,4952.317505
-21194.934171,37,4953.22622
-82618.421103,50,4954.39178
-22405.430418,39,4955.35581
-38545.71938,42,4956.328218
-14303.329348,32,4957.102362
-16084.100435,35,4957.921543
-13500.258097,31,4958.655195
-13150.006607,30,4959.370476
-23851.251351,38,4960.25773
-12995.906094,30,4960.992736
-31733.858884,42,4961.969676
-10773.352941,26,4962.571009
-23258.983854,38,4963.441984
-27568.681492,40,4964.377624
-99320.471306,50,4965.492963
-56000.217036,44,4966.521662
-22303.13703,38,4967.405006
-20381.100408,37,4968.262444
-14599.565065,32,4969.002471
-15378.59359,33,4969.755882
-24645.69468,40,4970.706012
-31587.690362,41,4971.655444
-42892.758004,43,4972.664098
-39370.259259,43,4973.706828
-51122.338035,45,4974.774629
-44440.792344,44,4975.793598
-51812.635713,45,4976.837783
-23534.359487,37,4977.735365
-60693.849396,45,4978.755032
-58576.197634,46,4979.735892
-8000.667011,20,4980.157295
-11819.429035,28,4980.781555
-13285.015849,30,4981.477827
-21295.061176,37,4982.321384
-8000.252613,20,4982.773149
-11752.525232,28,4983.454253
-72569.856261,47,4984.56134
-57140.858248,46,4985.691557
-63476.207297,46,4986.765163
-30966.734838,43,4987.775328
-13265.758909,30,4988.477678
-14972.183556,34,4989.313477
-29518.223704,40,4990.260134
-18325.781104,36,4991.149915
-21256.142657,37,4992.029897
-41664.441175,44,4993.058766
-10229.730646,25,4993.660923
-11830.545769,28,4994.333676
-68313.014853,46,4995.428852
-96014.006047,50,4996.614379
-16288.992717,36,4997.450123
-38890.884283,43,4998.444209
-14199.842968,32,4999.188617
-14485.089698,32,4999.970727
-16822.013746,34,5000.765306
-16074.621406,33,5001.544308
-17040.814209,34,5002.343994
-38102.11395,44,5003.406946
-41044.383243,42,5004.359294
-12210.293454,29,5005.057129
-72854.679426,47,5006.128653
-15589.067177,32,5006.849548
-63994.692864,47,5008.006177
-12427.641777,29,5008.695435
-19722.682809,36,5009.478641
-23318.002452,39,5010.440427
-16757.69153,33,5011.214834
-84320.237629,49,5012.354989
-71331.644086,47,5013.449759
-15155.672128,34,5014.22677
-12925.736037,30,5014.939039
-21202.58302,37,5015.841737
-25304.431678,38,5016.754024
-17331.231437,35,5017.582982
-28372.844752,40,5018.493882
-13872.216974,31,5019.22848
-15832.343812,33,5020.030048
-19371.626335,36,5060.794446
-11480.744804,27,5061.413065
-15194.901885,32,5062.158422
-10877.34242,26,5062.734936
-47054.179314,43,5063.701239
-15770.594562,32,5064.455219
-16743.932589,35,5065.265989
-12041.355901,28,5065.935511
-20834.514985,38,5066.857677
-42480.438757,42,5067.816478
-21855.300463,37,5068.70211
-32143.240534,40,5069.652715
-32851.42851,40,5070.572345
-70523.750875,48,5071.689343
-14216.739544,32,5072.435772
-70284.358597,48,5073.583471
-13597.840293,31,5074.301831
-79864.547004,48,5075.432488
-25611.300659,39,5076.336346
-17301.404754,35,5077.204793
-144749.367638,52,5078.439375
-51276.385066,45,5079.516172
-35811.139693,42,5080.464336
-67839.467243,46,5081.593332
-66904.682027,46,5082.757039
-32884.360285,41,5083.735456
-43517.672785,43,5084.76672
-62937.032394,46,5085.8445
-14190.584079,32,5086.59959
-75594.582002,48,5087.716463
-21104.710995,38,5088.587851
-14384.344102,32,5089.322978
-27649.364592,39,5090.232533
-69474.688784,48,5091.380588
-18025.174844,36,5092.233605
-21901.362522,37,5093.086148
-13391.026471,31,5093.818044
-36083.037129,47,5095.007136
-9704.407021,24,5095.617008
-25205.391532,41,5096.641179
-23602.705829,39,5097.55209
-44076.969075,44,5098.588341
-30260.465439,41,5099.555611
-65587.09521,46,5100.663585
-23470.460624,37,5101.544206
-13553.610915,30,5102.267551
-8000.160334,20,5102.741563
-16284.340074,34,5103.525686
-36327.778633,56,5104.955598
-13934.603204,31,5105.736268
-16532.286468,35,5106.535213
-21916.322971,38,5107.449939
-43356.486801,43,5108.422229
-19730.915399,36,5109.272775
-13070.242723,30,5109.98011
-77109.546433,77,5111.786018
-13718.461916,31,5112.513456
-16367.471228,34,5113.31265
-35091.484173,41,5114.300735
-17906.951099,35,5115.110993
-14103.264487,32,5115.874068
-10625.944377,26,5116.490283
-13969.245463,31,5117.249954
-13267.590398,30,5117.982027
-49117.605222,44,5119.06569
-21542.781237,36,5119.956133
-17344.894889,36,5120.801081
-14960.449831,32,5121.55701
-9608.370954,24,5122.121835
-14629.456465,33,5122.917449
-14979.885681,32,5123.681949
-59407.740274,46,5124.717293
-14117.469353,32,5125.439864
-139559.79492,51,5126.65754
-51893.713597,45,5127.768529
-30309.79317,41,5128.73501
-28456.504204,40,5129.694444
-32880.864578,41,5130.645498
-15970.287499,33,5131.442554
-25805.440247,39,5132.389239
-36841.303076,43,5133.371929
-12777.805912,29,5134.107947
-20125.679951,37,5134.991276
-68392.675465,48,5136.213911
-33811.785961,43,5137.217495
-8000.258938,20,5137.703599
-27841.429396,40,5138.586592
-15828.388407,34,5139.375559
-19008.445584,36,5140.231681
-10955.190888,26,5140.857614
-28195.490786,40,5141.806558
-31169.068015,40,5142.840061
-12751.667381,30,5143.544059
-39083.745437,43,5144.657674
-14307.455022,32,5145.410045
-141666.83929,52,5146.645009
-18309.733303,36,5147.509503
-51567.855956,44,5148.567733
-51786.376452,45,5149.721606
-13245.303767,30,5150.468587
-31084.879299,41,5151.454991
-32032.574429,42,5152.443407
-25806.740007,41,5153.449906
-13401.006891,30,5154.150817
-54674.564552,45,5155.203996
-46073.240267,45,5156.245154
-10717.032341,26,5156.845243
-27984.136638,40,5157.761221
-13650.524562,30,5158.433176
-18349.701698,35,5159.264488
-10513.888206,25,5159.856611
-92751.045615,50,5161.019159
-8901.721953,22,5161.527556
-47575.656129,46,5162.656484
-24304.82557,39,5163.51558
-58418.937224,45,5164.595347
-12921.311018,30,5165.275381
-19446.514811,37,5166.147214
-11637.066589,28,5166.823965
-20306.785701,37,5167.66024
-38637.249445,44,5168.754768
-19208.059572,37,5169.64282
-12392.10021,29,5170.276977
-22863.173186,38,5171.208388
-40301.373822,43,5172.220902
-40436.066524,42,5173.218627
-35821.124807,42,5174.177931
-17493.93895,34,5174.997427
-9753.909434,24,5175.568018
-16265.508551,36,5176.424008
-16433.928297,34,5177.226888
-9759.662194,24,5177.800203
-16947.792303,34,5178.573402
-49393.806001,46,5179.697523
-13963.651924,32,5180.424889
-45541.950685,46,5181.492171
-27391.326235,40,5182.439772
-38324.709873,43,5183.468508
-17774.595914,37,5184.318809
-29573.260626,40,5185.220282
-75025.486751,48,5186.338407
-16920.131381,34,5187.123968
-17258.798845,38,5188.018935
-30244.398828,43,5189.038672
-89603.145973,50,5190.230402
-55442.210424,45,5191.349034
-10560.108773,26,5191.994674
-16080.510756,36,5192.8816
-69450.393195,47,5193.986806
-52477.240196,45,5195.072296
-44312.519187,43,5196.101028
-38315.381373,45,5197.175069
-16823.329444,34,5197.954424
-28760.484085,41,5198.905024
-15805.161133,33,5199.668601
-9654.561118,24,5200.201728
-96636.102477,49,5201.326667
-10658.188319,26,5201.90312
-31363.934119,41,5202.848661
-11393.54903,27,5203.486808
-22232.357143,37,5204.366512
-19385.37583,36,5205.224194
-47879.137238,44,5206.257393
-13775.203551,31,5206.978263
-11811.825805,28,5207.637428
-13887.133029,31,5208.353457
-19690.045406,37,5209.238657
-26665.179303,40,5210.182985
-17504.126956,35,5210.993424
-40044.915266,42,5212.051102
-32732.275723,41,5212.987465
-119194.814883,52,5214.175029
-57240.79629,46,5215.205995
-13464.608232,31,5215.949891
-24323.783775,40,5216.933991
-30943.475726,40,5217.863953
-15933.570548,34,5218.65088
-46987.030261,44,5219.609184
-14852.955377,32,5220.331859
-18226.31685,35,5221.12125
-15762.264544,34,5221.921057
-14728.717717,33,5222.684985
-42148.173497,43,5223.682825
-59017.235034,45,5224.706682
-15438.026946,34,5225.496682
-44368.623456,43,5226.50959
-20467.905329,37,5227.339397
-39561.340406,45,5228.37588
-12634.496678,29,5229.069274
-13691.515037,31,5229.784895
-28268.194035,40,5230.762849
-28079.926588,40,5231.67943
-26215.075278,38,5232.579905
-34142.564891,41,5233.516581
-23433.943069,39,5234.398254
-35127.679501,42,5235.425075
-56867.295146,45,5236.488908
-11721.663273,28,5237.132068
-45719.19359,43,5238.101604
-11681.047112,28,5238.776177
-69344.272466,47,5239.858078
-22598.18457,39,5240.796894
-31583.462827,40,5241.740647
-27093.636578,40,5242.698062
-51522.025875,45,5243.732028
-25362.645937,41,5244.724976
-94761.514393,50,5245.877817
-8651.781216,22,5246.352872
-25508.800849,40,5247.314534
-43870.17757,43,5248.353467
-21678.687985,37,5249.229488
-15489.866528,33,5250.01238
-44547.210831,42,5250.973345
-124353.554541,51,5252.118369
-20634.88582,36,5252.955441
-21480.711995,38,5253.832737
-94192.269277,49,5254.94913
-25091.131309,39,5255.856765
-22186.617401,38,5256.786914
-23512.614014,38,5257.682008
-28114.828414,40,5258.612578
-95869.408917,50,5259.737149
-42882.543705,45,5260.783769
-16104.127318,35,5261.572095
-68214.00816,47,5262.676515
-43742.024325,45,5263.720598
-59641.968984,47,5264.819223
-72835.695005,48,5265.911772
-113333.197471,50,5267.062441
-50695.946578,44,5268.086983
-15100.916039,34,5268.876566
-26888.922775,39,5269.792639
-17230.576154,35,5270.635554
-63517.41075,50,5271.782112
-14047.40098,32,5272.508957
-16200.749166,33,5273.258349
-10833.970212,26,5273.874215
-9905.652432,24,5274.412434
-14787.588943,33,5275.191427
-24881.255792,38,5276.186799
-50007.18699,45,5277.45816
-12770.184578,30,5278.42201
-55354.833463,45,5279.697222
-24094.28526,39,5280.844802
-9911.030917,24,5281.525383
-28120.155065,40,5282.759042
-49936.955417,46,5284.196028
-10456.92139,25,5284.871912
-18968.857219,36,5285.877515
-8000.373484,20,5286.414923
-15147.090655,34,5287.326291
-34104.790046,42,5288.431812
-22170.436158,38,5289.429281
-13430.517403,30,5290.220512
-144007.394571,57,5291.840272
-41879.204731,42,5292.895335
-116326.350157,51,5294.043551
-13120.267216,30,5294.732297
-86327.102441,52,5295.951938
-106432.163831,50,5297.093992
-13168.214548,30,5297.782429
-32988.004389,41,5298.718812
-73464.106787,48,5299.787387
-16032.745272,33,5300.498999
-25386.008616,40,5301.415317
-46307.072834,44,5302.485182
-15925.119247,34,5303.301577
-80323.977903,48,5304.459578
-13407.278647,31,5305.189146
-23389.92816,38,5306.113071
-12492.877427,29,5306.77775
-12972.03607,30,5307.441034
-15205.498857,34,5308.251669
-24046.916144,38,5309.141675
-12106.713716,28,5309.799
-78705.613373,48,5310.95246
-16139.614518,34,5311.748916
-10672.421195,26,5312.357464
-14082.807578,32,5313.10411
-19942.21025,36,5313.949034
-18767.920197,35,5314.778451
-13277.301643,31,5315.53238
-45411.210524,44,5316.56258
-58857.914952,46,5317.667499
-18332.400922,35,5318.482769
-18771.92258,36,5319.320745
-15496.350068,34,5320.106605
-15161.127464,33,5320.892988
-42847.62967,44,5321.915416
-10868.327325,26,5322.493642
-28930.564868,41,5323.436628
-25215.036483,40,5324.36225
-19222.980068,41,5325.345771
-117252.81,53,5326.58812
-8000.441724,20,5327.077099
-15374.365839,34,5327.88054
-65217.897863,48,5328.971358
-19828.601711,36,5329.817151
-18563.580998,36,5330.670879
-87878.596272,49,5331.837538
-25093.991366,38,5332.778731
-20814.339267,37,5333.662189
-14637.79637,32,5334.418241
-20036.347347,36,5335.261429
-35479.468208,41,5336.193346
-30517.00033,40,5337.103332
-22415.557238,38,5337.980959
-13407.257488,30,5338.699251
-16033.427071,33,5339.435957
-20327.85529,39,5340.348046
-31322.681736,40,5341.267554
-81002.736848,49,5342.428212
-23131.40333,38,5343.323702
-134979.060816,54,5344.675804
-14249.943661,31,5345.440749
-67165.545281,52,5346.708554
-45764.225777,46,5347.812593
-29041.414128,40,5348.752307
-14131.64287,31,5349.48201
-11903.262669,28,5350.17504
-18387.877816,35,5351.033662
-30474.109954,40,5352.000158
-15220.413268,34,5352.788154
-31641.828209,40,5353.719803
-34809.73086,41,5354.671843
-30173.617403,42,5355.675936
-18215.910677,35,5356.513562
-127553.802332,52,5357.788561
-22172.51451,38,5358.708362
-12148.280171,28,5359.403676
-11609.457968,28,5360.139096
-12795.12762,30,5360.876947
-16070.996613,34,5361.715859
-53708.091651,44,5362.745901
-16775.118957,36,5363.577932
-14823.821766,33,5364.378361
-33857.366869,41,5365.374454
-13130.65156,30,5366.122224
-19087.155527,36,5366.970476
-30181.085489,42,5367.961038
-22125.264588,39,5368.910877
-26460.47037,39,5369.852761
-38336.955542,44,5370.918283
-23695.352432,39,5371.846203
-22387.23646,38,5372.739039
-51992.730825,45,5373.832489
-21735.97409,38,5374.720798
-40961.39702,42,5375.741198
-16251.691844,33,5376.539214
-76803.036938,55,5377.882604
-17478.641998,35,5378.716355
-11269.033537,27,5379.328978
-19257.952338,35,5380.118252
-39720.17731,42,5381.118336
-10257.520061,25,5381.705685
-17633.687985,35,5382.511041
-39925.382658,43,5383.490251
-15348.5667,32,5384.249138
-60230.537248,46,5385.299937
-52551.658029,46,5386.378772
-18126.712113,39,5387.285347
-10662.167588,26,5387.881653
-12946.451352,30,5388.570463
-8050.687579,21,5389.100657
-35911.967384,42,5390.070678
-11240.477056,27,5390.74125
-28252.246755,39,5391.652044
-15268.49082,34,5392.470155
-139608.737741,54,5393.766318
-30342.737121,40,5394.683275
-21694.293366,37,5395.55057
-12899.368856,30,5396.23125
-11896.764294,28,5396.932512
-18709.151324,36,5397.839837
-29798.416153,40,5398.792762
-41641.672417,42,5399.83495
-16863.478837,34,5400.655027
-16674.482206,36,5401.553495
-14770.75202,33,5402.358681
-14459.965637,33,5403.158026
-14886.353228,33,5403.979566
-72130.948583,48,5405.124863
-68958.206999,49,5406.347439
-9655.11933,24,5406.921585
-36150.914612,43,5407.953304
-16399.509243,34,5408.72925
-119120.298216,51,5409.906312
-33048.253173,42,5410.918108
-64982.402017,54,5412.182875
-90335.069707,49,5413.528004
-16002.468081,33,5414.325976
-9853.17925,24,5414.868572
-41689.680351,44,5415.970196
-8000.544889,20,5416.45926
-88210.381363,51,5417.685311
-11289.039284,27,5418.341722
-121855.335254,52,5419.588996
-39033.264128,45,5420.716309
-20046.171145,36,5421.617672
-15450.119017,34,5422.535162
-14361.978387,31,5423.272581
-17138.121901,34,5424.076496
-16319.354052,34,5424.859284
-33561.525028,42,5425.815494
-107673.080807,50,5426.982621
-145061.974574,53,5428.249061
-11062.298853,27,5428.886139
-15181.584673,32,5429.661074
-12652.380968,29,5430.332896
-26288.020881,40,5431.290143
-24917.608148,38,5432.182716
-24121.913807,38,5433.097244
-20658.335445,37,5433.968277
-11286.555478,27,5434.575825
-29898.294052,43,5435.653578
-67805.893711,47,5436.792729
-44322.730125,49,5437.964493
-29730.684486,42,5438.957147
-13673.8432,32,5439.719863
-20736.26784,39,5440.637888
-18143.413398,38,5441.525081
-13082.868244,30,5442.243516
-12999.346806,30,5442.922916
-22885.535405,38,5443.830841
-85618.113727,49,5445.001465
-16104.002822,34,5445.818605
-11866.018263,28,5446.490679
-13883.732105,32,5447.252192
-17261.860618,37,5448.095103
-19591.549929,37,5448.935982
-18112.696308,40,5449.812252
-15016.462933,33,5450.537817
-28859.509327,40,5451.411493
-24192.425702,39,5452.3257
-14578.210053,32,5453.060914
-28729.778242,41,5453.976486
-31024.654051,41,5454.91155
-16388.830068,36,5455.756112
-26503.585762,39,5456.686236
-91991.794261,49,5457.788301
-16409.872947,34,5458.534176
-47395.543265,50,5459.686229
-45215.365081,43,5460.640423
-9709.906031,24,5461.200989
-85492.587464,48,5462.357166
-37906.028797,42,5463.378578
-90567.846684,47,5464.504647
-36154.257775,42,5465.54463
-15763.071704,33,5466.337662
-14318.442332,31,5467.103626
-14132.936589,32,5467.861303
-119352.291886,52,5469.027355
-11257.912055,27,5469.612614
-26684.078975,39,5470.489391
-22091.746442,38,5471.374436
-64713.551997,46,5472.397381
-60921.562364,45,5473.424205
-12919.945937,30,5474.149915
-23286.61914,38,5475.025921
-107523.652638,51,5476.170773
-17685.269344,39,5477.087924
-53963.325503,46,5478.16886
-32946.640442,41,5479.141853
-14380.380892,33,5479.886097
-59153.881164,45,5480.953693
-22741.105841,37,5481.787463
-38089.188779,42,5482.843955
-10563.252329,26,5483.487536
-79469.726177,48,5484.640115
-32756.036251,41,5485.631123
-62824.09046,50,5486.79669
-58406.642076,46,5487.851482
-14180.672849,33,5488.605757
-22049.698583,37,5489.459952
-117907.179185,52,5490.64986
-34365.698432,41,5491.59792
-120191.454952,52,5492.839215
-42373.306768,45,5493.88744
-24219.35511,38,5494.770803
-51469.125064,45,5495.838938
-45429.718626,45,5496.861884
-14974.126649,33,5497.617405
-27328.736819,39,5498.561693
-10773.98235,26,5499.169475
-28521.492696,40,5500.152943
-19499.191512,36,5501.036838
-13555.096939,30,5501.795913
-14404.54648,31,5502.561775
-25925.476492,38,5503.474015
-64549.503735,46,5504.602754
-68689.645113,47,5505.687598
-13353.277819,31,5506.434644
-30369.811823,40,5507.40847
-20240.638313,37,5508.271222
-77214.940875,47,5509.362023
-27386.578642,40,5510.316122
-31257.410217,42,5511.34142
-26108.940227,39,5512.274318
-19967.536911,35,5513.1092
-108012.295905,50,5514.267273
-16437.438187,35,5515.138299
-29437.178229,40,5516.059715
-18752.53786,35,5516.872755
-13348.201614,30,5517.563174
-13412.587628,30,5518.277589
-79341.097689,47,5519.426853
-13705.085777,31,5520.177716
-12066.293138,28,5520.835474
-19843.540225,37,5521.670511
-31655.934703,44,5522.691644
-94020.231066,50,5523.887047
-70332.955553,47,5524.97471
-102658.482989,50,5526.131415
-62366.979508,47,5527.258108
-19311.417981,37,5528.154639
-141795.571563,53,5529.415175
-33685.3164,44,5530.382234
-20778.149132,38,5531.272026
-40488.991945,43,5532.283162
-12956.705812,30,5532.997887
-19965.139671,38,5533.874932
-16428.967831,34,5534.693145
-14126.256903,32,5535.464692
-17603.787237,35,5536.292989
-12266.503746,29,5536.965603
-18127.13783,36,5537.797941
-27701.363559,39,5538.698882
-9957.470889,24,5539.246922
-101687.490964,50,5540.401317
-16455.084516,34,5541.164768
-17093.508323,35,5541.966899
-21031.729835,37,5542.847564
-43322.403308,44,5543.848488
-35429.444049,45,5545.029417
-40263.674222,43,5546.064318
-13930.565578,31,5546.809141
-13614.740371,31,5547.531596
-11858.036993,28,5548.209099
-30868.530279,41,5549.223913
-88884.190828,49,5550.52032
-14454.83553,33,5551.32809
-67773.858923,47,5552.41278
-29606.659839,40,5553.368363
-31946.271625,43,5554.382723
-95894.894008,49,5555.49261
-38125.02268,42,5556.470376
-12288.372461,29,5557.186914
-39698.363501,44,5558.23898
-105062.267721,51,5559.398541
-18434.519181,35,5560.198397
-29276.847272,40,5561.126931
-31913.188092,42,5562.107037
-68899.310904,47,5563.242233
-19006.968602,36,5564.059903
-24135.581192,40,5564.982767
-14631.387631,32,5565.722574
-48967.343326,45,5566.805575
-45639.992177,44,5567.856765
-39101.479993,42,5568.815229
-75880.95293,49,5570.000735
-22470.17063,38,5570.885606
-13941.465308,31,5571.639179
-27742.683957,42,5572.594259
-19561.562167,36,5573.421576
-15088.790568,33,5574.184252
-41076.719474,43,5575.224594
-69756.124655,48,5576.324729
-26683.139465,39,5577.261959
-67799.725009,46,5578.332214
-16407.896578,33,5579.082254
-55194.202615,45,5580.120606
-43747.450946,48,5581.275093
-25228.419089,39,5582.187041
-42405.296016,43,5583.246325
-14153.680825,32,5584.010512
-34375.094609,42,5584.99033
-13094.576375,30,5585.690687
-58884.08487,48,5586.870671
-18315.96666,39,5587.825213
-19147.868574,37,5588.714574
-39300.599163,42,5589.685747
-12503.394429,29,5590.342729
-22655.131123,38,5591.22763
-15651.691728,32,5591.986081
-23091.368669,38,5592.874899
-40612.865759,44,5593.915286
-60133.214443,52,5595.145164
-15088.925382,32,5595.901754
-18054.132948,36,5596.800083
-12950.780409,30,5597.516882
-11773.449019,28,5598.182454
-41426.926124,43,5599.199805
-26852.007314,41,5600.185708
-43137.138249,44,5601.236147
-44486.113726,44,5602.248822
-33792.971215,42,5603.272259
-27963.2856,40,5604.230021
-52543.125015,46,5605.354938
-34355.567093,44,5606.400992
-16831.607539,37,5607.289477
-57339.080644,45,5608.35818
-52827.747846,46,5609.470886
-21024.924207,38,5610.382875
-20450.010707,37,5611.22616
-14773.5634,32,5612.042068
-17304.964597,35,5612.891349
-40441.215867,43,5613.926564
-14775.34708,32,5614.727782
-53288.964492,46,5615.78208
-100835.55771,49,5616.961297
-41136.855206,45,5618.130888
-54781.043655,45,5619.220559
-23444.205544,39,5620.154174
-12789.500801,29,5620.816222
-17387.23601,36,5621.655542
-9604.97738,24,5622.218639
-14815.696271,32,5623.008228
-16911.162722,36,5623.868802
-33944.632153,43,5624.882041
-19040.227043,36,5625.751425
-28765.511507,55,5627.051237
-9103.521131,23,5627.62828
-46907.55777,44,5628.667963
-79585.484206,47,5629.85221
-58643.087853,45,5630.903043
-10827.816096,26,5631.499316
-15474.6598,32,5632.253914
-32001.266709,42,5633.243859
-22661.035999,38,5634.1474
-21547.757451,40,5635.072064
-45300.991588,43,5636.078299
-13619.515917,30,5636.776038
-19780.137006,40,5637.735991
-15374.11617,35,5638.5098
-37262.16854,43,5639.519418
-15370.661532,34,5640.300808
-35340.920958,43,5641.313653
-34851.252728,43,5642.360984
-61521.471831,45,5643.434787
-10155.902241,25,5644.046041
-25847.823485,41,5644.992547
-11250.569206,27,5645.627974
-10061.876029,25,5646.227373
-13988.455082,31,5646.975414
-19263.384553,38,5647.880779
-107208.956006,51,5649.130847
-21968.290944,40,5650.107761
-56831.172223,48,5651.23165
-16271.836149,33,5652.021768
-11179.322111,27,5652.67066
-94967.257387,49,5653.845536
-52369.63335,45,5654.878141
-30866.075908,43,5655.906407
-14879.412444,32,5656.631567
-21945.336763,40,5657.57321
-15098.250976,32,5658.328603
-109389.311547,50,5659.564369
-22765.293838,38,5660.477562
-14450.380496,32,5661.222549
-32022.108579,41,5662.181906
-80346.019959,47,5663.258948
-20430.963215,43,5664.277303
-27869.680703,40,5665.228281
-14328.656348,31,5665.945974
-36839.286448,43,5666.982124
-15207.620913,34,5667.828339
-17402.345816,36,5668.725337
-9961.146806,24,5669.283352
-13496.534406,30,5669.981112
-11031.898018,26,5670.626604
-21299.447711,40,5671.519568
-21116.889597,38,5672.427198
-11020.190257,26,5673.021183
-62398.039356,47,5674.138622
-110434.150071,52,5675.396746
-82698.303093,48,5676.486526
-23327.407264,38,5677.393778
-28406.884024,41,5678.346754
-22933.545997,38,5679.284973
-18884.072674,37,5680.171946
-60841.38021,47,5681.292588
-16196.210393,33,5682.067161
-71316.345414,48,5683.155541
-41565.449029,43,5684.180599
-19195.552743,41,5685.167833
-25262.302921,38,5686.13299
-75902.755001,48,5687.257039
-13856.618973,31,5688.018968
-23010.496146,38,5688.907419
-31234.222737,41,5689.863692
-20851.907705,37,5690.71087
-8751.503104,22,5691.20209
-60039.440213,46,5692.275171
-25963.3731,40,5693.20108
-56524.894124,52,5694.407288
-14260.039241,31,5695.121047
-60350.015428,46,5696.180945
-18162.083927,36,5697.063654
-23168.384764,40,5697.966623
-16048.801522,33,5698.721753
-54074.810529,47,5699.825579
-22137.117297,37,5700.628632
-18757.164945,36,5701.444266
-22475.126359,38,5702.287915
-34568.579518,41,5703.256291
-19467.183762,36,5704.109748
-29187.241891,43,5705.127946
-65423.247698,48,5706.240992
-31331.926004,40,5707.229659
-78904.639932,48,5708.376966
-34660.711994,42,5709.358914
-78620.557209,49,5710.524194
-22428.038176,37,5711.368983
-13220.952676,30,5712.085366
-16914.628828,36,5712.902746
-13746.861872,31,5713.632903
-71133.736742,48,5714.729187
-85224.498115,49,5715.880704
-17121.111406,34,5716.679824
-12739.862438,29,5717.324884
-14185.796057,31,5718.04164
-13056.123775,30,5718.760633
-27397.52819,41,5719.703504
-49476.538754,45,5720.752756
-128086.189966,51,5721.933773
-9454.842921,23,5722.474267
-27392.526389,39,5723.361936
-41795.982584,44,5724.35357
-13181.856194,30,5725.047592
-76558.881742,48,5726.1338
-46613.394579,44,5727.136586
-50382.024701,44,5728.164576
-13449.769272,30,5728.844759
-38012.941835,42,5729.802279
-40565.094081,44,5730.794709
-18845.977528,36,5731.61074
-12951.789362,30,5732.296028
-26175.942307,41,5733.235862
-35944.794376,45,5734.267478
-85931.545868,49,5735.385639
-59923.602423,45,5736.450829
-14756.809447,32,5737.213712
-71706.54486,48,5738.359621
-27326.063317,38,5739.261083
-12923.487182,30,5739.980935
-9908.917304,24,5740.506235
-49788.513694,46,5741.549761
-25205.218528,39,5742.432986
-13508.178725,31,5743.179017
-38037.903084,43,5744.121929
-14159.723984,32,5744.872974
-16357.730586,36,5745.766285
-106559.482605,58,5747.174603
-10352.324532,25,5747.756917
-44860.826827,43,5748.758125
-39292.817636,43,5749.789545
-22202.511467,37,5750.645295
-14508.491663,32,5751.428642
-24463.848892,38,5752.336741
-14369.954,31,5753.053118
-14700.814734,33,5753.828567
-48780.384116,44,5754.852399
-19629.951226,36,5755.689888
-20127.577919,38,5756.599841
-24329.517248,39,5757.526217
-13779.784406,32,5758.279679
-29415.036034,41,5759.221133
-30474.659622,41,5760.156261
-19442.593033,41,5761.163575
-53320.570033,45,5762.254809
-63498.46118,46,5763.318032
-23579.71918,38,5764.205104
-16026.235637,33,5764.973195
-8000.201995,20,5765.460581
-16867.023805,36,5766.343222
-48372.693709,46,5767.429557
-20528.506502,40,5768.34343
-98851.316909,48,5769.487878
-15348.273721,34,5770.338223
-25501.874131,39,5771.267199
-12719.541687,30,5771.991146
-82878.417099,49,5773.070166
-56196.731961,45,5774.094142
-12379.062549,29,5774.778371
-25465.317827,39,5775.708867
-76932.923622,48,5776.799128
-17744.291247,35,5777.634748
-91585.121388,49,5778.779838
-13793.29781,31,5779.506816
-18110.956186,37,5780.352782
-8000.936617,20,5780.81552
-13642.244856,31,5781.542409
-12566.157578,29,5782.211262
-41622.632203,43,5783.216222
-13847.439605,31,5783.98236
-13218.119082,30,5784.67705
-91606.996516,50,5785.855156
-17473.385063,35,5786.71525
-14535.518942,32,5787.404983
-74534.837511,48,5788.555766
-73451.300403,48,5789.692466
-19266.569858,36,5790.513957
-26318.892959,40,5791.493452
-24445.533423,40,5792.406981
-19185.847008,37,5793.269842
-56820.047477,45,5794.279889
-10759.888798,26,5794.894711
-33614.295908,42,5795.831243
-34936.32752,44,5796.865208
-16225.921792,36,5797.702347
-14902.913342,32,5798.451527
-49270.310342,46,5799.522787
-13708.677485,31,5800.257708
-18090.015436,36,5801.065887
-18341.547454,40,5801.994831
-39291.417309,48,5803.10079
-14942.844707,33,5803.865996
-16978.904513,37,5804.738701
-25264.627023,39,5805.651246
-30670.998188,42,5806.657161
-18729.932843,38,5807.529547
-17113.252702,34,5808.294224
-19634.138328,39,5809.201683
-23985.831275,38,5810.126349
-42775.706515,44,5811.174311
-32118.305593,42,5812.218124
-78592.381807,48,5813.346827
-12857.75845,30,5814.118443
-110616.623525,50,5815.269587
-15596.002436,33,5816.031688
-23314.940972,38,5816.969656
-20137.765978,37,5817.883972
-11657.804454,28,5818.563985
-11902.582013,28,5819.208784
-9454.776242,23,5819.758639
-13186.820615,30,5820.443743
-23100.648234,41,5821.403145
-34179.763253,42,5822.368296
-24626.375379,39,5823.283197
-32453.470968,41,5824.271767
-44693.290447,51,5825.535629
-17440.901103,35,5826.40348
-10461.304053,25,5827.047848
-114127.705047,51,5828.309835
-71637.952363,46,5829.428774
-130752.547404,53,5830.727323
-13862.390251,31,5831.449692
-20122.798605,37,5832.326095
-49309.960802,45,5833.40064
-11377.1298,27,5834.048283
-124636.00009,51,5835.261003
-15019.876105,32,5836.026401
-16593.726725,36,5836.909166
-39616.237454,44,5838.015459
-12984.858268,30,5838.740747
-25995.526346,38,5839.598248
-46208.620911,44,5840.616866
-63365.387461,46,5841.705534
-20988.042553,38,5842.662326
-14943.077089,32,5843.409872
-23765.289473,38,5844.349357
-45298.704732,45,5845.491687
-19861.085659,37,5846.376791
-29981.331997,40,5847.331604
-10270.098516,25,5847.91423
-44748.498078,44,5848.92769
-16092.042843,33,5849.750345
-29319.64546,40,5850.699827
-18701.891386,35,5851.511784
-30621.770983,41,5852.467957
-27845.810756,41,5853.453817
-15611.331034,35,5854.281155
-63866.866323,46,5855.396562
-15324.607368,33,5856.218836
-30608.859448,41,5857.195075
-30807.806102,40,5858.200865
-33751.292296,42,5859.17308
-14630.472051,33,5860.001659
-94575.486327,51,5861.181811
-14265.520194,31,5861.916291
-56226.615196,45,5862.950165
-61120.463509,45,5863.991661
-16518.799271,34,5864.767716
-39575.758355,43,5865.758391
-18604.424265,36,5866.612816
-23166.934777,38,5867.472523
-31756.778224,42,5868.459203
-14208.944255,32,5869.185237
-11998.270768,28,5869.849735
-16736.284327,34,5870.683472
-33892.752626,43,5871.732368
-37699.67251,45,5872.866767
-16622.430083,34,5873.695407
-81661.858229,47,5874.80977
-8000.281058,20,5875.333832
-126893.886713,53,5876.604771
-116015.428948,53,5877.869567
-14427.098721,31,5878.624547
-13555.891999,31,5879.348995
-94874.015595,49,5880.529038
-23086.460952,38,5881.428108
-33755.88491,43,5882.404975
-18109.303613,41,5883.359283
-14375.723536,32,5884.164879
-90552.700817,52,5885.417199
-82382.194511,48,5886.535596
-105249.020067,50,5887.764708
-10871.64279,26,5888.404108
-31371.387985,43,5889.477549
-31867.803363,42,5890.480669
-9454.32224,23,5891.026029
-10874.347396,26,5891.669718
-19551.782689,37,5892.537308
-70083.064135,48,5893.701596
-120950.264148,51,5894.932643
-13181.86784,31,5895.667391
-15950.289111,33,5896.418715
-40316.55407,44,5897.486429
-28773.974013,39,5898.377456
-98798.928763,60,5899.827123
-18525.392939,37,5900.677782
-18904.485427,37,5901.546054
-25944.037985,38,5902.463944
-18468.24276,36,5903.284623
-13355.772059,31,5904.026085
-20933.543553,39,5904.944355
-13731.716225,31,5905.717469
-44046.881106,42,5906.726576
-64599.759997,47,5907.872778
-18056.037539,36,5908.727091
-38401.672579,43,5909.708454
-117044.222046,51,5910.955982
-24861.040096,39,5911.8484
-22870.094349,39,5912.756178
-30943.610636,41,5913.695787
-29715.568184,40,5914.656716
-10008.551674,24,5915.239681
-21618.142068,37,5916.123287
-91103.722565,49,5917.296736
-8651.274054,22,5917.852251
-11767.444448,28,5918.526862
-30910.061622,41,5919.513638
-21178.345463,38,5920.461384
-84478.327944,49,5921.638368
-25041.793314,38,5922.500759
-29762.539577,41,5923.470161
-50837.878564,45,5924.520926
-128226.057982,51,5925.703722
-34716.388278,43,5926.731813
-67433.585438,47,5927.835513
-13535.3153,31,5928.558037
-32805.54314,40,5929.458275
-34447.597422,44,5930.439483
-14444.580614,32,5931.217104
-16406.445529,33,5931.998319
-26872.635755,40,5932.936347
-18856.681332,38,5933.790209
-14113.955748,31,5934.525301
-22353.69893,38,5935.42414
-11983.936229,28,5936.061694
-9805.869811,24,5936.599995
-18301.543176,35,5937.396761
-17233.802641,34,5938.165421
-9153.352103,23,5938.702231
-27041.242882,43,5939.705944
-82455.634998,48,5940.781384
-89637.448095,55,5942.013746
-66805.062349,49,5943.12221
-19457.084112,36,5943.940498
-49841.749468,48,5945.114305
-56790.445431,46,5946.205418
-12182.536005,29,5946.86457
-100020.268343,50,5948.011626
-61865.129124,47,5949.035709
-21429.134028,37,5949.90031
-14793.822072,32,5950.718561
-20155.057627,36,5951.622257
-9405.160515,23,5952.121
-37017.703585,43,5953.081565
-9904.112426,24,5953.628753
-12416.664908,29,5954.276656
-32595.078919,42,5955.208992
-18084.499895,35,5956.009226
-14184.908851,32,5956.718094
-76317.731081,47,5957.776205
-13663.672402,31,5958.463189
-44581.464342,45,5959.481483
-38524.322673,43,5960.47479
-30436.875536,45,5961.5222
-86023.566003,49,5962.676268
-37547.229645,43,5963.65511
-34239.170859,42,5964.641165
-16598.088498,33,5965.401035
-25365.413932,44,5966.474716
-37878.639044,43,5967.442052
-16040.441811,35,5968.250436
-93116.52042,50,5969.402343
-19859.512769,38,5970.241462
-11152.884845,27,5970.885359
-29818.387926,41,5971.823416
-26060.243434,39,5972.7311
-11822.18354,28,5973.359635
-55038.215937,46,5974.386597
-15760.903149,32,5975.126372
-70019.300381,49,5976.280081
-104960.593838,51,5977.463789
-11076.0139,27,5978.158035
-42776.85439,44,5979.22838
-40416.442431,43,5980.251671
-39405.12298,44,5981.252567
-19519.796323,39,5982.203876
-93305.343655,49,5983.36404
-18846.144557,38,5984.267723
-9001.660033,22,5984.769211
-56873.073806,45,5985.80472
-60588.676729,47,5986.868629
-61422.626052,46,5987.912257
-18527.884994,36,5988.767318
-48020.351559,44,5989.791634
-61687.296435,45,5990.875893
-45894.731643,45,5991.892363
-16747.58508,36,5992.74673
-26059.71837,39,5993.686497
-34579.031639,43,5994.709252
-12738.940325,30,5995.419778
-16960.39124,34,5996.217787
-60382.861443,46,5997.307941
-24850.263945,40,5998.21966
-49425.68246,44,5999.210282
-22383.913519,39,6000.114368
-79911.905321,48,6001.234268
-86876.853537,50,6002.426691
-38131.09241,42,6003.402127
-76965.606594,48,6004.515844
-58603.773499,52,6005.776333
-22538.197079,37,6006.654123
-13125.611817,30,6007.360087
-15829.205529,35,6008.233458
-109769.185593,53,6009.5719
-31727.823096,41,6010.543249
-20915.865452,37,6011.435836
-25706.673525,40,6012.404906
-42529.966046,44,6013.475381
-21717.080907,38,6014.360828
-49315.51381,45,6015.433432
-56202.213525,47,6016.539274
-21912.8629,38,6017.430841
-43701.355165,43,6018.444427
-41905.963432,43,6019.436653
-22037.928962,43,6020.453779
-18921.789227,36,6021.311164
-33551.997269,42,6022.264922
-15751.622076,33,6023.058732
-9051.799843,23,6023.591006
-35184.713378,45,6024.664171
-17118.095677,34,6025.440517
-48177.995457,46,6026.514191
-49704.752298,44,6027.533523
-49469.029782,48,6028.722991
-13110.506075,30,6029.452321
-35248.664452,43,6030.493169
-21438.716611,41,6031.437308
-22993.825038,38,6032.351453
-33218.22232,42,6033.342935
-34518.484336,42,6034.297927
-12527.172513,29,6035.009013
-35588.192514,43,6036.052639
-40756.595389,45,6037.135432
-11444.276939,27,6037.772738
-82998.293628,49,6038.986956
-56500.675886,47,6040.101838
-36555.349303,42,6041.113529
-15835.211432,36,6041.963937
-58739.575744,48,6043.094696
-29248.663606,40,6044.033303
-25427.562826,40,6044.95
-11807.28184,28,6045.585925
-35767.329852,41,6046.549418
-78089.973987,48,6047.698966
-37240.165534,44,6048.714628
-44192.111328,45,6049.778235
-11980.245024,28,6050.455242
-19211.655592,36,6051.322851
-17737.880208,35,6052.199169
-15653.666947,34,6053.030448
-37247.093004,42,6053.98039
-13476.078019,31,6054.726003
-37006.225525,44,6055.722114
-39737.612785,43,6056.76514
-61363.895255,47,6057.866357
-43941.183113,44,6058.918002
-43223.43073,45,6059.977589
-61181.017757,45,6061.002217
-14614.030434,31,6061.708669
-14866.399179,34,6062.476217
-63080.691261,46,6063.520701
-83004.056722,48,6064.608582
-17657.513,34,6065.435388
-29747.76776,40,6066.383672
-21647.332673,37,6067.230003
-18329.098019,37,6068.104789
-34472.601548,41,6069.081128
-15134.893989,34,6069.898436
-80964.495405,48,6071.042553
-76250.340508,48,6072.188425
-31031.107565,41,6073.184599
-67658.820537,46,6074.300981
-27551.425124,39,6075.226707
-32197.374995,43,6076.20432
-8001.704808,20,6076.693303
-11647.414269,28,6077.317817
-25415.893316,38,6078.23075
-97507.374415,49,6079.417773
-52396.085087,46,6080.515113
-48607.968515,45,6081.586749
-43050.145096,44,6082.571923
-65664.482059,47,6083.665255
-9304.223201,23,6084.244683
-14257.249534,32,6085.05515
-16812.373736,35,6085.913698
-25290.886376,40,6086.875014
-14148.580285,32,6087.621212
-27727.705259,41,6088.599916
-11231.973681,27,6089.323397
-86976.825278,49,6090.453426
-56482.250811,45,6091.508677
-16216.829118,34,6092.309749
-60580.991589,46,6093.457297
-9804.959183,24,6094.040193
-14979.937048,33,6094.847373
-34066.01552,42,6095.839917
-37549.293608,44,6096.879555
-101044.43338,49,6098.067
-32420.829168,42,6099.081196
-12891.368709,30,6099.829243
-27735.059997,40,6100.765026
-13068.809227,30,6101.482908
-58313.812997,47,6102.570144
-44668.891886,47,6103.673779
-21760.016968,38,6104.6258
-40656.752011,43,6105.683178
-14231.928911,32,6106.489787
-17852.135355,36,6107.348883
-72831.879575,48,6108.464494
-21033.014251,37,6109.325438
-23425.635568,38,6110.194649
-68913.022392,47,6111.297056
-11429.124988,27,6111.940531
-103958.629619,50,6113.090955
-25804.661163,39,6113.999406
-40406.522342,44,6115.056008
-29753.309195,42,6116.041164
-15881.567698,33,6116.827477
-23552.912919,38,6117.724056
-35702.966422,42,6118.690655
-10258.4279,25,6119.303003
-22276.795313,37,6120.170068
-12171.563511,29,6120.858244
-15475.878377,34,6121.660292
-11011.011892,26,6122.277732
-24848.173982,38,6123.174226
-19692.870706,36,6124.010284
-43703.279303,44,6125.047218
-26645.827307,39,6125.934233
-29078.933633,40,6126.871061
-111670.960729,50,6128.067726
-51692.256782,46,6129.176615
-16098.971257,35,6130.001888
-144314.078638,54,6131.238736
-15518.294362,34,6132.054955
-30038.59539,44,6133.129535
-38591.802568,44,6134.154207
-34552.009177,41,6135.107416
-64511.580851,47,6136.173218
-28602.999153,40,6137.113531
-11561.348521,27,6137.753349
-10967.851659,26,6138.341173
-39634.152325,42,6139.356941
-17336.412095,35,6140.202104
-27200.262474,40,6141.172248
-19394.49495,37,6142.048027
-57934.358475,46,6143.162098
-11302.475283,27,6143.803465
-16779.054687,34,6144.610682
-17581.016156,37,6145.521367
-21355.275773,39,6146.471688
-64621.813395,46,6147.60924
-33580.294034,43,6148.655797
-16453.197162,35,6149.45358
-83209.598827,48,6150.638181
-24127.091814,39,6151.489402
-15022.466133,33,6152.282482
-41570.985454,43,6153.280772
-20987.192749,37,6154.198602
-11394.965949,27,6154.928872
-13334.495271,30,6155.661719
-10928.485653,26,6156.32528
-26321.487298,39,6157.261707
-87625.469695,49,6158.472004
-19210.707487,36,6159.346914
-16824.398293,35,6160.182809
-46450.268287,46,6161.293713
-29520.028059,41,6162.289118
-22119.998753,39,6163.229762
-24619.960815,39,6164.131432
-87762.613101,50,6165.308663
-75352.705057,48,6166.433541
-12322.189744,29,6167.128662
-32181.955101,42,6168.096136
-26576.59617,40,6169.082208
-20418.900853,38,6169.979186
-56216.831266,47,6171.061111
-23505.924369,38,6171.950704
-11203.9137,27,6172.562088
-41255.280398,44,6173.56729
-49581.401561,44,6174.632298
-34274.349574,42,6175.573243
-62266.097907,45,6176.643596
-52987.804394,46,6177.686283
-21213.46365,38,6178.55864
-27651.244099,40,6179.476273
-17118.662622,34,6180.266368
-13910.897885,32,6180.997792
-10579.610453,26,6181.589818
-67971.637748,51,6182.756079
-13171.465325,30,6183.432763
-20584.147077,37,6184.251858
-15830.760653,34,6185.048774
-35231.239797,42,6185.998323
-20469.375037,39,6186.877128
-82447.059785,56,6188.198347
-17420.1854,35,6189.141496
-12418.628728,29,6189.844196
-34889.023335,42,6190.827737
-25305.069671,40,6191.796146
-24168.288238,38,6192.739988
-29938.581946,40,6193.736346
-26364.198751,40,6194.62928
-16930.059466,34,6195.383583
-14121.11708,32,6196.124666
-48625.096295,46,6197.117877
-12329.306216,29,6197.767628
-13238.601583,30,6198.438669
-39424.132495,42,6199.399501
-40288.909143,43,6200.438638
-20129.765474,37,6201.254517
-22141.558522,38,6202.160043
-14627.050377,32,6202.901699
-20823.801475,38,6203.760294
-12504.21627,29,6204.436332
-18491.148784,36,6205.282847
-58412.11942,49,6206.421054
-32249.447953,41,6207.347233
-17096.722155,36,6208.185157
-26039.113534,40,6209.064083
-65445.017282,48,6210.19071
-11067.915067,27,6210.825356
-19882.495413,37,6211.694093
-40840.208008,44,6212.71549
-72988.718742,47,6213.837599
-14322.993383,32,6214.550621
-52603.865414,45,6215.559893
-10110.82185,25,6216.128717
-28369.462896,40,6217.090987
-20338.766797,39,6218.061135
-61628.976908,46,6219.124359
-24184.53805,38,6220.026832
-121599.373817,51,6221.2171
-30513.895661,42,6222.259671
-15841.047976,33,6223.065139
-43224.867433,44,6224.098789
-48780.321538,45,6225.138733
-11517.489802,27,6225.727922
-73605.259603,48,6226.844378
-23239.976967,39,6227.722908
-68042.483619,47,6228.830046
-12931.87245,30,6229.501619
-12764.212312,30,6230.237905
-12079.442006,28,6230.914572
-14190.894889,31,6231.647828
-70319.275909,48,6232.765807
-19610.761218,37,6233.705385
-19992.271852,36,6234.513537
-62185.164014,47,6235.620851
-31806.502782,42,6236.601087
-102686.197152,50,6237.805214
-13177.705079,31,6238.510423
-52934.980497,46,6239.617327
-18596.301696,37,6240.517469
-27228.033373,39,6241.519078
-12484.824626,29,6242.185524
-10109.130872,25,6242.769741
-37523.412063,46,6286.496386
-47881.27945,45,6287.579051
-60032.813214,46,6288.666626
-15295.878698,33,6289.476987
-39181.618128,43,6290.588278
-29650.030239,41,6291.573575
-18051.293447,35,6292.388862
-28786.40098,41,6293.399638
-31562.243148,41,6294.431912
-14083.109852,32,6295.172598
-18557.719307,36,6296.031337
-13005.112662,30,6296.774809
-22051.233639,37,6297.618803
-45057.944522,47,6298.80098
-11924.107903,28,6299.479081
-62848.662528,47,6300.66484
-53376.271488,45,6301.738264
-64368.217117,47,6302.82708
-29513.570629,40,6303.753229
-49126.431561,44,6304.825344
-28445.650595,40,6305.770652
-12978.569534,30,6306.487697
-15498.267669,33,6307.274918
-13067.551032,30,6308.011788
-34630.954031,42,6309.026684
-93144.790673,50,6310.215173
-38382.00943,43,6311.260241
-17823.805312,35,6312.122717
-10864.741175,26,6312.749778
-26748.622703,41,6313.721921
-12281.840496,29,6314.399939
-23528.454527,40,6315.367837
-20598.021844,45,6316.492758
-23493.934559,39,6317.408001
-17120.289152,35,6318.252225
-18106.395849,36,6319.089334
-52152.446267,44,6320.177342
-18165.424127,36,6321.081498
-84553.304787,47,6322.174183
-14770.120359,32,6322.940391
-32902.150454,41,6323.910964
-55279.772431,47,6324.988148
-29690.256913,40,6325.963065
-124968.027583,52,6327.216967
-31893.523004,41,6328.172986
-63232.400472,49,6329.323024
-19887.823734,40,6330.274771
-83021.856369,48,6331.497739
-66267.163062,46,6332.566952
-23097.703324,38,6333.437309
-94577.634947,49,6334.607048
-9102.072548,23,6335.138767
-18968.974364,36,6335.983629
-14158.901241,32,6336.772506
-88403.140613,49,6337.954591
-11144.789437,27,6338.557808
-34195.601793,44,6339.610632
-56588.639183,45,6340.707506
-40654.612875,45,6341.777488
-83259.027395,51,6342.980856
-122455.252468,51,6344.182033
-16017.768638,33,6345.016473
-12699.182622,29,6345.685905
-16694.186248,34,6346.514105
-39716.21731,44,6347.578164
-29024.246368,39,6348.50616
-34033.589613,42,6349.495324
-54576.650173,45,6350.587579
-12920.579757,30,6351.361255
-55514.260547,45,6352.408774
-17891.420254,36,6353.247742
-16099.354431,34,6354.009429
-11669.938639,28,6354.661496
-30037.602309,40,6355.60975
-15073.036411,32,6356.380358
-51631.816216,46,6357.465955
-23632.736217,39,6358.409422
-27697.30832,41,6359.39284
-17661.593038,38,6360.299604
-86445.34053,50,6361.508465
-48929.062711,44,6362.581794
-17893.35342,36,6363.438898
-28501.138604,40,6364.415438
-72398.901996,48,6365.584131
-32312.916011,42,6366.652927
-59579.606772,47,6367.79413
-13181.710389,30,6368.51697
-29449.121999,41,6369.481257
-44390.852824,44,6370.51773
-61049.037711,51,6371.735461
-20196.539198,37,6372.558759
-25844.17379,40,6373.491698
-59764.463284,47,6374.614421
-14288.3133,32,6375.363488
-15491.554059,33,6376.127523
-8851.161486,22,6376.657034
-20062.95989,37,6377.549401
-31563.657684,42,6378.547863
-46120.836368,46,6379.653833
-12320.90687,29,6380.319815
-28585.31678,41,6381.280922
-66325.382352,47,6382.411898
-16139.59903,34,6383.240789
-37598.46081,43,6384.274303
-13098.689864,30,6384.984435
-13354.726311,30,6385.714544
-60990.397929,46,6386.76523
-14892.133108,32,6387.48898
-16920.505498,35,6388.301283
-12670.809332,29,6388.994421
-17532.785909,35,6389.810116
-13948.83219,31,6390.517478
-16052.107016,34,6391.39627
-17239.979707,34,6392.185421
-10813.931762,26,6392.829846
-34769.297239,43,6393.867931
-23473.523934,39,6394.785949
-8000.83733,20,6395.288085
-53252.981799,45,6396.386589
-15866.537668,33,6397.183048
-48739.046884,45,6398.241328
-92074.245424,50,6399.443426
-40310.88015,43,6400.457082
-21648.809052,37,6401.328871
-28127.077734,41,6402.282865
-18771.948706,37,6403.149135
-23944.280287,38,6404.062827
-23632.104396,38,6404.938227
-12697.194821,30,6405.650841
-10006.719881,24,6406.234287
-45540.410501,44,6407.25769
-11282.737548,27,6407.947866
-13172.424503,30,6408.69243
-83432.325275,53,6409.947808
-37372.612461,43,6410.993974
-14487.103618,32,6411.718953
-14405.410231,32,6412.46102
-13072.604398,30,6413.142715
-71925.447749,48,6414.239991
-18524.612016,37,6415.080047
-61624.684543,46,6416.14284
-12013.980574,28,6416.787672
-13053.987272,30,6417.439899
-15201.14059,32,6418.234866
-77584.291169,49,6419.351773
-38842.695304,43,6420.311405
-66649.332437,47,6421.46132
-90407.275454,50,6422.650152
-82148.581998,47,6423.838131
-40382.09002,44,6424.852567
-27838.370092,41,6425.791156
-37730.755586,42,6426.793519
-31294.31846,41,6427.746969
-146650.344342,54,6429.025446
-20239.901789,37,6429.890693
-17491.231263,36,6430.700146
-11064.526474,26,6431.286527
-12072.059626,28,6431.96244
-20700.383716,38,6432.883636
-99003.107146,53,6434.101777
-17311.104757,36,6434.961133
-23563.360498,39,6435.864245
-18398.759291,36,6436.678253
-13928.113123,31,6437.392406
-46272.449087,46,6438.424061
-12109.233599,28,6439.062868
-12044.394853,28,6439.687183
-50362.811399,45,6440.702957
-13238.746821,30,6441.397352
-21052.392945,37,6442.26445
-14829.843901,33,6443.094751
-12149.890929,28,6443.745246
-17618.806209,35,6444.578921
-19929.849104,36,6445.478507
-15832.218883,33,6446.239182
-18146.274563,35,6447.046717
-13700.766321,31,6447.785709
-83016.353777,50,6448.958439
-21995.304229,39,6449.896107
-33662.877319,42,6450.870844
-107740.819424,51,6452.122115
-25905.459569,38,6453.038068
-97226.12912,51,6454.219136
-69170.334135,47,6455.374052
-11556.429388,27,6456.06626
-13325.19654,30,6456.780544
-10929.412395,26,6457.393127
-51157.739156,45,6458.441573
-13136.402712,30,6459.158061
-60168.344294,46,6460.267384
-64357.465985,66,6461.78781
-57681.259095,47,6462.845335
-13686.423264,32,6463.551956
-48836.754299,45,6464.627583
-58792.688604,48,6465.757855
-22449.025186,38,6466.687576
-10153.695759,25,6467.299841
-35556.832847,43,6468.289264
-13315.517701,30,6469.007189
-55243.652915,47,6470.101305
-24146.83625,39,6471.060836
-12149.583252,29,6471.758338
-55712.176071,45,6472.821223
-16500.499692,36,6473.712957
-22563.482909,38,6474.666468
-19258.60927,36,6475.55022
-53600.284171,44,6476.619671
-17797.613986,36,6477.460423
-70149.449407,47,6478.584784
-28023.234761,41,6479.51493
-26668.867082,39,6480.526436
-19361.494482,36,6481.427727
-33197.832517,44,6482.455119
-76625.079749,48,6483.576926
-11652.309815,28,6484.258823
-35036.454905,44,6485.286485
-33568.366828,41,6486.248366
-43791.41448,44,6487.262402
-11617.412443,28,6487.928988
-27574.940055,39,6488.8725
-28548.03053,41,6489.854033
-21832.380789,39,6490.786617
-10880.309123,26,6491.360769
-12788.72395,29,6492.079207
-15941.930838,34,6492.857844
-8001.512325,20,6493.298991
-15019.025469,32,6494.0406
-19085.181732,39,6494.980652
-138664.015173,53,6496.266817
-13322.60686,31,6496.987502
-37298.628207,43,6498.065743
-35677.319168,44,6499.097434
-66716.895083,46,6500.180024
-14230.384641,31,6500.949479
-30952.358652,40,6501.897842
-52753.220281,46,6502.969007
-48481.689973,46,6504.006102
-15123.583243,32,6504.75471
-14527.06985,32,6505.48065
-62244.32789,62,6506.971029
-14349.145382,33,6507.738619
-13073.108936,30,6508.462908
-13730.304864,31,6509.177286
-118371.235146,75,6510.941981
-27608.070755,40,6511.959848
-12512.643907,29,6512.643398
-57798.363358,46,6513.725273
-33745.048257,42,6514.686647
-27799.972409,40,6515.579364
-35400.820411,42,6516.534807
-42082.355065,43,6517.512489
-19378.433242,37,6518.366522
-52097.844976,45,6519.457497
-70739.642913,47,6520.544415
-10663.246915,26,6521.175056
-16625.471937,34,6521.967928
-14204.429137,32,6522.705822
-124280.417348,53,6523.982963
-37717.517532,43,6524.994746
-34731.213799,43,6526.004249
-30780.791728,41,6526.963358
-29795.100907,40,6527.920472
-61571.604348,46,6529.045455
-11075.899231,27,6529.705841
-14760.194635,32,6530.445565
-18068.629317,36,6531.298595
-11385.124451,27,6531.964843
-26538.755761,39,6532.908921
-22835.182735,38,6533.827202
-13186.711399,30,6534.534616
-38254.87725,45,6535.634976
-61944.718142,45,6536.713085
-13487.256378,31,6537.474385
-11350.815193,27,6538.091767
-11612.494384,28,6538.740183
-10566.954389,26,6539.340637
-72096.495622,48,6540.486156
-18386.816762,36,6541.346766
-21098.270046,42,6542.365669
-25945.296,39,6543.329604
-10418.008117,25,6543.928072
-35221.553815,43,6544.966506
-22538.479542,38,6545.875758
-44762.457759,47,6547.004624
-34862.505756,41,6547.988603
-12543.652995,29,6548.703577
-14413.002642,32,6549.465263
-9707.149488,24,6550.049559
-11224.956232,27,6550.700037
-19094.60506,41,6551.644675
-9859.493784,24,6552.230556
-18622.560461,41,6553.210389
-21643.383461,38,6554.109571
-29603.027714,40,6555.015399
-8001.797484,20,6555.466775
-129851.061324,52,6556.775398
-82213.196021,50,6557.937637
-52424.172561,44,6559.008781
-51974.069813,45,6560.072211
-26557.918842,39,6561.056261
-9803.201172,24,6561.620885
-32968.934044,43,6562.628871
-14189.556409,32,6563.418564
-127833.082311,51,6564.607054
-22933.009286,38,6565.520318
-21685.34204,39,6566.469967
-28196.121729,40,6567.440886
-27638.914133,39,6568.362142
-81137.647553,49,6569.520186
-23562.663732,39,6570.427097
-17338.52646,35,6571.236096
-27752.745269,41,6572.213239
-28186.093396,40,6573.206097
-17745.728939,36,6574.087085
-50634.615811,47,6575.180401
-80381.998731,48,6576.305796
-14128.077153,32,6577.086344
-21581.854279,39,6578.041549
-23336.222752,39,6578.955959
-17361.072628,37,6579.802457
-28956.914674,40,6580.754493
-33852.490058,41,6581.730727
-53420.142768,49,6582.877141
-75242.451811,48,6584.028002
-43139.354855,45,6585.140561
-14849.769998,32,6585.949648
-32605.939376,43,6586.960064
-19690.242319,37,6587.836939
-31962.954438,43,6588.852138
-27629.025214,41,6589.835106
-57787.292039,46,6590.903271
-8001.79754,20,6591.405009
-15149.775512,34,6592.201932
-13781.456822,31,6592.952911
-20707.14804,38,6593.862388
-39904.365737,44,6594.889671
-14806.564367,32,6595.65528
-19533.700632,41,6596.63153
-35383.251537,43,6597.671895
-19072.270329,36,6598.530766
-10064.172841,25,6599.14367
-56527.517566,48,6600.261385
-12677.669588,29,6600.954731
-16427.035326,34,6601.798079
-13194.200898,30,6602.543128
-15642.909776,34,6603.359121
-72092.27659,49,6604.540695
-52709.49344,46,6605.649134
-16678.344826,37,6606.576319
-42029.633625,44,6607.622761
-14560.094613,32,6608.399471
-36175.621331,42,6609.447472
-16178.773195,34,6610.253038
-12711.358628,29,6610.929863
-14732.664453,32,6611.721223
-11402.334964,27,6612.336618
-30443.05335,41,6613.355845
-15403.548588,35,6614.150841
-101903.533207,52,6615.379791
-20684.488316,38,6616.261489
-12924.597715,30,6616.982703
-85923.719708,48,6618.131878
-14136.764914,32,6618.919823
-23268.955799,39,6619.849441
-27380.734096,41,6620.864316
-15028.738709,32,6621.596549
-121427.894522,51,6622.841766
-9001.147021,22,6623.365724
-29167.493255,43,6624.386333
-110765.064139,50,6625.560442
-16612.770304,34,6626.391842
-14656.796606,32,6627.210945
-35612.189676,42,6628.197942
-10210.407366,25,6628.791327
-44070.152168,46,6629.862928
-38641.179076,41,6630.848925
-13021.367096,30,6631.549639
-22860.182126,38,6632.463869
-38766.030125,43,6633.507378
-31443.574245,48,6634.663445
-11282.134204,27,6635.311094
-17860.202487,35,6636.173998
-31053.31118,40,6637.1947
-55566.03421,46,6638.29656
-71673.094471,47,6639.412964
-88153.47817,49,6640.562318
-18387.209853,35,6641.397457
-18737.180789,35,6642.245157
-29583.59058,41,6643.208537
-29657.966108,41,6644.218343
-128791.173598,54,6645.504506
-128909.32467,52,6646.734341
-48711.999379,45,6647.798624
-27710.004603,40,6648.729071
-16257.152402,36,6649.545564
-26329.073405,41,6650.504985
-25750.457293,42,6651.470238
-59166.741846,47,6652.562926
-14762.991322,32,6653.31291
-69603.58698,48,6654.40527
-14102.455265,32,6655.172614
-72466.932271,51,6656.384188
-22028.762,38,6657.270519
-12983.147963,30,6657.957024
-16610.510471,34,6658.767662
-31056.568677,47,6659.876395
-25444.630516,39,6660.822585
-47116.7827,46,6661.946876
-41947.296675,44,6663.007449
-30110.508006,43,6664.007169
-13641.302457,31,6664.74249
-20590.797269,37,6665.609853
-13046.997627,30,6666.279403
-19213.545781,36,6667.125192
-11058.48684,26,6667.75039
-23359.656258,38,6668.619404
-42641.967537,43,6669.636764
-73465.597931,49,6670.772656
-35705.548818,42,6671.737508
-32421.106848,41,6672.668509
-18300.708325,38,6673.555109
-20607.227353,37,6674.407821
-8000.261558,20,6674.858843
-13514.465031,31,6675.554475
-19148.998149,37,6676.387026
-126487.446197,52,6677.546572
-14229.685017,31,6678.247666
-70011.106439,48,6679.329408
-36049.573921,45,6680.394342
-51287.817497,44,6681.422369
-14042.568424,31,6682.121877
-24352.691015,39,6683.040721
-12613.978646,29,6683.733262
-19049.92052,36,6684.540838
-11030.570265,26,6685.114422
-59796.475309,47,6686.184057
-13896.845437,32,6686.927422
-60827.668984,46,6687.963298
-20572.909977,38,6688.88092
-74117.184075,48,6690.020393
-27181.724451,39,6690.943451
-11618.069585,28,6691.570541
-13426.199473,31,6692.288279
-31173.647375,41,6693.245769
-11477.002243,27,6693.921454
-22987.505749,38,6694.876606
-28492.423509,39,6695.76728
-88106.253102,49,6696.916633
-25206.311541,45,6697.957292
-27665.296085,40,6698.863296
-86613.86426,51,6700.073334
-12587.92012,29,6700.751533
-18924.338636,37,6701.593577
-33761.93631,41,6702.535244
-9653.754892,24,6703.079664
-15022.512844,33,6703.844948
-16608.843656,36,6704.736289
-59295.360631,47,6705.855807
-43594.279913,43,6706.890415
-20728.855841,37,6707.81025
-30724.310508,41,6708.768158
-15176.704306,32,6709.489977
-32269.468009,43,6710.482636
-26699.42891,39,6711.392982
-33780.371784,42,6712.37086
-27199.727666,40,6713.335056
-14815.202451,33,6714.096651
-14551.009756,33,6714.875749
-15223.296017,32,6715.638148
-9252.452124,23,6716.190333
-11980.141365,28,6716.858224
-102730.188814,49,6718.0333
-60646.137076,47,6719.14784
-18900.069289,40,6720.127064
-19216.832429,37,6720.987206
-98029.571635,51,6722.202563
-10920.161892,26,6722.798333
-56667.261392,46,6723.867568
-92948.324563,51,6725.05594
-93533.704863,50,6726.251684
-12863.31393,30,6727.014365
-19911.192496,36,6727.854069
-11991.6149,28,6728.522938
-42986.566683,44,6729.563603
-17950.524397,35,6730.381468
-13762.789538,31,6731.141521
-20544.785055,37,6731.99335
-43523.457209,45,6733.082335
-22166.635952,40,6734.014567
-20091.67385,38,6734.947398
-40508.074321,42,6735.939641
-43050.988762,44,6736.989891
-10569.745759,26,6737.574891
-75377.4753,48,6738.72303
-13453.525665,31,6739.428224
-30889.999155,42,6740.397912
-68937.010766,48,6741.520253
-19369.419252,36,6742.381628
-83196.732748,50,6743.562581
-20472.192399,36,6744.409172
-31907.263988,41,6745.382207
-23230.419724,38,6746.351411
-11236.526623,27,6746.976683
-36316.60668,42,6747.956191
-15524.697682,34,6748.719534
-17980.45086,34,6749.501296
-47692.194212,45,6750.561197
-44198.112668,45,6751.619633
-9151.463839,23,6752.163572
-17657.98879,35,6752.970184
-23072.543232,38,6753.822481
-99596.99,51,6754.982323
-135161.772051,52,6756.237033
-61680.049151,46,6757.33153
-36227.571497,42,6758.303297
-21101.210727,40,6759.274445
-16709.158762,33,6760.02581
-18477.426251,41,6761.079633
-104013.773995,51,6762.313243
-8000.85833,20,6762.821233
-9052.600124,23,6763.381747
-30108.849968,41,6764.330939
-45054.438207,43,6765.327612
-54671.342626,48,6766.413831
-14105.135182,31,6767.14637
-23312.995193,39,6768.084513
-13231.162908,30,6768.802587
-62233.263123,47,6769.885575
-12931.942478,30,6770.570699
-12620.476684,29,6771.288972
-60204.123299,47,6772.415855
-10360.849135,25,6773.016902
-11680.363298,28,6773.671093
-113010.86539,50,6774.901518
-81746.145507,49,6776.072097
-20069.806787,36,6776.920231
-15272.966524,33,6777.706264
-16635.606728,34,6778.521607
-42524.254714,45,6779.571526
-29595.953492,41,6780.558011
-21438.137887,37,6781.44771
-14837.141517,32,6782.207783
-20653.030073,38,6783.127016
-20492.694756,38,6784.006307
-12195.744004,29,6784.67968
-16631.307273,36,6785.49997
-125517.406633,51,6786.712093
-52953.642152,44,6787.772702
-17129.118127,35,6788.596057
-13979.606442,31,6789.327894
-9354.762588,23,6789.903975
-10312.789077,25,6790.554123
-87551.752357,52,6791.832817
-19703.502225,39,6792.740775
-14639.74693,32,6793.477197
-13080.19602,30,6794.202844
-71495.766816,48,6795.319852
-48616.959261,45,6796.395247
-74345.402822,50,6797.56084
-20009.60778,36,6798.422716
-10712.925018,26,6799.029619
-71900.42829,47,6800.126177
-55850.924906,45,6801.214956
-15918.32552,34,6801.997667
-42139.844008,44,6803.021829
-23582.782422,38,6803.897326
-27132.912729,40,6804.841973
-12940.337176,30,6805.528721
-12416.384427,29,6806.224777
-17805.78333,36,6807.074957
-15137.479816,32,6807.869816
-106415.425582,52,6809.093001
-34420.525073,42,6810.05324
-13187.773676,30,6810.752223
-15619.975975,34,6811.523464
-29737.820181,42,6812.527905
-16368.443062,33,6813.311357
-13933.698128,31,6814.05208
-39924.122465,44,6815.115183
-116843.258914,52,6816.427062
-14825.117521,32,6817.180041
-41557.468223,42,6818.180774
-90222.105495,48,6819.305711
-16630.702381,33,6820.120575
-13548.756308,31,6820.879086
-13860.762038,32,6821.639039
-11078.693207,27,6822.296592
-17863.189941,36,6823.223164
-14099.597845,31,6823.950962
-13258.290789,30,6824.648902
-18090.725712,37,6825.50889
-21776.12844,38,6826.443975
-14238.781949,31,6827.139205
-11996.187576,28,6827.826109
-27405.008185,40,6828.816807
-17893.56254,39,6829.720086
-15407.919353,34,6830.500309
-32296.714199,41,6831.448772
-14693.129974,33,6832.224144
-30636.291933,41,6833.223382
-19627.035151,38,6834.147482
-43590.093604,43,6835.180206
-13355.548553,30,6835.882861
-32376.88371,41,6836.839036
-26767.19822,40,6837.816504
-37249.327391,42,6838.8365
-13973.214783,31,6839.570189
-16405.057545,34,6840.373861
-25701.225991,40,6841.302603
-39261.057119,46,6842.39811
-19181.212295,37,6843.279063
-16544.187992,34,6844.083287
-28115.487479,41,6845.054565
-18338.187168,36,6845.942588
-35502.236731,43,6847.004845
-14882.400811,33,6847.869153
-12922.670143,30,6848.596136
-29162.017461,41,6849.60506
-78520.446345,48,6850.793286
-58076.651731,46,6851.934716
-108712.054749,51,6853.17237
-25110.214392,39,6854.110721
-14725.507759,32,6854.86432
-96815.074951,49,6856.005743
-54945.690145,45,6857.040043
-10160.603769,25,6857.625404
-28282.417468,40,6858.553972
-9852.857418,24,6859.132735
-23633.611964,39,6860.078908
-71663.21294,47,6861.165783
-105690.471453,51,6862.406742
-13971.383308,31,6863.160344
-34282.868821,42,6864.213245
-27893.83264,41,6865.209212
-32854.630664,41,6866.213243
-114437.865899,54,6867.509718
-32417.624227,41,6868.457938
-25796.645124,39,6869.359008
-12609.277916,29,6870.103168
-27154.280026,39,6871.00648
-12517.477405,29,6871.686541
-13943.042925,31,6872.454319
-33544.769492,45,6873.518105
-35754.910652,43,6874.548347
-18620.885674,37,6875.447742
-42314.508343,44,6876.490582
-72432.795782,48,6877.654134
-12773.224558,30,6878.367764
-142735.025328,54,6879.654567
-27717.585309,41,6880.649817
-34446.305534,41,6881.636013
-57707.224897,46,6882.730175
-10876.738041,26,6883.31994
-31640.072073,46,6884.39224
-37773.156194,44,6885.407153
-15883.190887,34,6886.253598
-19442.967003,37,6887.134527
-43083.2812,43,6888.147507
-16793.545084,35,6888.963991
-35805.448386,44,6890.051826
-18742.424462,37,6890.973257
-34072.254826,42,6892.003036
-16686.98323,34,6892.802174
-32142.524693,42,6893.761563
-42849.031681,44,6894.890237
-23150.129357,40,6895.898108
-15321.288173,33,6896.694817
-41599.9375,43,6897.736639
-36173.86058,44,6898.771813
-17859.73565,36,6899.618759
-11821.339055,28,6900.257675
-13656.047576,31,6900.998176
-53596.83362,47,6902.08667
-75521.184464,48,6903.213562
-10864.758736,26,6903.790082
-26521.94185,40,6904.712885
-9753.735896,24,6905.260285
-19871.033469,37,6906.161192
-32964.577132,42,6907.139528
-48057.427562,46,6908.232199
-16759.76237,34,6909.066311
-49323.804824,45,6910.184084
-18000.213115,36,6911.07351
-42428.459468,43,6912.097728
-8000.305199,20,6912.557487
-23690.982241,38,6913.398202
-14153.09966,32,6914.189952
-93469.47454,49,6915.292765
-49154.444,45,6916.302651
-57182.054641,46,6917.312768
-46374.019702,46,6918.373813
-100444.285645,50,6919.530668
-15180.778354,33,6920.289325
-16128.577005,34,6921.050083
-13478.97864,31,6921.749572
-72213.490782,47,6922.874197
-26647.085051,40,6923.829374
-26310.448017,41,6924.771966
-131026.873287,52,6926.031315
-13456.573395,31,6926.748311
-138803.997672,52,6927.937191
-37498.660767,44,6929.010736
-25875.652286,40,6929.992595
-35942.092191,43,6931.022047
-66592.672854,48,6932.184034
-8000.597806,20,6932.660655
-31879.851799,41,6933.631356
-27938.765323,41,6934.621047
-64423.548284,47,6935.71183
-22427.139097,38,6936.561776
-13353.392799,30,6937.226076
-74810.826846,52,6938.437368
-73588.544351,48,6939.574298
-13358.801921,31,6940.301047
-27104.62568,40,6941.226719
-12160.346052,29,6941.89236
-12626.485437,29,6942.574046
-30406.157005,40,6943.475282
-36427.981651,42,6944.480292
-55344.937927,46,6945.52403
-39531.031412,42,6946.505037
-14449.407303,33,6947.282081
-20277.40422,38,6948.193017
-35874.180834,45,6949.200573
-29276.845364,41,6950.147339
-13098.117123,30,6950.838939
-30669.415466,41,6951.750987
-11626.908204,28,6952.373805
-30423.536933,41,6953.371432
-61522.905549,47,6954.504803
-17742.721355,37,6955.391434
-91932.730871,49,6956.547223
-9403.069221,23,6957.111096
-20273.367858,40,6958.124161
-25474.293455,40,6959.054909
-85864.453473,48,6960.183168
-124466.726,52,6961.356608
-24124.790649,39,6962.363195
-22383.405812,39,6963.443391
-12266.401336,29,6964.174608
-25740.936796,40,6965.10552
-28771.333173,40,6966.029346
-21396.384366,37,6966.897565
-16753.729126,34,6967.720524
-17188.791634,35,6968.562829
-28236.033158,41,6969.556043
-11094.148198,27,6970.221082
-8000.367411,20,6970.726971
-16732.5397,35,6971.502764
-44377.893376,45,6972.532545
-39062.184275,44,6973.589508
-18608.999912,36,6974.424218
-26643.841357,43,6975.422979
-13289.583823,30,6976.13539
-26119.239005,40,6977.126488
-15836.065743,35,6977.956633
-15118.374384,33,6978.701747
-63346.313278,47,6979.794471
-21347.566872,37,6980.714034
-47629.256201,44,6981.757027
-12331.578192,29,6982.440767
-14265.406697,31,6983.189771
-16885.835796,34,6983.990002
-84487.137571,48,6985.115082
-12043.694852,28,6985.78051
-47131.563112,47,6986.87103
-16000.21628,33,6987.641283
-66429.44285,49,6988.805285
-13378.449367,30,6989.501243
-17089.317383,35,6990.327699
-36610.579313,45,6991.361035
-24424.028125,39,6992.235935
-41496.73877,43,6993.309208
-17410.931451,38,6994.222228
-11675.116828,28,6994.912174
-43938.75651,45,6996.019586
-19416.351524,37,6996.894588
-36896.246086,44,6997.933683
-12222.727024,29,6998.638151
-24961.535561,40,6999.589729
-14700.3092,33,7000.395735
-11403.115069,27,7001.039061
-49441.599828,46,7002.143386
-31425.264556,41,7003.099609
-22424.775808,38,7003.955796
-59746.898232,47,7005.009041
-35194.764603,43,7006.040376
-59466.89519,47,7007.126425
-43102.614836,47,7008.233246
-11172.974915,27,7008.862597
-99890.139661,51,7010.079422
-63215.593678,50,7011.283002
-15228.784107,35,7012.106077
-21639.666706,38,7013.006078
-13934.424946,31,7013.744372
-46461.007186,45,7014.810316
-11339.748299,27,7015.414155
-20576.9383,38,7016.337999
-10366.676637,25,7016.964514
-19079.937121,36,7017.840205
-38980.176613,43,7018.906631
-18563.378596,35,7019.751524
-23173.106689,40,7020.72886
-9154.114404,23,7021.25313
-50166.48528,45,7022.319027
-10113.791209,25,7022.965621
-39756.500613,45,7024.083744
-33013.260278,42,7025.077667
-16935.041185,34,7025.855718
-52837.343747,45,7026.932603
-16413.992273,33,7027.675102
-59132.218808,49,7028.848864
-17130.96807,35,7029.66168
-14573.647653,32,7030.429736
-34378.941931,41,7031.399437
-27864.978246,42,7032.41289
-15127.614463,32,7033.15312
-123763.94414,51,7034.303211
-23438.269719,38,7035.211947
-40275.758024,43,7036.209061
-31485.191325,42,7037.166639
-82356.444574,52,7038.419394
-79773.547122,49,7039.50227
-30462.390645,40,7040.440787
-13635.732484,31,7041.179459
-91943.478708,49,7042.357864
-18367.904513,40,7043.373871
-11908.21922,28,7044.039151
-45064.03516,45,7045.120737
-13927.009377,31,7045.854646
-50400.926368,46,7046.976309
-109186.711244,53,7048.236124
-12571.130253,29,7048.929205
-17250.373068,34,7049.785421
-30625.406715,40,7050.767226
-14026.627299,31,7051.491178
-35534.597616,42,7052.493813
-15551.830612,35,7053.371027
-16059.530614,35,7054.186462
-52352.449829,45,7055.281595
-11242.423195,27,7055.942655
-20283.244822,38,7056.829164
-15159.442877,32,7057.588346
-21203.569387,36,7058.477878
-18066.114788,36,7059.33801
-26574.446416,41,7060.328689
-14840.387389,33,7061.130583
-11876.392497,28,7061.807068
-17749.689366,35,7062.6219
-22916.111744,41,7063.572478
-11549.261179,27,7064.186287
-17720.655558,36,7065.054507
-11663.225237,28,7065.724711
-8650.787426,22,7066.256424
-13351.934364,30,7066.93978
-18653.345913,37,7067.787876
-17601.858961,37,7068.709578
-15205.984104,33,7069.504909
-23940.517645,37,7070.373224
-23720.469293,39,7071.274579
-24809.851483,41,7072.237738
-14722.172509,33,7073.046067
-11464.477272,27,7073.662938
-30802.069857,41,7074.607664
-15310.783186,34,7075.447846
-32361.888515,41,7076.439031
-112469.245295,51,7077.678281
-13865.539795,31,7078.416637
-23797.127795,38,7079.325154
-49474.998955,45,7080.385088
-29756.37745,42,7081.354092
-16651.311583,36,7082.201083
-98655.449785,48,7083.33608
-115093.408698,50,7084.489918
-19145.662031,36,7085.349457
-12847.656812,30,7086.038347
-10216.314116,25,7086.637527
-61975.641599,46,7087.736551
-40459.85138,44,7088.769309
-13156.844293,30,7089.475113
-24324.611157,40,7090.479344
-76456.974661,50,7091.72595
-20632.393352,36,7092.606926
-36842.235797,45,7093.720286
-37345.912399,44,7094.786291
-35658.804805,42,7095.756106
-22927.566527,40,7096.702861
-14507.17898,32,7097.447061
-57429.949745,46,7098.511246
-19903.458002,36,7099.362804
-18348.242206,38,7100.2519
-13456.147167,31,7100.979389
-25812.563623,40,7101.911822
-16468.348658,34,7102.71243
-101709.24042,60,7104.083746
-76993.976371,49,7105.230471
-19494.957001,37,7106.095463
-17707.230916,37,7106.998606
-15008.563424,33,7107.761451
-24222.113958,39,7108.682204
-80753.885172,49,7109.827779
-36533.601602,42,7110.838576
-14657.876246,33,7111.606838
-15515.376617,34,7112.436116
-50533.468524,44,7113.475484
-29525.221621,40,7114.405818
-19107.844313,37,7115.244326
-26594.142553,40,7116.216684
-46420.86806,46,7117.314063
-15711.643841,33,7118.069375
-11300.691002,27,7118.711415
-32254.305526,41,7119.65554
-20238.978704,38,7120.574949
-14697.913579,33,7121.365983
-36308.630068,44,7122.405827
-43896.612683,44,7123.465259
-29929.340268,41,7124.419635
-28498.261841,41,7125.364386
-15595.519781,35,7126.215407
-12670.538454,30,7126.89697
-18607.993068,37,7127.761943
-100229.896696,50,7128.885713
-10005.707961,24,7129.46333
-112823.284503,51,7130.666487
-29767.767086,42,7131.667216
-55616.838395,48,7132.814554
-63344.687624,47,7133.921225
-52456.546592,46,7135.022772
-22824.341223,38,7135.890985
-26684.365058,40,7136.830353
-12429.93641,29,7137.531538
-50671.917723,46,7138.608595
-107086.173063,51,7139.78125
-12020.680193,28,7140.440998
-14791.27297,33,7141.214892
-37732.004493,44,7142.221108
-28113.952717,40,7143.181805
-33667.592155,42,7144.124045
-14468.44223,33,7144.876304
-36305.761286,42,7145.861689
-30560.674893,42,7146.870179
-17334.527099,35,7147.71856
-16439.749466,34,7148.445371
-62545.583304,47,7149.560788
-18943.532679,37,7150.422032
-12689.023507,29,7151.129209
-50449.057653,46,7152.221126
-22563.131744,39,7153.118222
-15565.727238,32,7153.888797
-14442.661862,32,7154.6292
-15226.157557,34,7155.423305
-49377.95485,46,7156.534305
-15104.107898,32,7157.260588
-12562.509386,29,7157.94815
-50495.388763,46,7158.975015
-14391.566103,32,7159.743541
-17267.724975,35,7160.621511
-13684.89135,31,7161.373437
-15765.385856,35,7162.16316
-53776.161558,47,7163.237885
-67909.439087,48,7164.376547
-15532.507909,33,7165.12322
-18937.028404,36,7165.924666
-31169.294153,42,7166.928288
-62371.505909,47,7168.029075
-12720.435609,29,7168.647084
-26719.196948,39,7169.561858
-15957.754345,34,7170.373236
-32697.780672,42,7171.343847
-20262.437611,36,7172.147601
-19594.020239,38,7173.028668
-96726.582421,58,7174.429321
-14409.651492,33,7175.17173
-36577.649,43,7176.194636
-27060.044969,41,7177.188978
-15956.652421,35,7178.092947
-12655.463783,29,7178.760959
-12092.440274,28,7179.406824
-15272.850595,33,7180.203472
-16547.848403,34,7181.005515
-27840.651162,40,7181.907325
-32470.065574,42,7182.928797
-27355.35029,40,7183.891585
-80378.930276,48,7184.997285
-60073.685083,49,7186.144627
-22046.167482,37,7186.995728
-31490.228121,41,7187.91502
-34202.96069,42,7188.894387
-12281.426485,29,7189.52709
-26322.882746,40,7190.476663
-32403.810049,43,7191.499556
-15360.012416,33,7192.278134
-11419.583299,27,7192.928076
-16568.754371,34,7193.734704
-65828.544073,48,7194.833198
-18192.018719,35,7195.69698
-10054.514882,25,7196.27578
-16685.802738,34,7197.076635
-13695.912456,31,7197.845651
-29124.884141,41,7198.829821
-17292.633075,36,7199.642293
-35329.839224,43,7200.634696
-14046.682565,32,7201.372944
-57467.197903,47,7202.520927
-56740.443587,46,7203.650252
-18907.110879,37,7204.509187
-50913.759956,46,7205.561485
-14464.956837,33,7206.368827
-26548.312416,40,7207.339559
-13053.246737,30,7208.053289
-61684.536965,47,7209.180095
-46996.616859,44,7210.229537
-14591.116017,32,7211.017138
-12386.183184,29,7211.68899
-19843.552354,36,7212.548397
-8000.433217,20,7213.040743
-12100.408307,28,7213.662414
-75843.566784,49,7214.774184
-23161.86354,38,7215.629231
-13230.53604,31,7216.323013
-26861.785099,41,7217.29828
-17685.707485,35,7218.108492
-11311.80086,27,7218.761791
-28699.502098,40,7219.648794
-14643.269594,32,7220.385306
-21680.619352,39,7221.312094
-84349.326578,48,7222.468234
-52604.410438,45,7223.517108
-11245.004787,27,7224.136862
-26602.031667,40,7225.042582
-17527.145337,35,7225.89801
-12407.013656,29,7226.577317
-16321.153243,33,7227.425766
-15648.302346,33,7228.185008
-24120.774696,38,7229.056466
-38965.790233,45,7230.127384
-21669.031681,38,7231.053006
-27145.504064,39,7231.98042
-36242.035937,43,7233.043511
-15858.53855,33,7233.83411
-116197.559757,50,7235.045426
-32305.270583,41,7236.001618
-75053.773865,47,7237.170374
-34852.46082,43,7238.238141
-85829.340414,49,7239.393021
-11512.28032,27,7240.012316
-12083.273058,28,7240.642746
-14570.154516,32,7241.38267
-20644.600799,37,7242.256761
-10162.285752,25,7242.830027
-32701.923278,42,7243.868805
-33354.743794,43,7244.910665
-35523.966048,46,7246.02837
-22392.273688,38,7246.942639
-27365.711806,41,7247.920288
-20329.973336,37,7248.870649
-11556.577075,27,7249.509435
-33481.525925,40,7250.50168
-11944.0256,28,7251.19005
-19767.182496,37,7252.098359
-16927.177068,34,7252.902767
-36620.115428,51,7254.110133
-14444.935126,32,7254.830933
-36996.452759,44,7255.871186
-11855.91,28,7256.520117
-25402.456545,39,7257.438283
-101012.962036,51,7258.670455
-18727.107669,36,7259.531796
-13637.848505,31,7260.264143
-87755.094523,49,7261.374409
-13684.255541,32,7262.137898
-33079.15657,44,7263.214544
-19726.101852,38,7264.122341
-12985.271363,30,7264.805278
-14994.797174,33,7265.585712
-18975.976773,37,7266.52368
-9855.891939,24,7267.124839
-11346.166101,27,7267.802738
-113889.316439,53,7269.066139
-96453.222772,51,7270.284909
-8401.233671,21,7270.790272
-30032.408342,41,7271.807421
-12108.854258,29,7272.482225
-11272.742924,27,7273.141662
-19944.011071,37,7274.000047
-54500.663732,46,7275.122251
-27208.432523,40,7276.102671
-101103.631793,52,7277.328969
-14595.680455,32,7278.065405
-17891.427475,35,7278.895671
-18906.890361,37,7279.75612
-18765.866911,35,7280.542144
-76314.315208,49,7281.662217
-51958.952095,46,7282.765106
-11352.800514,27,7283.411782
-8000.469641,20,7283.911551
-12390.298662,29,7284.583673
-12048.867221,28,7285.23358
-35672.112172,44,7286.253568
-14577.16221,32,7287.023345
-12891.462595,30,7287.748866
-20797.081967,41,7288.743952
-15605.384104,33,7289.509413
-52614.045739,47,7290.599722
-28042.823632,40,7291.56295
-18000.634876,36,7292.434351
-40862.517419,45,7293.508457
-43945.957613,45,7294.585898
-102681.343839,50,7295.800071
-33195.334532,43,7296.814435
-64537.732583,45,7297.884593
-19568.580793,37,7298.796648
-16922.497622,34,7299.601614
-32144.089003,41,7300.600347
-16024.660171,34,7301.418961
-14757.723305,32,7302.187881
-15365.457079,33,7302.976365
-63541.104473,47,7304.068241
-45295.886673,46,7305.168721
-37291.583535,43,7306.217503
-11157.452795,27,7306.859516
-10570.541266,26,7307.473947
-65238.496437,48,7308.605128
-21265.012226,37,7309.489119
-15607.392071,34,7310.283281
-30233.917765,41,7311.270903
-15665.426909,34,7312.069667
-11934.777636,28,7312.742099
-119582.911152,51,7313.963751
-130078.704059,53,7315.263854
-67827.517571,47,7316.412161
-16984.710533,35,7317.229981
-46212.222023,44,7318.280314
-23049.269214,38,7319.218175
-12249.996945,29,7319.91589
-50229.94228,48,7321.03634
-18215.721996,35,7321.867395
-31264.414251,42,7322.887967
-11945.060842,28,7323.570174
-49772.484142,45,7324.60856
-12838.1334,29,7325.298152
-13980.326267,32,7326.077412
-19908.410892,36,7326.92122
-25852.217317,41,7327.897503
-12100.664753,28,7328.570641
-33948.768589,42,7329.541358
-59769.203092,46,7330.627145
-20791.145369,37,7331.489987
-56743.483032,47,7332.594776
-17294.389148,35,7333.411183
-52369.019139,46,7334.506721
-87013.904915,49,7335.702163
-20024.593932,42,7336.685272
-27647.314073,39,7337.640065
-16966.053329,36,7338.499161
-28647.504062,45,7339.571529
-21351.837713,38,7340.458307
-11750.628652,28,7341.14407
-23895.832768,39,7342.076362
-18091.486566,36,7342.943851
-60390.757498,47,7344.010506
-12276.66541,29,7344.730695
-11766.021388,28,7345.403028
-20479.598167,40,7346.304952
-13287.253524,31,7347.056074
-128192.544597,51,7348.251614
-36627.563387,43,7349.245761
-17796.734159,36,7350.070344
-13197.938935,30,7350.781965
-30058.775917,44,7351.823306
-112100.626292,52,7353.048004
-30188.195335,41,7354.06078
-13939.103993,31,7354.893028
-18995.302862,38,7355.792874
-17345.651284,35,7356.595232
-11597.919294,28,7357.271184
-17805.830854,35,7358.132952
-67671.422915,48,7359.285416
-8000.443769,20,7359.760442
-16274.805725,35,7360.588775
-15436.649602,33,7361.374827
-35741.521509,42,7362.403357
-41514.58378,44,7363.455732
-45760.418993,46,7364.565102
-75815.581857,48,7365.680494
-11054.732496,26,7366.323998
-22323.709448,38,7367.201754
-23807.10145,38,7368.079636
-23837.897311,39,7369.005757
-84747.339725,50,7370.137032
-86535.728392,49,7371.289287
-78097.371199,49,7372.471825
-28519.728241,40,7373.404575
-16894.213028,37,7374.230838
-40611.575949,44,7375.261424
-43953.495186,44,7376.317924
-83332.52208,49,7377.4643
-17768.462415,36,7378.330028
-66632.328528,48,7379.476459
-16659.97862,34,7380.309248
-18573.018178,37,7381.143329
-15954.971269,33,7381.931855
-48175.858491,46,7383.011292
-56329.639371,46,7384.096732
-10876.170827,26,7384.781293
-38313.465125,44,7385.767347
-46320.302215,44,7386.794014
-18461.998168,36,7387.605019
-14384.838788,33,7388.38415
-27928.716138,42,7389.380266
-14732.550031,32,7390.123754
-26965.404899,41,7391.0676
-17097.191316,35,7391.861872
-64275.860846,52,7393.096013
-38325.072349,48,7394.207877
-14242.056069,32,7394.953289
-39603.521938,45,7396.012986
-31693.282151,42,7396.982466
-23572.819334,39,7397.858087
-17777.235667,35,7398.664111
-17265.196851,35,7399.448534
-29304.417519,41,7400.427703
-20649.595378,39,7401.293903
-18576.793541,39,7402.180824
-17358.826646,36,7402.990912
-10782.540217,26,7403.588277
-8000.347559,20,7404.078671
-17393.623939,35,7404.893365
-19921.390899,40,7405.815392
-78881.952597,49,7406.99018
-21494.381104,38,7407.845859
-83640.971937,49,7409.015802
-27999.111344,41,7409.973144
-9403.091162,23,7410.504587
-11319.062046,27,7411.114728
-13357.287763,30,7411.809719
-13407.104579,30,7412.619379
-43393.824433,44,7413.847977
-11720.160033,28,7414.655303
-52300.533838,45,7415.662508
-12694.207417,30,7416.321845
-12045.208714,28,7416.973838
-19491.988756,36,7417.837107
-81749.027753,50,7419.010575
-116657.685706,51,7420.248124
-28430.957452,39,7421.188814
-77813.717548,49,7422.335705
-17046.621436,35,7423.163139
-80782.62736,48,7424.311425
-10616.450929,26,7424.911446
-15132.632028,33,7425.716689
-28327.234091,42,7426.739964
-78934.008458,49,7427.915889
-8701.559129,22,7428.458303
-144330.539306,53,7429.747896
-78595.32354,49,7430.848053
-138465.981979,54,7432.154895
-41394.057168,46,7433.227794
-15052.238555,32,7433.973963
-66300.365766,48,7435.07409
-23700.637239,39,7435.949021
-12199.387082,29,7436.651904
-16454.038919,34,7437.357928
-8000.387639,20,7437.812446
-21153.744137,39,7438.637262
-38315.299176,44,7439.760733
-39289.722033,46,7440.783304
-33783.862323,42,7441.636973
-14572.672139,33,7442.351194
-71420.663184,54,7443.557314
-70966.153461,47,7444.621151
-73806.96186,46,7445.657883
-17971.50283,36,7446.595232
-38926.732925,42,7447.532578
-17584.771753,35,7448.314616
-52610.687857,45,7449.425071
-128541.374999,53,7450.662608
-39607.863513,45,7451.70158
-45117.737734,44,7452.820456
-16231.16622,33,7453.553978
-30615.218525,41,7454.412424
-23623.038326,40,7455.313869
-48539.768809,46,7456.358076
-26321.32901,41,7457.358731
-13955.649655,31,7458.058369
-22077.162147,39,7458.942346
-39268.34984,45,7459.963646
-29709.447123,40,7460.942069
-121368.597935,53,7462.192776
-32033.919277,41,7463.122559
-56975.369861,47,7464.230945
-34985.656211,43,7465.209596
-15317.260214,33,7465.973597
-55119.564104,47,7467.048862
-23956.330463,40,7468.006263
-66800.273163,47,7469.022262
-34285.731853,43,7469.950971
-18669.585565,36,7508.101295
-55675.551189,50,7509.334197
-10517.932298,25,7509.9733
-37732.516749,43,7511.087542
-24790.816253,38,7511.983353
-100606.964436,50,7513.195483
-39199.925356,43,7514.253408
-36167.521257,44,7515.333363
-17952.643208,35,7516.194312
-104886.157394,56,7517.49753
-78139.106819,51,7518.763924
-15134.407958,34,7519.55901
-54779.94151,45,7520.619248
-13998.226234,31,7521.365985
-10352.717148,25,7522.032993
-19680.588252,36,7522.889734
-17121.530638,35,7523.700506
-50938.276951,45,7524.748718
-52652.18961,47,7525.824927
-14563.203753,32,7526.540361
-29297.557486,42,7527.507326
-16846.236007,36,7528.858725
-100329.407787,48,7529.87814
-55694.502941,46,7531.022285
-10564.142338,26,7531.697733
-16504.363422,34,7532.513874
-14426.827214,31,7533.191785
-22950.865845,38,7534.058406
-19034.281446,37,7534.933507
-15781.437011,34,7535.805962
-36991.006819,43,7536.928873
-24913.347707,39,7537.920377
-46239.506175,45,7538.888972
-31620.262168,44,7540.021767
-29193.28249,41,7540.994789
-14468.310903,32,7541.785335
-12319.096447,29,7542.512401
-60288.820623,47,7543.59361
-15323.795942,33,7544.353131
-18058.152686,37,7545.14929
-12628.607958,29,7545.857073
-24772.818825,40,7546.919521
-85445.512685,50,7548.111931
-63002.08041,47,7549.138428
-28463.805453,40,7550.054016
-50551.23566,45,7551.114104
-15139.011269,32,7551.851611
-15610.506701,33,7552.626233
-94943.349265,51,7553.846594
-45047.234856,46,7554.907242
-40419.925029,44,7555.977125
-20638.840335,38,7556.853638
-24777.841241,40,7557.875356
-10864.755017,26,7558.533571
-11078.01386,27,7559.254216
-15145.945486,32,7560.035745
-27365.346891,40,7560.894296
-41677.133641,47,7561.935033
-25941.451133,40,7562.836219
-52974.067768,46,7563.965575
-54606.197888,46,7565.027297
-51130.245769,46,7566.239409
-39918.171887,42,7567.249334
-32249.31568,41,7568.203937
-16564.469953,34,7569.035029
-34726.256497,45,7570.067868
-67292.523563,51,7571.262912
-23134.359108,39,7572.225031
-42939.531693,43,7573.252812
-34047.177257,43,7574.303039
-11812.568614,28,7575.022886
-22620.941234,38,7575.944052
-41276.347586,45,7577.009021
-15901.699608,33,7577.783515
-42625.094745,43,7578.809973
-18226.186257,36,7579.760272
-19051.992358,38,7580.959768
-54288.259847,46,7582.134101
-19535.972205,36,7583.01495
-15229.233943,32,7583.885903
-76201.897761,47,7584.946621
-96188.285812,50,7586.00484
-48325.732394,46,7587.079553
-9504.791368,23,7587.622166
-15292.921144,33,7588.395334
-45888.169355,44,7589.464052
-57124.065526,47,7590.539751
-21639.602683,38,7591.436535
-28757.721373,39,7592.390937
-18019.043938,35,7593.269424
-31144.535494,42,7594.279331
-9153.17542,23,7594.797528
-21591.043312,43,7595.758546
-61299.776582,47,7596.852286
-27761.38735,39,7597.786901
-15515.270473,33,7598.652557
-92705.75692,49,7599.880736
-68630.017974,51,7600.980336
-12302.076382,29,7601.649866
-45344.380133,45,7602.689005
-17941.288002,36,7603.564217
-13164.148137,30,7604.282888
-11973.948607,28,7604.914104
-64948.477981,48,7606.06022
-23990.04497,38,7606.934531
-12612.993226,29,7607.691757
-18213.012617,37,7608.598042
-41515.318992,44,7609.642062
-17988.70471,36,7610.569669
-102493.089012,50,7611.760105
-26675.796697,40,7612.663091
-15324.724559,32,7613.459009
-33855.361129,42,7614.428974
-37679.397607,43,7615.455626
-36619.374139,42,7616.461126
-10623.696653,26,7617.03517
-117532.703066,51,7618.210525
-9553.466939,24,7618.779424
-15451.79072,33,7619.705562
-15663.511869,33,7620.625054
-25824.69645,42,7621.56293
-19026.838879,37,7622.360226
-43668.57298,45,7623.356358
-61313.047231,52,7624.62338
-16657.715019,34,7625.48019
-9752.496441,24,7626.034218
-18747.428631,36,7626.939965
-22374.854233,39,7627.832021
-27132.384783,43,7628.88542
-17893.338937,36,7629.763954
-12497.588557,29,7630.406029
-98936.643504,50,7631.52903
-12220.453357,29,7632.332047
-54554.327758,49,7633.400183
-15849.910256,33,7634.136194
-16268.287736,34,7634.855191
-14748.215128,32,7635.657746
-28452.22712,41,7636.640926
-90195.9648,50,7637.758175
-10927.226317,26,7638.41405
-14099.670007,32,7639.13059
-14881.899306,32,7639.833239
-82121.561091,48,7640.9213
-59047.653418,47,7641.939452
-16838.703218,34,7642.760504
-14384.522936,32,7643.514948
-134954.09176,52,7644.748512
-18169.194268,34,7645.512685
-72635.457198,48,7646.621121
-13307.928963,30,7647.408638
-20290.835822,37,7648.280957
-11463.893025,27,7649.001231
-19981.95739,37,7649.873795
-15430.242343,33,7650.506562
-32221.429176,43,7651.387651
-11639.443558,28,7652.009501
-32234.575505,42,7653.005563
-16068.349348,33,7653.728669
-76417.090277,48,7654.919312
-41831.138248,45,7655.978906
-22108.214015,38,7656.899584
-30078.700222,40,7657.81417
-11564.818876,27,7658.418331
-28308.660209,41,7659.401554
-45564.912491,46,7660.58873
-46587.278419,45,7661.610022
-14252.696217,33,7662.589132
-23405.77053,38,7663.476532
-11935.130917,28,7664.148385
-37406.080866,43,7665.072846
-27380.553708,40,7666.17551
-15987.688769,34,7667.065503
-13079.87819,30,7667.774868
-12614.050679,29,7668.49108
-17965.950573,35,7669.445514
-12906.096247,30,7670.222654
-11189.335128,27,7670.946224
-47119.118466,45,7672.080952
-15725.412732,33,7672.90927
-100645.174442,50,7674.168788
-25810.686342,40,7675.246651
-9456.47274,23,7675.823815
-20751.81776,37,7676.709433
-35666.372661,43,7677.793905
-96248.947381,51,7679.324745
-10161.021948,25,7680.259294
-17018.903781,35,7681.061386
-29679.575027,41,7681.962543
-10211.826226,25,7682.472492
-28533.6831,43,7683.446515
-14370.014319,31,7684.165187
-52059.738401,46,7685.224278
-17719.972162,40,7686.200598
-16638.809771,34,7687.160203
-10826.525222,26,7687.787589
-28087.876375,41,7688.777236
-47165.360023,45,7689.914326
-53542.13947,47,7691.065534
-14397.976588,33,7691.852267
-24671.459774,38,7692.811722
-13559.365746,31,7693.619616
-35372.026409,42,7694.609518
-15691.367232,33,7695.397979
-109001.537285,52,7696.513895
-19319.878978,40,7697.448689
-12409.301287,29,7698.123728
-70681.053658,49,7699.286192
-16217.924133,34,7700.240637
-25552.396769,42,7701.222586
-100342.286432,50,7702.289384
-21678.768985,37,7703.176873
-19919.022609,41,7704.033448
-43951.870295,45,7705.054927
-13013.556368,30,7705.769469
-22611.110711,41,7706.665972
-59483.678173,62,7708.083261
-30421.947446,42,7709.098676
-102627.375517,51,7710.335171
-41395.280287,45,7711.304904
-13184.456932,30,7711.943036
-13023.115319,30,7712.556914
-11189.329237,27,7713.125922
-14322.725436,33,7713.850797
-13135.840904,30,7714.602192
-102387.29421,50,7715.78472
-11252.627138,27,7716.464138
-43503.82848,45,7717.623497
-45566.984215,48,7718.78604
-36264.87542,41,7719.675616
-31275.120524,43,7720.710599
-32541.32902,42,7721.719937
-22173.69696,39,7722.601202
-31465.73216,41,7723.568951
-19565.740948,37,7724.421663
-10506.239048,25,7725.012224
-18384.686727,35,7725.875017
-18112.844107,36,7726.63669
-39151.489875,44,7727.743972
-32077.259589,43,7728.787351
-9904.453983,24,7729.273944
-25882.357945,41,7730.312366
-12501.836201,29,7730.987518
-29643.98008,41,7731.919157
-12559.257352,29,7732.824636
-17555.554553,35,7733.890381
-16574.58083,35,7734.906724
-17439.729977,35,7735.735024
-13945.322732,31,7736.474571
-84356.066636,49,7737.653262
-35720.693051,42,7738.9875
-38658.631524,48,7740.59195
-15824.249492,34,7741.514591
-15235.70037,33,7742.246988
-25339.209504,39,7743.314711
-35044.297632,42,7744.331711
-37423.520324,44,7745.500902
-9601.963708,24,7746.062199
-22730.568784,39,7747.014127
-13697.572315,31,7747.751254
-17994.778795,35,7748.521817
-14666.384208,32,7749.423414
-20837.801568,37,7750.51498
-88338.222607,49,7751.592815
-13204.156285,30,7752.276515
-94476.203711,49,7753.537283
-51480.085829,49,7754.978292
-32500.121086,42,7756.121905
-16840.458629,34,7757.013484
-24056.508991,38,7758.154418
-14307.735862,32,7759.075404
-34723.106385,44,7760.233501
-26737.893498,39,7761.359369
-12839.199221,30,7762.193512
-58009.275346,46,7763.233285
-86407.228406,52,7764.445393
-13236.229662,30,7765.351918
-37054.842883,42,7766.388608
-16772.872569,34,7767.168955
-12343.252415,29,7767.876088
-13546.033082,31,7768.603202
-20080.685446,37,7769.541549
-9856.377287,24,7770.167709
-60477.682804,45,7771.187123
-47254.587709,45,7772.480066
-42246.159223,45,7773.619779
-13399.672792,31,7774.383318
-11477.200121,27,7775.088459
-32155.558745,42,7776.351467
-86357.942857,52,7777.948186
-13627.373854,31,7778.763663
-15573.585009,32,7779.602488
-45579.782715,45,7780.74899
-13093.886652,30,7781.551662
-34089.986612,42,7782.729769
-12498.829884,29,7783.559473
-20455.5169,37,7784.492479
-30513.433524,41,7785.520245
-14275.340072,32,7786.305837
-23478.756975,39,7787.304779
-41141.74,44,7788.460143
-16944.559683,35,7789.382958
-37807.377262,43,7790.458034
-12154.557117,29,7791.178691
-14176.197709,31,7791.987657
-35872.310436,44,7793.065212
-98772.547981,49,7794.248168
-38193.149972,44,7795.279846
-30824.468929,40,7796.285166
-14562.046605,32,7797.095896
-13025.666753,30,7797.847416
-34941.807334,43,7798.980983
-46397.764122,44,7800.129299
-21732.652863,38,7801.128218
-16868.500644,34,7802.049695
-34150.920334,42,7803.105047
-14747.692018,32,7803.95604
-9304.838193,23,7804.533852
-14403.59441,31,7805.312251
-24463.453509,39,7806.309805
-106887.72889,51,7807.511145
-52659.981107,45,7808.795071
-93082.379669,47,7810.21481
-68979.293048,47,7811.621858
-13181.074495,30,7812.55435
-21700.107793,39,7813.776521
-19895.348675,38,7814.930732
-16419.348272,37,7815.902875
-14191.535712,32,7816.762916
-17643.697952,36,7817.71673
-95906.49964,49,7819.084591
-35976.472202,43,7820.227391
-18106.496863,36,7821.136174
-13925.680271,32,7822.000955
-16022.10246,33,7822.89511
-12260.308259,29,7823.577138
-20361.670095,37,7824.513369
-17852.803482,35,7825.337267
-22647.07689,40,7826.450383
-35906.517315,43,7827.989599
-17958.04693,35,7828.821235
-16185.621764,35,7829.675249
-45646.924229,47,7830.885782
-15875.555612,34,7831.680864
-33296.769627,43,7832.826811
-118394.732229,57,7834.249811
-20608.278403,37,7835.220115
-10713.314801,26,7835.849541
-17416.498521,36,7836.773565
-133764.23248,53,7838.160898
-69209.114522,48,7839.355489
-54991.684372,49,7840.601605
-21845.60363,38,7841.557811
-78187.574089,50,7842.730696
-13502.154414,30,7843.474754
-36606.689805,43,7844.454416
-65657.805145,48,7845.603722
-23849.313308,39,7846.646112
-19905.278591,38,7847.546095
-59080.722442,46,7848.636946
-22679.727376,39,7849.551805
-12929.987891,30,7850.321177
-19111.298007,36,7851.134212
-11642.118867,28,7851.835408
-18823.335225,36,7852.702018
-44578.604989,46,7853.744085
-27612.600914,40,7854.721858
-25863.654742,43,7855.739483
-48316.029163,43,7856.779046
-14239.53322,32,7857.529275
-61035.344598,47,7858.591989
-48665.329672,46,7859.670912
-17982.604911,35,7860.480227
-11621.124622,28,7861.138358
-90293.305062,51,7862.418224
-73110.639651,47,7863.586976
-13662.086091,31,7864.304918
-64035.244264,48,7865.529359
-16653.121576,35,7866.344353
-15170.778759,32,7867.142794
-12343.798355,29,7867.866708
-14522.819365,32,7868.70988
-25533.824497,40,7869.69102
-38138.293885,42,7870.77167
-11413.085357,27,7871.396307
-13382.769616,31,7872.148076
-23181.62362,38,7873.015997
-73628.3144,48,7874.162025
-114957.054495,49,7875.376464
-35787.021239,43,7876.430323
-98104.923067,51,7877.567791
-29933.880315,41,7878.7062
-15568.140314,33,7879.498034
-11308.407506,27,7880.182913
-27586.649169,41,7881.142986
-15336.158171,32,7881.916749
-97694.848613,49,7883.166145
-26254.373913,39,7884.150382
-17384.391491,34,7884.972883
-38897.455575,53,7886.298467
-16426.491295,34,7887.150949
-10709.057515,26,7887.782195
-9754.184799,24,7888.400159
-15252.866444,33,7889.288202
-78669.068912,50,7890.568035
-10556.390475,26,7891.237666
-30169.574268,42,7892.331806
-16370.870663,34,7893.148089
-13557.521972,31,7893.891431
-79345.070012,49,7895.14192
-20074.713425,37,7896.125835
-13333.328955,31,7896.863193
-15896.364413,36,7897.747894
-18307.232874,36,7898.712648
-43540.301252,46,7899.873995
-40811.51131,44,7901.008871
-35735.830439,44,7902.106624
-17072.723156,36,7903.077065
-26365.677997,41,7904.077231
-14050.307675,32,7904.854868
-47061.726476,45,7906.106102
-35301.789052,43,7907.237242
-59815.484584,46,7908.234752
-102596.460497,52,7909.413739
-27848.943169,40,7910.325927
-57177.65614,47,7911.468671
-68856.653727,50,7912.648969
-47809.516496,46,7913.839082
-30730.614986,41,7914.918813
-17042.065563,38,7915.935201
-78362.510391,50,7917.092337
-12239.754914,29,7917.860292
-27589.060932,40,7918.829469
-26705.010534,39,7919.70888
-29997.045931,41,7920.772259
-13325.081751,30,7921.545703
-31689.879187,41,7922.495043
-11569.004935,27,7923.205617
-22953.442121,39,7924.129754
-72614.323386,47,7925.255476
-77395.419436,50,7926.559567
-20898.65001,38,7927.547367
-21285.060832,37,7928.506593
-32279.902305,42,7929.561614
-22528.089616,38,7930.525585
-13214.432131,30,7931.239127
-17940.608489,37,7932.187124
-47151.667605,43,7933.298059
-26748.088022,40,7934.213116
-13934.049338,32,7935.001353
-40711.818556,43,7936.065025
-68613.156391,47,7937.229485
-10615.795519,26,7937.867085
-37563.060917,42,7938.920104
-28874.351266,40,7939.904954
-17682.909151,35,7940.615728
-12541.181057,29,7941.45447
-34045.761501,42,7942.54594
-17320.026769,36,7943.408069
-73803.291185,48,7944.605592
-13712.23927,31,7945.384197
-39496.425542,43,7946.457637
-63509.842983,48,7947.599742
-16066.881423,33,7948.32249
-58512.79101,49,7949.559752
-12835.048815,30,7950.337017
-38220.320239,45,7951.551107
-9304.574692,23,7952.096829
-10453.014627,25,7952.68897
-39896.813816,43,7953.663298
-64989.37069,47,7954.798813
-34820.973865,43,7955.874181
-16878.777068,35,7956.675984
-20769.608707,38,7957.732919
-34504.458937,43,7958.860321
-14543.794939,32,7959.630354
-30927.430414,42,7960.587674
-11017.905512,26,7961.222069
-133570.675407,52,7962.553396
-24857.712408,40,7963.635477
-12131.737403,28,7964.319181
-13385.761483,31,7965.047995
-14816.329231,32,7965.890576
-16082.050827,33,7966.733077
-11469.602123,27,7967.384049
-39190.248095,42,7968.371621
-83226.915269,47,7969.481664
-86486.215724,58,7970.821031
-95004.726672,51,7972.05511
-16598.343747,33,7972.788079
-11458.538617,27,7973.399878
-20547.538018,37,7974.288274
-42328.487615,44,7975.377879
-105744.562058,49,7976.664803
-29373.659483,41,7977.713539
-40725.775096,45,7978.788793
-38814.550805,51,7980.030796
-20132.284758,37,7980.982702
-12016.969896,28,7981.636899
-55762.426712,46,7982.819357
-87276.616971,50,7984.07598
-28761.947725,41,7985.091082
-16389.6385,36,7986.04056
-10888.450675,26,7986.64424
-19340.324862,38,7987.646058
-40949.729414,44,7988.744863
-10722.028804,26,7989.418454
-88135.176095,50,7990.725536
-14528.712101,33,7991.50516
-22956.370211,39,7992.552195
-43848.635054,44,7993.675087
-15855.159665,34,7994.579287
-24020.723993,39,7995.551636
-15144.92533,32,7996.321038
-10706.881494,26,7996.968013
-62438.479939,47,7998.041869
-36305.576009,43,7999.067291
-13317.619627,30,7999.816879
-74227.677418,50,8001.047462
-10061.781051,25,8001.609229
-28043.489927,41,8002.660758
-66650.124227,47,8003.845258
-21836.657425,38,8004.867291
-18511.26413,37,8005.79398
-21242.063638,38,8006.716378
-12494.696617,29,8007.494954
-47819.035779,44,8008.660689
-10709.667949,26,8009.323042
-19334.662643,37,8010.389636
-55655.525458,47,8011.572958
-109108.425582,50,8012.795938
-40537.414199,44,8013.982836
-18021.390279,36,8014.944522
-27113.021419,40,8015.966825
-21403.584151,38,8016.911384
-19754.428117,39,8017.869113
-16591.02013,34,8018.74284
-58466.89676,48,8019.959408
-111989.045989,52,8021.264118
-21368.912654,38,8022.225105
-13273.085005,30,8022.974264
-35071.374374,44,8023.960521
-43357.122,45,8025.157895
-53968.719986,47,8026.514871
-16888.755208,36,8027.512505
-62959.760125,46,8028.630966
-19747.855701,38,8029.554368
-105911.999091,51,8030.961012
-35591.86215,42,8031.998586
-30206.972492,41,8032.919542
-14538.276064,32,8033.692876
-22164.43507,38,8034.576684
-17378.136126,35,8035.417134
-32734.757692,42,8036.530988
-12012.888007,28,8037.269941
-24859.831573,39,8038.318024
-14791.588138,33,8039.164855
-20806.662504,38,8040.116261
-16656.404287,34,8041.150455
-9052.783068,23,8041.696242
-13875.456617,31,8042.586115
-11156.181553,27,8043.294405
-27774.426923,41,8044.238215
-49858.351489,46,8045.374213
-22175.428619,37,8046.243345
-11690.526726,28,8046.965662
-36267.823269,43,8047.985825
-31804.470105,40,8048.957825
-14381.919042,32,8049.705996
-66909.266893,48,8050.923973
-20107.946257,38,8051.881869
-18264.946997,36,8052.849043
-13491.825752,30,8053.633796
-50443.048355,47,8054.865326
-39083.796012,44,8056.049011
-25735.74327,40,8056.992113
-60564.477223,47,8058.075035
-45880.340478,45,8059.155749
-30869.688171,41,8060.243865
-10722.559376,26,8060.914825
-14726.825621,32,8061.665355
-82978.689142,49,8062.866786
-14841.178586,33,8063.685425
-22774.380572,39,8064.728443
-14737.328607,32,8065.517414
-21426.053006,38,8066.501325
-73975.909785,47,8067.711489
-20669.711235,38,8068.665335
-26710.495044,42,8069.702129
-25776.656541,39,8070.709943
-64610.789884,48,8071.845094
-22802.484289,38,8072.688341
-48216.727246,54,8073.967365
-40444.055034,43,8075.073398
-24535.0366,39,8076.065786
-76633.211666,48,8077.299429
-29368.778096,40,8078.305461
-28885.873788,41,8079.486192
-22187.397167,38,8080.4899
-27729.795127,40,8081.47869
-43173.017855,46,8082.622555
-39334.706804,43,8083.74802
-14652.215347,33,8084.551179
-29927.11793,45,8085.72172
-14182.678538,32,8086.483546
-27958.865954,43,8087.588261
-53584.551658,46,8088.67914
-13508.839583,31,8089.397591
-13636.797207,31,8090.138863
-78135.246572,48,8091.270879
-23229.182194,39,8092.325999
-33445.424416,42,8093.419407
-18767.301926,35,8094.299323
-29016.252891,40,8095.265258
-9604.618919,24,8095.806679
-18737.448202,37,8096.661521
-12394.392912,29,8097.428105
-13697.59296,31,8098.248674
-11984.418167,28,8098.98859
-23102.68945,39,8099.97778
-36316.403316,44,8101.012973
-31095.514071,41,8102.046674
-9202.917142,23,8102.57273
-22933.608501,38,8103.567987
-13618.796621,31,8104.235286
-43375.628649,45,8105.345309
-37667.110834,45,8106.416915
-33911.196538,43,8107.510974
-38642.333025,43,8108.529852
-44424.599471,45,8109.631061
-91011.737474,51,8110.921071
-16319.375241,33,8111.644897
-15236.654551,32,8112.362976
-20655.539243,38,8113.506032
-16463.113257,34,8114.344382
-18772.176331,36,8115.102723
-28793.807825,42,8116.023177
-33484.19892,42,8116.974966
-46613.458224,46,8118.106906
-30642.049234,41,8119.16237
-50964.881442,46,8120.206471
-32640.095326,43,8121.226405
-65129.801005,48,8122.364105
-18382.143493,35,8123.254281
-38104.073242,44,8124.343987
-64847.784993,48,8125.637044
-62429.89504,48,8126.846698
-29935.029906,41,8127.874677
-23259.909428,39,8128.793472
-106612.30287,50,8130.007633
-52603.825064,46,8131.112468
-8000.235681,20,8131.61318
-34954.780784,43,8132.553956
-73627.328907,48,8133.716387
-83903.253288,50,8135.11156
-33482.391798,42,8136.149978
-37240.211344,44,8137.219705
-11551.811177,27,8137.928166
-39180.045981,43,8138.91539
-28153.645543,40,8139.815366
-65103.552514,47,8140.941727
-11545.636809,27,8141.576146
-10568.750013,26,8142.155591
-40050.523376,43,8143.172955
-17483.209989,36,8144.021147
-56469.923071,47,8145.242734
-24374.802536,39,8146.224098
-33069.959038,41,8147.240381
-12889.455537,30,8148.025424
-58435.673385,47,8149.122348
-11799.026991,28,8149.745836
-29995.066539,41,8150.69744
-48836.803274,44,8151.840745
-12199.230699,29,8152.599737
-34760.858088,42,8153.741249
-13606.381061,31,8154.503381
-44261.662557,46,8155.630007
-71744.777831,48,8156.865762
-12917.450188,30,8157.641957
-21616.663658,38,8158.61229
-19741.451735,36,8159.564379
-14148.993253,31,8160.427433
-11033.341168,26,8161.10593
-25739.191131,41,8162.088231
-13695.375836,31,8162.843989
-10930.496218,26,8163.499515
-40339.137878,45,8164.733059
-55246.483167,52,8166.301209
-66528.337305,47,8167.528854
-142776.622768,52,8168.801867
-73458.748381,48,8170.034581
-15167.440002,33,8170.788622
-96963.713118,51,8171.973326
-23286.8015,39,8172.998509
-35994.890321,45,8174.203736
-85972.152046,49,8175.46414
-44838.244965,46,8176.62708
-15472.522485,35,8177.573002
-16540.602735,35,8178.436163
-34830.842303,43,8179.483013
-15350.396928,33,8180.290451
-138147.122287,52,8181.6046
-48814.296778,44,8182.618578
-12858.382255,30,8183.357834
-21595.372383,38,8184.301585
-18447.398903,35,8185.035404
-88458.994389,49,8186.163058
-15577.366504,33,8187.141875
-8000.772321,20,8187.683988
-15453.45277,32,8188.532311
-89098.780309,50,8189.706138
-16472.220086,34,8190.493976
-38942.497196,42,8191.555215
-29215.328295,41,8192.52293
-14105.896766,32,8193.340712
-15258.664873,32,8194.11739
-22773.120397,38,8195.065755
-13955.191358,31,8195.778259
-12177.344833,29,8196.440201
-27519.641559,43,8197.487483
-27019.513005,41,8198.45909
-49763.822819,44,8199.595947
-29823.476392,41,8200.689379
-25555.804111,39,8201.699569
-14363.613177,32,8202.497398
-30947.250136,42,8203.503522
-35334.368737,44,8204.596054
-8001.155336,20,8205.121929
-11599.10346,28,8205.803809
-53079.161686,47,8207.063832
-8000.379938,20,8207.541833
-16786.136388,36,8208.429229
-44263.933541,44,8209.49236
-22080.346662,39,8210.446877
-14081.086049,31,8211.241768
-21755.129238,38,8212.205697
-10666.503297,26,8212.785645
-15649.826984,34,8213.659991
-27804.743574,40,8214.652273
-93392.699494,48,8215.759105
-100235.703413,50,8216.982419
-19092.169866,38,8217.924513
-19436.212606,37,8218.884281
-41608.878911,44,8219.822556
-12811.640831,30,8220.459597
-65764.697788,48,8221.54651
-11985.841022,28,8222.248475
-25169.754467,39,8223.381499
-25984.043762,40,8224.305758
-47191.082137,46,8225.360956
-49574.655299,44,8226.440141
-53339.435231,46,8227.681215
-17652.569795,35,8228.509326
-16532.167731,34,8229.321401
-25168.264979,40,8230.332534
-16879.903858,36,8231.176592
-36678.527845,42,8232.362608
-21692.434478,41,8233.544089
-44938.916562,45,8234.666865
-36390.264617,44,8235.668711
-55636.147094,46,8236.677046
-35235.474463,44,8237.724052
-34763.674309,43,8238.728095
-21402.584894,37,8239.642287
-89941.759533,48,8240.798735
-133545.447233,52,8242.038757
-21914.847363,38,8242.998803
-16383.175099,34,8243.756541
-10525.735523,25,8244.374561
-13790.653744,31,8245.233518
-13365.098712,31,8246.049515
-17588.143634,35,8246.895118
-43789.235503,46,8247.980786
-13996.743343,31,8248.709106
-24244.183118,39,8249.687012
-10614.358088,26,8250.350062
-13230.358947,30,8251.12462
-27362.366817,39,8252.085373
-22661.236306,37,8253.0335
-16808.280392,37,8253.961223
-116821.52495,52,8255.290989
-71859.573667,50,8256.611833
-9202.867946,23,8257.184363
-17828.223555,36,8258.049109
-23121.821117,39,8259.012573
-12004.270637,28,8259.714083
-23885.594772,43,8260.907275
-120441.820961,53,8262.31206
-28307.708714,45,8263.438035
-44588.930865,46,8264.588721
-44667.496556,43,8265.670048
-21760.217058,38,8266.604556
-30889.408926,41,8267.611906
-10207.462923,25,8268.20177
-29770.266698,41,8269.220128
-12947.707344,30,8269.896753
-18992.193216,36,8270.725639
-14384.294531,33,8271.521108
-47170.219675,44,8272.56373
-58435.940089,47,8273.755487
-16987.442157,38,8274.73299
-35791.071532,43,8275.938111
-13849.293219,32,8276.652887
-15119.561628,32,8277.509615
-33981.974134,43,8278.592915
-16116.195812,33,8279.477286
-24796.464466,40,8280.447772
-44897.478351,44,8281.423526
-13938.686422,32,8282.177092
-53673.207414,46,8283.316058
-52925.979945,46,8284.49707
-40025.174249,42,8285.5308
-12933.872419,30,8286.274246
-42919.445951,46,8287.394161
-9854.266253,24,8288.078952
-21822.451395,38,8289.026166
-18469.94089,36,8289.864343
-14175.865794,32,8290.695085
-92935.867906,51,8292.028522
-15182.575879,32,8292.82388
-75845.068959,47,8293.972418
-19826.49382,36,8294.892365
-17553.247618,35,8295.773785
-20944.611275,38,8296.688223
-8000.543725,20,8297.194327
-21177.829306,38,8298.081632
-56189.115393,46,8299.170181
-11478.361901,27,8299.805869
-32523.917526,42,8300.821097
-16113.592958,34,8301.623739
-22213.155437,38,8302.568569
-17850.028387,35,8303.403074
-11134.176303,27,8304.089603
-9304.09877,23,8304.595906
-54331.296492,46,8305.758939
-16648.272531,36,8306.641006
-8000.388799,20,8307.141394
-16222.306597,34,8307.97444
-69972.718412,49,8309.145886
-21470.437322,38,8310.113453
-22384.606159,38,8311.095115
-47202.50733,44,8312.187622
-27161.132431,39,8313.167469
-38243.007915,43,8314.189582
-90461.566052,50,8315.353393
-15326.520425,33,8316.261517
-24354.917537,38,8317.266606
-68025.780318,47,8318.484599
-37737.595498,43,8319.630568
-55523.019558,45,8320.703905
-22851.498298,38,8321.692511
-11907.986163,28,8322.39807
-13604.280465,30,8323.124321
-8000.505721,20,8323.616892
-13410.05499,30,8324.385912
-16679.172058,34,8325.284648
-14051.868214,32,8326.159019
-72542.337899,49,8327.35928
-62233.709853,48,8328.584575
-78301.966836,48,8329.746907
-19358.495897,36,8330.599298
-11291.120135,27,8331.27182
-27764.975924,41,8332.28768
-14472.256914,32,8333.062432
-24538.559735,39,8333.882076
-36928.600548,43,8334.794274
-28983.998985,48,8335.875542
-32128.592951,43,8336.854729
-27252.14709,40,8337.818395
-21679.774706,38,8338.760322
-106816.151521,51,8339.95095
-14768.248468,34,8340.733311
-17481.075976,35,8341.586091
-102837.849451,51,8343.023435
-11027.400784,26,8343.65737
-31776.846631,42,8344.608499
-14048.04653,31,8345.338662
-23075.523321,39,8346.318858
-36973.638882,42,8347.2804
-15386.140632,33,8348.047396
-31615.810363,41,8349.021313
-18385.75345,36,8349.882213
-121681.206804,51,8351.132039
-24057.635562,39,8352.139117
-17591.504438,35,8353.008355
-27752.759258,40,8353.990742
-34655.086922,41,8355.026187
-9603.530115,24,8355.604013
-14524.021795,32,8356.349553
-12130.475641,28,8356.962268
-20891.929445,37,8357.859389
-17964.136097,37,8358.748324
-27737.216902,40,8359.754494
-14534.252298,33,8360.553574
-30065.651858,40,8361.534851
-13637.848073,31,8362.343482
-33269.303505,40,8363.358523
-48740.523932,45,8364.473515
-8851.374535,22,8365.035872
-23362.915901,39,8365.969398
-88018.66664,49,8367.144839
-28973.605502,40,8368.251431
-118001.227214,51,8369.549191
-13574.246057,31,8370.357332
-31469.17122,41,8371.468586
-48925.403079,46,8372.524641
-16267.021681,34,8373.288879
-13872.184429,32,8374.011775
-55208.483508,46,8375.059317
-64750.67568,48,8376.320229
-13655.698676,31,8377.035786
-80693.402296,49,8378.336446
-14841.781723,33,8379.083574
-14054.18534,32,8379.773631
-27397.001012,40,8380.72738
-53901.788502,47,8382.08624
-29953.220025,40,8383.050111
-32003.210286,42,8384.078441
-12914.18304,30,8384.802161
-65297.019446,48,8386.031035
-20854.145074,37,8386.959963
-12920.262124,30,8387.693549
-73186.688458,48,8388.878147
-52605.561915,44,8389.897479
-15980.439309,34,8390.764212
-12262.455869,29,8391.582029
-108018.728055,49,8392.846541
-21894.851602,38,8393.752671
-44676.751576,45,8394.858107
-14491.019838,32,8395.63883
-18828.540637,36,8396.476573
-26472.552756,39,8397.355508
-20995.813478,38,8398.297283
-14077.853523,31,8399.096836
-21729.376932,37,8400.045658
-14428.897138,32,8400.810244
-37731.212927,43,8401.934904
-9151.554184,23,8402.507502
-53312.74058,48,8403.762142
-9861.90439,24,8404.464445
-28056.941837,41,8405.483162
-11980.829166,28,8406.163271
-32293.486624,42,8407.069638
-31377.989354,42,8408.015791
-37611.284972,41,8409.122983
-52207.252738,46,8410.261892
-66896.356968,46,8411.457232
-14658.256855,32,8412.242711
-46966.347884,46,8413.48637
-13829.858221,32,8414.32257
-17139.377606,34,8415.152406
-25035.166852,39,8416.182935
-58743.259022,45,8417.347752
-81544.003969,49,8418.463196
-33705.298075,44,8419.681913
-12199.824476,29,8420.399875
-14736.171981,32,8421.215692
-11799.699278,28,8421.925715
-21430.648487,37,8422.816344
-88438.704189,49,8424.03727
-73556.683806,46,8425.107895
-31275.766816,41,8426.106644
-10060.092346,25,8426.703724
-16960.857503,35,8427.540926
-75633.875493,48,8428.695693
-13896.186705,31,8429.410314
-32981.900763,42,8430.611721
-34904.665053,42,8431.698878
-19431.146309,40,8432.734157
-12589.76657,29,8433.497235
-35324.213506,45,8434.610954
-10573.86888,26,8435.202227
-27933.791129,41,8436.311192
-76202.676854,51,8437.653604
-30897.366966,42,8438.684983
-23416.461259,40,8439.677331
-12905.347655,30,8440.454263
-59865.596848,46,8441.618201
-34354.388061,42,8442.669037
-17338.810653,35,8443.594384
-88408.610346,51,8444.926229
-13929.167558,31,8445.647742
-32432.279245,43,8446.769319
-40077.893484,44,8447.947736
-21360.040378,38,8448.864057
-24414.551153,39,8449.839842
-38969.091358,44,8450.851826
-21886.589179,38,8451.774534
-11301.267119,27,8452.454124
-28698.730325,41,8453.424496
-15736.777557,35,8454.296944
-25240.989486,39,8455.281584
-25649.246064,40,8456.227279
-13729.866305,31,8457.008704
-15392.069344,33,8457.840509
-58452.567052,46,8459.05809
-19327.10523,36,8459.995975
-13715.40373,31,8460.749237
-31705.636867,41,8461.764454
-37529.264729,42,8462.873344
-11290.179862,27,8463.474836
-14537.45398,33,8464.325536
-47696.6083,45,8465.499074
-47333.154088,44,8466.699416
-107915.170268,50,8467.946349
-25453.939979,40,8468.914093
-12013.608775,28,8469.566734
-27396.796374,41,8470.55382
-50521.274145,46,8471.764623
-61242.685156,48,8472.989181
-38416.98775,43,8474.119068
-17764.710657,36,8475.058303
-14001.517481,32,8475.836125
-18320.381718,37,8476.748162
-19001.226754,36,8477.67511
-82326.256849,50,8479.038462
-16375.514169,34,8479.847216
-93529.807019,50,8481.242906
-35026.034762,42,8482.2447
-19617.056711,36,8483.149444
-45548.53727,44,8484.20918
-32788.14229,44,8485.313236
-15445.913294,33,8486.147632
-20620.407826,37,8487.114246
-40422.861496,45,8488.257279
-60185.287324,47,8489.452624
-13810.608989,31,8490.18868
-21210.588512,38,8491.132288
-10372.480531,25,8491.705353
-123359.44349,51,8493.019746
-15709.357136,33,8493.814039
-40960.053524,43,8494.827734
-15828.537246,34,8495.659787
-29021.18317,40,8496.6549
-14315.713232,33,8497.520321
-24482.250042,40,8498.573367
-20973.384801,38,8499.530297
-36986.399121,43,8500.619908
-44478.581587,46,8501.834466
-66452.300138,46,8503.169329
-32638.818715,42,8504.270239
-16565.265339,34,8505.085541
-123280.40953,52,8506.377575
-24363.703261,39,8507.316236
-67298.021236,48,8508.507201
-13444.139972,31,8509.340991
-30417.175704,41,8510.340793
-32078.029856,42,8511.35551
-14311.443922,32,8512.117025
-17380.936897,34,8512.914572
-39500.945582,45,8514.17875
-15609.336874,34,8515.015297
-15405.190239,33,8515.843385
-12220.436147,29,8516.559221
-12991.911874,30,8517.365609
-43401.547158,45,8518.462085
-19143.510141,37,8519.362073
-18021.409557,36,8520.26606
-58684.399653,47,8521.490026
-16217.859443,34,8522.365355
-39401.980929,43,8523.49893
-33817.97584,43,8524.576794
-22701.682241,39,8525.565601
-29934.578441,41,8526.580349
-78300.727205,51,8527.867617
-53789.458621,46,8529.022224
-17334.354124,35,8529.919393
-19883.483639,37,8530.860831
-14799.217834,32,8531.642442
-43762.774501,45,8532.868211
-86170.009893,49,8534.020778
-65207.314446,48,8535.316995
-27285.653149,41,8536.300167
-12010.589225,28,8537.027781
-28763.424362,40,8537.975789
-19582.207228,38,8539.004442
-19440.567139,37,8539.9225
-45672.037749,45,8541.073402
-18389.846367,35,8541.99145
-78045.549802,47,8543.172956
-28044.440603,41,8544.147471
-26826.049905,39,8545.10414
-34019.207097,43,8546.198177
-41564.671213,44,8547.167463
-12525.782473,29,8547.814647
-53429.21213,45,8548.808591
-15792.189014,35,8549.603146
-56521.217348,46,8550.707227
-57563.369037,45,8551.785323
-32946.867334,42,8552.749495
-40733.176746,44,8553.801948
-15905.151535,34,8554.748825
-9302.636873,23,8555.478162
-65079.390418,47,8556.707488
-22831.158729,37,8557.558926
-67409.539782,48,8558.737153
-30952.806133,42,8559.75892
-89421.394326,49,8561.11975
-16251.559159,34,8561.989381
-29542.652838,41,8563.094665
-15201.067219,32,8563.903105
-31227.430426,41,8564.946562
-23632.84497,39,8566.034056
-24348.42454,40,8567.020496
-17582.930354,37,8567.965679
-18118.563099,35,8568.915117
-21363.06632,38,8569.953449
-11795.986048,28,8570.614033
-54053.478517,46,8571.662795
-21760.905215,37,8572.562766
-45092.394087,44,8573.58375
-16008.539042,33,8574.423782
-98763.406513,49,8575.723835
-10209.467022,25,8576.377276
-12837.218075,30,8577.111485
-11962.745595,28,8577.852795
-18029.861164,35,8578.699951
-13877.081179,31,8579.5052
-14063.193504,32,8580.23435
-50277.561439,47,8581.293781
-18012.60611,36,8582.142011
-25584.065757,40,8583.167042
-14546.981567,32,8583.995609
-113195.462476,51,8585.346533
-11831.006798,28,8586.031658
-81216.444183,48,8587.120973
-32967.635961,44,8588.063041
-32242.352606,41,8589.192155
-23863.645238,40,8590.243574
-56750.172848,46,8591.316097
-40137.454162,45,8592.351292
-12754.331838,30,8593.042415
-61073.651161,47,8594.2715
-12654.307862,29,8594.956144
-12754.242634,30,8595.614031
-32549.363363,42,8596.614141
-12122.20441,28,8597.288871
-20437.077074,39,8598.263608
-25986.281174,40,8599.224167
-56198.587798,46,8600.386751
-51259.41282,45,8601.507178
-64581.166659,49,8602.707721
-70608.129345,49,8603.851406
-27532.112718,42,8604.867171
-10061.702122,25,8605.493182
-14918.98408,33,8606.309017
-28936.791265,40,8607.307208
-18093.539017,36,8608.180939
-32146.610735,42,8609.192652
-30419.115888,42,8610.213888
-8000.521101,20,8610.681154
-24652.884892,39,8611.618657
-59308.248101,48,8612.794437
-41075.630907,45,8613.943259
-10264.985082,25,8614.57327
-17438.032523,35,8615.390454
-65398.856723,47,8616.517117
-9956.83407,24,8617.03871
-15835.691349,33,8617.782023
-29597.508908,40,8618.699983
-14359.938425,32,8619.490544
-24084.015632,39,8620.453775
-22467.690346,39,8621.488572
-55921.68375,46,8622.644146
-23037.875298,39,8623.6014
-25226.263319,39,8624.599474
-8000.358358,20,8625.17534
-9202.065675,23,8625.80591
-52085.978404,45,8626.969734
-14338.908951,32,8627.694981
-111919.865737,50,8628.939213
-43375.229613,46,8630.097584
-71457.072564,46,8631.258209
-22305.802102,38,8632.199703
-82903.58702,49,8633.375704
-26650.895658,41,8634.438609
-17326.980762,35,8635.311632
-51134.523881,46,8636.541088
-25901.440792,39,8637.502538
-40700.748247,51,8638.755465
-34063.63017,41,8639.712438
-13881.336414,31,8640.374533
-17313.136109,36,8641.263132
-69641.628417,49,8642.59866
-53995.079427,45,8643.714221
-17072.95756,35,8644.635295
-24087.541685,39,8645.55055
-27965.876038,41,8646.597661
-102008.101474,52,8647.903828
-21376.015659,39,8648.784874
-27101.741595,40,8649.783282
-32876.760899,43,8650.900994
-53798.990018,45,8652.046548
-11732.476886,28,8652.718016
-32641.485407,43,8653.743897
-23257.649643,39,8654.748075
-31397.05577,42,8655.816623
-23477.80109,39,8656.741667
-112047.382334,53,8658.18713
-20340.285673,38,8659.191088
-8000.528787,20,8659.643892
-17440.663411,36,8660.580265
-20358.672568,37,8661.502561
-112392.32904,52,8662.837441
-48720.956262,44,8663.932393
-27826.950515,40,8664.926764
-32749.189159,41,8665.982604
-13665.600845,31,8666.677244
-80405.53405,49,8667.986661
-23387.263529,38,8668.87488
-22742.156467,39,8669.833528
-34493.957688,43,8670.904112
-63247.180779,48,8672.161232
-33486.063593,41,8673.172483
-45915.959192,45,8674.283123
-13983.355203,31,8675.081287
-51672.787091,45,8676.161121
-69774.572759,48,8677.238692
-49615.972461,47,8678.322602
-54700.256964,45,8679.393044
-12280.747296,29,8680.118774
-9002.269876,22,8680.611119
-18929.984558,37,8681.518401
-24075.540703,40,8682.477471
-30058.829369,41,8683.538795
-12580.266723,29,8684.244135
-8000.330306,20,8684.717314
-22884.444509,38,8685.575069
-100484.55006,49,8686.68719
-35342.952561,42,8687.694001
-13822.263338,31,8688.48479
-29518.790156,40,8689.46151
-115320.922189,51,8690.87788
-12696.723115,30,8691.607955
-151798.275752,55,8692.936651
-111512.283248,50,8694.269392
-19820.429467,37,8695.160865
-59677.307311,48,8696.413182
-29773.180133,41,8697.470773
-26348.605566,38,8698.472624
-36098.290541,43,8699.473519
-15274.032634,34,8700.258188
-11446.773028,27,8700.939622
-16230.956184,34,8701.736361
-35376.034879,42,8702.745159
-58671.475205,47,8704.003947
-50633.965712,45,8705.140512
-36209.446612,43,8706.262849
-24739.820678,38,8707.222955
-8000.73605,20,8707.677542
-12448.082392,29,8708.356289
-120412.961359,52,8709.595652
-32454.469335,41,8710.583913
-17532.970351,37,8711.459158
-9253.348722,23,8712.052099
-140445.328792,52,8713.243084
-57214.082581,47,8714.451234
-13520.930927,31,8715.264863
-24535.675762,39,8716.31021
-71647.946647,48,8717.402021
-53752.575558,47,8718.523653
-13974.046344,31,8719.222804
-21710.477307,38,8720.079634
-34917.796184,42,8721.033449
-53565.909583,45,8722.055268
-16406.765536,34,8723.035768
-9908.922515,24,8723.592611
-46442.88045,45,8724.695362
-31963.093223,40,8725.629546
-13593.549901,31,8726.386175
-33573.553633,42,8727.523997
-13229.993618,30,8728.268125
-43562.538688,47,8729.483295
-17023.97217,37,8730.405348
-18436.125942,36,8731.385671
-73825.212588,48,8732.57709
-16942.676357,36,8733.538517
-16246.052791,34,8734.443108
-11963.848551,28,8735.102359
-22645.859552,38,8736.029493
-14958.301892,32,8736.834615
-33954.47254,42,8737.885437
-42167.360323,44,8739.010963
-19477.913929,38,8740.02833
-109858.945837,52,8741.360314
-38149.836739,43,8742.478131
-14616.080949,32,8743.302744
-23273.011915,38,8744.220445
-35692.298456,45,8745.178174
-12583.813258,29,8745.872431
-40452.831483,44,8747.046817
-12671.44218,29,8790.552307
-13472.895268,31,8791.363039
-62483.328222,48,8792.610573
-63276.352162,48,8793.841638
-11747.898506,28,8794.637089
-15307.866443,33,8795.54912
-22360.234905,40,8796.64368
-33847.742381,42,8797.663443
-25207.407307,39,8798.755163
-11710.621028,28,8799.509862
-11225.800246,27,8800.216318
-37063.237151,43,8801.362153
-22563.026051,39,8802.398138
-16830.317479,35,8803.32441
-15826.204994,34,8804.212103
-13134.015214,30,8805.000796
-37961.286655,44,8806.117992
-98763.862665,51,8807.477389
-45573.600497,44,8808.547743
-46757.713069,45,8809.641464
-16458.104038,34,8810.495482
-20638.339297,38,8811.508104
-12233.053785,29,8812.251045
-44788.321583,44,8813.331075
-24923.839359,40,8814.342582
-38429.947241,43,8815.444997
-64972.20021,48,8816.543726
-37439.83773,44,8817.595203
-10410.582825,25,8818.165309
-41705.784854,44,8819.179121
-43648.940126,44,8820.288728
-17273.626589,38,8821.293264
-24418.712076,39,8822.321249
-15384.780433,33,8823.097888
-16709.220655,34,8823.953862
-41442.416074,46,8825.193687
-9453.018625,23,8825.754674
-22646.589119,41,8826.868326
-56849.055108,46,8827.981957
-16553.894366,34,8828.747687
-43040.230782,45,8829.999249
-10473.9335,25,8830.606778
-20234.405531,38,8831.442664
-27536.265534,41,8832.442061
-52714.74013,46,8833.69149
-113765.164535,52,8835.0344
-29222.111852,41,8836.047759
-18218.597747,36,8836.827321
-16494.930041,34,8837.706583
-41624.984522,44,8838.803877
-16870.84938,36,8839.63836
-15000.549728,33,8840.457037
-20952.516888,38,8841.386259
-33507.386845,45,8842.544664
-42746.938013,45,8843.650377
-15820.045077,33,8844.50224
-43801.525125,44,8845.58607
-36876.130117,42,8846.601403
-45254.171683,45,8847.683191
-16529.373118,34,8848.477283
-37631.08171,45,8849.559474
-44310.838207,44,8850.6327
-22217.517961,38,8851.598913
-85884.526912,50,8852.769676
-13464.832131,30,8853.694553
-15936.487212,34,8854.554139
-11222.72395,27,8855.208145
-16338.070113,33,8856.071944
-8000.339759,20,8856.514157
-19341.779622,37,8857.371818
-10681.940629,26,8858.0201
-12900.933779,30,8858.743454
-28363.383965,41,8859.758958
-51663.833154,48,8860.982141
-95931.401474,49,8862.108149
-51879.533722,49,8863.230062
-87387.350764,51,8864.532151
-35951.289884,43,8865.633039
-52958.652867,47,8866.855595
-82004.432437,48,8868.071013
-11950.02071,28,8868.660833
-20223.185107,37,8869.520541
-63781.046596,47,8870.628867
-30050.358707,42,8871.647313
-73195.40408,47,8872.729535
-19318.28637,40,8873.735581
-117550.435816,51,8875.031569
-82839.424055,50,8876.312732
-43552.917315,45,8877.357406
-84651.520611,48,8878.50675
-24272.416722,39,8879.427875
-25858.307311,40,8880.340131
-13381.546012,31,8881.061617
-33392.462853,42,8882.027918
-22326.058818,39,8883.047951
-11335.120648,27,8883.640483
-36750.543154,44,8884.739453
-23418.638762,41,8885.744838
-13906.599011,32,8886.550911
-15462.226323,33,8887.43731
-12770.871173,29,8888.186456
-23933.199717,39,8889.116579
-32246.166094,42,8890.10015
-26492.883251,39,8891.16962
-14420.019981,33,8891.998048
-40145.728947,43,8893.059885
-128089.315499,53,8894.31742
-32921.255994,42,8895.357225
-51607.856063,47,8896.525922
-45582.631766,44,8897.552742
-32686.011432,42,8898.607176
-13458.154863,31,8899.417707
-10556.25124,26,8900.090653
-27778.038963,42,8901.140654
-14143.551011,32,8901.983856
-21697.464805,37,8902.885036
-18010.920856,36,8903.777121
-17271.169331,34,8904.704502
-66193.273835,48,8906.093292
-53773.934647,48,8907.188464
-31746.028978,44,8908.186841
-21168.954081,38,8909.070001
-53978.024391,46,8910.218093
-102714.676246,51,8911.491125
-21031.246803,38,8912.321592
-11339.391271,27,8912.966578
-50389.780564,45,8913.980894
-10821.446936,26,8914.531784
-40960.841242,44,8915.562394
-79399.66753,48,8916.727812
-29193.05353,39,8917.735555
-22457.345706,38,8918.753933
-79207.665495,52,8920.088503
-36681.472524,42,8921.090733
-20856.185867,37,8921.999039
-46779.97255,46,8923.033188
-17106.069831,35,8923.847116
-38926.679974,44,8924.929319
-38451.422487,43,8925.972535
-10971.63595,26,8926.563353
-76180.814815,49,8927.708584
-38387.003612,42,8928.741004
-10715.432303,26,8929.38598
-52087.390688,46,8930.522692
-15215.847024,33,8931.373109
-21952.246894,38,8932.394442
-24233.097315,39,8933.356175
-18925.277506,36,8934.273593
-13271.642195,30,8934.954276
-15722.9575,34,8935.819086
-13366.292079,31,8936.618487
-8001.273339,20,8937.17378
-19395.654209,37,8938.124698
-21914.391917,38,8939.113479
-8000.946813,20,8939.626605
-31977.020965,41,8940.62784
-24850.319139,41,8941.666552
-63823.336507,48,8942.866609
-47323.822035,45,8943.957983
-69155.725179,48,8945.208343
-16549.347679,34,8946.076226
-28748.266666,40,8947.040513
-49673.58879,50,8948.355895
-16574.530247,37,8949.249467
-35796.024507,42,8950.301818
-13800.286904,31,8951.078555
-142583.47517,54,8952.350867
-30775.836997,43,8953.596853
-8700.951313,22,8954.205204
-18861.780321,37,8955.038867
-54755.865434,46,8956.196086
-47852.980622,47,8957.366234
-19739.433679,36,8958.300249
-12926.403115,30,8959.065582
-21363.38002,38,8959.962476
-21113.348435,38,8960.875457
-20201.176172,38,8961.866143
-40543.47693,45,8963.012058
-25510.886843,41,8964.081113
-20994.929231,38,8965.091534
-11710.117477,28,8965.795056
-101567.70967,50,8967.196653
-30579.595637,41,8968.265577
-95442.828687,49,8969.449463
-50743.322712,46,8970.53157
-79717.176326,50,8971.799616
-27212.203104,40,8972.882055
-47496.69234,43,8974.047803
-11563.527496,27,8974.698653
-28333.558852,40,8975.720309
-19286.457729,38,8976.595538
-55647.82402,46,8977.701195
-52437.869919,45,8978.839957
-30786.102619,41,8979.827827
-17001.524546,35,8980.633559
-15369.790479,33,8981.418779
-17935.589042,35,8982.300775
-17177.032668,34,8983.156411
-10415.113564,25,8983.766942
-21950.581654,39,8984.731599
-15417.629168,33,8985.599731
-13936.526101,31,8986.375324
-12830.131351,30,8987.074823
-23312.668087,39,8988.064527
-18110.914727,36,8988.954109
-31073.699509,42,8990.013628
-13463.257563,31,8990.755552
-27936.219619,41,8991.703838
-48728.96454,46,8992.816125
-71544.122424,48,8994.075325
-29161.626073,40,8995.098328
-63169.795772,47,8996.307777
-19064.634661,36,8997.220201
-38424.926305,44,8998.335648
-26431.246984,41,8999.27912
-25124.181137,40,9000.29742
-78150.956483,49,9001.622101
-67158.860366,46,9002.812871
-19914.439398,38,9003.845709
-28239.609233,41,9004.806927
-69689.540906,48,9006.022804
-14422.429178,32,9006.847806
-33024.920369,42,9007.856782
-13890.910619,31,9008.631786
-11069.353385,27,9009.267664
-53988.558993,47,9010.359627
-25395.333882,40,9011.408893
-28108.068996,42,9012.470446
-47636.953751,47,9013.628598
-32007.612888,43,9014.785736
-29623.670997,40,9015.77992
-31341.448363,41,9016.8423
-12465.729684,29,9017.542655
-17481.069193,35,9018.44615
-11996.895138,28,9019.204904
-14834.6736,32,9019.949467
-13660.633556,31,9020.668826
-34308.471334,42,9021.68682
-24686.594985,39,9022.75849
-22471.09077,38,9023.803426
-30846.673412,42,9024.862177
-10727.48248,26,9025.506708
-33339.978532,41,9026.542838
-19726.737213,41,9027.65183
-18714.230604,37,9028.674643
-16746.689491,34,9029.580246
-22829.934996,39,9030.629875
-42674.694844,45,9031.708691
-13472.160528,31,9032.47654
-13092.561752,30,9033.184759
-32803.290745,43,9034.295842
-21606.736586,38,9035.289729
-15277.569821,34,9036.195628
-13741.530371,31,9036.968845
-22035.774972,39,9038.073641
-25625.273118,41,9039.174943
-22309.715001,38,9040.260664
-11216.841248,27,9040.932148
-82927.900005,49,9042.223776
-33740.349878,44,9043.272005
-14148.573837,31,9043.989873
-49077.680455,45,9045.053556
-27843.03769,39,9046.05721
-43090.452974,45,9047.231632
-17710.24135,35,9048.0252
-14737.50585,32,9048.841709
-12252.155227,29,9049.586185
-36294.887417,42,9050.630117
-15512.827059,33,9051.392432
-20905.127208,39,9052.434693
-70583.794196,48,9053.561636
-16735.168378,34,9054.360672
-38697.400741,43,9055.325342
-19547.639887,37,9056.160356
-65224.564315,47,9057.237035
-11841.360259,28,9057.897506
-37030.824365,44,9058.976609
-11034.030734,26,9059.546309
-9354.792411,23,9060.098761
-78199.176244,49,9061.237096
-105888.231502,51,9062.524678
-9754.553607,24,9063.139748
-16765.938419,35,9063.965423
-16251.564055,34,9064.721638
-40473.349657,43,9065.760752
-27860.249551,40,9066.764377
-17338.269813,35,9067.631926
-15495.058782,32,9068.400055
-20809.746895,38,9069.312022
-20720.292864,38,9070.227748
-38472.476311,43,9071.329246
-18313.333563,37,9072.325868
-40524.400007,43,9073.349584
-19228.38274,38,9074.237736
-15113.372595,32,9074.94241
-13614.620319,30,9075.687088
-10061.205533,25,9076.369518
-33548.989658,44,9077.401901
-45087.267209,45,9078.38746
-64707.473733,48,9079.492318
-25761.447431,39,9080.4033
-41175.068007,51,9081.609836
-34396.856284,44,9082.763719
-60587.977212,46,9083.884907
-26819.741,40,9084.884583
-57107.755726,47,9086.002104
-17575.538814,35,9086.720904
-55319.48776,48,9087.700994
-17057.941612,34,9088.522732
-20436.583438,38,9089.59275
-42538.560537,45,9090.591551
-21825.753228,41,9091.521996
-33285.446772,44,9092.51488
-92309.643463,51,9093.708527
-25959.774242,39,9094.617091
-18842.642536,36,9095.537854
-13950.497253,31,9096.325506
-48453.947035,46,9097.550223
-21221.576668,39,9098.474818
-40973.238413,45,9099.529706
-14797.820888,33,9100.369873
-14810.367187,32,9101.254346
-74870.282945,48,9102.562776
-41754.929584,45,9103.755189
-17274.999517,35,9104.560494
-15201.731493,32,9105.333288
-51599.032381,45,9106.448085
-14745.814351,32,9107.304953
-43677.206898,48,9108.426401
-14862.679454,32,9109.162931
-10722.455512,26,9109.782381
-28407.112404,41,9110.78289
-34485.69238,43,9111.915047
-92850.453198,49,9113.145332
-55903.45373,46,9114.347755
-19522.674249,38,9115.296763
-18809.786514,37,9116.126995
-68683.001208,49,9117.263936
-96182.483485,52,9118.527883
-54439.489741,46,9119.656371
-40765.729755,43,9120.669598
-30381.812424,41,9121.731677
-30840.129577,42,9122.702931
-14338.124818,31,9123.473748
-23061.692114,38,9124.386817
-21420.786556,38,9125.224969
-72301.285689,49,9126.468662
-16158.324391,34,9127.316549
-15505.633111,33,9128.19456
-39770.367962,44,9129.411378
-13339.91876,31,9130.206565
-18623.694214,37,9131.165645
-17294.802338,36,9132.040473
-70487.422696,47,9133.256238
-12659.529897,29,9133.922276
-31523.240874,41,9134.965486
-54974.580976,47,9136.126318
-14986.934748,34,9137.012177
-12956.213303,30,9137.746363
-14088.747938,31,9138.748679
-39901.158929,45,9139.838387
-21848.062631,37,9140.676127
-14830.353751,33,9141.439916
-80097.07907,48,9142.576976
-22605.221327,39,9143.556308
-14059.302373,32,9144.334759
-26063.84676,39,9145.371938
-12872.015209,30,9146.225169
-56742.90566,46,9147.426918
-11476.72844,27,9148.092448
-50840.806258,44,9149.113718
-63609.666456,47,9150.222445
-47968.608765,45,9151.35967
-27112.024623,40,9152.34446
-54050.981386,47,9153.406569
-28816.662014,39,9154.324746
-19735.290284,37,9155.191854
-12574.200038,29,9155.907166
-46147.325965,46,9157.010468
-16457.132868,34,9157.793386
-62779.916633,46,9159.015621
-84581.886829,49,9160.236875
-28884.400261,42,9161.268828
-59574.986747,49,9162.415828
-48451.42259,45,9163.534701
-60667.446659,47,9164.705233
-19524.574235,37,9165.670303
-77682.61305,49,9166.968507
-19630.908841,37,9167.821453
-9703.251558,24,9168.404605
-11962.615572,28,9169.096652
-62304.584864,46,9170.290944
-41437.86722,44,9171.43326
-135712.213447,52,9172.809497
-13953.619679,32,9173.613922
-95778.457589,49,9174.973885
-11506.458415,27,9175.667293
-20621.310921,43,9176.795532
-50877.155386,44,9177.987306
-92391.861015,49,9179.18652
-32411.993027,41,9180.190273
-128504.246661,54,9181.499801
-25644.382856,42,9182.478609
-15378.614149,33,9183.299819
-16769.276579,36,9184.129372
-42059.196186,44,9185.117701
-21528.50288,39,9186.036364
-15777.442774,33,9186.796009
-73179.982289,48,9188.014239
-18501.723762,36,9188.947534
-17136.934736,35,9189.822864
-14879.236992,32,9190.610775
-18602.992132,37,9191.505809
-28694.110257,40,9192.387627
-87859.459941,49,9193.608633
-20821.157807,38,9194.536184
-24258.002784,40,9195.53079
-46313.800736,45,9196.621012
-29348.790744,43,9197.639599
-59219.041145,47,9198.814403
-25362.617191,40,9199.794634
-38308.142618,44,9200.837148
-26128.986878,42,9201.977034
-15627.759437,34,9202.733077
-108015.546744,50,9204.04175
-14068.322499,31,9204.75179
-31414.848538,41,9205.626931
-10778.983246,26,9206.236713
-95672.746167,50,9207.373101
-30619.349058,41,9208.324924
-23921.346993,38,9209.200158
-11499.864588,27,9209.849697
-18403.730731,38,9210.69265
-67747.972059,50,9211.977848
-30378.713715,41,9213.160547
-53178.713568,48,9214.274609
-13355.291708,30,9215.021172
-14312.588501,31,9215.729608
-15175.9284,32,9216.496346
-60789.715729,48,9217.681255
-120243.013972,53,9219.031091
-15365.727615,33,9219.795
-11070.64906,27,9220.504189
-23089.656088,39,9221.458859
-29700.748283,41,9222.506959
-14615.429559,33,9223.238847
-47222.107276,45,9224.387739
-48434.027595,44,9225.431619
-9102.076904,23,9226.011952
-25041.413342,42,9226.910711
-14516.476743,32,9227.693869
-13810.131511,31,9228.455638
-21428.128461,39,9229.496767
-13616.490637,31,9230.289925
-50797.706633,47,9231.540005
-50561.242871,44,9232.610352
-32900.296321,43,9233.673734
-12075.981719,28,9234.330332
-36017.951773,42,9235.465116
-25894.140917,41,9236.597278
-71239.297807,49,9237.932929
-27045.264836,41,9238.981266
-35420.899613,43,9240.093426
-91295.78312,50,9241.319989
-81599.325529,51,9242.654291
-86527.497228,48,9243.83317
-72460.731206,48,9245.108073
-17772.710757,35,9245.95592
-15615.26976,34,9246.746041
-11439.068804,27,9247.404951
-11891.988751,28,9248.143524
-19762.352175,39,9249.161074
-58457.590712,47,9250.187759
-11023.148008,26,9250.739988
-15333.718876,33,9251.42176
-36880.69907,43,9252.442993
-14226.340068,31,9253.178962
-30364.081923,43,9254.221728
-24817.763255,39,9255.187968
-13374.488644,31,9255.941865
-77413.890906,50,9257.170813
-19272.477052,37,9258.053497
-79846.679981,53,9259.300042
-17339.051324,35,9260.161098
-32017.059462,41,9261.085096
-21973.870525,38,9262.111856
-148265.436521,79,9264.23432
-17239.783121,34,9265.112686
-19094.958047,36,9266.052933
-36463.180832,44,9267.199526
-24353.18276,39,9268.155224
-16472.89089,34,9269.004703
-25311.854438,39,9269.968598
-48219.515141,45,9271.120447
-30356.654683,42,9272.17394
-18775.521511,36,9273.06214
-18896.445191,37,9274.001865
-14180.613899,32,9274.82801
-88772.656671,49,9276.027883
-13478.045999,31,9276.732175
-9702.087413,24,9277.266378
-24506.841641,40,9278.287148
-17185.255845,34,9279.123405
-32480.074259,42,9280.222393
-12306.546292,29,9281.052738
-20136.652155,38,9282.012286
-129296.619148,51,9283.344114
-35914.010195,42,9284.388774
-15176.532157,33,9285.244822
-67066.644086,49,9286.450958
-10558.223304,26,9287.070999
-12550.677609,29,9287.806825
-125092.722792,52,9289.04801
-14482.384278,33,9289.804491
-56669.204785,46,9290.98742
-14572.547021,32,9291.666848
-14632.576878,32,9292.472005
-41460.177021,45,9293.638853
-14417.790438,31,9294.494307
-138248.495649,52,9295.801824
-9152.833522,23,9296.382688
-18349.787278,35,9297.234723
-25864.625361,40,9298.236737
-57940.547924,47,9299.334786
-26422.221082,44,9300.282439
-40041.7088,44,9301.284521
-11957.539489,28,9301.895892
-13649.581535,31,9302.599359
-11864.164422,28,9303.370338
-46651.563023,47,9304.438476
-13028.261627,30,9305.306926
-29165.452437,41,9306.295512
-8951.326029,22,9306.777395
-22396.520001,39,9307.734599
-40005.575998,45,9308.792564
-23088.110872,39,9309.81216
-44700.192919,46,9310.920056
-25961.915808,40,9311.940226
-14310.728102,33,9312.762115
-39981.033769,45,9313.990458
-12490.610628,29,9314.717835
-16005.726963,33,9315.539298
-26438.080662,40,9316.517463
-48873.584894,46,9317.622491
-14216.831469,32,9318.466192
-23470.912359,39,9319.402338
-18454.980451,36,9320.267605
-21417.594681,38,9321.159616
-21555.691304,37,9322.034674
-30999.103966,42,9323.055818
-102447.921672,50,9324.16477
-20756.579832,37,9325.083608
-14288.270634,32,9325.895078
-67234.703826,47,9327.056473
-12312.442505,29,9327.710482
-64135.963782,48,9328.852687
-75649.57401,48,9330.054109
-50942.923116,46,9331.043314
-19521.866746,37,9331.868673
-14245.745179,32,9332.55377
-17595.182373,35,9333.395796
-14664.767568,34,9334.23837
-25344.077059,38,9335.159006
-114376.922423,53,9336.329143
-20277.410824,37,9337.184575
-43375.37521,45,9338.293772
-49501.064294,46,9339.463994
-18580.306563,36,9340.466164
-76685.457747,48,9341.722374
-15598.398403,33,9342.540867
-22008.482238,39,9343.44957
-31832.664121,42,9344.505345
-48467.442504,45,9345.630174
-72999.550003,50,9346.890074
-40695.832828,44,9347.997177
-25135.506524,39,9348.946505
-16621.810316,34,9349.655764
-49246.653549,45,9350.76532
-14900.427619,32,9351.582113
-15771.882271,34,9352.409494
-23540.375503,38,9353.38449
-16754.773249,34,9354.200338
-14915.29614,33,9355.042334
-40541.562607,44,9356.140192
-26344.979939,40,9357.08913
-20059.378327,37,9357.952411
-14818.050101,33,9358.715427
-12268.783599,29,9359.471985
-9554.232563,24,9360.063483
-9703.883579,24,9360.64975
-80313.425729,49,9361.712464
-13449.670346,31,9362.46969
-16735.362269,34,9363.23711
-13642.256703,30,9363.969729
-13683.085722,31,9364.697453
-60082.225726,46,9365.802247
-14289.506113,31,9366.618475
-27321.588775,40,9367.546382
-80822.620038,53,9368.821853
-28460.527001,41,9369.948399
-73861.962424,48,9371.288804
-13452.291128,31,9372.016916
-10209.572306,25,9372.560899
-25582.097271,40,9373.425827
-8000.653839,20,9373.857244
-75194.985649,48,9374.916442
-42433.011375,44,9376.240587
-54359.639443,45,9377.461569
-19548.01747,37,9378.319401
-32406.728956,41,9379.310899
-10161.144005,25,9379.915066
-14562.866945,32,9380.650583
-18986.255178,36,9381.689826
-14013.837633,31,9382.402644
-40447.210405,45,9383.494762
-37275.781354,46,9384.639128
-72358.841505,47,9385.954865
-63024.895358,49,9387.213332
-16253.739026,34,9388.072853
-19688.445813,37,9388.957935
-12971.635883,30,9389.631628
-16045.263511,33,9390.373201
-109737.546933,52,9391.609801
-11316.736717,27,9392.303588
-13643.587211,31,9393.068718
-15161.701641,33,9393.906325
-21830.929919,37,9394.818527
-14411.120046,33,9395.638449
-26360.295764,40,9396.593549
-32248.31556,42,9397.585876
-16587.145711,35,9398.531323
-47460.527008,46,9399.703343
-9857.389586,24,9400.222008
-24236.134672,40,9401.420631
-43360.375775,44,9402.435856
-42151.674327,44,9403.534981
-31560.683556,42,9404.524765
-15085.351668,33,9405.341818
-11098.435406,27,9406.024005
-16114.329723,35,9406.890131
-13639.833779,31,9407.661177
-19539.340286,38,9408.691881
-43661.426058,45,9409.890933
-59196.012522,46,9411.013175
-90054.528287,48,9412.249897
-10515.402455,25,9412.892348
-8000.445503,20,9413.428444
-16879.096681,34,9414.227535
-28891.784351,39,9415.140935
-16804.513147,34,9415.955837
-13597.205774,31,9416.715468
-63606.326993,49,9417.965766
-43311.917059,45,9419.122637
-113305.270437,52,9420.384414
-45615.391887,47,9421.490598
-33864.113884,43,9422.604758
-19029.538826,37,9423.548891
-28502.693711,41,9424.590723
-15221.427176,33,9425.459599
-139707.158599,53,9426.737761
-12461.904328,29,9427.429763
-14394.685508,32,9428.229034
-12836.950322,30,9428.973488
-14839.01582,32,9429.809015
-12698.191804,29,9430.562793
-18116.041199,35,9431.454537
-63104.569217,48,9432.745437
-20521.124307,37,9433.629586
-20530.10823,38,9434.623333
-108893.64169,50,9435.80545
-72226.342718,48,9436.986645
-14825.047449,32,9437.749327
-25874.544674,39,9438.693708
-17584.164364,36,9439.530043
-74224.604109,47,9440.649949
-29366.236467,40,9441.588675
-24376.529339,40,9442.637615
-33443.43459,43,9443.811344
-90682.699276,50,9445.142215
-10984.776547,26,9445.806385
-13436.041911,31,9446.60907
-11388.219989,27,9447.317689
-53002.909562,46,9448.448956
-26470.017835,39,9449.346622
-27503.65375,40,9450.278714
-47415.109428,46,9451.436317
-120251.610164,53,9452.666106
-11796.97759,28,9453.345487
-59549.766369,47,9454.446782
-14711.986122,33,9455.283085
-35970.962817,45,9456.438095
-15069.479486,33,9457.287524
-12212.95812,29,9458.091329
-117148.009651,50,9459.392993
-45205.028958,46,9460.504156
-35320.953862,43,9461.472455
-20498.540811,37,9462.332343
-11602.49512,28,9463.038083
-28089.550807,41,9464.104831
-38063.139187,43,9465.134365
-15933.04223,34,9465.937787
-18812.770824,36,9466.781908
-30995.566345,42,9467.828918
-15243.656725,33,9468.652096
-36576.297341,42,9469.587178
-9704.022202,24,9470.189827
-18782.571145,36,9471.105684
-18005.313241,36,9471.859087
-29591.298776,43,9473.040265
-122641.190821,52,9474.294186
-15858.17933,33,9475.079802
-30621.119355,41,9476.086309
-11682.135379,28,9476.748916
-57589.167269,47,9477.931841
-13288.834923,30,9478.632133
-49906.273312,47,9479.954269
-14785.554515,32,9480.712689
-21400.197541,41,9481.779215
-13232.402853,30,9482.531378
-33982.023706,42,9483.616296
-49136.030761,46,9484.808467
-11979.669649,28,9485.480987
-20969.689715,38,9486.441746
-17139.90442,34,9487.261928
-17520.762005,35,9488.163411
-8000.718542,20,9488.690202
-16576.344208,33,9489.403042
-20574.873011,38,9490.229179
-23538.203826,38,9491.120258
-16224.747793,34,9491.93665
-23003.225298,38,9492.980339
-11604.528653,28,9493.673429
-43047.314995,44,9494.782492
-46474.51118,46,9495.935488
-16007.97411,34,9496.801871
-49533.230933,47,9497.846661
-29016.049962,43,9498.846366
-25514.794029,43,9499.85833
-22882.013003,39,9500.906497
-127298.905093,52,9502.293202
-12541.06295,29,9503.002487
-30857.09016,41,9504.004056
-126888.681643,52,9505.4014
-29846.374716,42,9506.51086
-23824.073823,39,9507.473033
-22536.634228,38,9508.470071
-30931.457048,44,9509.578085
-14951.234482,33,9510.463464
-21574.700798,39,9511.403389
-26517.391914,39,9512.393626
-102964.835727,53,9513.69616
-11176.218539,27,9514.362717
-38701.696786,45,9515.488166
-41561.455399,45,9516.638729
-55049.116922,46,9517.736242
-21207.682334,38,9518.712924
-11494.581486,27,9519.427204
-18151.769715,35,9520.319667
-15916.857423,33,9521.198094
-39507.723594,44,9522.327008
-31731.727848,42,9523.499429
-92924.128072,50,9524.752025
-15293.27905,33,9525.630389
-27535.176608,40,9526.697917
-31609.783768,41,9527.741549
-41900.115789,45,9528.834742
-17482.141011,36,9529.810381
-35828.557699,43,9530.90502
-98279.383994,51,9532.115679
-48819.679182,46,9533.218508
-22659.610083,39,9534.178151
-12715.976873,29,9534.846643
-35828.244579,43,9535.970945
-18462.682313,36,9536.94229
-14052.624907,32,9537.708457
-22428.193536,39,9538.665025
-113602.673495,50,9540.003299
-10962.821709,26,9540.555084
-68516.646036,48,9541.788131
-14583.095278,33,9542.660464
-9453.782904,23,9543.234897
-24779.315559,39,9544.097243
-26484.662182,40,9544.924173
-25630.275991,40,9545.803584
-83125.984511,50,9546.967946
-15958.770272,34,9547.73083
-32880.697449,43,9548.698952
-84719.927375,47,9549.840656
-24759.482616,38,9550.704644
-14839.496784,33,9551.481565
-33910.24526,42,9552.4249
-14357.348902,32,9553.178844
-45781.416252,46,9554.23838
-43212.813937,47,9555.327684
-14226.929211,32,9556.091944
-13521.820768,31,9556.861187
-11535.588462,27,9557.549355
-11632.940187,28,9558.185299
-116512.991036,52,9559.427717
-37602.849589,43,9560.484318
-15236.674825,33,9561.237766
-37995.724718,45,9562.249533
-14303.471673,33,9563.06708
-17204.665659,35,9563.886501
-13904.463749,31,9564.668769
-69058.236296,48,9565.84908
-24274.445366,40,9566.867091
-10107.353458,25,9567.469891
-21504.441701,40,9568.337894
-20753.64915,37,9569.257131
-40481.084401,45,9570.345153
-18711.658315,40,9571.347772
-52507.292234,46,9572.674911
-13464.51491,31,9573.511104
-102249.975313,54,9574.892095
-60466.418342,47,9575.987918
-23012.018255,38,9576.879724
-23454.906815,40,9577.944738
-55647.337111,47,9579.242145
-18196.970389,36,9580.085589
-105205.464373,51,9581.21981
-39782.436649,44,9582.244602
-19922.254484,38,9583.182474
-16401.004333,34,9584.021887
-13482.199449,31,9584.870001
-61717.501437,48,9585.993988
-38893.663953,44,9587.058826
-81226.013942,49,9588.177022
-93620.496343,52,9589.416259
-18849.987183,37,9590.449739
-40621.927255,45,9591.624265
-18384.422784,36,9592.567293
-45525.023094,46,9593.775975
-15692.789175,34,9594.585171
-24317.221519,38,9595.520953
-19568.085999,37,9596.407574
-17663.035852,36,9597.302516
-31171.644881,41,9598.335218
-17369.628232,34,9599.1959
-26851.411785,40,9600.146143
-31404.666493,44,9601.130143
-108300.898085,50,9602.387854
-22697.441045,38,9603.366709
-19868.936937,36,9604.281242
-25616.482915,41,9605.288111
-22318.823921,39,9606.310741
-23383.304989,42,9607.324035
-17908.642184,35,9608.147152
-16498.204129,34,9609.14231
-38547.760899,45,9610.524756
-44357.831497,44,9611.856242
-47894.568819,44,9613.042354
-15921.815857,35,9613.788277
-14946.160136,33,9614.550194
-25392.464157,40,9615.586477
-85087.25654,50,9616.896669
-89910.885256,51,9618.147032
-43596.526028,46,9619.359985
-29853.115381,43,9620.331118
-14437.160793,32,9621.115217
-49687.162851,44,9622.093565
-76665.160968,47,9623.347284
-75475.559339,50,9624.55228
-24001.861319,40,9625.599918
-11881.802611,28,9626.345602
-31814.261284,44,9627.405819
-118124.253118,53,9628.679125
-81802.966983,50,9629.93783
-64903.948394,47,9631.141279
-13663.041261,31,9631.849532
-81443.323426,49,9633.139169
-12066.288503,28,9633.813232
-21554.316636,42,9634.797001
-14487.795474,32,9635.56134
-18206.589672,37,9636.505288
-14888.284664,34,9637.332719
-24185.272672,40,9638.24862
-9707.716645,24,9638.847483
-31499.419513,42,9639.823546
-16821.680136,35,9640.714972
-15902.924153,33,9641.660187
-31256.562163,42,9642.668362
-39815.097501,45,9643.841285
-17521.677809,35,9644.883409
-14419.040052,32,9645.747444
-18862.368733,35,9646.633567
-12873.664626,30,9647.423678
-17024.996262,36,9648.304941
-15654.302995,33,9649.08823
-12984.458361,30,9649.765814
-13317.632162,31,9650.5582
-14560.630162,33,9651.429452
-27765.491354,40,9652.452811
-8000.356382,20,9652.938017
-9002.362576,22,9653.439378
-34921.233141,42,9654.402425
-49509.513927,46,9655.540175
-80842.306634,49,9656.795884
-42422.505281,46,9657.979416
-14272.047177,32,9658.850056
-140032.163607,52,9660.215095
-11500.355898,27,9660.919273
-10672.911441,26,9661.540244
-26627.430518,40,9662.584566
-39934.94665,43,9663.675345
-26674.656859,40,9664.655991
-10568.631884,26,9665.302731
-27651.815814,40,9666.2127
-9455.744206,23,9666.759506
-36044.867396,42,9667.778293
-16943.716605,34,9668.655324
-12244.956397,29,9669.381902
-18090.026161,38,9670.336332
-32106.446671,44,9671.497913
-48938.033214,44,9672.572727
-15488.183947,33,9673.350473
-12818.257866,29,9674.039823
-22270.972775,39,9675.040881
-21254.646962,39,9676.004445
-25139.731723,40,9677.142512
-68806.695785,52,9678.490647
-44365.600014,45,9679.678778
-127778.768649,54,9681.088743
-65586.329078,47,9682.317868
-21047.002523,36,9683.231813
-72075.778308,48,9684.316016
-14200.858482,32,9685.154208
-13596.552853,31,9685.934949
-39551.275188,44,9687.013378
-43600.692554,45,9688.157824
-12175.45482,29,9688.909202
-52649.131747,47,9690.075385
-25336.658102,39,9691.056201
-13663.913202,31,9691.742935
-19642.150337,36,9692.583521
-16251.145433,34,9693.441188
-15284.757832,33,9694.264052
-85447.790841,48,9695.493487
-34694.842781,42,9696.544986
-19073.947013,36,9697.373874
-118275.152917,53,9698.586697
-21087.877218,38,9699.492944
-82149.553465,49,9700.720674
-11012.85203,26,9701.37335
-15723.238109,34,9702.187205
-33892.637093,42,9703.207388
-76504.04338,48,9704.36752
-21635.592606,40,9705.330726
-28942.694534,41,9706.364033
-11597.210325,28,9707.087401
-10465.037801,25,9707.737382
-40539.738495,48,9708.922383
-18184.408922,35,9709.92123
-14343.114088,32,9710.728357
-20880.464292,38,9711.646775
-18685.81597,38,9712.575972
-11919.903975,28,9713.397095
-13547.760437,31,9714.150197
-12156.771214,29,9714.837473
-13713.246946,31,9715.662615
-47026.940379,44,9716.818019
-16080.512025,33,9717.644135
-28942.348647,41,9718.678747
-16480.885379,35,9719.607222
-17065.436437,35,9720.488692
-18745.346743,36,9721.482253
-13649.853565,31,9722.232408
-15382.520013,33,9723.07803
-12765.03725,30,9723.828666
-17633.402052,35,9724.772367
-11126.980701,27,9725.469113
-21012.785184,37,9726.461998
-13501.616572,31,9727.227041
-67563.756368,48,9728.436389
-22766.332107,38,9729.440599
-84860.927508,52,9730.677426
-74534.306415,48,9731.742917
-105877.469257,52,9733.030595
-17407.914844,36,9733.99309
-125855.21749,51,9735.337716
-18794.49104,36,9736.235647
-19041.789112,36,9737.164491
-14547.027698,32,9738.001566
-13951.334475,31,9738.743032
-23982.177165,39,9739.709325
-10015.110007,24,9740.320058
-10266.062727,25,9740.851346
-71632.061484,47,9741.949426
-19467.211569,36,9742.871782
-130092.61957,52,9744.20456
-17730.481672,36,9745.137757
-14826.971372,32,9745.921238
-14540.449328,32,9746.691114
-31891.708239,43,9747.752479
-14400.909563,32,9748.564251
-41389.310936,44,9749.665454
-26299.138639,40,9750.726258
-10663.145459,26,9751.392478
-21773.850737,39,9752.378983
-15308.274868,32,9753.29374
-31411.230016,40,9754.260202
-44260.446362,46,9755.275222
-16658.306241,36,9756.125679
-8953.682249,22,9756.684589
-48175.681828,44,9757.754218
-53022.947629,47,9758.890415
-15789.099854,33,9759.725741
-24357.091507,40,9760.718109
-36801.334386,45,9761.873255
-13633.431946,31,9762.710925
-15310.333152,33,9763.527627
-27138.429528,43,9764.505825
-28208.635175,40,9765.460977
-13276.492919,30,9766.180391
-17189.484254,35,9767.221086
-25116.714283,39,9768.179131
-13575.358216,31,9768.938567
-38626.663583,42,9770.042359
-52452.559677,47,9771.22707
-11448.540622,27,9771.983313
-19448.576912,37,9772.912031
-17706.3782,35,9773.77744
-19164.081263,36,9774.787472
-10629.943765,26,9775.491375
-33814.332908,43,9776.573608
-51446.682717,47,9777.823324
-55453.277448,47,9778.967205
-30185.685328,43,9780.087247
-13795.993604,31,9780.869016
-13359.623089,30,9781.638541
-16169.455295,33,9782.488708
-12206.540389,29,9783.242051
-26809.030262,40,9784.243137
-14244.328516,32,9785.076117
-14226.921178,32,9785.794866
-16334.901534,34,9786.667448
-68537.460013,49,9787.856555
-34455.558038,44,9788.927128
-14801.305873,32,9789.676674
-17232.792515,36,9790.573219
-45469.417763,45,9791.630196
-18590.101721,36,9792.460371
-26907.826837,40,9793.441624
-37136.009224,44,9794.49507
-32152.460656,42,9795.566306
-59617.871021,45,9796.687978
-13911.446232,31,9797.451617
-18364.495753,37,9798.323988
-15639.895386,34,9799.131901
-43762.285872,45,9800.255471
-31484.576996,47,9801.450258
-11233.603873,27,9802.178565
-13565.405451,31,9802.863063
-32188.838319,43,9803.95022
-40866.923935,45,9805.021652
-52328.293762,45,9806.12314
-11182.64649,27,9806.710915
-59372.114501,47,9807.782307
-13767.201237,31,9808.526641
-11771.191544,28,9809.226349
-17770.826822,35,9810.169181
-23791.076088,42,9811.171755
-33480.312729,42,9812.142342
-47919.271875,47,9813.277413
-58254.867683,47,9814.36138
-63096.168126,48,9815.534875
-38910.13166,43,9816.627533
-22909.911999,39,9817.568027
-28059.895113,40,9818.497441
-15210.150753,34,9819.293263
-79675.926286,50,9820.471395
-17465.694284,36,9821.343034
-39405.846281,44,9822.397436
-21805.905279,37,9823.239837
-25416.505995,40,9824.225263
-76041.784921,49,9825.436964
-26400.757628,41,9826.440399
-13111.362867,30,9827.169547
-17688.328985,36,9828.005722
-17500.637948,35,9828.858433
-10419.819374,25,9829.435742
-12995.899907,30,9830.179782
-9151.683411,23,9830.768773
-51771.08047,47,9831.901669
-121619.223708,51,9833.088165
-10518.813778,25,9833.677485
-32392.970297,41,9834.674063
-34924.868664,45,9835.766201
-30110.45875,42,9836.825932
-8951.180691,22,9837.452966
-15435.889782,33,9838.266638
-17288.716047,35,9839.109408
-34025.576908,41,9840.068659
-43321.384462,45,9841.134476
-19974.934279,36,9842.385559
-12403.048382,29,9843.095514
-14317.684873,32,9843.907808
-28797.180615,41,9844.833399
-15640.388769,34,9845.585562
-82238.36084,50,9846.747425
-14711.738246,32,9847.590275
-70024.800854,48,9848.839674
-13475.83633,31,9849.620358
-9102.248629,23,9850.221317
-13633.079696,31,9851.010002
-21326.50284,38,9851.897301
-17435.095329,34,9852.792231
-70885.368597,48,9853.997892
-34072.289401,43,9855.096998
-28165.305067,40,9856.117185
-10921.941257,26,9856.696206
-13287.677287,30,9857.43969
-13281.355368,30,9858.199167
-22061.888225,39,9859.251042
-34239.001783,43,9860.373602
-26361.65213,40,9861.567287
-15582.399121,33,9862.391309
-68107.228014,47,9863.500445
-15609.038781,34,9864.388516
-27678.21465,43,9865.432271
-45645.373724,45,9866.529936
-15419.846992,33,9867.257348
-26259.495509,39,9868.515785
-12782.242528,30,9869.543226
-50880.439747,46,9870.990615
-14698.204819,33,9871.878369
-31143.637748,41,9872.98149
-18006.772637,35,9873.830175
-39739.041882,44,9874.946302
-63036.724347,47,9876.131219
-25308.482671,40,9877.143613
-18455.83216,36,9878.009123
-33701.328797,41,9878.945416
-23351.058766,39,9879.871564
-33189.877752,41,9880.859721
-16158.036572,33,9881.713253
-35086.652378,43,9882.820688
-24130.265733,41,9883.941223
-14052.866882,31,9884.695342
-18048.813451,36,9885.646878
-12053.383974,28,9886.381692
-17738.113062,38,9887.260137
-8000.396907,20,9887.747853
-24262.640908,39,9888.709859
-14347.342314,32,9889.470135
-79565.824362,49,9890.70817
-18687.285494,38,9891.686169
-22972.342243,42,9892.673134
-51860.676793,49,9893.972944
-24345.708516,39,9895.001745
-19626.542809,37,9895.806421
-61987.280951,48,9897.165239
-13259.946629,31,9898.013644
-19445.053106,36,9898.95908
-12545.242877,29,9899.695649
-13387.122291,30,9900.488302
-22100.211944,38,9901.37263
-36034.670068,44,9902.489336
-14679.124875,32,9903.240098
-22881.131032,39,9904.267787
-99287.947827,51,9905.692037
-30742.741535,43,9907.058094
-16897.917182,35,9907.957094
-66308.790791,48,9909.378399
-58501.693832,47,9910.542879
-57745.855523,48,9911.740854
-28240.815981,41,9912.797974
-19871.839097,36,9913.708189
-23408.770961,40,9914.822078
-12917.574257,30,9915.611452
-10153.467947,25,9916.260587
-30493.648822,41,9917.313668
-36966.666428,44,9918.512706
-12966.767988,30,9919.254952
-15352.310857,34,9920.067335
-13737.891847,31,9920.741781
-20827.012489,37,9921.657475
-16021.05816,33,9922.521575
-9253.226353,23,9923.113595
-17910.07646,38,9924.048885
-23088.001283,39,9925.007057
-19852.676226,37,9925.960436
-18939.725926,36,9926.867844
-25872.669665,40,9927.968824
-62364.825807,47,9929.253289
-106210.564047,52,9930.429653
-39572.449406,45,9931.462818
-21414.091209,37,9932.471477
-34899.301409,42,9933.566194
-36229.965836,43,9934.61508
-33393.875386,43,9935.740285
-29452.814904,43,9936.859992
-10516.400948,25,9937.479373
-28873.310518,40,9938.473875
-18276.21629,36,9939.268103
-67637.157606,48,9940.43672
-15534.997684,34,9941.215003
-77098.005313,49,9942.477741
-78247.673729,52,9943.895732
-78914.209666,50,9945.158329
-24715.709107,39,9946.115931
-12763.870268,30,9946.831158
-39869.480144,43,9947.917344
-45804.763295,46,9949.101382
-14160.997613,32,9949.926397
-18406.336384,36,9950.796905
-17041.979694,36,9951.763051
-29557.217504,43,9952.782589
-24132.151231,40,9953.858656
-14504.454206,32,9954.673516
-13293.219799,30,9955.454232
-32716.004214,41,9956.485146
-98427.732577,72,9958.243049
-13971.755288,31,9959.067872
-15566.759409,33,9959.927176
-18741.818339,36,9960.817383
-20576.172797,38,9961.756789
-24394.979879,39,9962.699119
-56554.242524,46,9963.804376
-26154.608568,41,9964.863163
-47484.604525,45,9965.976489
-12214.011761,29,9966.692269
-15431.657353,34,9967.481183
-18692.19353,36,9968.404379
-9151.995508,23,9968.998352
-68693.241404,49,9970.199962
-52227.974142,45,9971.312855
-28517.878291,41,9972.347548
-20765.899421,38,9973.330117
-16704.182752,34,9974.258557
-11523.144106,27,9975.037747
-26538.967143,40,9976.106148
-40659.428713,43,9977.403917
-16858.965574,34,9978.235647
-12605.627361,29,9979.019508
-26389.910713,39,9980.010704
-56241.943362,47,9981.097609
-12082.688314,28,9981.675298
-17827.040668,35,9982.564345
-12490.217262,29,9983.382806
-95781.885045,51,9984.655811
-36563.361708,42,9985.724579
-29336.131837,41,9986.774501
-10880.107295,26,9987.377969
-31239.716962,41,9988.329969
-11069.370251,27,9988.912208
-40178.566948,43,9990.038486
-23198.639674,39,9991.086213
-17409.661115,35,9991.950384
-16926.489494,35,9992.878371
-14513.976185,31,9993.624083
-25083.790808,39,9994.708664
-16133.794128,34,9995.571881
-37344.848404,44,9996.674231
-42131.858897,46,9997.817106
-15097.211379,33,9998.652603
-19804.554376,36,9999.512705
-19519.007216,37,10000.381483
-36980.447266,45,10001.550575
-44596.197032,46,10002.650294
-23458.850991,40,10003.667421
-42908.083752,46,10004.731265
-14460.987702,33,10005.564813
-9959.643196,24,10006.158182
-29850.821884,42,10007.269031
-15262.730249,33,10008.135797
-11824.322744,28,10008.959322
-10980.693619,26,10009.642058
-54705.403234,47,10010.784986
-71021.15505,47,10011.960762
-30840.745664,42,10013.089669
-72311.290966,49,10014.363906
-17558.282937,36,10015.237096
-30550.502193,42,10016.359546
-46450.092654,46,10017.397866
-28950.483774,44,10018.387036
-14467.753356,32,10019.204039
-30945.602814,43,10020.227773
-59107.486001,46,10021.393415
-17222.814406,35,10022.295358
-43718.731736,45,10023.460379
-19805.604851,37,10024.383651
-63500.178599,47,10025.556264
-38077.033534,42,10026.505756
-8001.814646,20,10026.970663
-37919.828631,42,10027.919245
-25914.267233,41,10028.922998
-23089.883484,39,10029.877176
-15866.041021,34,10030.704971
-9956.207826,24,10031.337316
-19973.013896,38,10032.15384
-61620.595158,47,10033.230126
-15740.229957,33,10033.995559
-36922.644423,44,10081.402861
-110908.715286,50,10082.675545
-23072.388408,39,10083.702927
-16985.92828,35,10084.466824
-24502.80604,40,10085.494778
-17694.259099,36,10086.39723
-19514.862469,36,10087.30525
-41844.107019,45,10088.467808
-31454.048409,42,10089.5077
-77172.879364,49,10090.652279
-36722.598421,45,10091.742672
-68246.323135,48,10092.942911
-32392.538214,40,10093.974911
-38382.402664,43,10095.016861
-13968.390058,31,10095.758922
-17726.879772,35,10096.626391
-70725.476331,49,10097.818089
-71748.076239,49,10099.048417
-13661.443702,31,10099.886654
-16821.803207,34,10100.789133
-33449.308234,43,10101.876522
-13176.361034,30,10102.586173
-32796.809844,43,10103.707856
-30534.302733,41,10104.783617
-57851.177494,46,10105.895693
-89115.46797,49,10107.15805
-11786.481852,28,10107.843978
-54746.35296,46,10108.976592
-25565.728438,41,10109.953735
-14786.871719,32,10110.673492
-11667.085706,28,10111.321385
-9857.848019,24,10111.843257
-22057.3332,38,10112.911927
-20338.596499,37,10113.870358
-24594.22684,41,10114.983506
-16926.948177,36,10115.905662
-21275.936663,39,10116.956129
-47464.337729,47,10118.222288
-12762.897993,30,10119.057719
-36180.754904,42,10120.08076
-13923.018542,31,10120.855373
-61769.792273,51,10122.100841
-15534.905886,34,10122.947885
-32915.994952,42,10123.965177
-13431.635707,30,10124.640908
-26360.537651,40,10125.645759
-33738.908082,44,10126.764778
-93472.23844,51,10128.040473
-58946.954156,47,10129.150386
-40420.078208,44,10130.256423
-30438.471645,42,10131.305993
-42580.941209,44,10132.388077
-14108.396983,31,10133.115148
-20807.682744,40,10134.057081
-30097.169662,42,10135.132489
-25188.825029,40,10136.110343
-11550.984652,27,10136.753219
-22040.690138,38,10137.566975
-50183.637585,45,10138.746781
-41209.16904,46,10139.866765
-15957.530889,33,10140.814207
-34323.245768,42,10141.859559
-18647.165256,38,10142.854612
-29197.150594,45,10143.923246
-24814.947632,39,10144.869866
-14999.45992,32,10145.696578
-17902.341349,36,10146.576273
-13055.648874,30,10147.42165
-15806.480078,34,10148.278386
-49369.258055,47,10149.496452
-44024.650948,45,10150.53582
-37254.554502,44,10151.615457
-80877.056168,49,10152.869873
-36476.836261,42,10153.995474
-21397.615355,37,10154.863739
-11976.005347,28,10155.577717
-22950.426088,42,10156.681477
-72373.023763,49,10157.925317
-14238.140467,32,10158.751759
-43288.217505,45,10159.905294
-15330.007669,33,10160.761599
-14443.616855,32,10161.587841
-40151.039006,43,10162.695579
-21721.263038,38,10163.687609
-24130.716285,40,10164.666235
-18782.018947,36,10165.579665
-18767.328715,36,10166.48007
-13681.206657,31,10167.301363
-46487.104979,46,10168.4352
-46149.969052,45,10169.459419
-12108.813818,28,10170.127035
-8000.852631,20,10170.615454
-127174.873821,50,10171.933321
-22172.820946,39,10172.951499
-69144.423001,50,10174.371836
-11028.225008,26,10174.988251
-8000.906908,20,10175.493496
-33124.857757,43,10176.545254
-66970.491117,47,10177.760133
-15993.368067,33,10178.61476
-41079.065316,43,10179.797751
-30238.615459,41,10180.843336
-8000.614075,20,10181.382437
-60492.067923,47,10182.559104
-37676.920209,44,10183.626597
-24748.15746,40,10184.705565
-21145.87563,37,10185.694488
-8551.575701,22,10186.263469
-8951.661884,22,10186.72174
-25172.042666,40,10187.671018
-12047.319389,28,10188.304813
-12554.172644,29,10189.013369
-18386.29714,36,10189.873188
-18609.929181,36,10190.761877
-13357.413007,30,10191.520718
-9603.578183,24,10192.07919
-14868.698319,33,10192.856411
-21733.965219,41,10193.829566
-24352.177521,44,10194.955709
-15333.518492,34,10195.912361
-24795.61349,38,10196.840332
-25407.114114,39,10197.874793
-13933.788507,31,10198.609396
-24536.468914,39,10199.673817
-24003.333984,39,10200.673285
-17510.64604,35,10201.51106
-15087.446233,32,10202.326567
-19644.022331,38,10203.246144
-21851.058349,38,10204.152735
-16156.413673,34,10205.008188
-12845.326341,30,10205.795031
-77089.460216,49,10206.861304
-34875.561211,43,10207.810027
-32920.97506,43,10208.831231
-50953.707775,46,10209.89659
-12526.990329,29,10210.618913
-9453.203484,23,10211.179356
-35732.979255,42,10212.194503
-15928.324451,33,10212.991681
-15935.858213,34,10213.860772
-32881.506993,42,10214.866741
-38173.565347,42,10216.413669
-101071.663171,50,10217.913819
-56602.026232,47,10219.161896
-24834.436193,40,10220.039109
-34383.769766,44,10221.213297
-11126.821466,27,10221.768619
-28261.687947,42,10222.72798
-12765.029168,30,10223.408154
-28924.501969,42,10224.378527
-20093.378751,37,10225.208006
-40789.511498,45,10226.182777
-36250.413497,41,10227.083708
-34875.877452,42,10228.059168
-67793.651278,47,10229.20308
-29540.986448,41,10230.174408
-111454.129127,52,10231.415455
-20708.544209,39,10232.339878
-38566.295309,43,10233.379408
-30060.532267,41,10234.335183
-25554.154811,40,10235.280852
-13268.915793,30,10236.000615
-16341.531409,36,10236.846373
-12346.058226,29,10237.530188
-13821.842483,31,10238.258743
-8001.005282,20,10238.711829
-25590.868917,40,10239.69224
-16205.580953,34,10240.514509
-81075.503203,51,10241.77189
-84860.673114,48,10243.000392
-15908.027341,33,10243.842751
-28296.227553,43,10244.90935
-47331.169022,47,10246.139471
-54077.491213,47,10247.425267
-30901.904006,41,10248.315506
-56406.251087,50,10249.526394
-22943.065085,43,10250.534017
-11709.214416,28,10251.158573
-114315.448078,52,10252.442063
-13105.031905,30,10253.113179
-23284.818776,40,10254.017443
-13726.748994,31,10254.701888
-27204.419415,40,10255.638956
-17700.238172,35,10256.459147
-29386.836102,41,10257.398772
-31829.602113,44,10258.422331
-14987.832136,34,10259.213101
-18713.470005,37,10260.055368
-30700.836219,41,10261.046725
-11595.510664,27,10261.674881
-117866.574093,51,10262.849174
-10264.973746,25,10263.438574
-44099.895295,45,10264.518706
-20813.852067,37,10265.387887
-46534.564229,49,10266.523452
-19170.707168,36,10267.340018
-23595.26384,39,10268.309885
-13759.344064,31,10269.111717
-20939.918194,37,10269.967721
-13788.372882,31,10270.665986
-17625.377176,36,10271.61805
-37073.863295,46,10272.89582
-45264.565231,45,10273.959927
-22684.467822,38,10274.782383
-18660.962492,36,10275.635043
-57089.630719,47,10276.804981
-64324.698087,48,10277.906983
-21833.530896,38,10278.781001
-13240.058133,30,10279.52749
-35670.195856,43,10280.618103
-30540.213991,41,10281.803054
-31098.012442,42,10282.7853
-63340.937951,46,10283.873367
-53781.184257,46,10285.140254
-16803.129967,35,10285.858583
-17817.133771,36,10286.694698
-21765.465661,38,10287.553593
-69810.447023,48,10288.702159
-44413.060871,43,10289.719572
-13435.238466,31,10290.484911
-17323.319093,35,10291.36108
-11303.151937,27,10291.995426
-16120.194896,35,10292.815386
-16878.681579,36,10293.66293
-17808.178403,36,10294.478861
-13569.678683,31,10295.218574
-22572.795825,38,10296.199772
-9052.268897,23,10296.731184
-15612.947144,35,10297.594206
-18816.129382,37,10298.594938
-56719.21283,52,10299.742046
-29731.688031,41,10300.725686
-57931.778193,46,10301.808482
-94691.780885,50,10303.096332
-11533.857077,27,10303.750946
-12654.461492,30,10304.484288
-11445.422785,27,10305.245013
-18745.812088,35,10306.056215
-20558.845506,38,10306.868348
-17244.763684,35,10307.680631
-42153.581331,44,10308.684042
-65991.536711,47,10309.745977
-14582.564741,32,10310.585158
-35449.307066,43,10311.674666
-20067.348328,37,10312.651747
-15394.141913,35,10313.723238
-48535.074616,46,10315.05602
-31963.125515,41,10315.899225
-17225.643967,38,10316.753929
-12809.956971,30,10317.498972
-38816.106994,44,10318.64383
-27358.643149,41,10319.64965
-15416.689427,33,10320.427633
-12227.720505,29,10321.093107
-17821.052164,35,10321.899939
-61931.930566,46,10323.026553
-11343.04266,27,10323.632632
-141956.609006,54,10324.879697
-11641.504519,28,10325.55181
-9505.289839,23,10326.134876
-23389.133652,39,10327.033324
-47156.69705,45,10328.130085
-24967.392792,40,10329.077853
-52414.143352,45,10330.169999
-76391.74321,48,10331.323502
-26625.886947,42,10332.263854
-28722.835122,40,10333.660005
-50253.531688,46,10334.713658
-77009.813678,49,10335.786968
-13015.404885,30,10336.56027
-28268.445133,40,10337.577938
-61586.170786,48,10338.637804
-123314.594362,52,10339.755279
-64946.703783,47,10340.796095
-36991.038488,42,10341.770824
-40345.640653,45,10342.810135
-14804.960681,32,10343.544714
-27932.783371,42,10344.47106
-17720.68679,35,10345.295552
-8000.869979,20,10345.782701
-22745.201615,40,10346.737792
-33514.972307,43,10347.895107
-28817.178002,41,10348.854181
-62395.074502,47,10349.858197
-13353.762695,31,10350.534718
-46278.655216,47,10351.633827
-80529.136802,48,10352.76401
-25351.46391,39,10353.669476
-55633.250948,45,10354.721384
-71051.297395,48,10355.866239
-38809.711835,44,10356.874484
-11964.477603,28,10357.497333
-21630.818329,39,10358.458429
-69637.759229,51,10359.625063
-10410.713702,25,10360.206104
-51554.019847,45,10361.844342
-32309.806668,43,10363.029168
-21834.171154,40,10364.086742
-9402.859027,23,10364.7415
-13045.481593,30,10365.64272
-14689.174646,32,10366.476529
-13684.639466,31,10367.237213
-14777.244535,33,10368.156336
-94752.502694,49,10369.398816
-15087.545594,34,10370.195268
-23974.686111,43,10371.153258
-10731.642236,26,10371.894745
-16824.568926,34,10372.660752
-23467.320031,40,10373.575001
-43146.605754,43,10374.633418
-24128.355874,39,10375.577834
-35155.264724,43,10376.587407
-21384.590389,39,10377.472525
-24843.406151,40,10378.405226
-16393.030061,34,10379.338004
-15043.67294,32,10380.238787
-13787.006749,32,10381.143723
-11738.994393,28,10381.831603
-14522.977964,32,10382.740439
-24983.108025,39,10383.689154
-17476.015181,36,10384.657098
-16919.093645,36,10385.628873
-40333.398445,45,10386.928141
-81935.948888,51,10388.308088
-17000.517241,35,10389.302539
-15316.747379,32,10390.125078
-38664.720722,46,10391.451641
-66392.459011,49,10392.834047
-17611.420478,35,10393.77149
-39581.42142,44,10394.973681
-13431.878958,31,10395.778615
-23964.42512,38,10396.79164
-19251.171103,36,10397.711156
-16975.591768,34,10398.603136
-15843.761861,34,10399.469057
-11437.537839,27,10400.200736
-38718.881165,44,10401.313839
-70360.116616,47,10402.552517
-74162.529463,51,10403.847123
-93063.480544,50,10405.623242
-13425.4677,31,10406.46921
-53286.432758,46,10407.581661
-15127.545179,32,10408.249481
-26391.344919,39,10409.128972
-21490.477621,38,10410.00973
-52659.62655,47,10411.097979
-17012.15943,35,10411.935354
-13292.939127,31,10412.654656
-19980.212463,37,10413.578046
-16574.968227,37,10414.451106
-20287.92131,37,10415.394924
-14099.443983,32,10416.20377
-85825.646313,50,10417.375127
-8000.125699,20,10417.840843
-14685.053595,32,10418.744962
-30305.269451,41,10419.725572
-26167.896659,41,10420.646222
-14785.845513,32,10421.392344
-33960.798382,43,10422.467805
-14973.7593,34,10423.304813
-28770.466527,41,10424.340449
-19731.179505,37,10425.247301
-61151.925184,53,10426.52176
-24985.926607,40,10427.600779
-21324.05254,39,10428.491267
-10560.45368,26,10429.082018
-41836.067239,44,10430.111237
-45646.031338,43,10431.138535
-9002.682769,22,10431.673923
-125133.336195,53,10432.954763
-55568.333903,47,10434.024131
-14238.343906,31,10434.820543
-43544.353267,46,10435.782817
-16261.836717,34,10436.543609
-34974.793945,42,10437.452587
-56831.802528,47,10438.567072
-71300.670615,48,10439.761048
-53103.412844,51,10440.984742
-15803.785026,35,10441.801087
-37280.04808,45,10442.870224
-19896.75844,41,10443.899126
-30550.99058,45,10445.022307
-15114.73092,33,10445.869865
-29888.689984,39,10446.773341
-25889.06396,40,10447.65671
-15464.561148,34,10448.423855
-14429.812522,33,10449.174569
-17515.594926,35,10449.98964
-35375.903739,43,10450.987175
-15488.847199,33,10451.731933
-21384.369636,39,10452.687619
-41436.116563,44,10453.741031
-14162.520656,31,10454.504719
-73979.625706,51,10455.753716
-86235.856188,49,10456.973381
-17575.380272,35,10457.825075
-23326.311902,41,10458.859134
-19976.245847,36,10459.674474
-19179.528753,36,10460.492275
-48904.394114,46,10461.602578
-39887.832681,44,10462.7982
-24407.118233,39,10463.653224
-16726.572346,35,10464.504798
-39430.660525,43,10465.497224
-20832.503032,38,10466.596866
-8000.632274,20,10467.046674
-56288.665246,47,10468.540449
-12802.692002,30,10469.355464
-17223.460384,34,10470.293871
-60866.254968,47,10471.402063
-30837.714781,53,10472.698332
-19760.192969,38,10473.629702
-21058.597908,38,10475.011222
-18068.056689,36,10475.985632
-68492.225893,52,10477.581702
-119041.19621,52,10478.74843
-17424.236835,35,10479.71346
-13984.144508,31,10480.531671
-17465.727301,36,10481.449185
-15680.901061,34,10482.310543
-12633.63646,29,10482.989687
-49805.920298,46,10483.994441
-57659.240578,47,10485.443313
-17919.457956,35,10486.259674
-80082.884716,49,10487.419682
-95078.343044,49,10488.867909
-13457.957368,31,10489.665174
-11333.271003,27,10490.306489
-19110.366136,37,10491.22487
-13714.198705,31,10491.949185
-17830.149107,35,10492.773556
-33310.81818,45,10493.833815
-97655.026786,52,10495.094819
-25458.308462,40,10496.020668
-19632.56522,37,10496.884738
-136048.808515,52,10498.127522
-50469.787218,46,10499.274647
-26983.523276,41,10500.287279
-16439.057016,34,10501.148161
-42307.585488,43,10502.195771
-42490.513308,43,10503.260876
-23335.26082,38,10504.213845
-15296.466839,34,10504.999273
-11861.601968,28,10505.605792
-15809.583778,33,10506.411563
-15283.746178,33,10507.182402
-13676.038506,31,10507.897658
-18471.305596,36,10508.832403
-29717.93347,41,10509.802002
-12436.136449,29,10510.467622
-13178.501449,31,10511.224553
-83175.216821,50,10512.486029
-14127.389445,32,10513.281103
-18137.913712,35,10514.126164
-24161.869978,40,10515.108966
-25335.022874,40,10516.070328
-11871.237507,28,10516.678746
-25146.643484,40,10517.541961
-24703.578595,40,10518.586106
-29757.068861,41,10519.68946
-13512.109287,31,10520.49155
-27222.585985,41,10521.488061
-27815.570629,40,10522.437093
-30422.688499,42,10523.44557
-32907.67579,44,10524.485329
-68149.009923,48,10525.620738
-18495.993332,36,10526.528856
-49638.988038,46,10527.604742
-11634.178563,28,10528.261162
-17166.555889,36,10529.090562
-36129.570233,43,10530.102956
-15448.086712,34,10530.911147
-103067.431832,52,10532.234346
-30565.287675,41,10533.369072
-35614.448937,44,10534.406691
-13285.431371,30,10535.128546
-13789.040102,31,10535.874199
-18360.809347,36,10536.713861
-85888.16697,50,10537.956986
-32643.912348,43,10538.940706
-16866.928188,34,10539.858991
-33500.031629,43,10540.863453
-33215.636099,44,10541.917892
-21104.532663,38,10542.89828
-12318.475117,29,10543.619347
-30098.054504,42,10544.740822
-21503.676756,38,10545.621741
-30021.63802,45,10546.645934
-45329.602354,44,10547.630744
-52801.105297,47,10548.736715
-18354.631677,36,10549.499559
-19067.449229,37,10550.388222
-12168.981541,29,10551.109065
-15196.655822,32,10551.788991
-19052.149241,37,10552.890686
-33966.152673,42,10553.884422
-19632.607309,36,10554.78147
-17706.740698,37,10555.762676
-21845.37791,39,10556.529893
-13881.934696,31,10557.139
-18119.757299,37,10557.883994
-107650.437576,52,10559.078264
-11962.992349,28,10559.754957
-41217.473503,43,10560.735354
-13564.417708,31,10561.460101
-102000.868845,52,10562.632787
-15224.299977,33,10563.458962
-128306.956113,50,10564.51944
-29472.555911,41,10565.894718
-14526.880369,32,10566.544454
-48670.925127,44,10567.444674
-65494.000948,48,10568.594915
-49367.782907,46,10569.618746
-66313.304535,50,10570.632288
-23193.202248,38,10571.607244
-8000.156496,20,10572.058733
-12557.595296,29,10572.719041
-102091.350402,51,10573.899395
-16698.135763,34,10574.706431
-102463.89394,51,10576.15473
-22831.408949,39,10577.148698
-8000.233957,20,10577.675416
-38797.657434,43,10578.57804
-14184.664427,31,10579.290255
-26803.613551,41,10580.242846
-64954.203049,46,10581.232954
-29345.197034,42,10582.17069
-14914.464267,32,10582.885512
-23672.090952,41,10584.083903
-35592.547469,45,10585.621265
-12257.555085,29,10586.283056
-18534.906864,35,10587.060708
-14720.882913,33,10587.811802
-12824.126622,30,10588.558382
-37699.58747,44,10589.668836
-21481.213657,37,10590.565651
-54366.241007,48,10591.612503
-24471.043414,40,10592.643327
-12762.057734,30,10593.337374
-11523.339482,27,10593.935223
-16487.905333,34,10594.784373
-40114.098037,43,10595.903265
-15198.660193,33,10596.817375
-24666.093582,39,10597.681837
-27944.483981,40,10598.67912
-49215.929901,45,10599.872963
-27177.841918,42,10600.900666
-12736.234906,30,10601.491849
-17839.924085,36,10602.280605
-94197.397976,50,10603.461647
-47067.93594,45,10604.508868
-10511.685151,25,10605.156312
-41755.279145,46,10606.402299
-33824.026624,43,10607.446305
-25524.215477,40,10608.319193
-15793.605724,35,10609.064752
-117498.620347,51,10610.237969
-11231.302066,27,10610.857873
-61412.830938,48,10612.041321
-13574.302671,31,10612.767215
-35301.966631,43,10613.812814
-47507.219318,46,10614.904027
-16042.715362,35,10615.993335
-14316.797819,32,10616.841717
-8850.976469,22,10617.328948
-70508.941008,48,10618.419046
-17272.744108,34,10619.165205
-14289.72871,33,10619.985064
-32267.830369,42,10620.977988
-36279.598827,43,10621.992553
-32380.290106,43,10622.941149
-25174.084363,39,10623.9297
-104165.851404,51,10625.103963
-92870.800092,50,10626.27077
-16584.560019,34,10627.105013
-16000.150442,33,10627.840941
-63489.780759,47,10628.92691
-16165.49524,34,10629.712974
-28943.452928,41,10630.681439
-48880.551417,45,10631.710858
-15930.082253,33,10632.547626
-15082.061039,32,10633.280554
-14329.848457,31,10634.00849
-116559.120255,50,10635.185648
-31015.174835,40,10636.14741
-25035.983154,41,10637.161153
-96400.549608,50,10638.344423
-18031.829002,35,10639.150686
-40407.266868,44,10640.272609
-18987.527682,37,10641.138495
-28685.154839,41,10642.08405
-10826.936033,26,10642.715508
-15573.741448,33,10643.534369
-33681.112474,44,10644.605827
-19881.676348,37,10645.424465
-13488.650624,31,10646.108484
-19620.671019,38,10646.973803
-21156.490989,38,10647.858618
-78173.568829,49,10648.951149
-30648.765155,41,10649.871601
-13127.407011,30,10650.56879
-51560.438643,45,10651.632389
-38022.865048,45,10652.736674
-74534.779391,48,10653.88551
-98499.228195,50,10655.09392
-17668.684402,35,10655.938798
-108455.252249,50,10657.163709
-121681.92187,52,10658.486548
-32798.553604,43,10659.474908
-12433.343103,29,10660.104773
-58403.476235,46,10661.170206
-20933.201309,38,10662.066625
-32996.280142,43,10663.043657
-21892.437489,39,10663.970749
-12332.788972,29,10664.645503
-9705.844463,24,10665.285447
-35966.654598,44,10666.321923
-18349.989528,39,10667.180997
-48716.658728,44,10668.117173
-24661.536398,39,10669.040563
-14322.968699,32,10669.850232
-13837.955815,31,10670.651577
-17763.302937,36,10671.464014
-11542.919542,27,10672.113278
-34714.163217,41,10673.039071
-14027.674621,31,10673.720452
-13569.524066,31,10674.433379
-42339.205762,43,10675.491657
-13721.873759,31,10676.263543
-83104.678746,49,10677.488683
-35748.175006,44,10678.505654
-37628.267315,42,10679.583276
-25280.121782,40,10680.506788
-68865.471032,49,10681.693757
-9904.303367,24,10682.249
-48190.223303,47,10683.343439
-10837.771654,26,10683.994786
-69448.117906,50,10685.216148
-34186.071143,42,10686.244385
-27851.612191,41,10687.188803
-20345.500366,38,10688.062262
-73241.979422,47,10689.170111
-29689.112692,43,10690.176569
-35696.917748,42,10691.201022
-47083.082092,45,10692.251456
-18923.152787,37,10693.179794
-22934.588484,38,10694.020412
-88276.539486,49,10695.169382
-13159.225526,30,10695.87485
-26205.185861,41,10696.889655
-20675.350976,39,10697.830177
-11278.332625,27,10698.458444
-13370.062958,30,10699.221374
-15802.554689,34,10700.066271
-15009.522889,33,10700.878915
-25598.335713,40,10701.856294
-65457.326364,49,10703.034695
-48233.104208,45,10704.258299
-18062.257933,36,10705.125997
-83929.20135,49,10706.320246
-19729.321257,37,10707.208237
-28336.189328,42,10708.27391
-29711.458706,42,10709.234194
-17407.174188,34,10709.986976
-15931.594425,34,10710.815636
-17911.856752,36,10711.750681
-12832.81728,30,10712.411858
-35107.211123,43,10713.455842
-40830.780567,45,10714.469572
-18665.966467,36,10715.403146
-29637.302171,45,10716.548593
-22892.485528,39,10717.505746
-85816.645363,48,10718.564028
-71914.438578,49,10719.78835
-19162.46788,37,10720.715908
-16340.269822,34,10721.478273
-13402.540805,31,10722.192115
-16052.877207,34,10723.011842
-11144.485903,27,10723.619927
-25106.009109,42,10724.651603
-15905.646488,34,10725.509803
-19836.825927,38,10726.419246
-22014.255457,37,10727.273125
-17557.303999,34,10728.041537
-58721.385127,46,10729.182625
-17621.464574,38,10730.043135
-19872.86048,40,10730.964426
-15327.882437,33,10731.789158
-11243.242586,27,10732.407616
-17266.398045,35,10733.196153
-42456.871868,44,10734.334936
-22470.556604,38,10735.233193
-11549.095212,27,10735.859964
-79837.207641,52,10737.011194
-17132.114168,35,10737.787086
-28638.507155,41,10738.7084
-29821.326806,42,10739.660383
-14910.161546,32,10740.397161
-11076.201391,27,10741.004184
-17853.066381,34,10741.776543
-34036.255487,45,10742.852545
-17455.762954,35,10743.66735
-11348.590376,27,10744.31107
-27385.805899,41,10745.322309
-14459.337771,32,10746.036346
-84512.294359,49,10747.194808
-66860.804299,47,10748.315322
-69566.150107,46,10749.280369
-25960.566927,40,10750.183908
-32462.641414,42,10751.162748
-47368.169044,44,10752.067298
-93992.480316,50,10753.162431
-74103.464048,48,10754.222777
-16414.955146,35,10754.99371
-19899.289697,36,10755.773757
-27625.987459,42,10756.839285
-37085.227824,43,10757.851245
-14946.208331,33,10758.642689
-12712.551271,29,10759.321359
-16464.510819,34,10760.194341
-44070.788134,46,10761.231014
-36209.896727,44,10762.350729
-23418.020466,39,10763.282534
-14202.835636,32,10764.042972
-31351.441508,42,10765.01194
-15831.46519,33,10765.766609
-49017.261137,47,10766.873664
-11131.158646,27,10767.589513
-17758.93105,36,10768.52173
-42731.746548,42,10769.471946
-12356.205823,29,10770.151407
-17929.499244,36,10771.059451
-30401.007038,43,10772.091882
-122446.188175,52,10773.284717
-15775.706762,34,10774.151583
-67663.838452,48,10775.325102
-13415.579609,31,10776.118799
-75671.800542,49,10777.275041
-34528.556203,42,10778.249492
-23545.842497,39,10779.196339
-58338.398296,47,10780.363792
-11286.767022,27,10780.981999
-13734.462752,31,10781.701944
-23319.09025,39,10782.655068
-115200.285293,53,10783.971832
-41152.818855,44,10784.991208
-21016.915668,37,10785.921748
-61514.291563,47,10787.033025
-34371.478654,43,10788.058094
-33670.620797,43,10789.139412
-37181.629908,43,10790.21864
-17231.730496,35,10791.186791
-137551.509342,52,10792.493886
-15790.161695,35,10793.384291
-45726.528317,46,10794.481614
-40398.971511,44,10795.635346
-14533.672191,32,10796.460922
-33839.71051,47,10797.527443
-32929.605197,42,10798.412543
-53216.594486,47,10799.449452
-12236.794019,29,10800.148899
-22004.198631,39,10800.997735
-12136.759101,29,10801.656641
-49824.66284,46,10802.687896
-22427.421582,39,10803.581645
-10961.593632,26,10804.281267
-26566.369251,41,10805.172841
-13484.090238,30,10805.880778
-21924.698941,38,10806.829668
-43237.104949,46,10807.87677
-28789.925773,40,10808.781543
-35068.232962,46,10809.822483
-18804.307466,35,10810.638942
-14971.802674,32,10811.317883
-37782.258815,43,10812.239669
-19003.20096,37,10812.997798
-51419.794993,49,10814.175592
-12071.606748,28,10814.920146
-18390.587951,37,10815.887341
-51613.537984,47,10816.952421
-19324.075338,37,10817.934034
-27818.790852,41,10818.843583
-18203.28667,36,10819.685231
-33788.789849,41,10820.642575
-30057.409802,42,10821.773953
-14390.394734,32,10822.524785
-56200.4615,47,10823.620306
-27606.306215,41,10824.636059
-32770.010482,42,10825.638474
-68177.228643,48,10826.848228
-15708.864098,33,10827.708081
-20001.946785,38,10828.629818
-35415.680023,44,10829.749272
-12861.612499,30,10830.542927
-21823.480276,39,10831.696504
-16800.265149,35,10832.880849
-21905.981397,38,10833.688498
-16247.146434,33,10834.421793
-27470.81319,41,10835.368212
-17626.763223,39,10836.372597
-15094.749932,33,10837.178699
-19027.900396,36,10838.148284
-29761.08569,41,10839.412625
-17915.236746,37,10840.285316
-15351.734686,33,10841.082686
-35068.467123,43,10842.106517
-59114.68399,47,10843.192019
-19520.979477,38,10844.091599
-20262.716202,38,10844.947887
-12114.861944,29,10845.709182
-18056.797418,36,10846.544716
-17902.901884,36,10847.385363
-14891.998462,33,10848.085414
-24203.50073,40,10848.985757
-18619.979445,36,10849.808922
-119212.077509,53,10850.983038
-40602.333781,43,10852.020174
-38173.479668,45,10853.125086
-11540.735778,27,10853.787889
-26839.865898,39,10854.749837
-14452.522295,32,10855.387439
-48908.879019,45,10856.370308
-22153.73898,39,10857.274223
-35499.02606,44,10858.362656
-20098.173986,37,10859.266416
-17547.832791,37,10860.081148
-13756.804207,31,10860.771945
-25945.712515,41,10861.731018
-18507.983379,36,10862.63713
-12200.578882,29,10863.369065
-19075.449458,36,10864.223547
-14889.553022,33,10865.00474
-25908.911169,40,10866.026248
-17545.319977,36,10866.910159
-20223.487946,38,10867.983583
-17767.568472,35,10868.801329
-92885.299635,54,10870.169615
-67647.185913,48,10871.488712
-14894.069995,32,10872.298935
-10012.724532,24,10872.862359
-69962.423213,48,10874.020057
-142404.158025,52,10875.377817
-48623.793405,45,10876.471871
-15841.330451,33,10877.278815
-24451.16858,44,10878.430284
-16691.522582,34,10879.162101
-74786.804113,48,10880.328771
-9903.949863,24,10880.948105
-60388.880315,48,10882.069527
-24178.130125,39,10883.002678
-8000.325468,20,10883.574841
-30757.831287,42,10884.650587
-11673.74453,28,10885.306976
-9353.224703,23,10885.797567
-9604.575312,24,10886.357786
-37869.649247,44,10887.343551
-41884.244072,45,10888.380101
-11756.575938,28,10889.013065
-18255.065691,38,10889.944083
-24403.395708,39,10890.825588
-15230.170826,35,10891.699722
-19722.033321,40,10892.618124
-19750.234766,36,10893.483531
-23087.81073,39,10894.392819
-35131.08123,44,10895.450649
-22009.314608,38,10896.352469
-21314.882739,38,10897.253103
-11928.233843,28,10897.898089
-62786.860776,47,10899.00445
-30168.149414,41,10899.982031
-8000.174461,20,10900.473743
-14865.652884,34,10901.284843
-21132.643294,38,10902.146728
-17976.430286,37,10902.979701
-37149.541302,45,10904.007258
-27707.735169,40,10904.946145
-13894.195486,32,10905.678382
-75901.916591,49,10906.856521
-57483.450595,47,10907.956424
-15472.706086,33,10908.741551
-24131.188241,39,10909.699902
-20931.489193,37,10910.574881
-13246.549282,30,10911.282574
-41501.632279,44,10912.301284
-20091.661593,38,10913.258372
-40617.993792,46,10914.360689
-63210.735931,46,10915.521904
-60066.791391,47,10916.613385
-20256.638268,37,10917.468242
-21755.035522,38,10918.374284
-27179.522141,42,10919.360382
-13233.075711,31,10920.081505
-9854.998941,24,10920.631335
-23995.080119,39,10921.5497
-17709.066544,35,10922.341567
-19407.290605,37,10923.25964
-15153.811399,32,10924.030329
-16538.829835,35,10924.923933
-8951.617559,22,10925.457118
-57590.3372,47,10926.579915
-22686.878278,40,10927.50498
-22064.616654,39,10928.478452
-31483.814877,43,10929.512467
-47133.966535,46,10930.661016
-13009.487947,30,10931.358957
-15022.045432,32,10932.158088
-32413.148721,42,10933.155849
-82560.944575,50,10934.344018
-32609.022537,43,10935.34948
-13510.452827,31,10936.09195
-25064.736204,39,10937.033751
-22868.861984,38,10937.932306
-26219.549891,41,10938.942551
-15902.152237,34,10939.777431
-13386.498721,31,10940.54039
-13212.98035,30,10941.24824
-19659.298369,38,10942.170453
-38967.943768,44,10943.274951
-17466.285884,34,10944.111673
-10170.139407,25,10944.742907
-11741.985752,28,10945.421413
-11353.71367,27,10946.103379
-48952.285718,47,10947.222757
-47210.812697,46,10948.300918
-11179.355061,27,10948.933885
-18031.625581,36,10949.801381
-31735.252288,43,10950.855769
-12678.685839,29,10951.547266
-14014.401689,32,10952.29736
-104581.861597,53,10953.540055
-15727.133743,33,10954.311259
-12067.475493,28,10954.994188
-15264.909285,33,10955.761321
-30724.095028,42,10956.751739
-12537.854293,29,10957.459034
-43382.583493,45,10958.489047
-82975.798266,54,10959.800451
-21976.783927,38,10960.732246
-17461.890116,35,10961.57557
-16289.179438,34,10962.390443
-25145.334799,41,10963.415755
-14420.806709,32,10964.158307
-24553.750594,39,10965.115984
-17017.76716,35,10965.950672
-24824.363091,39,10966.878919
-57197.420055,48,10968.020858
-27528.952541,41,10969.008074
-63073.521099,48,10970.116381
-16024.641022,33,10970.875038
-31093.227179,42,10971.863029
-10261.876987,25,10972.493446
-28845.619718,42,10973.485423
-46508.586939,45,10974.588005
-23850.991787,40,10975.617697
-94752.955256,50,10976.805949
-35843.666724,42,10977.755837
-13509.621742,31,10978.475459
-14758.356743,32,10979.220372
-75161.31488,48,10980.37386
-25132.249785,39,10981.23544
-14204.023128,32,10981.911284
-17172.388877,36,10982.714917
-15241.350178,32,10983.484377
-41116.770486,45,10984.578721
-21846.0559,38,10985.506854
-12038.83821,28,10986.140923
-16587.940951,36,10987.006198
-12426.733067,29,10987.694029
-40531.649886,46,10988.752508
-49900.939331,46,10989.909494
-25340.526114,41,10990.884265
-9352.279979,23,10991.449729
-16188.860193,36,10992.297053
-65529.928368,50,10993.428304
-33572.250841,43,10994.399061
-53713.876297,48,10995.482832
-19520.772505,37,10996.321429
-21984.81779,39,10997.163116
-55240.160862,48,10998.271351
-19318.632795,37,10999.109187
-76246.708618,49,11000.279635
-17394.443234,35,11001.076968
-41450.424355,45,11002.13545
-28343.991158,40,11003.093128
-27037.430615,39,11004.046632
-35777.708491,42,11005.019587
-43275.634203,44,11006.05308
-27647.911177,41,11007.0157
-23526.014604,40,11007.930898
-55521.436486,47,11009.062853
-23788.36604,39,11010.017586
-83252.413668,50,11011.198889
-58487.290646,47,11012.317454
-45201.332091,44,11013.340058
-35531.839082,42,11014.35997
-21545.750831,38,11015.259187
-13327.575893,30,11015.968116
-10160.579726,25,11016.624114
-65714.740404,48,11017.818406
-95697.938895,49,11018.978923
-23368.4334,39,11019.919012
-20908.742681,38,11020.853048
-17292.070557,35,11021.702814
-14696.204922,33,11022.520928
-15847.431135,33,11023.321294
-26642.910108,40,11024.313184
-74733.314737,49,11025.511564
-93552.023082,51,11026.773582
-18667.216382,37,11027.639751
-136447.146056,52,11028.861206
-26758.596899,40,11029.847295
-21831.664161,40,11030.805335
-13817.988182,31,11031.532153
-18338.550785,36,11032.470158
-49353.784522,46,11033.597975
-47461.016484,46,11034.706471
-17678.854833,35,11035.551489
-8000.898641,20,11036.030109
-34623.945433,43,11037.099751
-21736.954915,38,11038.006547
-11580.222038,27,11038.657444
-12340.787564,29,11039.371268
-15874.479679,34,11040.179588
-13546.590142,31,11040.940052
-70814.195556,48,11042.154134
-15684.10132,34,11042.937956
-14664.625904,32,11043.721181
-25909.571384,42,11044.706238
-20917.896396,38,11045.60741
-13968.217656,31,11046.340904
-14260.33883,32,11047.062725
-68439.259279,48,11048.186978
-21541.920522,39,11049.263872
-101943.790825,51,11050.662974
-36761.359711,43,11052.018798
-52175.345153,46,11053.275054
-127439.89155,52,11054.421558
-46895.524648,45,11055.468568
-85182.845528,49,11056.602226
-43977.359528,44,11057.599922
-14512.409964,33,11058.409078
-21573.482752,40,11059.735361
-35671.093455,44,11061.133081
-42499.619988,44,11062.441954
-57780.236444,47,11063.534624
-19768.379923,37,11064.453335
-26642.678695,40,11065.35324
-16117.168495,34,11066.158726
-8000.561754,20,11066.72138
-86894.599672,48,11067.795579
-12364.680925,29,11068.45101
-17517.914882,36,11069.310609
-90717.341565,50,11070.693591
-19981.257532,37,11071.606956
-20035.082862,37,11072.50537
-12364.805311,29,11073.164385
-35540.443752,42,11074.147135
-10668.497974,26,11074.796584
-9403.480276,23,11075.349963
-14001.351425,32,11076.071872
-42696.420468,45,11077.119956
-29860.829505,40,11078.028027
-17056.690172,35,11078.871181
-12623.338954,29,11079.571348
-9754.158774,24,11080.126415
-22112.683262,37,11081.007413
-10924.836292,26,11081.610556
-20278.840598,39,11082.485154
-94367.380065,50,11083.627671
-16632.924757,36,11084.445926
-15716.92261,34,11085.255425
-31173.504721,42,11086.212673
-11021.898256,26,11086.849196
-29475.363133,40,11087.808309
-11855.68501,28,11088.441737
-17750.414003,37,11089.300378
-24051.701985,40,11090.319543
-12555.874564,29,11091.011491
-9805.500127,24,11091.590202
-66832.479907,47,11092.736562
-67316.277442,48,11093.916122
-19450.532446,37,11094.828583
-26741.205763,41,11095.799103
-14892.502079,33,11096.6013
-13708.918433,31,11097.384216
-97235.394132,50,11098.632421
-35726.37545,42,11099.627823
-13025.690921,30,11100.356937
-48058.756371,44,11101.514339
-12463.506528,29,11102.221515
-15210.814029,33,11102.995796
-23721.861731,39,11103.894013
-17084.650236,36,11104.778013
-16881.453857,34,11105.646428
-35622.282554,42,11106.663589
-20513.998114,37,11107.488328
-17042.869879,34,11108.215275
-45145.777248,44,11109.231457
-12952.731145,30,11109.972739
-8000.845318,20,11110.445951
-53696.639101,45,11111.5479
-10365.167248,25,11112.148585
-25429.982728,42,11113.205822
-14580.28478,32,11113.978327
-21134.143605,38,11114.879444
-68409.782193,49,11116.019567
-14885.310364,33,11116.821098
-15782.348276,34,11117.649078
-12728.311158,30,11118.445381
-67696.725113,48,11119.582873
-132521.112079,52,11120.8515
-22571.742862,41,11121.804303
-32279.432207,42,11122.953162
-10510.880594,25,11123.632139
-97796.725465,52,11124.87354
-106990.148136,50,11126.122616
-14930.812137,33,11126.918466
-129413.831516,51,11128.154511
-10825.735509,26,11128.771005
-107444.772277,49,11129.945389
-57899.008757,46,11131.053441
-21987.209557,38,11131.973458
-44475.919813,45,11133.023324
-16888.03011,36,11134.126991
-18009.054157,36,11135.076217
-32893.892228,43,11136.115646
-15653.639337,34,11136.961652
-29927.024281,41,11137.982096
-51059.228665,48,11139.128423
-15034.973883,32,11139.941514
-63634.875621,48,11141.135145
-13729.367773,31,11141.890292
-18754.709617,36,11142.720475
-29351.450547,41,11143.69929
-30211.154105,42,11144.691575
-24453.501345,40,11145.653107
-9555.774381,24,11146.227678
-50157.686415,47,11147.39417
-26256.930777,42,11148.374021
-65923.156067,47,11149.480384
-14155.395285,33,11150.288195
-54775.160475,46,11151.39972
-14449.965177,32,11152.141123
-12413.005848,29,11152.874861
-47303.918083,46,11154.032128
-27096.169062,39,11155.000852
-14673.34138,32,11155.80855
-46469.111495,46,11156.905942
-34669.313003,55,11158.260157
-92179.216802,50,11159.462085
-65312.206396,48,11160.608129
-43630.908194,47,11161.728356
-17848.283654,37,11162.657059
-14019.671968,31,11163.380206
-101885.170015,50,11164.568125
-19064.318159,36,11165.417935
-99782.372732,50,11166.663473
-17212.16327,35,11167.480482
-14529.3986,32,11168.237732
-26322.249999,40,11169.231545
-47115.340616,46,11170.381376
-107120.091503,52,11171.614108
-25602.134475,39,11172.585173
-14215.939536,32,11173.373687
-24265.201077,39,11174.273181
-63321.787422,47,11175.473005
-14545.025212,32,11176.22325
-17909.061674,36,11177.122858
-35112.754157,42,11178.158439
-17908.098018,35,11179.023158
-38758.324898,45,11180.132601
-21796.200416,38,11181.038967
-23802.756554,39,11182.008705
-15406.695755,33,11182.775006
-70348.724289,50,11184.03018
-25629.874446,40,11185.053994
-24919.44923,39,11186.03336
-30878.832263,43,11187.115528
-27843.661987,42,11188.125607
-24221.50731,39,11189.084703
-13617.37214,31,11189.871933
-12200.491434,29,11190.618428
-70188.377118,48,11191.74949
-13163.272922,30,11192.475554
-12137.881845,29,11193.132611
-18019.551498,36,11193.997021
-34269.388268,43,11195.089861
-13644.772504,31,11195.876867
-116708.671049,58,11197.264475
-14288.388741,33,11198.057183
-49365.160207,47,11199.191846
-73684.930762,50,11200.524693
-11479.443861,27,11201.176658
-14378.048733,32,11201.966532
-22524.595491,43,11202.985403
-89923.447887,50,11204.163797
-53939.318436,47,11205.288457
-108533.52213,53,11206.572703
-60458.133487,52,11207.795707
-21678.765399,40,11208.745028
-96610.513468,50,11209.901206
-21771.869802,38,11210.73973
-15755.911039,33,11211.505354
-13945.382647,31,11212.218719
-30357.238335,43,11213.195899
-26476.970002,40,11214.170092
-18515.821022,39,11215.107868
-19207.491057,37,11215.979529
-77458.384386,49,11217.112045
-60193.488534,47,11218.234294
-13444.964066,31,11218.973456
-50209.256948,46,11220.05686
-13970.790535,31,11220.810049
-43123.483394,45,11221.843768
-11544.375446,27,11222.467265
-13785.973637,32,11223.178939
-13683.153018,31,11223.890342
-8000.923331,20,11224.311708
-8000.413651,20,11224.769367
-23085.404981,38,11225.636816
-13807.898983,31,11226.363252
-31201.485743,42,11227.290846
-9605.019441,24,11227.831885
-51561.609848,51,11228.957514
-44104.964286,46,11230.005848
-12070.579945,29,11230.633807
-22694.239923,39,11231.543569
-50474.717525,46,11232.606258
-89534.882918,51,11233.757256
-20390.354372,37,11234.617289
-96420.700924,51,11235.799117
-21489.857171,38,11236.643993
-24701.147299,38,11237.505558
-34210.615749,42,11238.475332
-33085.868222,42,11239.399741
-9606.729885,24,11239.917292
-20619.342386,37,11240.764288
-42771.116714,43,11241.739858
-24317.105962,39,11242.668856
-29252.319972,41,11243.636317
-14634.794572,33,11244.403844
-68987.593057,49,11245.624553
-9455.178517,23,11246.149024
-34497.293783,43,11247.163753
-20356.628677,37,11248.034521
-15603.622991,32,11248.773607
-13354.474913,31,11249.564544
-13334.058512,30,11250.208838
-13932.376167,32,11250.938032
-14729.271606,32,11251.734606
-21760.544567,41,11252.69561
-23554.620748,39,11253.603177
-28745.777307,41,11254.546664
-15356.047737,33,11255.287534
-31300.579283,42,11256.273182
-9606.091235,24,11256.890152
-54250.915705,46,11258.015817
-24477.369788,41,11258.994112
-64127.585434,47,11260.132037
-39748.314674,44,11261.104514
-21980.705527,39,11262.017761
-29390.546611,42,11262.993145
-22930.928819,40,11263.911793
-83072.879697,49,11265.066035
-96924.238029,57,11266.511767
-39156.351392,45,11267.608843
-18043.952317,36,11268.457114
-19420.235056,36,11269.293394
-38953.860897,42,11270.256059
-40239.174096,46,11271.36899
-25296.264886,40,11272.325699
-16857.093544,36,11273.164698
-14764.174507,32,11273.891047
-81253.496194,50,11275.038455
-8000.116366,20,11275.53776
-29475.787341,41,11276.494913
-38450.113043,43,11277.529141
-59401.581573,48,11278.657169
-52444.103766,46,11279.776003
-14466.832101,32,11280.521556
-52002.898118,47,11281.578813
-62843.849739,51,11282.785546
-32821.348821,42,11283.806367
-25728.277464,40,11284.735365
-17415.438258,34,11285.5838
-22309.459518,38,11286.5217
-16445.927598,34,11287.322044
-23503.357807,39,11288.243689
-17526.292618,35,11289.06617
-14121.770126,32,11289.848745
-16074.280449,35,11290.711533
-25044.850303,41,11334.202212
-25307.393706,40,11335.1636
-35279.876985,43,11336.27644
-14029.190254,31,11337.068642
-13115.495355,30,11337.907883
-27594.100812,39,11339.350199
-30915.921137,45,11340.571421
-33042.006815,44,11341.531373
-8000.497039,20,11341.951478
-33108.463401,43,11342.944801
-36626.535527,42,11343.940248
-14508.032706,33,11344.793265
-40583.787313,44,11345.921301
-77046.567305,49,11347.092515
-66857.657382,48,11348.216614
-32756.421314,41,11349.274343
-22123.74179,38,11350.108195
-15994.912417,34,11350.834325
-128959.675832,52,11352.206103
-57380.756291,46,11353.376674
-22651.188923,39,11354.327507
-82097.108803,48,11355.519999
-81744.14526,50,11356.818671
-40028.861636,44,11357.822263
-11039.631273,26,11358.386714
-23229.856813,40,11359.320619
-21078.481207,39,11360.326591
-8000.224909,20,11360.842696
-60919.653411,48,11362.431281
-12620.096855,29,11363.362072
-27088.670791,41,11364.345466
-10625.82546,26,11365.004573
-72809.351902,49,11366.374563
-27683.270898,40,11367.396763
-59334.128034,46,11368.537884
-50453.890267,46,11370.147487
-25755.275789,41,11371.412257
-55397.805664,46,11372.472612
-20315.031274,37,11373.271287
-41233.586935,45,11374.563015
-16292.864735,33,11375.346616
-10314.592567,25,11375.918145
-19297.517388,39,11377.005651
-62279.441979,47,11378.328991
-53132.503349,46,11379.595375
-11195.687837,27,11380.226818
-12054.410367,28,11380.994682
-28414.445176,39,11382.150286
-30493.458214,42,11383.336823
-16555.681369,34,11384.420424
-38045.496973,44,11385.778669
-47017.030985,46,11387.498889
-11981.416758,28,11388.636065
-21009.418845,38,11389.510509
-102710.44829,50,11391.011977
-12557.14988,29,11391.705058
-42251.170204,43,11392.834517
-22471.192703,39,11393.923874
-17034.336802,35,11394.761124
-27848.357741,41,11395.725848
-37107.783684,43,11396.843081
-15899.9665,33,11397.706908
-9804.009817,24,11398.293349
-17177.22528,35,11399.230773
-77442.298887,50,11400.475609
-21073.883648,38,11401.327543
-19474.380581,37,11402.293404
-28488.680836,40,11403.332496
-24677.43221,40,11404.244044
-89334.651979,52,11405.43854
-50434.888244,45,11406.486187
-26207.983232,40,11407.513039
-12149.35886,29,11408.175363
-62646.565918,49,11409.289608
-13706.015001,32,11409.933616
-23517.321455,39,11410.773702
-43499.373294,44,11411.728235
-36679.727689,44,11412.722504
-12210.318818,29,11413.494004
-11511.171794,27,11414.113918
-12495.654759,29,11414.855878
-17492.245289,36,11415.738879
-16951.701117,35,11416.777484
-67088.25318,48,11418.231806
-22894.181653,39,11419.149455
-56628.361357,46,11420.287976
-53086.467837,48,11421.345837
-23324.232242,39,11422.242816
-90722.626957,50,11423.376114
-109369.600796,50,11424.578562
-13407.422796,31,11425.294291
-31657.058013,42,11426.308337
-86610.673435,48,11427.445656
-14164.126852,32,11428.17421
-59968.191755,46,11429.23163
-35877.748038,43,11430.260482
-143532.854746,54,11431.446407
-16375.458005,34,11432.222711
-9253.614119,23,11432.767098
-79428.945562,52,11434.009128
-14443.508943,32,11434.734789
-13529.143548,31,11435.384667
-17672.597886,36,11436.177908
-104783.592717,52,11437.500153
-68670.757859,49,11438.771206
-16700.765719,34,11439.608525
-19674.669211,36,11440.456897
-21333.499352,38,11441.378059
-10057.925154,25,11441.988971
-22148.424633,38,11442.874241
-86621.966125,48,11444.088016
-14381.030155,32,11444.759408
-14205.154072,32,11445.579541
-25022.762373,40,11446.543737
-21901.909275,37,11447.372929
-47554.023915,46,11448.388816
-60708.87544,48,11449.463815
-53726.84957,48,11450.577273
-11032.637674,26,11451.18596
-37466.025322,43,11452.11674
-96987.365107,51,11453.18009
-14378.987688,32,11453.906193
-53649.786022,45,11454.947735
-42073.878509,46,11456.02108
-19892.028625,37,11456.904894
-20414.161007,38,11457.754881
-114428.756974,52,11458.954952
-17819.272939,36,11459.779533
-28572.859108,42,11460.781567
-17380.998857,36,11461.804453
-48661.072339,46,11462.936897
-26480.767536,40,11463.849106
-54169.894662,46,11464.967403
-14660.358034,33,11465.96287
-50099.131953,46,11467.054081
-20094.337239,37,11467.865433
-63563.507391,49,11468.986959
-42051.085137,44,11469.973571
-47089.803634,44,11470.941854
-10664.060141,26,11471.497929
-23606.260036,39,11472.704846
-17024.056809,34,11473.585304
-14469.231898,32,11474.283972
-11114.70437,27,11474.918077
-25973.533147,40,11475.857432
-89726.04131,49,11477.175617
-14018.98337,32,11478.007296
-29346.217232,42,11479.3455
-25243.924821,39,11480.325754
-15641.431239,33,11481.172042
-13604.175187,31,11481.903075
-17432.242354,35,11482.730895
-12582.09496,29,11483.514703
-14403.520835,32,11484.205971
-63183.347361,49,11485.247123
-13797.711748,31,11485.92223
-9705.850221,24,11486.455363
-8951.114418,22,11486.953137
-36502.682749,43,11487.931867
-14903.100101,33,11488.718903
-24182.45811,40,11489.681558
-19454.796811,37,11490.55398
-13183.599114,30,11491.337897
-23491.553665,40,11492.215436
-80278.48437,50,11494.015955
-46509.242525,47,11495.119665
-95367.133583,52,11496.340008
-22706.715242,38,11497.618617
-96864.977709,53,11499.081807
-12940.588249,30,11499.915344
-21490.928073,38,11501.033271
-11804.566872,28,11501.762398
-33165.217423,44,11502.83441
-55687.354221,47,11503.918185
-124433.803247,53,11505.126251
-33569.73833,44,11506.226016
-17734.55348,37,11507.127227
-13438.597452,31,11507.879472
-21095.982144,38,11508.773157
-15993.561295,34,11509.570773
-13581.580605,31,11510.324953
-94750.379764,51,11511.711502
-28639.390176,42,11512.63089
-15468.027027,34,11513.747782
-18471.327153,36,11514.908009
-15109.214773,34,11515.658957
-127056.762164,52,11516.916181
-32953.777376,43,11517.869666
-26630.300314,45,11518.927864
-26157.02894,41,11520.064962
-71936.133876,48,11521.233362
-45033.20183,43,11522.246099
-12823.647364,30,11522.972555
-32462.552288,41,11524.067201
-18323.339432,36,11524.964125
-38756.43799,45,11526.049881
-39322.188402,44,11527.157166
-32290.111628,42,11528.27114
-19933.203937,37,11529.134622
-9958.625746,24,11529.664137
-10618.877174,26,11530.236626
-36114.234721,43,11531.160869
-25236.886164,41,11532.395948
-15534.428435,34,11533.039961
-64733.915377,48,11534.086832
-14156.383573,32,11534.859378
-14832.428219,33,11535.697347
-17213.788244,34,11536.533212
-9253.871276,23,11537.108333
-8000.936188,20,11537.566966
-113931.546172,50,11538.956737
-14866.952095,33,11539.670763
-32059.126858,44,11540.62784
-8001.075209,20,11541.077836
-14630.234514,32,11541.890967
-21137.750987,37,11542.741766
-19529.663396,38,11544.010462
-25607.778224,41,11545.010695
-23323.877518,39,11545.809806
-27489.58453,42,11546.884354
-40350.710436,43,11547.921953
-25410.107678,41,11548.890553
-46334.192204,45,11550.04291
-17689.32886,35,11550.849724
-36532.656941,42,11551.83357
-59780.219789,49,11553.03117
-24233.299033,39,11553.834904
-22603.599157,38,11554.654355
-39220.745241,47,11555.682
-94329.856768,50,11556.882436
-45701.622544,45,11557.930474
-28880.25838,40,11558.871523
-66727.04725,47,11559.977107
-28537.99728,44,11561.057211
-42791.703813,45,11562.0696
-36509.549448,42,11563.047893
-86742.219668,49,11564.157172
-13035.951976,30,11564.813742
-20438.111783,36,11565.636245
-14918.253587,32,11566.375168
-24271.776948,38,11567.262096
-10717.992076,26,11567.858696
-32439.123697,42,11568.848485
-9906.822508,24,11569.414836
-44323.959163,44,11570.473721
-10984.309855,26,11571.114905
-12000.169955,28,11571.767558
-100108.936846,53,11572.99565
-68285.470151,49,11574.157904
-53250.60814,45,11575.296208
-10266.960378,25,11575.870601
-31499.551072,46,11577.00419
-15286.537288,33,11577.738237
-12047.359159,28,11578.409299
-63741.731896,48,11579.546862
-26438.605974,40,11580.551403
-75001.634806,47,11581.672158
-59143.859043,47,11582.776966
-38208.778068,44,11583.841835
-118644.53412,52,11585.057836
-14997.341375,33,11585.882287
-29161.685542,40,11586.881135
-20621.576971,37,11587.773712
-10409.921296,25,11588.369874
-46731.753523,46,11589.539999
-13511.932559,31,11590.284025
-108464.199889,49,11591.407045
-94251.749947,51,11592.560255
-13119.127208,30,11593.252133
-55281.833263,50,11594.528951
-127431.131041,52,11595.799605
-22444.954467,38,11596.728344
-40010.36717,46,11597.809626
-20643.301067,38,11598.737283
-37961.158886,43,11599.804878
-38789.942451,43,11600.86584
-30249.309659,41,11601.871014
-43532.240963,45,11602.94562
-26277.754001,42,11603.934268
-36625.306149,42,11604.891232
-14253.18769,33,11605.661966
-13468.709992,30,11606.3713
-29444.802316,43,11607.407922
-23092.103688,39,11608.32498
-43573.032394,46,11609.396064
-25009.687823,40,11610.32589
-102741.264082,52,11611.533841
-44000.385928,44,11612.566012
-46303.999388,46,11613.674992
-33078.878,43,11614.707894
-19804.602217,37,11615.588786
-13185.965178,30,11616.33214
-14410.011098,32,11617.133836
-14570.277142,32,11617.878664
-9201.546722,23,11618.418901
-48893.43176,46,11619.445534
-77645.777736,50,11620.607613
-35531.74977,45,11621.636585
-100262.982295,50,11622.793081
-60062.143671,46,11623.834486
-30752.763417,43,11624.867112
-10310.567151,25,11625.452636
-27789.135816,40,11626.427986
-19424.251913,37,11627.33989
-28025.758876,41,11628.3406
-140150.896463,52,11629.599491
-25037.389977,39,11630.550323
-42253.141936,44,11632.00036
-10977.604749,26,11632.519445
-24071.03582,40,11633.377945
-21167.973635,38,11634.193899
-70212.18875,49,11635.40536
-28591.07677,41,11636.397006
-13238.707034,31,11637.161005
-20823.302829,37,11637.999196
-57174.936943,48,11639.146725
-11858.264284,28,11639.914044
-14648.987903,32,11640.843123
-84809.043906,49,11641.985339
-51166.070522,44,11643.081627
-16495.747456,36,11643.914933
-13657.092065,31,11644.735213
-13635.443295,31,11645.522941
-32365.741171,42,11646.575813
-22908.176954,40,11647.708798
-67318.463203,48,11648.790238
-24492.941551,39,11649.686449
-35802.213847,43,11650.700549
-19156.715668,36,11651.538302
-88465.481385,49,11652.665523
-22791.297699,40,11653.59675
-10106.941458,25,11654.210238
-30970.044906,44,11655.25322
-23165.346603,40,11656.257652
-20528.160839,39,11657.303473
-16304.712016,34,11658.094028
-38407.148007,44,11659.104352
-49308.465598,47,11660.185817
-39704.561904,45,11661.361658
-12094.612563,28,11662.063277
-8001.073799,20,11662.524764
-26316.053996,40,11663.468805
-26572.939285,42,11664.47477
-116324.656225,53,11665.711378
-41097.863843,44,11666.770244
-14990.514262,33,11667.598808
-24723.387399,39,11668.502095
-47533.919047,44,11669.567692
-52164.680237,47,11670.68714
-14516.631021,32,11671.559241
-14534.159985,32,11672.365298
-33556.179264,41,11673.349144
-20445.060355,38,11674.257823
-26316.914172,39,11675.104521
-25257.221706,39,11676.027876
-28275.530476,40,11676.996372
-21829.100434,39,11677.878467
-22391.008218,38,11678.809996
-19672.861933,37,11679.65898
-19014.30909,36,11680.494452
-22209.652657,38,11681.399137
-25925.328608,40,11682.344381
-16040.858124,34,11683.133828
-117998.693112,52,11684.336959
-9603.508705,24,11684.90914
-17052.751958,36,11685.751092
-103365.14496,58,11687.154187
-23922.172389,39,11688.102535
-60114.161049,47,11689.287592
-8901.314555,22,11689.804112
-11380.374513,27,11690.433329
-15420.884181,32,11691.254746
-8000.211581,20,11691.771229
-23584.396575,39,11692.705926
-21333.070447,40,11693.709482
-24339.104377,40,11694.665857
-26506.736191,40,11695.588719
-101091.682765,54,11696.754305
-56433.011841,47,11697.824121
-19674.046163,36,11698.692141
-15533.08423,35,11699.487563
-13578.340942,31,11700.266943
-78756.478056,47,11701.334153
-14714.362914,32,11702.108251
-8000.593988,20,11702.589109
-15639.851715,34,11703.389758
-48882.514729,47,11704.537763
-11100.27592,27,11705.184745
-31955.136749,42,11706.200116
-20669.192657,37,11707.013449
-13968.00856,31,11707.702061
-123765.0118,52,11708.879773
-54043.874755,46,11710.005884
-25761.889778,40,11710.911517
-28839.534496,41,11711.865967
-12443.085785,29,11712.489242
-21847.848155,38,11713.389713
-12982.199926,30,11714.031159
-70563.078647,49,11715.133505
-17381.473439,35,11715.923478
-18306.958254,36,11716.764584
-10924.662813,26,11717.339437
-16958.893631,35,11718.145643
-47996.616325,46,11719.212877
-13307.456718,31,11719.977893
-47170.271281,48,11721.063444
-92614.860306,50,11722.200767
-26730.109093,43,11723.236264
-13396.926942,31,11723.958488
-26812.750294,40,11724.87674
-25113.657024,40,11725.841431
-25673.890467,39,11726.819884
-30261.513502,43,11727.893107
-54759.974546,45,11728.927013
-19629.80048,37,11729.75282
-8852.212189,22,11730.249334
-17485.238225,35,11731.066907
-14665.861403,33,11731.793094
-35238.410276,45,11732.847342
-39263.148034,43,11733.90437
-73813.588473,48,11735.180601
-17254.615036,34,11735.920153
-40474.656204,43,11737.052599
-41406.244289,43,11737.986866
-18189.61985,35,11738.82463
-15664.981755,33,11739.70059
-44748.275405,44,11740.78371
-38380.720096,43,11741.870793
-44748.603272,45,11743.312917
-12100.548732,29,11744.304285
-13209.325906,30,11745.312034
-36425.901018,44,11746.409331
-23757.338916,39,11747.337785
-10671.02536,26,11748.029508
-11229.709074,27,11748.719401
-12981.508319,30,11749.486572
-44070.595118,45,11750.569323
-53423.912265,48,11751.732361
-37521.211114,46,11752.868157
-57475.956801,47,11754.032902
-15289.734485,33,11754.835868
-109847.872744,51,11756.089483
-36626.077834,45,11757.178779
-15444.313917,33,11757.904933
-48818.081597,44,11758.959677
-85742.315269,49,11760.111932
-126733.114123,51,11761.33117
-23624.984552,40,11762.306579
-12416.476459,29,11762.998193
-24360.726194,40,11763.91832
-19554.47227,37,11764.774877
-13122.613603,30,11765.443699
-14302.966403,33,11766.224212
-105673.105769,50,11767.425027
-40467.71181,46,11768.504374
-54601.91989,46,11769.570615
-10265.111409,25,11770.154498
-14462.542753,33,11770.883489
-11862.434012,28,11771.514395
-30177.482277,42,11772.483189
-26719.983647,40,11773.395981
-33617.901607,45,11774.434737
-103930.838908,51,11775.64223
-24923.547527,41,11776.556036
-45871.621453,46,11777.630174
-27724.397998,41,11778.606828
-19264.140355,37,11779.502915
-26077.929885,40,11780.436242
-51001.982812,45,11781.516597
-14527.842613,31,11782.286548
-23229.010809,39,11783.210172
-14978.076347,33,11784.013202
-27944.405502,41,11785.010752
-63729.080253,49,11786.180389
-8000.095491,20,11786.614645
-40420.796794,45,11787.614839
-13041.025177,30,11788.368689
-25197.080792,38,11789.262374
-14370.151311,32,11790.093256
-10816.093986,26,11790.684648
-19546.047176,36,11791.563758
-11696.989842,28,11792.239369
-13710.003691,31,11792.950076
-14538.818224,32,11793.701977
-58807.905635,49,11795.045813
-12600.465855,30,11795.724228
-15263.760437,33,11796.532701
-48126.804801,45,11797.591041
-13449.770712,31,11798.325394
-41992.399904,44,11799.320032
-45065.834142,47,11800.325787
-34007.773621,43,11801.285753
-17897.042367,35,11802.114957
-11722.627439,28,11802.769028
-21803.767343,39,11803.683119
-9253.178897,23,11804.252146
-9961.95701,24,11804.82814
-18226.88992,36,11805.706672
-61864.558466,48,11806.906788
-69090.793277,47,11808.076261
-14072.000121,31,11808.846117
-142665.107501,54,11810.173414
-14584.515826,32,11810.969086
-25737.183229,43,11812.055807
-17311.326096,34,11812.887326
-16899.768574,35,11813.747209
-10630.33077,26,11814.373224
-17041.036579,34,11815.209528
-14751.913981,32,11815.988985
-18399.264529,37,11816.888381
-13989.024585,31,11817.6455
-15331.927453,33,11818.440285
-45453.708749,45,11819.606757
-13075.444049,30,11820.3588
-79590.797631,48,11821.514479
-33792.196547,42,11822.410714
-83784.059062,50,11823.695876
-15626.682958,34,11824.523068
-30691.687408,44,11825.664665
-45902.95797,45,11826.766244
-17222.401008,35,11827.704294
-11511.649918,27,11828.539792
-14609.167004,32,11829.326737
-66618.523553,49,11830.554379
-11920.732297,28,11831.208395
-33232.859049,44,11832.335832
-26591.01008,41,11833.290751
-26971.932009,42,11834.249631
-14539.74923,32,11834.970912
-32517.190739,40,11835.934691
-17601.663562,36,11836.896425
-32391.262022,44,11837.970692
-31288.762903,42,11839.22906
-30554.943296,43,11840.31055
-47458.397964,45,11841.328472
-40654.315113,43,11842.592687
-15513.238094,34,11843.423319
-26939.648335,41,11844.372803
-39633.942931,44,11845.566938
-131659.160253,54,11847.162683
-83695.54922,49,11848.277534
-145188.101143,53,11849.772412
-16453.739931,33,11850.708999
-52113.707058,46,11851.965123
-16299.786587,34,11852.900947
-10615.270985,26,11853.558895
-22622.371112,39,11854.447714
-12955.66683,30,11855.124315
-83239.627299,48,11856.268038
-20911.049853,38,11857.195995
-13366.705565,30,11857.961192
-32660.164087,43,11858.994489
-42014.529461,45,11860.097493
-19608.680528,36,11861.142373
-16121.701545,33,11862.019009
-25142.314059,39,11862.899026
-22782.064737,39,11863.742208
-15694.445495,33,11864.52493
-18243.721439,36,11865.372558
-28678.327405,41,11866.251441
-22228.994762,39,11867.037496
-16721.613347,34,11867.756084
-88225.028002,52,11868.961917
-15500.806884,33,11869.730373
-13401.608356,30,11870.446832
-20069.745767,37,11871.362058
-28081.493342,43,11872.603939
-18462.324755,37,11873.43873
-62586.683472,47,11874.490966
-13124.117142,30,11875.211024
-42138.024911,45,11876.475746
-48936.202565,45,11877.787461
-37783.988102,43,11878.876703
-52162.392179,47,11880.102466
-15350.243825,33,11881.031849
-16849.674872,34,11881.932215
-53798.403426,46,11883.096089
-21076.880057,38,11883.931022
-43457.908747,45,11885.102349
-67244.510203,47,11886.351452
-19631.198245,36,11887.240412
-11882.524881,28,11888.044644
-21049.079289,38,11888.893199
-78430.432645,51,11890.160904
-38967.454793,44,11891.278869
-93701.256939,49,11892.611407
-11581.656357,28,11893.381094
-12530.304763,29,11894.024327
-13524.294985,31,11894.765112
-81530.010474,47,11895.91763
-53868.830162,47,11897.05963
-18548.737584,36,11898.114264
-24234.458734,39,11899.073381
-21552.026175,39,11900.33781
-13007.044042,30,11901.121425
-55547.880418,47,11902.379185
-11505.223453,27,11903.030913
-42456.739916,45,11904.171221
-20446.159867,37,11904.987704
-23597.510397,40,11906.00001
-31567.242067,43,11906.980887
-29489.94914,48,11908.130735
-93023.136543,51,11909.414784
-60119.583645,48,11910.513756
-17885.457737,37,11911.400685
-10669.595851,26,11912.146586
-56776.741549,47,11913.393719
-15757.718934,33,11914.214381
-19220.157354,37,11915.108726
-8700.938153,22,11915.635796
-12559.382605,29,11916.291264
-33845.17725,43,11917.300247
-14602.896797,32,11918.058117
-10968.715924,26,11918.705168
-13673.904086,31,11919.447532
-44132.001835,44,11920.728198
-16669.902111,35,11921.64291
-16174.092183,33,11922.501415
-58582.977974,46,11923.720433
-11997.349411,28,11924.381502
-12909.02492,30,11925.093132
-12394.03625,29,11925.764426
-40922.248744,43,11926.765825
-39437.892744,44,11927.820099
-20845.046482,37,11928.742814
-68717.944004,49,11929.923905
-15812.034856,33,11930.717308
-17821.461274,36,11931.600966
-87023.777414,50,11932.733785
-14098.668156,33,11933.490668
-14322.381139,33,11934.244212
-18725.881189,36,11935.131054
-62550.190149,50,11936.377334
-33282.80059,42,11937.404706
-14569.553136,32,11938.194866
-31175.143467,42,11939.343015
-36048.978752,42,11940.326291
-20797.323527,38,11941.29532
-27244.224172,45,11942.462216
-50643.294231,47,11943.645705
-52656.02764,46,11944.691857
-19276.101333,36,11945.496216
-19183.75643,36,11946.322312
-13639.247708,31,11947.062742
-34649.857748,42,11948.051987
-16375.835225,34,11949.008502
-12856.001231,30,11949.80512
-40656.868934,44,11950.977433
-32347.507764,42,11951.997765
-29682.206468,44,11952.923192
-17809.7662,37,11953.693366
-20223.061293,38,11954.530717
-13564.695021,31,11955.201332
-25945.756722,41,11956.366584
-26877.421107,40,11957.186594
-29428.058244,41,11958.034215
-19196.784686,36,11958.844089
-37530.462192,45,11959.922275
-18491.627117,36,11960.75801
-13828.473514,31,11961.50748
-17612.763587,35,11962.337674
-34459.425499,43,11963.352138
-23542.495706,39,11964.285877
-11701.48732,28,11964.918362
-15202.967583,32,11965.634812
-10668.195392,26,11966.261165
-30764.05247,41,11967.216007
-17804.882184,35,11968.054934
-95288.259286,50,11969.215336
-14504.579927,32,11969.923362
-24927.347259,40,11970.857874
-15374.170539,33,11971.5882
-45814.471938,45,11972.679292
-29354.181575,42,11973.544623
-57747.633183,46,11974.59143
-19743.519113,38,11975.467441
-55542.236813,47,11976.544209
-67497.336813,49,11977.719804
-9607.687825,24,11978.292268
-12023.181974,28,11978.943643
-90981.04495,50,11980.158696
-110521.918082,50,11981.380528
-52456.590773,46,11982.368316
-45553.701914,59,11983.654986
-12586.860608,29,11984.321015
-50585.59813,47,11985.441303
-29861.767348,40,11986.38805
-41995.790494,48,11987.547355
-13588.957767,31,11988.330879
-23882.874584,40,11989.303529
-17259.311109,35,11990.102605
-16090.037264,34,11990.926323
-23272.085871,40,11991.84453
-47053.666687,46,11992.891571
-15291.256281,33,11993.664205
-49516.735324,47,11994.709339
-8001.128154,20,11995.179899
-48547.925934,46,11996.230587
-17345.297051,36,11997.054567
-41114.826053,43,11998.021035
-25417.65441,40,11998.968805
-29011.337496,41,11999.901337
-62435.404872,48,12001.046301
-21369.751809,37,12001.894314
-56910.527292,47,12003.013353
-9556.525139,24,12003.552214
-39209.980777,43,12004.569283
-30306.290343,40,12005.517376
-59287.529693,47,12006.573538
-8000.274275,20,12007.075767
-38106.46135,45,12008.105394
-81434.449964,53,12009.400452
-44061.94792,45,12010.457096
-18664.364183,37,12011.375207
-21911.008456,38,12012.29263
-19070.569199,36,12013.084083
-16137.184741,34,12013.850004
-8000.561026,20,12014.308876
-41319.617976,45,12015.307232
-19361.427207,36,12016.143557
-21798.736686,39,12017.108991
-46730.064457,47,12018.2312
-15770.537453,34,12018.977746
-47898.455147,46,12020.003401
-22010.771048,38,12020.848836
-30441.31976,41,12021.768144
-14755.820175,32,12022.468066
-25554.187698,41,12023.388775
-11894.525686,28,12024.030553
-35823.556515,43,12025.037842
-27739.170247,39,12025.923532
-32160.278512,41,12026.88774
-39084.268279,45,12027.921525
-15497.015784,33,12028.705178
-42669.803191,46,12029.754182
-15482.345143,33,12030.470711
-17781.047077,36,12031.320423
-65474.895067,47,12032.366646
-26739.801054,40,12033.284682
-15660.724461,34,12033.996073
-11537.175734,27,12034.601002
-71473.108079,48,12035.714113
-93784.7987,50,12036.836457
-14575.581638,32,12037.644081
-16907.887599,35,12038.441529
-44557.402756,46,12039.429007
-17370.338518,38,12040.281598
-9757.123718,24,12040.867806
-23859.883409,38,12041.748698
-20213.210939,37,12042.638046
-9252.467083,23,12043.096027
-40474.14359,44,12044.084325
-27661.061495,40,12044.957886
-19229.403703,37,12045.769466
-33030.129869,41,12046.673845
-14009.210158,32,12047.433452
-75287.824843,55,12048.64652
-33584.499456,43,12049.637189
-24665.853762,38,12050.619639
-30646.418356,43,12051.653436
-25131.850485,39,12052.62326
-13695.392636,31,12053.367902
-63842.392224,49,12054.62584
-11887.460492,28,12055.285522
-57695.850069,46,12056.454569
-29022.823268,43,12057.507373
-12675.530679,29,12058.180332
-15110.873601,32,12058.910857
-9651.949571,24,12059.522724
-20997.302979,39,12060.438796
-25454.595528,39,12061.358686
-36949.95094,44,12062.402282
-18008.053491,37,12063.266912
-17218.844612,36,12064.149452
-82526.02512,48,12065.330227
-19282.650883,37,12066.237386
-38988.456876,44,12067.347571
-100829.793377,60,12068.765522
-27758.40095,41,12069.753556
-13928.555607,31,12070.527675
-35260.42287,43,12071.565485
-48121.209967,47,12072.680673
-21696.808185,39,12073.793006
-42682.278152,44,12074.80229
-25196.732195,40,12075.65092
-141915.195421,53,12076.852637
-32012.769388,42,12077.806816
-37698.365917,44,12078.869212
-30277.28493,42,12079.832017
-35321.311722,45,12080.901907
-21307.863762,39,12081.917561
-12963.569079,30,12082.617082
-12965.201338,30,12083.286815
-27238.445048,40,12084.202366
-44543.603141,47,12085.329224
-32589.575196,42,12086.293671
-42425.94465,44,12087.300062
-25974.826909,39,12088.245705
-64105.549573,47,12089.423031
-18641.109108,36,12090.236488
-30372.808749,42,12091.171104
-38300.348398,44,12092.188069
-14134.281873,32,12092.930664
-29280.894492,43,12093.9174
-46793.553726,45,12094.802148
-13664.195276,31,12095.508405
-17202.476685,36,12096.341919
-13249.977002,30,12096.998912
-12838.682135,30,12097.654398
-17923.100865,36,12098.495856
-17214.52721,36,12099.297833
-14424.207174,31,12100.053802
-128721.602111,53,12101.409465
-29547.915253,41,12102.347568
-28616.020737,41,12103.411022
-15031.874816,33,12104.287726
