#{"t_start": 1763598734.2519898, "env_id": "PulleyEnv-v0"}
r,l,t
-450335.674774,250,2.721231
-154123.141361,37,2.907516
-891361.129914,250,4.117487
-114962.41788,29,4.258184
-130387.175841,42,4.46757
-455218.435068,125,5.102957
-152131.615089,52,5.360418
-904386.711449,135,6.022425
-318196.508609,183,8.430612
-276338.613662,100,10.180261
-195166.604636,250,15.103649
-916123.523882,159,19.1119
-491447.669974,159,22.85354
-337247.43072,68,24.545316
-587828.230948,148,28.238183
-387092.935775,222,33.445653
-121771.504488,19,33.899929
-291654.188945,86,35.98271
-592372.94297,237,41.521262
-570778.570259,250,46.991851
-328310.69487,250,53.230157
-261762.614922,250,58.941945
-602396.633193,250,64.857271
-290421.84132,250,70.945838
-387509.741104,250,76.964401
-436236.279945,250,83.689095
-282726.21872,250,89.90965
-399991.831715,250,96.08459
-230657.615508,250,102.242351
-273856.891535,250,108.095333
-135242.758107,250,114.098053
-156310.177853,250,120.072479
-153172.96593,250,125.965004
-136518.9445,250,132.014512
-160346.884498,250,138.087676
-183381.919062,250,144.219557
-161155.424583,250,150.659853
-158259.474393,250,157.08949
-166968.166901,250,162.940179
-159075.107303,250,168.843188
-144174.866277,250,174.743387
-128909.769078,250,180.880803
-143521.894289,250,186.671286
-133171.274622,250,192.667819
-128301.182177,250,198.225736
-128200.673052,250,204.240029
-126656.57035,250,210.105103
-132330.952961,250,216.183219
-163235.666023,250,222.327385
-151314.00689,250,228.247564
-138278.532097,250,234.292845
-130635.781942,250,240.232789
-125588.171989,250,246.062645
-128873.457795,250,251.908238
-146869.61992,250,257.828115
-224571.365058,250,263.623252
-125944.928041,250,269.358551
-153919.751382,250,275.231755
-160968.406897,250,281.193383
-131292.56421,250,286.784853
-125732.820921,250,292.342594
-189540.789343,250,298.297896
-126759.98414,250,304.558289
-163342.95001,250,310.520621
-151351.341817,250,316.622919
-141228.761461,250,322.377532
-127227.679608,250,328.427488
-150355.634318,250,334.111172
-127153.022855,250,339.823409
-142416.888096,250,345.828501
-143173.216788,250,351.80475
-129944.182135,250,358.071958
-166656.217523,250,363.893408
-220036.062092,250,369.657918
-176239.333982,250,375.59082
-127068.104471,250,381.599584
-174623.761778,250,387.623361
-136979.583963,250,393.573751
-125877.013268,250,399.611717
-152827.606087,250,405.650725
-138141.963085,250,411.496037
-136143.014925,250,417.317479
-136144.053843,250,423.199514
-58061.555513,105,425.61013
-177209.474148,250,431.293817
-191648.062796,250,437.037625
-136104.453678,250,442.911659
-125502.493852,250,448.701409
-171220.949254,250,454.458126
-130211.28095,250,460.443415
-130769.591786,250,466.546347
-128389.99909,250,472.118682
-125654.46072,250,477.961596
-135033.866165,250,484.101299
-166158.26691,250,489.939034
-127635.132653,250,495.719129
-157293.693139,250,501.735005
-129498.241777,250,507.250145
-132444.100116,250,513.256692
-164681.004139,250,518.865466
-165574.647617,250,524.71289
-197033.881514,250,530.441361
-129824.287634,250,536.236438
-143860.224902,250,542.005428
-141221.242069,250,547.710928
-134145.195715,250,553.583264
-151878.062581,250,559.331449
-125840.722866,250,565.269483
-127445.72722,250,571.117629
-73395.1924,130,574.435308
-173027.405806,250,580.336385
-127657.604657,250,586.43784
-127434.694923,164,590.240441
-128160.850927,250,596.207971
-125884.755303,250,602.073745
-129864.800143,250,607.778703
-131484.577995,250,613.700973
-126037.942353,250,619.628246
-129524.919172,250,625.441217
-161651.148236,250,631.55163
-140197.128485,161,635.370567
-190918.283972,250,641.322417
-125986.162711,250,647.295969
-127133.316548,250,653.846065
-125969.932594,250,660.120458
-139584.945655,250,666.339295
-145093.502891,250,672.141437
-159620.619102,250,678.010677
-125987.917797,250,684.264124
-201594.664058,250,690.413504
-128601.038166,250,696.662421
-143030.906907,250,703.278229
-121554.120634,209,708.35387
-139817.208983,250,714.423904
-178002.442712,250,720.464711
-126750.373564,250,726.337721
-134696.560161,250,732.328979
-119997.848998,227,737.549756
-187389.037326,250,743.202944
-128194.68528,250,748.943608
-127874.566605,250,754.613329
-88704.358533,181,758.809791
-147234.483927,250,764.543032
-140943.951501,250,770.40719
-166821.471571,250,776.401845
-144430.565813,250,782.452667
-128896.50602,250,788.49017
-55448.492505,86,790.564528
-126467.723493,250,796.731507
-146764.254649,250,802.599229
-135437.889793,250,809.646329
-158338.295324,250,816.376837
-128051.776838,250,823.415872
-126004.669674,250,829.779094
-146172.667762,250,836.680064
-128526.43519,250,842.986671
-154023.529238,250,850.213827
-156256.08575,156,854.464257
-241589.60035,250,860.704098
-111540.889224,137,863.973572
-125969.253131,250,869.85249
-150160.427804,250,875.929167
-126443.732328,250,881.559975
-125670.471549,250,887.771822
-138870.549338,250,893.514901
-93077.807585,186,897.768225
-128013.616914,250,903.536744
-125594.326229,250,909.402153
-150898.65278,250,915.177843
-230351.582686,250,920.841114
-150191.269285,250,926.207351
-46691.765714,96,928.336193
-97249.328173,197,932.826538
-76798.563424,156,936.364075
-128290.471529,250,942.083632
-71003.64827,145,945.219651
-129125.832137,250,950.954628
-158770.000521,250,956.598052
-125626.134921,250,962.292209
-48241.645462,92,964.491565
-131154.8306,250,970.055673
-182222.929123,250,976.068291
-125628.383755,250,982.452867
-125543.942827,250,988.163077
-92142.832094,117,990.869065
-182499.146229,250,996.139062
-127031.486441,250,1001.782062
-68151.356175,111,1004.158494
-52841.073461,55,1005.489773
-49015.521611,100,1007.609433
-45146.826029,94,1009.75142
-50167.612323,75,1011.586152
-125383.048481,250,1017.530605
-138206.350082,250,1023.167883
-161390.033562,250,1028.783077
-90522.483547,183,1032.752163
-129595.499533,250,1038.590532
-122869.014681,241,1044.713693
-153488.962674,250,1050.559818
-125627.872149,250,1056.766924
-111815.85626,219,1061.826121
-158977.334105,250,1067.564092
-23185.645759,51,1068.734291
-49996.483337,93,1070.896158
-133445.086308,250,1076.7625
-76506.813565,75,1078.783237
-126236.21154,250,1084.630196
-128635.40012,250,1090.360702
-138572.934324,250,1096.503164
-168984.680749,250,1102.66012
-59550.954161,123,1105.348497
-115866.458663,218,1110.244993
-126366.343529,250,1116.400076
-126509.446011,250,1122.190964
-27018.308798,47,1123.388602
-125830.347606,250,1129.366077
-160830.144984,250,1135.231723
-126149.222861,250,1140.947371
-59545.035756,117,1143.679248
-130713.038551,250,1149.28387
-48807.013105,59,1150.712656
-130494.832703,250,1156.50528
-32859.380556,66,1157.982999
-129389.11896,250,1164.06126
-146592.761986,250,1356.502837
-120065.130468,239,1362.129625
-125930.134868,250,1368.383348
-127009.782819,250,1374.054967
-159971.48599,250,1379.717017
-127422.712801,250,1385.337511
-125596.756459,250,1391.393969
-127324.326765,250,1397.618191
-187973.752908,250,1403.18718
-53394.95702,111,1405.739707
-128229.404907,250,1411.558191
-43430.371696,71,1413.512313
-60655.912062,91,1415.482235
-127391.996076,250,1421.521515
-144841.679649,250,1427.34783
-128387.54338,250,1432.924385
-229295.211991,250,1438.658627
-46073.629399,67,1440.18116
-129515.418852,250,1446.035098
-128756.357661,250,1451.738596
-125435.624521,250,1457.713327
-45501.328532,72,1459.283123
-168744.629971,250,1464.927974
-128053.672981,250,1470.597529
-110684.492123,77,1472.333008
-55991.623329,116,1474.903644
-37013.559314,78,1476.602694
-127720.616605,250,1482.378366
-132007.815779,250,1489.195354
-29909.4254,63,1490.741434
-127239.203836,250,1496.490109
-45710.75335,84,1498.448295
-147026.061699,250,1504.664843
-126102.655766,250,1510.571642
-125379.696307,250,1516.403537
-67629.649571,107,1518.887986
-137791.293395,250,1524.912185
-95099.848534,113,1527.54444
-40867.784631,51,1528.728447
-37515.857062,79,1530.602651
-127515.33441,250,1536.440376
-90091.749573,184,1540.634452
-21626.79458,46,1541.635619
-129580.534842,250,1547.417166
-129037.727532,250,1553.265143
-99240.364359,178,1557.424737
-71193.379702,66,1558.971172
-128545.887088,250,1564.875304
-134989.821247,250,1570.772608
-126427.330707,250,1576.776016
-117880.175159,230,1582.225231
-92972.76026,186,1586.590738
-126057.528796,250,1592.403504
-23744.53912,48,1593.514454
-151462.382965,231,1598.870666
-127030.643718,250,1604.833693
-32440.251812,60,1606.363079
-25727.036005,52,1607.621314
-66628.899525,136,1610.765107
-144615.635316,250,1616.354046
-60536.662792,123,1619.223335
-127298.006314,250,1625.161875
-161020.159207,117,1627.799886
-137336.963318,250,1633.431595
-129886.37296,250,1639.196439
-126192.843178,250,1645.173565
-88461.420753,82,1647.187437
-94447.496748,88,1649.292461
-45519.91793,87,1651.505433
-54990.215702,114,1654.16668
-118892.38025,226,1659.874873
-12666.416376,30,1660.810065
-164423.143586,250,1666.492611
-65532.117668,86,1668.521605
-88093.638348,180,1672.750964
-135794.72678,250,1678.490202
-129252.959856,250,1684.251802
-62597.200763,115,1686.995624
-128708.35777,250,1693.37097
-127318.239384,250,1698.99793
-126473.275692,250,1705.190688
-136339.332549,90,1707.626511
-34751.147416,56,1709.080095
-95750.200767,66,1710.589993
-129325.690171,250,1716.347059
-122758.118638,85,1718.450453
-32334.67699,69,1720.037769
-164609.819555,250,1726.11318
-111282.788874,108,1728.69111
-126105.559763,250,1734.681435
-126403.217135,250,1740.307542
-31142.934989,65,1741.816622
-131369.611585,250,1747.812632
-34679.159917,63,1749.299684
-60843.541512,106,1751.611765
-30211.006313,65,1753.13308
-132425.205606,250,1759.105646
-47079.719926,98,1761.459419
-58123.194959,120,1764.359834
-56712.930373,115,1767.032008
-126128.79798,250,1773.131597
-73046.997341,144,1776.290465
-75794.5422,147,1779.823115
-44504.562431,73,1781.393162
-167700.327505,250,1787.362585
-57340.465565,80,1789.299755
-136419.146159,81,1791.233631
-125289.308409,250,1798.417985
-126112.385469,250,1805.7412
-62210.828543,99,1808.202995
-95355.957844,174,1812.067631
-25401.514588,52,1813.338136
-47107.75321,96,1815.642405
-35647.657389,61,1817.300427
-141163.000018,250,1823.232986
-86223.650174,173,1827.363482
-39174.303469,73,1829.216435
-34787.915822,60,1830.674504
-132691.400557,250,1836.749365
-39908.746455,61,1838.228052
-59163.4763,88,1840.34657
-28301.268281,59,1841.674045
-125386.550677,250,1847.674058
-85232.181278,170,1851.730912
-125463.429846,250,1857.659335
-132047.120352,250,1863.80573
-27576.094101,57,1865.103256
-100318.367744,200,1869.719766
-126205.480668,250,1875.378944
-22142.562666,49,1876.585543
-38471.006946,81,1878.563067
-190987.679195,165,1882.481186
-58507.255635,121,1885.208925
-160538.540346,184,1889.428573
-147072.080914,250,1895.432596
-91798.906591,187,1900.405156
-36224.436403,58,1901.770819
-130549.167828,250,1907.563191
-46123.150846,97,1909.98429
-97451.301466,171,1913.989346
-79813.631865,151,1917.421636
-30331.367299,63,1918.747339
-128417.302284,250,1924.579584
-27073.460527,58,1925.915134
-55687.964072,64,1927.478193
-67458.214755,125,1930.319983
-34989.563249,70,1931.854118
-41088.759637,55,1933.018199
-145390.316319,250,1938.561416
-125856.254835,250,1944.562606
-47686.615644,80,1946.373063
-99091.796496,89,1948.5214
-27460.033956,42,1949.385968
-28461.790556,60,1950.673287
-19019.437818,39,1951.497491
-55289.399808,106,1953.766125
-39250.098926,83,1955.663871
-61229.19073,119,1958.30817
-60614.170498,63,1959.707403
-39541.365225,82,1961.542591
-51426.384004,58,1962.898207
-34829.400274,74,1964.594903
-105043.996375,162,1968.367109
-37629.604597,77,1970.23118
-100825.812995,203,1975.171357
-148830.768186,250,1980.959144
-25393.114167,54,1982.244995
-31795.448558,44,1983.246525
-128970.48813,250,1989.185311
-135887.989984,250,1995.252904
-134153.278266,250,2001.068534
-53627.423244,101,2003.417514
-29080.191681,62,2004.89542
-157526.805723,250,2010.913295
-73886.153326,47,2011.997421
-133895.163908,250,2017.835574
-89993.274107,84,2019.831998
-21045.700006,46,2020.913287
-166438.180844,250,2026.578506
-20979.474462,46,2027.628304
-68464.791111,91,2029.790063
-155676.892218,250,2035.855843
-45002.693982,79,2037.70152
-70790.733067,122,2040.579247
-38946.64955,53,2041.850023
-85489.015919,65,2043.417373
-132137.493662,250,2049.507031
-10609.023792,26,2050.065327
-36673.894245,61,2051.477783
-34300.190681,57,2052.82345
-47881.837761,80,2054.793632
-103339.609021,75,2056.511629
-67270.961954,81,2058.648661
-15273.961743,35,2059.445235
-47415.55047,87,2061.453626
-66036.667518,63,2062.929954
-44085.864236,91,2064.991147
-19519.416109,43,2066.008463
-48207.119719,48,2067.232696
-73925.995259,134,2070.309471
-134660.793591,250,2076.13167
-125876.055858,250,2082.299412
-21551.851605,47,2083.372628
-128215.552555,250,2089.686213
-168817.458993,250,2095.400165
-81051.963025,166,2099.140536
-35059.355027,71,2100.731209
-22900.677473,49,2101.744746
-21479.89835,44,2102.79455
-129703.925497,250,2108.473858
-48188.629161,72,2110.036282
-125145.194517,250,2115.873881
-125775.847749,250,2121.652915
-137208.88464,250,2128.046993
-139706.33727,250,2134.700261
-45776.73775,48,2135.977499
-14325.531159,33,2136.792855
-71963.039396,61,2138.368029
-36873.003669,60,2139.827744
-34550.678534,57,2141.33301
-138077.714218,250,2147.696426
-126203.867852,250,2154.381023
-39727.933277,53,2155.562159
-39297.442532,79,2157.438778
-127372.035179,250,2163.454902
-73797.839454,55,2164.64859
-19068.613579,41,2165.58034
-22806.008014,45,2166.689927
-55608.760389,61,2168.195785
-127231.185337,250,2174.132312
-127269.499723,250,2179.874827
-20444.041327,40,2180.711869
-36332.267187,77,2182.45644
-152152.024804,117,2185.212969
-35012.019788,55,2186.576244
-50842.624444,106,2189.126559
-50039.599162,91,2191.323322
-42908.991256,53,2192.622926
-130051.61962,250,2198.34191
-125010.467335,213,2203.450327
-33690.462021,46,2204.543836
-90385.133494,110,2206.946781
-116589.137693,80,2208.878541
-54013.16497,110,2211.512385
-126779.223913,250,2217.586441
-83515.23519,167,2221.610754
-66599.678714,137,2225.12885
-23863.848458,46,2226.31784
-58563.894223,76,2228.126046
-78890.088685,82,2230.57363
-27194.939261,56,2232.144614
-72399.231256,144,2236.111259
-19959.016826,44,2237.163971
-50000.564394,102,2239.870739
-20367.663467,44,2240.977488
-48631.913616,56,2242.536789
-19501.907837,41,2243.502936
-53293.415273,105,2245.970453
-48595.868569,60,2247.368657
-98546.407341,52,2248.614529
-27528.000535,58,2250.052594
-71002.252213,54,2251.383464
-89604.596476,131,2254.497004
-154156.385843,202,2259.335
-81756.187343,68,2260.9893
-85930.226782,93,2263.275275
-37335.356563,79,2265.192125
-27364.090381,59,2266.599499
-142196.886592,250,2272.533234
-114820.78732,61,2274.057284
-84936.153641,66,2275.723283
-21025.575055,45,2276.828033
-42376.847485,80,2278.825978
-52185.764583,53,2280.086439
-61349.953598,126,2283.129971
-125569.871455,250,2289.222706
-98629.756491,63,2290.772464
-88644.483065,93,2293.00954
-44162.651515,56,2294.436038
-56724.518902,55,2295.754762
-34634.197933,46,2296.84961
-59737.294939,53,2298.145315
-38956.670643,53,2299.495006
-103390.522581,132,2302.661915
-41631.260325,84,2304.716178
-123372.76941,237,2310.509481
-127285.794899,250,2316.527035
-85728.483166,140,2319.945981
-45429.461429,62,2321.499182
-26551.714043,47,2322.644594
-71249.545099,60,2324.030699
-46410.577237,59,2325.441184
-26395.454501,57,2326.856566
-43022.568764,78,2328.730571
-52733.317102,110,2331.385351
-23610.11176,51,2332.613369
-8000.966969,20,2333.081596
-33088.346645,48,2334.236731
-31664.21548,65,2335.78559
-31070.874625,64,2337.322396
-35190.064562,61,2338.830211
-101278.340536,195,2343.381551
-64206.909098,109,2345.937606
-26228.885554,44,2347.047199
-17502.588796,39,2347.9831
-22250.276426,48,2349.18078
-63478.993835,52,2350.430108
-32299.417818,68,2352.095507
-36450.704032,75,2353.984997
-104476.661734,98,2356.421577
-61809.645962,79,2358.269335
-115719.939576,57,2359.685773
-98305.51824,82,2361.58637
-22042.520202,48,2362.706767
-24977.656575,52,2363.926887
-45853.991145,96,2366.131934
-20683.191623,43,2367.195141
-84583.558063,75,2369.036864
-73128.371968,133,2372.119902
-129123.629575,118,2374.836302
-22211.600383,45,2375.832906
-48574.337898,59,2377.153911
-113400.794725,129,2380.170181
-44972.19048,87,2382.288788
-66509.604147,62,2383.814627
-45045.877422,94,2386.10754
-23915.754144,51,2387.304021
-21121.309792,46,2388.3916
-21647.215919,46,2389.44381
-84542.94915,65,2390.931116
-61298.64455,126,2394.046429
-32692.641989,68,2395.72493
-64357.152049,75,2397.389293
-105441.535617,63,2399.023965
-38862.641365,50,2400.181884
-31812.990944,49,2401.386306
-76193.194213,56,2402.670854
-40509.399701,52,2403.867915
-69932.140995,93,2406.07192
-28938.881783,61,2407.514988
-31371.057668,67,2409.109215
-127104.448493,250,2415.061133
-16557.898135,37,2415.963283
-38549.473964,78,2417.831144
-36780.131631,60,2419.220843
-123157.362132,250,2425.341732
-150061.366295,250,2431.298144
-65660.651221,111,2433.900562
-62655.720379,57,2435.207994
-19465.384579,41,2436.207633
-25789.623255,52,2437.46186
-38256.914602,80,2439.256294
-72819.527293,146,2442.675362
-99988.490924,64,2444.159343
-149696.069378,250,2449.92542
-22254.834287,42,2450.952576
-27867.301639,54,2452.244696
-75773.72695,62,2453.648797
-26145.771488,57,2455.028085
-31937.438439,63,2456.59233
-31624.989183,64,2458.151404
-29444.081655,59,2459.588033
-63688.111678,129,2462.643627
-21167.229077,36,2463.498308
-32931.79726,58,2464.847207
-19602.904259,41,2465.822667
-14841.058201,34,2466.598984
-23223.435876,42,2467.584254
-20658.350353,45,2468.672035
-53144.057541,54,2470.001279
-67291.280319,56,2471.370044
-132521.650378,67,2473.04153
-56538.424033,54,2474.380081
-64219.130703,66,2476.028982
-119111.872582,242,2481.740492
-95460.64136,193,2486.370956
-39803.68291,43,2487.386607
-29462.38885,55,2488.750231
-50000.790431,60,2490.185203
-117981.44717,58,2491.527343
-43545.390763,48,2492.711092
-41476.653369,84,2494.810765
-118653.303974,199,2499.622389
-26526.232546,55,2500.958606
-48018.772681,99,2503.364322
-29898.437625,54,2504.654996
-29374.12557,52,2505.894329
-19868.178058,44,2506.938614
-29153.661986,51,2508.134656
-82417.896763,111,2510.870878
-53641.150157,112,2513.585573
-28275.534387,61,2515.032269
-12957.679497,30,2515.758348
-59373.532606,50,2516.98511
-58159.897544,47,2518.11329
-28360.861339,61,2519.564545
-71087.057901,52,2520.786132
-85873.527314,57,2522.176856
-32776.341051,69,2523.835943
-35756.938798,48,2524.969368
-65510.46823,94,2527.215129
-34181.565495,46,2528.268021
-16500.5688,37,2529.124735
-35533.058908,49,2530.299767
-45607.62541,44,2531.404126
-16357.365538,37,2532.305795
-20233.223895,44,2533.360527
-57063.377914,56,2534.713936
-34415.110655,43,2535.728135
-28353.943405,47,2536.918155
-21161.254841,39,2537.85516
-77201.369029,57,2539.271541
-11014.118121,26,2539.890547
-21048.43027,41,2540.852675
-10565.52503,26,2541.520514
-70118.393243,142,2544.995014
-17871.163991,38,2545.914176
-23352.456179,51,2597.261627
-75594.974923,67,2598.934345
-39629.747997,56,2600.273097
-27157.204783,44,2601.356115
-99996.683281,63,2602.91198
-21194.279977,45,2604.030537
-27763.167382,45,2605.125172
-20836.499188,40,2606.083465
-69931.621091,53,2607.347983
-81355.444859,56,2608.701673
-97709.97237,52,2609.862458
-18673.07976,42,2610.792664
-11128.506724,27,2611.389705
-45708.879706,48,2612.554164
-24468.399336,50,2613.717985
-33644.777271,54,2614.954012
-31025.729024,44,2616.025373
-16053.00342,37,2616.921177
-16848.856282,38,2617.826195
-8000.534673,20,2618.27262
-55050.322503,49,2619.479225
-25668.248034,53,2620.778998
-55728.606965,71,2622.547289
-23251.605257,50,2623.713184
-42282.878317,54,2624.956575
-86882.921822,54,2626.246666
-75176.258123,52,2627.45343
-94092.307808,142,2630.724
-40815.926244,51,2631.840569
-25437.666996,45,2632.867162
-19041.473634,41,2633.879759
-26284.953907,38,2634.849314
-15134.481926,34,2635.718887
-42637.821717,45,2636.735356
-45760.5487,92,2638.883553
-47024.311698,50,2640.061007
-93006.795888,52,2641.346151
-19200.356914,40,2642.301623
-41982.459166,62,2643.770789
-15680.088619,32,2644.543715
-74795.219421,49,2645.680786
-26649.923197,45,2646.723738
-63489.981926,53,2647.948936
-82055.735561,65,2649.467345
-17782.033678,37,2650.326596
-74354.849444,56,2651.686608
-22413.988005,48,2652.887347
-44752.924446,47,2654.036089
-86701.903379,56,2655.360263
-24300.607586,43,2656.360638
-31012.58784,66,2657.907927
-91598.704008,54,2659.144056
-58335.273121,49,2660.28915
-20374.955426,45,2661.358579
-21161.000242,45,2662.4597
-22997.694322,50,2663.650871
-86007.057341,53,2664.894422
-21691.953664,42,2665.896256
-19219.294939,42,2666.805946
-33777.612579,47,2667.886483
-18510.940971,35,2668.701389
-33322.767997,55,2670.010479
-42638.009982,49,2671.209447
-16249.84822,37,2672.056856
-13465.922239,31,2672.738232
-34315.065325,59,2674.137246
-49238.279485,42,2675.12222
-22234.404672,38,2676.020529
-80990.143496,53,2677.289077
-89257.232001,76,2679.097297
-25076.377133,53,2680.329092
-22000.189189,47,2681.432288
-39610.88634,51,2682.648695
-93182.120024,55,2683.921806
-26535.635512,54,2685.09119
-9355.49052,23,2685.58208
-37454.427537,47,2686.588926
-28679.381681,39,2687.432997
-19525.034567,42,2688.380038
-28480.833243,43,2689.370977
-13218.904748,31,2690.08671
-28791.363322,44,2691.083539
-60727.69325,46,2692.201131
-25148.906333,45,2693.259935
-97100.485325,76,2695.116629
-22861.412491,46,2696.203293
-12906.075675,30,2696.940411
-18604.838907,41,2697.954037
-21673.165643,41,2698.94045
-17148.872033,36,2699.824389
-8000.480224,20,2700.31648
-22577.966401,38,2701.229538
-22759.427307,38,2702.211669
-10878.692623,26,2702.858758
-18379.198825,41,2703.847601
-29495.243558,43,2704.838846
-84869.647438,49,2706.011152
-17757.63751,40,2707.048582
-26839.672852,58,2708.511742
-21601.012029,39,2709.464128
-17663.539754,36,2710.328614
-20910.916806,38,2711.217808
-37343.270817,75,2713.083955
-53516.198412,49,2714.256672
-66394.772771,47,2715.359984
-36357.22413,67,2717.005023
-62375.125356,53,2718.263861
-123385.432628,75,2720.065775
-21935.073861,38,2721.002427
-74468.019676,132,2724.120654
-24227.29424,38,2725.093907
-112958.169523,56,2726.498276
-21744.810359,48,2727.724417
-22564.856926,39,2728.688684
-29352.941972,44,2729.713837
-36361.934395,43,2730.757367
-19315.691296,42,2731.751279
-22617.430807,41,2732.716874
-27096.266435,54,2733.981324
-14859.626757,34,2734.803708
-18841.648059,37,2735.681735
-17555.944044,38,2736.581209
-10266.057448,25,2737.195283
-35732.664197,44,2738.338323
-60140.970957,51,2739.576608
-31278.384475,43,2740.604715
-39157.420219,59,2742.003319
-29342.964291,44,2743.145689
-126759.019012,250,2749.149313
-18593.788252,41,2750.1013
-76159.996283,49,2751.309195
-9803.442589,24,2751.863452
-31121.286931,47,2752.966892
-11122.597579,27,2753.625793
-23723.837822,39,2754.568107
-19388.966659,42,2755.627664
-86072.311533,52,2756.9009
-33467.46737,45,2758.048866
-9352.043619,23,2758.61487
-68955.591454,52,2759.834094
-15854.924023,36,2760.727903
-83164.397653,51,2761.983716
-25698.44727,55,2763.317316
-48788.799668,49,2764.442626
-22584.554223,40,2765.431814
-10506.779509,25,2766.028597
-23744.628397,39,2766.940666
-115757.070638,53,2768.254581
-28970.798239,43,2769.270687
-54307.070846,51,2770.476673
-38630.442734,78,2772.347481
-30068.427742,45,2773.458256
-29226.520264,62,2774.99327
-129101.791895,57,2776.373289
-24338.572095,53,2777.679741
-41948.802053,43,2778.718161
-20243.844644,38,2779.638335
-21271.512178,39,2780.588245
-21770.879824,38,2781.591833
-19580.012578,39,2782.538405
-48772.871381,52,2783.831865
-30439.070768,42,2784.835858
-67475.947732,45,2785.911029
-18181.563208,36,2786.805225
-64347.408367,67,2788.393601
-22179.431671,40,2789.372447
-15483.530939,35,2790.238106
-11705.495576,28,2790.921161
-22086.566271,48,2792.072075
-32364.277562,53,2793.374419
-53151.790281,51,2794.641102
-22194.480651,44,2795.704295
-26595.746363,57,2797.088309
-48396.150038,48,2798.247516
-15593.605918,35,2799.067581
-36095.650302,45,2800.18033
-52837.456044,50,2801.451482
-16949.009419,35,2802.305411
-36673.411216,49,2803.558648
-106359.62003,56,2804.918816
-18932.265867,36,2805.810779
-63864.550815,50,2807.080711
-23654.147518,38,2808.030613
-21960.186494,40,2808.98261
-35816.772709,51,2810.191516
-71406.568286,49,2811.385195
-28963.954849,62,2812.858115
-31228.57584,63,2814.409681
-65079.773499,51,2815.661891
-41305.133834,51,2816.845532
-69015.415615,50,2818.047992
-46058.250339,48,2819.183621
-86822.124733,53,2820.437348
-62495.874132,46,2821.54643
-24812.897353,42,2822.522552
-17662.149375,36,2823.364916
-36456.189595,45,2824.415189
-19991.643747,44,2825.424961
-50055.463167,56,2826.826068
-22212.239431,46,2827.898167
-115952.036975,52,2829.158248
-68835.070577,54,2830.450026
-36769.612372,41,2831.455045
-91236.526284,51,2832.74137
-41193.722649,43,2833.748671
-27284.23896,52,2835.044846
-34008.000117,72,2836.781472
-11101.976325,27,2837.420836
-19847.935652,36,2838.277288
-63398.401479,58,2839.731794
-18607.006446,42,2840.758602
-8000.921385,20,2841.207617
-93325.583472,58,2842.552803
-19935.071184,38,2843.450381
-17152.612063,36,2844.329985
-87497.619306,55,2845.67047
-46196.431305,43,2846.737416
-21975.975669,38,2847.682449
-14515.53615,33,2848.534038
-16203.655337,33,2849.344294
-15630.094549,35,2850.227716
-28167.899736,44,2851.320575
-32028.530234,44,2852.371612
-60552.480768,63,2853.852439
-123020.114226,51,2855.074787
-8951.454688,22,2855.621773
-22735.010242,48,2856.762246
-70240.61502,49,2857.971317
-8651.054403,22,2858.492761
-24817.327406,38,2859.365219
-29929.531019,41,2860.367385
-10929.793672,26,2861.008315
-73000.307928,59,2862.512561
-25366.454932,55,2863.823767
-11035.069319,26,2864.427933
-16532.575293,36,2865.283366
-21662.89487,37,2866.18012
-13628.629623,31,2866.960957
-37261.401886,43,2867.985699
-23847.870663,52,2869.286806
-43388.856413,43,2870.264633
-33804.253305,45,2871.327649
-50457.52655,48,2872.451782
-70607.117049,54,2873.746476
-76213.056122,61,2875.273749
-17230.583715,36,2876.162809
-39178.679047,43,2877.181485
-65965.73125,60,2878.543676
-13223.282829,30,2879.246587
-18498.102164,35,2880.10851
-54929.128154,44,2881.159826
-23068.49735,38,2882.036923
-15329.641701,35,2882.900322
-24864.642138,38,2883.828216
-18598.134231,36,2884.683703
-20627.121489,41,2885.684072
-20044.800485,44,2886.708924
-40561.304459,42,2887.731997
-124548.103338,53,2888.951447
-22623.5548,41,2889.930362
-23499.559451,40,2890.926509
-9905.498188,24,2891.493656
-35265.351714,46,2892.654892
-15433.939268,33,2893.428141
-123119.583255,51,2894.654632
-10314.966952,25,2895.266993
-13205.801841,30,2895.955742
-33490.077201,40,2896.857421
-17231.056381,34,2897.638203
-51255.982424,48,2898.750733
-53001.624366,46,2899.809274
-32630.908536,42,2900.777691
-44645.293708,50,2901.928985
-111453.249692,61,2903.343154
-21528.030573,38,2904.259403
-18946.067079,37,2905.175835
-17507.334082,34,2905.99434
-125728.421653,250,2911.957153
-35564.392393,48,2913.052156
-19467.084645,43,2914.024507
-21783.702401,47,2915.078064
-20444.735472,36,2915.913192
-28972.618475,62,2917.368516
-8000.787337,20,2917.873708
-27130.295648,49,2919.03153
-42772.930347,43,2920.069709
-19226.071228,43,2921.094147
-17745.519398,39,2921.996048
-31037.804069,62,2923.426117
-15997.375613,36,2924.263005
-11586.307943,27,2924.958405
-40243.76029,46,2926.048553
-26049.8031,43,2927.064674
-26284.840882,38,2927.919739
-22120.992997,44,2928.960433
-75814.265801,153,2932.654792
-104344.62345,74,2934.370097
-20837.028741,42,2935.353781
-17476.940464,34,2936.170998
-25340.930866,52,2937.449491
-121936.374775,99,2939.782952
-14286.499341,32,2940.561495
-12434.270263,29,2941.296948
-16798.65568,38,2942.30736
-85285.841939,70,2943.997247
-24319.994974,53,2945.315788
-19578.786267,36,2946.149868
-19240.299588,38,2947.106954
-41724.636069,65,2948.600302
-42743.463995,44,2949.648697
-39309.497191,45,2950.737205
-15056.904167,34,2951.606554
-25873.703285,39,2952.534265
-40361.061536,43,2953.580449
-27513.846851,38,2954.499415
-20045.270449,38,2955.43442
-56373.880793,47,2956.549592
-16770.258923,35,2957.417367
-17062.948136,37,2958.257075
-29013.039835,42,2959.259202
-87780.558615,73,2960.999301
-32823.960737,65,2962.576765
-18865.485999,36,2963.435159
-69806.589668,53,2964.731458
-57699.361445,44,2965.851233
-12772.042662,30,2966.598668
-14798.098964,33,2967.404586
-36298.818743,42,2968.420974
-32524.030884,45,2969.532736
-93448.569504,70,2971.238452
-32608.71631,49,2972.393573
-17470.594807,38,2973.305602
-17566.992982,35,2974.145747
-46148.714945,46,2975.31505
-74349.817754,49,2976.50348
-112708.393442,222,2981.605909
-21257.61735,39,2982.459821
-92322.53398,59,2983.802378
-28416.385137,51,2984.959603
-28842.5429,52,2986.205455
-27676.412744,40,2987.163388
-18208.541589,38,2988.094224
-17292.556256,37,2988.968506
-69987.577146,46,2990.012114
-14373.956493,31,2990.775503
-16099.642948,36,2991.598946
-26431.418372,41,2992.545103
-13659.680317,30,2993.283241
-79393.150918,66,2994.899999
-26358.782598,50,2996.112267
-30436.003672,42,2997.146112
-26219.736567,40,2998.087196
-18706.570213,35,2998.940101
-55531.546513,47,3000.041137
-86204.978242,54,3001.377263
-82320.225793,49,3002.575876
-23630.710482,38,3003.479582
-36651.288829,42,3004.469173
-18136.513932,39,3005.439017
-69120.676019,51,3006.692325
-56472.156673,51,3007.904101
-16351.811306,34,3008.701682
-28848.683659,40,3009.690441
-59965.690709,48,3010.871933
-15887.94533,36,3011.726685
-25020.237817,41,3012.723066
-28796.629751,59,3014.194303
-36590.260768,45,3015.285637
-69019.044578,47,3016.410271
-12906.718346,30,3017.159929
-38353.116306,49,3018.318614
-141923.946165,54,3019.674942
-24930.52951,53,3020.907029
-20462.973076,38,3021.777568
-63476.64411,131,3024.900802
-34760.531205,43,3025.927633
-21219.207314,46,3027.013126
-21328.245999,46,3028.13192
-42376.703227,43,3029.214649
-15921.125427,35,3030.045047
-105949.809775,55,3031.349377
-23808.115977,49,3032.526622
-35422.333113,45,3033.64394
-18344.896166,37,3034.531243
-31086.804012,45,3035.633599
-45354.353059,44,3036.758574
-14783.63338,34,3037.561538
-22127.570434,48,3038.727322
-15264.500965,32,3039.476281
-85203.761211,50,3040.634648
-16502.248056,35,3041.447716
-25730.656172,44,3042.44542
-18273.011899,37,3043.340095
-15210.390724,33,3044.121151
-10523.406596,25,3044.741627
-90877.31709,92,3047.005965
-25713.977755,41,3048.007405
-12056.121397,28,3048.706616
-26443.097829,41,3049.666371
-27428.255009,41,3050.70066
-27554.511662,40,3051.687245
-32789.589157,43,3052.696197
-18163.03703,35,3053.516383
-27567.36716,58,3054.912462
-42292.07561,44,3055.920464
-13147.132491,30,3056.634692
-44134.248753,50,3057.802887
-51917.308138,49,3058.991917
-35264.131562,42,3059.963007
-30137.386206,42,3060.986321
-22590.980834,47,3062.1212
-10612.940947,26,3062.758393
-21677.354156,38,3063.672539
-21094.933243,38,3064.579633
-85792.511005,51,3065.819074
-13417.450156,31,3066.571761
-47196.132514,45,3067.605512
-28768.552615,40,3068.520626
-33998.931192,41,3069.522291
-23922.938791,38,3070.390581
-19374.317255,39,3071.317647
-8001.106986,20,3071.834786
-58066.423197,49,3073.006752
-21794.379363,45,3074.072932
-101729.30541,49,3075.329451
-18478.240781,37,3076.25464
-18361.501856,37,3077.198703
-33332.302226,43,3078.252625
-130213.744195,50,3079.430942
-23643.557245,41,3080.414279
-16272.633492,35,3081.230881
-25188.028092,42,3082.213275
-18354.972959,37,3083.109397
-30991.688062,64,3084.668959
-81938.95667,51,3085.842716
-35007.25417,42,3086.829795
-57581.826192,49,3087.950249
-28696.111221,40,3088.895315
-22679.080894,40,3089.892017
-74556.203269,47,3091.021802
-19928.897911,41,3091.996872
-114585.553641,56,3093.37103
-74351.070101,48,3094.506733
-37270.374481,44,3095.61669
-11963.250435,28,3096.280734
-103148.335757,61,3097.820404
-43653.059647,45,3098.866331
-31270.512759,50,3100.071261
-102740.646711,62,3101.517557
-16496.441272,33,3102.289487
-9704.291449,24,3102.890283
-39023.540947,51,3104.095441
-71893.792464,52,3105.316932
-24025.17827,43,3106.382092
-34289.496411,43,3107.386463
-15392.362085,34,3108.17997
-14919.359227,33,3108.941855
-25840.276144,41,3109.932292
-29106.43639,41,3110.905828
-22789.193605,38,3111.83226
-17112.449592,37,3112.706614
-26054.065462,56,3114.033298
-17378.358625,35,3114.84699
-20145.323859,39,3115.79519
-43633.67393,44,3116.84417
-33429.763933,42,3117.83469
-77917.881872,46,3118.961088
-15592.351967,35,3119.760974
-55676.328224,55,3121.041513
-23382.823645,40,3121.962284
-19877.032863,44,3122.973035
-104856.054015,54,3124.241956
-21540.280987,37,3125.124427
-14595.5037,32,3125.870266
-8000.425822,20,3126.331353
-13912.100138,32,3127.103524
-43573.67374,45,3128.197297
-33445.689019,42,3129.192554
-38665.3481,47,3130.306046
-32206.735208,43,3131.313598
-44805.965741,42,3132.304011
-23163.112171,38,3133.195856
-74171.038612,49,3134.352062
-48544.717352,45,3135.408134
-16919.114937,36,3136.274013
-41473.644869,45,3137.336784
-22710.09184,42,3138.331322
-21629.313178,47,3139.506703
-16634.632663,35,3140.362499
-18852.87519,36,3141.208765
-26377.585182,40,3142.187734
-18239.314902,35,3143.064371
-35047.890263,42,3144.095369
-17713.270947,35,3144.951741
-20787.923884,46,3146.025806
-19425.304034,42,3147.020992
-21560.319209,48,3148.162718
-51239.87965,45,3149.196712
-29746.59348,61,3150.670879
-8001.555349,20,3151.121445
-24578.096103,40,3152.058101
-17309.461602,39,3153.00977
-9251.405087,23,3153.57067
-74444.335667,50,3154.809791
-73701.261737,48,3155.95088
-16492.479325,36,3156.834899
-8000.373678,20,3157.328081
-15182.601879,35,3158.182606
-18070.65942,40,3159.118932
-21362.136273,39,3160.047911
-10412.177473,25,3160.679409
-27051.99835,42,3161.62077
-16658.076875,34,3162.376523
-23662.331209,38,3163.263763
-104121.17389,48,3164.411423
-10481.495869,25,3164.995287
-17158.804752,36,3165.848472
-10834.050811,26,3166.452226
-16172.895881,35,3167.284902
-41983.140468,45,3168.300803
-10454.065701,25,3168.910751
-79983.93602,50,3170.083094
-18476.527458,35,3170.947248
-34846.323534,40,3171.908708
-15960.81289,35,3172.76275
-61762.515995,47,3173.855093
-15822.003764,35,3174.689511
-16467.210872,35,3175.529881
-15923.175904,36,3176.382685
-15253.204048,35,3177.237024
-28028.423975,58,3178.729284
-17722.080461,40,3179.654744
-23518.837076,40,3180.61633
-67000.754989,51,3181.845354
-58629.945097,57,3183.210462
-35462.645172,43,3184.237654
-48106.265564,50,3185.447663
-136845.55115,53,3186.709689
-51528.514521,47,3187.84044
-14128.929337,31,3188.612829
-14922.304004,33,3189.397429
-42288.684257,45,3190.491493
-22579.250139,38,3191.403285
-19340.521277,38,3192.324177
-30346.394027,44,3193.404417
-16296.483615,37,3194.357143
-23786.667133,38,3195.243123
-33697.147387,43,3196.274424
-95553.696418,55,3197.57885
-15361.897438,33,3198.398309
-76619.412135,48,3199.549878
-21522.061035,38,3200.432029
-31027.384825,41,3201.424942
-15641.969674,36,3202.342913
-11812.706462,28,3203.020829
-74037.872957,49,3204.190582
-32200.094802,42,3205.284839
-35174.128853,49,3206.486348
-71802.042741,49,3207.623944
-22219.042948,38,3208.533507
-42939.833058,48,3209.755793
-43165.704065,44,3210.905509
-9909.934188,24,3211.475656
-192550.447327,250,3217.513134
-10453.424053,25,3218.084624
-21277.010731,40,3219.022948
-73599.598129,47,3220.194608
-14352.382267,32,3220.975932
-114292.621254,50,3222.178989
-28359.553508,40,3223.13121
-15746.993724,36,3223.948915
-36774.364672,44,3225.0224
-21359.379778,37,3225.936201
-31737.818768,42,3226.9261
-9860.894735,24,3227.519576
-27584.907753,41,3228.543824
-41997.424431,44,3229.614417
-10421.327797,25,3230.19747
-125510.920277,50,3231.4165
-38450.733633,57,3232.794556
-22649.4921,39,3233.70223
-46198.681225,43,3234.692922
-54515.508555,44,3235.701057
-78395.653672,51,3236.879278
-19445.940288,39,3237.777119
-8000.544847,20,3238.29951
-14605.716333,33,3239.106844
-104837.785734,52,3240.406083
-36538.809411,41,3241.425251
-31141.377048,59,3242.904046
-40574.433023,43,3243.930498
-28889.659855,41,3244.918198
-69971.399704,46,3246.002241
-28916.971366,39,3246.911246
-61854.278441,46,3248.068525
-113542.849571,54,3249.362354
-36625.78388,42,3250.375938
-20180.660335,37,3251.259482
-58155.216205,48,3252.432299
-15326.934864,34,3253.211928
-19076.022846,36,3254.06935
-27180.149273,40,3255.049547
-28281.349672,40,3255.978017
-52071.57865,45,3257.055677
-27362.507761,45,3258.145459
-134140.304478,51,3259.384998
-24449.886611,40,3260.355397
-72908.576492,56,3261.684735
-53535.671468,47,3262.854599
-59750.086271,46,3264.00786
-17632.411303,36,3264.890465
-38129.431204,41,3265.878086
-18937.45645,36,3266.761919
-21706.805009,47,3267.95591
-28733.563669,51,3269.204052
-65080.589531,54,3270.575037
-30218.965524,44,3271.722251
-59997.911769,46,3272.803448
-11361.984996,27,3273.413024
-16175.022745,35,3274.248272
-31006.398896,41,3275.24527
-66597.636243,46,3276.218425
-17468.140689,39,3277.092517
-19544.24557,36,3277.89821
-36408.351324,44,3278.928656
-23326.519396,38,3279.793493
-60545.229056,48,3280.913637
-41188.600751,43,3281.934114
-69768.733585,48,3283.089485
-39297.594825,46,3284.209827
-29274.66971,42,3285.247231
-31282.411426,42,3286.249353
-25550.361934,53,3287.586196
-36366.033971,43,3288.646483
-18134.05518,40,3289.604985
-10675.614996,26,3290.19496
-31871.687273,45,3291.197685
-28159.13331,43,3292.257711
-41158.54234,44,3293.317376
-10971.22591,26,3293.898718
-68419.335388,48,3294.987704
-86722.073825,50,3296.17374
-25597.00469,42,3297.194029
-57670.579408,47,3298.253293
-15961.462698,35,3299.013645
-41695.529167,43,3299.907299
-28128.295595,42,3300.766344
-17227.337733,37,3301.621719
-44378.320082,44,3302.785857
-87403.277905,52,3303.901998
-14207.528358,32,3304.704151
-75585.730347,48,3305.777134
-20000.682027,37,3306.659841
-27650.485018,39,3307.516364
-54742.065437,46,3308.576252
-17577.688434,39,3309.601645
-15810.737348,33,3310.806017
-20212.703713,37,3311.991825
-72258.867386,50,3313.122915
-113772.677814,50,3314.318538
-50890.83749,46,3315.456614
-41569.87589,43,3316.383382
-19373.054062,37,3317.263198
-44067.752031,44,3318.268155
-18819.869014,42,3319.253316
-31081.434448,43,3320.254371
-14454.420561,33,3321.025213
-20339.641757,45,3322.084784
-20853.84037,43,3323.027975
-120339.076244,54,3324.261878
-42940.670635,46,3325.338377
-23456.718887,40,3326.261877
-13538.299101,30,3327.010734
-48377.004427,48,3328.098729
-15850.750904,33,3328.872219
-19466.633775,40,3329.807333
-20234.559177,37,3330.678255
-28346.715394,45,3331.744739
-9053.988143,23,3332.268647
-47491.264445,44,3333.283576
-14826.139408,32,3334.038355
-14321.774897,32,3334.770723
-29706.293645,43,3335.789561
-8000.50475,20,3336.225033
-24790.131434,51,3337.470569
-18339.613058,41,3338.417952
-18935.050832,38,3339.313737
-81287.946904,51,3340.520757
-73077.513356,65,3342.0179
-109877.743727,52,3343.219047
-35124.82718,46,3344.265419
-89219.694738,50,3345.42326
-10051.110947,25,3346.007437
-17781.968597,35,3346.827805
-10008.817,24,3347.403111
-17158.967547,35,3348.297636
-109682.79389,63,3349.846015
-27205.875471,44,3350.939641
-14360.530845,32,3351.716404
-31971.009329,42,3352.725284
-18972.73163,36,3353.553608
-40204.293057,44,3354.613917
-13354.61066,31,3355.406468
-56669.391037,47,3356.534409
-17680.394615,35,3357.30461
-48519.276945,45,3358.335137
-11864.719396,28,3359.010029
-11999.897243,28,3359.672843
-83279.269972,50,3360.847916
-51000.743313,48,3362.001307
-32030.164642,41,3362.935848
-25781.414323,39,3363.855737
-32791.520226,42,3364.826238
-13818.419421,31,3365.62784
-22681.579939,39,3366.550672
-20355.436133,37,3367.453394
-10063.182418,25,3368.017632
-36893.73163,44,3369.067356
-19353.349111,37,3370.011144
-10729.308401,26,3370.631711
-14933.433049,34,3371.476208
-17366.549846,39,3372.424342
-29293.626211,40,3373.395975
-74959.82938,48,3374.60353
-22280.835922,38,3375.521984
-13909.741653,32,3376.306337
-12375.621035,29,3376.98135
-12304.321736,29,3377.662942
-21163.318796,38,3378.568616
-17612.937133,39,3379.490856
-35986.193975,43,3380.538515
-20865.347305,38,3381.419087
-8001.355183,20,3381.931238
-23930.361204,39,3382.858287
-49317.455578,43,3383.858375
-28858.05439,46,3384.957579
-25542.621027,39,3385.882011
-32423.219661,42,3386.889429
-17628.27761,36,3387.741089
-30938.835988,41,3388.716673
-27923.588416,40,3389.614753
-60899.049715,46,3390.718928
-20341.554516,44,3391.834108
-24247.347772,39,3392.800723
-15291.895582,32,3393.572822
-19910.307224,36,3394.392505
-10213.762168,25,3394.985351
-21388.473333,38,3395.91007
-31314.199424,44,3396.927554
-15850.633676,33,3397.726525
-47135.988523,44,3398.784082
-82979.727774,51,3400.182192
-10159.803164,25,3400.80117
-12434.338149,29,3401.575006
-14993.708978,34,3402.414419
-16915.943879,38,3403.289616
-87968.438758,49,3404.475066
-41907.465487,45,3405.56568
-15036.200281,34,3406.348231
-14957.938056,32,3407.162305
-14099.663277,31,3407.934086
-26808.427877,40,3408.918252
-22570.125179,48,3410.094938
-22301.180303,39,3411.088739
-131311.11636,52,3412.366307
-21627.638312,38,3413.325818
-30735.852418,42,3414.285686
-82459.239414,48,3415.520705
-11201.918965,27,3416.180255
-47966.778599,55,3417.55616
-22106.010183,38,3418.48337
-61886.992307,50,3419.654716
-28006.532906,41,3420.614568
-15098.288611,34,3421.387146
-18141.958873,37,3422.287299
-24768.189773,40,3423.261307
-34898.108141,41,3424.255188
-71513.760442,49,3425.428889
-51547.998665,47,3426.545041
-60053.307307,44,3427.595691
-13173.132421,30,3428.31784
-24199.882894,51,3429.578894
-23689.730838,39,3430.550359
-8000.812036,20,3431.050711
-63255.640189,45,3432.091984
-44008.29049,44,3433.183763
-16263.425981,34,3434.024215
-14698.022855,32,3434.782796
-26649.580352,39,3435.745702
-70273.547795,46,3436.824709
-54256.651241,46,3437.922578
-20138.023246,37,3438.843389
-34425.748757,44,3439.936445
-47196.321705,44,3441.032008
-73150.014405,48,3442.198425
-102318.028197,56,3443.579103
-18374.868578,36,3444.444342
-16702.072161,36,3445.298038
-23743.695816,40,3446.318884
-28489.965461,41,3447.329153
-33618.079028,43,3448.394567
-73288.07401,49,3449.612782
-14177.787263,32,3450.392188
-20125.194939,38,3451.283083
-23121.16871,38,3452.256916
-15080.673231,33,3453.042136
-10206.588472,25,3453.6515
-15207.630407,33,3454.459185
-22270.221106,38,3455.337404
-19794.130128,37,3456.23486
-68610.325684,48,3457.418082
-53458.301679,48,3458.591511
-17049.817457,38,3459.506961
-19113.658332,36,3460.331137
-20478.815393,38,3461.251884
-16875.630273,36,3462.121668
-33958.081348,41,3463.142825
-18104.417714,37,3464.032422
-19884.983933,37,3464.913479
-23787.376256,51,3466.178838
-67673.352066,46,3467.320107
-38924.199671,44,3468.475106
-58121.316196,45,3469.553567
-19790.161324,37,3470.428243
-41340.35438,43,3471.486124
-17519.362041,39,3472.436343
-112642.891341,52,3473.780714
-22186.567279,44,3474.886302
-16396.388213,34,3475.73947
-33047.448851,41,3476.773196
-57589.220762,46,3477.896098
-32873.974864,43,3478.928197
-92691.614059,50,3480.118656
-17125.445786,37,3481.009281
-16879.51015,35,3481.896622
-51247.732792,45,3482.972926
-54512.990108,45,3484.069374
-28091.596309,41,3485.154512
-16650.165742,35,3486.031798
-14743.554061,34,3486.843293
-25301.673553,39,3487.818723
-24750.271304,38,3488.747284
-34634.253641,44,3489.796339
-41092.480847,45,3490.914809
-44294.298104,45,3492.005743
-15072.614122,32,3492.802572
-16431.772313,33,3493.623392
-19474.478207,36,3494.477593
-26692.589999,43,3495.470155
-24830.655626,38,3496.381072
-13207.978616,30,3497.066187
-59428.784738,46,3498.185351
-55918.422579,51,3499.450831
-48948.603606,44,3500.533518
-59083.07127,47,3501.645987
-16297.143162,34,3502.425491
-24835.317847,39,3503.352432
-104533.314683,52,3504.593409
-35671.10759,43,3505.654582
-73920.213233,49,3506.860502
-19480.037622,39,3507.803069
-26445.596286,41,3508.763284
-51206.187361,49,3509.963487
-10479.862669,25,3510.57399
-45106.110245,44,3511.642237
-14753.026924,33,3512.418596
-66614.579703,47,3513.61455
-11150.098607,27,3514.274053
-18799.385152,41,3515.279047
-31772.217802,46,3516.424673
-91498.191355,51,3517.661991
-16947.626938,35,3518.508905
-33267.682171,43,3519.578594
-15300.235269,34,3520.408563
-17033.339594,34,3521.228927
-103150.618391,50,3522.481165
-26099.0754,40,3523.384157
-36954.665753,43,3524.391925
-11067.906121,26,3525.017619
-25827.955674,39,3525.993142
-13565.178358,31,3526.78076
-17461.771228,38,3527.682518
-14956.300907,34,3528.474481
-8600.941442,22,3529.018253
-26525.348281,40,3529.967525
-14943.995583,33,3530.789466
-33244.870777,42,3531.757262
-34153.405248,40,3532.673699
-19140.471116,36,3533.613724
-11479.615888,27,3534.238022
-23668.972447,38,3535.226914
-20200.155905,38,3536.111961
-109059.079112,52,3537.25342
-30231.230888,40,3538.174315
-17279.031662,35,3538.97212
-25209.137056,41,3540.051207
-89057.849682,48,3541.297537
-12196.389566,28,3541.948644
-12334.8617,29,3542.622839
-20427.035609,37,3543.439531
-18767.463436,42,3544.408389
-34858.966974,42,3545.420118
-55339.973579,44,3546.499169
-24330.40932,38,3547.360444
-29169.647904,42,3548.352796
-23612.592917,38,3549.251743
-13087.004279,30,3549.948475
-86876.819221,50,3551.224684
-17435.863121,35,3552.06897
-18484.211844,36,3552.942331
-23388.171038,38,3553.832779
-14740.820937,32,3554.596729
-10172.970598,25,3555.202
-16470.855834,34,3556.025827
-23880.318714,39,3556.906671
-10869.286775,26,3557.532846
-33448.675619,42,3558.505827
-16642.387843,34,3559.283278
-99641.041725,49,3560.415895
-21860.039193,43,3561.450897
-20128.24581,45,3562.525407
-66951.847583,48,3563.699001
-42068.725515,43,3564.693993
-19040.789886,36,3565.665069
-9354.830191,23,3566.287882
-23582.731407,39,3567.178626
-8000.459295,20,3567.673148
-74386.079411,52,3568.884531
-10311.547206,25,3569.462676
-107309.184598,52,3570.691421
-38082.940619,43,3571.614475
-54263.750547,52,3572.767778
-47329.975778,43,3573.741429
-33660.252808,43,3574.742381
-26696.346573,39,3575.656721
-21616.581258,39,3576.590178
-14756.976063,32,3577.359832
-106358.482072,49,3578.493318
-26975.764645,39,3579.426703
-12282.293461,29,3580.113352
-37391.917796,42,3581.097211
-24467.326401,39,3582.033084
-114036.402625,52,3583.230579
-13876.828124,32,3583.996146
-16194.970356,34,3584.758001
-50035.819248,46,3585.830183
-13320.792838,30,3586.498602
-36057.203812,44,3587.512188
-15470.582017,34,3588.276516
-15135.571193,32,3589.02431
-22083.062259,38,3589.913482
-15365.034849,33,3590.68196
-55658.796553,46,3591.775492
-96160.626535,50,3592.973728
-26490.369761,40,3593.906957
-8000.469823,20,3594.402115
-20895.817995,37,3595.242457
-14001.641658,31,3595.962067
-28708.021741,40,3596.916595
-41160.936524,43,3597.956347
-13587.485111,31,3598.697098
-31750.866204,40,3599.616726
-13130.762219,30,3600.345132
-20438.94366,37,3601.256143
-46542.646925,45,3602.371382
-38482.014323,43,3603.441762
-47069.213697,45,3604.510479
-14138.251428,32,3605.264068
-15317.705668,32,3606.088112
-8000.468061,20,3606.575835
-18467.637694,36,3607.445968
-12997.784774,30,3608.186109
-124466.825748,51,3609.39502
-30686.200485,40,3610.344902
-8000.154854,20,3610.846211
-18482.228717,39,3611.766105
-16753.904846,34,3612.54287
-16857.57035,35,3613.385042
-29213.492646,41,3614.34138
-17270.623746,34,3615.142503
-25005.948985,39,3616.056225
-18013.581513,35,3616.893469
-10055.320559,25,3617.483751
-18698.481727,36,3618.386652
-20429.335252,36,3619.254846
-90046.881573,49,3620.445614
-25240.060044,39,3621.339048
-37257.576071,44,3622.418461
-42169.227241,45,3623.470009
-49604.977715,49,3624.591479
-18762.138125,42,3625.620031
-21447.58906,37,3626.472099
-69489.148032,45,3627.5434
-36173.888778,42,3628.536872
-67401.642768,46,3629.612225
-48699.577195,42,3630.642974
-9502.625106,23,3631.195446
-42284.916243,43,3632.216975
-10218.012733,25,3632.775278
-69306.397206,50,3633.943648
-62317.012341,48,3635.039607
-83777.929553,49,3636.191004
-40478.151481,42,3637.165355
-24951.209981,38,3638.10695
-124442.308717,52,3639.346316
-15987.945151,34,3640.164657
-50455.122401,43,3641.212704
-16046.879713,33,3641.965354
-38157.431313,46,3643.052759
-16852.835542,35,3643.87907
-14306.274362,33,3644.665554
-61545.294851,45,3645.721391
-41620.389474,42,3646.728283
-9908.13033,24,3647.325015
-86965.36725,50,3648.504417
-37748.266972,42,3649.468162
-18186.376072,37,3650.333892
-24463.891875,40,3651.28796
-30358.274637,40,3652.237113
-13156.712337,30,3652.971935
-51528.882093,44,3653.99876
-19176.712594,38,3654.911091
-70233.557051,48,3656.035729
-21715.452946,46,3657.122576
-16866.200929,34,3658.014496
-20388.739519,37,3659.009505
-51268.76791,47,3660.189808
-99957.182329,49,3661.293195
-23359.730208,38,3662.243943
-25020.558998,39,3663.195075
-32395.166267,43,3664.268814
-23508.919753,38,3665.182134
-17638.08285,39,3666.1773
-22702.101324,38,3667.138296
-15976.378749,36,3668.078765
-28466.239144,40,3669.095167
-26591.375295,41,3670.162538
-14406.897678,32,3670.981294
-13316.423043,30,3671.696309
-42096.141388,43,3672.844345
-45228.975497,45,3674.063497
-85985.457829,50,3675.250609
-55989.928715,44,3676.485795
-26850.684186,39,3677.558019
-16691.702312,36,3678.412114
-78657.677994,47,3679.449504
-19213.088464,37,3680.240401
-25814.380816,39,3681.13491
-8001.838429,20,3681.596001
-42055.952061,44,3682.604942
-21753.635463,39,3683.564346
-37174.559812,43,3684.552354
-72479.33051,49,3685.72324
-18427.251184,36,3686.55349
-38517.532552,43,3687.499685
-20565.96881,36,3688.271316
-51829.024799,46,3689.342618
-18664.216164,41,3690.253846
-20671.463537,37,3691.11456
-29757.06252,43,3692.131382
-8701.619952,22,3692.659363
-65800.603792,48,3693.984134
-26713.581619,41,3695.021013
-82825.78203,50,3696.193875
-40776.149598,43,3697.2273
-53649.996858,46,3698.312379
-18769.223534,35,3699.152169
-19215.085972,35,3700.01548
-15154.081768,34,3700.863454
-21565.494974,38,3701.794568
-46644.223966,44,3702.857788
-14969.755563,32,3703.646037
-15957.110799,36,3704.489084
-22274.370992,38,3705.378283
-32020.37324,41,3706.412136
-32452.883774,41,3707.408782
-82682.854385,48,3708.576697
-17276.853901,35,3709.403876
-19624.316455,37,3710.285169
-16986.385001,34,3711.081972
-72953.411569,47,3712.26409
-8000.045165,20,3712.774339
-11045.615771,26,3713.417041
-25826.306921,40,3714.372802
-16324.030489,33,3715.183922
-18930.83216,36,3716.101617
-20631.304261,37,3717.008912
-13245.695905,31,3717.7455
-19388.580073,37,3718.669122
-15158.997012,32,3719.412681
-16175.016765,34,3720.283556
-10936.300415,26,3720.915509
-14463.600255,32,3721.681075
-14732.56457,32,3722.511744
-80595.395652,47,3723.634961
-14586.097247,32,3724.405239
-115187.442822,52,3725.707278
-33437.538966,42,3726.793044
-31421.382868,41,3727.779215
-10315.930885,25,3728.371385
-94311.132933,49,3729.613677
-13101.872586,30,3730.351154
-18397.094256,35,3731.259287
-40917.946446,43,3732.299407
-15056.56668,34,3733.084957
-24801.688398,38,3734.031215
-27216.71182,40,3735.000825
-12228.050305,29,3735.694917
-70282.621433,46,3736.807509
-10940.091646,26,3737.440435
-16475.11274,34,3738.372736
-13639.912261,30,3739.118554
-12485.391893,29,3739.844949
-57405.193138,60,3741.279163
-52833.636114,46,3742.35956
-98495.175698,51,3743.714644
-23742.962346,37,3744.670887
-92309.478557,48,3745.827636
-17502.066679,36,3746.690511
-18154.471474,35,3747.543887
-103061.765687,53,3748.838986
-32881.473845,42,3749.855977
-49545.504315,45,3750.946684
-17365.848967,34,3751.744582
-34523.380115,43,3752.749934
-89356.54795,49,3753.926189
-41375.45023,43,3754.993134
-10417.867451,25,3755.611552
-34067.905148,43,3756.63976
-12844.16001,29,3757.377131
-13785.906982,31,3758.160519
-16745.936896,35,3759.030288
-18866.642007,36,3759.898564
-30061.15535,40,3760.881151
-16708.92215,34,3761.714936
-8600.954207,22,3762.310086
-47562.504149,47,3763.455061
-131007.040749,52,3764.67085
-24279.619291,39,3765.559383
-84681.671156,49,3766.744275
-48400.409106,45,3767.799559
-62555.221416,46,3768.918555
-10971.827192,26,3769.535815
-43302.727276,43,3770.477074
-21332.165943,38,3771.36778
-16668.861125,35,3772.154847
-41140.900344,43,3773.151237
-11261.634571,27,3773.75837
-29286.981927,40,3774.703494
-13458.353204,30,3775.342346
-19151.794219,36,3776.137817
-21678.499668,38,3777.039202
-17528.94321,37,3777.845975
-127294.760357,51,3779.01677
-27020.463918,39,3779.922529
-12887.574322,30,3780.599023
-13048.997317,30,3781.309795
-75288.317059,48,3782.494604
-16003.814658,33,3783.264687
-15736.564576,35,3784.063947
-28289.232062,39,3784.967638
-17404.589865,36,3785.822497
-62209.892286,45,3786.8608
-31239.761462,42,3787.848828
-24836.023969,39,3788.764216
-19511.7561,37,3789.664438
-38908.645965,43,3790.719547
-9811.140134,24,3791.285612
-34401.063185,40,3792.237537
-22312.846183,37,3793.055845
-18829.419006,36,3793.847086
-56304.834621,45,3794.883902
-171564.424536,250,3841.163745
-30344.536938,40,3842.141792
-19058.095281,36,3843.047988
-15049.101131,33,3843.80961
-9453.286289,23,3844.315936
-11647.411599,28,3844.967442
-20211.087577,36,3845.821319
-24613.654281,38,3846.690348
-17805.13586,36,3847.499064
-13839.513531,31,3848.225084
-13044.108869,30,3848.937582
-8000.294867,20,3849.437144
-9406.000396,23,3850.005666
-19126.070515,37,3850.844819
-11965.173019,28,3851.501244
-15398.415633,34,3852.264033
-20693.776823,38,3853.174811
-15924.226248,35,3854.000456
-25569.325078,38,3854.864698
-48965.1906,45,3855.931209
-35526.196543,43,3856.936626
-18231.620978,35,3857.734262
-17891.471263,35,3858.56313
-31090.075206,41,3859.506704
-49710.680979,44,3860.571306
-13774.96405,31,3861.292655
-12822.011518,29,3861.998337
-47184.184262,45,3863.025992
-17810.495728,37,3863.897141
-39565.574735,44,3864.977
-29916.074094,41,3865.976294
-43253.606039,45,3867.016208
-54458.118015,45,3868.065515
-27437.541458,39,3868.990456
-14757.276425,32,3869.735608
-13097.551623,30,3870.411573
-19925.169104,37,3871.280755
-18019.358151,35,3872.08939
-17757.147071,35,3873.066823
-56730.113422,45,3874.104592
-15084.497713,34,3874.902279
-13301.55634,31,3875.641042
-92273.755435,48,3876.736921
-12155.341913,29,3877.430032
-19890.258785,38,3878.371531
-9755.868225,24,3878.928757
-22598.35794,38,3879.830023
-32868.169029,42,3880.837419
-18678.267672,35,3881.647504
-34381.009499,41,3882.590818
-72624.243061,48,3883.758663
-40286.85702,42,3884.782612
-16280.645459,34,3885.580551
-19059.489154,36,3886.453816
-13105.145779,30,3887.139438
-10860.613925,26,3887.762401
-16105.114351,34,3888.58038
-24306.741746,39,3889.517003
-34572.671246,41,3890.489587
-43571.453587,45,3891.533233
-96756.10721,48,3892.733416
-27983.666725,39,3893.712028
-15551.834231,34,3894.530789
-25838.916943,39,3895.451459
-18223.364275,35,3896.272103
-47823.961843,44,3897.301362
-17200.435707,34,3898.071142
-54753.449834,49,3899.253329
-12246.577669,29,3899.922814
-15809.109342,34,3900.732659
-75374.145632,46,3901.815644
-108618.768297,49,3903.015733
-48939.487401,44,3904.067528
-23166.537541,38,3904.962816
-64504.982739,47,3906.113954
-20273.596088,36,3906.965846
-69080.303468,46,3908.080743
-31968.288566,41,3909.06538
-79233.0904,48,3910.260315
-46857.582666,44,3911.324816
-76836.480886,49,3912.486402
-10994.772964,26,3913.136257
-104778.954779,51,3914.33093
-34513.604005,41,3915.317788
-29820.847176,41,3916.251069
-28751.957769,40,3917.19064
-15259.235887,35,3918.01496
-12827.442058,30,3918.721382
-17792.470633,36,3919.578135
-26152.538294,40,3920.495898
-24122.316704,38,3921.407232
-51896.591363,44,3922.417708
-9351.503076,23,3922.981719
-12428.073959,29,3923.663631
-15798.10337,34,3924.453103
-35305.427458,42,3925.46394
-41847.125527,42,3926.387884
-44166.277016,42,3927.444467
-14414.87081,31,3928.234816
-38479.129153,42,3929.276832
-13402.390953,30,3930.010635
-11080.77058,27,3930.657214
-39203.481559,41,3931.674959
-126500.225642,50,3932.960012
-12908.945823,30,3933.67639
-13807.137149,31,3934.462514
-13573.458837,31,3935.231294
-11246.140008,27,3935.900805
-111146.874559,51,3937.132972
-27209.26812,40,3938.044296
-21392.94886,38,3939.007114
-50115.643313,45,3940.097306
-19218.561948,36,3940.944532
-14374.261156,33,3941.716375
-32715.657372,45,3942.790084
-107677.120259,51,3944.036739
-46767.867656,45,3945.207361
-30261.863186,40,3946.183614
-9303.215094,23,3946.735553
-78765.03117,48,3947.909341
-12099.99945,28,3948.595448
-16698.27338,34,3949.413197
-36910.4535,44,3950.500978
-15884.375474,33,3951.302671
-15411.468037,33,3952.089419
-17606.892676,35,3952.874251
-14892.560728,32,3953.614301
-38081.803675,44,3954.615724
-44824.512305,43,3955.624237
-18641.621504,35,3956.423908
-38239.495133,43,3957.466218
-27582.584727,39,3958.405195
-20419.164088,40,3959.371771
-21078.887115,37,3960.264684
-72706.351781,48,3961.379826
-20818.666267,37,3962.288019
-22811.3219,38,3963.214534
-56813.735714,46,3964.358551
-36015.553562,42,3965.332969
-37335.938311,42,3966.34173
-13736.856431,32,3967.14631
-15395.140343,33,3967.93802
-128193.677739,51,3969.133194
-10311.297371,25,3969.706207
-32824.411424,42,3970.702507
-18165.474741,36,3971.511731
-13679.167231,31,3972.264531
-12341.239977,29,3972.977391
-39712.682423,43,3973.998828
-94942.131134,49,3975.190578
-113676.042496,52,3976.443391
-13849.040516,31,3977.159912
-11635.917714,28,3977.819136
-35092.654639,41,3978.789117
-54727.895515,47,3979.87672
-8701.301688,22,3980.3666
-57796.460505,46,3981.496638
-111211.227975,52,3982.745302
-8901.904509,22,3983.24348
-95874.816029,50,3984.406713
-53089.052539,44,3985.447967
-19381.52292,35,3986.286093
-27476.588504,40,3987.238142
-23952.505822,41,3988.179355
-55392.097424,47,3989.354827
-18990.007016,36,3990.216166
-32628.576498,43,3991.217732
-15526.267637,33,3991.987259
-19917.498707,37,3992.901099
-18709.506273,35,3993.779685
-51935.997433,45,3994.861356
-60000.716387,49,3995.987322
-19671.267563,36,3996.850521
-15676.7726,33,3997.650219
-77466.183814,49,3998.802795
-82526.143629,54,4000.066664
-16777.401088,34,4000.863783
-20610.004201,38,4001.796089
-15384.676111,34,4002.601919
-13898.685584,31,4003.317759
-73317.09728,47,4004.39765
-31931.245256,40,4005.369254
-10275.786969,25,4006.02824
-18805.271907,39,4006.954037
-49360.001173,44,4007.983024
-11127.726143,27,4008.636126
-13418.709238,31,4009.376611
-12655.052132,29,4010.057091
-82200.955514,50,4011.318518
-86941.490915,50,4012.505146
-13984.577108,31,4013.266532
-65016.079685,46,4014.293228
-17048.712527,34,4015.116215
-29220.059084,40,4016.052776
-42065.982207,44,4017.052584
-16593.824105,36,4017.924367
-16671.995425,34,4018.714643
-15679.104992,33,4019.474082
-13063.348928,30,4020.205305
-13706.519634,31,4020.933573
-72714.422008,49,4022.090002
-21079.505678,37,4022.93705
-102738.3732,50,4024.162355
-16384.051345,34,4024.967068
-31973.342997,40,4025.934772
-14026.9756,32,4026.63683
-13532.600936,30,4027.328027
-12876.056558,30,4028.050904
-52826.791033,47,4029.148611
-127667.89313,54,4030.425304
-25461.122786,39,4031.361191
-33362.991628,40,4032.298447
-11910.756639,28,4032.937514
-43625.030188,44,4033.96709
-24096.311499,38,4034.874987
-32121.597865,41,4035.846492
-65941.239875,45,4036.888103
-14961.890323,34,4037.687379
-11863.683454,28,4038.321007
-11989.64656,28,4039.010373
-17753.760972,35,4039.80352
-47137.626865,43,4040.782721
-21466.967423,37,4041.634508
-19170.787391,41,4042.601712
-87174.071194,48,4043.710746
-13236.437103,30,4044.383758
-40164.364327,44,4045.427461
-23215.912889,39,4046.328757
-22787.073993,38,4047.234679
-53245.863917,45,4048.316491
-58639.254936,46,4049.398548
-22616.034561,38,4050.340884
-139761.02021,53,4051.583335
-98507.203099,50,4052.785528
-65835.366596,46,4053.856736
-30172.554651,39,4054.760622
-13065.552565,31,4055.457768
-13955.919081,30,4056.151942
-16994.423733,35,4056.928275
-34395.566082,42,4057.900693
-89089.559971,49,4059.079227
-15177.169598,33,4059.839162
-11549.357506,27,4060.464025
-88819.908685,51,4061.631186
-21257.757978,38,4062.482605
-31239.036701,41,4063.516501
-24144.010906,39,4064.412816
-18918.247923,36,4065.222438
-102760.087255,50,4066.417056
-102203.093346,50,4067.5907
-36223.953895,44,4068.633174
-8000.165704,20,4069.127643
-13896.594412,31,4069.898059
-28564.966434,40,4070.830662
-15354.851018,34,4071.646968
-24923.233388,39,4072.529892
-11363.420848,27,4073.214494
-52032.191815,44,4074.275515
-14005.075293,32,4075.050283
-35888.403342,43,4076.033662
-18701.682538,36,4076.891728
-18823.472698,36,4077.750765
-13609.119689,31,4078.510746
-103108.311809,51,4079.691143
-23754.209661,40,4080.620847
-16215.238523,34,4081.399056
-13947.282468,32,4082.185382
-17117.041481,37,4083.066792
-20026.004504,44,4084.14972
-28048.524909,43,4085.190521
-16962.272532,34,4085.984577
-34471.464162,42,4086.97904
-14344.178153,33,4087.757373
-33582.208579,41,4088.709679
-93278.813362,50,4089.894371
-11553.425821,27,4090.532001
-18773.017982,37,4091.394209
-13777.159074,32,4092.14161
-36452.839529,42,4093.13686
-20980.329924,37,4094.024367
-17772.748015,36,4094.855243
-18185.169389,35,4095.658726
-57353.261039,46,4096.757459
-16859.299054,35,4097.605456
-30582.872669,42,4098.606633
-22849.436255,39,4099.48578
-16527.867982,33,4100.285204
-26042.936152,38,4101.153007
-19433.245552,37,4102.00976
-79970.955498,48,4103.102121
-17164.527345,34,4103.86278
-22731.0474,38,4104.775347
-49979.492365,45,4105.804025
-47792.041036,45,4106.835934
-30303.31135,40,4107.725743
-20441.990866,37,4108.645851
-62774.016111,49,4109.770586
-13287.807399,31,4110.555429
-8701.041209,22,4111.054623
-23173.692424,38,4111.928056
-23274.15825,39,4112.831676
-50379.497338,47,4113.922509
-13593.311237,31,4114.677959
-30251.726288,40,4115.634985
-55927.186689,44,4116.629892
-43229.315879,45,4117.649981
-14618.161848,32,4118.36539
-8250.672995,21,4118.86671
-9254.30752,23,4119.437634
-34851.582334,43,4120.450727
-35848.899408,42,4121.402446
-27570.391833,39,4122.344393
-54890.625788,45,4123.399145
-13267.837246,30,4124.103497
-19310.80269,38,4125.015963
-8000.448206,20,4125.498369
-15529.648778,34,4126.324535
-24700.326223,39,4127.215051
-78842.156904,48,4128.413496
-8000.799525,20,4128.881861
-25392.819306,39,4129.811876
-17633.030251,36,4130.642176
-14485.872463,31,4131.339682
-20683.720878,37,4132.174449
-17142.937147,35,4133.043765
-64337.318595,45,4134.086899
-18836.627694,36,4134.948945
-22500.419669,38,4135.846519
-23881.719201,38,4136.755774
-71201.799811,51,4138.001911
-20210.15741,36,4138.88046
-89860.656372,50,4140.166471
-31421.495043,39,4141.10406
-39750.186457,41,4142.055833
-66375.279808,47,4143.139501
-78544.810588,48,4144.278462
-9805.075304,24,4144.901017
-21574.402001,38,4145.842931
-12238.269806,29,4146.547812
-47306.304412,44,4147.580957
-13755.055798,31,4148.299364
-11192.360285,27,4148.951393
-14229.892097,32,4149.69478
-17673.114671,37,4150.594901
-51560.768033,44,4151.6294
-103744.490739,49,4152.809003
-47808.273427,44,4153.899769
-18997.867334,36,4154.776537
-29364.55195,41,4155.734275
-11800.390287,28,4156.383905
-36242.527941,43,4157.390071
-41718.50499,44,4158.459902
-111986.478775,49,4159.63455
-11582.02699,27,4160.275546
-20596.480856,37,4161.173927
-41611.044009,43,4162.167359
-19138.444563,36,4163.017144
-82499.699224,48,4164.142964
-20386.075117,37,4164.993573
-17187.557973,35,4165.763294
-32145.053696,41,4166.702584
-10889.960146,26,4167.324375
-89290.326265,49,4168.426528
-10937.390352,26,4169.046028
-9704.971128,24,4169.629554
-20105.908516,37,4170.489179
-16486.126441,34,4171.277618
-26605.362862,39,4172.182261
-43433.898316,43,4173.186573
-110557.284944,51,4174.444972
-71967.30194,47,4175.537471
-16661.059207,34,4176.382448
-11982.364944,28,4177.054927
-67209.930147,46,4178.159559
-15108.511491,34,4178.956071
-16389.315078,34,4179.820229
-80525.098545,48,4181.025002
-78501.089418,47,4182.166018
-21009.619299,37,4183.036625
-27897.555797,39,4183.970538
-11643.87133,28,4184.653253
-116438.833156,52,4185.900714
-140048.66874,50,4187.080896
-78120.212994,47,4188.205177
-9705.532644,24,4188.744771
-40483.939698,43,4189.760244
-29889.127511,42,4190.733793
-58995.549817,45,4191.7823
-90481.674126,50,4192.96991
-17363.298283,39,4193.930004
-22085.118721,38,4194.828703
-55614.188349,46,4195.912393
-19946.274886,37,4196.776374
-141700.309671,53,4198.111995
-18094.94215,36,4198.974344
-8801.447964,22,4199.525677
-18332.893624,36,4200.42857
-24557.359404,39,4201.382053
-14923.382331,32,4202.146972
-61577.940737,64,4203.641776
-20761.101605,37,4204.489852
-15109.850137,32,4205.249919
-110063.070038,50,4206.502841
-85795.119604,48,4207.608405
-33061.783579,41,4208.553325
-18725.499984,35,4209.411233
-76340.781706,47,4210.506458
-20257.566607,37,4211.403658
-17298.727341,36,4212.269228
-38069.513094,42,4213.285686
-13142.658384,31,4214.053531
-21017.149609,36,4214.889299
-19670.263656,42,4215.874044
-9656.326921,24,4216.453893
-15702.84188,33,4217.188596
-23923.204622,39,4218.108982
-24843.21847,39,4219.028353
-14634.511128,33,4219.80159
-11908.223289,28,4220.479494
-45444.888625,44,4221.508475
-8000.65408,20,4221.980482
-15889.50458,33,4222.786247
-18409.993121,39,4223.732757
-13421.802841,30,4224.458228
-31397.101369,40,4225.379909
-24788.537155,38,4226.239217
-21906.029155,37,4227.105992
-50622.046769,48,4228.253259
-10417.003734,25,4228.860749
-34516.729104,40,4229.820085
-14929.438897,32,4230.596174
-24599.770457,40,4231.565595
-14559.130091,33,4232.328582
-26640.070182,39,4233.265136
-15617.099099,34,4234.062188
-34739.914631,43,4235.088135
-14330.171547,32,4235.8226
-9805.036436,24,4236.390454
-56694.360574,46,4237.419051
-24061.519116,39,4238.319364
-71402.70779,49,4239.497038
-12384.909418,29,4240.190227
-26532.800736,39,4241.112275
-13957.326017,31,4241.836035
-21900.626654,39,4242.731307
-12136.365418,28,4243.348779
-38636.546844,43,4244.300277
-16733.065794,35,4245.132535
-12846.884981,30,4245.874176
-47040.743118,44,4246.931575
-20924.297283,38,4247.832175
-15527.311261,32,4248.605026
-17837.876696,35,4249.406641
-34309.518319,41,4250.367306
-12766.498254,30,4251.051705
-17116.534228,33,4251.843753
-20913.739596,37,4252.715228
-15074.923197,34,4253.47675
-71693.316002,47,4254.53638
-12788.002453,30,4255.199135
-13732.73798,31,4255.898109
-39088.559754,42,4256.862435
-12368.86699,29,4257.489989
-28794.775807,40,4258.438354
-27900.656069,40,4259.316703
-35394.376704,42,4260.272729
-119179.50676,51,4261.431826
-114635.560142,50,4262.595807
-24516.758903,39,4263.497011
-13384.174008,31,4264.222078
-22105.986749,37,4265.085345
-48530.754351,43,4266.130324
-27881.823668,40,4267.043082
-20729.401109,37,4267.920044
-8902.390622,22,4268.422603
-26598.038871,40,4269.323551
-57310.701283,45,4270.352813
-47012.559836,43,4271.341662
-15849.26423,34,4272.099315
-28019.294815,41,4273.002982
-36528.782112,43,4274.001031
-125479.309078,50,4275.168323
-9053.02398,23,4275.700378
-8851.766258,22,4276.199313
-19655.143493,36,4277.068107
-15290.086529,32,4277.816695
-25233.428433,38,4278.763164
-15206.363403,34,4279.604878
-106021.513453,50,4280.762699
-95026.620877,49,4281.854331
-18215.633907,36,4282.666437
-65007.814316,45,4283.730633
-59870.518623,46,4284.764731
-73773.797393,49,4285.906302
-31578.371249,41,4286.852133
-10420.807505,25,4287.41171
-8001.099373,20,4287.872601
-18855.33732,40,4288.809891
-9704.364661,24,4289.388174
-61178.328212,47,4290.488327
-29756.305229,44,4291.51188
-9153.875462,23,4292.060511
-40862.487765,43,4293.103435
-12386.949679,29,4293.821679
-61104.873134,47,4294.940424
-13762.893314,31,4295.670847
-12243.073352,29,4296.336443
-11995.583169,28,4297.017195
-110773.183005,51,4298.203766
-19602.817595,36,4299.052125
-60077.766671,47,4300.14148
-13951.765213,31,4300.858107
-65618.870483,46,4301.895116
-14974.044438,33,4302.69293
-15857.264445,34,4303.47312
-16116.863022,33,4304.235115
-13302.191811,31,4304.973864
-67045.63205,47,4306.102814
-12834.320272,30,4306.812185
-20490.248984,37,4307.670126
-16065.092201,34,4308.475624
-102062.737211,50,4309.668375
-14517.163033,31,4310.407191
-13388.23573,31,4311.175571
-11690.450233,28,4311.860933
-59346.192955,45,4312.894877
-104840.866999,50,4314.041013
-17521.415906,34,4314.870016
-29611.189226,40,4315.86181
-49081.034951,45,4316.987809
-56273.611923,45,4318.097771
-24449.402409,38,4319.018939
-11777.73953,28,4319.679753
-20085.829565,35,4320.496827
-8801.838618,22,4321.008271
-19043.709795,37,4321.893379
-18693.207893,36,4322.728812
-91416.576036,49,4323.898764
-44576.378701,43,4324.952971
-13335.367893,31,4325.698639
-9303.003096,23,4326.237188
-41459.524778,44,4327.24409
-17597.933212,35,4328.103775
-11722.099366,28,4328.820196
-17220.937132,35,4329.672036
-59588.183059,46,4330.767314
-12781.028335,30,4331.501979
-18133.378611,39,4332.382163
-39574.067781,41,4333.336679
-14175.232013,32,4334.037012
-22999.842433,38,4334.942512
-25786.917132,39,4335.854021
-11319.23604,27,4336.454054
-10316.493331,25,4337.046993
-14596.646376,33,4337.843728
-71751.480963,47,4338.938622
-26539.260539,39,4339.852939
-16066.633994,35,4340.715227
-15047.324849,33,4341.496787
-10262.060987,25,4342.069557
-18688.987359,35,4342.917465
-29160.435673,40,4343.845869
-11277.96833,27,4344.519656
-16392.511161,36,4345.366674
-13684.169178,31,4346.132214
-16732.388584,35,4346.980165
-22306.663796,38,4347.867477
-9002.791105,22,4348.368098
-95362.279577,48,4349.456313
-51214.522196,45,4350.536071
-85939.967746,48,4351.674803
-16167.732178,34,4352.439109
-67904.603313,47,4353.578596
-69865.100605,48,4354.73516
-20134.523245,37,4355.587711
-18775.075114,36,4356.395288
-15560.551028,33,4357.207662
-24588.269639,38,4358.077811
-12980.093782,30,4358.798947
-51512.728629,45,4359.861432
-52024.597573,46,4360.921248
-8000.129501,20,4361.390817
-50822.594179,46,4362.435683
-24963.909128,39,4363.357991
-42214.110452,43,4364.360991
-35978.328118,42,4365.307432
-22635.176377,37,4366.187164
-59163.146754,46,4367.231947
-20059.841401,38,4368.120645
-13737.935413,31,4368.881211
-30469.510878,41,4369.845339
-25233.791945,38,4370.756135
-103587.584437,51,4371.942781
-27131.512858,40,4372.870626
-25695.881746,39,4373.799538
-73631.437377,47,4374.951421
-29849.679104,40,4375.922535
-25172.800278,39,4376.885665
-19560.437885,37,4377.762421
-16709.950202,35,4378.575346
-8000.180469,20,4379.050864
-9604.021082,24,4379.630223
-54649.517361,46,4380.739237
-17826.262019,35,4381.585999
-28235.988844,42,4382.583218
-69645.012352,48,4383.746279
-18595.166245,36,4384.651403
-55200.622015,46,4385.783803
-61247.054507,46,4386.93277
-85117.113824,48,4388.070993
-20722.152718,37,4388.930005
-13410.920526,31,4389.637638
-51445.486147,45,4390.756123
-14433.665046,33,4391.540489
-60242.998171,46,4392.632107
-12862.093226,29,4393.292549
-44180.814171,43,4394.301902
-12732.728281,30,4395.017632
-19641.885192,37,4395.881207
-36730.955627,42,4396.881059
-21520.69707,37,4397.77257
-15979.98934,36,4398.673259
-12218.29125,29,4399.342362
-13609.513995,31,4400.076813
-43339.307076,43,4401.106875
-13932.273628,32,4401.86935
-109985.547046,50,4403.070498
-24019.353048,38,4403.965847
-85212.331333,49,4405.141229
-24205.140656,38,4405.980254
-105428.721946,51,4407.194693
-14507.853336,32,4408.012409
-107281.042914,49,4409.228518
-21067.274895,37,4410.178009
-17319.367174,34,4410.996475
-48839.264381,45,4412.104681
-60890.623698,47,4413.297649
-71740.992203,48,4414.475129
-47106.137408,44,4415.550557
-13321.892318,30,4416.263912
-27688.211461,40,4417.171568
-26964.112758,39,4418.115685
-12551.308785,29,4418.778984
-18300.160114,35,4419.603753
-22884.833147,38,4420.495617
-11145.254075,27,4421.152255
-22034.630026,38,4422.04871
-20420.856073,38,4422.960493
-44072.937439,43,4423.951514
-18553.66099,41,4424.929293
-24582.509068,38,4425.858206
-11880.214152,28,4426.520117
-88921.425106,49,4427.725642
-52866.899181,44,4428.765533
-55919.5948,47,4429.922553
-106998.383805,52,4431.201488
-23277.417781,38,4432.085984
-89555.114146,50,4433.279794
-14905.41156,32,4434.046364
-13917.877165,31,4434.759254
-18406.457177,36,4435.607459
-11506.09705,27,4436.230236
-11349.196178,27,4436.877869
-22477.452621,39,4437.800198
-14293.324082,32,4438.525687
-9655.817012,24,4439.097881
-33569.394761,42,4440.089336
-10790.927374,26,4440.72449
-18720.18691,34,4441.552942
-85176.892146,48,4442.723874
-18683.465951,37,4443.609368
-42741.469856,44,4444.650288
-26921.024928,40,4445.661841
-14262.100589,32,4446.431251
-13205.743528,31,4447.178282
-32993.319383,41,4448.158111
-29863.01321,40,4449.118953
-14017.582821,31,4449.832077
-18942.205393,36,4450.742994
-26086.787978,39,4451.686841
-11657.723262,28,4452.358272
-64404.615249,46,4453.469299
-18499.155155,36,4454.302214
-25755.249655,38,4455.234986
-14698.92791,32,4455.98097
-27340.85896,39,4456.908542
-13294.756177,30,4457.640977
-16075.14822,33,4458.449987
-43319.208509,44,4459.560635
-51741.591194,46,4460.590986
-9504.680939,23,4461.161019
-18125.563683,35,4461.974203
-14335.350235,32,4462.735006
-11618.330848,28,4463.391644
-8000.911766,20,4463.8825
-13548.588799,31,4464.630485
-72665.809272,48,4465.733927
-37695.946247,42,4466.728346
-60379.795097,46,4467.835868
-15444.986735,33,4468.649514
-14427.629396,32,4469.378649
-13690.134827,31,4470.100181
-24546.500814,38,4471.063243
-13854.880571,31,4471.811904
-18242.148141,35,4472.643499
-11830.518086,28,4473.298627
-12921.319142,30,4474.072408
-72137.746331,46,4475.259879
-26465.009859,40,4476.222213
-127906.596737,52,4477.495553
-24078.637979,38,4478.403452
-17594.82432,36,4479.256186
-33340.441919,42,4480.238247
-63868.724916,44,4481.268591
-21883.592684,37,4482.135441
-52616.988217,46,4483.187227
-28103.340221,42,4484.163462
-45210.085674,43,4485.157673
-35385.364246,41,4486.117249
-16314.194898,36,4486.936809
-12330.103383,29,4487.643782
-11470.176544,27,4488.305601
-23146.074223,39,4489.233153
-20876.804276,41,4490.155982
-26978.336156,39,4491.074845
-23185.473541,38,4491.966883
-18143.875241,40,4492.865416
-12221.630236,28,4493.50838
-12752.196607,30,4494.201744
-12721.563972,29,4494.846275
-117274.083877,50,4495.985167
-24159.547768,40,4496.936832
-62602.298015,46,4497.983948
-70328.024129,46,4499.093542
-62978.717341,48,4500.193209
-35058.429141,43,4501.165863
-15883.443765,33,4501.957849
-27212.668303,40,4502.879928
-36837.551106,41,4503.819282
-75784.38064,48,4504.954051
-68024.988229,46,4506.024204
-18415.666641,35,4506.798043
-11923.257035,28,4507.433333
-59956.845772,47,4508.486151
-24463.67303,40,4509.378687
-13811.154508,31,4510.076737
-17470.741912,37,4510.956183
-33672.037137,41,4511.886164
-33352.037208,41,4512.787997
-19111.695842,36,4513.592885
-26862.408204,40,4514.521224
-8700.885511,22,4515.029403
-25741.918701,40,4515.93171
-14357.512416,33,4516.779703
-50889.204526,44,4517.827348
-13555.879912,31,4518.526975
-91623.379502,48,4519.646474
-14606.788209,33,4520.402601
-64437.674531,47,4521.553776
-15854.225656,33,4522.322546
-23380.882371,43,4523.313081
-83077.11287,48,4524.342265
-12956.217817,30,4525.059151
-37109.372285,43,4526.055043
-25260.83687,38,4526.906564
-18416.434024,35,4527.725045
-14799.614721,33,4528.461429
-12145.471508,29,4529.100664
-38694.214742,42,4530.086086
-11190.880658,27,4530.702521
-45481.65462,43,4531.723966
-36796.758578,43,4532.767271
-14302.46872,32,4533.499026
-66227.488685,46,4534.579185
-28560.079262,40,4535.473789
-28617.555775,41,4536.418549
-55309.003028,47,4537.539671
-22655.406457,38,4538.427504
-24673.273786,39,4539.337915
-11741.315695,28,4539.977572
-98961.698625,49,4541.0944
-16754.777139,35,4541.988985
-11074.327343,27,4542.630971
-16569.24782,35,4543.464288
-14005.669372,31,4544.19666
-15641.928089,33,4544.965572
-15479.546907,33,4545.745955
-87401.695694,49,4547.022189
-12403.860942,29,4547.716727
-12380.156819,29,4548.445777
-14679.823336,33,4549.237824
-14647.788508,31,4549.998122
-21258.768709,36,4550.858513
-23065.06892,39,4551.779372
-9806.520886,24,4552.341515
-34688.6758,41,4553.32963
-13455.352508,30,4554.028002
-13890.047505,31,4554.743103
-45171.298877,43,4555.737343
-16554.470514,35,4556.561737
-11773.19976,28,4557.227206
-55295.859353,45,4558.299476
-9917.576078,24,4558.871226
-17482.929016,35,4559.711336
-31808.075978,40,4560.689481
-22915.076431,37,4561.580086
-27277.906592,39,4562.528791
-57192.110734,45,4563.59149
-28354.984291,39,4564.496192
-19853.616592,36,4565.325113
-26101.357223,39,4566.198272
-58241.903078,45,4567.302012
-52641.36998,45,4568.342885
-68397.670711,47,4569.460375
-14107.99467,32,4570.247708
-18041.923902,35,4571.06349
-54803.751448,44,4572.064884
-12206.13336,28,4572.699048
-22095.976343,38,4573.607415
-17692.854057,35,4574.38824
-37274.504662,43,4575.41976
-9704.926871,24,4575.99052
-51033.720457,45,4576.989391
-14482.31498,31,4577.716004
-40652.18023,43,4578.743232
-32738.953935,42,4579.742695
-89514.868431,48,4580.847566
-34653.270675,42,4581.848345
-105332.896729,50,4583.055781
-15303.176924,32,4583.815553
-16742.333284,38,4584.774885
-46807.363482,46,4585.852233
-12509.596471,29,4586.526399
-15157.445791,32,4587.301767
-25354.210013,39,4588.240912
-12838.121906,30,4588.933595
-13665.01422,30,4589.626616
-15832.093661,35,4590.473056
-47709.932111,44,4591.501034
-15832.242056,35,4592.315952
-76553.513132,48,4593.44173
-81793.179384,47,4594.546434
-12327.693025,29,4595.232956
-12013.922175,28,4595.885596
-53234.465763,46,4597.008634
-19254.920409,37,4597.886822
-48232.586393,44,4598.896893
-16056.211417,35,4599.734658
-36005.535496,42,4600.707393
-11069.255569,27,4601.305886
-33402.086122,41,4602.26206
-21104.811918,36,4603.076795
-15836.443982,35,4603.944911
-14662.467401,32,4604.684654
-17335.039428,36,4605.530278
-24407.417692,38,4606.426092
-12290.763778,29,4607.119321
-90086.300317,48,4608.26358
-17357.106321,34,4609.060335
-13233.671331,30,4609.76996
-85351.556271,49,4610.968215
-20685.144567,37,4611.877912
-17829.418779,36,4612.756761
-36977.024788,42,4613.735677
-11022.555506,26,4614.350088
-8751.077087,22,4614.87103
-100176.307046,49,4616.069845
-19398.59481,36,4616.872197
-14867.047267,34,4617.692765
-78356.295306,49,4618.816195
-22305.103627,38,4619.692229
-69988.499689,48,4620.874151
-73268.62613,50,4622.105228
-14705.190277,33,4622.862807
-14531.090751,32,4623.632864
-33592.433254,41,4624.605493
-13652.998136,31,4625.348427
-9151.694728,23,4625.898556
-37704.553548,42,4626.900626
-20585.112226,37,4627.830429
-13901.027061,31,4628.584213
-18072.834173,36,4629.426012
-64114.368922,47,4630.540227
-56033.279804,46,4631.600913
-14479.381406,32,4632.361386
-14545.656494,33,4633.137014
-31706.799762,40,4634.121533
-20851.224409,37,4634.980838
-24265.367597,38,4635.866978
-17211.851487,35,4636.733846
-24151.537736,38,4637.644857
-20507.975803,37,4638.494243
-28335.575798,39,4639.401248
-14368.04177,33,4640.205514
-57860.027146,45,4641.317438
-57015.036272,46,4642.466668
-24094.447473,38,4643.327503
-13406.89972,30,4644.044587
-44873.508464,43,4645.090561
-10260.372139,25,4645.672656
-13268.57466,31,4646.38873
-10666.422139,26,4647.030693
-16587.925796,34,4647.868269
-62166.916664,45,4648.916612
-14737.671919,32,4649.740423
-18625.432787,35,4650.577664
-35957.603592,43,4651.588906
-10800.85681,26,4652.188821
-64285.59634,53,4653.436189
-107850.03804,49,4654.632785
-10828.040899,26,4655.238408
-11417.714589,27,4655.907211
-12559.997103,29,4656.609915
-9152.68214,23,4657.163251
-43462.011351,43,4658.223674
-16085.539092,34,4659.045471
-25528.74353,39,4659.963883
-34446.56548,41,4660.927313
-54392.749078,45,4661.961808
-36373.464773,42,4662.966979
-70941.658688,47,4664.065115
-16439.038161,33,4664.849489
-17617.037963,36,4665.699675
-21786.727092,37,4666.586652
-21206.848244,37,4667.452416
-49123.680338,45,4668.565572
-14675.139949,32,4669.30201
-43090.490481,43,4670.290663
-24345.119854,38,4671.222906
-36816.946992,42,4672.178463
-46709.92445,44,4673.243765
-20568.085235,37,4674.133163
-21812.32886,38,4675.066934
-14686.835016,32,4675.838531
-95835.938061,49,4677.011389
-55658.849022,45,4678.060657
-28153.61801,40,4679.016777
-17985.560409,37,4679.883802
-14911.487723,32,4680.622184
-39888.442623,43,4681.697169
-23926.631613,38,4682.650915
-12655.777665,29,4683.304048
-20357.177217,36,4684.198544
-8801.401607,22,4684.748958
-24292.000138,38,4685.630029
-63512.185837,46,4686.738052
-19477.646881,37,4687.645477
-16493.14959,34,4688.477166
-11794.432389,28,4689.167883
-18711.255466,36,4690.046343
-14878.17382,33,4690.81183
-23638.148352,39,4691.744126
-24359.886463,38,4692.633348
-77594.14675,47,4693.712573
-56447.420651,46,4694.864519
-44646.57148,43,4695.923015
-55657.46015,46,4697.026144
-56794.640628,45,4698.075511
-11452.506817,27,4698.722202
-29958.820435,40,4699.671229
-17367.261119,36,4700.507599
-81148.633199,48,4701.667382
-75558.458646,47,4702.735188
-9809.65632,24,4703.324582
-23162.73157,38,4704.234062
-19828.707459,37,4705.107611
-16025.504728,33,4705.865207
-9051.982941,23,4706.412013
-29064.619869,39,4707.324574
-92481.466977,49,4708.493087
-57152.33521,46,4709.595663
-10307.869758,25,4710.155218
-58025.152089,45,4711.236381
-27340.249002,39,4712.177369
-42871.952424,43,4713.236292
-15620.092562,32,4714.005268
-10220.60136,25,4714.580776
-61399.032789,45,4715.673986
-10469.81162,25,4716.240638
-25855.418297,39,4717.176971
-82892.3014,48,4718.344288
-23231.459306,38,4719.286569
-58901.089698,46,4720.397863
-16548.10363,36,4721.297772
-19731.253164,36,4722.136387
-8000.698639,20,4722.62567
-12003.741721,28,4723.292898
-17103.055717,35,4724.132635
-14395.714854,31,4724.854925
-24984.920623,38,4725.746593
-44284.391209,43,4726.760771
-37964.059568,43,4727.740955
-28197.438918,45,4728.819289
-40077.32909,43,4729.799401
-20610.346743,36,4730.609915
-28074.552736,40,4731.534106
-50691.502734,45,4732.566041
-11924.622001,28,4733.22207
-13908.815768,32,4733.939622
-20288.31271,36,4734.796961
-18878.436664,35,4735.592025
-18612.054594,36,4736.445576
-14538.898284,32,4737.178632
-102374.267215,50,4738.308364
-15992.709019,35,4739.119826
-10921.677607,26,4739.697312
-13006.9872,30,4740.385612
-15714.725263,35,4741.16714
-35773.174668,42,4742.084888
-15254.815939,32,4742.857162
-11399.39771,27,4743.507285
-10409.674219,25,4744.106225
-14585.278855,32,4744.862469
-41346.691051,43,4745.888863
-30751.653737,40,4746.773249
-26960.268767,40,4747.738847
-95672.655387,50,4748.92932
-19465.783534,37,4749.807571
-15954.673176,33,4750.564113
-17973.064973,35,4751.346123
-20179.550764,37,4752.245864
-68584.004324,46,4753.282168
-33324.661127,41,4754.181407
-16982.56895,38,4755.022935
-33403.999704,41,4755.946446
-55137.209653,46,4756.998779
-26784.623674,39,4757.868375
-63504.045419,47,4758.925413
-25004.16959,38,4759.815369
-31177.202267,42,4760.777309
-30453.952781,41,4761.67709
-15242.319749,33,4762.410536
-93817.639776,49,4763.545216
-11924.918973,28,4764.169967
-41318.823504,43,4765.164459
-26568.495267,40,4766.076576
-20447.062229,36,4766.904334
-24741.470918,38,4767.798299
-31732.308986,40,4768.713902
-11893.590713,28,4769.356128
-22128.997726,41,4770.317582
-23904.646852,38,4771.15819
-20491.344787,37,4772.002613
-26732.357367,39,4772.936245
-32247.241223,42,4773.927001
-36496.481893,42,4774.921575
-11331.220344,27,4775.555574
-33960.90757,40,4776.498406
-11946.359129,28,4777.160899
-21495.583759,37,4778.048763
-65619.424925,47,4779.144154
-9759.886366,24,4779.704345
-85777.83242,48,4780.782884
-20962.998984,37,4781.595649
-11012.67926,26,4782.150728
-44996.70906,44,4783.164215
-21237.851797,37,4784.019361
-25057.450392,38,4784.877778
-15721.64322,33,4785.637107
-16916.616228,34,4786.418921
-13459.505502,30,4787.169576
-43249.351863,43,4788.140772
-78839.402764,47,4789.229009
-90447.317727,49,4790.400668
-25223.433017,39,4791.313436
-27892.162407,41,4792.283406
-28838.311171,40,4793.234798
-82503.053219,48,4794.379286
-81488.252204,48,4795.563082
-9705.528178,24,4796.098885
-27076.591486,39,4797.009775
-21831.69611,37,4797.897119
-39218.303009,42,4798.918665
-32591.39072,40,4799.845305
-58592.235725,46,4800.948797
-67761.622966,49,4802.107659
-87027.37141,48,4803.209247
-38690.785948,42,4804.198704
-10259.885131,25,4804.815038
-53673.014457,45,4805.925207
-14808.655795,32,4806.723784
-18629.628402,36,4807.622629
-27433.822295,40,4808.596524
-30982.063124,41,4809.618823
-19900.972152,36,4810.431506
-97151.11582,48,4811.569392
-25383.894218,39,4812.459848
-25239.108142,39,4813.413808
-58275.394515,46,4814.588945
-119445.076142,51,4815.834827
-99861.630839,49,4817.026229
-16809.317938,34,4817.830791
-37526.042645,43,4818.805313
-26392.454865,39,4819.715279
-20393.060972,37,4820.608661
-10920.940359,26,4821.229945
-17593.276082,36,4822.089538
-17611.882387,35,4822.933228
-9153.147819,23,4823.46222
-61517.301791,46,4824.495323
-23836.224877,38,4825.410057
-29991.144857,41,4826.390628
-44316.814657,42,4827.400708
-18802.778553,36,4828.221058
-81413.61081,49,4829.388705
-24996.418775,38,4830.31487
-30637.641375,39,4831.220704
-13843.354196,31,4831.95652
-16348.733734,36,4832.80481
-28716.200006,39,4833.744264
-11260.798518,27,4834.407469
-12930.08633,29,4835.118457
-11750.941927,28,4835.820897
-16736.112886,34,4836.656375
-12589.914383,29,4837.317785
-11020.434004,26,4837.920215
-17920.868869,35,4838.772213
-29071.76619,40,4839.766206
-65526.364519,46,4840.864668
-74459.729463,47,4841.956584
-13194.652399,30,4842.662739
-19261.114954,36,4843.558407
-12050.416214,28,4844.171894
-33263.79815,42,4845.131189
-24779.021682,38,4846.032642
-66463.19481,45,4847.11408
-43209.921388,43,4848.146183
-11582.415756,27,4848.80067
-33874.105954,41,4849.75291
-19543.652818,36,4850.607161
-19768.761349,36,4851.457529
-34161.479736,42,4852.464547
-32039.336883,41,4853.43748
-36272.328978,43,4854.453092
-28439.797772,40,4855.424598
-11021.562101,26,4856.028408
-56069.308874,47,4857.146647
-14534.40345,32,4857.904685
-8952.185142,22,4858.41729
-35678.981293,41,4859.395691
-40757.39629,43,4860.449688
-19586.642552,37,4861.342965
-21295.396617,37,4862.213679
-20317.875953,37,4863.111248
-17962.613921,37,4864.009599
-19055.507218,36,4864.877867
-12017.725941,28,4865.618212
-120060.729659,51,4866.833116
-97658.923312,50,4868.045457
-87110.227154,49,4869.205849
-20854.521189,38,4870.142404
-13844.926744,31,4870.839524
-47666.108131,45,4871.907227
-17080.907807,36,4872.738438
-53284.049494,45,4873.856886
-32141.025003,40,4874.841145
-85961.749361,49,4875.986156
-16650.100112,35,4876.851127
-62193.120821,48,4877.991087
-14828.066375,32,4878.768565
-9051.560987,23,4879.318372
-22085.913537,37,4880.201647
-10619.125744,26,4880.835479
-19402.919376,36,4881.735456
-123935.761581,51,4882.965232
-26651.802381,39,4883.878869
-12392.451549,29,4884.552435
-18599.029805,37,4885.425245
-24604.365133,39,4886.327286
-105724.111735,50,4887.498026
-17327.831141,35,4888.326295
-31395.024231,40,4889.262979
-19741.810021,37,4890.168484
-35497.561648,42,4891.148331
-50802.663457,45,4892.220881
-66652.518528,47,4893.3514
-61198.765007,45,4894.4362
-12145.209428,28,4895.140638
-17980.694796,35,4896.043913
-9753.835854,24,4896.633771
-31838.807939,41,4897.609947
-14024.905327,31,4898.321305
-15737.211197,32,4899.061565
-66679.968597,47,4900.132431
-12906.213729,29,4900.824808
-14620.114543,32,4901.57458
-41728.355979,43,4902.613355
-13730.575451,30,4903.315535
-14726.9677,32,4904.094438
-47348.105711,44,4905.143133
-8000.212842,20,4905.62949
-120894.077563,58,4907.07363
-85136.768466,49,4908.221421
-51433.472467,45,4909.248255
-31850.767514,41,4910.232321
-39899.938207,42,4911.226048
-90315.398609,49,4912.3334
-18998.975988,36,4913.189681
-27678.773074,39,4914.085856
-25774.061596,39,4915.049948
-27007.009254,39,4915.953825
-19351.845223,36,4916.789925
-15250.580519,33,4917.61259
-13507.490681,31,4918.358858
-13770.386523,31,4919.066021
-40611.215036,41,4920.039725
-28816.283642,50,4921.206597
-96217.25563,68,4922.840208
-26595.266704,39,4923.747325
-61600.943112,46,4924.890051
-76107.642501,48,4926.079566
-9754.150657,24,4926.669497
-12582.042677,29,4927.374258
-17462.692978,35,4928.184553
-14809.390326,32,4929.00549
-25812.229536,39,4929.975739
-14629.506228,33,4930.823539
-14202.856183,32,4931.608881
-58873.329437,46,4932.660355
-30569.512282,41,4933.611027
-14311.838524,32,4934.342172
-47021.052049,44,4935.346753
-16958.456621,34,4936.142723
-11998.067498,28,4936.819064
-16943.347637,34,4937.613659
-14587.103432,32,4938.33045
-20706.237295,37,4939.246886
-14448.667156,31,4939.991512
-38571.743467,42,4940.985513
-44474.111235,44,4942.035792
-78827.583336,47,4943.198473
-34487.975528,43,4944.206181
-17647.790478,35,4945.037129
-74495.448743,47,4946.152539
-16890.538991,34,4946.930896
-12708.44989,30,4947.666998
-22509.566323,38,4948.653718
-16165.480683,34,4949.50157
-18182.719663,35,4950.354523
-40880.817996,42,4951.355851
-60908.704787,47,4952.496604
-15615.510083,33,4953.298376
-33105.893954,41,4954.249758
-13797.359257,31,4955.019007
-33618.561697,41,4956.001682
-15309.032985,34,4956.800476
-14032.567598,32,4957.57913
-14931.699783,33,4958.326031
-14154.373221,32,4959.084838
-44502.037218,44,4960.112771
-119481.108039,70,4961.79127
-22379.601656,37,4962.643237
-22490.751345,39,4963.55397
-17035.679266,34,4964.331986
-47742.932315,44,4965.319458
-14530.819911,33,4966.099768
-25531.249972,39,4966.98865
-68562.375926,47,4968.084121
-18874.669442,35,4968.897724
-16162.501458,36,4969.710819
-54427.954334,44,4970.751907
-11889.152609,28,4971.407471
-16122.314996,33,4972.139317
-36956.722218,42,4973.182098
-60587.547394,45,4974.223943
-17256.812455,36,4975.08747
-23872.417072,38,4975.984956
-16304.411628,34,4976.770207
-33139.766763,43,4977.794711
-18350.340289,35,4978.589514
-10881.142065,26,4979.163305
-36242.279005,43,4980.072013
-13136.150428,30,4980.727141
-14239.973435,32,4981.484076
-13691.287101,31,4982.19764
-18968.670061,36,4983.052465
-39760.483263,42,4984.012155
-101769.899499,49,4985.185474
-13440.724602,31,4985.951355
-21241.745119,37,4986.812265
-69381.810622,46,4987.884578
-14408.30171,32,4988.657664
-14761.838326,32,4989.433542
-16735.482096,34,4990.240574
-14036.070859,32,4991.031638
-15280.078794,33,4991.826887
-81030.022877,47,4992.914104
-14775.648013,33,4993.709138
-38995.216909,42,4994.736382
-47392.565443,45,4995.792999
-12740.883625,29,4996.461462
-22295.001472,38,4997.363193
-11865.234059,28,4998.009493
-15768.772038,36,4998.84957
-12330.419461,29,4999.553614
-131480.51882,50,5000.721795
-59620.494084,45,5001.79586
-59529.492476,50,5002.996325
-15232.386771,33,5003.743425
-13731.978274,31,5004.449364
-11347.074664,27,5005.100558
-79030.222159,50,5006.228055
-13550.114164,31,5006.954056
-21910.076724,37,5007.878864
-95287.051109,50,5009.028831
-17417.981183,36,5009.849813
-19783.833074,37,5010.754645
-12373.375803,29,5011.438149
-16185.99208,34,5012.218619
-25029.393833,40,5013.163517
-19079.828852,36,5013.975314
-42564.26725,43,5015.010432
-12738.628232,29,5015.7046
-49287.634867,45,5016.781117
-14575.90285,32,5017.538655
-34539.245432,43,5018.548148
-10835.175698,26,5019.14207
-78861.214966,47,5020.268514
-14026.484603,30,5060.897514
-22052.669155,37,5061.769167
-76006.527293,47,5062.787731
-67933.638783,47,5063.872033
-31191.867802,40,5064.799059
-23709.545565,40,5065.753981
-54964.323417,45,5066.83928
-98718.399266,50,5067.974378
-17715.618,35,5068.811481
-29542.71068,40,5069.766403
-23726.023413,38,5070.657351
-15602.952058,33,5071.423428
-14303.900994,31,5072.145454
-45696.986521,45,5073.202385
-19721.747628,36,5074.050554
-60062.722869,48,5075.188226
-17241.409038,35,5075.98867
-20421.588665,36,5076.861757
-32908.03523,42,5077.864999
-23157.223431,38,5078.793036
-15987.52648,33,5079.579777
-18819.639042,36,5080.371356
-17192.308388,35,5081.195725
-39074.799248,43,5082.315291
-82859.983931,48,5083.461007
-85148.599946,48,5084.620563
-15279.046044,32,5085.361846
-16522.697467,34,5086.189833
-14038.764648,32,5086.893697
-14716.844448,33,5087.692348
-13585.322021,30,5088.379978
-57542.008683,45,5089.401932
-31903.844389,40,5090.359736
-16161.721924,34,5091.165528
-24656.253381,41,5092.129708
-68016.17413,46,5093.231061
-52371.731599,46,5094.320148
-18542.500608,36,5095.245171
-15127.87412,33,5096.094824
-16382.963973,33,5096.868169
-14092.627346,32,5097.634745
-13404.098496,30,5098.342136
-14919.695742,32,5099.099617
-15071.030237,34,5099.899801
-51054.705038,45,5100.967296
-37956.397291,42,5102.002877
-9454.370678,23,5102.511048
-16602.749161,34,5103.331771
-62461.518118,47,5104.517405
-17566.851461,38,5105.466742
-18047.709445,35,5106.276238
-17428.520182,36,5107.151579
-17724.874896,35,5107.948633
-12236.945754,29,5108.621062
-17031.324524,35,5109.432108
-19600.370208,38,5110.358438
-13810.134698,31,5111.078698
-14528.511191,33,5111.841042
-9404.447848,23,5112.376062
-116730.764363,50,5113.57712
-15368.702319,33,5114.344203
-25257.73985,39,5115.269853
-22863.622749,38,5116.151519
-42492.614125,43,5117.205519
-14771.289363,33,5118.004045
-23950.76679,39,5118.97666
-21738.489478,38,5119.909494
-25697.523794,39,5120.838735
-14527.897603,31,5121.557394
-12595.877447,29,5122.233042
-32286.260657,41,5123.222836
-138669.053594,52,5124.410825
-17929.874522,35,5125.220536
-11710.256396,28,5125.872356
-31285.961725,40,5126.827874
-10709.663186,26,5127.469287
-16336.710072,34,5128.270327
-27352.37772,40,5129.224882
-14787.257717,33,5130.019652
-14815.431535,34,5130.815508
-9404.422583,23,5131.367512
-15115.903651,33,5132.180665
-32463.965165,41,5133.123024
-70148.008017,47,5134.279799
-67554.747138,47,5135.401204
-19909.106026,36,5136.335194
-40963.067725,43,5137.336722
-23941.610145,39,5138.227497
-13101.005325,30,5138.90992
-18138.30977,35,5139.745647
-91834.02091,50,5140.924521
-11573.203718,27,5141.554814
-14416.780788,33,5142.370899
-11534.271523,27,5143.056758
-8000.664938,20,5143.546119
-34647.966659,43,5144.664626
-46007.22664,45,5145.714797
-92339.672803,49,5146.886045
-18378.777332,35,5147.724132
-45199.928391,44,5148.819844
-44390.684457,43,5149.904913
-23623.68013,38,5150.829796
-21662.921501,38,5151.758531
-135648.589316,52,5152.992235
-14402.388979,33,5153.780003
-16624.531671,34,5154.602948
-104332.403987,51,5155.774224
-40372.969261,43,5156.749405
-11238.648253,27,5157.363054
-31965.905821,40,5158.265668
-63111.660943,49,5159.432676
-14615.959,32,5160.178559
-86728.005244,48,5161.289639
-31781.872729,43,5162.336039
-25709.514233,53,5163.538137
-96662.509051,50,5164.734951
-59982.713079,45,5165.801344
-73821.543045,47,5166.891174
-31834.041341,40,5167.830336
-85050.879294,48,5169.009892
-14864.209906,33,5169.77181
-25421.306093,38,5170.647606
-12552.285659,29,5171.34929
-25977.089746,38,5172.257138
-13819.943134,31,5172.990028
-17551.707885,35,5173.788524
-76690.65016,49,5174.956776
-11126.053665,27,5175.614512
-21516.422268,37,5176.472574
-21830.38001,38,5177.387678
-18904.769475,36,5178.201142
-24718.55833,39,5179.131276
-15390.767797,33,5179.912483
-43433.064043,43,5180.923597
-11824.277007,28,5181.558562
-16000.385981,33,5182.343045
-39347.238562,43,5183.360122
-43004.7559,44,5184.384839
-14744.679944,32,5185.107767
-17657.753734,35,5185.898915
-63894.483432,46,5186.997404
-16908.308155,35,5187.82314
-41098.802174,42,5188.804049
-56868.517414,45,5189.867951
-16071.045149,35,5190.751344
-46183.510928,44,5191.830565
-13618.512892,31,5192.576151
-46224.482596,44,5193.632357
-22200.562141,38,5194.543042
-15743.188918,34,5195.344746
-15519.909125,35,5196.201002
-10625.87903,26,5196.816424
-18499.631301,36,5197.652845
-11300.858993,27,5198.266811
-17573.073498,35,5199.100939
-125672.638471,77,5200.842901
-15070.310367,33,5201.594597
-22515.146798,38,5202.456998
-16853.259609,34,5203.258078
-12994.127068,30,5203.97584
-114114.908849,51,5205.179356
-118847.422841,51,5206.369767
-11851.658716,28,5207.027021
-28071.606304,39,5207.93582
-15896.155793,36,5208.787327
-29712.73681,43,5209.800694
-22706.349872,42,5210.790613
-44327.440155,43,5211.826563
-53659.119986,45,5212.898341
-34001.291789,42,5213.855875
-19586.160709,37,5214.693146
-24387.39126,39,5215.589057
-52376.772525,45,5216.685804
-37812.838355,41,5217.665676
-21343.529365,36,5218.482904
-15944.17484,33,5219.197411
-18660.484003,36,5220.01087
-22051.002274,39,5220.888252
-10008.689022,24,5221.454858
-18632.690321,37,5222.314186
-11805.887008,28,5222.948317
-18576.364881,39,5223.865061
-25419.235961,39,5224.750375
-29412.962634,39,5225.673618
-17174.218556,34,5226.464073
-41971.267368,43,5227.426471
-25800.415959,39,5228.330243
-9003.033018,22,5228.851536
-35700.172047,42,5229.830819
-79363.074904,49,5231.020591
-13034.438018,30,5231.706254
-20384.061354,36,5232.55579
-13813.780148,32,5233.278446
-121124.88923,50,5234.415422
-14986.192723,33,5235.25067
-74089.052757,48,5236.372137
-74830.421311,48,5237.466919
-10526.246329,25,5238.02618
-30559.054086,42,5239.027364
-9808.65661,24,5239.587991
-17783.180209,34,5240.366352
-13175.116019,30,5241.101873
-14000.564036,32,5241.871153
-19077.828107,36,5242.720353
-17683.864497,37,5243.587131
-25101.122672,39,5244.477971
-14918.178892,33,5245.297885
-22166.475322,37,5246.109833
-17325.811631,36,5246.951857
-12839.560809,30,5247.707233
-29417.788257,41,5248.666106
-117609.721598,51,5249.866714
-29541.61717,40,5250.794984
-11119.380001,27,5251.382689
-69581.239141,47,5252.473747
-14236.170494,32,5253.199164
-34160.142681,41,5254.137137
-104205.414543,50,5255.292514
-13555.409603,31,5256.055235
-26119.890219,40,5256.99804
-20242.746695,36,5257.847268
-52917.424409,46,5258.896374
-26998.130258,40,5259.805134
-16233.076627,34,5260.615885
-56593.834071,45,5261.639888
-9856.054788,24,5262.18065
-42010.606456,45,5263.206941
-12750.26557,30,5263.91718
-21372.692346,38,5264.82235
-16190.189281,34,5265.596134
-22759.675302,38,5266.445105
-11222.369009,27,5267.098882
-46886.705402,44,5268.101722
-31187.946218,40,5269.031477
-13730.150186,31,5269.780361
-14818.982063,32,5270.535828
-12994.842045,30,5271.226611
-87442.092247,48,5272.333582
-88934.181392,48,5273.417673
-15211.047604,33,5274.196249
-24535.917695,38,5275.082467
-91751.842491,48,5276.339283
-9769.599074,24,5277.005797
-99534.560838,49,5278.518406
-71360.325074,48,5279.89239
-85574.38588,48,5281.291631
-14148.980534,31,5282.185191
-54123.606629,47,5283.675302
-50595.22428,45,5284.960446
-35635.188789,42,5286.134836
-12459.374097,29,5286.901661
-25361.586369,46,5288.111752
-41771.520329,42,5289.231307
-14837.574489,33,5290.104324
-44436.188723,44,5291.35527
-12526.062438,29,5292.152918
-44647.807944,44,5293.186642
-16048.492428,36,5293.999247
-14825.557891,34,5294.794199
-79079.690768,48,5295.917269
-24537.89036,39,5296.780927
-108576.696682,51,5297.963943
-20224.224434,44,5298.951723
-37015.457629,42,5299.907843
-14697.458721,32,5300.607239
-15971.412346,34,5301.370677
-8800.7056,22,5301.873832
-10670.562754,26,5302.531529
-50485.043254,46,5303.645167
-13759.830409,31,5304.39297
-15371.95524,32,5305.144657
-25485.32473,39,5306.088955
-24244.189699,38,5306.956167
-39438.714788,42,5307.924365
-40922.543227,45,5308.965103
-12333.827566,29,5309.671557
-47745.072052,43,5310.702399
-12292.785868,29,5311.358021
-12698.374848,29,5312.050396
-24633.695561,40,5312.990155
-27721.262076,40,5313.924919
-52255.599222,46,5315.030632
-43732.615294,43,5316.062299
-41400.486944,42,5317.059532
-15815.073244,36,5317.904042
-19404.857421,36,5318.753557
-13475.887675,30,5319.431131
-20193.28118,37,5320.293068
-17048.135218,34,5321.095178
-64476.505063,46,5322.168745
-14635.108496,32,5322.88175
-19497.639831,36,5323.751921
-9002.075991,22,5324.235223
-53823.62941,45,5325.295559
-24462.973836,39,5326.205688
-16950.593613,36,5327.073891
-19039.473367,35,5327.905901
-20164.819703,37,5328.752681
-29753.493962,41,5329.691853
-16183.25853,36,5330.5514
-21834.820408,40,5331.486446
-15436.174538,34,5332.341238
-99418.213509,50,5333.544892
-73712.185622,48,5334.690197
-60671.945879,46,5335.747786
-44667.603265,44,5336.742203
-17188.735581,35,5337.54034
-15597.943368,33,5338.305237
-28840.736534,40,5339.234928
-21380.775082,37,5340.097773
-21361.565767,39,5340.977991
-45180.397222,45,5342.054419
-22759.232674,38,5342.945877
-14493.4559,32,5343.721598
-8851.254893,22,5344.262618
-28793.337495,40,5345.252201
-11855.931919,28,5345.937152
-41041.65921,54,5347.273376
-23465.633139,38,5348.156198
-27585.661682,40,5349.099289
-40016.904616,43,5350.150924
-39817.098764,43,5351.215779
-42339.318482,44,5352.261897
-20264.829223,37,5353.114019
-21493.28411,38,5353.987525
-18673.754654,35,5354.807067
-18616.749568,37,5355.703913
-11655.789319,28,5356.349972
-33723.864438,41,5357.3666
-12878.862412,30,5358.1039
-19859.617651,36,5359.003866
-26334.452891,39,5359.990776
-40169.485759,43,5361.035615
-12627.301028,29,5361.765623
-29018.812243,40,5362.703823
-17606.223168,34,5363.489425
-27874.722749,40,5364.451484
-12519.787085,29,5365.170368
-22586.59858,37,5366.077515
-39806.080256,43,5367.089218
-26888.359676,39,5367.996302
-21706.330373,38,5368.938628
-18106.154337,35,5369.787381
-14320.955269,33,5370.576073
-8951.105266,22,5371.109583
-49570.460755,44,5372.140387
-33681.766467,46,5373.257842
-34703.195782,41,5374.226292
-97675.255324,52,5375.455642
-19647.840196,37,5376.38059
-16993.720714,38,5377.302108
-33947.293191,41,5378.29706
-58813.174718,45,5379.324156
-72254.790096,47,5380.40089
-14624.749391,33,5381.192381
-23756.533281,38,5382.051491
-22418.64475,38,5382.959914
-11859.919951,28,5383.599324
-92213.521518,48,5384.717963
-16415.061113,36,5385.533208
-14784.145683,33,5386.309639
-19342.337126,36,5387.138749
-24923.939539,39,5388.05282
-128155.898323,51,5389.259226
-22679.683535,41,5390.230506
-27224.085951,39,5391.142262
-19068.338923,36,5392.003131
-8000.303217,20,5392.499543
-30921.137319,41,5393.494808
-14524.576412,33,5394.241889
-13363.11215,30,5394.941279
-25044.168819,39,5395.845527
-47633.212545,44,5396.917958
-8601.085692,22,5397.449808
-25527.196571,39,5398.411124
-36663.313589,42,5399.414546
-16477.848861,35,5400.282228
-41828.881741,46,5401.426414
-35557.575742,42,5402.44705
-27158.373134,39,5403.432193
-29018.858896,40,5404.395591
-17373.523121,34,5405.221945
-44991.665317,51,5406.481127
-32242.52537,41,5407.450154
-33174.132943,42,5408.433174
-74652.858718,47,5409.496799
-14728.22241,32,5410.258735
-36564.324358,43,5411.304633
-17051.116992,36,5412.129677
-13887.375596,30,5412.850607
-49708.625014,44,5414.070027
-12546.452034,29,5414.752092
-26742.472773,39,5415.717231
-19551.991069,36,5416.631897
-21313.593439,38,5417.517925
-101672.948007,50,5418.727598
-15978.256632,33,5419.521272
-74010.984706,48,5420.717213
-91132.442449,47,5421.918761
-34337.679215,58,5423.372819
-12287.465264,29,5424.05238
-25339.153788,38,5424.922912
-24004.832888,39,5425.811689
-36111.138152,42,5426.792661
-33746.703387,43,5427.818528
-56586.011272,45,5428.902555
-20597.062569,37,5429.771843
-16142.23387,36,5430.632688
-18330.179452,37,5431.504866
-17753.59185,35,5432.334499
-117268.442038,50,5433.532815
-98146.978299,49,5434.669631
-38238.344941,45,5435.77069
-25035.555945,41,5436.77064
-77658.993516,46,5437.870991
-34200.00112,44,5438.910684
-49370.402208,46,5439.982147
-17611.886656,35,5440.822841
-33508.366351,43,5441.841403
-65687.332371,47,5442.928607
-33710.952376,41,5443.907206
-33298.283712,42,5444.896956
-81305.008476,51,5446.143162
-15345.731691,32,5446.916103
-16815.656885,36,5447.752092
-13356.853428,30,5448.402274
-27154.381122,39,5449.291432
-15086.372646,34,5450.033202
-43942.153143,44,5451.027516
-18437.383129,37,5451.820485
-80838.380141,48,5452.949425
-23154.330565,48,5454.02897
-22147.793467,37,5454.87333
-89600.412496,50,5456.017435
-39510.155864,43,5457.029823
-8901.259036,22,5457.530148
-126156.042995,52,5458.720283
-23317.874012,37,5459.542305
-30647.923772,40,5460.437518
-72521.390428,47,5461.536271
-20184.694319,38,5462.456161
-16385.383948,33,5463.255496
-17150.875575,35,5464.100561
-13545.050757,31,5464.889797
-13648.833755,31,5465.630298
-88760.320892,49,5466.802625
-50394.18766,45,5467.888755
-122114.793952,50,5469.003239
-12231.14329,29,5469.645388
-120423.646168,51,5470.801978
-10766.657484,26,5471.402735
-31880.029259,42,5472.327921
-10111.604618,25,5472.899695
-12522.519883,29,5473.573457
-43410.332934,44,5474.641815
-59580.933098,47,5475.687339
-22371.742332,39,5476.551004
-21188.719471,37,5477.459706
-117735.400923,51,5478.657124
-38765.706911,42,5479.625352
-40374.951116,42,5480.590205
-27027.368664,39,5481.484385
-53246.716355,48,5482.685627
-21124.655878,36,5483.554956
-13570.868977,30,5484.269134
-14549.939542,33,5485.066365
-8000.806888,20,5485.546041
-21458.435603,43,5486.546614
-15800.094895,34,5487.342044
-27416.171216,40,5488.276159
-13943.509351,31,5488.968721
-24963.006783,39,5489.874696
-38250.617318,42,5490.826082
-52801.304526,45,5491.872451
-21772.81409,36,5492.753878
-10972.86553,26,5493.334195
-19172.871972,37,5494.213673
-64300.721017,47,5495.316399
-33524.777065,41,5496.261611
-21305.32131,37,5497.109585
-24877.234971,39,5498.035203
-14196.67327,32,5498.797206
-76574.199982,48,5499.937561
-25357.172234,38,5500.88827
-9253.457028,23,5501.465107
-18069.612683,36,5502.371125
-49626.781048,43,5503.4098
-26642.026746,39,5504.34836
-20852.621388,37,5505.232575
-21862.710029,37,5506.09907
-18028.964143,35,5506.96679
-8000.645076,20,5507.434163
-14931.14938,32,5508.176021
-54512.266528,46,5509.247924
-32653.711509,43,5510.277135
-18700.209679,35,5511.114247
-80002.711305,50,5512.318947
-12841.629189,30,5513.043683
-43055.240298,44,5514.057775
-100140.389703,50,5515.268519
-24793.70436,41,5516.221346
-14837.747075,34,5517.008427
-13903.442879,31,5517.743757
-17982.708521,37,5518.629368
-26514.877697,39,5519.577098
-17960.50739,36,5520.434753
-24822.567965,41,5521.361229
-24477.677799,39,5522.279016
-16021.879364,33,5523.058636
-38007.354228,46,5524.137331
-19452.58631,36,5524.974214
-51774.474909,45,5526.025189
-36572.109685,43,5527.060644
-22440.850748,39,5527.987732
-11052.515232,27,5528.619891
-17839.671781,36,5529.481024
-27674.787903,40,5530.358119
-28612.355106,39,5531.279279
-60507.442594,46,5532.362041
-33750.13708,43,5533.352576
-58978.907375,46,5534.433269
-40633.981102,59,5535.89038
-24738.180035,52,5537.084705
-52843.942147,45,5538.125523
-14219.471639,32,5538.864195
-14379.138103,32,5539.607747
-25336.522253,40,5540.508578
-30261.879403,42,5541.455372
-18764.403736,35,5542.276619
-10072.119934,25,5542.864592
-25247.53345,39,5543.763694
-30550.067367,40,5544.821356
-52402.893087,45,5545.878696
-26373.249858,39,5546.829545
-11799.151449,28,5547.483238
-18672.4847,35,5548.327715
-60970.269715,46,5549.472024
-28822.997412,41,5550.581398
-111050.516021,49,5551.760906
-15758.870195,34,5552.525069
-28244.843165,39,5553.456158
-62567.675336,47,5554.560063
-77435.00881,48,5555.663185
-56498.863236,45,5556.731987
-27086.640494,39,5557.684355
-43463.458708,45,5558.748171
-24231.08662,42,5559.682931
-13836.023904,31,5560.366839
-73958.979583,47,5561.485868
-40407.759453,43,5562.466912
-28381.04247,40,5563.4518
-19316.502394,43,5564.415051
-98338.752753,52,5565.625692
-20236.335555,36,5566.472707
-29149.835142,40,5567.427413
-38178.500489,42,5568.401061
-11238.757762,27,5569.057945
-31702.491135,41,5570.048536
-18421.578433,36,5570.876746
-39142.50389,43,5571.91336
-21010.034572,36,5572.747052
-97440.166388,49,5573.875115
-32676.984697,41,5574.838741
-39043.703544,43,5575.850016
-80971.955274,49,5577.003423
-8000.978879,20,5577.470938
-38554.390291,47,5578.557813
-69402.559843,49,5579.703205
-18718.054628,36,5580.540453
-110076.910838,51,5581.735778
-23610.135144,38,5582.676213
-15169.946253,32,5583.425094
-13002.758768,30,5584.151502
-15185.723044,32,5584.895467
-15537.988295,33,5585.678629
-16409.054584,34,5586.481012
-80983.492287,49,5587.705699
-12930.747359,30,5588.432664
-102909.016353,49,5589.559679
-41895.677266,50,5590.715521
-104894.872388,51,5591.911188
-34158.203157,41,5592.881408
-12653.833737,30,5593.587341
-16232.862957,34,5594.383991
-14677.893536,31,5595.121049
-20917.076125,37,5596.009668
-10510.021462,25,5596.632075
-24199.505795,38,5597.54764
-51601.633768,45,5598.612453
-26225.229224,40,5599.545323
-13639.426696,31,5600.325035
-51614.728549,45,5601.387411
-78686.416564,48,5602.503086
-16037.202487,35,5603.343392
-14015.266138,31,5604.099906
-15653.021045,33,5604.908061
-43944.596875,43,5605.93466
-24866.230932,40,5606.851529
-30849.55152,64,5608.409576
-134054.209363,50,5609.632925
-27572.994462,39,5610.549041
-13182.574393,30,5611.222715
-26546.06911,40,5612.254281
-61943.478558,50,5613.444637
-79568.099939,48,5614.641448
-53290.750732,48,5615.737716
-11012.889118,26,5616.327984
-37967.395789,45,5617.482977
-64323.22179,47,5618.69018
-67328.017702,51,5619.879588
-15799.707194,36,5620.721602
-19568.256941,39,5621.640745
-24293.16271,41,5622.635339
-14736.54998,33,5623.404562
-28141.262617,39,5624.31039
-65297.052832,48,5625.482869
-22459.953539,38,5626.413304
-10925.484477,26,5627.006509
-11013.38872,26,5627.654119
-68899.550171,63,5629.174482
-64253.152804,46,5630.280238
-11522.132808,27,5630.928157
-102123.568216,50,5632.094533
-11680.975827,28,5632.757489
-28888.128087,41,5633.719385
-57673.803807,46,5634.810352
-15093.481287,32,5635.524643
-35805.873274,42,5636.529938
-126202.503797,51,5637.741859
-30248.985453,40,5638.647895
-24605.846595,39,5639.546355
-64501.250406,48,5640.672474
-8000.820272,20,5641.133451
-15969.296699,36,5642.015999
-12544.130285,29,5642.698288
-63037.453303,45,5643.77667
-52018.278795,46,5644.843687
-15543.779604,34,5645.664378
-10864.833393,26,5646.275267
-34516.134843,42,5647.29038
-21558.913203,38,5648.185533
-22161.350021,39,5649.144553
-92674.972203,50,5650.361738
-31985.656497,44,5651.396038
-16960.872576,34,5652.233297
-40360.852475,41,5653.214018
-14062.632123,32,5653.970515
-53701.713512,47,5655.065982
-13816.487698,31,5655.803366
-92737.863213,50,5656.927783
-20096.204595,38,5657.855361
-14685.608421,32,5658.609532
-24832.250968,39,5659.560607
-14603.954521,33,5660.350572
-13057.1613,30,5661.05542
-46992.640389,44,5662.092604
-18367.479536,38,5662.946086
-14529.23037,32,5663.703735
-76787.156432,48,5664.851776
-23492.72897,38,5665.744946
-15613.098136,36,5666.572667
-19931.726444,37,5667.499984
-47638.602964,54,5668.833021
-58792.150047,53,5670.079568
-60349.001291,46,5671.156655
-13941.225606,31,5671.883023
-15350.632837,34,5672.68365
-29211.376551,41,5673.65117
-31506.054943,41,5674.641957
-19682.027568,36,5675.486323
-76461.073293,51,5676.651977
-90291.687503,49,5677.811839
-15254.008532,34,5678.625669
-14683.85553,32,5679.424731
-12573.221536,29,5680.101359
-83449.995924,71,5681.800447
-13630.099729,31,5682.495703
-12154.906993,29,5683.155065
-12469.784301,29,5683.854861
-8000.534879,20,5684.318749
-17988.551898,36,5685.193169
-8000.476892,20,5685.708948
-31635.391,41,5686.685642
-66394.69543,47,5687.831362
-62955.493747,47,5688.924346
-20421.052,38,5689.82482
-24517.956495,38,5690.686754
-23744.935878,38,5691.58514
-10412.39925,25,5692.135763
-15746.623108,33,5692.892155
-25747.428943,39,5693.801559
-18788.315991,42,5694.78161
-20529.518846,37,5695.626214
-10156.278622,25,5696.207675
-39878.878989,43,5697.251075
-17353.006762,34,5698.008232
-13167.345285,30,5698.697638
-39430.839839,45,5699.758528
-13650.149811,31,5700.408111
-19802.490259,37,5701.27016
-13264.839546,30,5701.936689
-56331.235656,46,5703.009318
-14758.844395,32,5703.759258
-35689.939807,43,5704.759803
-21283.848571,38,5705.679706
-44676.768397,43,5706.692856
-20530.051024,37,5707.621099
-33167.807554,41,5708.54945
-14904.033854,33,5709.334799
-15778.604815,32,5710.119275
-15644.118511,35,5710.923053
-36837.034936,42,5711.897898
-29991.996778,41,5712.829345
-12554.699221,29,5713.49761
-36388.701732,42,5714.470842
-25438.676324,39,5715.37271
-21477.348981,39,5716.313673
-96233.169776,50,5717.434653
-110100.504223,52,5718.65771
-16999.560859,34,5719.443124
-37632.58105,42,5720.414439
-49686.922279,46,5721.47262
-25195.327666,44,5722.521439
-26610.548732,40,5723.427439
-26553.81024,39,5724.308774
-90894.805391,50,5725.457418
-65806.78809,46,5726.487644
-8801.480553,22,5727.010244
-12758.559726,30,5727.710194
-28788.875912,42,5728.655911
-17124.114159,35,5729.455138
-30826.399032,40,5730.354627
-24693.289238,38,5731.222823
-26775.95872,44,5732.222459
-14272.798014,32,5732.967615
-76578.512499,46,5734.030128
-10206.595529,25,5734.605398
-53687.339537,60,5735.996214
-26605.195778,39,5736.895522
-16873.147806,34,5737.702292
-18716.611913,35,5738.568035
-10765.76768,26,5739.166219
-37099.538879,44,5740.203968
-27834.084047,40,5741.102846
-15624.078379,33,5741.850545
-25679.069155,40,5742.786709
-24810.505764,39,5743.675247
-21509.766063,37,5744.492188
-16234.213693,34,5745.301244
-19085.83511,36,5746.220634
-22966.955873,38,5747.1236
-79719.432638,49,5748.26936
-11922.474205,28,5748.927498
-19714.741718,36,5749.796113
-12945.107542,30,5750.469596
-26679.561967,39,5751.4382
-16439.230817,34,5752.242807
-86426.527635,49,5753.38596
-13586.918905,31,5754.122526
-85728.267336,49,5755.239588
-23098.049535,39,5756.174451
-24648.342589,40,5757.106522
-11618.636526,28,5757.791797
-13559.934574,31,5758.502326
-68808.074917,47,5759.600327
-11984.223674,28,5760.224692
-38482.30943,44,5761.297314
-14549.78419,32,5762.081724
-103807.376005,50,5763.261328
-14978.937959,32,5763.986961
-14782.876389,33,5764.766204
-49402.701836,56,5766.127788
-38084.076659,44,5767.170308
-21953.710333,39,5768.075618
-13705.094164,31,5768.796746
-56423.714758,46,5769.952326
-58029.280889,45,5771.023933
-12164.658877,28,5771.681717
-34246.781742,41,5772.619834
-14851.211215,32,5773.320884
-12423.327511,29,5773.977141
-56783.105039,45,5775.034839
-19104.297689,37,5775.903829
-16908.186416,36,5776.733656
-26399.600836,38,5777.637291
-20799.941792,37,5778.502003
-19747.758663,38,5779.389929
-17823.573749,36,5780.225549
-20420.271403,36,5781.051169
-9905.370417,24,5781.632151
-35635.475204,42,5782.608067
-69542.053573,46,5783.70231
-22720.926335,38,5784.591122
-18718.388756,36,5785.40368
-14308.248136,32,5786.197946
-98823.724743,51,5787.367282
-30904.883717,40,5788.317563
-17542.924999,36,5789.17225
-16450.406578,34,5789.966393
-52974.664191,50,5791.157547
-11989.340431,28,5791.80158
-121649.491266,52,5793.011834
-12896.135989,30,5793.688547
-11125.232437,27,5794.298825
-144658.107917,53,5795.500313
-52904.198648,45,5796.553497
-37059.886704,43,5797.575661
-15156.647454,33,5798.332634
-13386.504451,30,5799.03524
-42034.953794,47,5800.142251
-34593.730525,42,5801.092724
-11921.753072,28,5801.738164
-101607.536842,51,5802.915102
-13219.309128,30,5803.619238
-23561.829622,38,5804.502707
-12549.932076,29,5805.177862
-11116.438339,27,5805.833647
-29549.160648,40,5806.773419
-16114.110326,35,5807.597733
-85152.80564,48,5808.668211
-79923.282332,48,5809.826652
-9201.736372,23,5810.358269
-76557.094727,48,5811.511789
-76225.514681,48,5812.702816
-21685.283248,37,5813.572506
-13336.630536,30,5814.330035
-27927.731034,40,5815.245471
-32039.96363,41,5816.192355
-19053.522465,43,5817.267394
-21201.514175,37,5818.185979
-42214.315785,44,5819.219426
-52072.592581,49,5820.353873
-12372.532985,29,5821.044421
-14077.093828,32,5821.796862
-20558.821737,37,5822.626456
-64580.628244,48,5823.761462
-23567.641148,39,5824.714046
-28806.00101,41,5825.735917
-25628.085948,38,5826.675829
-14828.859489,33,5827.524964
-43550.803191,43,5828.565422
-16394.178841,35,5829.429375
-14681.127871,32,5830.231178
-36736.691313,43,5831.259362
-15186.036634,34,5832.04801
-29914.243063,41,5833.03159
-16005.443342,34,5833.82394
-13744.583713,31,5834.592118
-12876.852063,30,5835.289023
-23182.501803,39,5836.217833
-31463.010145,42,5837.296832
-52715.353471,47,5838.435914
-16270.392993,36,5839.254879
-14469.907274,32,5839.985929
-15166.739734,32,5840.752899
-13810.280052,32,5841.486213
-132078.355071,53,5842.804609
-15260.250167,34,5843.62404
-30641.59452,40,5844.621218
-17786.708416,38,5845.570256
-83953.141273,48,5846.706635
-22803.316766,37,5847.584017
-19889.127336,36,5848.407259
-21222.155334,37,5849.287904
-75073.432301,50,5850.495504
-14821.8959,33,5851.27388
-19516.147952,37,5852.14419
-16320.433183,34,5852.942107
-111566.881994,51,5854.164911
-13701.345582,31,5854.90987
-29628.919703,41,5855.915393
-21072.285238,36,5856.796364
-15230.424736,33,5857.615885
-12667.252955,29,5858.309119
-20583.27296,38,5859.199948
-27825.22513,41,5860.204347
-55831.14366,46,5861.280746
-104044.11493,52,5862.498757
-25294.257524,39,5863.382729
-46729.97893,44,5864.386078
-18855.724417,36,5865.220315
-26966.486229,42,5866.202665
-21311.605283,37,5867.062924
-10460.426215,25,5867.645988
-88171.430392,50,5868.803659
-10961.827808,26,5869.39932
-24316.270663,40,5870.348504
-13315.788787,30,5871.088919
-40323.134465,44,5872.17873
-8000.134484,20,5872.687171
-89537.574751,51,5873.908318
-20156.039848,37,5874.819339
-128345.121131,52,5876.107838
-17777.017714,35,5876.926488
-12214.416284,29,5877.641644
-18777.401316,35,5878.459249
-10677.436997,26,5879.1201
-14920.357758,33,5879.921278
-23884.123605,38,5880.790683
-13737.481499,31,5881.51514
-14716.394908,32,5882.248796
-15195.245881,33,5883.020278
-92584.717174,50,5884.228588
-13460.339927,31,5884.993908
-57176.543551,47,5886.089922
-8001.027609,20,5886.572283
-24803.563506,40,5887.544953
-13250.772918,31,5888.313544
-40680.517613,43,5889.382208
-35016.717806,43,5890.419492
-89087.427397,51,5891.649501
-8001.267761,20,5892.123819
-17649.432142,36,5892.95684
-11921.920854,28,5893.659155
-29434.629462,42,5894.675133
-111761.394755,50,5895.844531
-33928.661771,43,5896.85014
-42940.918164,43,5897.9111
-14181.71917,31,5898.609324
-12304.159362,29,5899.292283
-15391.306907,35,5900.130887
-20876.882787,37,5900.993352
-34950.168137,44,5902.041924
-17665.693696,36,5902.892581
-38060.586056,43,5903.879544
-13487.637295,30,5904.59358
-13716.82843,31,5905.344072
-44937.008793,45,5906.437328
-59942.859419,47,5907.582035
-28176.593103,40,5908.520651
-49428.508862,46,5909.61287
-37438.955302,43,5910.64488
-26356.386972,41,5911.595549
-14160.923284,32,5912.335799
-15612.827397,34,5913.110677
-56945.996318,46,5914.183186
-78912.910769,48,5915.351014
-60811.767985,46,5916.455038
-16034.370522,34,5917.272621
-30583.370563,42,5918.319667
-25308.28279,39,5919.271811
-23432.11084,39,5920.206331
-22210.366976,39,5921.159828
-20502.797981,37,5922.039365
-11592.041196,28,5922.693488
-13620.044005,32,5923.415417
-14761.670054,33,5924.209819
-20598.831235,39,5925.107486
-9401.807744,23,5925.628636
-53874.996754,45,5926.707697
-63425.627697,46,5927.790022
-13782.41106,31,5928.506785
-16588.662149,35,5929.303915
-13725.947699,31,5930.007274
-45315.307595,47,5931.097045
-28185.961137,42,5932.093685
-97644.747131,49,5933.225883
-24190.825924,39,5934.134269
-48911.03344,46,5935.215654
-12420.383275,29,5935.884302
-55700.77588,46,5936.916806
-62848.931344,47,5937.986407
-70302.086427,49,5939.113357
-16015.888773,34,5939.910738
-51570.866924,46,5940.939928
-9353.078131,23,5941.449918
-59236.945802,46,5942.460543
-10771.048305,26,5943.081022
-14108.124371,31,5943.793398
-29480.293385,41,5944.751811
-76275.680752,49,5945.966518
-50619.730839,44,5946.961135
-36607.640704,42,5947.916656
-42372.41248,44,5948.880648
-30577.184462,40,5949.811288
-13373.930681,30,5950.573724
-38003.192043,43,5951.644143
-28276.035377,42,5952.588672
-19542.987976,37,5953.409007
-130094.29954,52,5954.56526
-15376.665757,34,5955.308882
-76258.482305,47,5956.395955
-8000.461788,20,5956.834941
-94979.125735,49,5957.926702
-17241.031699,36,5958.736336
-14065.587099,31,5959.431261
-29962.462856,40,5960.368093
-8601.466417,22,5960.891389
-52743.901108,45,5961.915331
-104271.934131,48,5963.020592
-38576.382577,44,5964.026739
-17854.700547,35,5964.871306
-65591.966074,47,5965.990653
-21357.03923,38,5966.899438
-13583.399321,31,5967.590161
-10776.117367,26,5968.163491
-36498.485163,42,5969.148834
-11364.85945,27,5969.774251
-13494.870154,31,5970.460984
-57844.762352,46,5971.517118
-16561.146976,35,5972.337897
-9760.378996,24,5972.901236
-12044.415029,28,5973.511963
-85501.559084,49,5974.624517
-17051.834208,34,5975.409236
-10313.921595,25,5976.009828
-32944.549882,41,5976.959507
-15348.586337,33,5977.763712
-18393.641829,36,5978.663609
-10255.534999,25,5979.267159
-92045.287532,49,5980.41398
-14144.375497,32,5981.13582
-65362.216357,47,5982.274738
-58671.97263,47,5983.391087
-12221.325389,29,5984.079267
-21425.513834,36,5984.909405
-49146.642943,45,5985.935067
-26957.01093,39,5986.820521
-24512.352546,40,5987.72764
-43843.532479,44,5988.768811
-85475.988286,49,5989.909976
-85544.483337,50,5991.095375
-63566.206483,46,5992.134397
-25242.289763,39,5993.061854
-26369.850044,39,5994.023446
-67872.97311,47,5995.13967
-8000.660841,20,5995.621327
-50451.432033,46,5996.703906
-9757.185966,24,5997.261906
-14740.08853,32,5998.009395
-35971.69516,41,5998.909213
-8801.743781,22,5999.428349
-30346.167451,41,6000.367092
-59503.790586,45,6001.433311
-16708.138688,34,6002.233455
-14177.260191,31,6002.9832
-18857.514605,36,6003.814504
-63843.171493,47,6004.912315
-21886.815733,39,6005.845425
-14061.231218,31,6006.569324
-34702.807349,42,6007.575756
-92667.186454,50,6008.871133
-36400.07834,42,6009.906453
-10513.440485,25,6010.488064
-28422.539093,41,6011.453113
-41905.240438,45,6012.558095
-13993.932294,32,6013.34132
-61945.505488,46,6014.409074
-23558.195205,39,6015.338882
-36326.757911,41,6016.3201
-44037.352255,44,6017.322724
-26699.219955,40,6018.284415
-12436.122963,29,6018.964729
-23763.707211,38,6019.851478
-23173.075779,39,6020.790102
-14352.650509,32,6021.513904
-37683.402598,51,6022.698069
-10204.548101,25,6023.289473
-85861.52692,49,6024.446505
-57546.138319,47,6025.52868
-103128.420873,50,6026.712691
-9906.000604,24,6027.257584
-58763.214015,46,6028.386791
-19341.253292,37,6029.282619
-30053.679806,42,6030.304293
-46602.029832,44,6031.318424
-15979.028056,34,6032.106998
-50104.019279,45,6033.207893
-12781.612691,30,6033.894351
-141442.898678,53,6035.138439
-41267.407412,43,6036.199555
-58945.048238,47,6037.318127
-77073.055666,48,6038.486604
-14526.812001,32,6039.303552
-20080.030594,38,6040.16863
-17972.116772,36,6041.038075
-54708.107192,46,6042.126272
-33029.123848,41,6043.093695
-30702.748008,41,6044.050356
-36188.683873,44,6045.062321
-21858.328598,39,6045.977822
-12009.185539,28,6046.637277
-35593.784885,42,6047.620565
-37845.255016,44,6048.653372
-10470.867205,25,6049.2458
-47528.370329,44,6050.286871
-51632.564933,45,6051.377544
-69669.749406,46,6052.514772
-11139.555814,27,6053.169495
-18027.050318,35,6053.966294
-21301.643695,37,6054.83147
-11990.266443,28,6055.480113
-39361.510506,45,6056.536469
-8000.70456,20,6057.02422
-12486.800992,29,6057.708384
-22882.64388,38,6058.617523
-29865.686199,43,6059.634315
-22306.048148,37,6060.481373
-57054.305666,45,6061.488293
-63115.504566,46,6062.548991
-24227.506456,38,6063.424376
-38497.606674,47,6064.462895
-27117.647003,40,6065.437937
-33135.182596,42,6066.439768
-94577.7656,49,6067.55808
-16129.248973,34,6068.352861
-26793.427259,39,6069.292233
-33395.85598,43,6070.327232
-133610.806266,57,6071.701772
-118847.612677,52,6072.924331
-19916.809316,37,6073.853903
-47231.337127,45,6074.925444
-17740.898682,37,6075.770442
-18133.625488,35,6076.599785
-13210.144769,30,6077.272871
-10003.051767,24,6077.850104
-70292.42343,51,6079.099332
-15901.602484,34,6079.920195
-67320.782319,47,6081.01807
-13227.694942,30,6081.716911
-57433.164928,45,6082.746471
-8000.929431,20,6083.203329
-23972.876526,38,6084.11765
-24886.551423,39,6085.103642
-22263.850336,38,6086.033827
-30482.262278,41,6087.012771
-11213.451075,27,6087.649989
-21063.985707,37,6088.524623
-16233.436612,32,6089.371168
-41180.320775,45,6090.398352
-54004.878015,46,6091.486575
-71572.592652,47,6092.613962
-14217.210352,31,6093.381933
-33259.454781,42,6094.38618
-22319.406611,39,6095.337723
-90281.380146,49,6096.494962
-59604.095315,45,6097.580695
-24741.966086,40,6098.545107
-33289.082345,41,6099.536276
-16013.709926,33,6100.355355
-63589.829158,47,6101.46087
-73636.480116,49,6102.608969
-29974.705803,41,6103.534382
-45563.694109,45,6104.691922
-32640.364986,44,6105.782106
-56674.88493,46,6106.915674
-116931.30557,52,6108.111779
-31619.12874,44,6109.142495
-21078.417371,39,6110.025831
-71531.016651,49,6111.178805
-18213.612412,36,6112.039291
-21456.19542,37,6112.898644
-14819.14176,33,6113.650846
-22088.650628,38,6114.551762
-16120.830175,33,6115.370269
-38719.908581,43,6116.360835
-38339.252843,44,6117.396516
-25768.491805,39,6118.294256
-34444.575558,42,6119.307287
-12962.839998,30,6120.008146
-21802.633125,38,6120.893595
-65574.230012,47,6122.013957
-33577.024258,42,6122.99763
-15782.104714,35,6123.823781
-29476.112027,40,6124.784871
-13764.674697,31,6125.491785
-23565.831131,39,6126.375298
-25968.308519,40,6127.317063
-16865.840561,34,6128.151327
-16991.251995,34,6128.951961
-15283.248515,33,6129.738887
-18246.026285,36,6130.582731
-40304.924197,43,6131.603578
-51381.68912,44,6132.66442
-11512.758763,27,6133.3083
-13990.555155,31,6134.012806
-13782.438898,31,6134.759272
-10666.432643,26,6135.349644
-117472.248479,53,6136.533407
-69337.929593,47,6137.660017
-36723.956224,43,6138.656656
-8000.818496,20,6139.149749
-11799.945817,28,6139.831452
-42388.169207,44,6140.911229
-144554.699631,54,6142.188171
-95618.1407,49,6143.341558
-31696.640085,41,6144.311723
-14833.801538,33,6145.117024
-20932.0859,39,6146.087968
-9504.758406,23,6146.646287
-53079.296443,44,6147.737748
-60142.948444,46,6148.841678
-20617.596293,38,6149.744466
-19469.153863,36,6150.624406
-27002.357346,41,6151.516999
-32224.458769,41,6152.501379
-12121.203244,28,6153.144026
-39273.65081,43,6154.212198
-11399.480281,27,6154.938623
-39616.840942,42,6155.967044
-73623.657618,48,6157.142967
-55403.059321,45,6158.247228
-40863.467722,45,6159.34688
-22512.592424,39,6160.270541
-73312.059716,47,6161.40652
-49700.084751,46,6162.528579
-51427.938225,45,6163.618426
-11483.030225,27,6164.23889
-54886.680694,47,6165.340293
-20307.407369,38,6166.23589
-39410.916182,43,6167.252881
-91782.274173,50,6168.381382
-16755.23878,34,6169.246921
-38673.664633,43,6170.246073
-48135.727006,45,6171.284357
-12330.757072,29,6171.981709
-15735.796888,33,6172.726502
-28615.614601,41,6173.68121
-38870.480222,43,6174.69874
-11998.922478,28,6175.311783
-12568.569492,29,6175.976757
-18294.599801,37,6176.878062
-23589.19096,50,6177.98965
-15634.131211,33,6178.763865
-11016.953781,26,6179.36933
-84659.469567,49,6180.503873
-15416.355637,33,6181.249242
-10957.259884,26,6181.840596
-17388.050676,36,6182.660204
-32158.373668,42,6183.619924
-12666.287223,29,6184.248184
-27040.428529,44,6185.265489
-18030.593536,35,6186.066568
-100279.149797,51,6187.231222
-86409.097311,49,6188.377166
-18845.469324,36,6189.361474
-61877.447711,48,6190.506499
-15012.475503,33,6191.273743
-9604.88533,24,6191.865317
-18998.417424,37,6192.797714
-10978.924895,26,6193.431663
-18548.155518,41,6194.378188
-16504.72304,35,6195.168813
-129615.425804,53,6196.352376
-12710.925523,29,6196.984167
-14079.10702,31,6197.681558
-14863.948642,33,6198.418142
-37882.65794,45,6199.439544
-27410.807121,40,6200.414522
-18856.415484,36,6201.204605
-12656.142367,29,6201.876225
-9958.837467,24,6202.459877
-27459.918562,40,6203.356549
-14485.856361,33,6204.134228
-75886.6289,48,6205.261981
-93475.154818,60,6206.666043
-18119.918826,36,6207.457424
-23871.889456,38,6208.334631
-74676.047194,48,6209.416957
-93247.679678,49,6210.567604
-23307.543364,38,6211.442605
-123747.579484,52,6212.669922
-58743.18847,47,6213.792875
-11126.767013,27,6214.387269
-12502.21462,29,6215.072476
-26413.269614,40,6215.954981
-46278.065996,46,6217.042895
-44875.553303,44,6218.125722
-12644.4254,29,6218.783653
-20842.645488,38,6219.707823
-8001.232266,20,6220.150093
-25118.505728,39,6221.079627
-26344.647535,44,6222.147671
-15954.373839,34,6222.989531
-52383.852205,46,6224.077605
-117906.836101,51,6225.242764
-74065.56714,48,6226.327021
-40682.289973,43,6227.310395
-51656.431956,44,6228.312382
-36028.630079,44,6229.335986
-21288.185753,38,6230.267004
-14708.619927,33,6231.052493
-16767.170773,34,6231.849127
-38456.016961,45,6232.918229
-45480.600602,45,6234.029536
-20965.368538,38,6234.89009
-12365.678459,29,6235.576455
-12676.112634,30,6236.25983
-11179.520244,27,6236.922675
-11763.043832,28,6237.597625
-16562.194148,35,6238.39796
-33079.235645,42,6239.379275
-28144.875141,41,6240.40611
-28727.192311,41,6241.449147
-12662.71425,30,6242.132439
-16197.044161,33,6242.920068
-17831.387442,36,6286.408153
-70875.122221,48,6287.554935
-26674.107305,41,6288.534515
-15088.08545,32,6289.275865
-17414.814297,36,6290.218913
-11697.282737,28,6290.924598
-54225.857927,46,6292.018204
-72905.542077,54,6293.334668
-53563.85345,46,6294.465285
-20361.217574,37,6295.35004
-16994.086754,34,6296.13858
-61730.420682,46,6297.259121
-10657.589506,26,6297.880836
-90543.499037,51,6299.146111
-28985.488106,40,6300.14071
-12230.852222,29,6300.883953
-11993.876219,28,6301.521473
-20011.103273,36,6302.370739
-15313.201652,32,6303.114494
-18717.787419,36,6303.960961
-9555.161634,24,6304.5319
-19743.851953,37,6305.408368
-83937.388724,48,6306.553543
-27294.952896,40,6307.539091
-88087.286617,49,6308.719997
-24382.755235,41,6309.704264
-33776.6407,41,6310.687519
-59345.732755,47,6311.841906
-12377.606654,29,6312.530974
-62109.749081,46,6313.61792
-11527.456743,27,6314.256661
-65668.120004,48,6315.414038
-29903.311617,44,6316.517532
-10463.971075,25,6317.108696
-25781.311821,39,6318.014484
-23997.897238,39,6318.941703
-15013.469435,33,6319.776594
-22283.672677,38,6320.719834
-56571.319013,47,6321.845946
-22856.374542,39,6322.762311
-57158.177267,47,6323.860436
-44768.324023,45,6324.891844
-11226.840188,27,6325.557882
-14113.85926,32,6326.316831
-40946.321913,43,6327.365972
-18038.06413,36,6328.192251
-10812.243583,26,6328.817246
-21403.454725,38,6329.720327
-41647.183606,43,6330.786532
-37690.627326,44,6331.852602
-18864.519563,36,6332.685086
-35260.922724,43,6333.721393
-16611.918528,34,6334.480726
-18828.344217,36,6335.337736
-31672.198695,43,6336.336062
-35961.424305,42,6337.368626
-60374.883336,47,6338.4716
-20914.644748,37,6339.344181
-11590.522352,28,6340.051648
-21356.50364,38,6340.938641
-31790.834259,42,6341.943374
-56270.309857,49,6343.103171
-24024.020522,38,6344.014898
-12385.282183,29,6344.717074
-53370.355657,44,6345.763057
-15055.026538,32,6346.556252
-14897.777245,33,6347.339828
-16079.842325,34,6348.16582
-16656.743433,33,6348.953537
-22148.826533,37,6349.846017
-12189.14247,29,6350.512833
-30116.54127,41,6351.561547
-14614.079528,33,6352.311233
-14271.377889,32,6353.07661
-16951.075916,34,6353.824409
-70018.444645,49,6354.964533
-17545.96076,35,6355.798369
-22652.307634,38,6356.720572
-14564.056367,33,6357.486549
-24435.37053,39,6358.43657
-25154.218966,42,6359.439721
-53000.641945,45,6360.520191
-55236.344005,47,6361.651612
-13521.05255,31,6362.408779
-13075.591505,30,6363.12133
-41701.402877,44,6364.208217
-14798.144439,32,6364.994612
-55025.437781,45,6366.101349
-51096.79701,46,6367.217623
-32686.47603,41,6368.221748
-11179.151331,27,6368.865721
-34378.237215,42,6369.865214
-16999.280582,35,6370.704679
-10811.891565,26,6371.302555
-12662.986307,30,6372.004196
-9660.361295,24,6372.534643
-28186.344399,41,6373.488346
-19424.082001,36,6374.365158
-109825.639484,52,6375.56581
-31953.058771,41,6376.545533
-39479.729243,46,6377.641151
-16020.706463,33,6378.432757
-72970.373895,49,6379.599862
-14535.205886,33,6380.378124
-18718.667815,36,6381.210133
-34097.270559,42,6382.214957
-14101.668469,31,6382.989062
-130138.355644,52,6384.219548
-11224.398177,27,6384.877125
-14330.652711,32,6385.632344
-56682.641126,46,6386.690957
-70157.794345,48,6387.797844
-17776.190211,36,6388.631878
-17728.749834,35,6389.443345
-80030.251621,53,6390.718265
-19920.797422,38,6391.669031
-52373.974704,46,6392.759678
-15989.181961,36,6393.61035
-12541.02728,29,6394.31146
-25592.293376,41,6395.314444
-11357.134787,27,6395.981608
-37061.496564,43,6397.00618
-77044.32954,48,6398.15109
-10572.497477,26,6398.766972
-96131.780337,50,6399.962359
-27025.134925,40,6400.910562
-76591.444634,49,6402.045926
-15111.714906,32,6402.808764
-48747.232417,44,6403.849804
-21866.119864,41,6404.81084
-30176.732937,40,6405.770341
-67410.278775,47,6406.863983
-36647.921964,42,6407.89314
-49833.885814,45,6409.003106
-15852.99785,33,6409.791304
-37723.632682,43,6410.828333
-12983.933687,30,6411.506212
-25171.278548,40,6412.436904
-27562.87367,39,6413.328336
-13023.018747,30,6414.022572
-23301.212156,38,6414.88282
-28483.013781,40,6415.775215
-63939.731394,47,6416.864416
-35598.042914,45,6417.921619
-14434.847484,32,6418.71508
-28358.038144,43,6419.623273
-11275.904415,27,6420.246634
-53602.316932,46,6421.374689
-14338.880502,31,6422.107462
-19393.84457,37,6423.045522
-30367.374647,41,6424.019825
-16487.495467,36,6424.858975
-25925.348469,40,6425.777131
-34964.219469,43,6426.799927
-87596.586912,51,6427.995961
-14592.821973,33,6428.765221
-56246.19196,45,6429.822567
-20711.006088,36,6430.603487
-19288.174123,36,6431.447857
-29569.819394,40,6432.408804
-15463.729255,34,6433.233447
-36851.051087,42,6434.204436
-11449.575097,27,6434.844867
-22792.199895,39,6435.748513
-20759.250849,38,6436.611158
-9761.161723,24,6437.168338
-21932.596868,38,6438.028265
-14671.547386,33,6438.773547
-42649.322496,44,6439.755836
-18082.044625,36,6440.555677
-34726.759281,45,6441.595658
-26649.053042,39,6442.57976
-23454.505856,37,6443.437373
-26819.614837,39,6444.351567
-19860.289982,36,6445.262325
-24326.259296,39,6446.175123
-78326.676898,48,6447.287949
-53643.830715,45,6448.330579
-20254.264739,37,6449.221554
-88003.810258,52,6450.453066
-19908.834784,37,6451.367095
-21658.093829,37,6452.239022
-10215.477652,25,6452.844735
-58054.088564,46,6453.930678
-13220.9408,30,6454.626037
-43691.858711,44,6455.752759
-12694.944449,30,6456.469348
-103156.920749,51,6457.681999
-18720.292684,36,6458.528822
-85991.097804,48,6459.66607
-132450.251985,54,6460.926554
-36457.248979,46,6461.996557
-12020.523033,28,6462.617871
-102764.94117,51,6463.785079
-39719.922795,44,6464.816682
-30527.574559,43,6465.836254
-14215.292563,32,6466.605152
-120939.176317,52,6467.863197
-12111.103658,28,6468.499155
-21050.004833,39,6469.396383
-15147.892355,33,6470.191869
-24713.075879,39,6471.166768
-29842.04371,41,6472.112115
-31508.406655,44,6473.179193
-37842.884909,43,6474.261272
-18640.665962,37,6475.171138
-78067.543458,49,6476.383952
-10960.796811,26,6476.99592
-34805.571723,42,6477.997299
-13150.605135,31,6478.744915
-26636.847082,42,6479.715997
-53365.026397,46,6480.869846
-16977.709882,35,6481.728859
-19383.314195,36,6482.572474
-32985.090844,42,6483.55727
-100385.466184,49,6484.736215
-12649.918683,30,6485.426518
-16872.146385,36,6486.275634
-26065.740836,40,6487.197758
-27590.437987,40,6488.123644
-29279.39089,41,6489.124803
-105608.800492,50,6490.324344
-86281.323198,49,6491.470938
-90465.400564,52,6492.698289
-17438.431352,35,6493.47798
-12259.674246,29,6494.159005
-49867.271349,45,6495.242685
-19062.393425,36,6496.142608
-23634.685542,39,6497.041665
-66338.142643,47,6498.196901
-39102.191084,45,6499.25821
-18166.491081,35,6500.095885
-17573.538031,36,6500.974251
-12245.949116,29,6501.653112
-15351.9364,33,6502.409716
-27463.918026,39,6503.31124
-9907.344166,24,6503.870184
-55564.595192,45,6504.905434
-21222.884976,37,6505.782819
-12500.93356,29,6506.462751
-15981.437383,34,6507.25576
-71508.445604,48,6508.416561
-13635.607222,31,6509.132805
-9758.231484,24,6509.680318
-28580.587634,40,6510.622396
-10761.940771,26,6511.292445
-36800.920042,42,6512.313886
-53603.519618,45,6513.396741
-21050.81642,38,6514.248862
-9353.587068,23,6514.789457
-14466.313848,31,6515.474901
-14726.813004,32,6516.203459
-21794.406804,38,6517.063973
-30879.021937,42,6518.029205
-9910.426894,24,6518.579637
-24880.989855,40,6519.556641
-12009.062693,28,6520.20663
-20733.11198,37,6521.074785
-15992.207391,33,6521.851153
-24172.53339,38,6522.722472
-15017.587184,33,6523.522349
-21266.008879,39,6524.448655
-74253.047533,48,6525.590212
-20528.432903,38,6526.463495
-62267.292727,47,6527.569171
-16245.299424,34,6528.400211
-31502.609265,42,6529.430223
-13915.952206,31,6530.166852
-11060.310216,26,6530.770809
-18613.33205,37,6531.693625
-13721.829772,31,6532.435058
-108156.898806,51,6533.660195
-33510.808681,44,6534.733373
-9856.324517,24,6535.31522
-16051.456531,33,6536.081098
-9806.918014,24,6536.654484
-16242.721034,34,6537.495831
-43602.128723,45,6538.530322
-15741.482443,35,6539.347225
-121944.754345,56,6540.684632
-23155.327239,39,6541.631845
-15033.689634,32,6542.402898
-30854.440704,45,6543.496421
-26742.127074,40,6544.439099
-16245.228195,34,6545.285709
-28331.866383,40,6546.235335
-27126.99025,39,6547.183595
-16392.092557,34,6547.998276
-13888.633482,32,6548.782843
-32321.318463,42,6549.799632
-17795.814039,35,6550.626147
-37261.488925,44,6551.650979
-23053.387588,39,6552.589552
-33215.315529,44,6553.624085
-18973.833704,39,6554.527475
-17489.484662,36,6555.35999
-15757.064253,34,6556.222855
-38305.327445,48,6557.353783
-14799.568464,32,6558.110727
-89466.409173,52,6559.383117
-9151.859347,23,6559.908623
-22872.647222,43,6560.991734
-51669.703677,46,6562.067266
-76054.121986,48,6563.241652
-13310.209705,31,6563.96734
-71086.571783,47,6565.077878
-55618.704266,47,6566.225904
-44042.237681,46,6567.302497
-20244.582366,36,6568.17329
-98897.628892,50,6569.360462
-35158.58431,43,6570.362627
-15091.044422,33,6571.120111
-19006.740592,37,6572.006595
-35783.337827,42,6573.039594
-24121.348685,39,6573.998722
-18470.812389,36,6574.842072
-22959.455448,40,6575.736766
-16391.853527,34,6576.577222
-24667.552503,39,6577.522889
-17083.704483,35,6578.362704
-47941.421962,46,6579.431648
-10161.971786,25,6580.023503
-68068.472193,54,6581.286348
-24365.940731,39,6582.245328
-13585.723374,31,6582.944686
-12169.548167,29,6583.648296
-49809.6662,44,6584.712182
-67889.584069,49,6585.955747
-25661.785264,40,6586.885539
-90379.87674,51,6588.079145
-22543.002877,40,6589.032114
-24663.855588,40,6589.986989
-62103.452887,46,6591.092796
-21515.835156,38,6591.993438
-50490.204333,45,6593.091324
-53750.344719,46,6594.167143
-8000.216146,20,6594.62803
-23484.205201,39,6595.559432
-106084.593744,50,6596.750294
-58211.133326,47,6597.89135
-28479.841282,40,6598.858582
-15373.405178,33,6599.615897
-59463.272574,48,6600.777577
-13427.635361,30,6601.493921
-17984.802423,36,6602.402471
-27744.638596,39,6603.335005
-39479.103925,45,6604.420171
-31994.542546,44,6605.48141
-18700.80093,36,6606.370046
-36439.259316,43,6607.427083
-48648.58117,48,6608.548306
-14309.200373,33,6609.395432
-60397.179794,47,6610.507961
-15233.075264,34,6611.345437
-13604.466184,31,6612.069145
-17945.43284,38,6612.994882
-42886.059194,44,6614.017138
-13282.479976,31,6614.75472
-70840.208409,47,6615.832065
-38602.982717,44,6616.88376
-12119.051878,29,6617.574984
-32054.303753,41,6618.567219
-24222.505517,38,6619.510976
-50370.643124,46,6620.604053
-12151.183382,28,6621.275665
-17796.28983,35,6622.124172
-74599.293133,46,6623.232018
-19876.513765,37,6624.128394
-53700.899978,45,6625.157722
-18110.451406,36,6626.02424
-16470.289438,33,6626.842785
-16070.485653,35,6627.734853
-16276.351084,35,6628.531568
-18475.010919,36,6629.362646
-13777.177398,31,6630.096955
-17521.873528,35,6630.950323
-11806.152647,28,6631.599301
-52411.046789,47,6632.754912
-82680.325386,48,6633.878122
-62060.035276,52,6635.139034
-70266.656725,48,6636.312171
-17080.262242,36,6637.241853
-45697.719172,44,6638.307065
-12165.27485,29,6639.004883
-54005.82104,49,6640.127886
-24626.032652,39,6641.077826
-34896.348358,42,6642.07187
-25834.800305,42,6643.056577
-17564.910564,35,6643.942985
-15831.852916,34,6644.764065
-24683.802468,39,6645.670985
-16207.945434,35,6646.484736
-15717.882841,33,6647.264043
-112017.349723,50,6648.439615
-89721.188243,49,6649.573386
-14399.89337,32,6650.333382
-12026.089567,28,6650.97716
-134967.099734,52,6652.192526
-18695.360282,37,6653.039976
-20614.712861,38,6653.893528
-50290.686324,47,6655.010586
-65062.238556,47,6656.118263
-20538.438798,38,6657.0026
-17203.713189,34,6657.795147
-36727.353836,43,6658.820989
-31707.908566,44,6659.855738
-16268.43633,36,6660.72438
-21278.913891,37,6661.587263
-15480.996717,35,6662.493806
-58924.903953,46,6663.557798
-17870.927448,36,6664.392732
-21060.641027,37,6665.300984
-26133.280818,39,6666.169708
-20931.580511,39,6667.080895
-15891.394367,33,6667.858614
-13858.202326,31,6668.567646
-133395.046549,52,6669.808769
-8150.649616,21,6670.269355
-72108.12544,49,6671.387845
-15993.34348,33,6672.147504
-13557.046015,31,6672.88239
-14928.828786,32,6673.626081
-37043.809244,43,6674.616469
-22592.029841,39,6675.484939
-62322.626017,47,6676.537259
-14527.042376,32,6677.250414
-25565.966026,40,6678.158418
-104720.376228,50,6679.284537
-94931.85213,52,6680.504648
-93367.646045,49,6681.645482
-24082.745111,38,6682.515705
-39367.156555,42,6683.52653
-35124.55284,42,6684.471989
-14422.570333,31,6685.153111
-56392.779936,45,6686.188038
-33859.116793,43,6687.179687
-8001.2733,20,6687.616935
-37018.111404,44,6688.652167
-48036.478269,43,6689.711778
-16809.916822,36,6690.546785
-22236.724466,38,6691.415103
-25500.129239,39,6692.305898
-17220.284415,34,6693.125732
-13720.77374,31,6693.877226
-15594.349937,33,6694.717273
-20511.18423,38,6695.569567
-36946.431102,41,6696.542892
-18989.413733,36,6697.35954
-27988.840143,40,6698.28127
-34321.215387,44,6699.303625
-20655.13497,37,6700.193776
-14260.039787,31,6700.920614
-13645.26272,31,6701.615142
-16114.233279,35,6702.418277
-12491.59842,29,6703.085975
-20141.902212,37,6703.952264
-38294.479183,44,6705.020836
-11457.730585,27,6705.6536
-61932.248216,46,6706.783785
-27281.303197,40,6707.755585
-15972.806047,33,6708.523247
-34262.296003,41,6709.470038
-39631.105187,47,6710.549833
-11582.719486,28,6711.225246
-16666.892794,36,6712.050574
-12372.532111,29,6712.72587
-13884.795111,31,6713.464389
-50263.735725,45,6714.515251
-24014.799772,38,6715.416358
-19593.368908,36,6716.288951
-40286.406649,44,6717.333772
-21558.988234,38,6718.244902
-37978.196741,46,6719.348554
-8000.697694,20,6719.870393
-135767.331675,51,6721.046775
-21744.512892,37,6721.942707
-13109.131813,30,6722.620144
-14662.848672,32,6723.377011
-32155.720918,44,6724.378372
-15649.24319,33,6725.159242
-29094.883194,40,6726.105434
-63228.258082,47,6727.265229
-45973.768469,47,6728.381142
-42418.237173,46,6729.470276
-18593.779698,36,6730.310347
-9451.586122,23,6730.890126
-8000.061039,20,6731.353788
-12894.006707,30,6732.038399
-9907.39722,24,6732.59211
-14875.821918,32,6733.385771
-53332.807576,47,6734.483934
-12473.274993,29,6735.197597
-20162.036531,38,6736.090609
-21648.341454,38,6737.008667
-58793.507926,48,6738.115024
-14481.449951,33,6738.905051
-18473.551913,36,6739.750118
-21691.230803,38,6740.601125
-54015.74527,45,6741.677951
-81798.670416,50,6742.874016
-37577.618317,42,6743.843156
-119742.160314,73,6745.550308
-12730.208665,30,6746.35531
-12255.207382,29,6747.022718
-33394.585932,46,6748.084822
-23690.266151,39,6748.963395
-31891.964436,42,6749.974382
-52423.62387,45,6751.035682
-18535.577722,36,6751.863864
-17034.32773,34,6752.645483
-45671.805669,53,6753.84499
-11687.365429,28,6754.463501
-18346.656404,36,6755.312216
-20020.651309,37,6756.212917
-66293.139482,48,6757.358407
-18230.44259,35,6758.163532
-13020.413926,30,6758.891956
-43614.819926,47,6759.979073
-33814.253763,41,6761.033064
-23201.162828,40,6762.000119
-44989.562844,44,6763.083205
-18435.834917,36,6763.93923
-17088.234273,36,6764.791825
-27179.288789,43,6765.755998
-36768.471087,42,6766.715796
-20530.282305,37,6767.582021
-17053.7481,34,6768.431944
-22527.99198,38,6769.280713
-28663.588709,41,6770.24245
-11763.851459,28,6770.938984
-63553.136595,50,6772.13312
-52176.786433,46,6773.216
-56130.546718,47,6774.359289
-22789.984341,39,6775.30506
-119916.441791,51,6776.528436
-13744.672187,31,6777.258597
-16242.011909,36,6778.121186
-32616.181086,42,6779.122498
-18191.713274,34,6779.918171
-16566.469047,34,6780.757429
-33845.255276,44,6781.773054
-35541.135888,42,6782.792645
-20914.362563,37,6783.648223
-16565.139667,36,6784.492636
-23763.777285,39,6785.393657
-26400.546674,41,6786.351892
-41607.346108,42,6787.34349
-50729.241382,44,6788.388634
-61090.048283,46,6789.522766
-36107.904566,42,6790.584571
-59064.97622,46,6791.712894
-11027.202197,26,6792.327127
-18729.611748,41,6793.272899
-16967.167323,34,6794.087197
-19789.45265,36,6794.911572
-14461.237185,33,6795.714184
-42454.262004,46,6796.797935
-72277.860585,49,6797.95986
-29750.985582,42,6798.953854
-17906.667591,35,6799.762373
-12134.849614,28,6800.411225
-15830.820222,35,6801.252746
-125014.279434,52,6802.465061
-45315.305916,45,6803.49612
-26650.762723,41,6804.46669
-19172.338872,37,6805.327711
-32473.964957,42,6806.320006
-18162.37985,39,6807.260811
-102358.966216,49,6808.411577
-18090.476904,37,6809.314732
-14743.028969,33,6810.060105
-42557.163116,44,6811.072049
-16414.912565,34,6811.868498
-13063.635132,30,6812.564766
-80553.700285,50,6813.76331
-55972.825793,46,6814.880803
-9404.602188,23,6815.446069
-24435.174595,40,6816.449153
-16782.577714,35,6817.286043
-20299.739702,40,6818.234962
-11799.779048,28,6818.880672
-14448.710204,31,6819.616337
-32187.945858,41,6820.623676
-41193.185596,44,6821.694782
-11864.208762,28,6822.381152
-13247.932673,30,6823.147939
-16808.077446,33,6823.937236
-90194.726723,53,6825.179916
-13443.022645,31,6825.953799
-36703.798157,43,6826.91081
-32015.056772,41,6827.897448
-23734.355703,38,6828.837695
-36117.024958,42,6829.809463
-110707.137749,50,6830.984108
-18040.90103,36,6831.817829
-10562.033533,26,6832.414479
-22677.395092,39,6833.379933
-33997.492592,42,6834.377088
-15523.423911,33,6835.186663
-14759.591261,32,6835.930934
-16580.158723,36,6836.76742
-44589.921936,43,6837.819067
-11007.709846,26,6838.434377
-27320.087586,40,6839.393962
-19676.246711,37,6840.284415
-113603.951426,51,6841.471413
-11062.570745,27,6842.136311
-27032.770022,43,6843.1402
-27691.916435,40,6844.089822
-45041.986674,49,6845.250518
-13743.413676,31,6846.041821
-37338.858106,43,6847.10199
-9854.48058,24,6847.72262
-54415.002075,46,6848.864581
-30102.172698,42,6849.865639
-23167.06314,40,6850.867693
-10417.41886,25,6851.483715
-47040.806729,45,6852.569988
-11032.042846,26,6853.240948
-12118.830129,29,6853.928636
-27573.262376,39,6854.840204
-17604.699341,35,6855.64997
-34008.277676,44,6856.660961
-22526.100419,39,6857.578613
-19911.866108,36,6858.414269
-32903.998257,42,6859.409449
-35908.041158,45,6860.46786
-36587.694086,43,6861.499126
-12101.228499,29,6862.210788
-97347.096282,50,6863.42907
-37284.31753,42,6864.479153
-9604.675285,24,6865.067142
-45022.242144,44,6866.144344
-44550.248693,45,6867.229036
-24565.781014,39,6868.147624
-13148.920218,30,6868.843831
-10776.510669,26,6869.437505
-16350.879238,35,6870.301448
-63803.903492,47,6871.398552
-11416.144033,27,6872.043539
-40632.645714,45,6873.147072
-22162.82467,37,6874.002489
-21848.577952,38,6874.957785
-11749.938206,28,6875.606158
-14737.355269,32,6876.372357
-14355.814774,33,6877.185421
-13777.886171,31,6877.923479
-20648.811408,37,6878.825233
-12365.201545,29,6879.500243
-11950.73238,28,6880.164633
-51659.040583,51,6881.394691
-26497.777908,40,6882.332435
-15314.874561,32,6883.095209
-99757.537813,50,6884.23997
-36610.806109,43,6885.243137
-32970.341099,41,6886.260053
-29999.933697,41,6887.231626
-16905.690883,34,6888.041642
-13649.269345,31,6888.75507
-36807.452712,44,6889.847301
-49487.447681,45,6890.949142
-33179.971526,43,6891.999543
-11678.515134,28,6892.649898
-32291.496483,42,6893.617614
-16633.369842,35,6894.489281
-97345.915405,50,6895.781491
-14677.098229,31,6896.526688
-22175.933245,38,6897.432326
-18469.213234,37,6898.349058
-18047.500557,35,6899.148947
-9957.936698,24,6899.712239
-13983.749941,31,6900.408604
-16201.262974,34,6901.228108
-12143.101964,28,6901.867767
-22520.978211,39,6902.800606
-109444.97721,52,6903.982702
-15625.195557,33,6904.72934
-33733.633624,42,6905.738627
-77638.888045,53,6906.97032
-23648.502897,40,6907.92281
-12947.830842,30,6908.691221
-18222.842841,36,6909.563374
-64357.356781,48,6910.740944
-16607.305235,34,6911.551992
-38014.496471,45,6912.593735
-9354.440879,23,6913.113377
-14594.332255,32,6913.924405
-65196.75496,48,6914.973997
-58849.687353,47,6916.045554
-21265.94204,38,6916.903401
-34363.492337,41,6917.788668
-14246.985667,33,6918.544542
-89780.224657,50,6919.712517
-18451.862048,36,6920.540657
-36687.035728,42,6921.459233
-17596.248028,36,6922.305265
-20438.170461,37,6923.201491
-25755.740753,42,6924.187619
-33939.112487,43,6925.194079
-44360.618593,44,6926.254826
-60880.23355,50,6927.383007
-29122.013527,42,6928.402086
-36561.932287,42,6929.438458
-35920.961534,42,6930.440851
-11974.546348,28,6931.134412
-54320.103009,47,6932.272842
-45322.312322,45,6933.323616
-16856.888969,34,6934.149331
-99923.085247,50,6935.308212
-37111.287245,43,6936.300939
-14366.920425,32,6937.010008
-23071.632119,40,6937.94834
-13590.156719,31,6938.669283
-8001.0236,20,6939.132857
-88537.891278,51,6940.339211
-20996.054464,37,6941.18188
-10816.771225,26,6941.78742
-15726.014042,34,6942.576221
-128601.836671,51,6943.764664
-72176.049201,51,6944.947192
-38015.058748,44,6945.951309
-42562.779119,44,6946.995767
-53183.084597,47,6948.103822
-13626.903069,31,6948.797078
-62851.332962,47,6949.865779
-17033.735459,36,6950.692851
-21499.661663,38,6951.533087
-95318.531653,50,6952.689145
-20523.550615,37,6953.58067
-31196.693151,43,6954.623761
-26136.307838,40,6955.578982
-12394.530534,29,6956.289871
-14442.380187,32,6957.025108
-17972.88221,36,6957.945952
-102730.3276,52,6959.17524
-20216.296887,37,6960.046144
-13108.587854,30,6960.744478
-15255.192774,32,6961.445699
-116242.235859,52,6962.780648
-24234.046096,40,6963.913292
-65274.035694,47,6965.00686
-36386.239438,43,6966.006999
-31867.443654,41,6966.958696
-11943.582338,28,6967.647844
-10560.879019,26,6968.273252
-58184.335655,46,6969.39057
-14263.24605,32,6970.169944
-84919.042613,50,6971.349438
-17794.314734,35,6972.160263
-12795.698543,29,6972.840857
-26166.226768,43,6973.844313
-21872.190443,39,6974.747701
-102725.623211,50,6975.928445
-30055.441723,42,6976.940377
-26500.971303,41,6977.932517
-60847.9541,46,6978.975389
-100354.359908,52,6980.218686
-14906.268642,34,6981.049183
-19672.751847,37,6981.924548
-26006.212386,39,6982.849768
-78306.909702,48,6983.990769
-26849.754851,41,6984.963445
-76459.909286,47,6986.053845
-28477.993018,41,6987.012278
-45074.267788,44,6988.06177
-13515.456685,31,6988.78299
-70812.781837,48,6989.915323
-11165.783834,27,6990.535315
-14632.354534,32,6991.263047
-36240.070806,44,6992.252895
-17481.034085,35,6993.151856
-19692.046848,36,6994.01029
-27841.121227,41,6995.002286
-22136.466372,39,6995.960572
-10762.342932,26,6996.575012
-10053.911283,25,6997.187708
-16339.270826,36,6998.040319
-9857.359101,24,6998.614036
-21192.773218,37,6999.504198
-20266.818471,37,7000.401675
-37660.526037,45,7001.475162
-20249.64244,45,7002.542727
-24462.896473,38,7003.417485
-30398.777624,41,7004.332588
-32327.764961,41,7005.271861
-14871.20536,33,7006.061248
-47326.488656,45,7007.103115
-47531.823043,45,7008.158097
-82699.739425,50,7009.336252
-27364.375929,41,7010.308778
-41159.658707,43,7011.356128
-20469.12212,38,7012.245347
-31943.988134,43,7013.262967
-19213.807879,36,7014.127343
-26878.450498,39,7015.032846
-23803.959722,38,7015.918735
-33931.455384,42,7016.960848
-14304.908247,32,7017.739907
-33155.9349,43,7018.819586
-32032.610203,42,7019.826337
-33635.081666,42,7020.839634
-26814.417,40,7021.792103
-47203.175662,45,7022.893608
-15226.289507,32,7023.730045
-8000.581769,20,7024.173357
-23827.731329,42,7025.167186
-16172.253719,34,7025.967903
-9302.25347,23,7026.502549
-16910.351678,36,7027.339504
-61657.204448,46,7028.424134
-17239.625413,37,7029.290187
-36845.549066,45,7030.339048
-43740.232806,43,7031.3791
-12913.981217,30,7032.104778
-93385.722416,49,7033.237631
-12950.870888,30,7033.944716
-58720.197351,46,7035.008586
-23503.850223,44,7036.026259
-55180.643988,46,7037.07448
-14858.147531,33,7037.857043
-17671.218383,35,7038.687207
-31071.266471,43,7039.642173
-18906.363464,36,7040.489191
-87162.181753,49,7041.660046
-119189.0369,52,7042.99506
-17340.566123,35,7043.800891
-43691.3155,44,7044.861517
-16156.470634,34,7045.672273
-15821.437798,34,7046.487735
-16812.09433,36,7047.361969
-14011.670749,32,7048.130353
-29600.731919,41,7049.121222
-11751.978055,28,7049.817421
-15673.449343,33,7050.616615
-107572.140247,50,7051.816387
-17819.877562,38,7052.733611
-14887.095065,33,7053.540035
-59784.469885,48,7054.697612
-12966.26616,30,7055.411677
-11537.496466,27,7056.061867
-16855.044178,36,7056.900483
-72236.333201,48,7058.057813
-39379.772291,43,7059.103611
-36096.809981,44,7060.165709
-27638.012483,40,7061.129268
-16220.56812,33,7061.930359
-42998.736499,43,7062.924869
-94387.670493,49,7064.049776
-33287.323487,43,7065.076739
-13399.01602,31,7065.823634
-18468.453858,35,7066.648358
-13773.843841,31,7067.340972
-23317.90161,38,7068.247571
-103621.240834,51,7069.507828
-9553.771722,24,7070.073422
-17005.711122,35,7070.891576
-14807.295804,32,7071.639563
-57412.053117,46,7072.726728
-30844.016129,42,7073.719896
-20249.622679,37,7074.560525
-57345.240859,46,7075.688709
-78496.461881,48,7076.849146
-58740.708194,46,7077.973224
-34723.009163,44,7079.030573
-64106.371623,47,7080.131126
-24566.358821,39,7081.050702
-49623.572995,45,7082.07392
-38111.271773,43,7083.085172
-36721.784073,42,7084.06795
-54152.115778,45,7085.140946
-21669.354023,39,7086.041905
-25160.331922,40,7087.0008
-66876.452789,47,7088.112804
-19751.627301,43,7089.122639
-16287.423114,36,7090.020946
-106220.354297,50,7091.255005
-15566.929524,34,7092.091424
-35566.2895,42,7093.123203
-21701.678708,38,7094.031075
-26562.609593,39,7094.994753
-72565.770244,49,7096.125691
-82946.627432,49,7097.280306
-14486.355551,32,7098.041619
-71308.703214,48,7099.158815
-14684.533465,32,7099.923647
-41203.576403,44,7100.934999
-14053.53775,32,7101.698099
-16004.270439,34,7102.463012
-29635.954014,41,7103.425754
-20842.596578,38,7104.280882
-14784.466865,33,7105.082395
-13198.676494,30,7105.770726
-52242.912649,46,7106.862992
-24249.405534,44,7107.908549
-15807.480107,33,7108.694018
-12717.135778,30,7109.366815
-13329.04809,30,7110.08116
-11944.259953,28,7110.768557
-25479.823191,40,7111.722114
-57072.836729,46,7112.830901
-43367.149787,44,7113.857811
-15636.240692,33,7114.616788
-36624.795557,44,7115.626199
-13533.852452,31,7116.380556
-24473.708036,39,7117.31714
-11434.513034,27,7117.929687
-12496.293519,29,7118.604502
-16435.292776,34,7119.389502
-27274.973649,40,7120.371978
-13031.174564,30,7121.100116
-105191.132008,50,7122.267919
-32753.420641,43,7123.303418
-15359.289336,33,7124.088599
-27597.478923,41,7125.019548
-30669.999917,40,7125.976664
-17051.930483,36,7126.804266
-22149.798526,38,7127.689789
-22140.208178,37,7128.523954
-87652.452383,50,7129.707257
-10782.527078,26,7130.319257
-30800.141606,40,7131.258496
-15830.876665,36,7132.133989
-11332.789362,27,7132.765572
-18155.391262,37,7133.63045
-34806.176439,42,7134.6427
-15235.484481,34,7135.4563
-26595.731683,40,7136.375197
-20821.57538,36,7137.215805
-11971.417409,28,7137.883623
-24056.510334,38,7138.781981
-25377.077864,40,7139.695282
-8000.472636,20,7140.165557
-17777.274692,35,7140.971802
-77181.360514,48,7142.075241
-10566.823925,26,7142.726334
-82514.215015,49,7143.832075
-13124.815254,30,7144.49133
-29972.675405,41,7145.437576
-12804.68715,30,7146.174602
-50331.978074,47,7147.300889
-94807.50143,51,7148.445357
-13587.556051,31,7149.164872
-22352.292696,39,7150.080415
-58849.298383,46,7151.196595
-34850.098086,43,7152.220654
-77891.390503,49,7153.363732
-25202.037661,40,7154.311486
-23743.242889,42,7155.286557
-15295.241819,33,7156.113031
-30399.022062,41,7157.038565
-49607.588349,46,7158.110439
-49435.003016,46,7159.141074
-8000.686443,20,7159.596119
-12934.460388,30,7160.370142
-29729.875733,40,7161.349321
-23963.070586,39,7162.225616
-28918.265883,40,7163.135
-39415.991809,44,7164.183096
-35616.508838,47,7165.253603
-15475.710583,34,7166.02745
-10769.683539,26,7166.639029
-16252.309965,35,7167.486293
-10007.877053,24,7168.025864
-39006.117404,44,7169.02086
-10810.808855,26,7169.600816
-20348.042352,39,7170.523278
-25093.686825,39,7171.433509
-22605.735582,39,7172.306283
-14393.851178,33,7173.065256
-24647.524717,38,7173.986288
-22130.490729,39,7174.906669
-16950.433505,37,7175.768493
-67318.907374,47,7176.894463
-26792.780006,39,7177.904823
-21764.227332,37,7178.765433
-26298.242176,39,7179.680324
-16125.745164,34,7180.480583
-17327.695306,37,7181.346715
-37209.280567,43,7182.342631
-23939.009484,41,7183.389613
-10318.206543,25,7183.938533
-18585.13637,36,7184.768752
-87429.746975,51,7185.952037
-14861.67482,33,7186.727399
-40378.582171,45,7187.729127
-34797.560791,42,7188.718364
-24713.845021,39,7189.574637
-19281.183345,38,7190.483396
-22619.174976,38,7191.386896
-8001.301881,20,7191.858213
-130757.044144,56,7193.193364
-39710.151651,45,7194.240903
-73612.626197,47,7195.359915
-33356.445072,41,7196.31309
-11402.287687,27,7196.959973
-12717.482344,30,7197.709197
-64464.368906,48,7198.854648
-26082.575772,39,7199.750712
-29345.286281,40,7200.664363
-49764.015795,45,7201.762609
-13000.322948,30,7202.442136
-14010.703101,32,7203.236184
-37859.200619,42,7204.24804
-11311.650872,27,7204.852552
-20742.626298,37,7205.723531
-35647.699891,42,7206.748189
-38135.376456,43,7207.758161
-11804.268518,28,7208.451621
-23301.640433,39,7209.363104
-56035.473611,46,7210.478416
-28133.805902,42,7211.493338
-36433.665466,42,7212.477363
-15022.627611,32,7213.242851
-19668.622584,37,7214.057862
-11007.761742,26,7214.660579
-21831.025091,39,7215.532088
-17475.205757,37,7216.360746
-14457.471063,32,7217.130787
-15300.663896,34,7217.919047
-48127.129259,45,7218.996308
-25588.150254,40,7219.890437
-21999.184572,37,7220.737469
-13051.149957,30,7221.451106
-15364.65662,34,7222.269871
-115055.744596,51,7223.472061
-36939.380008,42,7224.40446
-12585.537191,29,7225.093961
-41659.273721,45,7226.175281
-17296.016668,36,7227.083828
-50988.744371,46,7228.160892
-56064.336735,46,7229.227252
-25858.965531,44,7230.297672
-16143.128562,33,7231.079868
-30657.625169,42,7232.07867
-26670.664374,45,7233.196643
-14898.784558,32,7233.964865
-20301.773557,37,7234.860317
-22177.644152,39,7235.762041
-10263.554907,25,7236.365034
-28538.549909,41,7237.369891
-23174.698681,38,7238.337507
-48359.032516,44,7239.379372
-37152.609976,43,7240.343124
-17823.348406,35,7241.155453
-41800.78355,44,7242.18934
-25641.409989,42,7243.173861
-32026.684511,43,7244.265288
-17208.833712,37,7245.146876
-86154.034889,48,7246.28976
-51514.228539,50,7247.480269
-123383.361138,52,7248.795487
-23645.513577,40,7249.780434
-34179.848354,41,7250.775751
-11896.37592,28,7251.454421
-15189.182501,33,7252.267614
-51381.503856,45,7253.317408
-12876.075264,30,7254.03391
-11195.563255,27,7254.645474
-14046.12048,31,7255.376629
-29738.242565,41,7256.341119
-18870.396579,36,7257.186464
-17865.094485,36,7258.058366
-67237.609771,47,7259.192592
-21231.388015,41,7260.151295
-22890.613945,39,7261.044948
-14848.40139,32,7261.787655
-12395.621448,29,7262.481723
-22948.09944,37,7263.394911
-16545.626168,34,7264.179651
-12037.687877,28,7264.828208
-21824.564017,37,7265.716276
-116199.835802,52,7267.038251
-41783.794908,45,7268.144566
-12014.385727,28,7268.810606
-46892.044705,46,7269.907933
-27419.654434,41,7270.879294
-28499.904862,40,7271.870655
-62084.274553,49,7273.048825
-42367.141343,44,7274.092441
-28319.948482,44,7275.163273
-9152.909407,23,7275.728162
-39256.124708,43,7276.742023
-19599.183605,36,7277.578511
-29601.371787,41,7278.517557
-28830.873615,41,7279.496663
-14250.723372,31,7280.212477
-12396.106357,29,7280.877228
-27471.199329,40,7281.791887
-30117.628549,42,7282.79113
-37561.429177,43,7283.845964
-15853.352498,35,7284.661762
-9962.250348,24,7285.210469
-23227.710118,39,7286.111888
-26450.457744,41,7287.096369
-21823.163239,38,7288.037336
-10837.712409,26,7288.653881
-16245.991712,36,7289.488252
-31333.613691,43,7290.487631
-62652.314669,45,7291.573309
-31500.522383,43,7292.606961
-12557.14815,29,7293.312259
-16557.635443,34,7294.12163
-12656.479242,30,7294.827182
-13866.23496,32,7295.611
-110372.308495,52,7296.844658
-18292.309412,35,7297.647997
-31932.701553,41,7298.670043
-32297.188726,43,7299.734663
-17695.794893,35,7300.555813
-38838.857287,42,7301.558781
-71941.038088,47,7302.686396
-11041.506563,26,7303.284254
-16994.537085,34,7304.095251
-8851.678953,22,7304.614929
-20195.767238,38,7305.55058
-26988.711005,40,7306.489064
-18179.06357,36,7307.367688
-55243.920669,46,7308.453515
-15414.159289,35,7309.278668
-69630.391632,48,7310.402817
-28409.895716,40,7311.356594
-31336.53512,41,7312.331348
-18860.791402,37,7313.245272
-25561.446695,39,7314.156657
-27111.305963,39,7315.125926
-13360.182372,31,7315.873654
-52426.297692,46,7316.9922
-62208.677488,46,7318.061274
-21701.940515,38,7319.010977
-37371.166043,43,7320.050138
-25079.851802,39,7320.952816
-28685.198115,41,7321.918997
-19242.261909,36,7322.792003
-22675.57373,39,7323.747557
-36661.699567,44,7324.765098
-21587.841829,39,7325.677684
-21494.118613,39,7326.600163
-17768.895199,38,7327.519559
-38521.509159,45,7328.595982
-36940.04343,45,7329.64045
-14785.790309,32,7330.384218
-9353.962584,23,7330.937233
-11788.182099,28,7331.577747
-47012.555937,45,7332.649338
-18866.252387,36,7333.499033
-12471.576333,29,7334.180835
-16038.321923,36,7335.063582
-54310.053052,44,7336.109604
-111300.676099,50,7337.312723
-16019.298653,35,7338.135664
-13615.053248,31,7338.89791
-36343.705212,42,7339.865251
-25760.114758,39,7340.801622
-28812.916863,41,7341.798697
-32093.639366,42,7342.796182
-14971.808053,32,7343.532715
-76859.288219,50,7344.733005
-18401.965826,37,7345.603222
-44252.027871,46,7346.688512
-39692.48331,43,7347.705714
-12888.212563,30,7348.3811
-18767.408094,38,7349.270214
-32587.184206,41,7350.213533
-19428.446604,35,7351.044867
-28732.466209,41,7352.018935
-42717.520468,45,7353.075288
-21184.576698,37,7353.995114
-14461.137019,32,7354.839282
-8000.510914,20,7355.312898
-46574.538547,46,7356.388202
-13816.056654,31,7357.139674
-17117.709018,35,7357.99305
-72172.673994,48,7359.156912
-25319.464539,42,7360.131508
-50012.729873,46,7361.228988
-8000.355666,20,7361.725832
-14846.11619,33,7362.513765
-83407.651626,48,7363.696911
-34039.880235,43,7364.714615
-97569.172154,49,7365.870384
-34697.918881,42,7366.860957
-23932.830002,38,7367.74733
-14265.32541,32,7368.491821
-38477.403705,44,7369.489876
-15388.505963,32,7370.234601
-17848.598184,36,7371.091153
-107018.772321,51,7372.302003
-62665.026511,48,7373.426628
-14828.412825,33,7374.165768
-15420.814206,33,7374.924158
-27148.146889,39,7375.862854
-25462.964262,40,7376.833577
-105790.145668,51,7378.027273
-79742.912427,49,7379.196961
-59844.153629,47,7380.328811
-8000.443661,20,7380.794721
-12418.084095,29,7381.456482
-21554.013801,39,7382.364319
-19631.370966,37,7383.240979
-31800.094805,42,7384.259523
-23331.659571,39,7385.214364
-98467.591617,50,7386.338285
-12896.457708,30,7387.05168
-17195.602155,35,7387.865701
-13909.753942,30,7388.543439
-21565.944638,38,7389.458287
-28795.70764,41,7390.393818
-16510.219301,34,7391.185319
-13712.095451,31,7391.876597
-29934.402113,41,7392.856291
-13362.750604,31,7393.557023
-27209.22802,41,7394.553383
-33421.978035,41,7395.460876
-28414.233857,40,7396.378663
-12900.618036,30,7397.103265
-25371.39426,39,7398.008868
-38843.432719,42,7398.966757
-91292.458928,49,7400.120285
-58267.662651,47,7401.156734
-44441.213482,47,7402.23271
-24379.40665,39,7403.113487
-17157.334237,35,7403.95355
-70136.559248,48,7405.06399
-59085.733868,48,7406.159135
-38246.113527,43,7407.20022
-14480.456056,32,7407.909036
-70755.061481,48,7409.060495
-42316.421501,44,7410.092662
-15753.051914,33,7410.843964
-22984.301914,38,7411.724774
-11145.535193,27,7412.439795
-82929.131935,49,7413.796009
-22643.372713,37,7414.831744
-13975.35609,32,7415.533284
-33188.242005,42,7416.483128
-19622.35421,37,7417.29459
-19230.161825,36,7418.195964
-56557.82103,46,7419.242387
-16175.515378,33,7420.05006
-13529.743816,30,7420.790779
-53461.934047,49,7421.988259
-26077.116934,40,7422.910698
-28645.981056,40,7423.863214
-76283.084161,49,7425.009729
-14559.078295,32,7425.809817
-32315.835974,42,7426.806095
-55847.085508,46,7427.911827
-26995.572373,41,7428.876852
-49786.116707,46,7430.024374
-95000.689859,51,7431.145696
-15867.452196,34,7431.998966
-13231.411917,30,7432.729374
-70583.070261,47,7433.798352
-23883.332683,39,7434.714298
-73348.160088,48,7435.774547
-22820.651002,40,7436.742876
-77438.465122,48,7437.768029
-57222.266225,48,7438.826262
-24046.409863,39,7439.820071
-34512.404234,42,7440.743543
-60121.299894,47,7441.728238
-69235.151842,48,7442.746823
-19365.910748,38,7443.615551
-63282.498178,46,7444.644585
-9054.423148,23,7445.119393
-9607.662488,24,7445.739822
-53055.205072,45,7446.857668
-15922.998985,34,7447.590519
-15052.812794,32,7448.311113
-8350.902514,21,7448.826974
-62570.181367,50,7450.018684
-53853.937712,45,7451.05693
-74745.452575,49,7452.231734
-14001.482418,31,7453.030288
-17302.184856,36,7453.815349
-13458.566638,31,7454.447101
-25389.749787,39,7455.340985
-53087.559994,46,7456.389369
-21294.683531,38,7457.303591
-13386.823252,31,7458.014111
-15408.568337,33,7458.751219
-74550.781003,48,7459.817271
-13329.925931,30,7460.56327
-14397.890445,33,7461.33499
-20593.382116,37,7462.245037
-16746.857245,35,7463.043872
-48203.246951,46,7464.104928
-14245.985762,31,7464.817487
-66727.548282,53,7466.025486
-14359.040932,32,7466.769214
-22775.789122,39,7467.726435
-20661.92703,37,7468.500284
-15489.251435,33,7469.22272
-8001.263474,20,7469.657066
-58495.554392,47,7508.054995
-13331.996766,30,7508.756176
-56269.917089,45,7509.928535
-9658.037545,24,7510.56065
-10712.62108,26,7511.205469
-16861.597318,34,7512.000864
-31128.524546,42,7513.010745
-60702.388979,46,7514.148438
-34429.590105,42,7515.200401
-70913.388767,47,7516.329893
-52996.81287,45,7517.382033
-89402.549458,51,7518.637359
-24591.028511,39,7519.564776
-26609.595872,41,7520.526068
-17112.679934,35,7521.372626
-14989.104019,32,7522.194545
-20622.844635,44,7523.234527
-26737.286232,40,7524.147676
-70371.073804,48,7525.283965
-33686.775996,46,7526.333608
-79521.23222,48,7527.401149
-66982.832893,48,7529.036016
-26135.226058,39,7529.854025
-35685.319154,44,7530.946024
-23931.879112,39,7531.898837
-51292.650549,46,7533.009155
-36574.053239,44,7533.984514
-60110.736844,45,7535.070982
-11197.550375,27,7535.754788
-8001.669057,20,7536.298084
-10683.231078,26,7536.978751
-23995.140833,39,7537.937008
-31859.670858,42,7538.854405
-74100.13767,49,7540.084499
-66477.822182,49,7541.264256
-21730.542845,38,7542.219766
-30673.087762,41,7543.189133
-42296.731729,44,7544.197773
-67431.230202,49,7545.260143
-37545.92475,43,7546.416041
-27233.389679,40,7547.385124
-44081.968618,45,7548.445172
-23244.840243,39,7549.278186
-112065.022904,50,7550.426559
-15110.311585,32,7551.178852
-21895.680718,37,7552.053815
-17197.421562,35,7552.876418
-28181.008356,41,7553.844485
-89171.89447,51,7555.048749
-12205.077114,29,7555.753082
-26215.828048,39,7556.64943
-17305.813621,35,7557.498954
-84883.587356,49,7558.82727
-63769.581254,46,7559.951689
-55621.787564,46,7560.940501
-14508.431156,33,7561.660808
-19559.217345,36,7562.467288
-15252.858344,33,7563.271053
-51635.053005,44,7564.291158
-112989.35377,50,7565.491953
-18046.641527,35,7566.460626
-17236.054374,35,7567.276139
-43396.379393,46,7568.352355
-65646.187584,48,7569.486729
-16990.578445,35,7570.308141
-17069.569349,38,7571.197226
-38832.750943,44,7572.267413
-10422.817844,25,7572.863318
-26177.238491,41,7573.880717
-71074.213618,49,7575.100447
-90732.052975,49,7576.255317
-83021.497608,50,7577.450487
-27522.238203,43,7578.471966
-11934.130377,28,7579.218599
-23216.613678,40,7580.384561
-10617.92799,26,7581.152684
-12714.530018,30,7581.910808
-42644.463009,45,7582.990834
-26025.196884,40,7584.076626
-12217.199962,29,7584.715355
-22344.554043,38,7585.489107
-23224.512118,39,7586.345793
-25787.844803,40,7587.335792
-22499.544815,38,7588.218459
-27637.203603,40,7589.211653
-13410.440825,31,7589.885103
-21828.475304,38,7590.789567
-18287.895936,36,7591.636899
-39769.583198,44,7592.683796
-67730.706824,47,7593.904299
-22137.322532,40,7594.794245
-92521.743612,50,7595.916711
-13542.295435,30,7596.61178
-49311.667719,45,7597.691386
-93947.673065,50,7599.017342
-13473.988707,31,7599.775632
-23053.858937,38,7600.567477
-24861.52442,39,7601.460492
-22447.99848,38,7602.347036
-11369.561531,27,7603.004124
-16139.542304,34,7603.830073
-19340.089433,36,7604.655264
-22968.479504,38,7605.549603
-31783.891934,43,7606.555888
-34515.036407,46,7607.704249
-20765.288208,41,7608.692183
-17913.852403,39,7609.617946
-30888.782708,41,7610.688059
-65437.265132,48,7611.815016
-19542.946075,37,7612.638976
-13701.532262,31,7613.406815
-12340.353329,29,7614.093499
-13634.34333,31,7614.815974
-16115.356116,34,7615.610769
-14441.962929,33,7616.414457
-15342.413837,32,7617.12479
-23706.546643,40,7618.033214
-24831.61869,39,7619.009936
-16855.519137,38,7620.13565
-103791.3742,51,7621.334501
-58611.706968,48,7622.36318
-64652.660766,47,7623.398663
-13115.186216,30,7624.131592
-31650.778531,45,7625.270236
-97249.062394,51,7626.457571
-104365.429151,52,7627.704221
-24896.068671,40,7628.676985
-39119.913925,43,7629.739838
-14944.91622,32,7630.451089
-103794.558615,49,7631.562379
-15335.372918,33,7632.432333
-21915.500719,38,7633.270578
-17547.221846,35,7634.051522
-26006.395856,39,7634.864434
-15803.768145,34,7635.77497
-14634.398321,32,7636.507827
-73284.118064,49,7637.597837
-44654.4621,45,7638.696316
-59861.89481,50,7639.798951
-92079.593322,66,7641.296721
-14444.582661,32,7641.972788
-59004.845883,50,7643.181498
-42633.387432,45,7644.22342
-25654.784735,40,7645.159211
-16469.239891,36,7646.004933
-18726.995815,36,7646.819524
-49699.308279,46,7647.989893
-97017.140738,50,7649.238116
-43319.428075,44,7650.191803
-17770.467909,36,7650.92693
-36980.059681,44,7651.85436
-138760.904277,53,7653.086422
-45631.512705,46,7654.119554
-40627.203513,43,7655.199472
-34925.934441,43,7656.207045
-98349.401326,60,7657.625787
-69892.001314,47,7658.685462
-68918.586605,50,7659.960515
-11764.821184,28,7660.653076
-85402.709934,51,7661.89739
-40896.494077,44,7663.073377
-16292.78381,34,7663.869788
-10870.487105,26,7664.418702
-51682.250111,45,7665.577385
-75011.510653,47,7666.77704
-34248.579716,41,7667.782007
-24495.483632,44,7668.898407
-37631.00984,43,7670.054687
-26946.23802,40,7671.116633
-44923.214135,45,7672.228113
-36527.815004,42,7673.291122
-11463.800768,27,7673.970057
-18717.550854,36,7674.938219
-21603.477579,37,7675.876816
-30882.99105,41,7676.873064
-83512.542456,52,7678.190805
-24125.856454,40,7679.534612
-29632.955023,41,7680.766017
-15634.273755,34,7681.479678
-13941.314206,31,7682.141991
-105042.360813,51,7683.25385
-60204.370042,48,7684.385375
-25661.526043,40,7685.293972
-17503.807815,35,7686.155725
-12091.617434,29,7686.855374
-78187.883152,49,7688.213997
-135666.962771,51,7689.41342
-43730.465977,45,7690.572584
-68626.923733,47,7691.663941
-14554.339492,32,7692.477727
-48874.212026,45,7693.657919
-79983.345657,49,7694.871624
-33791.961628,41,7695.726851
-28820.031676,40,7696.5939
-48140.341799,45,7697.654484
-10568.030202,26,7698.250738
-100265.607231,50,7699.448415
-67648.182542,48,7700.676329
-12198.865151,29,7701.40537
-18165.525773,36,7702.165274
-67194.838731,47,7703.271727
-11815.170999,28,7703.852023
-14542.192568,31,7704.485453
-57608.681099,47,7705.615315
-61426.057588,48,7706.699643
-27094.022907,39,7707.597558
-135822.707766,52,7708.841552
-8751.191505,22,7709.31232
-20450.665963,38,7710.260203
-9907.739963,24,7710.806165
-12971.068428,30,7711.42982
-66836.692586,50,7712.470899
-35267.526731,45,7713.418745
-24776.708027,39,7714.389377
-15394.134067,33,7715.144103
-69178.408948,48,7716.329712
-15928.384387,33,7717.101881
-49196.186473,52,7718.473326
-23888.320182,40,7719.342917
-33484.765702,41,7720.322046
-13246.84747,30,7721.061221
-59051.569459,47,7722.113095
-17311.772344,36,7722.986243
-15810.557362,35,7723.772497
-11300.924122,27,7724.397548
-17536.478022,34,7725.199853
-25095.627987,39,7726.145303
-53372.371799,45,7727.21651
-15637.086298,33,7727.990734
-27789.960052,40,7728.928566
-29598.379405,41,7729.908713
-26580.212458,40,7730.860215
-62297.029216,48,7731.953228
-14117.239957,31,7732.937545
-139932.42159,54,7734.503928
-53936.771327,46,7735.670814
-134089.980593,53,7736.94237
-14864.326294,34,7737.8032
-28050.766342,41,7739.137035
-11848.489504,28,7740.057348
-9606.041633,24,7740.864578
-110214.035244,51,7742.088417
-23741.145852,39,7743.110148
-16387.883172,36,7743.990865
-11855.058554,28,7744.674494
-20192.830324,39,7745.713568
-14234.484652,32,7746.436086
-45461.357233,44,7747.533458
-23730.360396,45,7748.533778
-10935.644608,26,7749.267214
-11967.409434,28,7750.102479
-20292.63717,37,7751.039557
-17844.211569,37,7751.855155
-86984.834062,48,7752.988432
-87072.472393,48,7754.418356
-23949.137632,39,7755.45965
-9857.849908,24,7756.138808
-10469.181852,25,7756.771865
-106830.488951,50,7758.253034
-56238.47884,46,7759.555158
-11638.751987,28,7760.281774
-14897.523581,32,7761.170661
-23494.584901,39,7762.285538
-20156.486436,38,7763.124317
-54210.113126,49,7764.189238
-50139.408081,45,7765.49627
-23691.559091,38,7766.464415
-36207.616329,42,7767.408181
-19070.398767,36,7768.316591
-8000.609021,20,7768.773862
-11924.954974,28,7769.494504
-16918.62393,37,7770.397741
-18254.691158,35,7771.208015
-29751.930909,42,7772.423307
-10311.815002,25,7773.077128
-38196.612562,44,7774.155656
-28383.595227,42,7775.304276
-23306.177692,38,7776.413511
-15392.338954,35,7777.497373
-15079.688049,32,7778.392765
-42109.051676,44,7779.55214
-86454.077821,52,7780.887972
-21664.730566,40,7781.999727
-36926.332409,44,7783.266289
-15048.989716,32,7784.024152
-29502.20496,42,7785.131031
-12157.20519,28,7785.844445
-48890.659164,51,7787.070374
-37312.036727,43,7788.231869
-14226.395424,31,7789.038771
-24488.051578,39,7790.017846
-108886.854976,51,7791.308086
-8000.213781,20,7791.861857
-57344.16911,46,7792.969975
-89673.968108,49,7794.160126
-15484.67598,33,7794.914356
-21214.245166,38,7795.854893
-20237.217213,38,7796.814285
-65834.015182,47,7798.031235
-11881.814577,28,7798.736132
-18354.689579,36,7799.648032
-41533.837485,42,7800.79022
-19133.89866,35,7801.70822
-14819.29808,32,7802.524648
-18393.954993,37,7803.523155
-10421.998768,25,7804.130553
-68076.162374,47,7805.349306
-33685.171399,43,7806.441821
-10766.180303,26,7807.067274
-24931.742587,39,7808.0478
-9956.365191,24,7808.753505
-24000.52028,38,7809.914463
-61103.633105,47,7811.312294
-33664.691983,42,7812.602875
-62846.75456,47,7814.050957
-69126.975808,47,7815.44855
-24560.664824,39,7816.45209
-18105.393688,36,7817.420594
-18823.741498,36,7818.277854
-90968.112386,50,7819.792084
-18268.380336,36,7820.689469
-19698.585391,41,7821.776908
-37334.296544,43,7822.941651
-24832.560389,39,7823.857305
-21930.381895,37,7824.814621
-73048.553501,47,7826.029412
-23306.757498,39,7827.306928
-28348.491362,40,7828.390594
-15169.057192,32,7829.200738
-9553.916175,24,7829.82815
-37677.028939,42,7830.894667
-19384.522386,38,7831.809021
-98995.564434,50,7833.101224
-80589.7845,49,7834.340659
-17328.625635,35,7835.254725
-79456.108353,49,7836.469141
-72729.033163,48,7837.736143
-41908.291857,45,7838.839363
-110321.374715,52,7840.21558
-27483.551547,41,7841.221315
-14870.524444,33,7842.02496
-10862.160116,26,7842.623122
-12996.764951,30,7843.366926
-45166.660079,45,7844.39042
-24681.670183,40,7845.32599
-37264.004103,44,7846.503448
-9752.334417,24,7847.087884
-56789.406862,47,7848.190902
-84436.641135,51,7849.402675
-23081.469264,40,7850.388793
-54649.949559,47,7851.474104
-81990.4618,47,7852.637293
-31056.817099,41,7853.569907
-11586.959669,28,7854.245862
-74518.29128,49,7855.415926
-15528.993612,33,7856.214454
-73468.747812,48,7857.347395
-42171.41993,43,7858.325252
-13629.691391,31,7859.029982
-77468.836819,47,7860.153844
-32608.174755,41,7861.093522
-22979.440568,39,7862.050838
-15792.58376,34,7862.891336
-13917.152924,32,7863.677857
-17292.678902,35,7864.548751
-20318.178883,37,7865.484949
-95566.907313,51,7866.699891
-129158.024433,53,7868.033762
-14648.305678,32,7868.871082
-17904.36718,35,7869.720357
-24111.428144,40,7870.752291
-8200.794743,21,7871.219192
-24785.117307,39,7872.166857
-16593.579774,34,7872.950649
-9553.526871,24,7873.495834
-59477.69959,46,7874.616195
-57482.915306,46,7875.796962
-55530.093003,46,7876.872242
-16282.380236,34,7877.623417
-52701.632348,47,7878.896315
-10721.066479,26,7879.525147
-20878.778159,37,7880.436107
-26607.255017,39,7881.349658
-14613.28032,32,7882.105926
-23642.645838,39,7883.145015
-25789.998012,40,7884.163037
-44694.096105,46,7885.281649
-71928.03523,48,7886.472172
-16454.842461,34,7887.322186
-70658.087921,48,7888.539787
-36448.352341,42,7889.711468
-31804.243953,41,7890.686214
-20512.253752,37,7891.660239
-27103.068694,44,7892.761339
-54627.029833,46,7893.867316
-40779.189292,43,7894.956571
-25084.669916,39,7895.998513
-44219.565356,44,7897.046946
-63523.566871,46,7898.2504
-19795.663894,37,7899.217428
-10816.242924,26,7899.849879
-32585.596579,42,7900.931079
-15096.563753,32,7901.702442
-86173.333592,50,7903.064786
-15607.549096,33,7903.882428
-33344.415047,42,7904.873807
-31452.426194,40,7906.007921
-14991.841744,32,7906.867291
-18513.839329,36,7907.676627
-60592.324208,48,7908.718751
-29997.872511,41,7909.666762
-33442.328734,41,7910.630442
-66791.210607,48,7911.84379
-31381.225578,44,7912.889844
-13411.939633,31,7913.641634
-22588.929754,38,7914.670128
-22078.987699,37,7915.596102
-14356.061252,33,7916.495078
-34171.358714,43,7917.509108
-95777.36089,49,7918.681967
-17923.094242,38,7919.563417
-17103.332343,35,7920.47505
-19969.040774,37,7921.443209
-20982.914296,37,7922.297117
-90914.681264,60,7923.746459
-11955.645728,28,7924.453046
-36657.756791,42,7925.482682
-14330.32587,31,7926.252016
-13898.471755,32,7927.146304
-23962.819366,38,7928.112504
-21999.6687,38,7929.063232
-10301.885834,25,7929.680602
-19790.52039,37,7930.646555
-86653.935051,52,7931.910729
-32395.897717,42,7932.99823
-24986.335483,40,7933.953532
-21611.430244,39,7934.84545
-20310.586905,37,7935.773819
-47185.238855,45,7936.884789
-81555.325671,49,7938.128005
-25437.910465,40,7939.100799
-103325.484942,50,7940.265831
-18388.167081,35,7941.169436
-29207.578993,40,7942.216726
-17347.64491,35,7943.105956
-8901.773696,22,7943.597845
-15581.277131,33,7944.405449
-11936.727981,28,7945.147011
-43135.849365,45,7946.289569
-41206.486829,44,7947.320438
-56050.656203,50,7948.433537
-18403.771472,37,7949.378599
-23782.06327,40,7950.430665
-15074.356775,33,7951.333919
-11224.672444,27,7951.989885
-20038.007493,37,7952.840701
-39739.471768,44,7953.843846
-33163.578795,42,7954.905234
-13359.289629,31,7955.643158
-38980.552766,45,7956.708724
-13687.64134,31,7957.57408
-27708.573257,41,7958.652422
-32578.695679,41,7959.669724
-58136.574775,47,7960.718631
-25337.374068,40,7961.71409
-17943.591284,35,7962.64848
-45798.755204,44,7963.811042
-12966.78832,30,7964.518196
-29609.892819,43,7965.592134
-20585.744014,40,7966.621588
-24803.275278,42,7967.616008
-10954.301784,26,7968.256904
-18339.482265,35,7969.090086
-44750.236558,45,7970.129308
-16039.172003,34,7970.954334
-14384.68289,32,7971.687011
-21782.138815,37,7972.531467
-24487.223873,40,7973.453238
-9957.215664,24,7974.028652
-82587.493779,51,7975.266264
-18228.993861,36,7976.261509
-32740.514472,41,7977.280533
-10976.153303,26,7977.934886
-19408.142257,35,7978.770263
-15009.423148,33,7979.542822
-21182.420251,38,7980.510538
-19870.54829,36,7981.400507
-14572.847455,32,7982.233307
-11226.99301,27,7982.906764
-13870.440823,31,7983.673792
-150721.88404,54,7985.025743
-19826.810088,37,7985.988969
-22522.094154,39,7986.945331
-27352.779866,40,7987.95454
-84422.373478,51,7989.261481
-34619.00968,44,7990.436792
-63435.181624,47,7991.585618
-16294.802713,33,7992.456453
-73769.404004,47,7993.650972
-112452.405819,53,7995.044241
-13385.759503,31,7995.776614
-15317.629412,33,7996.566941
-36317.02843,43,7997.593418
-13651.069212,32,7998.347399
-68721.918507,48,7999.491085
-20391.306567,37,8000.45083
-29886.844208,42,8001.420299
-11755.943685,28,8002.147518
-14934.335793,32,8002.942073
-38205.51573,44,8004.057865
-11457.436268,27,8004.76723
-21964.395798,38,8005.744408
-16026.54335,34,8006.562616
-53111.59396,46,8007.784344
-80255.983057,50,8009.116724
-29224.702146,42,8010.264478
-15814.43998,36,8011.200162
-10724.462922,26,8011.855133
-23602.548825,40,8012.838022
-44588.455907,45,8014.02715
-19234.808314,42,8015.143185
-26327.485038,41,8016.219783
-10844.423444,26,8016.843751
-18924.504861,37,8017.735805
-10368.083231,25,8018.391488
-74514.34295,48,8019.592144
-100562.782106,50,8020.872246
-94505.548972,50,8022.129592
-22878.347272,38,8023.060932
-45393.082986,47,8024.129249
-50252.101046,45,8025.357996
-8801.130942,22,8025.987688
-10905.531974,26,8026.729721
-27868.703305,42,8027.866415
-13960.93868,31,8028.610088
-30370.727613,45,8029.724305
-35310.474864,42,8030.892366
-14190.086473,32,8031.677467
-28171.480395,42,8032.639555
-25192.034081,39,8033.585818
-8000.131226,20,8034.035109
-71528.226631,48,8035.169746
-23280.82752,38,8036.129969
-18266.797055,36,8037.110936
-82483.485708,48,8038.406764
-34397.272956,43,8039.48456
-86755.937841,48,8040.881048
-12934.918169,30,8041.61447
-22717.438495,38,8042.665883
-25364.899632,40,8043.656981
-8751.115217,22,8044.16175
-14261.695392,31,8044.976556
-30619.358323,41,8045.910148
-60640.13305,48,8047.106193
-8000.399972,20,8047.57481
-67611.414099,47,8048.715143
-29459.423595,40,8049.647241
-22440.401567,38,8050.592094
-15523.355968,34,8051.466141
-43832.403496,45,8052.653864
-13942.271579,31,8053.466596
-13875.175039,31,8054.299008
-8000.671836,20,8054.818727
-21590.375053,39,8055.853685
-70185.198983,48,8057.018883
-17465.636597,36,8057.865649
-71517.559458,50,8059.029905
-65454.075927,47,8060.270123
-19412.725276,36,8061.174221
-15199.516377,33,8061.988553
-13160.012356,30,8062.6928
-40347.426837,44,8063.824164
-64175.925236,48,8065.053994
-99362.899666,50,8066.325403
-39878.448999,43,8067.42759
-16096.339279,36,8068.366781
-17852.564053,36,8069.290909
-14516.113552,32,8070.040976
-14792.660898,33,8070.92112
-37340.602071,45,8071.960693
-33645.778727,44,8072.958662
-14709.197989,32,8073.675627
-21624.29064,41,8074.682296
-12540.246518,29,8075.450816
-16101.085816,34,8076.353696
-86811.780273,50,8077.631632
-78519.441883,49,8078.819258
-57407.263985,47,8080.218286
-58704.416947,46,8081.33994
-44643.656472,45,8082.47024
-29343.420752,42,8083.569315
-108565.421254,51,8084.851112
-23411.417955,39,8085.872848
-16550.4108,34,8086.646696
-20753.419865,38,8087.625035
-17789.668366,36,8088.477342
-44762.835473,44,8089.514093
-9603.083935,24,8090.073603
-13162.412966,30,8090.793386
-14307.522127,33,8091.573578
-27549.157011,40,8092.697864
-22973.734781,38,8093.666456
-9905.090543,24,8094.276464
-23050.309763,38,8095.200221
-30501.630195,41,8096.110501
-13253.110382,30,8096.825521
-13922.116778,31,8097.679891
-12297.600248,29,8098.403404
-51511.897069,46,8099.609217
-27155.968347,40,8100.542232
-21151.471165,37,8101.48598
-14820.134247,33,8102.306867
-21030.941268,38,8103.282692
-14487.486983,33,8104.01925
-80271.586923,49,8105.218169
-16283.077475,34,8106.054499
-77659.210937,49,8107.227648
-8051.055357,21,8107.757563
-67418.131222,47,8108.882349
-11583.508999,28,8109.55536
-14528.98125,32,8110.404065
-47900.48493,45,8111.428526
-38575.01325,42,8112.361357
-38408.515086,45,8113.69293
-48938.65245,44,8114.686654
-23330.003394,38,8115.508703
-113782.765693,50,8116.628851
-13845.280331,31,8117.370186
-82733.048422,50,8118.623343
-38443.413213,43,8119.659032
-25618.829062,40,8120.570007
-17266.440033,34,8121.408021
-24000.923483,39,8122.317914
-14633.872223,32,8123.136293
-39886.832808,45,8124.257219
-42801.110333,44,8125.445151
-31693.612661,42,8126.497852
-15125.254821,33,8127.354356
-22413.404322,39,8128.301042
-14863.175497,33,8129.051129
-13680.451185,31,8129.790094
-41810.674255,44,8130.863664
-18927.246028,37,8131.754336
-15430.773353,33,8132.47817
-13559.455495,31,8133.186209
-71023.050054,47,8134.504435
-42030.243627,45,8135.622422
-11142.770473,27,8136.354289
-36662.573538,44,8137.389332
-13970.227062,32,8138.236822
-133832.766223,52,8139.393558
-40357.570517,50,8140.551564
-16209.47526,34,8141.38853
-25908.986596,40,8142.294393
-22645.871822,38,8143.17835
-19947.653375,40,8144.13192
-17439.156662,35,8145.02803
-19280.985427,37,8145.963591
-21579.685629,38,8146.933858
-20079.314716,37,8147.859104
-9455.502644,23,8148.444388
-20882.095729,37,8149.266259
-9402.914984,23,8149.794264
-9652.77051,24,8150.402988
-18545.22022,37,8151.27513
-15387.768586,32,8152.083591
-24346.975851,39,8153.174888
-18201.555236,35,8154.091341
-54482.793784,45,8155.148252
-10725.783031,26,8155.840224
-50010.007574,46,8157.02636
-15283.843144,33,8157.842771
-90938.064297,50,8159.13443
-10055.206365,25,8159.865781
-17938.787464,35,8160.782411
-23187.750686,39,8161.70791
-16285.764025,33,8162.540063
-18696.68554,37,8163.433243
-14194.22845,31,8164.328102
-11950.041061,28,8165.100438
-11870.082037,28,8165.974125
-31832.18808,42,8167.101917
-15948.572557,34,8167.951235
-35174.787953,42,8169.000964
-9353.597873,23,8169.560734
-26546.908731,41,8170.533708
-31240.609088,42,8171.502533
-8001.103736,20,8172.02934
-11120.217661,27,8172.68794
-15517.85753,33,8173.59701
-25944.868794,39,8174.586693
-19933.340091,37,8175.552931
-11807.180874,28,8176.285677
-12362.302813,29,8177.053621
-45019.489188,44,8178.186184
-41574.593571,42,8179.191063
-34097.431961,43,8180.243452
-30264.970402,41,8181.28631
-43167.645204,47,8182.373546
-41697.325241,45,8183.474499
-59219.869143,48,8184.606322
-25079.785786,39,8185.487786
-16267.683664,34,8186.323118
-17970.413439,37,8187.385249
-48855.070705,47,8188.60833
-8601.111287,22,8189.137828
-71668.080858,48,8190.253053
-20829.337684,37,8191.176957
-20737.893867,36,8192.055809
-27553.280337,42,8193.080328
-40870.862291,45,8194.175105
-36191.922596,43,8195.260678
-10414.710336,25,8195.815559
-27202.248964,40,8196.713131
-32995.900713,42,8197.746843
-55736.588211,50,8198.994535
-9355.407779,23,8199.571831
-27193.568382,41,8200.675311
-35844.79997,43,8201.770741
-20303.446736,38,8202.697456
-27264.411314,40,8203.669613
-23203.969246,40,8204.66422
-12887.910122,30,8205.477038
-27516.501649,44,8206.574987
-91550.3804,49,8207.802307
-55720.023756,47,8208.976016
-13077.861655,30,8209.663637
-11791.790987,28,8210.376519
-70523.199669,49,8211.624774
-13114.162355,30,8212.353341
-69185.023154,48,8213.534364
-11083.396652,27,8214.247562
-12041.635399,28,8214.883685
-21115.886831,38,8215.764243
-17329.190604,35,8216.590261
-21119.224558,38,8217.554142
-74878.356613,50,8218.831036
-59031.602958,46,8219.831775
-66827.682123,47,8220.837824
-17125.994458,35,8221.618044
-46006.244597,46,8222.94992
-62509.475515,49,8224.090377
-13347.873325,30,8224.782048
-9404.110026,23,8225.340235
-79227.151197,48,8226.522268
-15241.630008,33,8227.418031
-12460.803888,29,8228.127422
-15815.96303,34,8228.96644
-50227.84045,46,8230.081826
-18278.052156,37,8230.943991
-13704.839952,31,8231.743104
-72216.423399,48,8233.214467
-33292.931561,42,8234.268347
-29147.581343,42,8235.274998
-22233.941104,38,8236.130956
-25188.871081,40,8237.032329
-108168.901262,51,8238.218647
-45083.979574,45,8239.288967
-14345.313511,33,8240.140507
-22148.631486,37,8241.021592
-34184.444694,42,8241.999663
-31700.241054,44,8243.105392
-23929.03382,38,8243.958097
-14080.19873,32,8244.850239
-33193.866963,44,8245.985492
-15860.394841,34,8246.801011
-78035.951732,48,8247.926435
-39583.539734,43,8249.000898
-26501.341453,40,8250.008401
-17596.85102,36,8250.895417
-62444.949804,46,8252.030052
-21523.285082,38,8253.010821
-9807.786162,24,8253.621043
-8000.354174,20,8254.123489
-9101.477608,23,8254.625888
-43592.289133,46,8255.939116
-28765.778058,40,8256.945879
-42583.668803,46,8258.044036
-79905.907605,50,8259.281945
-35396.964444,42,8260.392362
-36359.200815,43,8261.552536
-48550.107114,46,8262.738668
-43160.522181,43,8263.840258
-33284.497206,43,8264.894907
-22235.486797,39,8265.933552
-43769.558684,45,8267.038965
-42687.10379,45,8268.09549
-25606.737784,40,8269.082453
-102151.113398,52,8270.262686
-21583.350212,41,8271.246136
-11700.635806,28,8271.930207
-44670.938299,45,8272.976483
-14002.832242,32,8273.813122
-17768.371174,38,8274.82469
-84935.478943,49,8276.10662
-34278.992849,44,8277.176899
-14831.545728,34,8278.063962
-19096.179572,37,8279.046333
-13459.538447,30,8279.756666
-32129.040849,42,8280.771656
-53189.860591,45,8281.80934
-74406.232998,48,8282.966527
-13390.975045,31,8283.763718
-10779.566792,26,8284.420957
-20839.34431,36,8285.325092
-17649.394899,36,8286.192847
-12992.925503,30,8286.957556
-27373.033298,40,8287.995281
-68829.058844,48,8289.18899
-16953.347208,34,8289.995051
-15018.740106,34,8290.942976
-25552.988093,40,8291.931125
-48052.918795,47,8293.076374
-10308.999888,25,8293.670811
-11855.631351,28,8294.396462
-16808.151833,34,8295.288527
-30718.099671,42,8296.300174
-22560.286932,39,8297.260422
-43679.049131,44,8298.280451
-48403.351102,46,8299.358087
-27768.43608,43,8300.408782
-14944.416071,32,8301.189279
-17307.426883,35,8302.028011
-36292.871341,42,8303.058537
-30483.593595,41,8304.065488
-45155.198063,44,8305.130585
-40856.98063,43,8306.155895
-29132.893679,43,8307.259653
-24919.792423,39,8308.196368
-67681.178251,48,8309.355288
-13879.275455,31,8310.150871
-11635.138895,28,8310.834346
-14394.498346,32,8311.662088
-51934.43152,47,8312.845212
-18539.094901,37,8313.728878
-19008.685535,35,8314.611952
-13208.532549,30,8315.258026
-44646.508354,48,8316.604417
-13626.816215,31,8317.365359
-78007.136088,48,8318.613428
-85083.297259,51,8319.951771
-69500.741305,47,8321.139225
-13426.259866,30,8321.900775
-22198.391019,38,8322.815813
-23730.449397,43,8323.913688
-14059.341936,32,8324.692417
-24198.172968,38,8325.707267
-8001.144938,20,8326.247539
-26168.632308,40,8327.241388
-75114.09389,49,8328.491475
-52449.336002,46,8329.608937
-73810.526492,47,8330.721876
-35226.178798,45,8331.827423
-59170.416967,47,8332.997503
-27894.512293,41,8333.859964
-34687.48049,41,8334.72593
-13870.955879,31,8335.424429
-12696.184078,30,8336.125765
-40518.124174,48,8337.193874
-92897.583451,50,8338.451049
-13619.052342,31,8339.180738
-70533.379851,47,8340.278946
-94161.4232,55,8341.582463
-15614.690565,32,8342.424347
-60882.857904,46,8343.683258
-20125.721651,36,8344.501813
-30207.174346,42,8345.468261
-42156.518953,45,8346.595253
-60662.530597,48,8347.692305
-24969.074965,39,8348.622524
-14478.925299,33,8349.386437
-52587.181346,45,8350.469986
-14350.173245,32,8351.293402
-29751.627578,42,8352.338602
-98853.228826,50,8353.575587
-8901.099888,22,8354.164766
-30157.244831,41,8355.180731
-70789.008617,48,8356.305205
-15759.825643,33,8357.030874
-55230.521739,46,8358.179266
-33771.691513,42,8359.199018
-28673.268256,41,8360.185675
-54341.65843,45,8361.319905
-17443.594638,35,8362.185761
-23842.216287,40,8363.221299
-22304.802997,38,8364.17753
-34285.219305,41,8365.174879
-10415.917006,25,8365.761832
-60262.998865,47,8366.898728
-58799.158429,47,8368.183627
-11854.036028,28,8368.897235
-36013.88278,43,8369.969458
-24066.927922,39,8371.036908
-17787.126034,35,8371.925269
-14050.956881,32,8372.633961
-15182.487913,33,8373.375357
-49397.315713,47,8374.429155
-14620.582037,32,8375.193928
-28453.197305,41,8376.275707
-10415.268935,25,8376.849311
-20281.18617,37,8377.845754
-70318.418653,50,8379.016439
-15464.342569,33,8379.729311
-39914.241084,43,8380.743478
-77447.788301,50,8382.195146
-14659.458248,31,8382.933814
-77573.854334,47,8384.091109
-9503.76093,23,8384.644655
-59811.56674,47,8385.816444
-86935.091309,50,8387.07513
-27945.756669,39,8388.070419
-44482.446714,44,8389.124953
-83269.498208,48,8390.261392
-45010.116,46,8391.516607
-14789.585833,33,8392.410343
-15593.638719,33,8393.159769
-53747.825981,45,8394.274596
-121149.134143,52,8395.540653
-12944.926117,30,8396.246334
-94470.117917,49,8397.369889
-39167.008679,43,8398.432118
-19337.815131,37,8399.377643
-25685.549161,39,8400.35525
-116160.996034,51,8401.613502
-34804.69689,42,8402.705549
-62984.685858,48,8404.011907
-20679.215073,37,8405.009744
-13580.291247,31,8405.791833
-14350.95108,32,8406.465526
-16377.390977,34,8407.199765
-36831.511256,43,8408.216621
-12782.349115,30,8409.048121
-30369.996232,41,8410.083873
-32047.854976,43,8411.194478
-110877.760414,55,8412.543469
-18893.756703,36,8413.534784
-17884.643393,36,8414.441232
-8001.206294,20,8414.898627
-23547.495097,39,8415.975501
-32492.260201,40,8417.016786
-15744.871752,33,8417.771045
-80843.804335,49,8419.012033
-30003.736487,40,8420.078336
-86283.566853,49,8421.329897
-28468.773249,40,8422.30215
-23505.967976,39,8423.281881
-14834.427973,33,8424.071303
-12144.099227,29,8424.750453
-9804.566352,24,8425.330702
-94550.837883,49,8426.522626
-56547.771422,48,8427.654882
-78657.725851,48,8428.813169
-32988.139141,41,8429.796458
-31887.089339,42,8430.98919
-44148.175927,45,8432.206155
-12852.220467,30,8432.958416
-42642.096977,44,8434.04705
-42083.437429,44,8435.123686
-19397.190598,37,8436.07171
-18673.206997,35,8437.099069
-43650.439882,45,8438.191337
-14266.779849,31,8438.997497
-14215.153691,31,8439.704512
-61268.669231,47,8440.95487
-54037.443245,45,8442.07298
-49581.449067,46,8443.213013
-9052.326148,23,8443.835286
-44418.449945,48,8445.059955
-50724.714535,46,8446.219262
-47403.604474,46,8447.360604
-53102.982645,47,8448.590614
-60584.697641,47,8449.769482
-82877.810766,48,8450.868952
-40194.28434,44,8451.989737
-44856.256459,46,8453.09125
-45988.03086,48,8454.252608
-13502.68575,31,8455.018705
-132702.363924,52,8456.2797
-21269.826064,39,8457.260577
-17408.333468,35,8458.134023
-40655.600763,45,8459.354043
-42677.959344,44,8460.450622
-23480.713523,39,8461.406469
-14822.614986,32,8462.229831
-89430.690002,49,8463.43265
-11689.383312,28,8464.14654
-26043.261523,46,8465.366958
-32951.914016,43,8466.508613
-14123.242258,31,8467.284297
-10522.078539,25,8467.932487
-20614.021897,38,8468.849401
-34019.361338,43,8469.857905
-41369.682479,45,8470.995401
-50548.535067,48,8472.217784
-16819.236017,34,8473.078674
-122695.80178,50,8474.41723
-21122.834273,38,8475.357292
-8000.451753,20,8475.883829
-15683.784297,34,8476.701588
-18989.106356,37,8477.650994
-13041.020734,30,8478.470268
-14550.774544,33,8479.362962
-16656.476646,33,8480.224222
-30697.460593,40,8481.269981
-10359.49354,25,8481.860056
-25275.878668,40,8482.817821
-17265.707237,35,8483.692661
-21751.905142,41,8484.6489
-16673.433913,34,8485.562306
-57084.063745,46,8486.743092
-13280.522274,31,8487.55382
-8000.503523,20,8488.059771
-10464.827695,25,8488.682967
-38216.455077,44,8489.793419
-12108.582371,29,8490.50522
-21603.051337,38,8491.398453
-20230.838447,37,8492.31866
-37512.279328,43,8493.424535
-36655.157412,42,8494.41611
-25029.21028,39,8495.3095
-11187.956199,27,8496.049998
-20715.306543,38,8496.961078
-14330.881581,32,8497.878469
-11846.676037,28,8498.549251
-25006.347102,41,8499.602497
-60331.754397,45,8500.725614
-28155.675027,41,8501.81035
-82521.516471,49,8503.218795
-46843.216165,44,8504.360659
-34033.897321,42,8505.343732
-8000.872422,20,8505.863812
-36460.559947,44,8506.955715
-120379.115049,50,8508.184156
-12242.412583,29,8508.953726
-69424.927768,48,8510.163009
-23965.846426,39,8511.072814
-22029.695165,38,8511.989722
-24303.688231,39,8512.91721
-8801.657728,22,8513.490052
-18198.443374,36,8514.507528
-81369.650745,51,8515.757061
-27277.634563,39,8516.730789
-45252.919722,47,8517.936913
-39568.781726,44,8519.044426
-53419.94357,47,8520.206856
-59405.906197,50,8521.502137
-37394.760963,43,8522.617437
-76251.264224,48,8523.884199
-53724.901696,46,8525.061669
-14478.954486,32,8525.80733
-18401.414723,36,8526.680891
-25450.757622,39,8527.687862
-36399.988535,45,8528.815102
-12443.956391,29,8529.571138
-83628.903493,48,8530.779832
-9506.136068,23,8531.362966
-11399.213505,27,8532.028717
-48873.056016,45,8533.233836
-23594.739449,39,8534.171775
-56120.132433,45,8535.364004
-17816.460665,35,8536.205891
-14930.430319,33,8537.054365
-31503.325351,45,8538.145432
-10101.945492,25,8538.797462
-36393.939478,42,8539.878235
-73502.067463,49,8541.137994
-40594.849434,43,8542.233924
-31608.378694,41,8543.267463
-31004.987304,43,8544.287711
-19271.100331,37,8545.197099
-15236.834185,33,8546.063327
-14556.077959,32,8546.761933
-36319.671513,42,8547.699362
-25986.562253,40,8548.573596
-26183.059345,39,8549.469296
-65121.131683,47,8550.591453
-18492.18614,36,8551.44542
-10564.375767,26,8552.062808
-8000.579635,20,8552.5278
-49431.149183,44,8553.562837
-10563.862391,26,8554.20577
-65756.291856,48,8555.668028
-17363.15809,35,8556.591489
-63050.213116,47,8557.673088
-63534.061548,48,8558.887354
-23992.440938,39,8559.81633
-16531.031719,35,8560.773957
-10518.962907,25,8561.461452
-18856.847313,37,8562.435847
-74057.172574,48,8563.657534
-66049.843433,48,8564.89209
-22625.146527,42,8566.051198
-66236.254275,48,8567.260454
-23762.508664,39,8568.258729
-23719.449968,39,8569.299547
-18084.538768,34,8570.21934
-16751.949576,35,8571.060922
-17125.127896,35,8571.831055
-30889.07802,42,8572.845677
-62688.914482,47,8573.988625
-73927.962795,57,8575.490077
-44247.123157,43,8576.546866
-17150.14606,38,8577.546174
-14234.482697,31,8578.328595
-36507.28678,44,8579.427838
-14155.782803,32,8580.163671
-10955.809201,26,8580.749777
-29958.896187,42,8581.700994
-61338.194561,48,8582.909048
-52066.411568,49,8584.198788
-50954.70361,46,8585.40559
-27043.726947,40,8586.396255
-15434.293813,34,8587.122288
-20091.812577,37,8587.916895
-63090.13403,47,8589.168039
-39379.799224,44,8590.300356
-21483.781423,39,8591.21088
-10829.349041,26,8591.831718
-12919.752671,30,8592.506565
-24344.932529,38,8593.390926
-15995.675432,35,8594.339979
-11329.957014,27,8594.983355
-31356.327138,43,8595.98834
-45068.396839,43,8596.988724
-60091.209752,46,8598.125739
-13239.532616,30,8598.84358
-26295.048446,40,8599.839132
-16569.870091,35,8600.696942
-13165.868071,30,8601.4625
-10822.567395,26,8602.072228
-55773.926486,46,8603.193086
-14062.075167,31,8603.936231
-17834.581179,35,8604.774345
-30181.714443,41,8605.78799
-17549.361654,38,8606.713864
-14780.093162,32,8607.499644
-10005.182426,24,8608.102346
-22321.441391,39,8609.053268
-12926.524427,30,8609.739629
-19118.149464,37,8610.657039
-40319.035533,44,8611.717797
-8000.822773,20,8612.237963
-14123.555982,31,8612.972704
-47561.125078,45,8614.127467
-13128.436093,30,8614.866857
-21555.377682,39,8615.774126
-53881.6151,50,8616.93341
-19694.706872,39,8617.823403
-30745.437173,44,8618.82936
-13336.177879,30,8619.574013
-24378.979583,40,8620.545573
-43740.775555,45,8621.800863
-132529.062309,52,8623.037846
-14052.358871,31,8623.832689
-11066.92118,27,8624.513437
-15009.871387,33,8625.466723
-29406.316794,40,8626.518132
-9707.641872,24,8627.078701
-95508.569009,50,8628.225026
-13049.182576,30,8629.015313
-12349.731155,29,8629.710803
-31152.979979,41,8630.802417
-62086.942896,46,8631.945779
-10417.232998,25,8632.542718
-8850.775473,22,8633.087569
-31290.059038,41,8634.11401
-15245.723972,33,8634.897645
-24273.03389,39,8635.96026
-28714.870258,42,8637.066847
-63046.140385,48,8638.210835
-24926.423752,40,8639.180302
-78697.401939,55,8640.402033
-105334.472887,51,8641.722831
-22311.91443,38,8642.732436
-21313.134405,37,8643.639859
-14019.861764,32,8644.498742
-24967.232616,39,8645.434538
-34857.376848,42,8646.453511
-47891.85166,45,8647.57222
-42634.908653,44,8648.636483
-19841.421179,36,8649.49969
-24596.891791,39,8650.517974
-37279.140209,45,8651.679935
-11254.523633,27,8652.336432
-36634.557374,45,8653.450434
-37004.061669,42,8654.460814
-67044.368322,48,8655.695747
-15672.014842,33,8656.471535
-81103.994486,52,8657.861974
-78387.304068,52,8659.259297
-79281.254657,49,8660.484116
-15071.007312,32,8661.264248
-55096.516814,47,8662.437423
-46795.169789,44,8663.576277
-37416.674294,43,8664.624477
-18752.813108,36,8665.566514
-23108.914757,39,8666.465535
-20644.141574,37,8667.423558
-17212.844009,34,8668.253765
-9604.646737,24,8668.850764
-9253.334828,23,8669.400756
-28331.210601,41,8670.464267
-17258.821803,34,8671.286051
-45191.838105,45,8672.474345
-14596.008186,32,8673.250941
-14701.734879,32,8674.028589
-104917.199204,51,8675.340933
-14933.958188,33,8676.11644
-19322.906418,36,8676.944987
-36810.30551,45,8677.939529
-15272.691335,32,8678.694288
-15749.913413,34,8679.516745
-18016.033702,38,8680.444401
-10924.413763,26,8681.077119
-21061.671741,38,8681.982792
-14715.119631,32,8682.719473
-14893.781625,33,8683.608691
-52381.842335,47,8684.744166
-51674.361852,47,8685.790931
-14404.603254,31,8686.504266
-15853.636951,34,8687.317384
-9352.052239,23,8687.873205
-18113.369481,35,8688.787524
-15217.332593,33,8689.57229
-14563.921883,33,8690.496378
-14076.546469,31,8691.286967
-59215.863504,47,8692.4286
-23689.927109,38,8693.391132
-14854.57694,32,8694.245276
-36887.92825,42,8695.290558
-9667.33559,24,8695.888035
-37744.051026,42,8697.015953
-34753.967422,41,8698.066897
-20627.994877,37,8698.971746
-48813.910539,50,8700.12061
-32390.81737,41,8701.158386
-13167.106185,30,8701.847432
-72467.94147,46,8702.994662
-14278.309387,31,8703.773078
-57466.942373,46,8704.937943
-88189.666509,50,8706.279584
-13786.566357,31,8707.069217
-12274.780881,29,8707.719513
-12202.895805,29,8708.407078
-34542.735637,42,8709.423974
-22300.465259,38,8710.329692
-29364.604629,42,8711.293873
-29822.847755,42,8712.383862
-24455.509589,40,8713.269664
-40594.330437,44,8714.410819
-36206.783704,42,8715.513315
-24476.330161,39,8716.516881
-21392.955709,38,8717.377905
-27638.73738,40,8718.315605
-18918.693688,36,8719.147396
-37618.707242,44,8720.143071
-100307.57181,51,8721.301465
-19785.215177,37,8722.143727
-91576.87342,50,8723.507185
-14529.984227,32,8724.255907
-23500.319901,39,8725.179159
-95488.048504,51,8726.442622
-29773.43595,40,8727.520634
-30500.164718,42,8728.614236
-21299.139663,38,8729.550821
-11693.017446,28,8730.258282
-14397.344935,32,8731.142169
-26930.027194,40,8732.115198
-76168.502768,51,8733.461387
-16992.930027,34,8734.356837
-19721.707867,36,8735.21084
-10480.774826,25,8735.81159
-63030.274438,47,8737.014808
-26892.294134,41,8738.036304
-15504.166719,34,8738.913736
-19574.361949,37,8739.893962
-22720.126064,39,8740.896907
-118176.021807,51,8742.209015
-58777.079536,50,8743.461596
-103807.236149,51,8744.659804
-13365.87219,30,8745.306601
-25315.497774,40,8746.38035
-8650.808157,22,8746.93171
-36120.377622,44,8790.846481
-23118.132463,39,8791.823305
-16825.716988,34,8792.69531
-81616.284073,49,8793.983316
-26441.993103,41,8795.13752
-30272.423582,43,8796.283137
-91036.572034,48,8797.516963
-102232.949518,50,8798.908578
-36413.017464,42,8800.040112
-25381.812182,40,8801.061152
-34062.362075,41,8802.16353
-20182.294754,37,8803.157906
-9704.58962,24,8803.78307
-108862.724076,52,8805.160907
-30773.522383,42,8806.174742
-62084.45163,47,8807.463605
-8000.071878,20,8807.949087
-12407.504123,29,8808.651263
-15666.270564,33,8809.454095
-15139.030199,33,8810.268763
-8851.760569,22,8810.836941
-22435.834716,38,8811.828939
-16200.07388,33,8812.693496
-26220.382496,40,8813.648417
-8652.321918,22,8814.225929
-56068.66547,45,8815.38878
-33303.887044,44,8816.398524
-9404.367659,23,8816.956334
-22950.606396,38,8817.825991
-109813.229836,51,8818.99818
-38546.417797,44,8820.123249
-14762.204943,33,8820.958317
-20229.586507,38,8821.970846
-23166.681497,39,8822.923945
-27226.883476,40,8823.896661
-36746.251386,43,8825.031224
-13354.659122,30,8825.793005
-15751.849932,34,8826.740638
-28233.893534,41,8827.748485
-35016.292977,44,8828.754377
-32278.229386,42,8829.932549
-20316.072213,39,8830.861103
-19442.674183,37,8831.714769
-63273.330018,46,8832.869072
-14111.325214,31,8833.709004
-31000.040307,42,8834.753616
-48667.309782,46,8835.918163
-31302.078654,43,8836.905191
-12232.812078,29,8837.6322
-13557.233474,31,8838.445675
-17201.023372,34,8839.231511
-38719.451801,44,8840.272238
-110093.065234,49,8841.494556
-14792.97148,32,8842.29572
-53955.1226,47,8843.506215
-22162.209607,38,8844.439542
-13961.197476,32,8845.225124
-17344.380268,35,8846.114281
-83991.723228,52,8847.340997
-13001.319979,30,8848.040662
-12583.947288,29,8848.707911
-12621.552125,29,8849.449167
-41916.369987,43,8850.497712
-26010.596594,39,8851.482862
-30952.505567,40,8852.451229
-72582.507238,48,8853.781982
-48205.091841,46,8854.919149
-12911.709298,30,8855.669504
-18440.530083,35,8856.511288
-44086.755407,45,8857.553529
-17349.96205,35,8858.442379
-35969.868562,42,8859.470999
-74675.859556,48,8860.663229
-28933.377268,41,8861.60151
-33169.553096,41,8862.529461
-20341.457919,39,8863.483593
-16926.251906,35,8864.406072
-93609.848001,50,8865.671546
-46030.1003,46,8866.908036
-10313.460938,25,8867.496702
-53927.270018,45,8868.544403
-22389.581882,39,8869.456422
-9707.032932,24,8870.028976
-8000.062935,20,8870.486924
-14605.283222,33,8871.286988
-61805.739345,46,8872.345205
-9704.942718,24,8872.896295
-15286.402308,33,8873.757743
-41817.743871,46,8874.934919
-66795.517299,53,8876.288616
-30186.314058,40,8877.20754
-35013.593049,42,8878.238645
-13854.015659,31,8878.996498
-17638.424902,35,8879.757261
-36411.448723,42,8880.705336
-20676.160681,38,8881.606487
-39713.973424,43,8882.657512
-67386.20668,48,8883.824709
-15299.943962,33,8884.640903
-93394.013374,50,8885.873058
-19238.714487,41,8886.985451
-15951.090728,35,8887.868108
-18332.098578,35,8888.721606
-13464.915694,30,8889.431865
-51042.307905,45,8890.565121
-81027.836615,47,8891.748244
-12415.418768,29,8892.460591
-34587.225981,42,8893.514789
-19253.298003,36,8894.365315
-91871.047689,49,8895.592641
-13239.834032,30,8896.326126
-13586.94073,31,8897.068485
-16139.607091,34,8897.918004
-10823.317131,26,8898.537353
-18544.620411,36,8899.473168
-17834.775981,35,8900.393213
-13587.230412,31,8901.138988
-13053.545764,30,8901.940461
-8000.59092,20,8902.423317
-36166.447579,44,8903.499235
-26519.757984,39,8904.529211
-65376.636746,46,8905.864094
-12083.303365,28,8906.56841
-15974.511466,35,8907.356675
-53006.677318,48,8908.427223
-9002.269353,22,8908.96403
-14931.026344,34,8909.782234
-40509.368136,44,8910.92606
-60078.323743,47,8911.996712
-13523.507471,30,8912.671347
-35207.013123,44,8913.679533
-19178.87487,36,8914.466478
-14930.507267,33,8915.258008
-16196.792072,34,8916.046504
-21534.179852,38,8917.008657
-20152.654879,37,8918.019483
-14403.743523,31,8918.780771
-15067.202878,33,8919.63597
-10582.792309,26,8920.292393
-28135.057484,41,8921.248891
-19917.745299,38,8922.177625
-61535.278152,47,8923.231632
-28789.774192,41,8924.220973
-10312.207673,25,8924.822939
-18780.367923,36,8925.720028
-9152.054306,23,8926.243084
-19876.844432,37,8927.095135
-38654.858595,44,8928.164977
-22341.169912,39,8929.127378
-31545.683352,41,8930.128561
-23088.073894,38,8931.111807
-24463.246819,38,8932.113224
-8000.200314,20,8932.5966
-26794.038862,42,8933.665644
-36675.073177,45,8934.732307
-31068.874653,42,8935.798534
-35538.796507,44,8936.981232
-14979.597231,33,8937.820913
-20396.933144,37,8938.73869
-18108.546683,35,8939.66993
-16193.170682,34,8940.51053
-11918.810278,28,8941.185483
-23289.855052,38,8942.149793
-14067.620045,32,8942.964292
-10944.460661,26,8943.583394
-35238.25912,42,8944.636757
-57448.210351,47,8945.898644
-33224.62601,44,8946.926414
-26183.46031,40,8948.027939
-13414.406494,31,8948.755528
-8001.09132,20,8949.255064
-37297.467708,44,8950.360503
-110792.621011,52,8951.648736
-56491.241522,46,8952.801664
-20703.592727,37,8953.857401
-21440.098363,37,8954.719529
-27989.456291,41,8955.713799
-25593.899341,39,8956.70692
-22033.972168,38,8957.651945
-13193.916023,30,8958.450109
-34240.485476,45,8959.542264
-67608.087701,46,8960.67059
-52922.407323,48,8961.900736
-21766.168864,38,8962.85264
-23742.970058,38,8963.827732
-24352.62119,39,8964.889477
-10892.593326,26,8965.566643
-72509.056248,50,8966.905823
-30237.025571,42,8968.05758
-16347.526342,34,8968.855483
-31853.230156,41,8969.834069
-47828.64241,47,8971.016366
-14550.105392,32,8971.80387
-67631.213531,50,8973.167814
-11401.599948,27,8973.909898
-75119.074079,48,8975.080381
-23682.441034,39,8976.090059
-31813.896123,42,8977.024906
-16084.53058,34,8977.877246
-19218.078741,37,8978.775939
-34357.076112,44,8979.867731
-30252.497809,42,8980.830755
-22498.828209,38,8981.749101
-36742.157302,43,8982.820233
-17219.45612,37,8983.750294
-34038.679075,44,8984.879877
-28637.848126,40,8985.89278
-39946.950746,43,8986.917172
-108201.085013,50,8988.143594
-17721.699214,35,8989.032333
-58174.901804,47,8990.197293
-17370.227578,35,8991.064255
-23189.894463,39,8991.957487
-55576.720148,48,8993.164317
-25505.384983,40,8994.173666
-14406.453497,32,8994.968958
-34783.365646,44,8996.132265
-15145.26282,32,8996.944524
-48208.000867,43,8998.03114
-19648.385573,37,8998.930716
-100867.923659,51,9000.189934
-16580.64252,34,9001.088052
-88804.228344,49,9002.362881
-73608.980788,49,9003.68298
-15034.097339,33,9004.497576
-43890.663515,44,9005.53303
-10728.875053,26,9006.245271
-88984.815491,50,9007.468352
-12055.141827,28,9008.196756
-53560.570714,46,9009.263776
-19017.954035,37,9010.118999
-16425.406495,34,9011.007452
-11302.129643,27,9011.693506
-22583.738023,38,9012.664584
-12731.426278,30,9013.359548
-52362.529698,46,9014.593133
-14451.493054,32,9015.419585
-22952.345074,38,9016.396595
-45108.961261,44,9017.474683
-50788.332445,45,9018.617521
-131982.16282,52,9019.935359
-9758.390091,24,9020.477117
-29475.059539,45,9021.572991
-33368.82459,42,9022.694091
-67325.760411,49,9024.050894
-26804.336532,41,9025.0588
-64883.425753,50,9026.324146
-51698.647997,45,9027.553154
-17928.981748,35,9028.456493
-45797.865145,46,9029.699577
-18125.709297,35,9030.655478
-17564.201944,36,9031.527275
-14500.836081,32,9032.328012
-38780.632936,44,9033.343128
-20049.881491,37,9034.346856
-77541.378089,48,9035.581011
-34107.545769,44,9036.69119
-40438.959563,45,9037.962355
-15341.20769,33,9038.851034
-65196.348357,46,9040.16603
-11628.353767,28,9040.857671
-17382.438134,35,9041.783102
-11841.390308,28,9042.488297
-15081.160174,33,9043.279088
-10927.484261,26,9043.853762
-41351.768551,46,9044.950955
-44365.244183,44,9046.090588
-14227.10324,32,9046.898862
-27816.120176,42,9047.908719
-38028.91429,44,9049.050864
-8000.536885,20,9049.538487
-30189.745802,41,9050.54659
-72435.151977,48,9051.639131
-29409.650947,41,9052.768471
-8951.733379,22,9053.311068
-12701.847619,29,9053.935807
-116086.629184,50,9055.117325
-13576.607278,32,9055.827652
-26350.499642,40,9056.754242
-17948.571937,35,9057.540226
-59577.947422,48,9058.707401
-75710.481241,48,9059.787882
-18293.37788,36,9060.624645
-18363.359711,36,9061.52446
-95111.649742,53,9062.830103
-15576.640554,35,9063.686642
-11030.80323,26,9064.293231
-32287.691822,40,9065.253445
-15025.15239,32,9066.032433
-31053.840688,42,9067.06027
-25580.526745,40,9068.045715
-14590.069042,32,9068.76255
-15924.039979,34,9069.638195
-14374.363225,33,9070.437154
-16868.194337,35,9071.335998
-117552.608598,53,9072.676892
-10508.831395,25,9073.315089
-107760.565272,51,9074.465788
-59770.578067,48,9075.611884
-19713.479135,37,9076.582777
-11244.731462,27,9077.216411
-25384.162318,40,9078.077859
-40750.218372,45,9079.127047
-31148.071672,42,9080.075103
-14145.608214,33,9080.880712
-116091.965347,51,9082.123086
-21877.652171,41,9083.190019
-26846.009201,41,9084.188842
-12783.83113,30,9084.938902
-21422.07254,38,9085.83973
-97060.475042,50,9086.880472
-13499.220258,30,9087.504141
-36678.429255,44,9088.541101
-43133.492223,53,9089.947628
-29799.223278,40,9090.811433
-21799.891622,38,9091.679769
-12363.866888,29,9092.333644
-16361.054812,35,9093.11333
-13383.10908,31,9093.890127
-18718.969155,36,9094.71597
-121425.290805,52,9096.024697
-31463.777284,41,9097.172748
-17694.885783,35,9098.04236
-13402.359269,30,9098.69447
-16263.799077,34,9099.505591
-42726.609857,44,9100.622963
-85343.232553,47,9101.995143
-51348.217445,46,9103.189066
-54377.399286,46,9104.302694
-14349.016896,32,9105.082865
-12515.863672,29,9105.725272
-14860.252305,32,9106.599074
-41560.98016,50,9107.885912
-16384.992954,34,9108.656949
-37825.026986,45,9109.685023
-55566.331912,48,9110.871595
-51691.136259,46,9112.063588
-51882.937469,46,9113.225301
-27548.655269,40,9114.272326
-86354.601605,50,9115.507662
-22057.552441,38,9116.339168
-14816.340266,33,9117.137642
-20027.700106,37,9118.023982
-103726.922638,50,9119.256394
-27144.315793,39,9120.160213
-17365.912755,35,9121.056701
-37730.183338,44,9122.166301
-12736.953563,30,9122.809682
-10920.145059,26,9123.478283
-15797.08361,33,9124.250948
-50629.059318,47,9125.319571
-84865.911577,50,9126.605833
-23770.826963,40,9127.638011
-60391.630471,45,9128.822958
-36065.493648,43,9129.986909
-23284.101582,40,9131.03533
-14908.470542,32,9131.774551
-68164.053663,53,9133.151172
-15679.580691,33,9133.929201
-19011.789483,36,9134.808614
-26260.690999,41,9135.82005
-56063.110666,47,9137.047422
-19223.912153,38,9138.051474
-17154.037196,35,9139.129303
-38707.447811,43,9140.132046
-12898.363627,30,9140.795194
-95997.089217,50,9141.991452
-19035.721631,37,9142.836499
-10624.712726,26,9143.500923
-58639.416864,47,9144.680185
-23429.281212,39,9145.747974
-144312.722594,53,9147.197985
-20723.5311,37,9148.09932
-39802.864311,45,9149.146043
-40643.480097,45,9150.20015
-23341.28872,39,9151.170588
-12201.739187,29,9151.89133
-29081.403417,41,9152.896125
-19076.021986,36,9153.699695
-50450.352591,45,9154.740778
-14941.927604,33,9155.551634
-102750.581636,51,9156.750362
-83705.896993,49,9157.962404
-30448.389276,41,9159.011854
-49944.4053,46,9160.171929
-86091.75959,48,9161.341432
-16624.611772,35,9162.16551
-13608.018108,32,9162.896915
-57016.221655,50,9164.197989
-13091.232801,30,9164.954752
-35919.344623,42,9166.052319
-30431.59454,43,9167.170801
-45617.068738,47,9168.257999
-59177.294201,46,9169.426985
-28820.642466,40,9170.431321
-22331.246128,39,9171.460531
-10928.282724,26,9172.091848
-11725.413277,28,9172.916436
-11961.56232,28,9173.594688
-51029.042205,45,9174.860218
-24010.517952,38,9175.818973
-22471.351414,41,9176.923887
-40327.746766,45,9178.112962
-9254.192043,23,9178.646553
-22711.587311,38,9179.609603
-80785.148061,51,9180.816653
-15869.93851,33,9181.634875
-79025.063437,50,9182.830079
-54402.156236,46,9183.943043
-21152.276911,38,9184.764949
-57403.205962,47,9185.871106
-15629.58514,35,9186.677301
-78912.884656,49,9187.929229
-66055.489381,47,9189.109423
-39593.883708,43,9190.23804
-43873.001186,44,9191.268241
-12627.365642,29,9191.964887
-48408.472186,46,9193.026651
-18237.914565,36,9193.925275
-44904.81335,44,9194.996584
-23570.927825,40,9195.996551
-53307.489,48,9197.176807
-21240.115477,38,9198.052428
-14564.458905,32,9198.851733
-16508.321371,34,9199.687888
-11830.089816,28,9200.351644
-17160.741378,34,9201.21912
-57777.746314,46,9202.363521
-12787.756838,30,9203.089716
-30279.325123,40,9204.121328
-31618.3159,41,9205.046752
-11020.632225,26,9205.589782
-26496.681902,40,9206.507783
-49550.842275,43,9207.479204
-16283.155477,36,9208.33374
-11037.533316,26,9208.940238
-14958.031027,33,9209.714071
-26820.100926,40,9210.603628
-10355.071754,25,9211.218027
-17838.910191,36,9212.221806
-38462.820575,43,9213.368529
-32886.158627,43,9214.383243
-16895.047278,35,9215.216627
-14028.593105,31,9215.966765
-24805.59583,39,9216.871346
-13966.015928,31,9217.659247
-49949.909398,46,9218.833095
-26730.544537,39,9219.753196
-22692.304141,39,9220.762385
-8000.431363,20,9221.24787
-21837.168189,39,9222.256568
-12487.882313,29,9222.899888
-8951.369752,22,9223.411553
-30505.050156,41,9224.461444
-51059.208072,45,9225.532215
-63236.640266,47,9226.580427
-9554.009942,24,9227.168333
-102043.917462,51,9228.397645
-11496.529215,27,9229.147268
-32676.549527,43,9230.245197
-11204.940038,27,9231.010029
-27508.552136,42,9232.048959
-47673.831414,45,9233.163437
-17347.933661,35,9233.983063
-72920.052914,49,9235.235079
-49979.820347,47,9236.557285
-13860.636021,31,9237.398096
-23539.160141,39,9238.425303
-23420.810308,38,9239.408696
-8951.842157,22,9239.967236
-105645.482532,50,9241.183181
-13259.079177,30,9241.955783
-13185.999371,30,9242.761521
-11802.935586,28,9243.496733
-32957.08194,42,9244.535215
-23893.473987,39,9245.532897
-28929.160082,40,9246.469155
-78368.040873,49,9247.639343
-25450.397383,40,9248.755183
-15526.885795,33,9249.500746
-12726.623342,30,9250.16467
-49732.879164,44,9251.086713
-16628.55193,35,9251.850111
-54983.559511,47,9252.993078
-13788.983609,32,9253.76533
-18136.073703,37,9254.685136
-28872.58028,41,9255.667531
-15239.791033,33,9256.47445
-10871.129981,26,9257.116301
-23137.456803,39,9258.060164
-69747.065121,52,9259.275927
-16261.489491,33,9260.093216
-42334.851039,45,9261.106157
-19034.721848,36,9262.08774
-13595.140215,30,9262.98166
-10007.476881,24,9263.60644
-34569.690737,42,9264.642117
-39059.650704,44,9265.774676
-68445.053112,49,9267.058541
-28619.597985,41,9268.089724
-64935.416132,49,9269.273448
-9302.17087,23,9269.861871
-11798.416076,28,9270.624492
-86866.180182,49,9271.811117
-14362.172764,31,9272.609479
-16078.496662,34,9273.43897
-56606.227242,47,9274.667528
-55245.367937,48,9275.806143
-43211.681956,47,9276.899082
-74214.534143,48,9278.087141
-16826.066798,34,9278.955572
-13378.569544,31,9279.731549
-13300.276073,31,9280.55922
-62839.479516,52,9281.950935
-40957.537191,46,9283.148381
-14484.817886,32,9283.93511
-36134.806668,44,9285.072834
-11809.545768,28,9285.762284
-14239.216544,31,9286.521655
-48978.30132,44,9287.648614
-23639.803652,39,9288.5384
-19294.524055,36,9289.385234
-142095.616521,53,9290.698606
-17019.440088,37,9291.543549
-9302.674591,23,9292.081764
-28833.653214,41,9293.13254
-10763.513106,26,9293.77809
-12804.635579,30,9294.648645
-40784.28115,44,9295.757125
-63874.082266,50,9296.984727
-23524.397658,42,9298.018866
-17197.10125,35,9298.864608
-15842.479492,33,9299.597587
-30904.662817,44,9300.597366
-51468.195023,45,9301.576724
-23977.715161,40,9302.483704
-18088.517479,35,9303.421681
-17832.932008,35,9304.215503
-41853.018922,44,9305.425807
-89732.679843,49,9306.54795
-95417.287087,52,9307.804356
-24483.802929,40,9308.750028
-85455.342341,49,9310.000954
-20551.958662,38,9310.916603
-11799.670393,28,9311.641094
-13912.708959,32,9312.426529
-14201.378591,32,9313.261705
-13178.955869,31,9314.129162
-37454.411547,42,9315.18949
-10312.631952,25,9315.786984
-21954.250803,39,9316.773237
-104315.854535,50,9317.954526
-20146.438544,38,9318.958889
-8701.317924,22,9319.458962
-24089.889893,39,9320.378119
-17363.521087,34,9321.173237
-13729.137525,31,9321.918527
-25524.988313,40,9322.897572
-30125.106048,41,9323.80342
-11132.665407,27,9324.438895
-70674.36122,49,9325.637101
-86912.371694,49,9326.869127
-64194.613641,47,9327.975477
-16414.665551,34,9328.761751
-35003.141653,42,9329.816885
-29007.201968,40,9330.711531
-96784.343883,49,9331.800664
-47230.995564,45,9332.794262
-30466.845508,41,9333.782176
-18477.376001,36,9334.647036
-47000.733713,46,9335.702814
-14736.344949,32,9336.422376
-13255.813587,31,9337.167516
-14863.839919,33,9337.975706
-20943.110037,38,9338.881999
-21706.003803,38,9339.844956
-26837.697707,38,9341.030421
-21934.854286,39,9342.00085
-53941.117365,48,9343.106665
-40098.827136,44,9344.194876
-52634.599288,47,9345.418844
-26110.845006,40,9346.386115
-24267.08415,40,9347.429331
-15265.937015,34,9348.236542
-25371.553904,41,9349.239654
-8000.178069,20,9349.611139
-29973.15642,42,9350.620132
-35191.547157,42,9351.710392
-33900.784288,43,9352.745717
-108118.058167,50,9354.003136
-21788.250039,39,9354.998077
-16009.60385,34,9355.80764
-14859.991942,33,9356.638245
-25094.998795,41,9357.583517
-21379.944291,38,9358.497272
-14985.145582,33,9359.320633
-26611.777411,41,9360.335961
-109707.880546,50,9361.473336
-16282.88411,33,9362.244978
-19722.963521,37,9363.0886
-17587.528245,34,9363.893985
-9403.646093,23,9364.434442
-10360.027874,25,9365.039726
-50247.25391,46,9366.217102
-68760.426716,49,9367.369609
-56568.811549,49,9368.523525
-25908.963602,40,9369.597796
-34829.708036,44,9370.842505
-25967.487632,39,9371.76755
-10156.699241,25,9372.36892
-13120.150865,30,9373.019017
-15995.284096,33,9373.722213
-14757.547623,33,9374.452321
-14597.795276,32,9375.218839
-22725.720322,38,9376.407137
-38786.843259,43,9377.539649
-17771.591577,34,9378.319179
-15296.741771,33,9379.142849
-22561.815306,37,9380.004962
-31173.682908,42,9380.973912
-31172.747113,43,9382.183547
-22908.358274,39,9383.115044
-10794.646382,26,9383.756615
-144185.10779,53,9385.062993
-65016.98745,47,9386.397459
-17541.749461,34,9387.25015
-31973.421537,42,9388.279423
-30679.181714,41,9389.297028
-13006.449171,30,9389.953547
-63362.260509,47,9391.052747
-38231.667086,43,9392.054837
-46848.476012,45,9393.219236
-64034.44103,48,9394.403118
-26191.443837,39,9395.389742
-82604.599156,49,9396.569433
-19738.455441,40,9397.499731
-50670.591067,45,9398.71683
-12307.144579,29,9399.434432
-62034.20153,47,9400.660856
-21610.053479,38,9401.6782
-20534.16135,39,9402.593602
-17676.367706,35,9403.457992
-23625.285648,38,9404.370468
-20873.111363,38,9405.304544
-87568.353892,48,9406.502798
-52197.750456,45,9407.616482
-55884.497145,46,9408.870285
-8651.072421,22,9409.444865
-20665.445197,38,9410.4252
-36460.426079,43,9411.46927
-49857.657233,44,9412.610231
-17306.436122,35,9413.547214
-15673.142435,34,9414.314401
-26709.167926,41,9415.279837
-18063.306454,36,9416.152259
-17643.789617,35,9417.026094
-13638.533955,30,9417.742741
-112384.944025,52,9419.127777
-37973.708521,44,9420.199177
-39829.234061,43,9421.238279
-13591.238678,31,9422.007946
-116584.591418,52,9423.331605
-43496.184688,45,9424.472629
-135569.988507,53,9425.837634
-10571.549265,26,9426.446458
-75587.69075,50,9427.622207
-11926.976968,28,9428.346009
-16217.697316,34,9429.196308
-27541.144621,41,9430.280031
-11050.648094,26,9430.947059
-50675.871456,46,9432.166974
-9757.553709,24,9432.783612
-11045.555349,26,9433.322172
-15415.642346,33,9434.252304
-15787.699708,33,9435.051835
-27693.141089,41,9436.066104
-33121.463626,42,9437.088314
-10412.339201,25,9437.67398
-23382.540855,38,9438.610112
-14156.715042,31,9439.323699
-21473.526397,37,9440.201585
-45988.826879,45,9441.266707
-26890.349964,40,9442.263268
-16523.801896,34,9443.224546
-62813.501767,46,9444.376256
-11079.32919,27,9445.141159
-73003.498752,54,9446.533887
-28379.05269,41,9447.59152
-8250.618819,21,9448.13768
-15888.737441,34,9448.933498
-13276.875272,30,9449.596097
-46941.476831,44,9450.618927
-55804.261366,45,9451.761917
-12978.484529,30,9452.448263
-15087.664889,32,9453.217461
-10365.283901,25,9453.81951
-93003.242892,50,9455.007477
-20234.152126,38,9456.034096
-12512.449178,29,9456.782709
-22582.462239,38,9457.752469
-18647.908505,35,9458.664856
-26723.792225,41,9459.754555
-19334.082071,36,9460.571543
-17107.083194,35,9461.386708
-14031.248844,31,9462.112527
-85970.687544,48,9463.294141
-39440.792959,43,9464.401788
-33613.220212,42,9465.387102
-12926.496112,30,9466.125489
-25164.090238,40,9467.073353
-18563.302791,36,9467.98669
-117335.420892,51,9469.158323
-31781.027519,43,9470.192049
-48526.25076,45,9471.28807
-37064.142385,51,9472.478133
-75537.622419,50,9473.789425
-54587.861766,47,9474.911777
-35001.46647,42,9475.95547
-15381.543264,33,9476.724801
-107536.368937,52,9478.032697
-37707.15703,43,9479.124971
-47122.031985,46,9480.330143
-14904.936497,33,9481.16867
-14352.273936,33,9482.015215
-24314.667773,39,9483.038861
-33896.791024,43,9484.113813
-17022.458095,34,9485.020216
-25356.123503,39,9485.949212
-11663.959276,28,9486.653275
-37957.591776,43,9487.693603
-10419.842188,25,9488.376243
-28975.09715,42,9489.32176
-16449.749531,34,9490.050676
-45263.388356,44,9491.070706
-87406.675888,51,9492.342647
-41704.430326,46,9493.551789
-14897.597434,33,9494.373412
-67787.236004,47,9495.552472
-36145.340774,43,9496.654366
-15368.084235,34,9497.432294
-16336.414576,34,9498.210796
-25171.218319,42,9499.177083
-16826.638007,35,9500.05723
-14539.033377,32,9500.882381
-15085.386842,32,9501.762928
-13019.082694,30,9502.529654
-47587.808345,45,9503.572943
-13613.40828,31,9504.385679
-22716.889158,42,9505.529747
-51282.952744,45,9506.721974
-121279.471713,53,9508.065208
-15254.498967,33,9508.91923
-15824.753458,33,9509.738208
-18037.312777,36,9510.696957
-38647.168812,43,9511.736576
-29028.480617,41,9512.767071
-63976.378996,47,9513.941047
-56022.128545,46,9515.075502
-63976.45425,47,9516.232231
-32873.314575,42,9517.303773
-13834.943352,31,9518.047978
-14847.31323,33,9518.902971
-16902.463448,35,9519.801945
-25662.328611,45,9520.975331
-19688.990026,37,9521.932727
-17086.738501,34,9522.833097
-13368.335812,30,9523.655822
-18220.497599,36,9524.585068
-35040.647487,43,9525.709115
-42224.719426,44,9526.861361
-56469.469315,46,9528.034586
-23336.73993,40,9529.066863
-20970.231944,38,9530.062485
-123257.843143,52,9531.330891
-9152.798921,23,9531.878864
-39969.511475,44,9532.917338
-61654.142996,47,9534.085998
-21162.972503,38,9534.987167
-13189.708801,31,9535.778004
-83356.811669,50,9537.149545
-14696.297827,32,9537.867961
-33651.143477,43,9538.94485
-13298.08487,31,9539.763354
-17505.126068,34,9540.552297
-72130.22604,50,9541.832162
-14621.34729,32,9542.68984
-10722.51827,26,9543.335773
-129453.124964,53,9544.460435
-11625.985297,28,9545.069269
-141446.250475,54,9546.258579
-12804.950333,29,9546.94648
-12881.983867,30,9547.625478
-13657.647221,30,9548.286194
-14500.29639,33,9549.075269
-18168.505867,36,9549.943479
-15161.364129,33,9550.683398
-20691.725271,41,9551.640704
-40241.035859,45,9552.666363
-54552.95385,48,9553.784223
-58558.532881,48,9554.891206
-36333.88009,43,9555.911459
-12152.422542,29,9556.612657
-50226.06733,47,9557.778192
-19221.624663,37,9558.657215
-12300.450039,29,9559.349449
-18790.598503,36,9560.21702
-13299.563648,30,9560.936951
-17915.705687,36,9561.737246
-13454.935632,31,9562.451161
-16521.472741,34,9563.265468
-17093.886469,36,9564.151042
-14374.144622,32,9564.96304
-18311.820153,39,9565.916482
-47794.66199,46,9567.078361
-20081.89323,36,9567.852258
-14395.801872,32,9568.599893
-127971.745902,53,9569.938492
-16224.490409,34,9570.720502
-13390.995335,31,9571.547762
-11877.471908,28,9572.366776
-79621.955701,50,9573.730709
-14359.840251,32,9574.58025
-22468.254837,39,9575.501598
-15482.897111,33,9576.215256
-56676.695132,46,9577.402114
-14925.557944,33,9578.287651
-12429.807513,29,9579.086151
-13120.27416,31,9579.845296
-8000.192526,20,9580.292461
-123552.446966,53,9581.433264
-19199.70406,36,9582.311892
-32885.790198,41,9583.301654
-19185.327537,42,9584.440423
-73680.954253,48,9585.556246
-15046.952847,32,9586.333817
-9302.542946,23,9586.915835
-26616.392988,40,9587.778864
-14746.950874,33,9588.577032
-12856.5389,30,9589.321281
-113720.840901,50,9590.689677
-34713.177721,42,9591.763246
-31181.079744,42,9592.925925
-8000.513034,20,9593.437266
-28049.482717,43,9594.478831
-57392.736429,46,9595.589318
-26419.53381,40,9596.549325
-108452.181851,50,9597.791457
-40291.620945,45,9598.926573
-14651.742902,32,9599.722638
-13021.394124,30,9600.407187
-18746.298495,36,9601.229914
-52924.943345,45,9602.367258
-29267.810574,41,9603.414557
-36727.132751,43,9604.500193
-23832.955149,38,9605.445981
-145307.800633,53,9606.792098
-40836.744403,44,9607.817496
-31505.235705,42,9608.964058
-15919.669212,33,9609.936561
-13856.606924,31,9611.068578
-20383.292943,37,9612.04607
-12486.610055,29,9612.818828
-24396.227309,39,9613.705117
-51811.385907,45,9614.741546
-41426.472939,44,9615.900573
-10457.903407,25,9616.548243
-15007.466548,34,9617.384744
-15348.800107,33,9618.204978
-15250.596731,33,9619.136122
-16117.887044,34,9619.928982
-20371.310441,38,9620.748792
-11075.440839,27,9621.421108
-12906.661391,30,9622.10477
-37831.108016,44,9623.264406
-73730.648369,49,9624.454246
-31314.180343,42,9625.550632
-13993.196324,31,9626.371681
-77270.312378,48,9627.514708
-17582.511057,35,9628.381568
-34875.348237,43,9629.406228
-9605.05329,24,9630.066111
-15434.09631,35,9630.955735
-12596.411122,29,9631.637982
-27096.760188,41,9632.698603
-81667.713184,49,9633.899614
-18440.28367,36,9634.73217
-91611.784975,49,9635.924122
-37455.423981,43,9636.999714
-35055.71639,42,9637.990347
-32248.176744,41,9638.98798
-23536.160065,39,9639.901788
-94948.203357,51,9641.264114
-37512.524725,43,9642.325597
-13779.487861,31,9643.151541
-43893.85003,45,9644.371673
-15041.631539,32,9645.283472
-45899.139049,44,9646.432968
-19298.501835,37,9647.385668
-14501.439687,32,9648.160399
-20737.585641,37,9649.038726
-42487.500455,43,9650.065264
-18097.126392,35,9650.973425
-51770.355452,45,9652.169705
-13672.252611,31,9652.893997
-12151.821938,28,9653.538528
-15984.713558,33,9654.286835
-69403.094672,49,9655.485462
-62187.671036,46,9656.666725
-35960.258061,45,9657.780725
-13320.92853,31,9658.659255
-59335.191779,46,9659.853569
-22049.855699,38,9660.874455
-33715.18949,42,9661.939847
-16402.700897,36,9662.86385
-19698.995262,38,9663.848318
-72029.03418,48,9664.997579
-15073.826695,33,9665.737577
-41620.883966,46,9666.838623
-13644.693814,31,9667.610788
-16687.897678,37,9668.538442
-13772.464001,31,9669.314127
-20778.20963,39,9670.281725
-13590.929079,32,9671.104383
-22836.06365,38,9672.109864
-12713.18494,30,9672.783472
-16135.031007,34,9673.619316
-12202.914162,29,9674.312456
-9102.890558,23,9674.913946
-24336.029461,39,9675.894056
-67979.107329,47,9677.197754
-11863.424905,28,9677.935141
-12732.419238,29,9678.644032
-94576.757839,49,9679.973247
-21884.089471,39,9680.986948
-13692.915546,31,9681.741919
-60058.668203,46,9682.972156
-15742.1195,33,9683.707696
-29429.451013,41,9684.736707
-23740.121216,40,9685.756904
-35056.854029,46,9686.887011
-63817.04066,47,9688.080743
-136245.929672,54,9689.449055
-25557.229032,42,9690.474203
-18316.290971,35,9691.345572
-90522.39722,50,9692.498095
-9001.750699,22,9693.035863
-25209.232325,40,9694.054354
-11500.336521,27,9694.69907
-63404.850558,50,9696.014808
-19352.803358,37,9696.89266
-29552.076982,41,9697.836418
-13567.858624,31,9698.552069
-20144.074496,37,9699.433393
-16624.305234,34,9700.296602
-17480.606376,36,9701.201297
-17829.144751,39,9702.122124
-26768.893131,40,9703.089763
-23907.287514,40,9704.051357
-8701.604223,22,9704.570974
-89920.817634,49,9705.790738
-48028.703115,45,9706.903828
-32286.442301,42,9708.017158
-12693.103603,29,9708.740854
-18993.922005,41,9709.876457
-109899.407375,52,9711.215988
-30083.884952,41,9712.18195
-12185.874143,29,9712.964856
-57621.764339,47,9714.156634
-21039.436545,38,9715.136635
-17860.654473,35,9715.999046
-8550.913109,22,9716.554862
-23008.62232,40,9717.599808
-27405.02324,40,9718.621816
-16024.035386,34,9719.511984
-106432.170097,50,9720.779574
-24654.563581,39,9721.794362
-15238.90484,33,9722.621562
-12346.742171,29,9723.354102
-38606.610311,43,9724.53069
-14788.253648,32,9725.322698
-14859.263404,32,9726.21448
-35804.781614,43,9727.286127
-15036.577762,33,9728.106051
-52180.154596,45,9729.305462
-60637.080639,49,9730.471874
-29438.29818,40,9731.385136
-92379.923621,50,9732.56533
-13643.905483,31,9733.353831
-12382.494331,29,9734.127747
-15356.940975,33,9734.984114
-12543.026986,29,9735.717125
-38791.151015,45,9736.904091
-18403.687309,35,9737.783078
-15446.02371,35,9738.646356
-19584.872687,36,9739.563905
-46098.677218,52,9740.754037
-14390.790125,33,9741.555653
-11888.687782,28,9742.199627
-39637.139001,43,9743.33601
-77755.825614,48,9744.572103
-18253.562446,36,9745.448788
-25994.167907,41,9746.451284
-15667.760048,33,9747.249469
-13494.874572,30,9748.043948
-13702.576873,31,9748.790941
-42002.150052,46,9749.985295
-40469.27493,45,9751.141767
-14743.938626,33,9752.012552
-76999.408903,49,9753.323132
-18927.155541,36,9754.195966
-37367.494138,43,9755.156465
-43526.574668,44,9756.161092
-37564.090298,44,9757.271253
-43587.219177,44,9758.322804
-18546.10814,36,9759.231803
-23192.841577,40,9760.230812
-40450.260473,44,9761.350963
-39945.992131,44,9762.502606
-42959.327339,48,9763.668444
-38842.006628,46,9764.762308
-22706.770456,40,9765.688412
-67870.085312,48,9767.046489
-98399.524125,50,9768.272295
-22482.412114,38,9769.212014
-29988.203593,41,9770.277531
-30225.80422,41,9771.346702
-23147.653988,38,9772.378586
-60964.844146,50,9773.604999
-102497.914225,51,9775.030374
-23112.896661,38,9776.05123
-11560.725219,27,9776.725988
-23927.531998,39,9777.714929
-9707.366132,24,9778.300619
-16993.23666,37,9779.219501
-122740.786065,52,9780.502783
-11304.958723,27,9781.29442
-77879.223851,49,9782.535544
-13123.184159,30,9783.298924
-55281.713484,46,9784.445995
-28696.862114,41,9785.446657
-70145.295082,49,9786.667184
-35830.710673,44,9787.730589
-14490.335583,33,9788.527379
-50574.053847,46,9789.631981
-32885.091062,43,9790.686306
-54050.065986,47,9791.771321
-41884.540657,45,9792.835527
-11781.788828,28,9793.551185
-53328.770278,46,9794.634849
-28551.219637,41,9795.723783
-25993.50813,39,9796.674614
-57839.466232,47,9797.83215
-13796.05041,31,9798.532953
-109920.868532,51,9799.769288
-37598.58847,44,9800.896025
-42461.272614,46,9802.115463
-16048.053206,34,9802.869547
-47565.793076,46,9804.018834
-15510.295392,35,9804.854015
-24873.365825,41,9805.902406
-97254.557146,51,9807.027995
-14446.339156,32,9807.736981
-82181.728493,47,9808.862075
-85054.280482,52,9810.271497
-18591.130349,36,9811.116849
-46046.686606,48,9812.219862
-64276.38054,49,9813.399001
-74126.375406,50,9814.560312
-14431.004981,32,9815.367953
-28372.672706,40,9816.338394
-83898.409678,49,9817.543911
-29759.512281,42,9818.51371
-14346.197499,32,9819.273449
-13114.901095,30,9819.97891
-25977.577708,40,9820.946915
-71802.294475,48,9822.116325
-13007.581184,30,9822.782268
-20232.012416,37,9823.592933
-107344.904249,51,9824.944883
-11141.516934,27,9825.589745
-13930.78229,31,9826.35561
-37891.254402,42,9827.353839
-60933.18363,47,9828.481585
-11553.620388,27,9829.13721
-43795.84252,45,9830.19671
-64929.058184,48,9831.379278
-79410.076743,49,9832.511918
-16782.534529,34,9833.34819
-29816.27292,40,9834.32743
-20757.289304,38,9835.269596
-71859.908219,47,9836.419007
-70275.543768,47,9837.620784
-12986.927207,30,9838.374914
-35130.277617,44,9839.441052
-43153.128074,43,9840.42178
-46841.321586,44,9841.6535
-44885.438193,44,9842.966556
-13032.81122,30,9843.719442
-34666.250368,41,9844.665486
-84820.678783,50,9845.78473
-64776.147853,48,9846.89825
-20523.960638,36,9847.854703
-103830.370256,52,9849.199011
-42314.497732,44,9850.33393
-84545.576776,48,9851.478286
-25940.952365,39,9852.469382
-28761.656895,42,9853.540277
-8951.774341,22,9854.106918
-40125.434001,44,9855.226225
-24993.364586,39,9856.205691
-24742.816569,39,9857.130059
-94550.929645,50,9858.390469
-96967.223252,51,9859.766902
-40056.119536,44,9860.914064
-12198.93782,29,9861.777352
-55894.548297,47,9862.946543
-52150.873351,48,9864.091524
-44076.839382,44,9865.23145
-11449.925484,27,9865.88739
-32326.142902,41,9866.826252
-28469.796788,42,9868.002772
-15963.267388,34,9869.141637
-65510.189194,48,9870.719107
-47801.884963,46,9871.986263
-14378.112567,32,9872.819045
-39622.58865,44,9873.927771
-16889.31506,34,9874.780995
-18360.309681,36,9875.593739
-39489.385867,44,9876.832888
-12876.672443,30,9877.506323
-72627.502612,48,9878.642022
-19205.691966,36,9879.467365
-13830.324661,31,9880.255304
-38122.451974,44,9881.324292
-9803.21374,24,9881.963334
-23027.594402,39,9883.013204
-11661.085173,28,9883.748625
-14907.007684,32,9884.527472
-48268.917752,47,9885.746392
-22651.052486,39,9886.7449
-25035.809862,40,9887.662523
-43654.279407,43,9888.733765
-59374.089123,47,9889.883086
-19242.129877,36,9890.793862
-104282.26046,51,9892.061785
-71580.723417,48,9893.252162
-91417.293096,50,9894.572974
-26747.542219,41,9895.557134
-42155.151879,45,9896.706683
-41895.562698,44,9897.965372
-20604.973176,38,9898.965316
-12909.2217,30,9899.719271
-16418.068871,35,9900.620039
-10878.204617,26,9901.237206
-12514.064308,29,9901.932514
-10308.946938,25,9902.571767
-32045.625365,43,9903.625099
-8951.214815,22,9904.213064
-13453.743863,31,9905.09568
-20249.513382,37,9906.195313
-33598.805007,42,9907.333267
-12471.240198,29,9908.242887
-47101.899458,45,9909.508563
-19578.723349,38,9910.450731
-16769.231963,35,9911.342738
-97377.520855,50,9912.619997
-53656.505084,44,9913.725057
-9403.678551,23,9914.350569
-20257.216701,38,9915.402835
-16214.734946,34,9916.265557
-14554.447093,32,9917.115379
-55685.275387,47,9918.374593
-14756.101706,32,9919.16913
-92348.580024,50,9920.336421
-14735.399914,32,9921.060617
-13417.10625,31,9921.86821
-8901.064402,22,9922.416051
-34945.695316,44,9923.496203
-15275.481002,33,9924.355675
-12468.418308,29,9925.044745
-17995.929459,39,9926.070935
-26746.945649,41,9927.159734
-20575.782127,38,9928.177975
-18143.898777,36,9929.147901
-13870.745796,31,9929.846214
-49325.617811,48,9930.941634
-92195.013081,49,9932.181655
-26587.31198,38,9933.233609
-28938.187805,42,9934.277191
-13555.395511,31,9935.068941
-13524.588513,31,9935.879467
-19243.170652,37,9936.802244
-8952.114979,22,9937.364526
-12550.563241,29,9938.099706
-46201.180407,45,9939.130608
-18961.986945,37,9940.007584
-30207.653508,43,9941.016102
-47683.593552,45,9942.123843
-36110.490597,44,9943.303212
-40397.581494,46,9944.49741
-19492.058772,38,9945.494177
-15752.033535,33,9946.257276
-39513.263134,44,9947.340418
-12910.330535,30,9948.115983
-14220.762361,33,9948.985482
-25473.201962,40,9950.005854
-61072.124469,48,9951.214344
-12386.603863,29,9951.956383
-12021.295371,28,9952.625109
-13309.300746,31,9953.449834
-25279.559321,39,9954.46229
-30867.1038,42,9955.534292
-27606.353515,40,9956.521954
-12181.843092,29,9957.224768
-125956.329784,52,9958.554112
-40095.590086,44,9959.694407
-9455.393594,23,9960.28361
-13952.195699,31,9961.069654
-59886.075007,46,9962.151664
-103580.804303,51,9963.399116
-12109.505617,28,9964.081761
-13585.775577,32,9964.93688
-18553.224448,37,9965.843097
-17612.470663,35,9966.704221
-14701.26582,32,9967.444976
-65587.494233,49,9968.66635
-33359.498587,42,9969.730381
-13269.960072,30,9970.470146
-26495.986228,41,9971.531855
-10974.328062,26,9972.152868
-45839.320159,44,9973.275705
-36144.919765,43,9974.464208
-33221.912023,43,9975.58058
-13103.170653,30,9976.524176
-112433.203466,52,9977.964823
-60982.423147,47,9979.16905
-34017.597781,41,9980.184227
-12262.219189,29,9980.860271
-17022.269767,35,9981.610528
-28126.71693,41,9982.663344
-43066.733095,44,9983.806772
-13187.903252,30,9984.587167
-14437.452531,32,9985.420696
-24734.562155,40,9986.406663
-11243.187933,27,9987.073849
-39139.744882,43,9988.073913
-16801.706018,34,9988.817416
-32638.45915,43,9989.94287
-32661.324708,42,9991.065937
-19998.966961,36,9991.956579
-13325.266729,31,9992.782957
-26943.609017,41,9993.788449
-103187.128574,51,9995.180301
-25881.892488,39,9996.124178
-22455.695299,39,9997.1508
-22125.371028,39,9998.074763
-18415.743682,35,9998.966941
-13148.865845,30,9999.694035
-8000.596864,20,10000.160717
-16153.940602,34,10001.031145
-12125.127835,29,10001.742615
-13318.467971,30,10002.465182
-52727.023438,48,10003.668356
-45262.81755,45,10004.70715
-20247.768714,37,10005.63052
-27475.118316,42,10006.657885
-15842.427251,34,10007.53676
-39087.543692,42,10008.781173
-32928.041947,41,10009.884143
-29193.713432,41,10010.881545
-10924.486133,26,10011.500721
-63247.201828,47,10012.746336
-28369.68632,41,10013.823621
-10778.613487,26,10014.480818
-9251.410617,23,10015.033709
-31171.298892,42,10016.161613
-33795.416595,43,10017.146212
-17699.525142,36,10017.954788
-43321.538208,46,10019.086775
-20936.539105,38,10019.979636
-114024.095063,67,10021.649139
-33215.034326,43,10022.789972
-13644.295404,31,10023.570249
-21043.413259,38,10024.520157
-32968.438536,42,10025.574552
-62970.312045,46,10026.613894
-23270.156362,39,10027.507182
-35896.398568,43,10028.530073
-26580.16845,41,10029.53486
-20311.813904,38,10030.465753
-56852.637921,47,10031.627265
-133840.012025,54,10032.773544
-17749.46171,34,10033.591928
-13869.388028,31,10080.598273
-40239.28241,44,10081.750648
-28480.133406,43,10082.871686
-24219.437808,40,10083.865758
-86209.262483,49,10085.036234
-81265.618302,49,10086.283377
-14549.40747,32,10087.055918
-16123.413924,33,10087.925183
-16846.281576,35,10088.836666
-39538.606652,44,10089.86366
-9808.299488,24,10090.446648
-17907.223647,37,10091.306842
-14490.927768,32,10092.137637
-18323.870412,37,10093.065789
-77991.754682,48,10094.253119
-20706.82155,38,10095.168484
-9505.734016,23,10095.734807
-47783.131222,46,10096.878047
-15448.893094,34,10097.694787
-16959.015357,34,10098.532773
-12375.841904,29,10099.282966
-15754.695315,34,10100.240137
-29752.591494,45,10101.421069
-23920.705456,39,10102.345946
-15434.849569,34,10103.170027
-15012.292053,32,10104.059165
-27220.642412,41,10105.119882
-19386.845111,36,10105.948159
-112127.508294,52,10107.299246
-47191.821235,44,10108.349551
-49780.310983,43,10109.440682
-56947.605329,46,10110.491253
-10464.476217,25,10111.013625
-42912.855015,44,10112.080509
-29465.112173,40,10113.211539
-16544.615169,34,10114.060289
-29890.948998,42,10115.186282
-31203.607881,41,10116.278641
-43220.820117,45,10117.482932
-29551.698483,40,10118.558743
-49347.683176,47,10119.752496
-26370.654338,39,10120.708337
-49499.813291,46,10121.79994
-16051.778984,34,10122.687947
-65393.494512,47,10123.829487
-14206.737389,31,10124.547918
-73640.217937,48,10125.72973
-17822.751464,37,10126.680809
-32655.168699,44,10127.805658
-12929.595245,29,10128.491204
-44523.405918,44,10129.5288
-16264.260555,33,10130.400804
-97623.37714,50,10131.620111
-16358.089415,36,10132.491673
-39846.169191,44,10133.517317
-14367.152646,32,10134.296512
-14447.430804,32,10135.141753
-22733.824483,39,10136.086228
-19516.968953,36,10136.912665
-12633.628909,29,10137.54286
-54117.060812,47,10138.786465
-18864.907724,37,10139.678191
-60150.001369,50,10141.067234
-16975.931006,33,10141.865699
-20666.564364,37,10142.833735
-14293.663817,32,10143.622449
-10616.939741,26,10144.216025
-40681.426181,46,10145.368968
-44367.898088,47,10146.531894
-12488.979192,29,10147.335795
-15399.056147,33,10148.160309
-22580.107756,38,10149.166943
-66681.651542,49,10150.328614
-40366.29059,45,10151.370138
-21500.194757,38,10152.396354
-10879.223819,26,10153.061487
-39434.530249,44,10154.226328
-17042.797339,34,10155.044354
-18930.292305,37,10155.986399
-30185.690796,42,10157.066333
-38164.571879,43,10158.165644
-8652.022473,22,10158.727643
-16590.440855,34,10159.609035
-25068.460714,40,10160.637162
-14231.768989,31,10161.419548
-12699.94797,29,10162.214571
-16903.485212,34,10163.081278
-76460.047885,48,10164.294992
-124818.119979,52,10165.590971
-11587.529171,28,10166.289965
-59899.212042,47,10167.502795
-27152.357387,40,10168.484785
-12433.546946,29,10169.16172
-18028.079333,35,10169.97759
-14908.737371,32,10170.752207
-85944.700239,49,10172.060924
-22587.690625,38,10173.057053
-14897.995934,32,10173.985537
-18602.081672,36,10174.852089
-32902.511601,43,10175.913706
-107798.966656,52,10177.232784
-34686.960197,42,10178.325891
-40956.129025,43,10179.480947
-12893.929208,30,10180.307057
-39199.107963,45,10181.442627
-38621.142028,44,10182.558932
-11502.374123,27,10183.235195
-25222.207638,41,10184.265759
-26228.751521,40,10185.351448
-12009.028792,28,10186.08723
-12642.639279,29,10186.715643
-15640.587581,34,10187.537302
-17181.180947,36,10188.367859
-43845.032648,44,10189.406421
-16746.481774,34,10190.257439
-62616.873641,46,10191.413316
-20107.931453,38,10192.281384
-24274.224463,39,10193.210698
-8000.548335,20,10193.681642
-17375.44538,34,10194.532999
-13979.485698,31,10195.398645
-48533.036532,46,10196.582305
-78066.278198,51,10197.886115
-20774.147632,38,10198.8307
-25887.064479,40,10199.94687
-15515.681175,33,10200.74343
-30687.759656,43,10201.814925
-13197.354386,30,10202.557302
-36970.946704,43,10203.60039
-60515.975823,47,10204.729038
-10912.770051,26,10205.46768
-41879.525382,47,10206.508693
-13169.792101,30,10207.167564
-75160.913266,49,10208.248242
-20439.143919,37,10209.134573
-15020.707595,33,10209.893045
-28359.31583,46,10211.032616
-21988.585918,39,10211.984521
-14269.73833,32,10212.745882
-103362.756961,52,10214.042642
-47134.139286,46,10215.294289
-48598.746202,46,10216.980023
-20779.478757,38,10218.051529
-21742.066454,37,10219.035208
-15871.4737,34,10219.765214
-50361.799985,46,10220.974486
-18476.659763,36,10221.746742
-11188.862898,27,10222.389869
-16789.015866,35,10223.151568
-11639.039732,28,10223.808651
-12311.814056,29,10224.45789
-41310.107216,44,10225.422946
-26929.423529,41,10226.351339
-24200.625478,40,10227.223609
-18987.001278,36,10228.055541
-12373.395381,29,10228.770725
-55372.870645,47,10229.877403
-129302.139719,53,10231.14675
-11178.017504,27,10231.787909
-27429.3518,40,10232.750378
-12126.730748,28,10233.436568
-11759.909011,28,10234.076633
-80365.644465,50,10235.256737
-14058.788254,31,10235.996703
-19878.22217,38,10236.886196
-30438.305744,41,10237.842653
-23801.603956,38,10238.738094
-12419.662091,29,10239.453732
-12357.254835,29,10240.14918
-12481.15697,29,10240.882194
-14087.626155,32,10241.632789
-116109.291952,53,10243.006693
-25178.277722,38,10243.987488
-28556.031622,43,10245.03696
-87934.79159,50,10246.439846
-31432.377763,41,10247.473606
-12582.358906,29,10248.100186
-17701.12577,37,10248.987173
-17600.675401,37,10249.844281
-38899.722686,45,10250.896924
-35111.662097,41,10251.894061
-14536.575735,32,10252.64371
-42448.993566,43,10253.596645
-24033.871198,39,10254.473951
-16769.586126,34,10255.270163
-20452.895968,37,10256.139751
-29698.863847,42,10257.10023
-30207.770194,41,10258.045754
-28813.724928,51,10259.239827
-9202.618175,23,10259.738098
-24915.251758,41,10260.744307
-25040.798568,40,10261.681581
-13255.564077,30,10262.345786
-41495.004593,45,10263.424363
-62487.804966,48,10264.576628
-17102.132726,34,10265.367529
-57756.602077,47,10266.467331
-59741.496359,47,10267.53361
-15095.193915,32,10268.336645
-48009.615043,44,10269.443435
-10671.702204,26,10270.02561
-15758.065084,34,10270.804771
-12335.3172,29,10271.602145
-13825.964135,31,10272.532763
-8000.423373,20,10273.010428
-50539.229348,48,10274.101622
-47057.293005,47,10275.170859
-23345.434755,39,10276.124583
-21696.306501,37,10277.026396
-55563.325924,46,10278.091655
-41373.099498,45,10279.126733
-24257.531229,39,10280.231515
-68249.737871,49,10281.465372
-18914.884301,37,10282.386387
-22129.959933,38,10283.281588
-15379.506106,33,10284.114145
-20389.52904,38,10285.13671
-10005.789694,24,10285.638012
-14442.368455,32,10286.318319
-43015.792685,44,10287.342538
-46918.445554,45,10288.41738
-13421.648332,31,10289.169426
-51556.848106,44,10290.181272
-44201.282357,44,10291.323182
-64690.352332,48,10292.434816
-43694.655845,44,10293.475844
-52161.887195,48,10294.564005
-12106.673055,28,10295.259133
-36897.720462,43,10296.330638
-19350.342021,36,10297.223875
-35261.361408,44,10298.355993
-12917.030293,30,10299.073554
-96849.086806,49,10300.181774
-28460.165105,40,10301.169981
-32573.942023,42,10302.129962
-24651.263556,40,10303.164979
-58762.082825,46,10304.307377
-13498.430672,31,10305.038598
-12558.89335,29,10305.81995
-33332.577312,43,10306.773278
-8001.672403,20,10307.214231
-39279.902307,45,10308.224982
-19604.107603,36,10309.062953
-17074.271994,37,10309.98391
-51888.212121,45,10311.019843
-20039.032386,38,10312.1591
-38519.899099,44,10313.3233
-12888.105597,30,10314.214384
-62238.344646,49,10315.476122
-53246.619451,47,10316.511252
-27923.095281,40,10317.444472
-15924.298285,36,10318.398396
-38829.789906,44,10319.472292
-18828.585972,36,10320.330323
-75783.423891,49,10321.470446
-31263.478577,41,10322.45982
-34773.97366,44,10323.463966
-121735.839303,52,10324.652307
-18971.539342,39,10325.6116
-92955.138663,50,10326.788355
-48834.321209,47,10327.92688
-30201.442248,42,10328.915234
-8000.196574,20,10329.463126
-19521.14888,36,10330.308199
-107692.995045,50,10331.468121
-51847.202013,47,10332.707425
-31776.918978,42,10333.967161
-9354.40872,23,10334.532621
-40467.500547,48,10335.570515
-16555.682982,34,10336.410434
-59908.375535,46,10337.565674
-52925.51654,47,10338.61724
-20500.604533,37,10339.403606
-18939.453587,37,10340.229263
-36998.523306,44,10341.227964
-26284.983205,40,10342.113535
-80493.108204,49,10343.285426
-8000.457629,20,10343.716036
-14112.086418,32,10344.418059
-20222.469348,37,10345.302612
-10998.841692,26,10345.935798
-19551.418191,37,10346.797127
-14379.371174,32,10347.728413
-45951.472448,44,10348.723707
-20653.855629,38,10349.50988
-13636.85839,31,10350.244499
-13534.560326,30,10350.892462
-19972.653518,38,10351.789443
-31149.604023,40,10352.74307
-40425.813931,44,10353.761541
-12703.724153,30,10354.4624
-26498.152413,39,10355.409709
-30074.567407,40,10356.315134
-18374.077205,36,10357.14556
-14900.824019,33,10357.889829
-31414.371513,42,10358.924706
-95642.40996,49,10360.03673
-106437.069898,52,10361.838254
-24301.651053,39,10362.912764
-12268.828412,29,10363.698224
-51449.298827,47,10365.068853
-45210.573341,44,10366.237942
-16316.890907,33,10367.102328
-24836.77762,41,10368.175967
-22639.745163,38,10369.151561
-35171.097284,42,10370.152412
-51397.952192,45,10371.1478
-32023.030758,42,10372.262666
-57430.165701,46,10373.306225
-22776.063599,39,10374.189532
-25000.474363,39,10375.210242
-14897.170778,33,10376.027248
-30772.318891,42,10376.925888
-25445.987318,38,10377.811301
-55541.661414,46,10378.96342
-11849.351505,28,10379.766534
-13560.382503,31,10380.649304
-20791.545988,38,10381.649445
-55083.691358,46,10382.909901
-46895.254561,46,10384.053779
-17017.662772,35,10385.044468
-15203.691206,34,10385.955227
-24615.652212,39,10387.077469
-13513.147359,30,10387.883786
-15357.460902,34,10388.781467
-32974.590856,42,10389.924984
-53950.909292,48,10391.324708
-48793.141917,47,10392.613195
-20979.724122,37,10393.644855
-19763.720072,37,10394.620726
-29499.788364,45,10395.795573
-46788.736702,45,10397.013202
-13106.71861,30,10397.778728
-15698.525848,34,10398.656011
-16731.974382,36,10399.566541
-41236.823202,46,10400.754919
-43891.038652,45,10401.926296
-65357.478596,48,10403.225131
-13953.56732,31,10403.974911
-20690.285767,36,10405.332453
-14966.054129,32,10406.280149
-25768.907528,41,10407.319768
-21333.25748,40,10408.144269
-127507.333898,52,10409.30114
-74502.190736,48,10410.417155
-14157.943478,33,10411.206732
-13459.308392,31,10411.931391
-40213.594333,43,10412.958295
-61778.066511,48,10414.140432
-58607.603198,46,10415.288146
-31885.010889,41,10416.284483
-15048.611332,32,10417.005136
-8000.884147,20,10417.514181
-20743.38812,42,10418.650809
-59635.648811,46,10419.742218
-55341.44043,47,10420.817196
-62172.46883,47,10421.944553
-30094.212799,43,10423.006073
-13814.421033,31,10423.774079
-24217.937678,40,10424.805021
-33030.405377,43,10425.842238
-20933.429402,39,10426.826908
-13092.332456,30,10427.59739
-14290.647588,32,10428.345969
-12168.088865,29,10428.986215
-11745.323209,28,10429.627891
-16989.590566,35,10430.494427
-12748.900181,30,10431.185344
-19312.187892,38,10432.147163
-79400.28893,52,10433.367747
-10508.718918,25,10433.911791
-17214.35623,36,10434.817288
-17047.483527,36,10435.565291
-49816.624667,47,10436.602755
-21400.419166,38,10437.438839
-16947.167655,35,10438.274897
-44080.661789,44,10439.359252
-16827.396097,35,10440.186736
-26291.948835,41,10441.175517
-17285.500554,34,10441.960308
-50483.234852,53,10443.266159
-13224.100553,31,10444.108936
-11864.987086,28,10444.750383
-14937.093112,34,10445.625691
-15664.560022,34,10446.38255
-34148.05504,43,10447.36003
-10368.727844,25,10447.92839
-20486.477174,37,10448.743665
-71626.671109,47,10449.838279
-85962.169018,50,10451.017369
-23613.718266,39,10451.900558
-61082.068593,48,10453.077495
-13540.463995,31,10453.848354
-8001.364429,20,10454.327966
-14440.719293,32,10455.110515
-16617.668078,34,10455.903053
-17696.899572,35,10456.789105
-89315.677853,49,10458.020899
-15600.878416,34,10458.865875
-16640.772671,34,10459.631356
-68406.845276,50,10460.771831
-37233.557492,44,10461.855435
-14271.157654,31,10462.73754
-19082.445585,36,10463.516798
-17942.74833,37,10464.388066
-60478.52222,52,10465.676294
-20367.757699,37,10466.675575
-66688.252357,49,10468.092764
-17549.825065,35,10469.160993
-13441.68491,31,10470.045805
-15756.914694,35,10470.832232
-9405.722771,23,10471.377947
-23458.550967,39,10472.358535
-23649.643411,39,10473.328049
-74674.97646,48,10474.858302
-81463.467966,48,10476.303694
-58111.237918,47,10477.647464
-20256.796167,39,10478.521393
-16911.866967,34,10479.420343
-10982.267528,26,10480.144274
-37280.118505,43,10481.215974
-17134.656451,36,10482.152383
-31072.091687,42,10483.137216
-14399.706135,33,10483.842579
-13422.066086,30,10484.752541
-10566.912177,26,10485.491804
-44208.864818,45,10486.547226
-90173.775078,51,10487.778326
-51433.879277,48,10489.239694
-17098.70218,35,10490.076715
-12207.836916,29,10490.78026
-8001.099212,20,10491.281847
-13244.108895,31,10492.016292
-18075.225214,35,10492.820104
-31640.475832,42,10493.811704
-35863.867577,44,10494.860832
-41931.903045,45,10495.914309
-10464.246289,25,10496.52024
-16151.840398,34,10497.318036
-53234.939494,46,10498.427435
-87344.887051,49,10499.64074
-46273.479683,45,10500.78107
-46873.370617,45,10501.874233
-25030.303909,39,10502.807221
-55528.102827,46,10503.966319
-14387.411336,32,10504.769101
-30597.455143,43,10505.695611
-27675.217112,39,10506.629833
-21452.035852,37,10507.524582
-8901.44595,22,10508.03772
-17277.90623,37,10508.992042
-30603.914802,45,10510.038553
-8801.529135,22,10510.526232
-119197.360286,54,10511.922777
-43328.540252,44,10512.962648
-30377.762845,42,10513.983451
-36549.838974,43,10515.061652
-8951.645128,22,10515.573358
-15824.298737,34,10516.371133
-34228.429649,43,10517.296417
-108290.186636,51,10518.592914
-20366.457213,38,10519.593344
-8000.41137,20,10520.176995
-39710.018855,45,10521.226126
-22937.236826,38,10522.169762
-41478.351992,43,10523.205197
-35670.539388,42,10524.183031
-12267.034196,29,10524.861816
-12988.231197,30,10525.583354
-24501.546105,39,10526.542764
-74154.262384,50,10527.720789
-64098.813159,47,10528.811192
-16258.424625,34,10529.59606
-29556.373015,42,10530.602904
-78973.63068,49,10531.831637
-35739.348976,42,10532.914982
-13440.48621,31,10533.727528
-67323.972371,47,10534.851935
-24752.272907,40,10535.829584
-10520.452844,25,10536.432846
-56721.160841,47,10537.597595
-30823.818598,41,10538.53943
-10522.446213,25,10539.134423
-17301.667634,35,10540.059772
-16021.599142,33,10540.822865
-39032.821527,43,10541.856504
-57606.332792,47,10543.088514
-19046.602933,36,10544.004807
-28135.305045,41,10545.060969
-36259.1435,44,10546.108383
-31826.674549,42,10546.991597
-86272.772402,49,10548.133458
-13747.026953,31,10548.824315
-26008.059286,39,10549.691753
-11656.515073,28,10550.340887
-39470.686044,44,10551.387556
-24183.528078,41,10552.387826
-58921.794966,46,10553.641994
-29942.728016,41,10554.623611
-64663.924213,47,10555.831261
-26865.450335,39,10556.596622
-42832.794464,46,10557.503993
-17989.24613,37,10558.298504
-85808.118651,48,10559.411646
-25978.98961,42,10560.419527
-24678.375354,40,10561.350959
-20334.718686,38,10562.250673
-13000.238745,30,10562.938284
-80012.671083,51,10564.076977
-44447.385921,45,10565.451157
-40428.67678,44,10566.437603
-16905.21015,34,10567.111872
-17985.132832,36,10567.853539
-40172.936243,45,10568.955064
-16755.299645,34,10569.718735
-13295.416765,30,10570.343195
-16883.325318,34,10571.065469
-12559.243006,29,10571.856927
-20375.416198,38,10572.715362
-28623.200293,41,10573.699726
-20435.079407,37,10574.569403
-98754.146702,49,10575.867317
-23675.974637,39,10576.919772
-10362.36917,25,10577.588746
-11403.789083,27,10578.170589
-8850.88,22,10578.622276
-80428.783334,48,10579.714072
-16546.980663,33,10580.468766
-11719.846777,28,10581.092648
-29916.366735,41,10581.995294
-12099.992123,28,10582.606225
-32612.669075,42,10583.599113
-31005.603063,42,10585.312627
-14999.449253,32,10586.05102
-24071.949029,39,10586.887776
-94902.903146,49,10588.039127
-46334.152663,47,10589.23751
-35689.166775,42,10590.281791
-16104.620758,34,10591.04752
-41914.21932,44,10592.064879
-13508.947614,31,10592.790308
-14570.955939,32,10593.586724
-16154.898259,35,10594.380132
-126227.851578,53,10595.761883
-13199.81578,30,10596.610425
-23614.326442,39,10597.485546
-25278.000837,39,10598.389175
-14095.185141,32,10599.248906
-17786.533392,36,10600.247464
-68188.771541,50,10601.324605
-21328.501492,38,10602.137904
-76984.634113,49,10603.264517
-27868.246138,39,10604.183998
-26162.146092,40,10605.184044
-65559.929655,48,10606.470754
-19802.471201,36,10607.320312
-26614.613346,42,10608.267182
-10517.661224,25,10608.81558
-36370.745701,42,10609.744185
-62151.211383,50,10610.898488
-17808.185905,36,10611.80422
-30444.694015,44,10612.844325
-16877.254379,34,10613.668881
-25520.298014,40,10614.570602
-15811.638247,34,10615.633721
-34426.3359,42,10616.786292
-125435.873679,51,10617.837197
-18271.305816,36,10618.707636
-102896.09096,50,10619.91433
-48760.123374,45,10620.974378
-12176.780675,29,10621.678619
-22449.549491,39,10622.554556
-15516.46153,33,10623.312047
-17272.168799,35,10624.182599
-24613.853452,39,10625.084466
-25749.768586,38,10625.971789
-43317.852853,45,10627.062313
-16612.708395,34,10627.827819
-117674.818309,51,10629.014471
-113314.536339,52,10630.214872
-55866.368316,47,10631.303462
-14021.833479,32,10632.095717
-27927.410799,40,10633.035321
-12023.968466,28,10633.696899
-43105.002911,46,10634.763269
-50348.544145,46,10635.868691
-17316.00195,36,10636.761102
-19687.387686,37,10637.647238
-105577.186472,49,10638.791436
-37985.645304,43,10639.837167
-10625.027,26,10640.521304
-18441.211345,36,10641.3293
-16357.880442,34,10642.127731
-25747.297811,41,10643.078831
-41221.574204,45,10644.23584
-74924.541503,51,10645.38061
-22400.233598,38,10646.247396
-19507.584315,37,10647.080947
-37969.100662,47,10648.17451
-33593.063824,43,10649.126369
-16545.097353,34,10649.870642
-24237.553213,39,10650.758608
-33652.560009,42,10651.778872
-20392.454093,37,10652.687704
-16983.653946,35,10653.493454
-15269.612233,33,10654.318199
-25404.547946,40,10655.272321
-27888.810776,41,10656.280837
-15176.461312,33,10657.094383
-57059.525764,48,10658.321552
-45965.726232,45,10659.336935
-12413.727728,29,10659.967815
-119786.491105,53,10661.218212
-18377.182418,36,10662.072168
-14348.150695,33,10662.814614
-19618.04091,38,10663.682091
-16663.940417,34,10664.508976
-44563.438509,45,10665.646061
-39697.395955,44,10666.642993
-25400.153991,41,10667.53604
-8000.092854,20,10667.955841
-30851.848977,45,10669.02364
-19164.568169,38,10669.96847
-12725.731721,30,10670.748198
-37929.777422,43,10671.728073
-10884.730038,26,10672.328
-23388.998882,37,10673.167573
-33257.168939,43,10674.155208
-31033.649779,41,10675.131698
-36132.259771,44,10676.218576
-8000.855445,20,10676.691513
-18071.36885,36,10677.611408
-14354.212437,31,10678.339431
-12373.312966,29,10679.05015
-41966.950606,44,10680.138943
-48698.896913,48,10681.27775
-15710.788749,34,10682.061309
-37367.900412,43,10683.04747
-11904.216843,28,10683.743999
-13186.918964,30,10684.470209
-30555.064976,41,10685.467628
-21617.029095,39,10686.419316
-34253.020788,42,10687.38871
-35690.921272,44,10688.383161
-23912.343828,39,10689.321824
-21799.664765,38,10690.224222
-31462.932245,42,10691.240482
-11561.478195,27,10691.854464
-11852.746379,28,10692.553763
-60482.578267,48,10693.681417
-18532.480984,36,10694.514352
-28720.718354,41,10695.475523
-9503.578003,23,10696.027922
-10731.051134,26,10696.681949
-14038.381484,32,10697.447545
-13258.941927,30,10698.161304
-13796.743148,31,10698.882885
-11972.823234,28,10699.623541
-76718.314819,48,10700.806113
-27644.364727,51,10702.066842
-14773.60594,32,10702.811239
-11191.147217,27,10703.497898
-61103.243421,48,10704.732259
-89010.387822,54,10706.093653
-12152.774038,29,10706.7893
-59621.876799,48,10707.90675
-30566.997533,55,10709.242525
-15823.330549,35,10710.05398
-24912.929547,40,10711.05103
-12496.045034,29,10711.769872
-20666.779132,37,10712.591354
-10474.992714,25,10713.238835
-78062.786014,49,10714.342289
-138134.032264,52,10715.664196
-62526.491142,47,10716.821976
-45030.21432,46,10717.888698
-25968.145343,40,10718.824142
-70551.931133,49,10720.079302
-15187.998239,33,10720.863
-27449.185318,41,10721.776965
-87084.606786,48,10722.937187
-15575.107257,33,10723.683821
-11941.590722,28,10724.401205
-16434.924466,34,10725.242427
-50706.362441,48,10726.395131
-35929.169273,43,10727.391674
-26978.456198,40,10728.353234
-44324.831985,45,10729.429294
-16417.335937,35,10730.226317
-18293.964238,35,10731.017832
-22276.65334,37,10731.940061
-22547.89674,39,10732.798461
-70445.161503,47,10734.007525
-20099.775191,37,10734.877548
-20796.395981,38,10735.762215
-15451.664271,33,10736.510222
-11072.105277,27,10737.110736
-9051.431065,23,10737.611137
-22174.964706,39,10738.497831
-33850.411026,43,10739.471186
-46661.997345,45,10740.473207
-37335.873323,44,10741.47716
-14607.475585,32,10742.226209
-90950.915835,50,10743.42976
-10714.469159,26,10744.051512
-14761.706211,32,10744.789522
-40647.165131,44,10745.83321
-18780.123816,40,10746.771853
-27994.969199,41,10747.739882
-38230.946082,44,10748.710803
-62354.059997,46,10749.725438
-10916.175898,26,10750.319965
-28361.500788,42,10751.289512
-28615.296054,42,10752.159984
-49153.107874,45,10753.144839
-16836.411463,35,10753.907017
-12387.773544,29,10754.563319
-112297.808953,50,10755.648578
-95868.330118,52,10756.940003
-11788.556169,28,10757.586073
-65730.226968,47,10758.705796
-27189.04961,41,10759.737884
-21956.650368,40,10760.667578
-14370.227563,31,10761.356709
-13832.962264,32,10762.223867
-15603.318052,35,10763.04136
-23224.686405,39,10763.977573
-9252.735309,23,10764.501663
-46000.236613,45,10765.547962
-18850.984667,38,10766.424502
-46672.750248,46,10767.601255
-19070.103868,37,10768.550156
-14295.019124,32,10769.284359
-13691.565831,31,10769.985891
-17890.964095,37,10770.917976
-78788.798998,49,10772.098571
-10765.89532,26,10772.692
-87036.406547,50,10773.876407
-40807.999962,45,10774.954301
-27907.436369,41,10776.031504
-16932.490645,34,10776.823669
-61478.604232,49,10777.980001
-10523.72175,25,10778.626703
-23556.931082,39,10779.548142
-48552.699698,46,10780.668049
-10565.176074,26,10781.274296
-19254.074627,38,10782.21821
-41371.110077,44,10783.292385
-28847.580873,43,10784.314263
-39522.625556,43,10785.327378
-22337.48728,38,10786.262182
-45276.413063,46,10787.346058
-42127.9555,45,10788.448057
-23953.678328,41,10789.479987
-99757.297964,53,10790.844635
-22409.694607,38,10791.848096
-42562.330803,45,10792.98472
-55575.3218,47,10794.137722
-13284.973185,30,10794.820304
-25036.019833,40,10795.915065
-13406.929709,31,10796.665054
-56593.972159,48,10797.739669
-52085.328316,45,10798.708566
-38029.92294,44,10799.718932
-30090.348926,41,10800.66009
-50256.55674,46,10801.680198
-12127.867289,29,10802.339916
-12292.133404,29,10802.968694
-13499.582053,31,10803.757044
-17355.755673,35,10804.584565
-12227.614907,29,10805.216118
-25879.95649,39,10806.166612
-31429.68977,42,10807.159708
-128204.062973,52,10808.367158
-38797.838785,43,10809.322344
-13123.656453,30,10809.999525
-13266.219225,30,10810.706723
-36507.189147,43,10811.583799
-82394.364729,48,10812.638139
-22257.904452,37,10813.438718
-17637.630248,35,10814.337618
-35069.49278,44,10815.503143
-45149.513173,47,10816.609527
-121890.150259,52,10817.911429
-60435.547587,48,10818.992213
-10663.556117,26,10819.58824
-11517.847807,27,10820.252816
-55825.650716,47,10821.334351
-18255.935624,37,10822.328661
-23012.04532,38,10823.188029
-11470.827044,27,10823.851418
-15989.227884,33,10824.693394
-73103.353497,56,10826.03086
-39124.341134,43,10827.145089
-11228.825617,27,10827.825849
-38345.50786,42,10828.84431
-32248.041862,42,10829.939832
-18970.09365,36,10830.902796
-21015.966868,38,10832.302313
-14405.939863,32,10833.070643
-18916.331348,36,10833.827611
-11357.22952,27,10834.449548
-12409.338442,29,10835.097459
-24195.675499,41,10836.123441
-25570.530433,39,10837.103242
-16152.7923,34,10838.030709
-21052.100707,39,10839.203057
-12873.877049,30,10839.964722
-16583.559792,34,10840.790077
-18481.976424,36,10841.642681
-16198.917477,34,10842.440549
-24116.917919,40,10843.383486
-24061.79245,39,10844.280497
-13839.214444,31,10844.983337
-31372.412092,42,10846.059685
-42223.230103,44,10847.0742
-31699.284711,41,10847.958771
-38490.716685,43,10848.917743
-9913.326869,24,10849.460204
-52364.352739,47,10850.531895
-28607.159908,42,10851.451718
-32056.989395,43,10852.510335
-11308.620318,27,10853.223798
-13411.589651,31,10854.024263
-71351.714974,48,10855.046651
-22358.410239,37,10855.835035
-10764.596138,26,10856.411715
-15226.17411,32,10857.155186
-98192.946279,50,10858.388022
-27968.073077,42,10859.394103
-16745.524638,34,10860.151139
-28707.500771,42,10861.120023
-27162.572795,40,10862.07975
-22783.322328,39,10863.035507
-18483.665237,40,10863.996204
-10931.983955,26,10864.628809
-67921.461758,49,10865.843732
-17432.458166,35,10866.710944
-10668.453091,26,10867.468215
-22091.818121,39,10868.430238
-49454.71626,45,10869.502241
-48740.408283,47,10870.830173
-17626.57217,37,10871.763821
-23634.869773,39,10872.716775
-12829.962817,30,10873.434052
-13680.666212,31,10874.211872
-38394.745146,45,10875.384547
-15644.592468,33,10876.206022
-9102.018937,23,10876.756366
-18625.564678,36,10877.635978
-39735.560043,45,10878.759337
-8000.896457,20,10879.19446
-18264.939826,36,10880.050019
-27186.936878,42,10881.113154
-18744.49623,36,10881.967019
-32471.022363,42,10882.963427
-24480.609295,40,10884.064503
-39382.155933,45,10885.159341
-14337.419507,31,10885.820404
-26718.92609,40,10886.721414
-9905.753101,24,10887.27039
-60813.524608,47,10888.35701
-19075.005274,35,10889.166861
-80869.840649,50,10890.368508
-15229.96791,33,10891.151729
-12346.39058,29,10891.83115
-24854.424517,43,10892.820839
-26564.08934,42,10893.815305
-36893.03245,43,10894.851647
-13247.47538,30,10895.578919
-35392.906099,42,10896.549154
-14354.207,33,10897.352323
-8000.598962,20,10897.812439
-15019.87732,33,10898.586514
-84711.274723,51,10899.784265
-19828.34052,37,10900.690939
-14932.270071,33,10901.467049
-9253.833568,23,10901.978656
-38202.594547,42,10902.931587
-31538.988284,42,10903.892552
-13780.377534,31,10904.639789
-13464.786144,31,10905.344456
-20752.41094,38,10906.252584
-22462.125106,39,10907.15667
-14225.171497,32,10907.90585
-10509.647013,25,10908.508871
-17469.58863,37,10909.402239
-14485.68891,32,10910.171781
-10764.32793,26,10910.781994
-46034.345016,45,10911.818187
-11775.221662,28,10912.491808
-110803.93031,53,10913.832207
-19216.238372,37,10914.702911
-26075.264616,40,10915.704025
-11806.41209,28,10916.344981
-86635.559282,49,10917.493735
-34396.69057,42,10918.473825
-32333.345232,42,10919.487439
-31958.649984,42,10920.435306
-23972.436102,39,10921.342273
-26831.868438,42,10922.317451
-78076.733478,49,10923.529878
-15300.746437,33,10924.33941
-45790.894631,44,10925.433002
-16377.441967,35,10926.27123
-10974.14682,26,10926.894382
-19371.04225,38,10927.762721
-34308.122098,42,10928.798929
-61951.559726,59,10930.21172
-12302.17718,29,10930.955508
-16339.524032,34,10931.762262
-45143.538702,44,10932.857592
-20088.606591,38,10933.761425
-26077.637186,40,10934.695201
-17838.814345,36,10935.551494
-14417.351031,32,10936.32646
-18510.345101,36,10937.175386
-12881.612805,30,10937.884542
-29230.803916,40,10938.877912
-10417.758728,25,10939.488759
-18934.97625,36,10940.374436
-18633.876262,38,10941.277381
-15492.963704,33,10942.075739
-20367.869084,37,10942.973622
-15989.948806,33,10943.836091
-19475.331953,37,10944.740101
-14646.493813,33,10945.555444
-13526.495316,31,10946.324646
-63236.502851,45,10947.3923
-34731.539568,42,10948.368521
-12987.435748,30,10949.098942
-67183.018966,47,10950.23945
-76639.679085,49,10951.410404
-22919.639258,38,10952.30112
-23785.401373,40,10953.22991
-57554.795287,47,10954.34767
-19683.560975,39,10955.282212
-17542.494405,36,10956.098824
-100490.70074,50,10957.306858
-9608.096896,24,10957.883519
-25084.528381,39,10958.779913
-97864.5013,49,10959.984234
-57542.577154,46,10961.071802
-56098.920821,47,10962.222843
-76387.858543,51,10963.501567
-13490.59627,30,10964.182272
-18673.479398,38,10965.123019
-36264.015086,45,10966.192165
-17680.803329,35,10967.029286
-23722.463296,40,10967.970316
-21562.531401,38,10968.876652
-16320.554206,34,10969.686968
-31022.383849,42,10970.654006
-28071.766786,41,10971.608384
-23720.056479,39,10972.565016
-15679.2842,34,10973.360341
-15206.260138,33,10974.15488
-83868.694172,51,10975.47187
-23103.355628,40,10976.421844
-38453.623839,45,10977.466413
-60971.554625,48,10978.572855
-12322.42665,29,10979.256725
-21422.302029,38,10980.134074
-14601.369489,33,10980.919075
-35583.178616,43,10981.821298
-41880.665924,45,10982.830709
-20428.163723,38,10983.742766
-10005.557312,24,10984.311298
-26844.262588,42,10985.360914
-146568.663119,52,10986.583884
-22569.638056,40,10987.531992
-43783.651456,44,10988.548333
-84522.673631,49,10989.752972
-48438.384093,47,10990.893235
-14629.055897,32,10991.660217
-15156.334905,33,10992.443933
-39382.164526,44,10993.437473
-13975.338082,31,10994.110375
-8002.037843,20,10994.579885
-24748.46595,40,10995.478827
-18380.326606,37,10996.317088
-16788.092492,34,10997.047184
-10413.783191,25,10997.637956
-14408.385244,32,10998.350811
-27629.08431,41,10999.313886
-34948.466533,42,11000.312087
-72784.615277,49,11001.44575
-22225.671956,39,11002.381921
-83541.345399,49,11003.535357
-125857.330212,53,11004.803114
-69123.864101,49,11005.931594
-25068.648201,40,11006.889837
-19884.015199,37,11007.747052
-60763.44629,46,11008.812314
-11708.076476,28,11009.501559
-11307.972635,27,11010.143426
-13879.635607,31,11010.876131
-10616.867403,26,11011.512719
-47198.910872,46,11012.60034
-22203.506472,38,11013.467189
-94577.391782,50,11014.692523
-16068.952312,34,11015.505163
-11199.853122,27,11016.159407
-35153.952967,44,11017.275895
-23775.980612,43,11018.303193
-44851.591596,44,11019.382892
-21049.414055,38,11020.320661
-19378.038534,36,11021.153207
-101294.223791,52,11022.441974
-21113.145533,38,11023.369441
-17022.646401,35,11024.24391
-12311.660403,29,11024.937099
-55388.60145,47,11026.121562
-12813.754225,30,11026.841634
-16181.654124,33,11027.627057
-8001.027883,20,11028.075229
-26567.496801,41,11029.059586
-29295.998665,41,11030.047958
-19483.605274,37,11030.945604
-74421.303211,50,11032.183079
-87515.802912,51,11033.46516
-14260.778001,31,11034.193012
-72034.877025,48,11035.354907
-64745.511896,48,11036.5502
-25844.609111,40,11037.527775
-68876.162402,47,11038.633329
-14335.60263,32,11039.418331
-29648.435883,42,11040.420654
-19119.286693,36,11041.329275
-29450.876467,45,11042.436556
-32112.995572,43,11043.444921
-29601.874179,41,11044.424839
-103013.342336,51,11045.634804
-18331.791729,35,11046.450831
-60144.079348,47,11047.526901
-35416.374464,42,11048.564135
-27896.724992,42,11049.669906
-51226.777111,45,11051.071987
-47741.939359,45,11052.366144
-27639.111777,40,11053.419495
-25917.203009,40,11054.318081
-20039.457972,38,11055.185563
-33315.745803,42,11056.165698
-12146.615175,29,11056.848115
-54481.596414,50,11057.981361
-17829.732553,35,11058.862082
-20053.841983,37,11060.175738
-18949.016859,39,11061.50181
-128863.808797,52,11062.823872
-17389.43794,35,11063.656798
-24466.076192,38,11064.61261
-37687.449208,43,11065.570977
-18487.593496,36,11066.51845
-58362.831996,46,11067.588529
-17104.951222,35,11068.34736
-29038.691327,40,11069.312198
-34460.680047,47,11070.614305
-10621.707745,26,11071.246657
-16663.813816,34,11072.071116
-13777.249734,31,11072.811879
-21737.62417,38,11073.702492
-21470.397077,38,11074.628147
-32921.349447,42,11075.613249
-13720.122547,31,11076.324322
-22438.167943,38,11077.21388
-79415.82235,50,11078.364373
-24359.166567,41,11079.365492
-23197.182312,38,11080.232125
-12742.038112,30,11080.965571
-42302.533359,43,11081.946301
-70812.100265,47,11082.999369
-11280.499426,27,11083.624876
-60471.658968,47,11084.681939
-26407.813266,41,11085.663567
-15878.519816,33,11086.45138
-19950.586796,38,11087.361495
-66203.520277,49,11088.494996
-15824.301498,33,11089.249245
-19688.271728,37,11090.183612
-114099.799795,55,11091.514748
-41089.295757,42,11092.533416
-64675.776662,48,11093.71829
-49877.497514,46,11094.84891
-11476.749617,27,11095.506024
-25399.096616,40,11096.473618
-76507.019112,51,11097.719485
-16315.220867,34,11098.578055
-21322.049784,37,11099.471564
-20860.735991,38,11100.380968
-22462.66309,39,11101.428526
-14826.429254,34,11102.255155
-81963.803902,49,11103.396318
-21882.931943,38,11104.281261
-54978.107804,47,11105.48331
-32288.369516,48,11106.641482
-63941.235913,48,11107.7034
-22539.134062,49,11108.780907
-41009.010923,47,11109.927826
-24252.872971,40,11110.883442
-74299.988946,47,11112.030296
-20144.820426,42,11113.098888
-57106.267952,47,11114.219071
-43274.407553,45,11115.263924
-25724.271281,39,11116.194764
-9303.163853,23,11116.749141
-10103.51392,25,11117.34813
-13913.777583,32,11118.204644
-16234.797632,34,11119.016679
-64925.667718,47,11120.127454
-38701.35287,48,11121.299867
-12800.30621,30,11122.027722
-28563.819294,41,11123.126807
-21993.694936,38,11124.11318
-8000.120876,20,11124.593703
-30697.380492,41,11125.629726
-38276.772823,43,11126.671013
-27074.123936,40,11127.65818
-50218.92554,47,11128.746889
-11962.823128,28,11129.441513
-36310.966024,44,11130.446089
-24100.360445,40,11131.460269
-10262.823823,25,11132.051101
-97093.060059,51,11133.38887
-40686.832258,43,11134.559622
-16942.639702,34,11135.421244
-26283.399158,40,11136.401118
-24416.057781,38,11137.324909
-17982.005494,39,11138.297456
-30432.630819,40,11139.259509
-19583.49409,37,11140.22541
-77352.656758,50,11141.446296
-36107.537078,43,11142.458681
-57601.229861,47,11143.572431
-11205.011642,27,11144.188557
-37191.173053,44,11145.247788
-18593.729301,35,11146.100444
-14883.541316,34,11146.897007
-15069.509099,34,11147.729937
-13203.914889,30,11148.441779
-12113.057635,29,11149.137712
-26442.605433,40,11150.107102
-13794.737175,31,11150.853586
-59890.496502,50,11152.034399
-88230.400964,49,11153.258424
-49109.183623,45,11154.378261
-24350.097873,41,11155.427038
-24734.82699,41,11156.399082
-19943.629536,40,11157.392866
-43679.395976,45,11158.498979
-19779.255987,37,11159.375806
-19596.573751,39,11160.307723
-13107.732606,30,11161.002439
-18407.169701,37,11161.918172
-76174.281288,48,11163.059057
-31254.12118,42,11164.047987
-9101.783513,23,11164.614962
-50321.721748,46,11165.687664
-11980.905072,28,11166.421154
-14001.146425,31,11167.157353
-29085.320374,41,11168.120197
-41034.541807,45,11169.239305
-40566.272987,44,11170.335186
-34520.756688,43,11171.375043
-15757.206498,33,11172.143961
-11881.338949,28,11172.846981
-24063.240066,39,11173.79797
-52540.413843,45,11174.842292
-38601.838432,43,11175.952289
-24497.913365,38,11176.864013
-10607.439957,26,11177.530118
-46252.831584,45,11178.652727
-13102.18079,30,11179.383568
-18044.754766,36,11180.254872
-10516.488798,25,11180.852638
-16355.614112,34,11181.700206
-41460.611462,45,11182.761337
-17285.362103,34,11183.600316
-84338.394524,48,11184.794901
-67145.462198,48,11186.040443
-8201.145161,21,11186.581713
-16152.755076,34,11187.436898
-21006.118625,39,11188.395695
-58774.268631,46,11189.501346
-12194.878695,29,11190.236036
-36223.411865,43,11191.290824
-83804.778003,50,11192.47421
-73772.858841,48,11193.60788
-69380.610167,48,11194.749935
-58151.79171,46,11195.957581
-32548.064309,45,11197.023833
-110022.906007,52,11198.279864
-15937.745902,34,11199.096006
-17831.401699,38,11200.111455
-29971.967053,41,11201.131755
-19848.206955,37,11202.047067
-21207.111606,37,11202.924749
-12977.863405,30,11203.64645
-24902.990611,38,11204.569158
-28557.820425,43,11205.568353
-10510.837959,25,11206.149431
-16605.002047,34,11206.957085
-16032.829682,34,11207.771591
-105112.799164,51,11208.97877
-94403.725865,50,11210.111987
-36425.792769,42,11211.051491
-11295.815086,27,11211.67618
-36101.962357,43,11212.661111
-32631.144481,44,11213.702058
-29091.871038,41,11214.715204
-10977.065608,26,11215.316762
-19193.17631,36,11216.152878
-23482.631673,39,11217.066286
-15317.994468,35,11217.903816
-18405.10058,36,11218.761254
-27316.305684,40,11219.686908
-30189.337657,41,11220.691622
-21523.454245,38,11221.580875
-18486.820097,36,11222.401681
-18011.988537,36,11223.201166
-19857.491109,36,11224.012417
-12187.063146,29,11224.664386
-83983.517807,50,11225.790333
-81367.085553,49,11226.908785
-53493.753065,46,11227.941295
-46260.058992,44,11228.904513
-52891.481268,47,11229.981732
-47880.488205,45,11230.957505
-19828.798005,36,11231.835418
-17632.905925,35,11232.631936
-27309.830657,40,11233.5194
-28511.724999,40,11234.469497
-41213.903606,44,11235.466445
-52610.244996,45,11236.488653
-76241.461609,48,11237.574342
-24692.99475,39,11238.4739
-9552.254973,24,11238.982567
-24490.452092,39,11239.852751
-37055.370179,43,11240.83188
-17880.573052,35,11241.633096
-10675.045562,26,11242.214755
-22858.235221,42,11243.232888
-14757.845912,33,11244.002404
-101392.854137,51,11245.220506
-19917.206567,38,11246.153925
-34775.193592,44,11247.188614
-13454.34899,31,11247.916811
-14506.904328,33,11248.680474
-12313.986292,29,11249.408819
-12639.873373,29,11250.060209
-13986.458548,31,11250.739267
-25365.699394,41,11251.76211
-27698.884422,40,11252.701743
-19786.714379,37,11253.555648
-16200.157115,34,11254.323821
-13760.791623,31,11255.057717
-11828.132847,28,11255.703115
-15985.587249,35,11256.527583
-16998.638595,35,11257.414179
-47821.076182,45,11258.520818
-26588.924266,40,11259.452247
-20257.525648,37,11260.354066
-18399.579489,36,11261.131534
-10533.844788,25,11261.706184
-26113.807734,40,11262.648398
-23533.313246,39,11263.54794
-31745.281492,42,11264.553631
-47079.517114,45,11265.596772
-17371.662123,35,11266.520573
-11597.999991,28,11267.171611
-28457.771266,40,11268.133505
-19783.716228,38,11269.029901
-22495.008224,39,11269.948028
-25306.065333,39,11270.883653
-14865.702125,32,11271.642406
-52859.055016,46,11272.737816
-63432.860953,47,11273.79504
-19235.026223,37,11274.642401
-11517.286041,27,11275.295606
-19072.934964,36,11276.140077
-93102.782587,49,11277.303184
-19469.804822,38,11278.19203
-10408.762234,25,11278.807258
-33915.798414,43,11279.845716
-73426.759189,48,11280.938563
-12522.424143,29,11281.607401
-83952.020078,49,11282.761431
-102350.49659,49,11283.952892
-18961.513623,36,11284.779552
-29203.670193,41,11285.811753
-11226.866483,27,11286.478992
-30108.881826,43,11287.47744
-18549.404612,36,11288.350713
-22810.501952,40,11289.281675
-15093.091301,34,11290.118807
-64157.84319,47,11291.249679
-12841.934273,30,11334.512796
-26158.919854,40,11335.472628
-21464.213878,38,11336.492535
-42383.247429,44,11337.622824
-50510.846679,45,11339.231514
-115043.540705,66,11340.967399
-18302.013908,35,11341.694094
-27284.147685,40,11342.598914
-29676.253456,39,11343.536592
-25725.564346,40,11344.531249
-18799.938827,36,11345.404011
-42727.568032,46,11346.516949
-22973.840137,38,11347.477023
-14217.039228,32,11348.215005
-52041.683917,52,11349.514628
-27751.228088,39,11350.376914
-12298.214611,29,11350.973387
-75701.259096,49,11352.309204
-29903.736834,41,11353.354533
-33845.116234,42,11354.363441
-22681.372325,38,11355.316283
-25551.577981,41,11356.381158
-37822.186508,42,11357.389898
-20397.403362,38,11358.227975
-64923.549427,50,11359.39613
-10712.279493,26,11360.096182
-9704.961099,24,11360.690081
-13348.565955,31,11361.636028
-18774.182215,36,11362.858048
-54257.993766,47,11364.095826
-12068.269473,28,11364.809875
-16255.009955,34,11365.618159
-26396.960957,41,11366.82047
-14548.12697,33,11367.656614
-33194.93696,42,11368.8245
-72118.762225,48,11370.459769
-12039.992014,28,11371.304145
-56413.141892,47,11372.405231
-29663.310524,48,11373.447392
-21240.154608,37,11374.573224
-63818.33781,48,11375.694009
-9303.443875,23,11376.222729
-19596.812798,37,11377.351288
-59373.402713,47,11378.704797
-99847.328436,51,11379.969859
-19589.300363,37,11380.948519
-24012.906534,40,11382.127304
-14536.384581,32,11383.028467
-13621.347228,31,11384.000195
-14360.52923,32,11385.015593
-43811.211902,47,11386.460277
-14844.570826,33,11387.889951
-10407.683109,25,11388.766011
-9101.32929,23,11389.283681
-85414.899222,51,11390.780231
-83667.678554,49,11392.018382
-128051.9095,51,11393.323445
-27602.520616,40,11394.407154
-33649.124215,42,11395.395248
-14422.797058,32,11396.206056
-16662.215096,35,11397.079443
-37718.094464,44,11398.220585
-32886.929202,42,11399.3084
-35730.929155,43,11400.386789
-14896.332431,33,11401.16365
-14569.481144,32,11401.96974
-16662.908098,35,11402.876175
-84329.389055,48,11404.031178
-22044.216746,39,11404.931102
-17607.963182,35,11405.734297
-15082.551679,33,11406.492622
-18209.321754,37,11407.447503
-15579.123242,33,11408.202164
-14977.206102,33,11408.984819
-13663.979521,32,11409.636553
-62529.802248,49,11410.666589
-28929.666437,41,11411.543014
-82978.113142,50,11412.682609
-48430.940972,46,11413.847803
-121775.550907,53,11415.147355
-22472.491648,41,11416.355083
-22881.180593,39,11417.362128
-12199.009136,29,11418.297052
-13153.157031,30,11419.00195
-11268.90003,27,11419.719342
-15661.481182,33,11420.428229
-14330.714226,33,11421.172666
-83193.91115,49,11422.290843
-109433.53116,50,11423.419941
-11260.489194,27,11424.040936
-97409.638351,50,11425.251387
-23566.083275,39,11426.186656
-19876.685693,37,11427.0651
-92448.56956,50,11428.222272
-15903.503604,33,11428.962013
-25525.145587,40,11429.907638
-25718.500147,40,11430.851911
-15152.651565,32,11431.529228
-37717.463099,44,11432.550809
-41966.659093,43,11433.654032
-20144.612483,38,11434.461484
-13153.749867,30,11435.115913
-35391.533935,42,11436.030297
-25385.275545,40,11437.02207
-26741.299882,41,11438.036323
-14678.749511,32,11438.899959
-32916.482982,42,11439.929235
-15947.465599,34,11440.718119
-36287.666066,42,11441.749254
-14909.838852,32,11442.491357
-11880.344551,28,11443.225837
-26122.837553,39,11444.156286
-12864.969559,30,11444.781535
-58247.088136,47,11445.983736
-23877.903853,39,11446.880977
-47967.372186,46,11447.927736
-14504.338657,32,11448.625773
-49420.187412,46,11449.634892
-17283.155465,36,11450.480146
-13402.621457,30,11451.186855
-41989.826024,45,11452.157644
-37400.793846,46,11453.110045
-38743.155983,43,11454.065763
-12434.897091,29,11454.749645
-20157.944968,36,11455.584952
-24377.997779,39,11456.548548
-37651.369294,42,11457.455217
-86458.533173,55,11458.76291
-39784.453305,45,11459.781428
-16185.998357,35,11460.596826
-87418.381708,49,11461.959579
-13282.836752,30,11462.639651
-25717.501537,41,11463.641963
-13229.400041,30,11464.322913
-14561.405418,32,11465.145588
-89899.337261,51,11466.565885
-18043.082175,36,11467.34876
-41680.940243,45,11468.374988
-13147.347634,30,11469.070225
-18495.256498,36,11469.871935
-90388.142614,50,11470.985198
-11429.981116,27,11471.578995
-21808.153202,38,11472.758954
-71604.23315,49,11473.982379
-30111.821966,47,11475.056223
-82749.901434,49,11476.225068
-35397.660771,44,11477.41765
-35111.792183,43,11478.613571
-106301.50729,52,11480.10954
-50012.67954,46,11481.260457
-107590.57602,51,11482.406285
-17578.977677,35,11483.355983
-66002.001624,50,11484.49367
-22560.85207,38,11485.286638
-12234.363114,29,11485.919686
-15854.219606,34,11486.680745
-37926.805672,44,11487.677798
-8000.360866,20,11488.158505
-10914.895944,26,11488.767525
-56547.854155,48,11489.923667
-14451.439461,32,11490.684693
-32786.625136,43,11491.734524
-41827.465643,47,11493.225477
-24947.44821,40,11494.386222
-13127.071999,30,11495.076078
-19460.241821,37,11495.934816
-14262.597662,32,11496.870957
-15117.179864,32,11497.935697
-65069.450871,46,11499.12585
-32391.015324,41,11500.325423
-71016.389539,47,11501.599709
-16536.253215,34,11502.386185
-49107.049086,46,11503.521023
-26392.580264,39,11504.384357
-16982.798581,35,11505.22649
-51380.173772,45,11506.349908
-14669.626946,32,11507.128065
-28337.379808,46,11508.248259
-15464.504646,32,11508.983998
-15057.369669,33,11509.749027
-12081.811184,28,11510.438891
-29487.568641,40,11511.574032
-21074.552073,37,11512.378292
-9808.307106,24,11513.069694
-14858.064168,33,11514.22239
-66998.28012,48,11515.459342
-32250.278073,42,11516.38776
-37865.771572,45,11517.46616
-19363.226783,36,11518.304995
-18829.455431,38,11519.331174
-22714.938785,40,11520.295629
-41357.069809,43,11521.36407
-24294.20169,39,11522.26915
-108356.024233,51,11523.594942
-26805.222608,40,11524.594804
-16495.790094,34,11525.396209
-28489.762193,41,11526.480571
-27890.778851,41,11527.504879
-9201.045099,23,11528.115761
-25644.165397,39,11529.023837
-30914.461458,44,11529.999043
-68384.837615,49,11531.045987
-13781.985711,31,11531.928493
-49889.914998,45,11532.963964
-32883.737943,42,11533.877999
-21418.369576,38,11534.75239
-29755.019852,42,11535.818666
-12385.568318,29,11536.539689
-31105.238826,41,11537.519854
-81656.85084,50,11538.91389
-12380.907109,29,11539.544833
-16559.620275,35,11540.307174
-27892.441939,40,11541.19499
-21116.656226,37,11542.128548
-16392.753704,35,11543.038679
-17189.980537,36,11544.177828
-12833.808428,30,11544.893854
-18238.259948,36,11545.663331
-8000.339307,20,11546.112897
-8701.221434,22,11546.70833
-18725.354855,37,11547.567062
-11289.953779,27,11548.21109
-55834.729456,50,11549.404138
-29177.178938,41,11550.442294
-28873.950705,41,11551.440409
-29131.430193,41,11552.380012
-14492.231554,32,11553.153981
-11734.610405,28,11553.728452
-18423.714251,37,11554.52903
-22522.090294,38,11555.340878
-14254.312028,31,11556.087352
-54211.786635,46,11557.150549
-82361.715099,50,11558.326267
-34359.934912,43,11559.334368
-22719.167075,39,11560.262656
-14883.62169,33,11561.075566
-40668.211427,44,11562.078484
-45853.358712,45,11563.117992
-13032.28306,30,11563.788486
-10612.450213,26,11564.376031
-39710.29366,43,11565.344641
-22223.088445,37,11566.199328
-35451.617731,43,11567.195488
-38941.191709,45,11568.227602
-21549.590235,39,11569.154616
-51961.167877,47,11570.278255
-52471.248138,47,11571.420983
-58563.84327,47,11572.495479
-17643.547762,36,11573.350059
-23466.924638,40,11574.286474
-23787.329237,38,11575.276176
-33052.280266,45,11576.357633
-60924.182699,47,11577.458557
-10161.641715,25,11578.043424
-12823.146769,30,11578.729724
-86182.306019,50,11579.955033
-10877.941716,26,11580.608325
-48728.2393,45,11581.67566
-12802.87585,30,11582.378555
-37348.96815,44,11583.387616
-51540.247437,48,11584.578181
-16897.660416,34,11585.409405
-21232.842834,37,11586.316342
-13936.625196,32,11587.118767
-21528.730628,38,11588.022328
-58536.915294,47,11589.155007
-25212.726634,39,11590.15353
-34640.95838,43,11591.11891
-16052.845708,35,11591.935946
-22139.52094,39,11592.824001
-53256.544934,47,11593.98336
-14934.411856,33,11594.802284
-13700.119143,31,11595.569235
-27991.47367,43,11596.591434
-29582.334218,41,11597.558139
-57100.321629,47,11598.713167
-78770.63956,50,11599.983646
-16750.248066,33,11600.771019
-11716.747197,28,11601.469325
-13617.718181,32,11602.270007
-82133.097683,50,11603.441229
-8000.460244,20,11603.879654
-61824.406835,49,11605.023768
-54596.31311,46,11606.082059
-40539.928881,42,11607.081948
-35814.436024,43,11608.104741
-19944.203408,37,11609.016483
-19251.672937,37,11609.861837
-14238.48027,31,11610.550215
-28216.530646,40,11611.493256
-11551.018831,27,11612.112921
-21137.125524,38,11613.059626
-26738.715976,40,11613.989892
-27963.41097,39,11614.929858
-11811.763114,28,11615.592936
-27966.550364,40,11616.573811
-15499.598646,33,11617.393569
-33197.857756,43,11618.395294
-70678.715074,48,11619.4769
-27189.232244,41,11620.421465
-17299.382284,35,11621.236047
-19674.011597,37,11622.099991
-15780.952905,34,11622.850817
-20729.604292,37,11623.686975
-20069.689377,39,11624.627582
-36954.052456,43,11625.633064
-20005.093682,38,11626.599943
-50354.986889,46,11627.693876
-20311.161606,38,11628.673066
-54896.099929,46,11629.745229
-14447.808104,32,11630.526207
-10009.089468,24,11631.292004
-14401.603679,32,11632.213945
-18779.693764,38,11633.017714
-47035.998119,48,11634.050825
-49556.74355,45,11635.118151
-14464.668287,32,11635.946321
-13577.575302,31,11636.644225
-14648.791707,32,11637.419235
-12721.080355,30,11638.09868
-8000.861608,20,11638.595753
-67301.830462,46,11639.764812
-45491.076082,46,11641.056507
-17013.851189,34,11641.829189
-38907.582063,46,11643.000694
-20957.600037,40,11643.91511
-17498.280311,36,11644.846781
-21067.486773,38,11645.827648
-14000.375562,32,11646.644516
-59719.648583,46,11647.860791
-68068.204524,48,11649.000151
-11534.205474,27,11649.601167
-16112.653655,34,11650.396116
-15272.062062,33,11651.155871
-54573.438389,47,11652.225799
-13997.586435,31,11652.992165
-43455.821551,43,11653.998928
-15454.488931,32,11654.72969
-26369.100192,40,11655.75581
-13832.589579,31,11656.518183
-72340.628112,50,11657.793728
-53327.386088,51,11658.958313
-46595.110746,46,11659.999247
-24539.444074,40,11661.017182
-77301.762171,49,11662.265912
-16475.045467,34,11663.071835
-30569.432365,42,11664.083827
-14249.62089,32,11664.803184
-51587.940655,47,11665.909863
-23391.456644,39,11666.857954
-57181.682962,47,11668.030792
-44092.681799,44,11669.036826
-22715.490857,39,11670.000554
-21945.63828,38,11670.9195
-12578.939527,29,11671.729429
-60531.855905,46,11672.828631
-55861.600465,47,11673.978222
-82539.598807,50,11675.080405
-11932.589451,28,11675.730806
-108468.481368,52,11676.997361
-24857.073822,41,11677.936702
-25128.523277,40,11678.897833
-17844.041093,36,11679.725647
-11966.745727,28,11680.389398
-11448.00384,27,11681.021949
-22955.70556,38,11681.916174
-48027.150548,45,11682.986964
-20145.041499,38,11683.841869
-30768.278576,40,11684.79504
-116349.194962,54,11686.072654
-93252.232194,51,11687.324415
-16877.176136,33,11688.106985
-13380.57807,31,11688.919699
-20619.638962,38,11689.805413
-66848.377597,48,11690.96277
-22711.959657,39,11691.992492
-27486.079445,41,11692.948218
-14302.239689,33,11693.797606
-11633.260528,28,11694.447678
-14118.917441,32,11695.217207
-19960.429904,36,11696.032321
-79850.548687,48,11697.044798
-13348.417877,31,11697.767079
-13071.922438,30,11698.477671
-61840.741464,47,11699.55483
-26961.200421,40,11700.550152
-79342.966977,50,11701.665074
-32501.993939,43,11702.726171
-14346.703351,32,11703.505122
-30260.838073,43,11704.549766
-8000.391197,20,11705.022431
-44410.526834,45,11706.083063
-25582.962184,40,11706.990436
-80763.730523,51,11708.124824
-20046.834734,37,11709.001045
-28818.051714,40,11709.957748
-40820.329774,47,11711.049797
-21625.608246,37,11711.886421
-13241.197339,30,11712.525679
-22614.570563,38,11713.426787
-22089.984023,38,11714.254161
-18009.036344,35,11715.04025
-13822.767982,31,11715.740117
-136653.561783,53,11716.987045
-33992.208534,43,11717.949264
-12688.959048,30,11718.629693
-105977.232298,52,11719.886019
-104531.362484,51,11721.039328
-43206.866795,45,11722.069046
-14509.289846,33,11722.85605
-21966.888578,38,11723.749021
-18534.316237,36,11724.577979
-55477.981151,46,11725.688724
-38743.491604,43,11726.735398
-9904.30334,24,11727.367634
-13841.295667,31,11728.135812
-21711.372934,38,11728.99385
-22365.83955,38,11729.826097
-20045.92119,39,11730.678918
-54947.740965,46,11731.750147
-10060.788282,25,11732.337363
-27986.786434,41,11733.284663
-29478.192034,42,11734.438975
-66923.309247,48,11735.577062
-80480.814332,49,11736.805399
-51757.480011,46,11737.808921
-33895.588033,41,11738.800514
-24683.751787,41,11739.869445
-31004.843304,39,11740.831155
-17127.594872,36,11741.722486
-85616.89902,49,11743.290798
-14067.696314,32,11744.391105
-14787.245623,32,11745.415406
-71713.241974,48,11746.605013
-121590.709415,53,11747.914386
-12474.050979,29,11748.673172
-11621.173282,28,11749.400707
-18796.06986,36,11750.227952
-58984.270131,46,11751.360226
-20601.871909,37,11752.280574
-34576.952784,43,11753.330292
-9557.19831,24,11753.919675
-24722.395234,43,11755.042375
-15653.126758,34,11755.810335
-12411.180405,29,11756.524275
-28523.406952,41,11757.474506
-45909.909027,47,11758.563296
-118332.015526,51,11759.773023
-28970.635871,41,11760.751513
-73941.756212,49,11761.945483
-27293.335064,40,11762.882427
-55362.356613,47,11764.013186
-22498.908639,39,11764.883234
-14295.628269,33,11765.61024
-15593.516282,33,11766.431352
-8000.665967,20,11766.871646
-8400.866574,21,11767.403647
-54467.550995,48,11768.525591
-17908.279978,36,11769.362261
-15642.099474,34,11770.159113
-47593.159181,46,11771.194689
-68924.319612,48,11772.276259
-28607.355482,40,11773.200633
-82943.733398,51,11774.359501
-36960.296126,42,11775.388645
-20390.398421,37,11776.199175
-30633.34888,43,11777.218133
-14355.896742,32,11777.983254
-58156.338366,47,11779.089571
-26872.526047,41,11780.060172
-15813.591036,34,11780.834562
-67153.671476,47,11781.967824
-9658.188817,24,11782.576867
-12932.99879,30,11783.292062
-59128.673012,47,11784.416897
-55549.1587,50,11785.640967
-49217.812708,45,11786.662528
-26361.293656,44,11787.663317
-10059.801122,25,11788.271629
-50830.931505,45,11789.331128
-33321.410842,41,11790.375297
-19269.128714,38,11791.304404
-15259.241837,34,11792.111493
-15661.164782,33,11792.845366
-25100.151358,41,11793.851082
-56496.916628,46,11795.097648
-48338.628961,45,11796.15754
-26739.548314,39,11797.059223
-47333.634506,46,11798.144754
-56748.46472,48,11799.254573
-11153.778455,27,11799.813391
-76678.664203,49,11800.890326
-13791.96788,31,11801.653495
-22944.719821,38,11802.526139
-59985.640475,49,11803.661976
-26645.33902,40,11804.635222
-37152.161689,43,11805.684572
-25107.186174,41,11806.719027
-24067.258785,39,11807.677299
-23755.457732,39,11808.657777
-27063.273886,40,11809.623101
-14859.97726,33,11810.431607
-14115.457929,32,11811.251611
-31635.271574,41,11812.295596
-9607.401334,24,11812.863211
-53543.322361,46,11813.992521
-58305.583522,46,11815.11823
-68129.63785,48,11816.313457
-15891.783659,34,11817.130723
-34644.456927,42,11818.121825
-130134.899064,56,11819.562135
-14731.285206,32,11820.356726
-12934.457203,30,11820.987836
-62164.679034,46,11822.116694
-14136.82137,31,11822.806783
-91790.057153,49,11824.100545
-14204.579082,32,11824.904291
-19467.219808,38,11825.859143
-25824.607103,41,11826.915736
-31083.723726,42,11827.996539
-21538.813647,38,11829.064778
-31876.134645,42,11830.176156
-9153.024689,23,11830.684404
-40897.579331,44,11831.762841
-102637.23912,51,11833.000922
-11115.208983,27,11833.624716
-16687.6961,35,11834.431422
-26673.153877,40,11835.34032
-38493.97422,45,11836.467683
-14976.754737,32,11837.335188
-93123.503642,68,11839.206787
-34555.783079,43,11840.292625
-28147.071133,40,11841.199044
-28080.0709,41,11842.349181
-30951.779909,42,11843.430235
-17769.465699,36,11844.259866
-8001.382072,20,11844.790606
-9101.7665,23,11845.386619
-13370.491575,30,11846.31875
-12900.949486,30,11847.16819
-33072.702521,41,11848.118405
-129681.018223,52,11849.519736
-23073.561812,41,11850.68668
-29855.952761,42,11851.825389
-11955.484548,28,11852.59387
-21043.503334,39,11853.59623
-42934.547697,46,11854.630393
-96165.948724,51,11855.833333
-21420.019806,40,11856.81926
-12436.557559,29,11857.539689
-13542.992598,31,11858.328435
-23871.563748,43,11859.330724
-10664.733087,26,11859.960759
-24313.029828,40,11861.118257
-36013.504876,43,11862.255985
-21091.696962,40,11863.123762
-54978.932473,47,11864.185765
-140412.823045,55,11865.44252
-16065.825785,34,11866.184895
-14197.564554,32,11866.837837
-29569.384556,41,11867.689556
-23907.423187,40,11868.589876
-14574.485835,32,11869.356853
-11322.203091,27,11870.004992
-13610.507548,31,11870.724087
-42888.589054,45,11872.004873
-27650.405101,45,11873.14268
-43599.959756,45,11874.10807
-51197.668946,45,11875.164433
-52906.661874,46,11876.45163
-25392.739557,41,11877.659003
-18975.255712,36,11878.615928
-22298.764809,39,11879.619447
-12865.641011,30,11880.360403
-24624.42964,40,11881.49383
-14437.415805,33,11882.393646
-102716.982416,50,11883.521052
-56146.706267,49,11884.776728
-54518.007734,47,11885.984463
-12682.015661,30,11886.746725
-20084.943401,37,11887.755346
-12314.176373,29,11888.459542
-43599.596202,45,11889.511436
-45320.372599,46,11890.608187
-37683.529603,42,11891.71658
-24545.559068,40,11892.898216
-118392.396613,59,11894.297287
-11137.232184,27,11894.966236
-17975.719066,37,11895.852516
-19441.882979,40,11896.794754
-54791.491846,48,11898.192843
-8851.575621,22,11898.727438
-9355.111473,23,11899.327435
-17285.467766,36,11900.464419
-43802.230449,44,11901.631616
-110442.92915,51,11902.915329
-11829.043534,28,11903.685552
-64320.258045,48,11904.763503
-91280.116434,49,11905.981572
-17092.28233,35,11906.797692
-12755.726159,30,11907.47949
-22579.0569,39,11908.490428
-21097.129785,38,11909.392783
-74797.157161,48,11910.490638
-17368.74068,36,11911.348868
-47235.283704,46,11912.613235
-33688.55171,44,11913.75667
-14008.732922,31,11914.498001
-30383.881031,41,11915.506338
-21223.95299,38,11916.383266
-11828.89697,28,11917.025633
-71237.716211,47,11918.1689
-19086.174895,36,11919.054339
-13144.652557,30,11919.769672
-15299.6081,33,11920.775968
-80114.958183,49,11922.054837
-76253.620105,49,11923.388155
-30094.332456,41,11924.367555
-26425.82726,40,11925.323504
-52137.98514,47,11926.382898
-17531.070883,39,11927.287024
-15934.119391,33,11928.134422
-19875.809287,37,11929.011714
-27462.625493,41,11930.042215
-84541.787804,49,11931.2711
-62666.16412,48,11932.35702
-17408.613863,36,11933.139973
-23647.882064,38,11933.996285
-37073.879855,43,11935.025971
-12984.349559,30,11935.796872
-31528.399157,44,11936.870912
-19572.42511,37,11937.817664
-11595.854485,28,11938.565712
-47493.38032,47,11939.719161
-80769.263722,49,11940.966778
-75534.863978,50,11942.241274
-12780.668942,30,11942.952219
-14310.708191,32,11943.807141
-14394.628409,32,11944.510346
-30072.512847,40,11945.399259
-15847.694542,33,11946.166679
-16514.175943,33,11946.946973
-10310.186088,25,11947.548066
-89807.563044,50,11948.850972
-104788.904775,51,11950.24956
-38670.266414,43,11951.328201
-13035.805995,30,11952.022466
-97251.803625,49,11953.057539
-35664.84531,44,11954.001295
-37871.630169,44,11954.948788
-9906.314775,24,11955.564466
-17342.598435,36,11956.518776
-27450.253496,40,11957.345336
-15493.122205,33,11958.04125
-69309.523641,50,11959.158148
-13165.019405,30,11959.89816
-11494.720168,27,11960.538875
-17492.947601,37,11961.40509
-11676.439472,28,11962.070918
-21301.505708,39,11962.987532
-34057.257953,43,11964.008896
-22323.397979,39,11964.920624
-15526.783119,33,11965.667768
-22358.45852,39,11966.590138
-15036.860002,32,11967.363103
-29395.869097,42,11968.36176
-24204.040942,40,11969.263382
-31293.329805,42,11970.196371
-66008.83383,49,11971.338498
-53774.428221,48,11972.467247
-55938.750003,47,11973.460037
-35406.910208,42,11974.413909
-68868.686515,48,11975.516297
-36847.48969,44,11976.528297
-13978.105138,32,11977.312599
-16006.641621,33,11978.072563
-41845.65765,53,11979.359856
-12196.623108,29,11980.046326
-40807.712219,45,11981.142721
-24926.46689,40,11982.00414
-15850.956854,34,11982.735371
-42602.155847,48,11983.796673
-35837.967968,42,11984.776536
-10320.473921,25,11985.39669
-58909.068016,48,11986.551638
-24362.957759,40,11987.501541
-17228.979972,35,11988.398158
-11205.594391,27,11989.044601
-107417.65954,51,11990.22272
-73275.906122,49,11991.404352
-10057.608904,25,11991.951195
-66924.352463,48,11993.062087
-68708.845158,47,11994.110714
-18477.144117,36,11994.940569
-89068.336328,50,11996.080188
-86249.628037,55,11997.349597
-12244.094555,29,11998.00723
-41256.324258,44,11999.034455
-33253.909649,42,12000.002122
-55742.231179,47,12001.125068
-15779.479791,34,12001.89855
-10012.786431,24,12002.465511
-43903.131243,46,12003.528099
-10969.87717,26,12004.144739
-10420.993039,25,12004.723871
-11364.734862,27,12005.380108
-8901.876082,22,12005.892109
-12903.727685,30,12006.549423
-101979.251083,52,12007.766886
-50471.00601,45,12008.85761
-41600.747988,47,12009.956446
-74260.993745,50,12011.218292
-72201.2343,49,12012.371741
-13958.930574,31,12013.063715
-24489.363919,41,12013.975253
-20267.750918,38,12014.855291
-15930.591222,34,12015.597088
-20783.687621,37,12016.567101
-108714.003795,51,12017.766332
-20628.611353,38,12018.601006
-43734.883317,52,12019.745876
-37423.029789,43,12020.711555
-15602.611773,34,12021.463417
-73181.879879,49,12022.557138
-24281.518669,40,12023.456749
-14614.93129,32,12024.210214
-11254.842379,27,12024.806115
-14250.21187,32,12025.563669
-24523.270165,40,12026.49076
-13097.348225,30,12027.204945
-75226.811425,47,12028.294875
-10969.18299,26,12028.883797
-15189.911324,33,12029.645785
-12895.700774,30,12030.301781
-33612.590529,42,12031.287065
-14038.401403,32,12031.970083
-16084.729519,34,12032.74338
-44875.773446,48,12033.807328
-11037.762099,26,12034.388586
-55404.069465,47,12035.472922
-27226.478459,40,12036.362429
-100517.157652,65,12037.917061
-13981.778462,31,12038.617837
-17066.971088,34,12039.342824
-20903.393247,37,12040.164013
-33145.717324,43,12041.190177
-59005.237571,48,12042.359883
-82458.591066,50,12043.441823
-28219.728205,42,12044.35372
-55322.210275,48,12045.4144
-11978.566291,28,12046.01275
-14598.19362,33,12046.730774
-33549.709251,46,12047.792669
-74179.897363,48,12048.853547
-13667.021345,31,12049.584002
-27097.807932,41,12050.642216
-18578.445038,40,12051.609164
-64292.432228,54,12052.909674
-68859.201559,48,12054.173022
-29118.002369,43,12055.19068
-19874.338782,36,12056.118924
-8201.908351,21,12056.623213
-24176.204071,40,12057.600431
-13527.975509,31,12058.308724
-52848.799426,49,12059.503947
-23098.24917,39,12060.416683
-30764.358182,42,12061.408538
-65044.954333,47,12062.529735
-72392.648243,48,12063.638505
-29407.140911,42,12064.667523
-122515.579619,53,12065.956154
-31613.063926,43,12067.067172
-11447.099875,27,12067.718588
-22604.455892,38,12068.618733
-68764.744882,48,12069.780769
-10858.702193,26,12070.421297
-131889.708052,56,12071.822639
-13107.344876,30,12072.512126
-13741.580718,31,12073.37995
-8000.883514,20,12073.874653
-69728.942844,49,12074.981921
-33983.362049,42,12075.886957
-20061.054074,36,12076.713976
-20261.798808,38,12077.581558
-19352.140352,37,12078.488667
-14148.210158,32,12079.21848
-11374.271714,27,12079.838388
-42059.519725,44,12080.883791
-8001.614073,20,12081.361465
-17839.139351,36,12082.27745
-40351.798245,45,12083.317534
-63600.158902,47,12084.410989
-59204.096122,48,12085.507457
-8000.756073,20,12085.952602
-14265.528466,32,12086.714523
-9911.561702,24,12087.280834
-38316.635358,45,12088.377568
-15545.488804,33,12089.229393
-22171.778846,39,12090.081173
-28193.296016,41,12091.002162
-15027.853437,34,12091.803812
-39307.208221,46,12092.865701
-42981.714015,45,12093.895028
-88249.24112,51,12094.896928
-42395.176585,44,12095.939258
-20904.490139,38,12096.78204
-20273.745068,37,12097.579298
-31112.307279,42,12098.553056
-21390.587207,37,12099.388282
-16533.473509,34,12100.220924
-13299.140334,30,12100.924456
-11482.35117,27,12101.662942
-73037.75625,48,12102.719873
-12537.242249,29,12103.5583
-52927.330885,47,12104.711389
